round,median_norm,mad_norm,tau_drift,tau_static_fallback,fallback_triggered,run_id,seed,partition,attack,candidate
0,0.0547955586420948,0.0024435768502587,0.0674755232757728,0.0653137781181922,False,c4_drift_aware__iid__no_attack__seed42,42,iid,no_attack,c4_drift_aware
1,0.0440755954458821,0.0009838352520768,0.0491808149524341,0.0653137781181922,False,c4_drift_aware__iid__no_attack__seed42,42,iid,no_attack,c4_drift_aware
2,0.0394456624105823,0.0003676801285938,0.0413535913658684,0.0653137781181922,False,c4_drift_aware__iid__no_attack__seed42,42,iid,no_attack,c4_drift_aware
3,0.0387262224986076,0.0011444858970109,0.0446650742667873,0.0653137781181922,False,c4_drift_aware__iid__no_attack__seed42,42,iid,no_attack,c4_drift_aware
4,0.0373481046918008,0.0025579611695769,0.0506216209968525,0.0653137781181922,False,c4_drift_aware__iid__no_attack__seed42,42,iid,no_attack,c4_drift_aware
5,0.0366877084454159,0.0017181884177987,0.0456035599642153,0.0653137781181922,False,c4_drift_aware__iid__no_attack__seed42,42,iid,no_attack,c4_drift_aware
6,0.0333948864796302,0.0007312323405317,0.0371893242178835,0.0653137781181922,False,c4_drift_aware__iid__no_attack__seed42,42,iid,no_attack,c4_drift_aware
7,0.0322686432127225,0.0002401084253368,0.033514589842638,0.0653137781181922,False,c4_drift_aware__iid__no_attack__seed42,42,iid,no_attack,c4_drift_aware
8,0.0316102142710603,0.0004970630047874,0.0341895239092028,0.0653137781181922,False,c4_drift_aware__iid__no_attack__seed42,42,iid,no_attack,c4_drift_aware
9,0.0313502372739159,0.0010013100603791,0.0365461353082296,0.0653137781181922,False,c4_drift_aware__iid__no_attack__seed42,42,iid,no_attack,c4_drift_aware
10,0.0323012433058363,0.000911609279409,0.0370316750176176,0.0653137781181922,False,c4_drift_aware__iid__no_attack__seed42,42,iid,no_attack,c4_drift_aware
11,0.0343527042691334,0.0010021447574986,0.0395529336302699,0.0653137781181922,False,c4_drift_aware__iid__no_attack__seed42,42,iid,no_attack,c4_drift_aware
12,0.0363968740118531,0.0012057508745848,0.0426536358751612,0.0653137781181922,False,c4_drift_aware__iid__no_attack__seed42,42,iid,no_attack,c4_drift_aware
13,0.038315139911827,0.0004140713098076,0.0404637973455498,0.0653137781181922,False,c4_drift_aware__iid__no_attack__seed42,42,iid,no_attack,c4_drift_aware
14,0.0422263864800228,0.0011494514085996,0.0481910047843872,0.0653137781181922,False,c4_drift_aware__iid__no_attack__seed42,42,iid,no_attack,c4_drift_aware
15,0.0460682474720665,0.0002775310070053,0.0475083836205181,0.0653137781181922,False,c4_drift_aware__iid__no_attack__seed42,42,iid,no_attack,c4_drift_aware
16,0.0521751435149793,0.0008996699103939,0.0568436206470043,0.0653137781181922,False,c4_drift_aware__iid__no_attack__seed42,42,iid,no_attack,c4_drift_aware
17,0.0589640979499843,0.0002542827459681,0.0602835965470878,0.0653137781181922,False,c4_drift_aware__iid__no_attack__seed42,42,iid,no_attack,c4_drift_aware
18,0.0673298407211352,0.0013294552751018,0.0742285170891664,0.0653137781181922,False,c4_drift_aware__iid__no_attack__seed42,42,iid,no_attack,c4_drift_aware
19,0.0786160600764094,0.0012513100901861,0.0851092332653945,0.0653137781181922,False,c4_drift_aware__iid__no_attack__seed42,42,iid,no_attack,c4_drift_aware
20,0.0885243754173275,0.0031017612158839,0.1046197245426709,0.0653137781181922,False,c4_drift_aware__iid__no_attack__seed42,42,iid,no_attack,c4_drift_aware
21,0.1076450592649127,0.0026702735706772,0.121501375850514,0.0653137781181922,False,c4_drift_aware__iid__no_attack__seed42,42,iid,no_attack,c4_drift_aware
22,0.1292789141074685,0.0019419412997886,0.1393558417062019,0.0653137781181922,False,c4_drift_aware__iid__no_attack__seed42,42,iid,no_attack,c4_drift_aware
23,0.1455172488228637,0.0032181863024126,0.1622167393647132,0.0653137781181922,False,c4_drift_aware__iid__no_attack__seed42,42,iid,no_attack,c4_drift_aware
24,0.150164957506905,0.0010570243489047,0.1556499625558063,0.0653137781181922,False,c4_drift_aware__iid__no_attack__seed42,42,iid,no_attack,c4_drift_aware
0,0.0547955642416419,0.0024356623808228,0.0674344599019699,0.0653137781181922,False,c4_drift_aware__iid__large_norm__seed42,42,iid,large_norm,c4_drift_aware
1,0.044079523193922,0.0009849592785059,0.0491905753860172,0.0653137781181922,False,c4_drift_aware__iid__large_norm__seed42,42,iid,large_norm,c4_drift_aware
2,0.0394460651056252,0.0003650023914957,0.0413400990153357,0.0653137781181922,False,c4_drift_aware__iid__large_norm__seed42,42,iid,large_norm,c4_drift_aware
3,0.0387344557740493,0.001136416160668,0.0446314328733717,0.0653137781181922,False,c4_drift_aware__iid__large_norm__seed42,42,iid,large_norm,c4_drift_aware
4,0.0373392103931987,0.0025444897561209,0.0505428221866858,0.0653137781181922,False,c4_drift_aware__iid__large_norm__seed42,42,iid,large_norm,c4_drift_aware
5,0.0366925917797285,0.001707744490831,0.0455542487170999,0.0653137781181922,False,c4_drift_aware__iid__large_norm__seed42,42,iid,large_norm,c4_drift_aware
6,0.0334007216210104,0.0007381734234187,0.0372311773324725,0.0653137781181922,False,c4_drift_aware__iid__large_norm__seed42,42,iid,large_norm,c4_drift_aware
7,0.0322564115531224,0.0002442221304592,0.0335237046102884,0.0653137781181922,False,c4_drift_aware__iid__large_norm__seed42,42,iid,large_norm,c4_drift_aware
8,0.0316063017427653,0.0004995451872789,0.0341984916740744,0.0653137781181922,False,c4_drift_aware__iid__large_norm__seed42,42,iid,large_norm,c4_drift_aware
9,0.0313185037773148,0.0009732348082469,0.036368716520789,0.0653137781181922,False,c4_drift_aware__iid__large_norm__seed42,42,iid,large_norm,c4_drift_aware
10,0.0342864212061336,0.0009976410746887,0.0394632805068011,0.0653137781181922,False,c4_drift_aware__iid__large_norm__seed42,42,iid,large_norm,c4_drift_aware
11,0.0349048492487817,0.0006662671189642,0.0383621759557991,0.0653137781181922,False,c4_drift_aware__iid__large_norm__seed42,42,iid,large_norm,c4_drift_aware
12,0.0387359339520963,0.0014961435809343,0.0464995726079227,0.0653137781181922,False,c4_drift_aware__iid__large_norm__seed42,42,iid,large_norm,c4_drift_aware
13,0.041556598291661,0.0011998941415441,0.0477829689815477,0.0653137781181922,False,c4_drift_aware__iid__large_norm__seed42,42,iid,large_norm,c4_drift_aware
14,0.0443117180769874,0.0008810401524882,0.0488835235322644,0.0653137781181922,False,c4_drift_aware__iid__large_norm__seed42,42,iid,large_norm,c4_drift_aware
15,0.0492741912211592,0.0019341285780881,0.0593105778257165,0.0653137781181922,False,c4_drift_aware__iid__large_norm__seed42,42,iid,large_norm,c4_drift_aware
16,0.0556573236234788,0.0014316767084364,0.0630864372312266,0.0653137781181922,False,c4_drift_aware__iid__large_norm__seed42,42,iid,large_norm,c4_drift_aware
17,0.0601422000243213,0.0016237134645211,0.0685678115630682,0.0653137781181922,False,c4_drift_aware__iid__large_norm__seed42,42,iid,large_norm,c4_drift_aware
18,0.0714510246198108,0.0009276769395769,0.0762648330269697,0.0653137781181922,False,c4_drift_aware__iid__large_norm__seed42,42,iid,large_norm,c4_drift_aware
19,0.0812726844270367,0.003435179489888,0.0990981743180151,0.0653137781181922,False,c4_drift_aware__iid__large_norm__seed42,42,iid,large_norm,c4_drift_aware
20,0.0958818954368487,0.0018306507571518,0.1053813252807855,0.0653137781181922,False,c4_drift_aware__iid__large_norm__seed42,42,iid,large_norm,c4_drift_aware
21,0.1154471540556654,0.0042661480778282,0.1375846230463239,0.0653137781181922,False,c4_drift_aware__iid__large_norm__seed42,42,iid,large_norm,c4_drift_aware
22,0.1354665887557029,0.0042819334035748,0.1576859693801929,0.0653137781181922,False,c4_drift_aware__iid__large_norm__seed42,42,iid,large_norm,c4_drift_aware
23,0.1489862241582368,0.0012202548598608,0.1553182486515406,0.0653137781181922,False,c4_drift_aware__iid__large_norm__seed42,42,iid,large_norm,c4_drift_aware
24,0.152517175010125,0.0020620392319491,0.1632173027886326,0.0653137781181922,False,c4_drift_aware__iid__large_norm__seed42,42,iid,large_norm,c4_drift_aware
0,0.0547932126210941,0.0024369139000202,0.067438602539689,0.0653137781181922,False,c4_drift_aware__iid__directional_poisoning__seed42,42,iid,directional_poisoning,c4_drift_aware
1,0.044085059999394,0.0009680015636278,0.049108116913215,0.0653137781181922,False,c4_drift_aware__iid__directional_poisoning__seed42,42,iid,directional_poisoning,c4_drift_aware
2,0.0394434795696391,0.0003654728655275,0.0413399548161484,0.0653137781181922,False,c4_drift_aware__iid__directional_poisoning__seed42,42,iid,directional_poisoning,c4_drift_aware
3,0.0387303138000897,0.00113703610561,0.0446305078557111,0.0653137781181922,False,c4_drift_aware__iid__directional_poisoning__seed42,42,iid,directional_poisoning,c4_drift_aware
4,0.0373423128085397,0.0025474809592504,0.0505614462541861,0.0653137781181922,False,c4_drift_aware__iid__directional_poisoning__seed42,42,iid,directional_poisoning,c4_drift_aware
5,0.0367011411504833,0.0017088252443956,0.0455684062261766,0.0653137781181922,False,c4_drift_aware__iid__directional_poisoning__seed42,42,iid,directional_poisoning,c4_drift_aware
6,0.0333946111126898,0.000819027197314,0.0376446251422719,0.0653137781181922,False,c4_drift_aware__iid__directional_poisoning__seed42,42,iid,directional_poisoning,c4_drift_aware
7,0.0322597046649871,0.0002510568927129,0.0335624639869641,0.0653137781181922,False,c4_drift_aware__iid__directional_poisoning__seed42,42,iid,directional_poisoning,c4_drift_aware
8,0.0316088022453425,0.0004915156749858,0.0341593262344114,0.0653137781181922,False,c4_drift_aware__iid__directional_poisoning__seed42,42,iid,directional_poisoning,c4_drift_aware
9,0.0313251554025746,0.000984770605711,0.03643522855267,0.0653137781181922,False,c4_drift_aware__iid__directional_poisoning__seed42,42,iid,directional_poisoning,c4_drift_aware
10,0.0323055925206408,0.0009242892509458,0.0371018218727238,0.0653137781181922,False,c4_drift_aware__iid__directional_poisoning__seed42,42,iid,directional_poisoning,c4_drift_aware
11,0.034387310783731,0.0008536838661495,0.0388171617335674,0.0653137781181922,False,c4_drift_aware__iid__directional_poisoning__seed42,42,iid,directional_poisoning,c4_drift_aware
12,0.0365074931892067,0.0012210985023132,0.0428438954275603,0.0653137781181922,False,c4_drift_aware__iid__directional_poisoning__seed42,42,iid,directional_poisoning,c4_drift_aware
13,0.0383208727111349,0.0002220441326856,0.0394730819200541,0.0653137781181922,False,c4_drift_aware__iid__directional_poisoning__seed42,42,iid,directional_poisoning,c4_drift_aware
14,0.0426265758248138,0.0015243643252174,0.0505366547447998,0.0653137781181922,False,c4_drift_aware__iid__directional_poisoning__seed42,42,iid,directional_poisoning,c4_drift_aware
15,0.0462385966180877,0.0006547616389078,0.0496362202385444,0.0653137781181922,False,c4_drift_aware__iid__directional_poisoning__seed42,42,iid,directional_poisoning,c4_drift_aware
16,0.0525780741045125,0.0007663994337812,0.056554997406347,0.0653137781181922,False,c4_drift_aware__iid__directional_poisoning__seed42,42,iid,directional_poisoning,c4_drift_aware
17,0.0593796229329151,0.0001128660862219,0.0599652963409294,0.0653137781181922,False,c4_drift_aware__iid__directional_poisoning__seed42,42,iid,directional_poisoning,c4_drift_aware
18,0.0682346606507647,0.0010094388198672,0.0734727396309376,0.0653137781181922,False,c4_drift_aware__iid__directional_poisoning__seed42,42,iid,directional_poisoning,c4_drift_aware
19,0.0798485043189148,0.0012648762404819,0.0864120736183995,0.0653137781181922,False,c4_drift_aware__iid__directional_poisoning__seed42,42,iid,directional_poisoning,c4_drift_aware
20,0.089937957996041,0.0027375231803641,0.1041432395312685,0.0653137781181922,False,c4_drift_aware__iid__directional_poisoning__seed42,42,iid,directional_poisoning,c4_drift_aware
21,0.1096711063130567,0.0027379097365581,0.1238783937270307,0.0653137781181922,False,c4_drift_aware__iid__directional_poisoning__seed42,42,iid,directional_poisoning,c4_drift_aware
22,0.1319458273260526,0.0016219991023629,0.1403625428681242,0.0653137781181922,False,c4_drift_aware__iid__directional_poisoning__seed42,42,iid,directional_poisoning,c4_drift_aware
23,0.1466648370120826,0.0032248683454171,0.1633990013432869,0.0653137781181922,False,c4_drift_aware__iid__directional_poisoning__seed42,42,iid,directional_poisoning,c4_drift_aware
24,0.1496207200549362,0.0015360500837348,0.1575914375444449,0.0653137781181922,False,c4_drift_aware__iid__directional_poisoning__seed42,42,iid,directional_poisoning,c4_drift_aware
0,0.0547955567523962,0.0024436619399557,0.0674759629250206,0.0653137781181922,False,c4_drift_aware__iid__sparse_coordinate_attack__seed42,42,iid,sparse_coordinate_attack,c4_drift_aware
1,0.0440751484574572,0.0009829238714413,0.0491756387187535,0.0653137781181922,False,c4_drift_aware__iid__sparse_coordinate_attack__seed42,42,iid,sparse_coordinate_attack,c4_drift_aware
2,0.0394452052458478,0.0003666735849789,0.0413479111456621,0.0653137781181922,False,c4_drift_aware__iid__sparse_coordinate_attack__seed42,42,iid,sparse_coordinate_attack,c4_drift_aware
3,0.0387397652876319,0.001130147967326,0.0446042161048834,0.0653137781181922,False,c4_drift_aware__iid__sparse_coordinate_attack__seed42,42,iid,sparse_coordinate_attack,c4_drift_aware
4,0.0373586651612316,0.0025574377059801,0.0506294651613332,0.0653137781181922,False,c4_drift_aware__iid__sparse_coordinate_attack__seed42,42,iid,sparse_coordinate_attack,c4_drift_aware
5,0.0366810355235986,0.0017405546870933,0.0457129478503948,0.0653137781181922,False,c4_drift_aware__iid__sparse_coordinate_attack__seed42,42,iid,sparse_coordinate_attack,c4_drift_aware
6,0.033399885574305,0.0007379113154095,0.0372289811810968,0.0653137781181922,False,c4_drift_aware__iid__sparse_coordinate_attack__seed42,42,iid,sparse_coordinate_attack,c4_drift_aware
7,0.0322600799448355,0.0002471063934605,0.0335423397311416,0.0653137781181922,False,c4_drift_aware__iid__sparse_coordinate_attack__seed42,42,iid,sparse_coordinate_attack,c4_drift_aware
8,0.031610618117091,0.0004889088901596,0.0341476152390182,0.0653137781181922,False,c4_drift_aware__iid__sparse_coordinate_attack__seed42,42,iid,sparse_coordinate_attack,c4_drift_aware
9,0.0313244425821228,0.0009778356218669,0.0363985294075527,0.0653137781181922,False,c4_drift_aware__iid__sparse_coordinate_attack__seed42,42,iid,sparse_coordinate_attack,c4_drift_aware
10,0.0320418465144535,0.0010949582799567,0.037723694524977,0.0653137781181922,False,c4_drift_aware__iid__sparse_coordinate_attack__seed42,42,iid,sparse_coordinate_attack,c4_drift_aware
11,0.0350859059783387,0.0001456563268566,0.0358417312240303,0.0653137781181922,False,c4_drift_aware__iid__sparse_coordinate_attack__seed42,42,iid,sparse_coordinate_attack,c4_drift_aware
12,0.038264894127612,0.0010131642470937,0.0435223047222062,0.0653137781181922,False,c4_drift_aware__iid__sparse_coordinate_attack__seed42,42,iid,sparse_coordinate_attack,c4_drift_aware
13,0.0397236420388115,0.0001603927786346,0.0405559362064245,0.0653137781181922,False,c4_drift_aware__iid__sparse_coordinate_attack__seed42,42,iid,sparse_coordinate_attack,c4_drift_aware
14,0.0448684076152532,0.003543765216543,0.0632573597004169,0.0653137781181922,False,c4_drift_aware__iid__sparse_coordinate_attack__seed42,42,iid,sparse_coordinate_attack,c4_drift_aware
15,0.0471998886651267,0.0002082084457445,0.0482803031109395,0.0653137781181922,False,c4_drift_aware__iid__sparse_coordinate_attack__seed42,42,iid,sparse_coordinate_attack,c4_drift_aware
16,0.0535667308027148,0.0013917516781041,0.060788669435565,0.0653137781181922,False,c4_drift_aware__iid__sparse_coordinate_attack__seed42,42,iid,sparse_coordinate_attack,c4_drift_aware
17,0.0623414946320384,0.0036282699032888,0.0811689499871944,0.0653137781181922,False,c4_drift_aware__iid__sparse_coordinate_attack__seed42,42,iid,sparse_coordinate_attack,c4_drift_aware
18,0.0699398202512773,0.0017429837060456,0.0789843370003188,0.0653137781181922,False,c4_drift_aware__iid__sparse_coordinate_attack__seed42,42,iid,sparse_coordinate_attack,c4_drift_aware
19,0.0822117974010967,0.0020960486726488,0.0930884035683391,0.0653137781181922,False,c4_drift_aware__iid__sparse_coordinate_attack__seed42,42,iid,sparse_coordinate_attack,c4_drift_aware
20,0.0988561344140415,0.00811092229622,0.1409445213013569,0.0653137781181922,False,c4_drift_aware__iid__sparse_coordinate_attack__seed42,42,iid,sparse_coordinate_attack,c4_drift_aware
21,0.1148635397438614,0.004962887953458,0.1406164616231507,0.0653137781181922,False,c4_drift_aware__iid__sparse_coordinate_attack__seed42,42,iid,sparse_coordinate_attack,c4_drift_aware
22,0.1323116595310962,0.000265465407791,0.133689186078665,0.0653137781181922,False,c4_drift_aware__iid__sparse_coordinate_attack__seed42,42,iid,sparse_coordinate_attack,c4_drift_aware
23,0.1471074700028306,0.0035852808646028,0.1657118509373411,0.0653137781181922,False,c4_drift_aware__iid__sparse_coordinate_attack__seed42,42,iid,sparse_coordinate_attack,c4_drift_aware
24,0.1510002017646943,0.0019230865968801,0.1609792904245652,0.0653137781181922,False,c4_drift_aware__iid__sparse_coordinate_attack__seed42,42,iid,sparse_coordinate_attack,c4_drift_aware
0,0.6615839999541547,0.0511397950448768,0.9269535104215252,0.5474922308884818,False,c4_drift_aware__dirichlet_a0.1__no_attack__seed42,42,dirichlet_a0.1,no_attack,c4_drift_aware
1,0.4466524373414266,0.0406283891702834,0.6574772115849444,0.5474922308884818,False,c4_drift_aware__dirichlet_a0.1__no_attack__seed42,42,dirichlet_a0.1,no_attack,c4_drift_aware
2,0.3288752625965329,0.0221003511679416,0.443556194842099,0.5474922308884818,False,c4_drift_aware__dirichlet_a0.1__no_attack__seed42,42,dirichlet_a0.1,no_attack,c4_drift_aware
3,0.294074284479192,0.0383956236464917,0.4933130151432026,0.5474922308884818,False,c4_drift_aware__dirichlet_a0.1__no_attack__seed42,42,dirichlet_a0.1,no_attack,c4_drift_aware
4,0.2939205222586394,0.0194605833770455,0.3949034354604667,0.5474922308884818,False,c4_drift_aware__dirichlet_a0.1__no_attack__seed42,42,dirichlet_a0.1,no_attack,c4_drift_aware
5,0.2978855242600349,0.0308040685572291,0.4577309164103528,0.5474922308884818,False,c4_drift_aware__dirichlet_a0.1__no_attack__seed42,42,dirichlet_a0.1,no_attack,c4_drift_aware
6,0.2908094727547555,0.0277329545073903,0.434718546989055,0.5474922308884818,False,c4_drift_aware__dirichlet_a0.1__no_attack__seed42,42,dirichlet_a0.1,no_attack,c4_drift_aware
7,0.2943168645392144,0.0278484718331394,0.4388253697285582,0.5474922308884818,False,c4_drift_aware__dirichlet_a0.1__no_attack__seed42,42,dirichlet_a0.1,no_attack,c4_drift_aware
8,0.2848333224678731,0.0307554606408732,0.4444264832794286,0.5474922308884818,False,c4_drift_aware__dirichlet_a0.1__no_attack__seed42,42,dirichlet_a0.1,no_attack,c4_drift_aware
9,0.2868549256895136,0.0304273445989913,0.4447454595481398,0.5474922308884818,False,c4_drift_aware__dirichlet_a0.1__no_attack__seed42,42,dirichlet_a0.1,no_attack,c4_drift_aware
10,0.2951005761958607,0.0150898339103385,0.3734032333399986,0.5474922308884818,False,c4_drift_aware__dirichlet_a0.1__no_attack__seed42,42,dirichlet_a0.1,no_attack,c4_drift_aware
11,0.2816090513560699,0.0311560141028021,0.4432807241369203,0.5474922308884818,False,c4_drift_aware__dirichlet_a0.1__no_attack__seed42,42,dirichlet_a0.1,no_attack,c4_drift_aware
12,0.2956906380394759,0.016394711827326,0.3807644371826535,0.5474922308884818,False,c4_drift_aware__dirichlet_a0.1__no_attack__seed42,42,dirichlet_a0.1,no_attack,c4_drift_aware
13,0.2902015494863716,0.0162594468521161,0.3745734451466876,0.5474922308884818,False,c4_drift_aware__dirichlet_a0.1__no_attack__seed42,42,dirichlet_a0.1,no_attack,c4_drift_aware
14,0.2972264108537328,0.0107568999641715,0.3530450404578152,0.5474922308884818,False,c4_drift_aware__dirichlet_a0.1__no_attack__seed42,42,dirichlet_a0.1,no_attack,c4_drift_aware
15,0.2936127495270657,0.0237908639020521,0.4170659214012046,0.5474922308884818,False,c4_drift_aware__dirichlet_a0.1__no_attack__seed42,42,dirichlet_a0.1,no_attack,c4_drift_aware
16,0.3043688390748899,0.0096551734027099,0.3544704993788923,0.5474922308884818,False,c4_drift_aware__dirichlet_a0.1__no_attack__seed42,42,dirichlet_a0.1,no_attack,c4_drift_aware
17,0.3048610491226312,0.003828113015128,0.324725510369432,0.5474922308884818,False,c4_drift_aware__dirichlet_a0.1__no_attack__seed42,42,dirichlet_a0.1,no_attack,c4_drift_aware
18,0.2799563287575164,0.0105145085436734,0.3345171650414922,0.5474922308884818,False,c4_drift_aware__dirichlet_a0.1__no_attack__seed42,42,dirichlet_a0.1,no_attack,c4_drift_aware
19,0.2824284488740977,0.0088508772935825,0.328356536238227,0.5474922308884818,False,c4_drift_aware__dirichlet_a0.1__no_attack__seed42,42,dirichlet_a0.1,no_attack,c4_drift_aware
20,0.3013093764262728,0.0638625232829324,0.6326983959937376,0.5474922308884818,False,c4_drift_aware__dirichlet_a0.1__no_attack__seed42,42,dirichlet_a0.1,no_attack,c4_drift_aware
21,0.3232880689136784,0.0176018915958847,0.414626044593884,0.5474922308884818,False,c4_drift_aware__dirichlet_a0.1__no_attack__seed42,42,dirichlet_a0.1,no_attack,c4_drift_aware
22,0.3164424644279045,0.024419489956318,0.4431576397602345,0.5474922308884818,False,c4_drift_aware__dirichlet_a0.1__no_attack__seed42,42,dirichlet_a0.1,no_attack,c4_drift_aware
23,0.333666613788846,0.0251560589446167,0.4642039192583564,0.5474922308884818,False,c4_drift_aware__dirichlet_a0.1__no_attack__seed42,42,dirichlet_a0.1,no_attack,c4_drift_aware
24,0.3172294983108769,0.0267864999895158,0.4562273254064737,0.5474922308884818,False,c4_drift_aware__dirichlet_a0.1__no_attack__seed42,42,dirichlet_a0.1,no_attack,c4_drift_aware
0,0.6615841032358845,0.0511394985887706,0.9269520753628742,0.5474922308884818,False,c4_drift_aware__dirichlet_a0.1__large_norm__seed42,42,dirichlet_a0.1,large_norm,c4_drift_aware
1,0.4466363168813411,0.0405166221248489,0.6568811207493946,0.5474922308884818,False,c4_drift_aware__dirichlet_a0.1__large_norm__seed42,42,dirichlet_a0.1,large_norm,c4_drift_aware
2,0.3288320819074503,0.0223119903761124,0.4446112311681353,0.5474922308884818,False,c4_drift_aware__dirichlet_a0.1__large_norm__seed42,42,dirichlet_a0.1,large_norm,c4_drift_aware
3,0.2939108018499709,0.0385443914649771,0.493921503600884,0.5474922308884818,False,c4_drift_aware__dirichlet_a0.1__large_norm__seed42,42,dirichlet_a0.1,large_norm,c4_drift_aware
4,0.2926047150428674,0.0206156444180731,0.3995813554926909,0.5474922308884818,False,c4_drift_aware__dirichlet_a0.1__large_norm__seed42,42,dirichlet_a0.1,large_norm,c4_drift_aware
5,0.2972115102245073,0.0311888782745012,0.4590537184787219,0.5474922308884818,False,c4_drift_aware__dirichlet_a0.1__large_norm__seed42,42,dirichlet_a0.1,large_norm,c4_drift_aware
6,0.2895642090813043,0.0290030434895603,0.4400639020529818,0.5474922308884818,False,c4_drift_aware__dirichlet_a0.1__large_norm__seed42,42,dirichlet_a0.1,large_norm,c4_drift_aware
7,0.2935006224804854,0.0290176629286939,0.4440761771837712,0.5474922308884818,False,c4_drift_aware__dirichlet_a0.1__large_norm__seed42,42,dirichlet_a0.1,large_norm,c4_drift_aware
8,0.2841793432914194,0.0302038663723054,0.4409102262839495,0.5474922308884818,False,c4_drift_aware__dirichlet_a0.1__large_norm__seed42,42,dirichlet_a0.1,large_norm,c4_drift_aware
9,0.2862945382696714,0.0319245028940306,0.4519539762370858,0.5474922308884818,False,c4_drift_aware__dirichlet_a0.1__large_norm__seed42,42,dirichlet_a0.1,large_norm,c4_drift_aware
10,0.3083660170738658,0.0616720450563954,0.6283884260760076,0.5474922308884818,False,c4_drift_aware__dirichlet_a0.1__large_norm__seed42,42,dirichlet_a0.1,large_norm,c4_drift_aware
11,0.2775397027031177,0.0154190707074017,0.357550802510896,0.5474922308884818,False,c4_drift_aware__dirichlet_a0.1__large_norm__seed42,42,dirichlet_a0.1,large_norm,c4_drift_aware
12,0.2821744409973352,0.0720344832719918,0.6559685781440283,0.5474922308884818,False,c4_drift_aware__dirichlet_a0.1__large_norm__seed42,42,dirichlet_a0.1,large_norm,c4_drift_aware
13,0.2840718230314322,0.0345482592002203,0.4633461948472958,0.5474922308884818,False,c4_drift_aware__dirichlet_a0.1__large_norm__seed42,42,dirichlet_a0.1,large_norm,c4_drift_aware
14,0.2941123252266404,0.0681199190594601,0.6475933972180853,0.5474922308884818,False,c4_drift_aware__dirichlet_a0.1__large_norm__seed42,42,dirichlet_a0.1,large_norm,c4_drift_aware
15,0.2721558932018256,0.0261768600136252,0.4079902374985283,0.5474922308884818,False,c4_drift_aware__dirichlet_a0.1__large_norm__seed42,42,dirichlet_a0.1,large_norm,c4_drift_aware
16,0.2806617914917177,0.053041951265597,0.5559017808040274,0.5474922308884818,False,c4_drift_aware__dirichlet_a0.1__large_norm__seed42,42,dirichlet_a0.1,large_norm,c4_drift_aware
17,0.2863809802458824,0.0190274930080572,0.3851165442139924,0.5474922308884818,False,c4_drift_aware__dirichlet_a0.1__large_norm__seed42,42,dirichlet_a0.1,large_norm,c4_drift_aware
18,0.2825634413394897,0.034561441424962,0.4619062170377601,0.5474922308884818,False,c4_drift_aware__dirichlet_a0.1__large_norm__seed42,42,dirichlet_a0.1,large_norm,c4_drift_aware
19,0.2868703238879281,0.0141032929229917,0.3600537211946248,0.5474922308884818,False,c4_drift_aware__dirichlet_a0.1__large_norm__seed42,42,dirichlet_a0.1,large_norm,c4_drift_aware
20,0.2965206474554062,0.0486690721738941,0.5490693298729602,0.5474922308884818,False,c4_drift_aware__dirichlet_a0.1__large_norm__seed42,42,dirichlet_a0.1,large_norm,c4_drift_aware
21,0.2884380994647216,0.0171131601129956,0.3772399986070676,0.5474922308884818,False,c4_drift_aware__dirichlet_a0.1__large_norm__seed42,42,dirichlet_a0.1,large_norm,c4_drift_aware
22,0.2818066164745687,0.0015273560729455,0.2897322198726903,0.5474922308884818,False,c4_drift_aware__dirichlet_a0.1__large_norm__seed42,42,dirichlet_a0.1,large_norm,c4_drift_aware
23,0.3572637707585956,0.0870739451234894,0.8090991793988946,0.5474922308884818,False,c4_drift_aware__dirichlet_a0.1__large_norm__seed42,42,dirichlet_a0.1,large_norm,c4_drift_aware
24,0.2916349755623604,0.009798343113168,0.3424795578109008,0.5474922308884818,False,c4_drift_aware__dirichlet_a0.1__large_norm__seed42,42,dirichlet_a0.1,large_norm,c4_drift_aware
0,0.661584067717774,0.0511396671203472,0.9269529143719678,0.5474922308884818,False,c4_drift_aware__dirichlet_a0.1__directional_poisoning__seed42,42,dirichlet_a0.1,directional_poisoning,c4_drift_aware
1,0.4466574688797116,0.0405905510986994,0.6572858975859727,0.5474922308884818,False,c4_drift_aware__dirichlet_a0.1__directional_poisoning__seed42,42,dirichlet_a0.1,directional_poisoning,c4_drift_aware
2,0.3286824653379082,0.022472288646936,0.4452934183557241,0.5474922308884818,False,c4_drift_aware__dirichlet_a0.1__directional_poisoning__seed42,42,dirichlet_a0.1,directional_poisoning,c4_drift_aware
3,0.293949384782035,0.0384261967874073,0.4933467625315706,0.5474922308884818,False,c4_drift_aware__dirichlet_a0.1__directional_poisoning__seed42,42,dirichlet_a0.1,directional_poisoning,c4_drift_aware
4,0.2926420115677607,0.0207424786200063,0.4002768073748359,0.5474922308884818,False,c4_drift_aware__dirichlet_a0.1__directional_poisoning__seed42,42,dirichlet_a0.1,directional_poisoning,c4_drift_aware
5,0.2974417972037881,0.0305390006267386,0.4559117253559976,0.5474922308884818,False,c4_drift_aware__dirichlet_a0.1__directional_poisoning__seed42,42,dirichlet_a0.1,directional_poisoning,c4_drift_aware
6,0.2900238078188337,0.0268290224218664,0.4292422880681407,0.5474922308884818,False,c4_drift_aware__dirichlet_a0.1__directional_poisoning__seed42,42,dirichlet_a0.1,directional_poisoning,c4_drift_aware
7,0.2932679675098685,0.0300769647524308,0.4493403453067073,0.5474922308884818,False,c4_drift_aware__dirichlet_a0.1__directional_poisoning__seed42,42,dirichlet_a0.1,directional_poisoning,c4_drift_aware
8,0.2845155657620155,0.0299706840497014,0.4400364423643215,0.5474922308884818,False,c4_drift_aware__dirichlet_a0.1__directional_poisoning__seed42,42,dirichlet_a0.1,directional_poisoning,c4_drift_aware
9,0.287739188367802,0.0309374434869382,0.4482766763658734,0.5474922308884818,False,c4_drift_aware__dirichlet_a0.1__directional_poisoning__seed42,42,dirichlet_a0.1,directional_poisoning,c4_drift_aware
10,0.2934084201919412,0.0168311294755809,0.380746834153678,0.5474922308884818,False,c4_drift_aware__dirichlet_a0.1__directional_poisoning__seed42,42,dirichlet_a0.1,directional_poisoning,c4_drift_aware
11,0.2792624415825239,0.0147376466895335,0.3557375640191823,0.5474922308884818,False,c4_drift_aware__dirichlet_a0.1__directional_poisoning__seed42,42,dirichlet_a0.1,directional_poisoning,c4_drift_aware
12,0.265765188773616,0.0129445142801146,0.332935567824559,0.5474922308884818,False,c4_drift_aware__dirichlet_a0.1__directional_poisoning__seed42,42,dirichlet_a0.1,directional_poisoning,c4_drift_aware
13,0.2768664585124653,0.0195275250365469,0.3781967386796109,0.5474922308884818,False,c4_drift_aware__dirichlet_a0.1__directional_poisoning__seed42,42,dirichlet_a0.1,directional_poisoning,c4_drift_aware
14,0.2695016080791979,0.0094251624715638,0.3184097186603898,0.5474922308884818,False,c4_drift_aware__dirichlet_a0.1__directional_poisoning__seed42,42,dirichlet_a0.1,directional_poisoning,c4_drift_aware
15,0.2676387536781259,0.009507295035659,0.3169730583476641,0.5474922308884818,False,c4_drift_aware__dirichlet_a0.1__directional_poisoning__seed42,42,dirichlet_a0.1,directional_poisoning,c4_drift_aware
16,0.2740241360779025,0.0063620012796243,0.3070371969180011,0.5474922308884818,False,c4_drift_aware__dirichlet_a0.1__directional_poisoning__seed42,42,dirichlet_a0.1,directional_poisoning,c4_drift_aware
17,0.27209358878635,0.0052292481857182,0.2992286805468608,0.5474922308884818,False,c4_drift_aware__dirichlet_a0.1__directional_poisoning__seed42,42,dirichlet_a0.1,directional_poisoning,c4_drift_aware
18,0.2743270426405889,0.0098659441890461,0.3255224136319685,0.5474922308884818,False,c4_drift_aware__dirichlet_a0.1__directional_poisoning__seed42,42,dirichlet_a0.1,directional_poisoning,c4_drift_aware
19,0.2755866235567365,0.0164032138489929,0.3607045405405459,0.5474922308884818,False,c4_drift_aware__dirichlet_a0.1__directional_poisoning__seed42,42,dirichlet_a0.1,directional_poisoning,c4_drift_aware
20,0.2746548301857109,0.0155628915109106,0.3554122305249774,0.5474922308884818,False,c4_drift_aware__dirichlet_a0.1__directional_poisoning__seed42,42,dirichlet_a0.1,directional_poisoning,c4_drift_aware
21,0.2746850257756596,0.0128436789427451,0.3413321601774586,0.5474922308884818,False,c4_drift_aware__dirichlet_a0.1__directional_poisoning__seed42,42,dirichlet_a0.1,directional_poisoning,c4_drift_aware
22,0.277879067465516,0.0127662595806671,0.3441244650555558,0.5474922308884818,False,c4_drift_aware__dirichlet_a0.1__directional_poisoning__seed42,42,dirichlet_a0.1,directional_poisoning,c4_drift_aware
23,0.2894076021717357,0.0166015884235025,0.3755549046601326,0.5474922308884818,False,c4_drift_aware__dirichlet_a0.1__directional_poisoning__seed42,42,dirichlet_a0.1,directional_poisoning,c4_drift_aware
24,0.2861512809850383,0.0021935883988888,0.2975340305457126,0.5474922308884818,False,c4_drift_aware__dirichlet_a0.1__directional_poisoning__seed42,42,dirichlet_a0.1,directional_poisoning,c4_drift_aware
0,0.661584038159305,0.0511395606027498,0.926952332083034,0.5474922308884818,False,c4_drift_aware__dirichlet_a0.1__sparse_coordinate_attack__seed42,42,dirichlet_a0.1,sparse_coordinate_attack,c4_drift_aware
1,0.4466368954142987,0.0404884000044902,0.6567352518775988,0.5474922308884818,False,c4_drift_aware__dirichlet_a0.1__sparse_coordinate_attack__seed42,42,dirichlet_a0.1,sparse_coordinate_attack,c4_drift_aware
2,0.3288113970762353,0.0224464843888116,0.4452884492182181,0.5474922308884818,False,c4_drift_aware__dirichlet_a0.1__sparse_coordinate_attack__seed42,42,dirichlet_a0.1,sparse_coordinate_attack,c4_drift_aware
3,0.293594508580339,0.0387868849937034,0.4948635335011657,0.5474922308884818,False,c4_drift_aware__dirichlet_a0.1__sparse_coordinate_attack__seed42,42,dirichlet_a0.1,sparse_coordinate_attack,c4_drift_aware
4,0.2935534459716684,0.0194826858992923,0.3946510513716864,0.5474922308884818,False,c4_drift_aware__dirichlet_a0.1__sparse_coordinate_attack__seed42,42,dirichlet_a0.1,sparse_coordinate_attack,c4_drift_aware
5,0.2969499175226726,0.0309225211680291,0.4574099721156929,0.5474922308884818,False,c4_drift_aware__dirichlet_a0.1__sparse_coordinate_attack__seed42,42,dirichlet_a0.1,sparse_coordinate_attack,c4_drift_aware
6,0.2899198402746532,0.0284632663896554,0.4376185758972141,0.5474922308884818,False,c4_drift_aware__dirichlet_a0.1__sparse_coordinate_attack__seed42,42,dirichlet_a0.1,sparse_coordinate_attack,c4_drift_aware
7,0.2935647621749898,0.0292116808237,0.4451470951372516,0.5474922308884818,False,c4_drift_aware__dirichlet_a0.1__sparse_coordinate_attack__seed42,42,dirichlet_a0.1,sparse_coordinate_attack,c4_drift_aware
8,0.2844811165701294,0.0298126256804937,0.4391818124887795,0.5474922308884818,False,c4_drift_aware__dirichlet_a0.1__sparse_coordinate_attack__seed42,42,dirichlet_a0.1,sparse_coordinate_attack,c4_drift_aware
9,0.2879587848425075,0.0297481869337324,0.4423251016603385,0.5474922308884818,False,c4_drift_aware__dirichlet_a0.1__sparse_coordinate_attack__seed42,42,dirichlet_a0.1,sparse_coordinate_attack,c4_drift_aware
10,0.2985160357580173,0.0446092138705413,0.5299977074536434,0.5474922308884818,False,c4_drift_aware__dirichlet_a0.1__sparse_coordinate_attack__seed42,42,dirichlet_a0.1,sparse_coordinate_attack,c4_drift_aware
11,0.2783492722941005,0.0199494659202477,0.3818690459008582,0.5474922308884818,False,c4_drift_aware__dirichlet_a0.1__sparse_coordinate_attack__seed42,42,dirichlet_a0.1,sparse_coordinate_attack,c4_drift_aware
12,0.2760169278342167,0.0198223100746908,0.3788768770427951,0.5474922308884818,False,c4_drift_aware__dirichlet_a0.1__sparse_coordinate_attack__seed42,42,dirichlet_a0.1,sparse_coordinate_attack,c4_drift_aware
13,0.2767518337993268,0.0196040912974156,0.3784794239507463,0.5474922308884818,False,c4_drift_aware__dirichlet_a0.1__sparse_coordinate_attack__seed42,42,dirichlet_a0.1,sparse_coordinate_attack,c4_drift_aware
14,0.2757780099868068,0.0075192561103644,0.3147961818690987,0.5474922308884818,False,c4_drift_aware__dirichlet_a0.1__sparse_coordinate_attack__seed42,42,dirichlet_a0.1,sparse_coordinate_attack,c4_drift_aware
15,0.2692051165867546,0.0071977149827672,0.3065547794038323,0.5474922308884818,False,c4_drift_aware__dirichlet_a0.1__sparse_coordinate_attack__seed42,42,dirichlet_a0.1,sparse_coordinate_attack,c4_drift_aware
16,0.2699956993000612,0.0035524165521692,0.2884295440309223,0.5474922308884818,False,c4_drift_aware__dirichlet_a0.1__sparse_coordinate_attack__seed42,42,dirichlet_a0.1,sparse_coordinate_attack,c4_drift_aware
17,0.2768997450740793,0.00436064650191,0.2995275758371406,0.5474922308884818,False,c4_drift_aware__dirichlet_a0.1__sparse_coordinate_attack__seed42,42,dirichlet_a0.1,sparse_coordinate_attack,c4_drift_aware
18,0.2742074469933019,0.0147437401942371,0.3507141892352178,0.5474922308884818,False,c4_drift_aware__dirichlet_a0.1__sparse_coordinate_attack__seed42,42,dirichlet_a0.1,sparse_coordinate_attack,c4_drift_aware
19,0.2739857119297853,0.015503947821971,0.3544372475727754,0.5474922308884818,False,c4_drift_aware__dirichlet_a0.1__sparse_coordinate_attack__seed42,42,dirichlet_a0.1,sparse_coordinate_attack,c4_drift_aware
20,0.2732172490863712,0.0107350007536325,0.3289222414970461,0.5474922308884818,False,c4_drift_aware__dirichlet_a0.1__sparse_coordinate_attack__seed42,42,dirichlet_a0.1,sparse_coordinate_attack,c4_drift_aware
21,0.2772856234453772,0.0144657989843873,0.3523501009552615,0.5474922308884818,False,c4_drift_aware__dirichlet_a0.1__sparse_coordinate_attack__seed42,42,dirichlet_a0.1,sparse_coordinate_attack,c4_drift_aware
22,0.2747888409285231,0.0007791624260111,0.2788319926733374,0.5474922308884818,False,c4_drift_aware__dirichlet_a0.1__sparse_coordinate_attack__seed42,42,dirichlet_a0.1,sparse_coordinate_attack,c4_drift_aware
23,0.2970679841959587,0.0718314860669372,0.6698087485459027,0.5474922308884818,False,c4_drift_aware__dirichlet_a0.1__sparse_coordinate_attack__seed42,42,dirichlet_a0.1,sparse_coordinate_attack,c4_drift_aware
24,0.2874160065578727,0.0114638094240937,0.3469028600404376,0.5474922308884818,False,c4_drift_aware__dirichlet_a0.1__sparse_coordinate_attack__seed42,42,dirichlet_a0.1,sparse_coordinate_attack,c4_drift_aware
0,0.0643877718139515,0.0012744781209797,0.0710011662315273,0.0653137781181922,False,c4_drift_aware__iid__no_attack__seed43,43,iid,no_attack,c4_drift_aware
1,0.0511955652696036,0.0021747530315741,0.0624805762257453,0.0653137781181922,False,c4_drift_aware__iid__no_attack__seed43,43,iid,no_attack,c4_drift_aware
2,0.0436048184754204,0.0020976380220179,0.0544896719354739,0.0653137781181922,False,c4_drift_aware__iid__no_attack__seed43,43,iid,no_attack,c4_drift_aware
3,0.0432185405088007,0.0021567859602555,0.0544103185351629,0.0653137781181922,False,c4_drift_aware__iid__no_attack__seed43,43,iid,no_attack,c4_drift_aware
4,0.0385600989181937,0.0012124784879497,0.0448517710400135,0.0653137781181922,False,c4_drift_aware__iid__no_attack__seed43,43,iid,no_attack,c4_drift_aware
5,0.0422162904604223,0.0006953897484761,0.0458247374042397,0.0653137781181922,False,c4_drift_aware__iid__no_attack__seed43,43,iid,no_attack,c4_drift_aware
6,0.0473995017564124,0.0009965136001664,0.0525705104790363,0.0653137781181922,False,c4_drift_aware__iid__no_attack__seed43,43,iid,no_attack,c4_drift_aware
7,0.0549621231920814,0.0003135818313586,0.0565893306731848,0.0653137781181922,False,c4_drift_aware__iid__no_attack__seed43,43,iid,no_attack,c4_drift_aware
8,0.064416712060737,0.0007369306131466,0.0682407187054164,0.0653137781181922,False,c4_drift_aware__iid__no_attack__seed43,43,iid,no_attack,c4_drift_aware
9,0.075821070216176,0.0009397001008004,0.0806972680092397,0.0653137781181922,False,c4_drift_aware__iid__no_attack__seed43,43,iid,no_attack,c4_drift_aware
10,0.0938093172805183,0.0011227740334719,0.0996355040176078,0.0653137781181922,False,c4_drift_aware__iid__no_attack__seed43,43,iid,no_attack,c4_drift_aware
11,0.1172157472681899,0.0033442289991608,0.1345692859677356,0.0653137781181922,False,c4_drift_aware__iid__no_attack__seed43,43,iid,no_attack,c4_drift_aware
12,0.1427453780548907,0.002419303997601,0.1552993884288421,0.0653137781181922,False,c4_drift_aware__iid__no_attack__seed43,43,iid,no_attack,c4_drift_aware
13,0.159942667478195,0.0027005597722639,0.1739561421924497,0.0653137781181922,False,c4_drift_aware__iid__no_attack__seed43,43,iid,no_attack,c4_drift_aware
14,0.1583800908911148,0.0035833717968448,0.1769745654821227,0.0653137781181922,False,c4_drift_aware__iid__no_attack__seed43,43,iid,no_attack,c4_drift_aware
15,0.1419424621393647,0.0003816277345029,0.1439227666164741,0.0653137781181922,False,c4_drift_aware__iid__no_attack__seed43,43,iid,no_attack,c4_drift_aware
16,0.1302671779630227,0.0018900857758581,0.1400750220625282,0.0653137781181922,False,c4_drift_aware__iid__no_attack__seed43,43,iid,no_attack,c4_drift_aware
17,0.1219964993303983,0.002804082627308,0.1365471644917626,0.0653137781181922,False,c4_drift_aware__iid__no_attack__seed43,43,iid,no_attack,c4_drift_aware
18,0.1224517284323903,0.0016463192909453,0.1309946438650347,0.0653137781181922,False,c4_drift_aware__iid__no_attack__seed43,43,iid,no_attack,c4_drift_aware
19,0.1292117119860966,0.0016629101958071,0.1378407192831594,0.0653137781181922,False,c4_drift_aware__iid__no_attack__seed43,43,iid,no_attack,c4_drift_aware
20,0.1350886572464116,0.004397753726211,0.1579090411070934,0.0653137781181922,False,c4_drift_aware__iid__no_attack__seed43,43,iid,no_attack,c4_drift_aware
21,0.1332264703891897,0.0011994051907663,0.1394503038645953,0.0653137781181922,False,c4_drift_aware__iid__no_attack__seed43,43,iid,no_attack,c4_drift_aware
22,0.1187803848185144,0.0029197291162733,0.1339311511757682,0.0653137781181922,False,c4_drift_aware__iid__no_attack__seed43,43,iid,no_attack,c4_drift_aware
23,0.1065264068344157,0.0020266922722266,0.1170431157042269,0.0653137781181922,False,c4_drift_aware__iid__no_attack__seed43,43,iid,no_attack,c4_drift_aware
24,0.0964919632219147,0.0029483138992114,0.1117910588763129,0.0653137781181922,False,c4_drift_aware__iid__no_attack__seed43,43,iid,no_attack,c4_drift_aware
0,0.0643877633647628,0.0012659100187757,0.0709566970431919,0.0653137781181922,False,c4_drift_aware__iid__large_norm__seed43,43,iid,large_norm,c4_drift_aware
1,0.0511852734632492,0.0021631587534091,0.0624101205505646,0.0653137781181922,False,c4_drift_aware__iid__large_norm__seed43,43,iid,large_norm,c4_drift_aware
2,0.0436033739324936,0.0020983384499605,0.0544918619831841,0.0653137781181922,False,c4_drift_aware__iid__large_norm__seed43,43,iid,large_norm,c4_drift_aware
3,0.0432088036654864,0.002178417450975,0.0545128296603412,0.0653137781181922,False,c4_drift_aware__iid__large_norm__seed43,43,iid,large_norm,c4_drift_aware
4,0.0385575765338804,0.001201605287717,0.044792826532373,0.0653137781181922,False,c4_drift_aware__iid__large_norm__seed43,43,iid,large_norm,c4_drift_aware
5,0.0422207029922565,0.0006953765109283,0.045829081245115,0.0653137781181922,False,c4_drift_aware__iid__large_norm__seed43,43,iid,large_norm,c4_drift_aware
6,0.0474065635156467,0.0009900215563709,0.0525438843738112,0.0653137781181922,False,c4_drift_aware__iid__large_norm__seed43,43,iid,large_norm,c4_drift_aware
7,0.054967298743243,0.0003128889060171,0.0565909105654566,0.0653137781181922,False,c4_drift_aware__iid__large_norm__seed43,43,iid,large_norm,c4_drift_aware
8,0.0644197806850055,0.0007346778553019,0.0682320975439526,0.0653137781181922,False,c4_drift_aware__iid__large_norm__seed43,43,iid,large_norm,c4_drift_aware
9,0.0758453011876385,0.0009477512316449,0.0807632771037674,0.0653137781181922,False,c4_drift_aware__iid__large_norm__seed43,43,iid,large_norm,c4_drift_aware
10,0.0931229885406165,0.0013571475486294,0.1001653628852094,0.0653137781181922,False,c4_drift_aware__iid__large_norm__seed43,43,iid,large_norm,c4_drift_aware
11,0.1155459358518166,0.00152367793678,0.123452453033562,0.0653137781181922,False,c4_drift_aware__iid__large_norm__seed43,43,iid,large_norm,c4_drift_aware
12,0.1456385642058871,0.0044172849998116,0.1685602977984099,0.0653137781181922,False,c4_drift_aware__iid__large_norm__seed43,43,iid,large_norm,c4_drift_aware
13,0.1607279443862829,0.002862238640272,0.1755803869145185,0.0653137781181922,False,c4_drift_aware__iid__large_norm__seed43,43,iid,large_norm,c4_drift_aware
14,0.1585074498422584,0.0015199241999704,0.1663944885083249,0.0653137781181922,False,c4_drift_aware__iid__large_norm__seed43,43,iid,large_norm,c4_drift_aware
15,0.1452862182984219,0.0017248574504399,0.1542366760944996,0.0653137781181922,False,c4_drift_aware__iid__large_norm__seed43,43,iid,large_norm,c4_drift_aware
16,0.1276892984763721,0.0024976259597191,0.1406497293439505,0.0653137781181922,False,c4_drift_aware__iid__large_norm__seed43,43,iid,large_norm,c4_drift_aware
17,0.119268379181374,0.0013722063562904,0.1263888951848008,0.0653137781181922,False,c4_drift_aware__iid__large_norm__seed43,43,iid,large_norm,c4_drift_aware
18,0.1258018134175939,0.004003694272492,0.1465773833669824,0.0653137781181922,False,c4_drift_aware__iid__large_norm__seed43,43,iid,large_norm,c4_drift_aware
19,0.1290048872652193,0.0044077639936954,0.1518772154049041,0.0653137781181922,False,c4_drift_aware__iid__large_norm__seed43,43,iid,large_norm,c4_drift_aware
20,0.1324637798525392,0.0007124202927536,0.1361605999936672,0.0653137781181922,False,c4_drift_aware__iid__large_norm__seed43,43,iid,large_norm,c4_drift_aware
21,0.1303913734943768,0.0037557710663611,0.1498804451348313,0.0653137781181922,False,c4_drift_aware__iid__large_norm__seed43,43,iid,large_norm,c4_drift_aware
22,0.1215762136100749,0.0030913333632498,0.1376174515653145,0.0653137781181922,False,c4_drift_aware__iid__large_norm__seed43,43,iid,large_norm,c4_drift_aware
23,0.1135843547797096,0.0042176974980371,0.1354704088667743,0.0653137781181922,False,c4_drift_aware__iid__large_norm__seed43,43,iid,large_norm,c4_drift_aware
24,0.0985295490864716,0.0023722436760577,0.1108393587459027,0.0653137781181922,False,c4_drift_aware__iid__large_norm__seed43,43,iid,large_norm,c4_drift_aware
0,0.0643877658280599,0.0012742976107168,0.0710002235598306,0.0653137781181922,False,c4_drift_aware__iid__directional_poisoning__seed43,43,iid,directional_poisoning,c4_drift_aware
1,0.0511741111134094,0.002166660727295,0.0624171302934162,0.0653137781181922,False,c4_drift_aware__iid__directional_poisoning__seed43,43,iid,directional_poisoning,c4_drift_aware
2,0.0436059779721179,0.00209546260808,0.0544795429917059,0.0653137781181922,False,c4_drift_aware__iid__directional_poisoning__seed43,43,iid,directional_poisoning,c4_drift_aware
3,0.0432141993541549,0.002142457242753,0.0543316242325245,0.0653137781181922,False,c4_drift_aware__iid__directional_poisoning__seed43,43,iid,directional_poisoning,c4_drift_aware
4,0.0385630454412072,0.0012030349466018,0.0448057140826189,0.0653137781181922,False,c4_drift_aware__iid__directional_poisoning__seed43,43,iid,directional_poisoning,c4_drift_aware
5,0.0422088819186682,0.0006903971957331,0.0457914220070469,0.0653137781181922,False,c4_drift_aware__iid__directional_poisoning__seed43,43,iid,directional_poisoning,c4_drift_aware
6,0.0473916889164385,0.0010042503321877,0.0526028443151939,0.0653137781181922,False,c4_drift_aware__iid__directional_poisoning__seed43,43,iid,directional_poisoning,c4_drift_aware
7,0.0549637269491221,0.0003155029657124,0.0566009033885006,0.0653137781181922,False,c4_drift_aware__iid__directional_poisoning__seed43,43,iid,directional_poisoning,c4_drift_aware
8,0.0644132131558239,0.0007458476019583,0.0682834909471458,0.0653137781181922,False,c4_drift_aware__iid__directional_poisoning__seed43,43,iid,directional_poisoning,c4_drift_aware
9,0.0758240055209627,0.0009460747168339,0.0807332818340856,0.0653137781181922,False,c4_drift_aware__iid__directional_poisoning__seed43,43,iid,directional_poisoning,c4_drift_aware
10,0.0938363164492578,0.0011608251729289,0.0998599543541036,0.0653137781181922,False,c4_drift_aware__iid__directional_poisoning__seed43,43,iid,directional_poisoning,c4_drift_aware
11,0.1173075341433115,0.0033356055455447,0.134616324879698,0.0653137781181922,False,c4_drift_aware__iid__directional_poisoning__seed43,43,iid,directional_poisoning,c4_drift_aware
12,0.1429920359274207,0.0023327054436373,0.1550966777449994,0.0653137781181922,False,c4_drift_aware__iid__directional_poisoning__seed43,43,iid,directional_poisoning,c4_drift_aware
13,0.1599112028042948,0.0026797719242639,0.1738168072964927,0.0653137781181922,False,c4_drift_aware__iid__directional_poisoning__seed43,43,iid,directional_poisoning,c4_drift_aware
14,0.1576342409355962,0.0039530356606126,0.1781469382820811,0.0653137781181922,False,c4_drift_aware__iid__directional_poisoning__seed43,43,iid,directional_poisoning,c4_drift_aware
15,0.1409743590356161,0.000657260797507,0.14438495103996,0.0653137781181922,False,c4_drift_aware__iid__directional_poisoning__seed43,43,iid,directional_poisoning,c4_drift_aware
16,0.1303740980448607,0.0017940556703135,0.139683632323685,0.0653137781181922,False,c4_drift_aware__iid__directional_poisoning__seed43,43,iid,directional_poisoning,c4_drift_aware
17,0.1226281640497951,0.0020468832107491,0.1332496457186936,0.0653137781181922,False,c4_drift_aware__iid__directional_poisoning__seed43,43,iid,directional_poisoning,c4_drift_aware
18,0.1217994725995096,0.0016493272738176,0.1303579967560771,0.0653137781181922,False,c4_drift_aware__iid__directional_poisoning__seed43,43,iid,directional_poisoning,c4_drift_aware
19,0.1287994492938768,0.0018863026076978,0.1385876621554816,0.0653137781181922,False,c4_drift_aware__iid__directional_poisoning__seed43,43,iid,directional_poisoning,c4_drift_aware
20,0.1344260799485141,0.0049460118483783,0.1600914300309343,0.0653137781181922,False,c4_drift_aware__iid__directional_poisoning__seed43,43,iid,directional_poisoning,c4_drift_aware
21,0.1324867483323127,0.0039589271060739,0.1530300169784408,0.0653137781181922,False,c4_drift_aware__iid__directional_poisoning__seed43,43,iid,directional_poisoning,c4_drift_aware
22,0.1199887080275158,0.0046970664856482,0.144362255728193,0.0653137781181922,False,c4_drift_aware__iid__directional_poisoning__seed43,43,iid,directional_poisoning,c4_drift_aware
23,0.1072676441971647,0.0025972211503967,0.1207448844686886,0.0653137781181922,False,c4_drift_aware__iid__directional_poisoning__seed43,43,iid,directional_poisoning,c4_drift_aware
24,0.0968401962759145,0.0029816991588996,0.1123125313813608,0.0653137781181922,False,c4_drift_aware__iid__directional_poisoning__seed43,43,iid,directional_poisoning,c4_drift_aware
0,0.0643863561991428,0.0012663667832474,0.0709576600740922,0.0653137781181922,False,c4_drift_aware__iid__sparse_coordinate_attack__seed43,43,iid,sparse_coordinate_attack,c4_drift_aware
1,0.051167860900702,0.0021588820118414,0.0623705155483483,0.0653137781181922,False,c4_drift_aware__iid__sparse_coordinate_attack__seed43,43,iid,sparse_coordinate_attack,c4_drift_aware
2,0.0436112304079062,0.0020954560297781,0.0544847612920279,0.0653137781181922,False,c4_drift_aware__iid__sparse_coordinate_attack__seed43,43,iid,sparse_coordinate_attack,c4_drift_aware
3,0.0432294999259268,0.002115612814557,0.0542076263819447,0.0653137781181922,False,c4_drift_aware__iid__sparse_coordinate_attack__seed43,43,iid,sparse_coordinate_attack,c4_drift_aware
4,0.038565182915368,0.0012053808592355,0.0448200247320271,0.0653137781181922,False,c4_drift_aware__iid__sparse_coordinate_attack__seed43,43,iid,sparse_coordinate_attack,c4_drift_aware
5,0.0422063008773033,0.0006875111446202,0.0457738649578522,0.0653137781181922,False,c4_drift_aware__iid__sparse_coordinate_attack__seed43,43,iid,sparse_coordinate_attack,c4_drift_aware
6,0.0473971558320822,0.0010026159460361,0.0525998302376583,0.0653137781181922,False,c4_drift_aware__iid__sparse_coordinate_attack__seed43,43,iid,sparse_coordinate_attack,c4_drift_aware
7,0.0549604326896885,0.0003109407031164,0.0565739350922299,0.0653137781181922,False,c4_drift_aware__iid__sparse_coordinate_attack__seed43,43,iid,sparse_coordinate_attack,c4_drift_aware
8,0.064416896470756,0.0007502020445467,0.0683097699001134,0.0653137781181922,False,c4_drift_aware__iid__sparse_coordinate_attack__seed43,43,iid,sparse_coordinate_attack,c4_drift_aware
9,0.0758395062996181,0.0008975979173131,0.0804972316523478,0.0653137781181922,False,c4_drift_aware__iid__sparse_coordinate_attack__seed43,43,iid,sparse_coordinate_attack,c4_drift_aware
10,0.0943715177388734,0.0018737638360444,0.1040946656604915,0.0653137781181922,False,c4_drift_aware__iid__sparse_coordinate_attack__seed43,43,iid,sparse_coordinate_attack,c4_drift_aware
11,0.1167126873813781,0.001612148790953,0.1250782886725127,0.0653137781181922,False,c4_drift_aware__iid__sparse_coordinate_attack__seed43,43,iid,sparse_coordinate_attack,c4_drift_aware
12,0.1418134371882958,0.0008010846777113,0.1459703456894077,0.0653137781181922,False,c4_drift_aware__iid__sparse_coordinate_attack__seed43,43,iid,sparse_coordinate_attack,c4_drift_aware
13,0.1604372486710166,0.0027112374376625,0.1745061308587912,0.0653137781181922,False,c4_drift_aware__iid__sparse_coordinate_attack__seed43,43,iid,sparse_coordinate_attack,c4_drift_aware
14,0.1567041738554919,0.0038696514245531,0.1767841820626405,0.0653137781181922,False,c4_drift_aware__iid__sparse_coordinate_attack__seed43,43,iid,sparse_coordinate_attack,c4_drift_aware
15,0.1444497180863553,0.0037567252950084,0.1639437413146837,0.0653137781181922,False,c4_drift_aware__iid__sparse_coordinate_attack__seed43,43,iid,sparse_coordinate_attack,c4_drift_aware
16,0.1305431345212151,0.0057561527689596,0.1604123868546234,0.0653137781181922,False,c4_drift_aware__iid__sparse_coordinate_attack__seed43,43,iid,sparse_coordinate_attack,c4_drift_aware
17,0.1209657687838701,0.0044988045573298,0.1443105155123102,0.0653137781181922,False,c4_drift_aware__iid__sparse_coordinate_attack__seed43,43,iid,sparse_coordinate_attack,c4_drift_aware
18,0.1236624940584707,0.0035404881623021,0.1420344411814727,0.0653137781181922,False,c4_drift_aware__iid__sparse_coordinate_attack__seed43,43,iid,sparse_coordinate_attack,c4_drift_aware
19,0.1292711976543291,0.0037355129809664,0.1486551480638619,0.0653137781181922,False,c4_drift_aware__iid__sparse_coordinate_attack__seed43,43,iid,sparse_coordinate_attack,c4_drift_aware
20,0.1314749477510986,0.0061367127220812,0.1633189637372504,0.0653137781181922,False,c4_drift_aware__iid__sparse_coordinate_attack__seed43,43,iid,sparse_coordinate_attack,c4_drift_aware
21,0.1299318698163965,0.0036505483370201,0.1488749301920275,0.0653137781181922,False,c4_drift_aware__iid__sparse_coordinate_attack__seed43,43,iid,sparse_coordinate_attack,c4_drift_aware
22,0.1217668997718843,0.0015527629021703,0.1298243417475362,0.0653137781181922,False,c4_drift_aware__iid__sparse_coordinate_attack__seed43,43,iid,sparse_coordinate_attack,c4_drift_aware
23,0.1120098642706822,0.0054666808023535,0.1403770176221751,0.0653137781181922,False,c4_drift_aware__iid__sparse_coordinate_attack__seed43,43,iid,sparse_coordinate_attack,c4_drift_aware
24,0.0988460334743992,0.0021845718068512,0.110181995037331,0.0653137781181922,False,c4_drift_aware__iid__sparse_coordinate_attack__seed43,43,iid,sparse_coordinate_attack,c4_drift_aware
0,0.0806748839796062,0.0065022026460337,0.1144154637301398,0.0653137781181922,False,c4_drift_aware__iid__no_attack__seed44,44,iid,no_attack,c4_drift_aware
1,0.0494185812210857,0.0029084747421404,0.0645109475055267,0.0653137781181922,False,c4_drift_aware__iid__no_attack__seed44,44,iid,no_attack,c4_drift_aware
2,0.0361638771498936,0.0007028623575133,0.0398111002092661,0.0653137781181922,False,c4_drift_aware__iid__no_attack__seed44,44,iid,no_attack,c4_drift_aware
3,0.0342708805919287,0.0005937386152938,0.03735184964055,0.0653137781181922,False,c4_drift_aware__iid__no_attack__seed44,44,iid,no_attack,c4_drift_aware
4,0.0363256763946507,0.0011557145799346,0.0423227949213895,0.0653137781181922,False,c4_drift_aware__iid__no_attack__seed44,44,iid,no_attack,c4_drift_aware
5,0.0367494677285459,0.0013265972214726,0.0436333133704898,0.0653137781181922,False,c4_drift_aware__iid__no_attack__seed44,44,iid,no_attack,c4_drift_aware
6,0.040063853735046,0.0001796356477691,0.0409960010748851,0.0653137781181922,False,c4_drift_aware__iid__no_attack__seed44,44,iid,no_attack,c4_drift_aware
7,0.0425160942273432,0.0007145974771086,0.0462242119958075,0.0653137781181922,False,c4_drift_aware__iid__no_attack__seed44,44,iid,no_attack,c4_drift_aware
8,0.0487162433992287,0.0014601872937512,0.056293301285233,0.0653137781181922,False,c4_drift_aware__iid__no_attack__seed44,44,iid,no_attack,c4_drift_aware
9,0.0543709539930177,0.0009768778196487,0.0594400706869569,0.0653137781181922,False,c4_drift_aware__iid__no_attack__seed44,44,iid,no_attack,c4_drift_aware
10,0.0646489077995963,0.00157492747147,0.0728213639418017,0.0653137781181922,False,c4_drift_aware__iid__no_attack__seed44,44,iid,no_attack,c4_drift_aware
11,0.0767299242846963,0.0034027242064992,0.0943870004646414,0.0653137781181922,False,c4_drift_aware__iid__no_attack__seed44,44,iid,no_attack,c4_drift_aware
12,0.0961213731364028,0.0008104912577075,0.1003270933217728,0.0653137781181922,False,c4_drift_aware__iid__no_attack__seed44,44,iid,no_attack,c4_drift_aware
13,0.1136321728454496,0.0016013143917175,0.1219415533555111,0.0653137781181922,False,c4_drift_aware__iid__no_attack__seed44,44,iid,no_attack,c4_drift_aware
14,0.1346318152492479,0.0011198231030257,0.1404426893131589,0.0653137781181922,False,c4_drift_aware__iid__no_attack__seed44,44,iid,no_attack,c4_drift_aware
15,0.1535182363581576,0.0045988111726531,0.1773819274141722,0.0653137781181922,False,c4_drift_aware__iid__no_attack__seed44,44,iid,no_attack,c4_drift_aware
16,0.1535303522713748,0.0035888076849168,0.1721530342291766,0.0653137781181922,False,c4_drift_aware__iid__no_attack__seed44,44,iid,no_attack,c4_drift_aware
17,0.1428397500031653,0.0021415700959061,0.153952571387832,0.0653137781181922,False,c4_drift_aware__iid__no_attack__seed44,44,iid,no_attack,c4_drift_aware
18,0.1283278341453644,0.0005879578132355,0.131378806034025,0.0653137781181922,False,c4_drift_aware__iid__no_attack__seed44,44,iid,no_attack,c4_drift_aware
19,0.121609624567556,0.002153156447205,0.132782568687748,0.0653137781181922,False,c4_drift_aware__iid__no_attack__seed44,44,iid,no_attack,c4_drift_aware
20,0.1191595857245988,0.0015318272790304,0.1271083906582158,0.0653137781181922,False,c4_drift_aware__iid__no_attack__seed44,44,iid,no_attack,c4_drift_aware
21,0.1213174539515978,0.001969260638266,0.1315361443296243,0.0653137781181922,False,c4_drift_aware__iid__no_attack__seed44,44,iid,no_attack,c4_drift_aware
22,0.1276583235438197,0.0022951975335493,0.1395683330651605,0.0653137781181922,False,c4_drift_aware__iid__no_attack__seed44,44,iid,no_attack,c4_drift_aware
23,0.1286205435292539,0.0032047916476571,0.1452505278681116,0.0653137781181922,False,c4_drift_aware__iid__no_attack__seed44,44,iid,no_attack,c4_drift_aware
24,0.123740815716767,0.000128925928737,0.1244098252535765,0.0653137781181922,False,c4_drift_aware__iid__no_attack__seed44,44,iid,no_attack,c4_drift_aware
0,0.0806748181891559,0.0064886985700898,0.1143453239392089,0.0653137781181922,False,c4_drift_aware__iid__large_norm__seed44,44,iid,large_norm,c4_drift_aware
1,0.0494188160378115,0.0028961412507713,0.0644471826021889,0.0653137781181922,False,c4_drift_aware__iid__large_norm__seed44,44,iid,large_norm,c4_drift_aware
2,0.0362229016539753,0.0007344403047758,0.0400339858394879,0.0653137781181922,False,c4_drift_aware__iid__large_norm__seed44,44,iid,large_norm,c4_drift_aware
3,0.0342704275468871,0.0006047125112448,0.0374083412389875,0.0653137781181922,False,c4_drift_aware__iid__large_norm__seed44,44,iid,large_norm,c4_drift_aware
4,0.0363561312545274,0.0011708484579762,0.0424317809878117,0.0653137781181922,False,c4_drift_aware__iid__large_norm__seed44,44,iid,large_norm,c4_drift_aware
5,0.0367855108486426,0.001338334305613,0.0437302613938994,0.0653137781181922,False,c4_drift_aware__iid__large_norm__seed44,44,iid,large_norm,c4_drift_aware
6,0.0400597603096821,0.0001787482091424,0.040987302641743,0.0653137781181922,False,c4_drift_aware__iid__large_norm__seed44,44,iid,large_norm,c4_drift_aware
7,0.0425426411743288,0.0007406019327065,0.0463856986633364,0.0653137781181922,False,c4_drift_aware__iid__large_norm__seed44,44,iid,large_norm,c4_drift_aware
8,0.0486892000838246,0.0014092881189511,0.0560021370618739,0.0653137781181922,False,c4_drift_aware__iid__large_norm__seed44,44,iid,large_norm,c4_drift_aware
9,0.0543728460354946,0.0009760290764119,0.059437558515904,0.0653137781181922,False,c4_drift_aware__iid__large_norm__seed44,44,iid,large_norm,c4_drift_aware
10,0.0655399643029355,0.0029338217804444,0.0807638589038397,0.0653137781181922,False,c4_drift_aware__iid__large_norm__seed44,44,iid,large_norm,c4_drift_aware
11,0.0763202721222838,0.0001928904027204,0.0773211997110405,0.0653137781181922,False,c4_drift_aware__iid__large_norm__seed44,44,iid,large_norm,c4_drift_aware
12,0.0952709874738222,0.0035648543092553,0.1137693729699792,0.0653137781181922,False,c4_drift_aware__iid__large_norm__seed44,44,iid,large_norm,c4_drift_aware
13,0.1144586625368138,0.000868863627309,0.1189672827852834,0.0653137781181922,False,c4_drift_aware__iid__large_norm__seed44,44,iid,large_norm,c4_drift_aware
14,0.1354730214488461,0.0040529374522994,0.1565041191825732,0.0653137781181922,False,c4_drift_aware__iid__large_norm__seed44,44,iid,large_norm,c4_drift_aware
15,0.152564664407472,0.0031291457085335,0.1688021144036237,0.0653137781181922,False,c4_drift_aware__iid__large_norm__seed44,44,iid,large_norm,c4_drift_aware
16,0.1556383159432269,0.0046787846065759,0.17991699714521,0.0653137781181922,False,c4_drift_aware__iid__large_norm__seed44,44,iid,large_norm,c4_drift_aware
17,0.141693786157102,0.0031112922315357,0.1578385926757642,0.0653137781181922,False,c4_drift_aware__iid__large_norm__seed44,44,iid,large_norm,c4_drift_aware
18,0.1305202162793661,0.0054168552166448,0.1586288196840581,0.0653137781181922,False,c4_drift_aware__iid__large_norm__seed44,44,iid,large_norm,c4_drift_aware
19,0.1262990896978696,0.001901004670766,0.1361635930349419,0.0653137781181922,False,c4_drift_aware__iid__large_norm__seed44,44,iid,large_norm,c4_drift_aware
20,0.120514112691057,0.0038981677473148,0.1407420949486486,0.0653137781181922,False,c4_drift_aware__iid__large_norm__seed44,44,iid,large_norm,c4_drift_aware
21,0.1229576635249792,0.0030150809167527,0.138603219910101,0.0653137781181922,False,c4_drift_aware__iid__large_norm__seed44,44,iid,large_norm,c4_drift_aware
22,0.127292925906607,0.0011893986401675,0.1334648343903002,0.0653137781181922,False,c4_drift_aware__iid__large_norm__seed44,44,iid,large_norm,c4_drift_aware
23,0.1318063756554421,0.0089943374491648,0.1784788921129036,0.0653137781181922,False,c4_drift_aware__iid__large_norm__seed44,44,iid,large_norm,c4_drift_aware
24,0.121272910094285,0.000885057890239,0.1258655639925245,0.0653137781181922,False,c4_drift_aware__iid__large_norm__seed44,44,iid,large_norm,c4_drift_aware
0,0.0806734489144581,0.0064872794166006,0.1143365905351403,0.0653137781181922,False,c4_drift_aware__iid__directional_poisoning__seed44,44,iid,directional_poisoning,c4_drift_aware
1,0.0494519189106447,0.0029396196483798,0.0647058992280526,0.0653137781181922,False,c4_drift_aware__iid__directional_poisoning__seed44,44,iid,directional_poisoning,c4_drift_aware
2,0.0362008840110271,0.0007327762491368,0.0400033332454234,0.0653137781181922,False,c4_drift_aware__iid__directional_poisoning__seed44,44,iid,directional_poisoning,c4_drift_aware
3,0.0342820356742946,0.0005708207223807,0.0372440814848006,0.0653137781181922,False,c4_drift_aware__iid__directional_poisoning__seed44,44,iid,directional_poisoning,c4_drift_aware
4,0.0363247041453659,0.0011540573670483,0.0423132232287164,0.0653137781181922,False,c4_drift_aware__iid__directional_poisoning__seed44,44,iid,directional_poisoning,c4_drift_aware
5,0.0367458147416069,0.0013090535309965,0.043538624419301,0.0653137781181922,False,c4_drift_aware__iid__directional_poisoning__seed44,44,iid,directional_poisoning,c4_drift_aware
6,0.0400597385346271,0.0001752086400367,0.0409689136886416,0.0653137781181922,False,c4_drift_aware__iid__directional_poisoning__seed44,44,iid,directional_poisoning,c4_drift_aware
7,0.0425466705919203,0.0007365886599476,0.0463689028072546,0.0653137781181922,False,c4_drift_aware__iid__directional_poisoning__seed44,44,iid,directional_poisoning,c4_drift_aware
8,0.0486818695146021,0.0014115309463151,0.0560064447481262,0.0653137781181922,False,c4_drift_aware__iid__directional_poisoning__seed44,44,iid,directional_poisoning,c4_drift_aware
9,0.0543790664420912,0.0009465117074655,0.0592906103433006,0.0653137781181922,False,c4_drift_aware__iid__directional_poisoning__seed44,44,iid,directional_poisoning,c4_drift_aware
10,0.0646613405458187,0.0015777326380388,0.072848352977866,0.0653137781181922,False,c4_drift_aware__iid__directional_poisoning__seed44,44,iid,directional_poisoning,c4_drift_aware
11,0.0766620660842227,0.0036720652710036,0.0957167799819879,0.0653137781181922,False,c4_drift_aware__iid__directional_poisoning__seed44,44,iid,directional_poisoning,c4_drift_aware
12,0.0958693187366679,0.0008997990002694,0.1005384657289659,0.0653137781181922,False,c4_drift_aware__iid__directional_poisoning__seed44,44,iid,directional_poisoning,c4_drift_aware
13,0.1134396692027384,0.0016071459576265,0.1217793102914585,0.0653137781181922,False,c4_drift_aware__iid__directional_poisoning__seed44,44,iid,directional_poisoning,c4_drift_aware
14,0.1340331590544389,0.0009791819498536,0.1391142321104244,0.0653137781181922,False,c4_drift_aware__iid__directional_poisoning__seed44,44,iid,directional_poisoning,c4_drift_aware
15,0.1533232827768888,0.0045629454390184,0.1770008629544993,0.0653137781181922,False,c4_drift_aware__iid__directional_poisoning__seed44,44,iid,directional_poisoning,c4_drift_aware
16,0.1540031236526891,0.0037132373493562,0.1732714835822337,0.0653137781181922,False,c4_drift_aware__iid__directional_poisoning__seed44,44,iid,directional_poisoning,c4_drift_aware
17,0.1437896451878183,0.0022025380548107,0.1552188354080369,0.0653137781181922,False,c4_drift_aware__iid__directional_poisoning__seed44,44,iid,directional_poisoning,c4_drift_aware
18,0.1292905460822624,9.035051879338618e-05,0.1297593839593331,0.0653137781181922,False,c4_drift_aware__iid__directional_poisoning__seed44,44,iid,directional_poisoning,c4_drift_aware
19,0.1222265209618233,0.0020180442583004,0.1326983544225702,0.0653137781181922,False,c4_drift_aware__iid__directional_poisoning__seed44,44,iid,directional_poisoning,c4_drift_aware
20,0.1195411554180035,0.002210827104867,0.1310133583478689,0.0653137781181922,False,c4_drift_aware__iid__directional_poisoning__seed44,44,iid,directional_poisoning,c4_drift_aware
21,0.1216776225282942,0.0022800923790794,0.1335092498925755,0.0653137781181922,False,c4_drift_aware__iid__directional_poisoning__seed44,44,iid,directional_poisoning,c4_drift_aware
22,0.1284917234924742,0.0017154841760403,0.1373935424303651,0.0653137781181922,False,c4_drift_aware__iid__directional_poisoning__seed44,44,iid,directional_poisoning,c4_drift_aware
23,0.1292556847532184,0.0030718708817983,0.1451959299459583,0.0653137781181922,False,c4_drift_aware__iid__directional_poisoning__seed44,44,iid,directional_poisoning,c4_drift_aware
24,0.1245387486400533,0.0004714996019902,0.1269854072247409,0.0653137781181922,False,c4_drift_aware__iid__directional_poisoning__seed44,44,iid,directional_poisoning,c4_drift_aware
0,0.0806748933516125,0.0064888018931692,0.1143459352554572,0.0653137781181922,False,c4_drift_aware__iid__sparse_coordinate_attack__seed44,44,iid,sparse_coordinate_attack,c4_drift_aware
1,0.0494228001294807,0.002929759186427,0.0646256135237692,0.0653137781181922,False,c4_drift_aware__iid__sparse_coordinate_attack__seed44,44,iid,sparse_coordinate_attack,c4_drift_aware
2,0.0362089210299583,0.0007412626169993,0.0400554068758295,0.0653137781181922,False,c4_drift_aware__iid__sparse_coordinate_attack__seed44,44,iid,sparse_coordinate_attack,c4_drift_aware
3,0.0342606512371197,0.0006187399654943,0.0374713547920662,0.0653137781181922,False,c4_drift_aware__iid__sparse_coordinate_attack__seed44,44,iid,sparse_coordinate_attack,c4_drift_aware
4,0.03631839078267,0.001148527779528,0.0422782162834192,0.0653137781181922,False,c4_drift_aware__iid__sparse_coordinate_attack__seed44,44,iid,sparse_coordinate_attack,c4_drift_aware
5,0.0367271616836862,0.0013234557049679,0.0435947056823354,0.0653137781181922,False,c4_drift_aware__iid__sparse_coordinate_attack__seed44,44,iid,sparse_coordinate_attack,c4_drift_aware
6,0.0400514292326363,0.0001771158601318,0.0409705011424464,0.0653137781181922,False,c4_drift_aware__iid__sparse_coordinate_attack__seed44,44,iid,sparse_coordinate_attack,c4_drift_aware
7,0.0425185478182369,0.0007262468817084,0.0462871155121101,0.0653137781181922,False,c4_drift_aware__iid__sparse_coordinate_attack__seed44,44,iid,sparse_coordinate_attack,c4_drift_aware
8,0.0486560168494385,0.0013983225024893,0.0559120521471061,0.0653137781181922,False,c4_drift_aware__iid__sparse_coordinate_attack__seed44,44,iid,sparse_coordinate_attack,c4_drift_aware
9,0.0543367823068957,0.0009465529117284,0.0592485400211458,0.0653137781181922,False,c4_drift_aware__iid__sparse_coordinate_attack__seed44,44,iid,sparse_coordinate_attack,c4_drift_aware
10,0.0647084586070013,0.0019152666419877,0.0746469687389401,0.0653137781181922,False,c4_drift_aware__iid__sparse_coordinate_attack__seed44,44,iid,sparse_coordinate_attack,c4_drift_aware
11,0.0762227887361241,0.0037266521943108,0.0955607596376226,0.0653137781181922,False,c4_drift_aware__iid__sparse_coordinate_attack__seed44,44,iid,sparse_coordinate_attack,c4_drift_aware
12,0.0929044199205509,0.001434146743788,0.1003463507887412,0.0653137781181922,False,c4_drift_aware__iid__sparse_coordinate_attack__seed44,44,iid,sparse_coordinate_attack,c4_drift_aware
13,0.1138036599077928,0.0017789362231876,0.1230347378635358,0.0653137781181922,False,c4_drift_aware__iid__sparse_coordinate_attack__seed44,44,iid,sparse_coordinate_attack,c4_drift_aware
14,0.1356668709157391,0.0018596727036666,0.1453168985423354,0.0653137781181922,False,c4_drift_aware__iid__sparse_coordinate_attack__seed44,44,iid,sparse_coordinate_attack,c4_drift_aware
15,0.1541627866206747,0.0011811808479368,0.1602920521587039,0.0653137781181922,False,c4_drift_aware__iid__sparse_coordinate_attack__seed44,44,iid,sparse_coordinate_attack,c4_drift_aware
16,0.157924866444121,0.0047674478794585,0.1826636302354193,0.0653137781181922,False,c4_drift_aware__iid__sparse_coordinate_attack__seed44,44,iid,sparse_coordinate_attack,c4_drift_aware
17,0.1400834366296639,0.0040120068324771,0.1609021412840713,0.0653137781181922,False,c4_drift_aware__iid__sparse_coordinate_attack__seed44,44,iid,sparse_coordinate_attack,c4_drift_aware
18,0.1277941132286519,0.0047320184225904,0.1523490300253158,0.0653137781181922,False,c4_drift_aware__iid__sparse_coordinate_attack__seed44,44,iid,sparse_coordinate_attack,c4_drift_aware
19,0.1199581834380266,0.0017129660854112,0.1288469357518343,0.0653137781181922,False,c4_drift_aware__iid__sparse_coordinate_attack__seed44,44,iid,sparse_coordinate_attack,c4_drift_aware
20,0.120878017525042,0.0023069407299183,0.1328489636666611,0.0653137781181922,False,c4_drift_aware__iid__sparse_coordinate_attack__seed44,44,iid,sparse_coordinate_attack,c4_drift_aware
21,0.1184468716629466,0.002762639535211,0.1327824844751103,0.0653137781181922,False,c4_drift_aware__iid__sparse_coordinate_attack__seed44,44,iid,sparse_coordinate_attack,c4_drift_aware
22,0.1314016134057151,0.0051080587425833,0.1579078410268543,0.0653137781181922,False,c4_drift_aware__iid__sparse_coordinate_attack__seed44,44,iid,sparse_coordinate_attack,c4_drift_aware
23,0.1310196862251229,0.0020276460347022,0.1415413442637963,0.0653137781181922,False,c4_drift_aware__iid__sparse_coordinate_attack__seed44,44,iid,sparse_coordinate_attack,c4_drift_aware
24,0.1250642117729733,0.0004878536395019,0.1275957330937129,0.0653137781181922,False,c4_drift_aware__iid__sparse_coordinate_attack__seed44,44,iid,sparse_coordinate_attack,c4_drift_aware
0,0.204867488542759,0.0587896825624794,0.5099330303277212,0.3041719383559114,False,c4_drift_aware__dirichlet_a1.0__no_attack__seed42,42,dirichlet_a1.0,no_attack,c4_drift_aware
1,0.3209912992086677,0.0507683942973383,0.5844335740569859,0.3041719383559114,False,c4_drift_aware__dirichlet_a1.0__no_attack__seed42,42,dirichlet_a1.0,no_attack,c4_drift_aware
2,0.3114195596739994,0.0368348339150995,0.5025591963428426,0.3041719383559114,False,c4_drift_aware__dirichlet_a1.0__no_attack__seed42,42,dirichlet_a1.0,no_attack,c4_drift_aware
3,0.2830322429744854,0.0072273875837655,0.3205358798854033,0.3041719383559114,False,c4_drift_aware__dirichlet_a1.0__no_attack__seed42,42,dirichlet_a1.0,no_attack,c4_drift_aware
4,0.2256908563628949,0.0247437666537549,0.3540887359058947,0.3041719383559114,False,c4_drift_aware__dirichlet_a1.0__no_attack__seed42,42,dirichlet_a1.0,no_attack,c4_drift_aware
5,0.2177121425481365,0.007706719407826,0.2577030802272865,0.3041719383559114,False,c4_drift_aware__dirichlet_a1.0__no_attack__seed42,42,dirichlet_a1.0,no_attack,c4_drift_aware
6,0.1957555083538924,0.0112253531193242,0.2540049882253778,0.3041719383559114,False,c4_drift_aware__dirichlet_a1.0__no_attack__seed42,42,dirichlet_a1.0,no_attack,c4_drift_aware
7,0.1873010816094225,0.0072349495048045,0.2248439580848039,0.3041719383559114,False,c4_drift_aware__dirichlet_a1.0__no_attack__seed42,42,dirichlet_a1.0,no_attack,c4_drift_aware
8,0.1846052339060857,0.0019334330326697,0.1946380112559121,0.3041719383559114,False,c4_drift_aware__dirichlet_a1.0__no_attack__seed42,42,dirichlet_a1.0,no_attack,c4_drift_aware
9,0.1707170133121136,0.0116988153979435,0.2314233362935823,0.3041719383559114,False,c4_drift_aware__dirichlet_a1.0__no_attack__seed42,42,dirichlet_a1.0,no_attack,c4_drift_aware
10,0.169642642356299,0.0128635147417383,0.2363927067026536,0.3041719383559114,False,c4_drift_aware__dirichlet_a1.0__no_attack__seed42,42,dirichlet_a1.0,no_attack,c4_drift_aware
11,0.1569308192581397,0.0198246860579272,0.2598030976813298,0.3041719383559114,False,c4_drift_aware__dirichlet_a1.0__no_attack__seed42,42,dirichlet_a1.0,no_attack,c4_drift_aware
12,0.1464525770479926,0.0162992783535048,0.2310311623521648,0.3041719383559114,False,c4_drift_aware__dirichlet_a1.0__no_attack__seed42,42,dirichlet_a1.0,no_attack,c4_drift_aware
13,0.160083054273402,0.0197403420092273,0.2625176629934836,0.3041719383559114,False,c4_drift_aware__dirichlet_a1.0__no_attack__seed42,42,dirichlet_a1.0,no_attack,c4_drift_aware
14,0.1603159520758737,0.0178302313355558,0.2528388054992068,0.3041719383559114,False,c4_drift_aware__dirichlet_a1.0__no_attack__seed42,42,dirichlet_a1.0,no_attack,c4_drift_aware
15,0.1667718418652435,0.0111092504835093,0.2244188535492218,0.3041719383559114,False,c4_drift_aware__dirichlet_a1.0__no_attack__seed42,42,dirichlet_a1.0,no_attack,c4_drift_aware
16,0.1713197223500756,0.0178827390077044,0.2641150433349545,0.3041719383559114,False,c4_drift_aware__dirichlet_a1.0__no_attack__seed42,42,dirichlet_a1.0,no_attack,c4_drift_aware
17,0.1904672696458096,0.0173164409163141,0.2803240132046555,0.3041719383559114,False,c4_drift_aware__dirichlet_a1.0__no_attack__seed42,42,dirichlet_a1.0,no_attack,c4_drift_aware
18,0.2016547334662181,0.0241778630267249,0.3271160824981965,0.3041719383559114,False,c4_drift_aware__dirichlet_a1.0__no_attack__seed42,42,dirichlet_a1.0,no_attack,c4_drift_aware
19,0.2037416550151805,0.0331788175388574,0.3759098571060656,0.3041719383559114,False,c4_drift_aware__dirichlet_a1.0__no_attack__seed42,42,dirichlet_a1.0,no_attack,c4_drift_aware
20,0.1966307559668909,0.0237449553890952,0.3198457039764453,0.3041719383559114,False,c4_drift_aware__dirichlet_a1.0__no_attack__seed42,42,dirichlet_a1.0,no_attack,c4_drift_aware
21,0.1941889622456965,0.0430979131736528,0.4178283434950984,0.3041719383559114,False,c4_drift_aware__dirichlet_a1.0__no_attack__seed42,42,dirichlet_a1.0,no_attack,c4_drift_aware
22,0.1946901709275686,0.0248617101527334,0.3237000710811178,0.3041719383559114,False,c4_drift_aware__dirichlet_a1.0__no_attack__seed42,42,dirichlet_a1.0,no_attack,c4_drift_aware
23,0.1850036315861121,0.0277699052988849,0.3291044471725562,0.3041719383559114,False,c4_drift_aware__dirichlet_a1.0__no_attack__seed42,42,dirichlet_a1.0,no_attack,c4_drift_aware
24,0.1835712041276406,0.0378029717840701,0.3797346050123591,0.3041719383559114,False,c4_drift_aware__dirichlet_a1.0__no_attack__seed42,42,dirichlet_a1.0,no_attack,c4_drift_aware
0,0.2048684172314647,0.0587891207856448,0.5099310439002545,0.3041719383559114,False,c4_drift_aware__dirichlet_a1.0__large_norm__seed42,42,dirichlet_a1.0,large_norm,c4_drift_aware
1,0.3209866761882062,0.0507754645777266,0.5844656394284878,0.3041719383559114,False,c4_drift_aware__dirichlet_a1.0__large_norm__seed42,42,dirichlet_a1.0,large_norm,c4_drift_aware
2,0.3114050751967455,0.0368394317274478,0.5025685703736449,0.3041719383559114,False,c4_drift_aware__dirichlet_a1.0__large_norm__seed42,42,dirichlet_a1.0,large_norm,c4_drift_aware
3,0.2830559173361895,0.0072188730813662,0.3205153716427069,0.3041719383559114,False,c4_drift_aware__dirichlet_a1.0__large_norm__seed42,42,dirichlet_a1.0,large_norm,c4_drift_aware
4,0.2257318872340978,0.0247332743307989,0.3540753210640466,0.3041719383559114,False,c4_drift_aware__dirichlet_a1.0__large_norm__seed42,42,dirichlet_a1.0,large_norm,c4_drift_aware
5,0.2176615327570564,0.0079556998591616,0.2589444548962321,0.3041719383559114,False,c4_drift_aware__dirichlet_a1.0__large_norm__seed42,42,dirichlet_a1.0,large_norm,c4_drift_aware
6,0.1956576561913585,0.0113180338244479,0.2543880655098015,0.3041719383559114,False,c4_drift_aware__dirichlet_a1.0__large_norm__seed42,42,dirichlet_a1.0,large_norm,c4_drift_aware
7,0.1875861295177893,0.0069637847929931,0.2237219051871101,0.3041719383559114,False,c4_drift_aware__dirichlet_a1.0__large_norm__seed42,42,dirichlet_a1.0,large_norm,c4_drift_aware
8,0.1850548073173097,0.001587307378578,0.1932915040354893,0.3041719383559114,False,c4_drift_aware__dirichlet_a1.0__large_norm__seed42,42,dirichlet_a1.0,large_norm,c4_drift_aware
9,0.1707871530092721,0.0118680285209508,0.2323715398073383,0.3041719383559114,False,c4_drift_aware__dirichlet_a1.0__large_norm__seed42,42,dirichlet_a1.0,large_norm,c4_drift_aware
10,0.1670999408461585,0.0361891967085675,0.3548893014865864,0.3041719383559114,False,c4_drift_aware__dirichlet_a1.0__large_norm__seed42,42,dirichlet_a1.0,large_norm,c4_drift_aware
11,0.1613013539250382,0.0562507255367329,0.4531919938076989,0.3041719383559114,False,c4_drift_aware__dirichlet_a1.0__large_norm__seed42,42,dirichlet_a1.0,large_norm,c4_drift_aware
12,0.1504778002394513,0.0086580142128876,0.1954051017915469,0.3041719383559114,False,c4_drift_aware__dirichlet_a1.0__large_norm__seed42,42,dirichlet_a1.0,large_norm,c4_drift_aware
13,0.1573450010013452,0.0135951959963456,0.2278918325459823,0.3041719383559114,False,c4_drift_aware__dirichlet_a1.0__large_norm__seed42,42,dirichlet_a1.0,large_norm,c4_drift_aware
14,0.1688138338662102,0.0424299951710234,0.3889873218081681,0.3041719383559114,False,c4_drift_aware__dirichlet_a1.0__large_norm__seed42,42,dirichlet_a1.0,large_norm,c4_drift_aware
15,0.1589837028845432,0.0260060178953493,0.2939315303453003,0.3041719383559114,False,c4_drift_aware__dirichlet_a1.0__large_norm__seed42,42,dirichlet_a1.0,large_norm,c4_drift_aware
16,0.1834742188668641,0.046937352413296,0.4270368342746987,0.3041719383559114,False,c4_drift_aware__dirichlet_a1.0__large_norm__seed42,42,dirichlet_a1.0,large_norm,c4_drift_aware
17,0.2041229519642301,0.0336604191789667,0.3787902331258064,0.3041719383559114,False,c4_drift_aware__dirichlet_a1.0__large_norm__seed42,42,dirichlet_a1.0,large_norm,c4_drift_aware
18,0.2009929349995638,0.0439961918110826,0.4292935739264529,0.3041719383559114,False,c4_drift_aware__dirichlet_a1.0__large_norm__seed42,42,dirichlet_a1.0,large_norm,c4_drift_aware
19,0.2137054701637801,0.048426215321179,0.4649939440869102,0.3041719383559114,False,c4_drift_aware__dirichlet_a1.0__large_norm__seed42,42,dirichlet_a1.0,large_norm,c4_drift_aware
20,0.2100401125355596,0.0495647907920026,0.4672367684343407,0.3041719383559114,False,c4_drift_aware__dirichlet_a1.0__large_norm__seed42,42,dirichlet_a1.0,large_norm,c4_drift_aware
21,0.2098738423672554,0.0501527102901375,0.4701212713338082,0.3041719383559114,False,c4_drift_aware__dirichlet_a1.0__large_norm__seed42,42,dirichlet_a1.0,large_norm,c4_drift_aware
22,0.1972443255021486,0.0319240349398879,0.3629013352087212,0.3041719383559114,False,c4_drift_aware__dirichlet_a1.0__large_norm__seed42,42,dirichlet_a1.0,large_norm,c4_drift_aware
23,0.1973162074175632,0.03445292562278,0.3760958837667312,0.3041719383559114,False,c4_drift_aware__dirichlet_a1.0__large_norm__seed42,42,dirichlet_a1.0,large_norm,c4_drift_aware
24,0.2046341949351251,0.0309113936748952,0.3650365078535242,0.3041719383559114,False,c4_drift_aware__dirichlet_a1.0__large_norm__seed42,42,dirichlet_a1.0,large_norm,c4_drift_aware
0,0.2048684160200403,0.05879053944768,0.5099384042679971,0.3041719383559114,False,c4_drift_aware__dirichlet_a1.0__directional_poisoning__seed42,42,dirichlet_a1.0,directional_poisoning,c4_drift_aware
1,0.320989831944861,0.0507745337690122,0.5844639651256422,0.3041719383559114,False,c4_drift_aware__dirichlet_a1.0__directional_poisoning__seed42,42,dirichlet_a1.0,directional_poisoning,c4_drift_aware
2,0.3113996709215892,0.0369117280358347,0.5029383188723391,0.3041719383559114,False,c4_drift_aware__dirichlet_a1.0__directional_poisoning__seed42,42,dirichlet_a1.0,directional_poisoning,c4_drift_aware
3,0.2830221056313839,0.0072924713144293,0.3208634685290892,0.3041719383559114,False,c4_drift_aware__dirichlet_a1.0__directional_poisoning__seed42,42,dirichlet_a1.0,directional_poisoning,c4_drift_aware
4,0.2259500568253662,0.0245587715793076,0.3533879784275516,0.3041719383559114,False,c4_drift_aware__dirichlet_a1.0__directional_poisoning__seed42,42,dirichlet_a1.0,directional_poisoning,c4_drift_aware
5,0.2175557066446807,0.0076910202257717,0.2574651796982326,0.3041719383559114,False,c4_drift_aware__dirichlet_a1.0__directional_poisoning__seed42,42,dirichlet_a1.0,directional_poisoning,c4_drift_aware
6,0.1956346252435241,0.0113053304014655,0.2542991152297689,0.3041719383559114,False,c4_drift_aware__dirichlet_a1.0__directional_poisoning__seed42,42,dirichlet_a1.0,directional_poisoning,c4_drift_aware
7,0.1876697341894974,0.0067743787019818,0.2228226627119514,0.3041719383559114,False,c4_drift_aware__dirichlet_a1.0__directional_poisoning__seed42,42,dirichlet_a1.0,directional_poisoning,c4_drift_aware
8,0.1848540609929067,0.0013922341608909,0.192078503277186,0.3041719383559114,False,c4_drift_aware__dirichlet_a1.0__directional_poisoning__seed42,42,dirichlet_a1.0,directional_poisoning,c4_drift_aware
9,0.1709541612095331,0.0121134329955791,0.2338119763668927,0.3041719383559114,False,c4_drift_aware__dirichlet_a1.0__directional_poisoning__seed42,42,dirichlet_a1.0,directional_poisoning,c4_drift_aware
10,0.1697947921310528,0.0127951276055978,0.2361899887892608,0.3041719383559114,False,c4_drift_aware__dirichlet_a1.0__directional_poisoning__seed42,42,dirichlet_a1.0,directional_poisoning,c4_drift_aware
11,0.1665299914872944,0.0235562095796753,0.2887655186171878,0.3041719383559114,False,c4_drift_aware__dirichlet_a1.0__directional_poisoning__seed42,42,dirichlet_a1.0,directional_poisoning,c4_drift_aware
12,0.1475116030851709,0.0180081562508525,0.2409577266864699,0.3041719383559114,False,c4_drift_aware__dirichlet_a1.0__directional_poisoning__seed42,42,dirichlet_a1.0,directional_poisoning,c4_drift_aware
13,0.1617872312736538,0.0213125065131982,0.2723799588212911,0.3041719383559114,False,c4_drift_aware__dirichlet_a1.0__directional_poisoning__seed42,42,dirichlet_a1.0,directional_poisoning,c4_drift_aware
14,0.1639981474050118,0.0272440873486365,0.305370441065822,0.3041719383559114,False,c4_drift_aware__dirichlet_a1.0__directional_poisoning__seed42,42,dirichlet_a1.0,directional_poisoning,c4_drift_aware
15,0.1602055174057872,0.0112210087863424,0.2184324540989966,0.3041719383559114,False,c4_drift_aware__dirichlet_a1.0__directional_poisoning__seed42,42,dirichlet_a1.0,directional_poisoning,c4_drift_aware
16,0.1621341200725043,0.0288477506575051,0.3118279830093645,0.3041719383559114,False,c4_drift_aware__dirichlet_a1.0__directional_poisoning__seed42,42,dirichlet_a1.0,directional_poisoning,c4_drift_aware
17,0.1776915323174646,0.0320815268376622,0.3441657832307776,0.3041719383559114,False,c4_drift_aware__dirichlet_a1.0__directional_poisoning__seed42,42,dirichlet_a1.0,directional_poisoning,c4_drift_aware
18,0.1860656919544961,0.0368678489502262,0.377376646942115,0.3041719383559114,False,c4_drift_aware__dirichlet_a1.0__directional_poisoning__seed42,42,dirichlet_a1.0,directional_poisoning,c4_drift_aware
19,0.2020621747261971,0.0511611777793375,0.4675426423409575,0.3041719383559114,False,c4_drift_aware__dirichlet_a1.0__directional_poisoning__seed42,42,dirichlet_a1.0,directional_poisoning,c4_drift_aware
20,0.20457725119964,0.0425899710829169,0.4255808701460042,0.3041719383559114,False,c4_drift_aware__dirichlet_a1.0__directional_poisoning__seed42,42,dirichlet_a1.0,directional_poisoning,c4_drift_aware
21,0.2049967508604856,0.0534668087785097,0.4824413682930507,0.3041719383559114,False,c4_drift_aware__dirichlet_a1.0__directional_poisoning__seed42,42,dirichlet_a1.0,directional_poisoning,c4_drift_aware
22,0.202851664400002,0.0337874239711768,0.3781779861288359,0.3041719383559114,False,c4_drift_aware__dirichlet_a1.0__directional_poisoning__seed42,42,dirichlet_a1.0,directional_poisoning,c4_drift_aware
23,0.1960590560509969,0.0388693416707122,0.3977559569144899,0.3041719383559114,False,c4_drift_aware__dirichlet_a1.0__directional_poisoning__seed42,42,dirichlet_a1.0,directional_poisoning,c4_drift_aware
24,0.1965310984809088,0.0352919611375402,0.3796646140197192,0.3041719383559114,False,c4_drift_aware__dirichlet_a1.0__directional_poisoning__seed42,42,dirichlet_a1.0,directional_poisoning,c4_drift_aware
0,0.2048675427187976,0.0587882873857247,0.509925844792062,0.3041719383559114,False,c4_drift_aware__dirichlet_a1.0__sparse_coordinate_attack__seed42,42,dirichlet_a1.0,sparse_coordinate_attack,c4_drift_aware
1,0.3210250484978089,0.0507410132395627,0.5843252402992241,0.3041719383559114,False,c4_drift_aware__dirichlet_a1.0__sparse_coordinate_attack__seed42,42,dirichlet_a1.0,sparse_coordinate_attack,c4_drift_aware
2,0.3114219920576172,0.0368572689362262,0.5026780462945889,0.3041719383559114,False,c4_drift_aware__dirichlet_a1.0__sparse_coordinate_attack__seed42,42,dirichlet_a1.0,sparse_coordinate_attack,c4_drift_aware
3,0.2830220840806502,0.0072705042480674,0.3207494576742972,0.3041719383559114,False,c4_drift_aware__dirichlet_a1.0__sparse_coordinate_attack__seed42,42,dirichlet_a1.0,sparse_coordinate_attack,c4_drift_aware
4,0.2257420435523364,0.0247974007770424,0.3544182359244873,0.3041719383559114,False,c4_drift_aware__dirichlet_a1.0__sparse_coordinate_attack__seed42,42,dirichlet_a1.0,sparse_coordinate_attack,c4_drift_aware
5,0.217535961334204,0.0078788048728243,0.2584198676997767,0.3041719383559114,False,c4_drift_aware__dirichlet_a1.0__sparse_coordinate_attack__seed42,42,dirichlet_a1.0,sparse_coordinate_attack,c4_drift_aware
6,0.1956697015682422,0.0112519780054591,0.2540573406363703,0.3041719383559114,False,c4_drift_aware__dirichlet_a1.0__sparse_coordinate_attack__seed42,42,dirichlet_a1.0,sparse_coordinate_attack,c4_drift_aware
7,0.1874768587455615,0.0069848607730892,0.2237219997831992,0.3041719383559114,False,c4_drift_aware__dirichlet_a1.0__sparse_coordinate_attack__seed42,42,dirichlet_a1.0,sparse_coordinate_attack,c4_drift_aware
8,0.1844951108313311,0.0019166744364786,0.1944409261496626,0.3041719383559114,False,c4_drift_aware__dirichlet_a1.0__sparse_coordinate_attack__seed42,42,dirichlet_a1.0,sparse_coordinate_attack,c4_drift_aware
9,0.1706824182017363,0.0116197496369905,0.2309784610430438,0.3041719383559114,False,c4_drift_aware__dirichlet_a1.0__sparse_coordinate_attack__seed42,42,dirichlet_a1.0,sparse_coordinate_attack,c4_drift_aware
10,0.1702060674026902,0.0398202196144315,0.376837169003937,0.3041719383559114,False,c4_drift_aware__dirichlet_a1.0__sparse_coordinate_attack__seed42,42,dirichlet_a1.0,sparse_coordinate_attack,c4_drift_aware
11,0.1627002026579032,0.0114669693908148,0.2222034535237803,0.3041719383559114,False,c4_drift_aware__dirichlet_a1.0__sparse_coordinate_attack__seed42,42,dirichlet_a1.0,sparse_coordinate_attack,c4_drift_aware
12,0.1645447260911296,0.0141671487321584,0.2380594775771729,0.3041719383559114,False,c4_drift_aware__dirichlet_a1.0__sparse_coordinate_attack__seed42,42,dirichlet_a1.0,sparse_coordinate_attack,c4_drift_aware
13,0.1637646909915968,0.0300438102338868,0.3196650266762593,0.3041719383559114,False,c4_drift_aware__dirichlet_a1.0__sparse_coordinate_attack__seed42,42,dirichlet_a1.0,sparse_coordinate_attack,c4_drift_aware
14,0.1568492999998531,0.0122532879789443,0.2204328366513932,0.3041719383559114,False,c4_drift_aware__dirichlet_a1.0__sparse_coordinate_attack__seed42,42,dirichlet_a1.0,sparse_coordinate_attack,c4_drift_aware
15,0.1531131697618738,0.014874172522976,0.2302967384008489,0.3041719383559114,False,c4_drift_aware__dirichlet_a1.0__sparse_coordinate_attack__seed42,42,dirichlet_a1.0,sparse_coordinate_attack,c4_drift_aware
16,0.1667599571764261,0.0292582117626772,0.3185837438341349,0.3041719383559114,False,c4_drift_aware__dirichlet_a1.0__sparse_coordinate_attack__seed42,42,dirichlet_a1.0,sparse_coordinate_attack,c4_drift_aware
17,0.1759154691511398,0.0275365735659635,0.3188055030422812,0.3041719383559114,False,c4_drift_aware__dirichlet_a1.0__sparse_coordinate_attack__seed42,42,dirichlet_a1.0,sparse_coordinate_attack,c4_drift_aware
18,0.1902515361664876,0.038975039411608,0.392496913177263,0.3041719383559114,False,c4_drift_aware__dirichlet_a1.0__sparse_coordinate_attack__seed42,42,dirichlet_a1.0,sparse_coordinate_attack,c4_drift_aware
19,0.2074663622316776,0.0644797773148269,0.5420583746960461,0.3041719383559114,False,c4_drift_aware__dirichlet_a1.0__sparse_coordinate_attack__seed42,42,dirichlet_a1.0,sparse_coordinate_attack,c4_drift_aware
20,0.2141585701318426,0.0633558350718679,0.5429183339032726,0.3041719383559114,False,c4_drift_aware__dirichlet_a1.0__sparse_coordinate_attack__seed42,42,dirichlet_a1.0,sparse_coordinate_attack,c4_drift_aware
21,0.2037802473024803,0.0413448723256371,0.4183229242874438,0.3041719383559114,False,c4_drift_aware__dirichlet_a1.0__sparse_coordinate_attack__seed42,42,dirichlet_a1.0,sparse_coordinate_attack,c4_drift_aware
22,0.2060964835765083,0.0510899213488422,0.4712071944477857,0.3041719383559114,False,c4_drift_aware__dirichlet_a1.0__sparse_coordinate_attack__seed42,42,dirichlet_a1.0,sparse_coordinate_attack,c4_drift_aware
23,0.2024435054054613,0.028190744244756,0.348728096365925,0.3041719383559114,False,c4_drift_aware__dirichlet_a1.0__sparse_coordinate_attack__seed42,42,dirichlet_a1.0,sparse_coordinate_attack,c4_drift_aware
24,0.2066481911881857,0.0424805342849126,0.4270839316460259,0.3041719383559114,False,c4_drift_aware__dirichlet_a1.0__sparse_coordinate_attack__seed42,42,dirichlet_a1.0,sparse_coordinate_attack,c4_drift_aware
0,0.2461989287332543,0.0518485726516144,0.5152463570797468,0.3041719383559114,False,c4_drift_aware__dirichlet_a1.0__no_attack__seed43,43,dirichlet_a1.0,no_attack,c4_drift_aware
1,0.3069083625203659,0.0400960227908571,0.5149706343844028,0.3041719383559114,False,c4_drift_aware__dirichlet_a1.0__no_attack__seed43,43,dirichlet_a1.0,no_attack,c4_drift_aware
2,0.2523440526918246,0.0217719965860593,0.3653211201765451,0.3041719383559114,False,c4_drift_aware__dirichlet_a1.0__no_attack__seed43,43,dirichlet_a1.0,no_attack,c4_drift_aware
3,0.2004156378591854,0.020257940387338,0.3055361163231211,0.3041719383559114,False,c4_drift_aware__dirichlet_a1.0__no_attack__seed43,43,dirichlet_a1.0,no_attack,c4_drift_aware
4,0.1923658672957716,0.0239294154100778,0.3165379968002065,0.3041719383559114,False,c4_drift_aware__dirichlet_a1.0__no_attack__seed43,43,dirichlet_a1.0,no_attack,c4_drift_aware
5,0.179538603267173,0.0109097471210992,0.2361503720532689,0.3041719383559114,False,c4_drift_aware__dirichlet_a1.0__no_attack__seed43,43,dirichlet_a1.0,no_attack,c4_drift_aware
6,0.170004144400614,0.0061399434942586,0.2018649251866717,0.3041719383559114,False,c4_drift_aware__dirichlet_a1.0__no_attack__seed43,43,dirichlet_a1.0,no_attack,c4_drift_aware
7,0.1521392227202231,0.0344350531328539,0.3308261569319154,0.3041719383559114,False,c4_drift_aware__dirichlet_a1.0__no_attack__seed43,43,dirichlet_a1.0,no_attack,c4_drift_aware
8,0.17688619015093,0.017598026665161,0.2682041103191172,0.3041719383559114,False,c4_drift_aware__dirichlet_a1.0__no_attack__seed43,43,dirichlet_a1.0,no_attack,c4_drift_aware
9,0.1734641299513819,0.0371885087101883,0.3664390204994202,0.3041719383559114,False,c4_drift_aware__dirichlet_a1.0__no_attack__seed43,43,dirichlet_a1.0,no_attack,c4_drift_aware
10,0.1695700628154867,0.0487024432865269,0.4222919112736038,0.3041719383559114,False,c4_drift_aware__dirichlet_a1.0__no_attack__seed43,43,dirichlet_a1.0,no_attack,c4_drift_aware
11,0.1771857968888849,0.046317797504625,0.4175334799201345,0.3041719383559114,False,c4_drift_aware__dirichlet_a1.0__no_attack__seed43,43,dirichlet_a1.0,no_attack,c4_drift_aware
12,0.201858296398296,0.0316444006136341,0.3660642556225051,0.3041719383559114,False,c4_drift_aware__dirichlet_a1.0__no_attack__seed43,43,dirichlet_a1.0,no_attack,c4_drift_aware
13,0.2099158508107005,0.0420406931419797,0.4280692115937476,0.3041719383559114,False,c4_drift_aware__dirichlet_a1.0__no_attack__seed43,43,dirichlet_a1.0,no_attack,c4_drift_aware
14,0.207601221083852,0.023699393344582,0.330579743088223,0.3041719383559114,False,c4_drift_aware__dirichlet_a1.0__no_attack__seed43,43,dirichlet_a1.0,no_attack,c4_drift_aware
15,0.1887972888821202,0.0143951729142725,0.2634952806515717,0.3041719383559114,False,c4_drift_aware__dirichlet_a1.0__no_attack__seed43,43,dirichlet_a1.0,no_attack,c4_drift_aware
16,0.1884738723911473,0.0096177321699644,0.23838124639431,0.3041719383559114,False,c4_drift_aware__dirichlet_a1.0__no_attack__seed43,43,dirichlet_a1.0,no_attack,c4_drift_aware
17,0.1933661481944667,0.0161168185589554,0.2769979313787427,0.3041719383559114,False,c4_drift_aware__dirichlet_a1.0__no_attack__seed43,43,dirichlet_a1.0,no_attack,c4_drift_aware
18,0.1929944798380372,0.0169626016891473,0.2810151162631915,0.3041719383559114,False,c4_drift_aware__dirichlet_a1.0__no_attack__seed43,43,dirichlet_a1.0,no_attack,c4_drift_aware
19,0.1830905910943837,0.0085780457713726,0.2276029284066134,0.3041719383559114,False,c4_drift_aware__dirichlet_a1.0__no_attack__seed43,43,dirichlet_a1.0,no_attack,c4_drift_aware
20,0.1827318051782135,0.0049810905109333,0.2085791819484979,0.3041719383559114,False,c4_drift_aware__dirichlet_a1.0__no_attack__seed43,43,dirichlet_a1.0,no_attack,c4_drift_aware
21,0.1862450174387921,0.0213058570397152,0.2968032402035788,0.3041719383559114,False,c4_drift_aware__dirichlet_a1.0__no_attack__seed43,43,dirichlet_a1.0,no_attack,c4_drift_aware
22,0.1747345942422062,0.0080928829790961,0.2167293733090338,0.3041719383559114,False,c4_drift_aware__dirichlet_a1.0__no_attack__seed43,43,dirichlet_a1.0,no_attack,c4_drift_aware
23,0.1668774667974032,0.0229044875130099,0.2857311429511633,0.3041719383559114,False,c4_drift_aware__dirichlet_a1.0__no_attack__seed43,43,dirichlet_a1.0,no_attack,c4_drift_aware
24,0.1556646891680368,0.0225988191071142,0.2729322213967635,0.3041719383559114,False,c4_drift_aware__dirichlet_a1.0__no_attack__seed43,43,dirichlet_a1.0,no_attack,c4_drift_aware
0,0.2461989486694398,0.0518486315872124,0.5152466828386438,0.3041719383559114,False,c4_drift_aware__dirichlet_a1.0__large_norm__seed43,43,dirichlet_a1.0,large_norm,c4_drift_aware
1,0.3068457345612351,0.0401672772630456,0.5152777530069053,0.3041719383559114,False,c4_drift_aware__dirichlet_a1.0__large_norm__seed43,43,dirichlet_a1.0,large_norm,c4_drift_aware
2,0.2524164025273319,0.0216674440480989,0.3648509364373222,0.3041719383559114,False,c4_drift_aware__dirichlet_a1.0__large_norm__seed43,43,dirichlet_a1.0,large_norm,c4_drift_aware
3,0.2002606159292101,0.0204862096286346,0.3065656063131584,0.3041719383559114,False,c4_drift_aware__dirichlet_a1.0__large_norm__seed43,43,dirichlet_a1.0,large_norm,c4_drift_aware
4,0.1922411606011955,0.024385236461034,0.3187785911211474,0.3041719383559114,False,c4_drift_aware__dirichlet_a1.0__large_norm__seed43,43,dirichlet_a1.0,large_norm,c4_drift_aware
5,0.1796353232152809,0.0106767754736403,0.235038178825548,0.3041719383559114,False,c4_drift_aware__dirichlet_a1.0__large_norm__seed43,43,dirichlet_a1.0,large_norm,c4_drift_aware
6,0.1700207076550348,0.0062525798780434,0.2024659699001901,0.3041719383559114,False,c4_drift_aware__dirichlet_a1.0__large_norm__seed43,43,dirichlet_a1.0,large_norm,c4_drift_aware
7,0.1519384271946844,0.034591808605401,0.3314387812289713,0.3041719383559114,False,c4_drift_aware__dirichlet_a1.0__large_norm__seed43,43,dirichlet_a1.0,large_norm,c4_drift_aware
8,0.1768819448993882,0.017720459094454,0.2688351791864197,0.3041719383559114,False,c4_drift_aware__dirichlet_a1.0__large_norm__seed43,43,dirichlet_a1.0,large_norm,c4_drift_aware
9,0.1734866762480114,0.0371189746974092,0.3661007478503378,0.3041719383559114,False,c4_drift_aware__dirichlet_a1.0__large_norm__seed43,43,dirichlet_a1.0,large_norm,c4_drift_aware
10,0.2265034319989537,0.0596194184729231,0.5358745563967989,0.3041719383559114,False,c4_drift_aware__dirichlet_a1.0__large_norm__seed43,43,dirichlet_a1.0,large_norm,c4_drift_aware
11,0.2304767760258696,0.0780170804517919,0.6353152081982634,0.3041719383559114,False,c4_drift_aware__dirichlet_a1.0__large_norm__seed43,43,dirichlet_a1.0,large_norm,c4_drift_aware
12,0.2175497584792722,0.0774205109268837,0.6192925317299649,0.3041719383559114,False,c4_drift_aware__dirichlet_a1.0__large_norm__seed43,43,dirichlet_a1.0,large_norm,c4_drift_aware
13,0.2175857590863879,0.0615615427344901,0.5370347604899306,0.3041719383559114,False,c4_drift_aware__dirichlet_a1.0__large_norm__seed43,43,dirichlet_a1.0,large_norm,c4_drift_aware
14,0.1892899859747204,0.0439446442342458,0.4173231393706453,0.3041719383559114,False,c4_drift_aware__dirichlet_a1.0__large_norm__seed43,43,dirichlet_a1.0,large_norm,c4_drift_aware
15,0.1851932881368949,0.0339986476947692,0.3616156708898222,0.3041719383559114,False,c4_drift_aware__dirichlet_a1.0__large_norm__seed43,43,dirichlet_a1.0,large_norm,c4_drift_aware
16,0.1864799841356015,0.0295896211267079,0.3400234871242019,0.3041719383559114,False,c4_drift_aware__dirichlet_a1.0__large_norm__seed43,43,dirichlet_a1.0,large_norm,c4_drift_aware
17,0.1879988856548127,0.0209514726855181,0.2967181725672352,0.3041719383559114,False,c4_drift_aware__dirichlet_a1.0__large_norm__seed43,43,dirichlet_a1.0,large_norm,c4_drift_aware
18,0.1985998368941413,0.0314818891488094,0.3619625078762286,0.3041719383559114,False,c4_drift_aware__dirichlet_a1.0__large_norm__seed43,43,dirichlet_a1.0,large_norm,c4_drift_aware
19,0.1930176338880287,0.0069220854561565,0.2289370275285708,0.3041719383559114,False,c4_drift_aware__dirichlet_a1.0__large_norm__seed43,43,dirichlet_a1.0,large_norm,c4_drift_aware
20,0.1949965342845789,0.0248418291010591,0.3239032696728847,0.3041719383559114,False,c4_drift_aware__dirichlet_a1.0__large_norm__seed43,43,dirichlet_a1.0,large_norm,c4_drift_aware
21,0.1932947792018242,0.0245173128697534,0.3205175674142618,0.3041719383559114,False,c4_drift_aware__dirichlet_a1.0__large_norm__seed43,43,dirichlet_a1.0,large_norm,c4_drift_aware
22,0.1762622565570639,0.0176751350440623,0.267980299814208,0.3041719383559114,False,c4_drift_aware__dirichlet_a1.0__large_norm__seed43,43,dirichlet_a1.0,large_norm,c4_drift_aware
23,0.1780583482684882,0.0261606405468,0.3138085281298884,0.3041719383559114,False,c4_drift_aware__dirichlet_a1.0__large_norm__seed43,43,dirichlet_a1.0,large_norm,c4_drift_aware
24,0.1546693906979485,0.0248313558906589,0.283521779550167,0.3041719383559114,False,c4_drift_aware__dirichlet_a1.0__large_norm__seed43,43,dirichlet_a1.0,large_norm,c4_drift_aware
0,0.2461989637942298,0.0518485749591802,0.5152464041149122,0.3041719383559114,False,c4_drift_aware__dirichlet_a1.0__directional_poisoning__seed43,43,dirichlet_a1.0,directional_poisoning,c4_drift_aware
1,0.306948162020412,0.0400701641862538,0.5148762509993019,0.3041719383559114,False,c4_drift_aware__dirichlet_a1.0__directional_poisoning__seed43,43,dirichlet_a1.0,directional_poisoning,c4_drift_aware
2,0.2523687399134171,0.021546249520339,0.3641743832994085,0.3041719383559114,False,c4_drift_aware__dirichlet_a1.0__directional_poisoning__seed43,43,dirichlet_a1.0,directional_poisoning,c4_drift_aware
3,0.200172552916453,0.0205028174097031,0.3065637227371435,0.3041719383559114,False,c4_drift_aware__dirichlet_a1.0__directional_poisoning__seed43,43,dirichlet_a1.0,directional_poisoning,c4_drift_aware
4,0.1921644541187425,0.0244357258794356,0.3189638792797222,0.3041719383559114,False,c4_drift_aware__dirichlet_a1.0__directional_poisoning__seed43,43,dirichlet_a1.0,directional_poisoning,c4_drift_aware
5,0.1795693687068957,0.0107036741940262,0.2351118044671171,0.3041719383559114,False,c4_drift_aware__dirichlet_a1.0__directional_poisoning__seed43,43,dirichlet_a1.0,directional_poisoning,c4_drift_aware
6,0.1700459935937046,0.0062891310877139,0.2026809237209609,0.3041719383559114,False,c4_drift_aware__dirichlet_a1.0__directional_poisoning__seed43,43,dirichlet_a1.0,directional_poisoning,c4_drift_aware
7,0.1519830570053056,0.0345921946309621,0.3314854141648315,0.3041719383559114,False,c4_drift_aware__dirichlet_a1.0__directional_poisoning__seed43,43,dirichlet_a1.0,directional_poisoning,c4_drift_aware
8,0.176993876839387,0.0177362241026962,0.2690289173306879,0.3041719383559114,False,c4_drift_aware__dirichlet_a1.0__directional_poisoning__seed43,43,dirichlet_a1.0,directional_poisoning,c4_drift_aware
9,0.1735422997464033,0.0370700080117587,0.3659022783202205,0.3041719383559114,False,c4_drift_aware__dirichlet_a1.0__directional_poisoning__seed43,43,dirichlet_a1.0,directional_poisoning,c4_drift_aware
10,0.1693691798888749,0.048823448352444,0.4227189357345422,0.3041719383559114,False,c4_drift_aware__dirichlet_a1.0__directional_poisoning__seed43,43,dirichlet_a1.0,directional_poisoning,c4_drift_aware
11,0.2202899481388773,0.0371721918626792,0.413180168933506,0.3041719383559114,False,c4_drift_aware__dirichlet_a1.0__directional_poisoning__seed43,43,dirichlet_a1.0,directional_poisoning,c4_drift_aware
12,0.2167415182823576,0.0268386282521021,0.3560098441453411,0.3041719383559114,False,c4_drift_aware__dirichlet_a1.0__directional_poisoning__seed43,43,dirichlet_a1.0,directional_poisoning,c4_drift_aware
13,0.2268900007556291,0.0259761224341613,0.3616826976787357,0.3041719383559114,False,c4_drift_aware__dirichlet_a1.0__directional_poisoning__seed43,43,dirichlet_a1.0,directional_poisoning,c4_drift_aware
14,0.2049039500331013,0.0290086403602803,0.3554326857266321,0.3041719383559114,False,c4_drift_aware__dirichlet_a1.0__directional_poisoning__seed43,43,dirichlet_a1.0,directional_poisoning,c4_drift_aware
15,0.1825683854101995,0.0458464803617504,0.4204703566553588,0.3041719383559114,False,c4_drift_aware__dirichlet_a1.0__directional_poisoning__seed43,43,dirichlet_a1.0,directional_poisoning,c4_drift_aware
16,0.183701557347151,0.0343849676672396,0.3621285930692241,0.3041719383559114,False,c4_drift_aware__dirichlet_a1.0__directional_poisoning__seed43,43,dirichlet_a1.0,directional_poisoning,c4_drift_aware
17,0.1950565653400313,0.009162283845323,0.2426005724417973,0.3041719383559114,False,c4_drift_aware__dirichlet_a1.0__directional_poisoning__seed43,43,dirichlet_a1.0,directional_poisoning,c4_drift_aware
18,0.2064492040048663,0.0211484330390212,0.3161905378876513,0.3041719383559114,False,c4_drift_aware__dirichlet_a1.0__directional_poisoning__seed43,43,dirichlet_a1.0,directional_poisoning,c4_drift_aware
19,0.2006748191515653,0.0237880275121827,0.3241132727150325,0.3041719383559114,False,c4_drift_aware__dirichlet_a1.0__directional_poisoning__seed43,43,dirichlet_a1.0,directional_poisoning,c4_drift_aware
20,0.18571987753054,0.0101103006382941,0.2381832385727122,0.3041719383559114,False,c4_drift_aware__dirichlet_a1.0__directional_poisoning__seed43,43,dirichlet_a1.0,directional_poisoning,c4_drift_aware
21,0.1887117416094645,0.0256347182891304,0.3217328582835911,0.3041719383559114,False,c4_drift_aware__dirichlet_a1.0__directional_poisoning__seed43,43,dirichlet_a1.0,directional_poisoning,c4_drift_aware
22,0.1921760738458428,0.0157551768737643,0.2739312621614935,0.3041719383559114,False,c4_drift_aware__dirichlet_a1.0__directional_poisoning__seed43,43,dirichlet_a1.0,directional_poisoning,c4_drift_aware
23,0.1666744003376098,0.0135455771830441,0.2369637548981441,0.3041719383559114,False,c4_drift_aware__dirichlet_a1.0__directional_poisoning__seed43,43,dirichlet_a1.0,directional_poisoning,c4_drift_aware
24,0.1616253502021044,0.0144244588141421,0.2364753094345695,0.3041719383559114,False,c4_drift_aware__dirichlet_a1.0__directional_poisoning__seed43,43,dirichlet_a1.0,directional_poisoning,c4_drift_aware
0,0.2461989743727045,0.0518486018252484,0.5152465541041013,0.3041719383559114,False,c4_drift_aware__dirichlet_a1.0__sparse_coordinate_attack__seed43,43,dirichlet_a1.0,sparse_coordinate_attack,c4_drift_aware
1,0.3068809956702559,0.0401058725777287,0.5149943790633484,0.3041719383559114,False,c4_drift_aware__dirichlet_a1.0__sparse_coordinate_attack__seed43,43,dirichlet_a1.0,sparse_coordinate_attack,c4_drift_aware
2,0.2523844398676806,0.0217174229671935,0.3650783193867449,0.3041719383559114,False,c4_drift_aware__dirichlet_a1.0__sparse_coordinate_attack__seed43,43,dirichlet_a1.0,sparse_coordinate_attack,c4_drift_aware
3,0.2001845908856588,0.020514456674725,0.3066361580164746,0.3041719383559114,False,c4_drift_aware__dirichlet_a1.0__sparse_coordinate_attack__seed43,43,dirichlet_a1.0,sparse_coordinate_attack,c4_drift_aware
4,0.1921528272425925,0.024229518996187,0.3178822242657068,0.3041719383559114,False,c4_drift_aware__dirichlet_a1.0__sparse_coordinate_attack__seed43,43,dirichlet_a1.0,sparse_coordinate_attack,c4_drift_aware
5,0.1796798371564518,0.0105901264613139,0.2346330623768559,0.3041719383559114,False,c4_drift_aware__dirichlet_a1.0__sparse_coordinate_attack__seed43,43,dirichlet_a1.0,sparse_coordinate_attack,c4_drift_aware
6,0.1699257026553841,0.0061822479414554,0.2020060054483904,0.3041719383559114,False,c4_drift_aware__dirichlet_a1.0__sparse_coordinate_attack__seed43,43,dirichlet_a1.0,sparse_coordinate_attack,c4_drift_aware
7,0.1522164611052009,0.0342569273058654,0.3299790825880672,0.3041719383559114,False,c4_drift_aware__dirichlet_a1.0__sparse_coordinate_attack__seed43,43,dirichlet_a1.0,sparse_coordinate_attack,c4_drift_aware
8,0.1769004007737647,0.0177705452303872,0.269113537028767,0.3041719383559114,False,c4_drift_aware__dirichlet_a1.0__sparse_coordinate_attack__seed43,43,dirichlet_a1.0,sparse_coordinate_attack,c4_drift_aware
9,0.1738286642169738,0.0367153901517051,0.3643484952531868,0.3041719383559114,False,c4_drift_aware__dirichlet_a1.0__sparse_coordinate_attack__seed43,43,dirichlet_a1.0,sparse_coordinate_attack,c4_drift_aware
10,0.2218721096667567,0.0510094041866956,0.4865650089319391,0.3041719383559114,False,c4_drift_aware__dirichlet_a1.0__sparse_coordinate_attack__seed43,43,dirichlet_a1.0,sparse_coordinate_attack,c4_drift_aware
11,0.2185232816965841,0.0856676769671135,0.663061424246633,0.3041719383559114,False,c4_drift_aware__dirichlet_a1.0__sparse_coordinate_attack__seed43,43,dirichlet_a1.0,sparse_coordinate_attack,c4_drift_aware
12,0.2145157942164215,0.0510528325283426,0.4794340474892442,0.3041719383559114,False,c4_drift_aware__dirichlet_a1.0__sparse_coordinate_attack__seed43,43,dirichlet_a1.0,sparse_coordinate_attack,c4_drift_aware
13,0.2195887400038417,0.0573811263359241,0.5173451426735856,0.3041719383559114,False,c4_drift_aware__dirichlet_a1.0__sparse_coordinate_attack__seed43,43,dirichlet_a1.0,sparse_coordinate_attack,c4_drift_aware
14,0.2009343484155291,0.0298466995109368,0.3558118568477314,0.3041719383559114,False,c4_drift_aware__dirichlet_a1.0__sparse_coordinate_attack__seed43,43,dirichlet_a1.0,sparse_coordinate_attack,c4_drift_aware
15,0.1786643810402122,0.0386421738034502,0.3791824851236959,0.3041719383559114,False,c4_drift_aware__dirichlet_a1.0__sparse_coordinate_attack__seed43,43,dirichlet_a1.0,sparse_coordinate_attack,c4_drift_aware
16,0.1864018036149944,0.0354898675202428,0.3705622751642867,0.3041719383559114,False,c4_drift_aware__dirichlet_a1.0__sparse_coordinate_attack__seed43,43,dirichlet_a1.0,sparse_coordinate_attack,c4_drift_aware
17,0.2052325135458399,0.0297242530805852,0.3594746352063049,0.3041719383559114,False,c4_drift_aware__dirichlet_a1.0__sparse_coordinate_attack__seed43,43,dirichlet_a1.0,sparse_coordinate_attack,c4_drift_aware
18,0.195979256447195,0.0301230994492886,0.3522910317994986,0.3041719383559114,False,c4_drift_aware__dirichlet_a1.0__sparse_coordinate_attack__seed43,43,dirichlet_a1.0,sparse_coordinate_attack,c4_drift_aware
19,0.1899641938684579,0.0150509716659499,0.2680651909402385,0.3041719383559114,False,c4_drift_aware__dirichlet_a1.0__sparse_coordinate_attack__seed43,43,dirichlet_a1.0,sparse_coordinate_attack,c4_drift_aware
20,0.1995722358355854,0.0312432425141565,0.3616965455657952,0.3041719383559114,False,c4_drift_aware__dirichlet_a1.0__sparse_coordinate_attack__seed43,43,dirichlet_a1.0,sparse_coordinate_attack,c4_drift_aware
21,0.172843022637599,0.0049250429738532,0.1983995631332209,0.3041719383559114,False,c4_drift_aware__dirichlet_a1.0__sparse_coordinate_attack__seed43,43,dirichlet_a1.0,sparse_coordinate_attack,c4_drift_aware
22,0.1824214108182806,0.0301241405866712,0.3387385887365766,0.3041719383559114,False,c4_drift_aware__dirichlet_a1.0__sparse_coordinate_attack__seed43,43,dirichlet_a1.0,sparse_coordinate_attack,c4_drift_aware
23,0.159233979922447,0.0228756618530543,0.2779380768441312,0.3041719383559114,False,c4_drift_aware__dirichlet_a1.0__sparse_coordinate_attack__seed43,43,dirichlet_a1.0,sparse_coordinate_attack,c4_drift_aware
24,0.1561830212333403,0.0206735616960889,0.2634602002305155,0.3041719383559114,False,c4_drift_aware__dirichlet_a1.0__sparse_coordinate_attack__seed43,43,dirichlet_a1.0,sparse_coordinate_attack,c4_drift_aware
0,0.3233550595379472,0.0311441765634649,0.4849653061434232,0.3041719383559114,False,c4_drift_aware__dirichlet_a1.0__no_attack__seed44,44,dirichlet_a1.0,no_attack,c4_drift_aware
1,0.2757863101314386,0.0325188637602678,0.4445299460698445,0.3041719383559114,False,c4_drift_aware__dirichlet_a1.0__no_attack__seed44,44,dirichlet_a1.0,no_attack,c4_drift_aware
2,0.2393251053564378,0.0185870952730895,0.3357754014380267,0.3041719383559114,False,c4_drift_aware__dirichlet_a1.0__no_attack__seed44,44,dirichlet_a1.0,no_attack,c4_drift_aware
3,0.2146670327047646,0.0304825392463774,0.3728439771081416,0.3041719383559114,False,c4_drift_aware__dirichlet_a1.0__no_attack__seed44,44,dirichlet_a1.0,no_attack,c4_drift_aware
4,0.2107507707353822,0.0114018142921752,0.269915925278909,0.3041719383559114,False,c4_drift_aware__dirichlet_a1.0__no_attack__seed44,44,dirichlet_a1.0,no_attack,c4_drift_aware
5,0.1857269867615784,0.0167724288101299,0.2727607971002238,0.3041719383559114,False,c4_drift_aware__dirichlet_a1.0__no_attack__seed44,44,dirichlet_a1.0,no_attack,c4_drift_aware
6,0.1795099028472042,0.0131797908348325,0.2479011554682336,0.3041719383559114,False,c4_drift_aware__dirichlet_a1.0__no_attack__seed44,44,dirichlet_a1.0,no_attack,c4_drift_aware
7,0.1758414843566242,0.0177240240595251,0.2678132176039063,0.3041719383559114,False,c4_drift_aware__dirichlet_a1.0__no_attack__seed44,44,dirichlet_a1.0,no_attack,c4_drift_aware
8,0.1836771157627149,0.0071275653484934,0.2206627651125822,0.3041719383559114,False,c4_drift_aware__dirichlet_a1.0__no_attack__seed44,44,dirichlet_a1.0,no_attack,c4_drift_aware
9,0.1745903104941346,0.0198954056262649,0.2778295598293862,0.3041719383559114,False,c4_drift_aware__dirichlet_a1.0__no_attack__seed44,44,dirichlet_a1.0,no_attack,c4_drift_aware
10,0.1791127518541811,0.0096936262706015,0.2294139479349595,0.3041719383559114,False,c4_drift_aware__dirichlet_a1.0__no_attack__seed44,44,dirichlet_a1.0,no_attack,c4_drift_aware
11,0.1965593304309202,0.0110028179239898,0.2536540529202958,0.3041719383559114,False,c4_drift_aware__dirichlet_a1.0__no_attack__seed44,44,dirichlet_a1.0,no_attack,c4_drift_aware
12,0.2006223512946048,0.022046123622393,0.3150218913835645,0.3041719383559114,False,c4_drift_aware__dirichlet_a1.0__no_attack__seed44,44,dirichlet_a1.0,no_attack,c4_drift_aware
13,0.2218160809375619,0.0166090976019187,0.3080023493036783,0.3041719383559114,False,c4_drift_aware__dirichlet_a1.0__no_attack__seed44,44,dirichlet_a1.0,no_attack,c4_drift_aware
14,0.2358429436222304,0.0037837319856413,0.2554771072689217,0.3041719383559114,False,c4_drift_aware__dirichlet_a1.0__no_attack__seed44,44,dirichlet_a1.0,no_attack,c4_drift_aware
15,0.2297339418018746,0.0171893024571149,0.3189309511820899,0.3041719383559114,False,c4_drift_aware__dirichlet_a1.0__no_attack__seed44,44,dirichlet_a1.0,no_attack,c4_drift_aware
16,0.2224505189727804,0.0193194824628507,0.3227012454207591,0.3041719383559114,False,c4_drift_aware__dirichlet_a1.0__no_attack__seed44,44,dirichlet_a1.0,no_attack,c4_drift_aware
17,0.234191041818095,0.0087096797125306,0.2793864408143877,0.3041719383559114,False,c4_drift_aware__dirichlet_a1.0__no_attack__seed44,44,dirichlet_a1.0,no_attack,c4_drift_aware
18,0.2182784477433529,0.0079126849010856,0.2593381609635763,0.3041719383559114,False,c4_drift_aware__dirichlet_a1.0__no_attack__seed44,44,dirichlet_a1.0,no_attack,c4_drift_aware
19,0.2186133299172241,0.0107345231523496,0.2743158440070817,0.3041719383559114,False,c4_drift_aware__dirichlet_a1.0__no_attack__seed44,44,dirichlet_a1.0,no_attack,c4_drift_aware
20,0.2224532658433949,0.0050584433581888,0.2487020342733725,0.3041719383559114,False,c4_drift_aware__dirichlet_a1.0__no_attack__seed44,44,dirichlet_a1.0,no_attack,c4_drift_aware
21,0.2124169027436647,0.0239256627242339,0.3365695591859872,0.3041719383559114,False,c4_drift_aware__dirichlet_a1.0__no_attack__seed44,44,dirichlet_a1.0,no_attack,c4_drift_aware
22,0.207687044667693,0.0380142199096643,0.4049466332009321,0.3041719383559114,False,c4_drift_aware__dirichlet_a1.0__no_attack__seed44,44,dirichlet_a1.0,no_attack,c4_drift_aware
23,0.2029890504189251,0.0392760283070051,0.4067962889068053,0.3041719383559114,False,c4_drift_aware__dirichlet_a1.0__no_attack__seed44,44,dirichlet_a1.0,no_attack,c4_drift_aware
24,0.1958819733103885,0.0365452181188742,0.3855187646510388,0.3041719383559114,False,c4_drift_aware__dirichlet_a1.0__no_attack__seed44,44,dirichlet_a1.0,no_attack,c4_drift_aware
0,0.3233550756076565,0.0311436932923343,0.4849628144709087,0.3041719383559114,False,c4_drift_aware__dirichlet_a1.0__large_norm__seed44,44,dirichlet_a1.0,large_norm,c4_drift_aware
1,0.2757855370668962,0.0325109843351401,0.4444882858803717,0.3041719383559114,False,c4_drift_aware__dirichlet_a1.0__large_norm__seed44,44,dirichlet_a1.0,large_norm,c4_drift_aware
2,0.2393842512815558,0.0185219112136493,0.3354963007603035,0.3041719383559114,False,c4_drift_aware__dirichlet_a1.0__large_norm__seed44,44,dirichlet_a1.0,large_norm,c4_drift_aware
3,0.2151210577449138,0.0310520347788955,0.3762531714160808,0.3041719383559114,False,c4_drift_aware__dirichlet_a1.0__large_norm__seed44,44,dirichlet_a1.0,large_norm,c4_drift_aware
4,0.2110842326746092,0.011003692089331,0.2681834912953571,0.3041719383559114,False,c4_drift_aware__dirichlet_a1.0__large_norm__seed44,44,dirichlet_a1.0,large_norm,c4_drift_aware
5,0.185632089056595,0.0167313444997329,0.2724527088001593,0.3041719383559114,False,c4_drift_aware__dirichlet_a1.0__large_norm__seed44,44,dirichlet_a1.0,large_norm,c4_drift_aware
6,0.1793918406156889,0.0130732552364224,0.2472302693630086,0.3041719383559114,False,c4_drift_aware__dirichlet_a1.0__large_norm__seed44,44,dirichlet_a1.0,large_norm,c4_drift_aware
7,0.1758076880846474,0.0177877193208693,0.2681099424125705,0.3041719383559114,False,c4_drift_aware__dirichlet_a1.0__large_norm__seed44,44,dirichlet_a1.0,large_norm,c4_drift_aware
8,0.1835976824182426,0.0069628364506088,0.2197285370440971,0.3041719383559114,False,c4_drift_aware__dirichlet_a1.0__large_norm__seed44,44,dirichlet_a1.0,large_norm,c4_drift_aware
9,0.1745582709361197,0.019867313882672,0.2776517494046932,0.3041719383559114,False,c4_drift_aware__dirichlet_a1.0__large_norm__seed44,44,dirichlet_a1.0,large_norm,c4_drift_aware
10,0.1896141856644569,0.013059681382244,0.2573821783250594,0.3041719383559114,False,c4_drift_aware__dirichlet_a1.0__large_norm__seed44,44,dirichlet_a1.0,large_norm,c4_drift_aware
11,0.2554603782781359,0.0773049875540793,0.6566036891950089,0.3041719383559114,False,c4_drift_aware__dirichlet_a1.0__large_norm__seed44,44,dirichlet_a1.0,large_norm,c4_drift_aware
12,0.2251707699316616,0.032814462138399,0.3954482954140281,0.3041719383559114,False,c4_drift_aware__dirichlet_a1.0__large_norm__seed44,44,dirichlet_a1.0,large_norm,c4_drift_aware
13,0.2267941207722776,0.0279534728476056,0.3718474867257881,0.3041719383559114,False,c4_drift_aware__dirichlet_a1.0__large_norm__seed44,44,dirichlet_a1.0,large_norm,c4_drift_aware
14,0.232438854575492,0.0241999031340311,0.3580145719282931,0.3041719383559114,False,c4_drift_aware__dirichlet_a1.0__large_norm__seed44,44,dirichlet_a1.0,large_norm,c4_drift_aware
15,0.230845729343665,0.0303433082264829,0.3883001900617078,0.3041719383559114,False,c4_drift_aware__dirichlet_a1.0__large_norm__seed44,44,dirichlet_a1.0,large_norm,c4_drift_aware
16,0.2258919796727277,0.0098615090318985,0.2770643361901527,0.3041719383559114,False,c4_drift_aware__dirichlet_a1.0__large_norm__seed44,44,dirichlet_a1.0,large_norm,c4_drift_aware
17,0.2389371006411736,0.0280253817712769,0.3843636091905068,0.3041719383559114,False,c4_drift_aware__dirichlet_a1.0__large_norm__seed44,44,dirichlet_a1.0,large_norm,c4_drift_aware
18,0.2287574753667818,0.0048762303278815,0.2540607221611918,0.3041719383559114,False,c4_drift_aware__dirichlet_a1.0__large_norm__seed44,44,dirichlet_a1.0,large_norm,c4_drift_aware
19,0.2280180123357766,0.0199259166255009,0.3314155862971637,0.3041719383559114,False,c4_drift_aware__dirichlet_a1.0__large_norm__seed44,44,dirichlet_a1.0,large_norm,c4_drift_aware
20,0.2385882097067706,0.020623714691347,0.3456067276116397,0.3041719383559114,False,c4_drift_aware__dirichlet_a1.0__large_norm__seed44,44,dirichlet_a1.0,large_norm,c4_drift_aware
21,0.2428939119926467,0.0366478276282305,0.4330631543382977,0.3041719383559114,False,c4_drift_aware__dirichlet_a1.0__large_norm__seed44,44,dirichlet_a1.0,large_norm,c4_drift_aware
22,0.2280465491707445,0.0343281533765005,0.4061787698567433,0.3041719383559114,False,c4_drift_aware__dirichlet_a1.0__large_norm__seed44,44,dirichlet_a1.0,large_norm,c4_drift_aware
23,0.2123711520453007,0.0228447227396513,0.3309147028136255,0.3041719383559114,False,c4_drift_aware__dirichlet_a1.0__large_norm__seed44,44,dirichlet_a1.0,large_norm,c4_drift_aware
24,0.1983443518332468,0.0081032042847364,0.2403926891871729,0.3041719383559114,False,c4_drift_aware__dirichlet_a1.0__large_norm__seed44,44,dirichlet_a1.0,large_norm,c4_drift_aware
0,0.3233551438833437,0.0311440462352414,0.4849647142026352,0.3041719383559114,False,c4_drift_aware__dirichlet_a1.0__directional_poisoning__seed44,44,dirichlet_a1.0,directional_poisoning,c4_drift_aware
1,0.2757873042006625,0.032522823023171,0.4445514851501991,0.3041719383559114,False,c4_drift_aware__dirichlet_a1.0__directional_poisoning__seed44,44,dirichlet_a1.0,directional_poisoning,c4_drift_aware
2,0.2393822468405528,0.0186951512818395,0.3363932563571465,0.3041719383559114,False,c4_drift_aware__dirichlet_a1.0__directional_poisoning__seed44,44,dirichlet_a1.0,directional_poisoning,c4_drift_aware
3,0.2150979322038247,0.0308836684792067,0.3753563763092762,0.3041719383559114,False,c4_drift_aware__dirichlet_a1.0__directional_poisoning__seed44,44,dirichlet_a1.0,directional_poisoning,c4_drift_aware
4,0.2107884320395742,0.01128224827897,0.2693331465839775,0.3041719383559114,False,c4_drift_aware__dirichlet_a1.0__directional_poisoning__seed44,44,dirichlet_a1.0,directional_poisoning,c4_drift_aware
5,0.1856663953253132,0.0167982510584772,0.2728341998928573,0.3041719383559114,False,c4_drift_aware__dirichlet_a1.0__directional_poisoning__seed44,44,dirichlet_a1.0,directional_poisoning,c4_drift_aware
6,0.1793935458773534,0.0130623166251465,0.2471752130769016,0.3041719383559114,False,c4_drift_aware__dirichlet_a1.0__directional_poisoning__seed44,44,dirichlet_a1.0,directional_poisoning,c4_drift_aware
7,0.1759737408414126,0.017925104263937,0.2689888993774082,0.3041719383559114,False,c4_drift_aware__dirichlet_a1.0__directional_poisoning__seed44,44,dirichlet_a1.0,directional_poisoning,c4_drift_aware
8,0.183587031578041,0.0071365766553685,0.2206194415004137,0.3041719383559114,False,c4_drift_aware__dirichlet_a1.0__directional_poisoning__seed44,44,dirichlet_a1.0,directional_poisoning,c4_drift_aware
9,0.1744663938593602,0.019735904720255,0.2768779770432355,0.3041719383559114,False,c4_drift_aware__dirichlet_a1.0__directional_poisoning__seed44,44,dirichlet_a1.0,directional_poisoning,c4_drift_aware
10,0.1790587899128274,0.0098088726630986,0.2299580110489126,0.3041719383559114,False,c4_drift_aware__dirichlet_a1.0__directional_poisoning__seed44,44,dirichlet_a1.0,directional_poisoning,c4_drift_aware
11,0.1907194740059821,0.0155904749068243,0.2716200073449844,0.3041719383559114,False,c4_drift_aware__dirichlet_a1.0__directional_poisoning__seed44,44,dirichlet_a1.0,directional_poisoning,c4_drift_aware
12,0.1907031083913516,0.0179629782708466,0.2839147989366018,0.3041719383559114,False,c4_drift_aware__dirichlet_a1.0__directional_poisoning__seed44,44,dirichlet_a1.0,directional_poisoning,c4_drift_aware
13,0.2156855656776221,0.0121504307860876,0.2787353660697093,0.3041719383559114,False,c4_drift_aware__dirichlet_a1.0__directional_poisoning__seed44,44,dirichlet_a1.0,directional_poisoning,c4_drift_aware
14,0.2269824585344017,0.0231422437563415,0.3470698756104336,0.3041719383559114,False,c4_drift_aware__dirichlet_a1.0__directional_poisoning__seed44,44,dirichlet_a1.0,directional_poisoning,c4_drift_aware
15,0.21992556521458,0.0276749077715003,0.3635334291316723,0.3041719383559114,False,c4_drift_aware__dirichlet_a1.0__directional_poisoning__seed44,44,dirichlet_a1.0,directional_poisoning,c4_drift_aware
16,0.2135626932248628,0.0176168758708375,0.304978423806226,0.3041719383559114,False,c4_drift_aware__dirichlet_a1.0__directional_poisoning__seed44,44,dirichlet_a1.0,directional_poisoning,c4_drift_aware
17,0.2280709532530504,0.0241008731520043,0.3531327941261162,0.3041719383559114,False,c4_drift_aware__dirichlet_a1.0__directional_poisoning__seed44,44,dirichlet_a1.0,directional_poisoning,c4_drift_aware
18,0.223334572264648,0.0216284931866964,0.3355669862597346,0.3041719383559114,False,c4_drift_aware__dirichlet_a1.0__directional_poisoning__seed44,44,dirichlet_a1.0,directional_poisoning,c4_drift_aware
19,0.2261738519452855,0.018259071888786,0.3209220018833853,0.3041719383559114,False,c4_drift_aware__dirichlet_a1.0__directional_poisoning__seed44,44,dirichlet_a1.0,directional_poisoning,c4_drift_aware
20,0.2212298722488031,0.0106758538733948,0.2766279455832363,0.3041719383559114,False,c4_drift_aware__dirichlet_a1.0__directional_poisoning__seed44,44,dirichlet_a1.0,directional_poisoning,c4_drift_aware
21,0.2041405662601907,0.0110265982523546,0.261358687251484,0.3041719383559114,False,c4_drift_aware__dirichlet_a1.0__directional_poisoning__seed44,44,dirichlet_a1.0,directional_poisoning,c4_drift_aware
22,0.212615262854961,0.0207592097460381,0.3203368781481275,0.3041719383559114,False,c4_drift_aware__dirichlet_a1.0__directional_poisoning__seed44,44,dirichlet_a1.0,directional_poisoning,c4_drift_aware
23,0.1947731252282367,0.0161399012701705,0.2785246869092787,0.3041719383559114,False,c4_drift_aware__dirichlet_a1.0__directional_poisoning__seed44,44,dirichlet_a1.0,directional_poisoning,c4_drift_aware
24,0.190057797269782,0.0116994996682366,0.2507676709982289,0.3041719383559114,False,c4_drift_aware__dirichlet_a1.0__directional_poisoning__seed44,44,dirichlet_a1.0,directional_poisoning,c4_drift_aware
0,0.3233551706475793,0.0311436059869237,0.4849624564743254,0.3041719383559114,False,c4_drift_aware__dirichlet_a1.0__sparse_coordinate_attack__seed44,44,dirichlet_a1.0,sparse_coordinate_attack,c4_drift_aware
1,0.2757907471764646,0.0325427040183006,0.4446580925978286,0.3041719383559114,False,c4_drift_aware__dirichlet_a1.0__sparse_coordinate_attack__seed44,44,dirichlet_a1.0,sparse_coordinate_attack,c4_drift_aware
2,0.2393964333242381,0.0186855844576716,0.336357799633542,0.3041719383559114,False,c4_drift_aware__dirichlet_a1.0__sparse_coordinate_attack__seed44,44,dirichlet_a1.0,sparse_coordinate_attack,c4_drift_aware
3,0.2145977072130157,0.0304296004275328,0.3724999467915264,0.3041719383559114,False,c4_drift_aware__dirichlet_a1.0__sparse_coordinate_attack__seed44,44,dirichlet_a1.0,sparse_coordinate_attack,c4_drift_aware
4,0.2106488731304688,0.0115447580424263,0.2705557770884235,0.3041719383559114,False,c4_drift_aware__dirichlet_a1.0__sparse_coordinate_attack__seed44,44,dirichlet_a1.0,sparse_coordinate_attack,c4_drift_aware
5,0.1856453967105188,0.0169928209911419,0.2738228441156535,0.3041719383559114,False,c4_drift_aware__dirichlet_a1.0__sparse_coordinate_attack__seed44,44,dirichlet_a1.0,sparse_coordinate_attack,c4_drift_aware
6,0.1794257157954298,0.0130891688157561,0.2473467216972698,0.3041719383559114,False,c4_drift_aware__dirichlet_a1.0__sparse_coordinate_attack__seed44,44,dirichlet_a1.0,sparse_coordinate_attack,c4_drift_aware
7,0.1757730268350063,0.0177543673211828,0.2679022143013563,0.3041719383559114,False,c4_drift_aware__dirichlet_a1.0__sparse_coordinate_attack__seed44,44,dirichlet_a1.0,sparse_coordinate_attack,c4_drift_aware
8,0.1836144882667156,0.0071033457358748,0.2204744596247439,0.3041719383559114,False,c4_drift_aware__dirichlet_a1.0__sparse_coordinate_attack__seed44,44,dirichlet_a1.0,sparse_coordinate_attack,c4_drift_aware
9,0.1745754970884824,0.0198368853498081,0.2775110788571718,0.3041719383559114,False,c4_drift_aware__dirichlet_a1.0__sparse_coordinate_attack__seed44,44,dirichlet_a1.0,sparse_coordinate_attack,c4_drift_aware
10,0.1896349066698213,0.007932644126165,0.2307981903049041,0.3041719383559114,False,c4_drift_aware__dirichlet_a1.0__sparse_coordinate_attack__seed44,44,dirichlet_a1.0,sparse_coordinate_attack,c4_drift_aware
11,0.1995331494488475,0.0182335598734531,0.2941489149881834,0.3041719383559114,False,c4_drift_aware__dirichlet_a1.0__sparse_coordinate_attack__seed44,44,dirichlet_a1.0,sparse_coordinate_attack,c4_drift_aware
12,0.22771818639716,0.0274383985762447,0.3700987804491516,0.3041719383559114,False,c4_drift_aware__dirichlet_a1.0__sparse_coordinate_attack__seed44,44,dirichlet_a1.0,sparse_coordinate_attack,c4_drift_aware
13,0.2205663859633407,0.0331009525811043,0.3923305390019491,0.3041719383559114,False,c4_drift_aware__dirichlet_a1.0__sparse_coordinate_attack__seed44,44,dirichlet_a1.0,sparse_coordinate_attack,c4_drift_aware
14,0.2238504535244723,0.0285181316532636,0.3718338904864225,0.3041719383559114,False,c4_drift_aware__dirichlet_a1.0__sparse_coordinate_attack__seed44,44,dirichlet_a1.0,sparse_coordinate_attack,c4_drift_aware
15,0.2178633495015192,0.0160049434769131,0.3009146016975691,0.3041719383559114,False,c4_drift_aware__dirichlet_a1.0__sparse_coordinate_attack__seed44,44,dirichlet_a1.0,sparse_coordinate_attack,c4_drift_aware
16,0.2202991400192454,0.0189100339057978,0.3184251969598212,0.3041719383559114,False,c4_drift_aware__dirichlet_a1.0__sparse_coordinate_attack__seed44,44,dirichlet_a1.0,sparse_coordinate_attack,c4_drift_aware
17,0.2285167652768945,0.0145805989550826,0.304176951314714,0.3041719383559114,False,c4_drift_aware__dirichlet_a1.0__sparse_coordinate_attack__seed44,44,dirichlet_a1.0,sparse_coordinate_attack,c4_drift_aware
18,0.2479464322469449,0.0362485371386592,0.4360437163131617,0.3041719383559114,False,c4_drift_aware__dirichlet_a1.0__sparse_coordinate_attack__seed44,44,dirichlet_a1.0,sparse_coordinate_attack,c4_drift_aware
19,0.2297467086431102,0.0199232375236133,0.3331303804768923,0.3041719383559114,False,c4_drift_aware__dirichlet_a1.0__sparse_coordinate_attack__seed44,44,dirichlet_a1.0,sparse_coordinate_attack,c4_drift_aware
20,0.2352238861824945,0.0233581388252292,0.3564316043604915,0.3041719383559114,False,c4_drift_aware__dirichlet_a1.0__sparse_coordinate_attack__seed44,44,dirichlet_a1.0,sparse_coordinate_attack,c4_drift_aware
21,0.2389887511282222,0.0330446184848012,0.4104605809077044,0.3041719383559114,False,c4_drift_aware__dirichlet_a1.0__sparse_coordinate_attack__seed44,44,dirichlet_a1.0,sparse_coordinate_attack,c4_drift_aware
22,0.2257353972733715,0.0263525502107321,0.3624814155718819,0.3041719383559114,False,c4_drift_aware__dirichlet_a1.0__sparse_coordinate_attack__seed44,44,dirichlet_a1.0,sparse_coordinate_attack,c4_drift_aware
23,0.2043845098118608,0.014147918325868,0.2777994727966226,0.3041719383559114,False,c4_drift_aware__dirichlet_a1.0__sparse_coordinate_attack__seed44,44,dirichlet_a1.0,sparse_coordinate_attack,c4_drift_aware
24,0.1953032846250013,0.0145701501915506,0.2709092509839768,0.3041719383559114,False,c4_drift_aware__dirichlet_a1.0__sparse_coordinate_attack__seed44,44,dirichlet_a1.0,sparse_coordinate_attack,c4_drift_aware
0,0.5635215438181311,0.0235526375752931,0.6857385354600847,0.3897146312623868,False,c4_drift_aware__dirichlet_a0.5__no_attack__seed42,42,dirichlet_a0.5,no_attack,c4_drift_aware
1,0.4368403099146618,0.0265442799142943,0.5745812328179264,0.3897146312623868,False,c4_drift_aware__dirichlet_a0.5__no_attack__seed42,42,dirichlet_a0.5,no_attack,c4_drift_aware
2,0.2976291531880247,0.0549944068051234,0.5830006295404906,0.3897146312623868,False,c4_drift_aware__dirichlet_a0.5__no_attack__seed42,42,dirichlet_a0.5,no_attack,c4_drift_aware
3,0.2592093544336528,0.0517448139503905,0.5277183685036244,0.3897146312623868,False,c4_drift_aware__dirichlet_a0.5__no_attack__seed42,42,dirichlet_a0.5,no_attack,c4_drift_aware
4,0.2431659988263381,0.0357163021499285,0.4285014623125324,0.3897146312623868,False,c4_drift_aware__dirichlet_a0.5__no_attack__seed42,42,dirichlet_a0.5,no_attack,c4_drift_aware
5,0.2327914311887945,0.0458337919719475,0.4706275611104277,0.3897146312623868,False,c4_drift_aware__dirichlet_a0.5__no_attack__seed42,42,dirichlet_a0.5,no_attack,c4_drift_aware
6,0.2419698000484938,0.0202776377477662,0.3471924900854276,0.3897146312623868,False,c4_drift_aware__dirichlet_a0.5__no_attack__seed42,42,dirichlet_a0.5,no_attack,c4_drift_aware
7,0.2241912686211853,0.028240266567922,0.3707328358687894,0.3897146312623868,False,c4_drift_aware__dirichlet_a0.5__no_attack__seed42,42,dirichlet_a0.5,no_attack,c4_drift_aware
8,0.2451253916771681,0.0142379172962469,0.3190073683191233,0.3897146312623868,False,c4_drift_aware__dirichlet_a0.5__no_attack__seed42,42,dirichlet_a0.5,no_attack,c4_drift_aware
9,0.236506160975977,0.0235686018715504,0.3588059929476394,0.3897146312623868,False,c4_drift_aware__dirichlet_a0.5__no_attack__seed42,42,dirichlet_a0.5,no_attack,c4_drift_aware
10,0.2404327871651885,0.0122864317749897,0.304188310288788,0.3897146312623868,False,c4_drift_aware__dirichlet_a0.5__no_attack__seed42,42,dirichlet_a0.5,no_attack,c4_drift_aware
11,0.2481187803592769,0.0123223171273612,0.3120605161648671,0.3897146312623868,False,c4_drift_aware__dirichlet_a0.5__no_attack__seed42,42,dirichlet_a0.5,no_attack,c4_drift_aware
12,0.2440086511225548,0.020129817178509,0.3484642854435559,0.3897146312623868,False,c4_drift_aware__dirichlet_a0.5__no_attack__seed42,42,dirichlet_a0.5,no_attack,c4_drift_aware
13,0.2587437703929363,0.006573928927553,0.2928565449909021,0.3897146312623868,False,c4_drift_aware__dirichlet_a0.5__no_attack__seed42,42,dirichlet_a0.5,no_attack,c4_drift_aware
14,0.2584053475148523,0.0253564561309994,0.3899825340242213,0.3897146312623868,False,c4_drift_aware__dirichlet_a0.5__no_attack__seed42,42,dirichlet_a0.5,no_attack,c4_drift_aware
15,0.2662378849644842,0.0287736186713739,0.4155470696121105,0.3897146312623868,False,c4_drift_aware__dirichlet_a0.5__no_attack__seed42,42,dirichlet_a0.5,no_attack,c4_drift_aware
16,0.2554178676667816,0.0336515468489002,0.43003910942041,0.3897146312623868,False,c4_drift_aware__dirichlet_a0.5__no_attack__seed42,42,dirichlet_a0.5,no_attack,c4_drift_aware
17,0.2677155518890133,0.0357633918363989,0.4532953684672713,0.3897146312623868,False,c4_drift_aware__dirichlet_a0.5__no_attack__seed42,42,dirichlet_a0.5,no_attack,c4_drift_aware
18,0.2756060990424243,0.0230977460577212,0.3954626131105456,0.3897146312623868,False,c4_drift_aware__dirichlet_a0.5__no_attack__seed42,42,dirichlet_a0.5,no_attack,c4_drift_aware
19,0.2893473964951293,0.0325212579702708,0.4581034562286618,0.3897146312623868,False,c4_drift_aware__dirichlet_a0.5__no_attack__seed42,42,dirichlet_a0.5,no_attack,c4_drift_aware
20,0.2889254171286315,0.0259016530587878,0.4233316850159878,0.3897146312623868,False,c4_drift_aware__dirichlet_a0.5__no_attack__seed42,42,dirichlet_a0.5,no_attack,c4_drift_aware
21,0.2789076879371592,0.0338148925650925,0.4543765469466808,0.3897146312623868,False,c4_drift_aware__dirichlet_a0.5__no_attack__seed42,42,dirichlet_a0.5,no_attack,c4_drift_aware
22,0.2711882434822283,0.0306135574077454,0.43004505422676,0.3897146312623868,False,c4_drift_aware__dirichlet_a0.5__no_attack__seed42,42,dirichlet_a0.5,no_attack,c4_drift_aware
23,0.2627948096045771,0.0240144559974327,0.3874082232208551,0.3897146312623868,False,c4_drift_aware__dirichlet_a0.5__no_attack__seed42,42,dirichlet_a0.5,no_attack,c4_drift_aware
24,0.255815018093816,0.0268145241616681,0.3949582654211282,0.3897146312623868,False,c4_drift_aware__dirichlet_a0.5__no_attack__seed42,42,dirichlet_a0.5,no_attack,c4_drift_aware
0,0.5635119947225908,0.023562378417457,0.685779532568617,0.3897146312623868,False,c4_drift_aware__dirichlet_a0.5__large_norm__seed42,42,dirichlet_a0.5,large_norm,c4_drift_aware
1,0.436818196423526,0.0265592712703016,0.5746369109722483,0.3897146312623868,False,c4_drift_aware__dirichlet_a0.5__large_norm__seed42,42,dirichlet_a0.5,large_norm,c4_drift_aware
2,0.2978938118564658,0.0550361750091116,0.5834820275962469,0.3897146312623868,False,c4_drift_aware__dirichlet_a0.5__large_norm__seed42,42,dirichlet_a0.5,large_norm,c4_drift_aware
3,0.2588844147925059,0.0524051017201728,0.5308197281286546,0.3897146312623868,False,c4_drift_aware__dirichlet_a0.5__large_norm__seed42,42,dirichlet_a0.5,large_norm,c4_drift_aware
4,0.2433940516364235,0.035461106031745,0.4274052769457517,0.3897146312623868,False,c4_drift_aware__dirichlet_a0.5__large_norm__seed42,42,dirichlet_a0.5,large_norm,c4_drift_aware
5,0.2330156202823353,0.0457815807953916,0.4705808211877022,0.3897146312623868,False,c4_drift_aware__dirichlet_a0.5__large_norm__seed42,42,dirichlet_a0.5,large_norm,c4_drift_aware
6,0.2421908297784526,0.0197715134609936,0.3447871902788946,0.3897146312623868,False,c4_drift_aware__dirichlet_a0.5__large_norm__seed42,42,dirichlet_a0.5,large_norm,c4_drift_aware
7,0.2248318786481705,0.0272667136779137,0.3663215825942327,0.3897146312623868,False,c4_drift_aware__dirichlet_a0.5__large_norm__seed42,42,dirichlet_a0.5,large_norm,c4_drift_aware
8,0.2448469091128158,0.0149532952243493,0.3224410533614871,0.3897146312623868,False,c4_drift_aware__dirichlet_a0.5__large_norm__seed42,42,dirichlet_a0.5,large_norm,c4_drift_aware
9,0.2367026319015743,0.0237086227869867,0.3597290464055274,0.3897146312623868,False,c4_drift_aware__dirichlet_a0.5__large_norm__seed42,42,dirichlet_a0.5,large_norm,c4_drift_aware
10,0.2551605372529419,0.014755320595938,0.331727371357324,0.3897146312623868,False,c4_drift_aware__dirichlet_a0.5__large_norm__seed42,42,dirichlet_a0.5,large_norm,c4_drift_aware
11,0.2410679957692222,0.0140682012622015,0.3140692989389122,0.3897146312623868,False,c4_drift_aware__dirichlet_a0.5__large_norm__seed42,42,dirichlet_a0.5,large_norm,c4_drift_aware
12,0.2319247913907751,0.0372370905640695,0.4251517780367884,0.3897146312623868,False,c4_drift_aware__dirichlet_a0.5__large_norm__seed42,42,dirichlet_a0.5,large_norm,c4_drift_aware
13,0.229575360860684,0.0367955180616563,0.4205109836344251,0.3897146312623868,False,c4_drift_aware__dirichlet_a0.5__large_norm__seed42,42,dirichlet_a0.5,large_norm,c4_drift_aware
14,0.2349395558208932,0.0244279596575592,0.3616986812799339,0.3897146312623868,False,c4_drift_aware__dirichlet_a0.5__large_norm__seed42,42,dirichlet_a0.5,large_norm,c4_drift_aware
15,0.238354011048526,0.0331279678511879,0.4102583490251256,0.3897146312623868,False,c4_drift_aware__dirichlet_a0.5__large_norm__seed42,42,dirichlet_a0.5,large_norm,c4_drift_aware
16,0.2336755435083542,0.0365761430223851,0.4234728072658132,0.3897146312623868,False,c4_drift_aware__dirichlet_a0.5__large_norm__seed42,42,dirichlet_a0.5,large_norm,c4_drift_aware
17,0.2844047986852904,0.0587922788872422,0.5894838130590789,0.3897146312623868,False,c4_drift_aware__dirichlet_a0.5__large_norm__seed42,42,dirichlet_a0.5,large_norm,c4_drift_aware
18,0.2328712167753152,0.0133617594630651,0.3022067228051066,0.3897146312623868,False,c4_drift_aware__dirichlet_a0.5__large_norm__seed42,42,dirichlet_a0.5,large_norm,c4_drift_aware
19,0.2981068080009064,0.0788856390686243,0.7074522776919048,0.3897146312623868,False,c4_drift_aware__dirichlet_a0.5__large_norm__seed42,42,dirichlet_a0.5,large_norm,c4_drift_aware
20,0.3128585267170782,0.0765348442938626,0.7100054872423607,0.3897146312623868,False,c4_drift_aware__dirichlet_a0.5__large_norm__seed42,42,dirichlet_a0.5,large_norm,c4_drift_aware
21,0.2652683184980103,0.0227137185878409,0.3831320756221759,0.3897146312623868,False,c4_drift_aware__dirichlet_a0.5__large_norm__seed42,42,dirichlet_a0.5,large_norm,c4_drift_aware
22,0.2579479732089706,0.0253029859411793,0.3892476975563441,0.3897146312623868,False,c4_drift_aware__dirichlet_a0.5__large_norm__seed42,42,dirichlet_a0.5,large_norm,c4_drift_aware
23,0.2873790550691419,0.0479990743307348,0.5364510516787583,0.3897146312623868,False,c4_drift_aware__dirichlet_a0.5__large_norm__seed42,42,dirichlet_a0.5,large_norm,c4_drift_aware
24,0.2921568587586045,0.0409717026012954,0.5047631207269865,0.3897146312623868,False,c4_drift_aware__dirichlet_a0.5__large_norm__seed42,42,dirichlet_a0.5,large_norm,c4_drift_aware
0,0.5635215608671117,0.0235536727582282,0.685743924176834,0.3897146312623868,False,c4_drift_aware__dirichlet_a0.5__directional_poisoning__seed42,42,dirichlet_a0.5,directional_poisoning,c4_drift_aware
1,0.4368290859977655,0.0265644825238309,0.5746748422621768,0.3897146312623868,False,c4_drift_aware__dirichlet_a0.5__directional_poisoning__seed42,42,dirichlet_a0.5,directional_poisoning,c4_drift_aware
2,0.2976673328290204,0.0550571840017945,0.5833645663327325,0.3897146312623868,False,c4_drift_aware__dirichlet_a0.5__directional_poisoning__seed42,42,dirichlet_a0.5,directional_poisoning,c4_drift_aware
3,0.259301203769362,0.051708514453393,0.5276218561194641,0.3897146312623868,False,c4_drift_aware__dirichlet_a0.5__directional_poisoning__seed42,42,dirichlet_a0.5,directional_poisoning,c4_drift_aware
4,0.2427027765003696,0.0359753856913541,0.4293826503913754,0.3897146312623868,False,c4_drift_aware__dirichlet_a0.5__directional_poisoning__seed42,42,dirichlet_a0.5,directional_poisoning,c4_drift_aware
5,0.2329065039448139,0.0457871666904594,0.4705006906182769,0.3897146312623868,False,c4_drift_aware__dirichlet_a0.5__directional_poisoning__seed42,42,dirichlet_a0.5,directional_poisoning,c4_drift_aware
6,0.24217726071787,0.0198745456586555,0.3453082655951998,0.3897146312623868,False,c4_drift_aware__dirichlet_a0.5__directional_poisoning__seed42,42,dirichlet_a0.5,directional_poisoning,c4_drift_aware
7,0.2249877460577251,0.0277366161447853,0.3689158208946309,0.3897146312623868,False,c4_drift_aware__dirichlet_a0.5__directional_poisoning__seed42,42,dirichlet_a0.5,directional_poisoning,c4_drift_aware
8,0.2448426705179469,0.0147359943826839,0.3213092189691322,0.3897146312623868,False,c4_drift_aware__dirichlet_a0.5__directional_poisoning__seed42,42,dirichlet_a0.5,directional_poisoning,c4_drift_aware
9,0.2368493290061041,0.0235869412176807,0.3592443256787713,0.3897146312623868,False,c4_drift_aware__dirichlet_a0.5__directional_poisoning__seed42,42,dirichlet_a0.5,directional_poisoning,c4_drift_aware
10,0.2406754127476567,0.0127869753838112,0.3070283067117915,0.3897146312623868,False,c4_drift_aware__dirichlet_a0.5__directional_poisoning__seed42,42,dirichlet_a0.5,directional_poisoning,c4_drift_aware
11,0.2388139907531687,0.0092243273955609,0.2866799480414739,0.3897146312623868,False,c4_drift_aware__dirichlet_a0.5__directional_poisoning__seed42,42,dirichlet_a0.5,directional_poisoning,c4_drift_aware
12,0.2330420646171769,0.0163084313672642,0.3176681458250477,0.3897146312623868,False,c4_drift_aware__dirichlet_a0.5__directional_poisoning__seed42,42,dirichlet_a0.5,directional_poisoning,c4_drift_aware
13,0.2409004100438035,0.0128835179808776,0.3077542731983757,0.3897146312623868,False,c4_drift_aware__dirichlet_a0.5__directional_poisoning__seed42,42,dirichlet_a0.5,directional_poisoning,c4_drift_aware
14,0.238621360309347,0.0222934618355666,0.3543043631202859,0.3897146312623868,False,c4_drift_aware__dirichlet_a0.5__directional_poisoning__seed42,42,dirichlet_a0.5,directional_poisoning,c4_drift_aware
15,0.2470207730055317,0.0266516737209228,0.3853189731107724,0.3897146312623868,False,c4_drift_aware__dirichlet_a0.5__directional_poisoning__seed42,42,dirichlet_a0.5,directional_poisoning,c4_drift_aware
16,0.2269391702903857,0.0305804764725202,0.3856243207539407,0.3897146312623868,False,c4_drift_aware__dirichlet_a0.5__directional_poisoning__seed42,42,dirichlet_a0.5,directional_poisoning,c4_drift_aware
17,0.2381538384808206,0.0369456802142952,0.4298686676808202,0.3897146312623868,False,c4_drift_aware__dirichlet_a0.5__directional_poisoning__seed42,42,dirichlet_a0.5,directional_poisoning,c4_drift_aware
18,0.235420733006,0.0224660687191969,0.3519994101967846,0.3897146312623868,False,c4_drift_aware__dirichlet_a0.5__directional_poisoning__seed42,42,dirichlet_a0.5,directional_poisoning,c4_drift_aware
19,0.2447149308362591,0.0213292912932462,0.355394756286043,0.3897146312623868,False,c4_drift_aware__dirichlet_a0.5__directional_poisoning__seed42,42,dirichlet_a0.5,directional_poisoning,c4_drift_aware
20,0.2344321389503857,0.0305779238621204,0.3931040436633151,0.3897146312623868,False,c4_drift_aware__dirichlet_a0.5__directional_poisoning__seed42,42,dirichlet_a0.5,directional_poisoning,c4_drift_aware
21,0.257327752422602,0.0297988774597709,0.4119571074490992,0.3897146312623868,False,c4_drift_aware__dirichlet_a0.5__directional_poisoning__seed42,42,dirichlet_a0.5,directional_poisoning,c4_drift_aware
22,0.2651000243873224,0.0338690753432313,0.4408500432508843,0.3897146312623868,False,c4_drift_aware__dirichlet_a0.5__directional_poisoning__seed42,42,dirichlet_a0.5,directional_poisoning,c4_drift_aware
23,0.26291628772199,0.0277180622693124,0.4067480846436793,0.3897146312623868,False,c4_drift_aware__dirichlet_a0.5__directional_poisoning__seed42,42,dirichlet_a0.5,directional_poisoning,c4_drift_aware
24,0.280292726798252,0.0311610940531754,0.4419907599495848,0.3897146312623868,False,c4_drift_aware__dirichlet_a0.5__directional_poisoning__seed42,42,dirichlet_a0.5,directional_poisoning,c4_drift_aware
0,0.5635226560248573,0.0235516865153747,0.6857347125217884,0.3897146312623868,False,c4_drift_aware__dirichlet_a0.5__sparse_coordinate_attack__seed42,42,dirichlet_a0.5,sparse_coordinate_attack,c4_drift_aware
1,0.4368235924134764,0.0265368549730911,0.5745259865543437,0.3897146312623868,False,c4_drift_aware__dirichlet_a0.5__sparse_coordinate_attack__seed42,42,dirichlet_a0.5,sparse_coordinate_attack,c4_drift_aware
2,0.2980815466954448,0.0544785054093506,0.5807759591151064,0.3897146312623868,False,c4_drift_aware__dirichlet_a0.5__sparse_coordinate_attack__seed42,42,dirichlet_a0.5,sparse_coordinate_attack,c4_drift_aware
3,0.2592929215262924,0.0514634345758296,0.5263418298837302,0.3897146312623868,False,c4_drift_aware__dirichlet_a0.5__sparse_coordinate_attack__seed42,42,dirichlet_a0.5,sparse_coordinate_attack,c4_drift_aware
4,0.2430432518358347,0.0359679646879516,0.4296846173980844,0.3897146312623868,False,c4_drift_aware__dirichlet_a0.5__sparse_coordinate_attack__seed42,42,dirichlet_a0.5,sparse_coordinate_attack,c4_drift_aware
5,0.2326890233238813,0.0459931319645655,0.4713519844012083,0.3897146312623868,False,c4_drift_aware__dirichlet_a0.5__sparse_coordinate_attack__seed42,42,dirichlet_a0.5,sparse_coordinate_attack,c4_drift_aware
6,0.2421443858696923,0.0199934319735891,0.3458923037238436,0.3897146312623868,False,c4_drift_aware__dirichlet_a0.5__sparse_coordinate_attack__seed42,42,dirichlet_a0.5,sparse_coordinate_attack,c4_drift_aware
7,0.2243934215489433,0.028256640650344,0.3710199555476434,0.3897146312623868,False,c4_drift_aware__dirichlet_a0.5__sparse_coordinate_attack__seed42,42,dirichlet_a0.5,sparse_coordinate_attack,c4_drift_aware
8,0.2448841094132939,0.0149173007237776,0.3222914745990484,0.3897146312623868,False,c4_drift_aware__dirichlet_a0.5__sparse_coordinate_attack__seed42,42,dirichlet_a0.5,sparse_coordinate_attack,c4_drift_aware
9,0.2371054170100184,0.0231204199515493,0.3570795881806035,0.3897146312623868,False,c4_drift_aware__dirichlet_a0.5__sparse_coordinate_attack__seed42,42,dirichlet_a0.5,sparse_coordinate_attack,c4_drift_aware
10,0.2507503090746173,0.0270420494799381,0.3910742080309644,0.3897146312623868,False,c4_drift_aware__dirichlet_a0.5__sparse_coordinate_attack__seed42,42,dirichlet_a0.5,sparse_coordinate_attack,c4_drift_aware
11,0.2431310085781014,0.0206305256809295,0.350184869389013,0.3897146312623868,False,c4_drift_aware__dirichlet_a0.5__sparse_coordinate_attack__seed42,42,dirichlet_a0.5,sparse_coordinate_attack,c4_drift_aware
12,0.2404460826527679,0.0110215671717563,0.2976380968637288,0.3897146312623868,False,c4_drift_aware__dirichlet_a0.5__sparse_coordinate_attack__seed42,42,dirichlet_a0.5,sparse_coordinate_attack,c4_drift_aware
13,0.245154266869061,0.0261402274080662,0.3807985209122576,0.3897146312623868,False,c4_drift_aware__dirichlet_a0.5__sparse_coordinate_attack__seed42,42,dirichlet_a0.5,sparse_coordinate_attack,c4_drift_aware
14,0.2376595235591091,0.0287185665552607,0.3866830372710128,0.3897146312623868,False,c4_drift_aware__dirichlet_a0.5__sparse_coordinate_attack__seed42,42,dirichlet_a0.5,sparse_coordinate_attack,c4_drift_aware
15,0.2524909143485626,0.0357601386207189,0.4380538496653354,0.3897146312623868,False,c4_drift_aware__dirichlet_a0.5__sparse_coordinate_attack__seed42,42,dirichlet_a0.5,sparse_coordinate_attack,c4_drift_aware
16,0.2318414410024127,0.0302337494161404,0.3887273900977073,0.3897146312623868,False,c4_drift_aware__dirichlet_a0.5__sparse_coordinate_attack__seed42,42,dirichlet_a0.5,sparse_coordinate_attack,c4_drift_aware
17,0.2408683983858241,0.0326816012961139,0.410456495671489,0.3897146312623868,False,c4_drift_aware__dirichlet_a0.5__sparse_coordinate_attack__seed42,42,dirichlet_a0.5,sparse_coordinate_attack,c4_drift_aware
18,0.236941936308704,0.0211651902833153,0.3467702252078558,0.3897146312623868,False,c4_drift_aware__dirichlet_a0.5__sparse_coordinate_attack__seed42,42,dirichlet_a0.5,sparse_coordinate_attack,c4_drift_aware
19,0.2429618916954081,0.018172030621248,0.3372583757921261,0.3897146312623868,False,c4_drift_aware__dirichlet_a0.5__sparse_coordinate_attack__seed42,42,dirichlet_a0.5,sparse_coordinate_attack,c4_drift_aware
20,0.2461110138126842,0.0311482019572663,0.4077421485891352,0.3897146312623868,False,c4_drift_aware__dirichlet_a0.5__sparse_coordinate_attack__seed42,42,dirichlet_a0.5,sparse_coordinate_attack,c4_drift_aware
21,0.2612922225970311,0.0219068583724426,0.374969101377473,0.3897146312623868,False,c4_drift_aware__dirichlet_a0.5__sparse_coordinate_attack__seed42,42,dirichlet_a0.5,sparse_coordinate_attack,c4_drift_aware
22,0.2754532417187268,0.0414243095197141,0.4904081262474753,0.3897146312623868,False,c4_drift_aware__dirichlet_a0.5__sparse_coordinate_attack__seed42,42,dirichlet_a0.5,sparse_coordinate_attack,c4_drift_aware
23,0.2788939651491415,0.0476891627244004,0.5263577994423276,0.3897146312623868,False,c4_drift_aware__dirichlet_a0.5__sparse_coordinate_attack__seed42,42,dirichlet_a0.5,sparse_coordinate_attack,c4_drift_aware
24,0.290206194340081,0.0537040154707894,0.5688817010195548,0.3897146312623868,False,c4_drift_aware__dirichlet_a0.5__sparse_coordinate_attack__seed42,42,dirichlet_a0.5,sparse_coordinate_attack,c4_drift_aware
0,0.3780451191934979,0.0445471436898002,0.6092047025142406,0.3897146312623868,False,c4_drift_aware__dirichlet_a0.5__no_attack__seed43,43,dirichlet_a0.5,no_attack,c4_drift_aware
1,0.3642980549390074,0.0352481514367006,0.5472042375591906,0.3897146312623868,False,c4_drift_aware__dirichlet_a0.5__no_attack__seed43,43,dirichlet_a0.5,no_attack,c4_drift_aware
2,0.2844421756567919,0.0136670586831363,0.3553619098694546,0.3897146312623868,False,c4_drift_aware__dirichlet_a0.5__no_attack__seed43,43,dirichlet_a0.5,no_attack,c4_drift_aware
3,0.2414753061917188,0.0134724494622151,0.3113851936960994,0.3897146312623868,False,c4_drift_aware__dirichlet_a0.5__no_attack__seed43,43,dirichlet_a0.5,no_attack,c4_drift_aware
4,0.2178490460279717,0.003319437108027,0.235073937125235,0.3897146312623868,False,c4_drift_aware__dirichlet_a0.5__no_attack__seed43,43,dirichlet_a0.5,no_attack,c4_drift_aware
5,0.1856739565916796,0.0235638582600919,0.3079491734891226,0.3897146312623868,False,c4_drift_aware__dirichlet_a0.5__no_attack__seed43,43,dirichlet_a0.5,no_attack,c4_drift_aware
6,0.1833008864907411,0.0198670669304302,0.2863930834994367,0.3897146312623868,False,c4_drift_aware__dirichlet_a0.5__no_attack__seed43,43,dirichlet_a0.5,no_attack,c4_drift_aware
7,0.1924297955987499,0.0246840821133526,0.3205179660931482,0.3897146312623868,False,c4_drift_aware__dirichlet_a0.5__no_attack__seed43,43,dirichlet_a0.5,no_attack,c4_drift_aware
8,0.2019534715629924,0.0020084621700096,0.2123755826093894,0.3897146312623868,False,c4_drift_aware__dirichlet_a0.5__no_attack__seed43,43,dirichlet_a0.5,no_attack,c4_drift_aware
9,0.2171415127183751,0.03673719904408,0.4077745122780108,0.3897146312623868,False,c4_drift_aware__dirichlet_a0.5__no_attack__seed43,43,dirichlet_a0.5,no_attack,c4_drift_aware
10,0.2153148659347163,0.0159214857976126,0.2979330478871081,0.3897146312623868,False,c4_drift_aware__dirichlet_a0.5__no_attack__seed43,43,dirichlet_a0.5,no_attack,c4_drift_aware
11,0.2214604824711874,0.0064623415413044,0.2549942189631703,0.3897146312623868,False,c4_drift_aware__dirichlet_a0.5__no_attack__seed43,43,dirichlet_a0.5,no_attack,c4_drift_aware
12,0.215740046659515,0.0083587624531161,0.25911450090498,0.3897146312623868,False,c4_drift_aware__dirichlet_a0.5__no_attack__seed43,43,dirichlet_a0.5,no_attack,c4_drift_aware
13,0.2253058248498013,0.0128249519462838,0.2918557829942629,0.3897146312623868,False,c4_drift_aware__dirichlet_a0.5__no_attack__seed43,43,dirichlet_a0.5,no_attack,c4_drift_aware
14,0.2246635430460468,0.0093793639177531,0.2733340003516598,0.3897146312623868,False,c4_drift_aware__dirichlet_a0.5__no_attack__seed43,43,dirichlet_a0.5,no_attack,c4_drift_aware
15,0.227430195781582,0.0079456048658547,0.2686607339909887,0.3897146312623868,False,c4_drift_aware__dirichlet_a0.5__no_attack__seed43,43,dirichlet_a0.5,no_attack,c4_drift_aware
16,0.22659945439832,0.0068223858679111,0.2620014969054979,0.3897146312623868,False,c4_drift_aware__dirichlet_a0.5__no_attack__seed43,43,dirichlet_a0.5,no_attack,c4_drift_aware
17,0.226284607472251,0.009506213455913,0.2756132997163293,0.3897146312623868,False,c4_drift_aware__dirichlet_a0.5__no_attack__seed43,43,dirichlet_a0.5,no_attack,c4_drift_aware
18,0.2316300034468656,0.0168760804892863,0.3192016727138215,0.3897146312623868,False,c4_drift_aware__dirichlet_a0.5__no_attack__seed43,43,dirichlet_a0.5,no_attack,c4_drift_aware
19,0.2198596924200424,0.025738949549967,0.3534216755297762,0.3897146312623868,False,c4_drift_aware__dirichlet_a0.5__no_attack__seed43,43,dirichlet_a0.5,no_attack,c4_drift_aware
20,0.2172587591240863,0.0275646566649616,0.360294519024239,0.3897146312623868,False,c4_drift_aware__dirichlet_a0.5__no_attack__seed43,43,dirichlet_a0.5,no_attack,c4_drift_aware
21,0.2128832162931925,0.0406080185828156,0.4236022855212814,0.3897146312623868,False,c4_drift_aware__dirichlet_a0.5__no_attack__seed43,43,dirichlet_a0.5,no_attack,c4_drift_aware
22,0.2026532262920612,0.0265993474485907,0.3406799001375433,0.3897146312623868,False,c4_drift_aware__dirichlet_a0.5__no_attack__seed43,43,dirichlet_a0.5,no_attack,c4_drift_aware
23,0.1924862109088984,0.0332537249575861,0.3650431150863086,0.3897146312623868,False,c4_drift_aware__dirichlet_a0.5__no_attack__seed43,43,dirichlet_a0.5,no_attack,c4_drift_aware
24,0.1967327016721977,0.0381983537027843,0.3949477788713161,0.3897146312623868,False,c4_drift_aware__dirichlet_a0.5__no_attack__seed43,43,dirichlet_a0.5,no_attack,c4_drift_aware
0,0.3780451420998419,0.0445471238840066,0.609204622646341,0.3897146312623868,False,c4_drift_aware__dirichlet_a0.5__large_norm__seed43,43,dirichlet_a0.5,large_norm,c4_drift_aware
1,0.3642367065046731,0.0353282768398101,0.5475586678541318,0.3897146312623868,False,c4_drift_aware__dirichlet_a0.5__large_norm__seed43,43,dirichlet_a0.5,large_norm,c4_drift_aware
2,0.2844009207771594,0.013667271217484,0.355321757851806,0.3897146312623868,False,c4_drift_aware__dirichlet_a0.5__large_norm__seed43,43,dirichlet_a0.5,large_norm,c4_drift_aware
3,0.2416903737297103,0.0131798879650341,0.3100821303690689,0.3897146312623868,False,c4_drift_aware__dirichlet_a0.5__large_norm__seed43,43,dirichlet_a0.5,large_norm,c4_drift_aware
4,0.2176121367756359,0.0035948291989993,0.2362660649721632,0.3897146312623868,False,c4_drift_aware__dirichlet_a0.5__large_norm__seed43,43,dirichlet_a0.5,large_norm,c4_drift_aware
5,0.1856743033545008,0.0234111606108708,0.307157156880371,0.3897146312623868,False,c4_drift_aware__dirichlet_a0.5__large_norm__seed43,43,dirichlet_a0.5,large_norm,c4_drift_aware
6,0.1828962002479939,0.0195923980876533,0.2845631131646357,0.3897146312623868,False,c4_drift_aware__dirichlet_a0.5__large_norm__seed43,43,dirichlet_a0.5,large_norm,c4_drift_aware
7,0.1919424832392492,0.0250985329923394,0.3221812807897977,0.3897146312623868,False,c4_drift_aware__dirichlet_a0.5__large_norm__seed43,43,dirichlet_a0.5,large_norm,c4_drift_aware
8,0.2024350051455148,0.0025999372034622,0.2159263392880006,0.3897146312623868,False,c4_drift_aware__dirichlet_a0.5__large_norm__seed43,43,dirichlet_a0.5,large_norm,c4_drift_aware
9,0.2171107914491937,0.0373129908139435,0.4107316320818283,0.3897146312623868,False,c4_drift_aware__dirichlet_a0.5__large_norm__seed43,43,dirichlet_a0.5,large_norm,c4_drift_aware
10,0.2106939781026113,0.0098410161575266,0.2617599950456331,0.3897146312623868,False,c4_drift_aware__dirichlet_a0.5__large_norm__seed43,43,dirichlet_a0.5,large_norm,c4_drift_aware
11,0.2155749770929959,0.0269095631693335,0.3552113913349846,0.3897146312623868,False,c4_drift_aware__dirichlet_a0.5__large_norm__seed43,43,dirichlet_a0.5,large_norm,c4_drift_aware
12,0.2886443912060248,0.0764352869561603,0.6852747387502363,0.3897146312623868,False,c4_drift_aware__dirichlet_a0.5__large_norm__seed43,43,dirichlet_a0.5,large_norm,c4_drift_aware
13,0.2339380980391362,0.029116702750965,0.3850275802841691,0.3897146312623868,False,c4_drift_aware__dirichlet_a0.5__large_norm__seed43,43,dirichlet_a0.5,large_norm,c4_drift_aware
14,0.2415382293394433,0.0145842622517883,0.3172174245901981,0.3897146312623868,False,c4_drift_aware__dirichlet_a0.5__large_norm__seed43,43,dirichlet_a0.5,large_norm,c4_drift_aware
15,0.2388624929738459,0.000179629404496,0.2397946079167166,0.3897146312623868,False,c4_drift_aware__dirichlet_a0.5__large_norm__seed43,43,dirichlet_a0.5,large_norm,c4_drift_aware
16,0.225361922678541,0.0340648883993638,0.4021280350716801,0.3897146312623868,False,c4_drift_aware__dirichlet_a0.5__large_norm__seed43,43,dirichlet_a0.5,large_norm,c4_drift_aware
17,0.2423536720028052,0.0317300159910247,0.4070038979818315,0.3897146312623868,False,c4_drift_aware__dirichlet_a0.5__large_norm__seed43,43,dirichlet_a0.5,large_norm,c4_drift_aware
18,0.2006351573497391,0.0148186432195892,0.2775305788805099,0.3897146312623868,False,c4_drift_aware__dirichlet_a0.5__large_norm__seed43,43,dirichlet_a0.5,large_norm,c4_drift_aware
19,0.2042387121400585,0.0611828847658518,0.5217228194785404,0.3897146312623868,False,c4_drift_aware__dirichlet_a0.5__large_norm__seed43,43,dirichlet_a0.5,large_norm,c4_drift_aware
20,0.1953336197205026,0.0317763954455511,0.3602245133270121,0.3897146312623868,False,c4_drift_aware__dirichlet_a0.5__large_norm__seed43,43,dirichlet_a0.5,large_norm,c4_drift_aware
21,0.197160065249634,0.0272925673421786,0.338783926444933,0.3897146312623868,False,c4_drift_aware__dirichlet_a0.5__large_norm__seed43,43,dirichlet_a0.5,large_norm,c4_drift_aware
22,0.1836750001893301,0.0241428198411271,0.308954506626923,0.3897146312623868,False,c4_drift_aware__dirichlet_a0.5__large_norm__seed43,43,dirichlet_a0.5,large_norm,c4_drift_aware
23,0.1736903753806532,0.0175402869338727,0.2647086783092123,0.3897146312623868,False,c4_drift_aware__dirichlet_a0.5__large_norm__seed43,43,dirichlet_a0.5,large_norm,c4_drift_aware
24,0.1786480410405508,0.054920483420456,0.4636359215576394,0.3897146312623868,False,c4_drift_aware__dirichlet_a0.5__large_norm__seed43,43,dirichlet_a0.5,large_norm,c4_drift_aware
0,0.3780552973188415,0.044536138321497,0.6091577726829218,0.3897146312623868,False,c4_drift_aware__dirichlet_a0.5__directional_poisoning__seed43,43,dirichlet_a0.5,directional_poisoning,c4_drift_aware
1,0.3642666467491574,0.0353052646297765,0.5474691954395308,0.3897146312623868,False,c4_drift_aware__dirichlet_a0.5__directional_poisoning__seed43,43,dirichlet_a0.5,directional_poisoning,c4_drift_aware
2,0.2845801930983,0.0138271295926483,0.3563305512675117,0.3897146312623868,False,c4_drift_aware__dirichlet_a0.5__directional_poisoning__seed43,43,dirichlet_a0.5,directional_poisoning,c4_drift_aware
3,0.2418120875715348,0.0126965250207468,0.3076956255566925,0.3897146312623868,False,c4_drift_aware__dirichlet_a0.5__directional_poisoning__seed43,43,dirichlet_a0.5,directional_poisoning,c4_drift_aware
4,0.2175904053816248,0.0039192941898831,0.2379280148623475,0.3897146312623868,False,c4_drift_aware__dirichlet_a0.5__directional_poisoning__seed43,43,dirichlet_a0.5,directional_poisoning,c4_drift_aware
5,0.1855209260531095,0.0231867108134299,0.3058390871350788,0.3897146312623868,False,c4_drift_aware__dirichlet_a0.5__directional_poisoning__seed43,43,dirichlet_a0.5,directional_poisoning,c4_drift_aware
6,0.1841767922680476,0.0210902130637023,0.2936160168769054,0.3897146312623868,False,c4_drift_aware__dirichlet_a0.5__directional_poisoning__seed43,43,dirichlet_a0.5,directional_poisoning,c4_drift_aware
7,0.1929954547663301,0.0248573989785515,0.3219829838059319,0.3897146312623868,False,c4_drift_aware__dirichlet_a0.5__directional_poisoning__seed43,43,dirichlet_a0.5,directional_poisoning,c4_drift_aware
8,0.2026399887553739,0.0010112190009349,0.2078873052731253,0.3897146312623868,False,c4_drift_aware__dirichlet_a0.5__directional_poisoning__seed43,43,dirichlet_a0.5,directional_poisoning,c4_drift_aware
9,0.2183547274569718,0.0372441418962357,0.4116183041707289,0.3897146312623868,False,c4_drift_aware__dirichlet_a0.5__directional_poisoning__seed43,43,dirichlet_a0.5,directional_poisoning,c4_drift_aware
10,0.2153864345226957,0.0147337064077988,0.2918411104434046,0.3897146312623868,False,c4_drift_aware__dirichlet_a0.5__directional_poisoning__seed43,43,dirichlet_a0.5,directional_poisoning,c4_drift_aware
11,0.2297843159829747,0.0340584624806802,0.4065170836414725,0.3897146312623868,False,c4_drift_aware__dirichlet_a0.5__directional_poisoning__seed43,43,dirichlet_a0.5,directional_poisoning,c4_drift_aware
12,0.2307018559390968,0.0344432576165925,0.4094313640373571,0.3897146312623868,False,c4_drift_aware__dirichlet_a0.5__directional_poisoning__seed43,43,dirichlet_a0.5,directional_poisoning,c4_drift_aware
13,0.2393704145735629,0.0294450797645446,0.3921638779797614,0.3897146312623868,False,c4_drift_aware__dirichlet_a0.5__directional_poisoning__seed43,43,dirichlet_a0.5,directional_poisoning,c4_drift_aware
14,0.2458631097827593,0.0272118337979979,0.3870680365439504,0.3897146312623868,False,c4_drift_aware__dirichlet_a0.5__directional_poisoning__seed43,43,dirichlet_a0.5,directional_poisoning,c4_drift_aware
15,0.2336552287677644,0.0100153218718331,0.2856257354928936,0.3897146312623868,False,c4_drift_aware__dirichlet_a0.5__directional_poisoning__seed43,43,dirichlet_a0.5,directional_poisoning,c4_drift_aware
16,0.2297135732198421,0.013909179017977,0.3018896940620268,0.3897146312623868,False,c4_drift_aware__dirichlet_a0.5__directional_poisoning__seed43,43,dirichlet_a0.5,directional_poisoning,c4_drift_aware
17,0.2151628045491552,0.0274560004595519,0.3576347365338163,0.3897146312623868,False,c4_drift_aware__dirichlet_a0.5__directional_poisoning__seed43,43,dirichlet_a0.5,directional_poisoning,c4_drift_aware
18,0.2099637105043081,0.0163839118305589,0.2949814673842614,0.3897146312623868,False,c4_drift_aware__dirichlet_a0.5__directional_poisoning__seed43,43,dirichlet_a0.5,directional_poisoning,c4_drift_aware
19,0.2067416612776243,0.0335877817302065,0.3810320194538389,0.3897146312623868,False,c4_drift_aware__dirichlet_a0.5__directional_poisoning__seed43,43,dirichlet_a0.5,directional_poisoning,c4_drift_aware
20,0.1967158168542647,0.0089383953772473,0.2430980443063388,0.3897146312623868,False,c4_drift_aware__dirichlet_a0.5__directional_poisoning__seed43,43,dirichlet_a0.5,directional_poisoning,c4_drift_aware
21,0.1973566028107211,0.0553456402770597,0.4845506647724118,0.3897146312623868,False,c4_drift_aware__dirichlet_a0.5__directional_poisoning__seed43,43,dirichlet_a0.5,directional_poisoning,c4_drift_aware
22,0.1901272541135348,0.0232787524117285,0.3109230282532353,0.3897146312623868,False,c4_drift_aware__dirichlet_a0.5__directional_poisoning__seed43,43,dirichlet_a0.5,directional_poisoning,c4_drift_aware
23,0.1713645365905494,0.0134861553374988,0.2413455452523646,0.3897146312623868,False,c4_drift_aware__dirichlet_a0.5__directional_poisoning__seed43,43,dirichlet_a0.5,directional_poisoning,c4_drift_aware
24,0.1853402621552644,0.0632566619817175,0.5135854068445951,0.3897146312623868,False,c4_drift_aware__dirichlet_a0.5__directional_poisoning__seed43,43,dirichlet_a0.5,directional_poisoning,c4_drift_aware
0,0.3780552840711877,0.0445369691359324,0.6091620706144549,0.3897146312623868,False,c4_drift_aware__dirichlet_a0.5__sparse_coordinate_attack__seed43,43,dirichlet_a0.5,sparse_coordinate_attack,c4_drift_aware
1,0.3641955329764838,0.0353434201074343,0.5475960742559715,0.3897146312623868,False,c4_drift_aware__dirichlet_a0.5__sparse_coordinate_attack__seed43,43,dirichlet_a0.5,sparse_coordinate_attack,c4_drift_aware
2,0.2846967174672306,0.0139624833192069,0.3571494396589274,0.3897146312623868,False,c4_drift_aware__dirichlet_a0.5__sparse_coordinate_attack__seed43,43,dirichlet_a0.5,sparse_coordinate_attack,c4_drift_aware
3,0.241759237156849,0.0129668061734702,0.3090452910716033,0.3897146312623868,False,c4_drift_aware__dirichlet_a0.5__sparse_coordinate_attack__seed43,43,dirichlet_a0.5,sparse_coordinate_attack,c4_drift_aware
4,0.2174829811532189,0.0036644102040069,0.2364979721428311,0.3897146312623868,False,c4_drift_aware__dirichlet_a0.5__sparse_coordinate_attack__seed43,43,dirichlet_a0.5,sparse_coordinate_attack,c4_drift_aware
5,0.1853891532719469,0.0231875563019381,0.305711701678334,0.3897146312623868,False,c4_drift_aware__dirichlet_a0.5__sparse_coordinate_attack__seed43,43,dirichlet_a0.5,sparse_coordinate_attack,c4_drift_aware
6,0.1839655755343672,0.0207479470353917,0.2916287474957184,0.3897146312623868,False,c4_drift_aware__dirichlet_a0.5__sparse_coordinate_attack__seed43,43,dirichlet_a0.5,sparse_coordinate_attack,c4_drift_aware
7,0.1922898670355003,0.0252822453192611,0.3234819662216783,0.3897146312623868,False,c4_drift_aware__dirichlet_a0.5__sparse_coordinate_attack__seed43,43,dirichlet_a0.5,sparse_coordinate_attack,c4_drift_aware
8,0.2032979462888312,0.0028791226906178,0.2182380018427162,0.3897146312623868,False,c4_drift_aware__dirichlet_a0.5__sparse_coordinate_attack__seed43,43,dirichlet_a0.5,sparse_coordinate_attack,c4_drift_aware
9,0.2178366695218999,0.0371702523813415,0.4107168261539191,0.3897146312623868,False,c4_drift_aware__dirichlet_a0.5__sparse_coordinate_attack__seed43,43,dirichlet_a0.5,sparse_coordinate_attack,c4_drift_aware
10,0.2134733266743266,0.0146548457486884,0.289518786748846,0.3897146312623868,False,c4_drift_aware__dirichlet_a0.5__sparse_coordinate_attack__seed43,43,dirichlet_a0.5,sparse_coordinate_attack,c4_drift_aware
11,0.2149781271831267,0.0263303311431849,0.3516088485182278,0.3897146312623868,False,c4_drift_aware__dirichlet_a0.5__sparse_coordinate_attack__seed43,43,dirichlet_a0.5,sparse_coordinate_attack,c4_drift_aware
12,0.2281242869746684,0.0257095443494214,0.3615336835582515,0.3897146312623868,False,c4_drift_aware__dirichlet_a0.5__sparse_coordinate_attack__seed43,43,dirichlet_a0.5,sparse_coordinate_attack,c4_drift_aware
13,0.2317697052221256,0.0241524185618963,0.3570990203816619,0.3897146312623868,False,c4_drift_aware__dirichlet_a0.5__sparse_coordinate_attack__seed43,43,dirichlet_a0.5,sparse_coordinate_attack,c4_drift_aware
14,0.240592442135398,0.0144939942689791,0.3158032277965577,0.3897146312623868,False,c4_drift_aware__dirichlet_a0.5__sparse_coordinate_attack__seed43,43,dirichlet_a0.5,sparse_coordinate_attack,c4_drift_aware
15,0.2310168205741734,0.0160068210768846,0.3140778158242355,0.3897146312623868,False,c4_drift_aware__dirichlet_a0.5__sparse_coordinate_attack__seed43,43,dirichlet_a0.5,sparse_coordinate_attack,c4_drift_aware
16,0.2178795558001071,0.0234493398132019,0.3395605250247935,0.3897146312623868,False,c4_drift_aware__dirichlet_a0.5__sparse_coordinate_attack__seed43,43,dirichlet_a0.5,sparse_coordinate_attack,c4_drift_aware
17,0.2162669013331349,0.0158638617234484,0.2985860662022813,0.3897146312623868,False,c4_drift_aware__dirichlet_a0.5__sparse_coordinate_attack__seed43,43,dirichlet_a0.5,sparse_coordinate_attack,c4_drift_aware
18,0.204758612656329,0.0321256194600903,0.3714616645966838,0.3897146312623868,False,c4_drift_aware__dirichlet_a0.5__sparse_coordinate_attack__seed43,43,dirichlet_a0.5,sparse_coordinate_attack,c4_drift_aware
19,0.2037296324330507,0.0303714262769507,0.361330000526776,0.3897146312623868,False,c4_drift_aware__dirichlet_a0.5__sparse_coordinate_attack__seed43,43,dirichlet_a0.5,sparse_coordinate_attack,c4_drift_aware
20,0.1990866851723811,0.0267547104297547,0.3379195530634213,0.3897146312623868,False,c4_drift_aware__dirichlet_a0.5__sparse_coordinate_attack__seed43,43,dirichlet_a0.5,sparse_coordinate_attack,c4_drift_aware
21,0.1938023518723133,0.0263515136039011,0.3305429911143165,0.3897146312623868,False,c4_drift_aware__dirichlet_a0.5__sparse_coordinate_attack__seed43,43,dirichlet_a0.5,sparse_coordinate_attack,c4_drift_aware
22,0.1781882960252878,0.0156424728519566,0.2593586519013758,0.3897146312623868,False,c4_drift_aware__dirichlet_a0.5__sparse_coordinate_attack__seed43,43,dirichlet_a0.5,sparse_coordinate_attack,c4_drift_aware
23,0.1973110708646984,0.0587869311007202,0.5023623350394459,0.3897146312623868,False,c4_drift_aware__dirichlet_a0.5__sparse_coordinate_attack__seed43,43,dirichlet_a0.5,sparse_coordinate_attack,c4_drift_aware
24,0.1898275667972785,0.0325061739586707,0.3585053540862171,0.3897146312623868,False,c4_drift_aware__dirichlet_a0.5__sparse_coordinate_attack__seed43,43,dirichlet_a0.5,sparse_coordinate_attack,c4_drift_aware
0,0.4149636774258786,0.0461947532070232,0.6546728712924427,0.3897146312623868,False,c4_drift_aware__dirichlet_a0.5__no_attack__seed44,44,dirichlet_a0.5,no_attack,c4_drift_aware
1,0.3078581465935431,0.0390117286101421,0.5102939075244317,0.3897146312623868,False,c4_drift_aware__dirichlet_a0.5__no_attack__seed44,44,dirichlet_a0.5,no_attack,c4_drift_aware
2,0.2629410999412129,0.0351753506202757,0.4454695118448856,0.3897146312623868,False,c4_drift_aware__dirichlet_a0.5__no_attack__seed44,44,dirichlet_a0.5,no_attack,c4_drift_aware
3,0.2248441895619353,0.041062081270534,0.4379194354828634,0.3897146312623868,False,c4_drift_aware__dirichlet_a0.5__no_attack__seed44,44,dirichlet_a0.5,no_attack,c4_drift_aware
4,0.2170789732029004,0.0303389704855956,0.3745109249497048,0.3897146312623868,False,c4_drift_aware__dirichlet_a0.5__no_attack__seed44,44,dirichlet_a0.5,no_attack,c4_drift_aware
5,0.2075870803475137,0.0252585358728576,0.3386561488453595,0.3897146312623868,False,c4_drift_aware__dirichlet_a0.5__no_attack__seed44,44,dirichlet_a0.5,no_attack,c4_drift_aware
6,0.203073093306932,0.0296391091241007,0.356873394462803,0.3897146312623868,False,c4_drift_aware__dirichlet_a0.5__no_attack__seed44,44,dirichlet_a0.5,no_attack,c4_drift_aware
7,0.1968494275999286,0.0266936316158372,0.3353653514176697,0.3897146312623868,False,c4_drift_aware__dirichlet_a0.5__no_attack__seed44,44,dirichlet_a0.5,no_attack,c4_drift_aware
8,0.1949609601943634,0.0227017941051762,0.3127628399855333,0.3897146312623868,False,c4_drift_aware__dirichlet_a0.5__no_attack__seed44,44,dirichlet_a0.5,no_attack,c4_drift_aware
9,0.1997129019515788,0.0235627830204185,0.3219825393228329,0.3897146312623868,False,c4_drift_aware__dirichlet_a0.5__no_attack__seed44,44,dirichlet_a0.5,no_attack,c4_drift_aware
10,0.2089368065381601,0.015879473956215,0.2913369848443557,0.3897146312623868,False,c4_drift_aware__dirichlet_a0.5__no_attack__seed44,44,dirichlet_a0.5,no_attack,c4_drift_aware
11,0.1973060638802003,0.0133491565510567,0.2665761721392888,0.3897146312623868,False,c4_drift_aware__dirichlet_a0.5__no_attack__seed44,44,dirichlet_a0.5,no_attack,c4_drift_aware
12,0.2165093053911476,0.0255956115445504,0.3493274932569744,0.3897146312623868,False,c4_drift_aware__dirichlet_a0.5__no_attack__seed44,44,dirichlet_a0.5,no_attack,c4_drift_aware
13,0.2195951132182632,0.0260996622363118,0.3550288705287087,0.3897146312623868,False,c4_drift_aware__dirichlet_a0.5__no_attack__seed44,44,dirichlet_a0.5,no_attack,c4_drift_aware
14,0.2180560720174814,0.0262304122198339,0.3541683040674219,0.3897146312623868,False,c4_drift_aware__dirichlet_a0.5__no_attack__seed44,44,dirichlet_a0.5,no_attack,c4_drift_aware
15,0.2173253391991333,0.0153165832966293,0.2968046215836727,0.3897146312623868,False,c4_drift_aware__dirichlet_a0.5__no_attack__seed44,44,dirichlet_a0.5,no_attack,c4_drift_aware
16,0.222823991143599,0.0111549910572668,0.2807083552388627,0.3897146312623868,False,c4_drift_aware__dirichlet_a0.5__no_attack__seed44,44,dirichlet_a0.5,no_attack,c4_drift_aware
17,0.2166347933996344,0.0107112998782314,0.2722167995977653,0.3897146312623868,False,c4_drift_aware__dirichlet_a0.5__no_attack__seed44,44,dirichlet_a0.5,no_attack,c4_drift_aware
18,0.2270521574824323,0.0176986178613145,0.3188920554265794,0.3897146312623868,False,c4_drift_aware__dirichlet_a0.5__no_attack__seed44,44,dirichlet_a0.5,no_attack,c4_drift_aware
19,0.2169956542395452,0.015726399745735,0.2986015151601387,0.3897146312623868,False,c4_drift_aware__dirichlet_a0.5__no_attack__seed44,44,dirichlet_a0.5,no_attack,c4_drift_aware
20,0.2299594102472248,0.0234113039719038,0.3514430076878312,0.3897146312623868,False,c4_drift_aware__dirichlet_a0.5__no_attack__seed44,44,dirichlet_a0.5,no_attack,c4_drift_aware
21,0.2399206104205728,0.0358341473031204,0.4258675841911951,0.3897146312623868,False,c4_drift_aware__dirichlet_a0.5__no_attack__seed44,44,dirichlet_a0.5,no_attack,c4_drift_aware
22,0.2352848500949478,0.0310752159406619,0.3965372531326365,0.3897146312623868,False,c4_drift_aware__dirichlet_a0.5__no_attack__seed44,44,dirichlet_a0.5,no_attack,c4_drift_aware
23,0.2325917564407952,0.0325222298661731,0.4013528594393543,0.3897146312623868,False,c4_drift_aware__dirichlet_a0.5__no_attack__seed44,44,dirichlet_a0.5,no_attack,c4_drift_aware
24,0.2414629379563288,0.0315864979387559,0.4053684344103275,0.3897146312623868,False,c4_drift_aware__dirichlet_a0.5__no_attack__seed44,44,dirichlet_a0.5,no_attack,c4_drift_aware
0,0.4149636712134879,0.0461948055618389,0.6546731367544265,0.3897146312623868,False,c4_drift_aware__dirichlet_a0.5__large_norm__seed44,44,dirichlet_a0.5,large_norm,c4_drift_aware
1,0.3076783816834355,0.0392063647719226,0.5111241291214192,0.3897146312623868,False,c4_drift_aware__dirichlet_a0.5__large_norm__seed44,44,dirichlet_a0.5,large_norm,c4_drift_aware
2,0.262843451629447,0.0350204747976632,0.4445681974020012,0.3897146312623868,False,c4_drift_aware__dirichlet_a0.5__large_norm__seed44,44,dirichlet_a0.5,large_norm,c4_drift_aware
3,0.2253222859255969,0.0403552125881693,0.4347295195668665,0.3897146312623868,False,c4_drift_aware__dirichlet_a0.5__large_norm__seed44,44,dirichlet_a0.5,large_norm,c4_drift_aware
4,0.2170583788153433,0.0301064195618749,0.3732836005638686,0.3897146312623868,False,c4_drift_aware__dirichlet_a0.5__large_norm__seed44,44,dirichlet_a0.5,large_norm,c4_drift_aware
5,0.2077013462717599,0.0251865285649986,0.3383967616483942,0.3897146312623868,False,c4_drift_aware__dirichlet_a0.5__large_norm__seed44,44,dirichlet_a0.5,large_norm,c4_drift_aware
6,0.2029357393239616,0.0300010750650832,0.3586143179441849,0.3897146312623868,False,c4_drift_aware__dirichlet_a0.5__large_norm__seed44,44,dirichlet_a0.5,large_norm,c4_drift_aware
7,0.1967679765211666,0.0263107645558357,0.3332971648778537,0.3897146312623868,False,c4_drift_aware__dirichlet_a0.5__large_norm__seed44,44,dirichlet_a0.5,large_norm,c4_drift_aware
8,0.1947120730402834,0.0231087422224009,0.3146256473065441,0.3897146312623868,False,c4_drift_aware__dirichlet_a0.5__large_norm__seed44,44,dirichlet_a0.5,large_norm,c4_drift_aware
9,0.1997240005887324,0.0237278716181847,0.3228502992026547,0.3897146312623868,False,c4_drift_aware__dirichlet_a0.5__large_norm__seed44,44,dirichlet_a0.5,large_norm,c4_drift_aware
10,0.2003125299112542,0.0407444363652015,0.4117394846539216,0.3897146312623868,False,c4_drift_aware__dirichlet_a0.5__large_norm__seed44,44,dirichlet_a0.5,large_norm,c4_drift_aware
11,0.2524951101270989,0.0914511530249302,0.7270442882887644,0.3897146312623868,False,c4_drift_aware__dirichlet_a0.5__large_norm__seed44,44,dirichlet_a0.5,large_norm,c4_drift_aware
12,0.272347813254321,0.0366931285851521,0.4627521267955342,0.3897146312623868,False,c4_drift_aware__dirichlet_a0.5__large_norm__seed44,44,dirichlet_a0.5,large_norm,c4_drift_aware
13,0.2658834295134638,0.063222150982183,0.5939494931751099,0.3897146312623868,False,c4_drift_aware__dirichlet_a0.5__large_norm__seed44,44,dirichlet_a0.5,large_norm,c4_drift_aware
14,0.2688524912175725,0.0296421737509909,0.4226686950288394,0.3897146312623868,False,c4_drift_aware__dirichlet_a0.5__large_norm__seed44,44,dirichlet_a0.5,large_norm,c4_drift_aware
15,0.2194843975916116,0.0158386911348162,0.3016729497592867,0.3897146312623868,False,c4_drift_aware__dirichlet_a0.5__large_norm__seed44,44,dirichlet_a0.5,large_norm,c4_drift_aware
16,0.2991885620455758,0.0982189381149715,0.8088564538179748,0.3897146312623868,False,c4_drift_aware__dirichlet_a0.5__large_norm__seed44,44,dirichlet_a0.5,large_norm,c4_drift_aware
17,0.2843875579715225,0.0767708635005216,0.6827592457620794,0.3897146312623868,False,c4_drift_aware__dirichlet_a0.5__large_norm__seed44,44,dirichlet_a0.5,large_norm,c4_drift_aware
18,0.297661793875746,0.1023773077103709,0.8289078813156319,0.3897146312623868,False,c4_drift_aware__dirichlet_a0.5__large_norm__seed44,44,dirichlet_a0.5,large_norm,c4_drift_aware
19,0.2617348351423539,0.040336100285226,0.4710428931324205,0.3897146312623868,False,c4_drift_aware__dirichlet_a0.5__large_norm__seed44,44,dirichlet_a0.5,large_norm,c4_drift_aware
20,0.2488091352736993,0.0745402634263334,0.635606016219286,0.3897146312623868,False,c4_drift_aware__dirichlet_a0.5__large_norm__seed44,44,dirichlet_a0.5,large_norm,c4_drift_aware
21,0.2595920995505796,0.0443023601156964,0.4894814764269403,0.3897146312623868,False,c4_drift_aware__dirichlet_a0.5__large_norm__seed44,44,dirichlet_a0.5,large_norm,c4_drift_aware
22,0.2411047639889767,0.0373421136204985,0.4348767257771057,0.3897146312623868,False,c4_drift_aware__dirichlet_a0.5__large_norm__seed44,44,dirichlet_a0.5,large_norm,c4_drift_aware
23,0.2503289291017859,0.0355900109108379,0.4350090547192149,0.3897146312623868,False,c4_drift_aware__dirichlet_a0.5__large_norm__seed44,44,dirichlet_a0.5,large_norm,c4_drift_aware
24,0.2293293012430096,0.0257555634405229,0.3629774954922274,0.3897146312623868,False,c4_drift_aware__dirichlet_a0.5__large_norm__seed44,44,dirichlet_a0.5,large_norm,c4_drift_aware
0,0.4149636834107325,0.0461947751337301,0.6546729910571714,0.3897146312623868,False,c4_drift_aware__dirichlet_a0.5__directional_poisoning__seed44,44,dirichlet_a0.5,directional_poisoning,c4_drift_aware
1,0.3077266888205658,0.0392302948447449,0.5112966117994318,0.3897146312623868,False,c4_drift_aware__dirichlet_a0.5__directional_poisoning__seed44,44,dirichlet_a0.5,directional_poisoning,c4_drift_aware
2,0.2627349732418496,0.0352809452558836,0.4458113262691552,0.3897146312623868,False,c4_drift_aware__dirichlet_a0.5__directional_poisoning__seed44,44,dirichlet_a0.5,directional_poisoning,c4_drift_aware
3,0.2249997825552049,0.040658382053046,0.4359801928666661,0.3897146312623868,False,c4_drift_aware__dirichlet_a0.5__directional_poisoning__seed44,44,dirichlet_a0.5,directional_poisoning,c4_drift_aware
4,0.2169821054398777,0.0298989932541593,0.3721309713350358,0.3897146312623868,False,c4_drift_aware__dirichlet_a0.5__directional_poisoning__seed44,44,dirichlet_a0.5,directional_poisoning,c4_drift_aware
5,0.2079309500490259,0.0242383137733927,0.3337059840505381,0.3897146312623868,False,c4_drift_aware__dirichlet_a0.5__directional_poisoning__seed44,44,dirichlet_a0.5,directional_poisoning,c4_drift_aware
6,0.2025628593715503,0.0298281879550036,0.3573443094888598,0.3897146312623868,False,c4_drift_aware__dirichlet_a0.5__directional_poisoning__seed44,44,dirichlet_a0.5,directional_poisoning,c4_drift_aware
7,0.1969882238493089,0.0261524338335237,0.3326958182548468,0.3897146312623868,False,c4_drift_aware__dirichlet_a0.5__directional_poisoning__seed44,44,dirichlet_a0.5,directional_poisoning,c4_drift_aware
8,0.1946029378530224,0.0233504321625695,0.3157706653878122,0.3897146312623868,False,c4_drift_aware__dirichlet_a0.5__directional_poisoning__seed44,44,dirichlet_a0.5,directional_poisoning,c4_drift_aware
9,0.199815673404659,0.0239594205744806,0.3241435027076968,0.3897146312623868,False,c4_drift_aware__dirichlet_a0.5__directional_poisoning__seed44,44,dirichlet_a0.5,directional_poisoning,c4_drift_aware
10,0.2088775609105522,0.0157766678890738,0.2907442682537455,0.3897146312623868,False,c4_drift_aware__dirichlet_a0.5__directional_poisoning__seed44,44,dirichlet_a0.5,directional_poisoning,c4_drift_aware
11,0.2044617674771769,0.0130649584669746,0.2722571434581549,0.3897146312623868,False,c4_drift_aware__dirichlet_a0.5__directional_poisoning__seed44,44,dirichlet_a0.5,directional_poisoning,c4_drift_aware
12,0.2123622418075022,0.0148400339078446,0.2893686617586987,0.3897146312623868,False,c4_drift_aware__dirichlet_a0.5__directional_poisoning__seed44,44,dirichlet_a0.5,directional_poisoning,c4_drift_aware
13,0.2155134323263164,0.027937290317838,0.3604828255146098,0.3897146312623868,False,c4_drift_aware__dirichlet_a0.5__directional_poisoning__seed44,44,dirichlet_a0.5,directional_poisoning,c4_drift_aware
14,0.2261183211248069,0.0229212100427758,0.3450587721577749,0.3897146312623868,False,c4_drift_aware__dirichlet_a0.5__directional_poisoning__seed44,44,dirichlet_a0.5,directional_poisoning,c4_drift_aware
15,0.2343797234034806,0.0187322077075648,0.3315830224188054,0.3897146312623868,False,c4_drift_aware__dirichlet_a0.5__directional_poisoning__seed44,44,dirichlet_a0.5,directional_poisoning,c4_drift_aware
16,0.2226215160708698,0.008706037493552,0.2677980152286606,0.3897146312623868,False,c4_drift_aware__dirichlet_a0.5__directional_poisoning__seed44,44,dirichlet_a0.5,directional_poisoning,c4_drift_aware
17,0.2051971135221578,0.0053534669815173,0.2329767890359493,0.3897146312623868,False,c4_drift_aware__dirichlet_a0.5__directional_poisoning__seed44,44,dirichlet_a0.5,directional_poisoning,c4_drift_aware
18,0.2166208523943928,0.0237975192214668,0.3401085593865064,0.3897146312623868,False,c4_drift_aware__dirichlet_a0.5__directional_poisoning__seed44,44,dirichlet_a0.5,directional_poisoning,c4_drift_aware
19,0.2191282936127902,0.0350139735113277,0.400819303560421,0.3897146312623868,False,c4_drift_aware__dirichlet_a0.5__directional_poisoning__seed44,44,dirichlet_a0.5,directional_poisoning,c4_drift_aware
20,0.2501134586996729,0.0227166095319283,0.3679922172218025,0.3897146312623868,False,c4_drift_aware__dirichlet_a0.5__directional_poisoning__seed44,44,dirichlet_a0.5,directional_poisoning,c4_drift_aware
21,0.2552230881001635,0.0393117041510752,0.4592154521105082,0.3897146312623868,False,c4_drift_aware__dirichlet_a0.5__directional_poisoning__seed44,44,dirichlet_a0.5,directional_poisoning,c4_drift_aware
22,0.2586912171676337,0.0457608164461349,0.4961486697882726,0.3897146312623868,False,c4_drift_aware__dirichlet_a0.5__directional_poisoning__seed44,44,dirichlet_a0.5,directional_poisoning,c4_drift_aware
23,0.2317069451205459,0.0365532734425034,0.4213855363410405,0.3897146312623868,False,c4_drift_aware__dirichlet_a0.5__directional_poisoning__seed44,44,dirichlet_a0.5,directional_poisoning,c4_drift_aware
24,0.2319870922158003,0.035137937133309,0.4143213617942545,0.3897146312623868,False,c4_drift_aware__dirichlet_a0.5__directional_poisoning__seed44,44,dirichlet_a0.5,directional_poisoning,c4_drift_aware
0,0.4149636736749234,0.046194788713969,0.6546730517905801,0.3897146312623868,False,c4_drift_aware__dirichlet_a0.5__sparse_coordinate_attack__seed44,44,dirichlet_a0.5,sparse_coordinate_attack,c4_drift_aware
1,0.3076898356641385,0.0392084607560748,0.5111464593734864,0.3897146312623868,False,c4_drift_aware__dirichlet_a0.5__sparse_coordinate_attack__seed44,44,dirichlet_a0.5,sparse_coordinate_attack,c4_drift_aware
2,0.2628574900928225,0.035093642289188,0.4449619092956482,0.3897146312623868,False,c4_drift_aware__dirichlet_a0.5__sparse_coordinate_attack__seed44,44,dirichlet_a0.5,sparse_coordinate_attack,c4_drift_aware
3,0.2252883427482133,0.0403978918174348,0.4349170431780647,0.3897146312623868,False,c4_drift_aware__dirichlet_a0.5__sparse_coordinate_attack__seed44,44,dirichlet_a0.5,sparse_coordinate_attack,c4_drift_aware
4,0.217012279743578,0.0302433132439007,0.3739478564975036,0.3897146312623868,False,c4_drift_aware__dirichlet_a0.5__sparse_coordinate_attack__seed44,44,dirichlet_a0.5,sparse_coordinate_attack,c4_drift_aware
5,0.2068346878445628,0.0258688853926598,0.3410709210356138,0.3897146312623868,False,c4_drift_aware__dirichlet_a0.5__sparse_coordinate_attack__seed44,44,dirichlet_a0.5,sparse_coordinate_attack,c4_drift_aware
6,0.2028900043584113,0.0299847953709088,0.3584841060175942,0.3897146312623868,False,c4_drift_aware__dirichlet_a0.5__sparse_coordinate_attack__seed44,44,dirichlet_a0.5,sparse_coordinate_attack,c4_drift_aware
7,0.1967904196780908,0.0262625985038685,0.3330696695745151,0.3897146312623868,False,c4_drift_aware__dirichlet_a0.5__sparse_coordinate_attack__seed44,44,dirichlet_a0.5,sparse_coordinate_attack,c4_drift_aware
8,0.1948348095062041,0.0227955670583801,0.3131232865288447,0.3897146312623868,False,c4_drift_aware__dirichlet_a0.5__sparse_coordinate_attack__seed44,44,dirichlet_a0.5,sparse_coordinate_attack,c4_drift_aware
9,0.199868737449059,0.0233669691577029,0.3211222771052954,0.3897146312623868,False,c4_drift_aware__dirichlet_a0.5__sparse_coordinate_attack__seed44,44,dirichlet_a0.5,sparse_coordinate_attack,c4_drift_aware
10,0.194483536630671,0.0408086082880654,0.4062434858982716,0.3897146312623868,False,c4_drift_aware__dirichlet_a0.5__sparse_coordinate_attack__seed44,44,dirichlet_a0.5,sparse_coordinate_attack,c4_drift_aware
11,0.2022616182612812,0.0245100376100643,0.3294466544236663,0.3897146312623868,False,c4_drift_aware__dirichlet_a0.5__sparse_coordinate_attack__seed44,44,dirichlet_a0.5,sparse_coordinate_attack,c4_drift_aware
12,0.1990399263394758,0.0245169711911248,0.3262609415473418,0.3897146312623868,False,c4_drift_aware__dirichlet_a0.5__sparse_coordinate_attack__seed44,44,dirichlet_a0.5,sparse_coordinate_attack,c4_drift_aware
13,0.2091448651553345,0.0230695793146511,0.3288552191769909,0.3897146312623868,False,c4_drift_aware__dirichlet_a0.5__sparse_coordinate_attack__seed44,44,dirichlet_a0.5,sparse_coordinate_attack,c4_drift_aware
14,0.2236015924564645,0.0269640358740421,0.3635206710104564,0.3897146312623868,False,c4_drift_aware__dirichlet_a0.5__sparse_coordinate_attack__seed44,44,dirichlet_a0.5,sparse_coordinate_attack,c4_drift_aware
15,0.2348724602162188,0.0260565528492258,0.3700825186061369,0.3897146312623868,False,c4_drift_aware__dirichlet_a0.5__sparse_coordinate_attack__seed44,44,dirichlet_a0.5,sparse_coordinate_attack,c4_drift_aware
16,0.2183309269247002,0.0059077181892174,0.2489866673803684,0.3897146312623868,False,c4_drift_aware__dirichlet_a0.5__sparse_coordinate_attack__seed44,44,dirichlet_a0.5,sparse_coordinate_attack,c4_drift_aware
17,0.2129289095835159,0.0132532589777331,0.2817013957448709,0.3897146312623868,False,c4_drift_aware__dirichlet_a0.5__sparse_coordinate_attack__seed44,44,dirichlet_a0.5,sparse_coordinate_attack,c4_drift_aware
18,0.2258722026343443,0.0299633469401922,0.3813550062416958,0.3897146312623868,False,c4_drift_aware__dirichlet_a0.5__sparse_coordinate_attack__seed44,44,dirichlet_a0.5,sparse_coordinate_attack,c4_drift_aware
19,0.2331212538165117,0.0375856576958225,0.4281569901659046,0.3897146312623868,False,c4_drift_aware__dirichlet_a0.5__sparse_coordinate_attack__seed44,44,dirichlet_a0.5,sparse_coordinate_attack,c4_drift_aware
20,0.2443726873630558,0.0271874112680386,0.3854508831740352,0.3897146312623868,False,c4_drift_aware__dirichlet_a0.5__sparse_coordinate_attack__seed44,44,dirichlet_a0.5,sparse_coordinate_attack,c4_drift_aware
21,0.2496137709756249,0.0408774253554361,0.4617308188875187,0.3897146312623868,False,c4_drift_aware__dirichlet_a0.5__sparse_coordinate_attack__seed44,44,dirichlet_a0.5,sparse_coordinate_attack,c4_drift_aware
22,0.2323611666006302,0.024794992421464,0.3610248617748495,0.3897146312623868,False,c4_drift_aware__dirichlet_a0.5__sparse_coordinate_attack__seed44,44,dirichlet_a0.5,sparse_coordinate_attack,c4_drift_aware
23,0.2331612343906537,0.0438853325629107,0.4608866135928541,0.3897146312623868,False,c4_drift_aware__dirichlet_a0.5__sparse_coordinate_attack__seed44,44,dirichlet_a0.5,sparse_coordinate_attack,c4_drift_aware
24,0.2294655710616936,0.0485558390115329,0.481426675276439,0.3897146312623868,False,c4_drift_aware__dirichlet_a0.5__sparse_coordinate_attack__seed44,44,dirichlet_a0.5,sparse_coordinate_attack,c4_drift_aware
0,0.569877671504638,0.0500732464895523,0.8297127548635741,0.5474922308884818,False,c4_drift_aware__dirichlet_a0.1__no_attack__seed43,43,dirichlet_a0.1,no_attack,c4_drift_aware
1,0.3918256946358879,0.0095412240023627,0.4413360601065483,0.5474922308884818,False,c4_drift_aware__dirichlet_a0.1__no_attack__seed43,43,dirichlet_a0.1,no_attack,c4_drift_aware
2,0.2915933827789015,0.0082956674087952,0.3346404305298808,0.5474922308884818,False,c4_drift_aware__dirichlet_a0.1__no_attack__seed43,43,dirichlet_a0.1,no_attack,c4_drift_aware
3,0.2391357650666016,0.0172765452150799,0.3287854858421732,0.5474922308884818,False,c4_drift_aware__dirichlet_a0.1__no_attack__seed43,43,dirichlet_a0.1,no_attack,c4_drift_aware
4,0.2506708435118329,0.0349377432269262,0.4319662868906757,0.5474922308884818,False,c4_drift_aware__dirichlet_a0.1__no_attack__seed43,43,dirichlet_a0.1,no_attack,c4_drift_aware
5,0.2528976097462494,0.033348083641047,0.4259441505680068,0.5474922308884818,False,c4_drift_aware__dirichlet_a0.1__no_attack__seed43,43,dirichlet_a0.1,no_attack,c4_drift_aware
6,0.252875394921021,0.0289152917237774,0.4029197352048748,0.5474922308884818,False,c4_drift_aware__dirichlet_a0.1__no_attack__seed43,43,dirichlet_a0.1,no_attack,c4_drift_aware
7,0.2513196130918113,0.0269500468115654,0.3911661010017055,0.5474922308884818,False,c4_drift_aware__dirichlet_a0.1__no_attack__seed43,43,dirichlet_a0.1,no_attack,c4_drift_aware
8,0.2580423042658007,0.0282287452115514,0.4045240860430625,0.5474922308884818,False,c4_drift_aware__dirichlet_a0.1__no_attack__seed43,43,dirichlet_a0.1,no_attack,c4_drift_aware
9,0.2568236460090422,0.0228256144107311,0.3752680417477669,0.5474922308884818,False,c4_drift_aware__dirichlet_a0.1__no_attack__seed43,43,dirichlet_a0.1,no_attack,c4_drift_aware
10,0.2577084494149242,0.021210696081248,0.3677728724501287,0.5474922308884818,False,c4_drift_aware__dirichlet_a0.1__no_attack__seed43,43,dirichlet_a0.1,no_attack,c4_drift_aware
11,0.2570294105384487,0.0209803811346125,0.3658987062840669,0.5474922308884818,False,c4_drift_aware__dirichlet_a0.1__no_attack__seed43,43,dirichlet_a0.1,no_attack,c4_drift_aware
12,0.26831126406986,0.0192074068468331,0.3679804189387617,0.5474922308884818,False,c4_drift_aware__dirichlet_a0.1__no_attack__seed43,43,dirichlet_a0.1,no_attack,c4_drift_aware
13,0.2728548686014648,0.0183712455045242,0.3681850986489915,0.5474922308884818,False,c4_drift_aware__dirichlet_a0.1__no_attack__seed43,43,dirichlet_a0.1,no_attack,c4_drift_aware
14,0.2712586510199075,0.0327752018133704,0.4413324507496678,0.5474922308884818,False,c4_drift_aware__dirichlet_a0.1__no_attack__seed43,43,dirichlet_a0.1,no_attack,c4_drift_aware
15,0.271477791443327,0.0502216158964536,0.5320827784916147,0.5474922308884818,False,c4_drift_aware__dirichlet_a0.1__no_attack__seed43,43,dirichlet_a0.1,no_attack,c4_drift_aware
16,0.2873475126191795,0.0270674689593956,0.4278033157963795,0.5474922308884818,False,c4_drift_aware__dirichlet_a0.1__no_attack__seed43,43,dirichlet_a0.1,no_attack,c4_drift_aware
17,0.2917620328486744,0.0304312548783197,0.4496728575377632,0.5474922308884818,False,c4_drift_aware__dirichlet_a0.1__no_attack__seed43,43,dirichlet_a0.1,no_attack,c4_drift_aware
18,0.2831347831633919,0.0291428406351153,0.4343598975030689,0.5474922308884818,False,c4_drift_aware__dirichlet_a0.1__no_attack__seed43,43,dirichlet_a0.1,no_attack,c4_drift_aware
19,0.3062677301145278,0.0085590480472199,0.3506814863363566,0.5474922308884818,False,c4_drift_aware__dirichlet_a0.1__no_attack__seed43,43,dirichlet_a0.1,no_attack,c4_drift_aware
20,0.3015726231790527,0.0060921315849086,0.3331853031863021,0.5474922308884818,False,c4_drift_aware__dirichlet_a0.1__no_attack__seed43,43,dirichlet_a0.1,no_attack,c4_drift_aware
21,0.2908952097711565,0.0118614099620817,0.3524452522053948,0.5474922308884818,False,c4_drift_aware__dirichlet_a0.1__no_attack__seed43,43,dirichlet_a0.1,no_attack,c4_drift_aware
22,0.2894473004512097,0.0208751031651832,0.3977702982856619,0.5474922308884818,False,c4_drift_aware__dirichlet_a0.1__no_attack__seed43,43,dirichlet_a0.1,no_attack,c4_drift_aware
23,0.2996524946609412,0.0199301011894982,0.4030717827433667,0.5474922308884818,False,c4_drift_aware__dirichlet_a0.1__no_attack__seed43,43,dirichlet_a0.1,no_attack,c4_drift_aware
24,0.2955150760866966,0.0340717812257813,0.4723169560453984,0.5474922308884818,False,c4_drift_aware__dirichlet_a0.1__no_attack__seed43,43,dirichlet_a0.1,no_attack,c4_drift_aware
0,0.5698786725230731,0.0500752129497822,0.8297239600407881,0.5474922308884818,False,c4_drift_aware__dirichlet_a0.1__large_norm__seed43,43,dirichlet_a0.1,large_norm,c4_drift_aware
1,0.3918534589845635,0.0093497370370747,0.4403701794436481,0.5474922308884818,False,c4_drift_aware__dirichlet_a0.1__large_norm__seed43,43,dirichlet_a0.1,large_norm,c4_drift_aware
2,0.2916001086146321,0.0082087738829914,0.3341962571708631,0.5474922308884818,False,c4_drift_aware__dirichlet_a0.1__large_norm__seed43,43,dirichlet_a0.1,large_norm,c4_drift_aware
3,0.239334629572758,0.0172379776215688,0.3287842192488409,0.5474922308884818,False,c4_drift_aware__dirichlet_a0.1__large_norm__seed43,43,dirichlet_a0.1,large_norm,c4_drift_aware
4,0.250717523749985,0.0349464592036301,0.4320581952035423,0.5474922308884818,False,c4_drift_aware__dirichlet_a0.1__large_norm__seed43,43,dirichlet_a0.1,large_norm,c4_drift_aware
5,0.2527593983776091,0.0336229189399526,0.4272320870489172,0.5474922308884818,False,c4_drift_aware__dirichlet_a0.1__large_norm__seed43,43,dirichlet_a0.1,large_norm,c4_drift_aware
6,0.2526134579842412,0.029107171644003,0.4036534823621372,0.5474922308884818,False,c4_drift_aware__dirichlet_a0.1__large_norm__seed43,43,dirichlet_a0.1,large_norm,c4_drift_aware
7,0.2505745112691555,0.0270664394281254,0.3910249721056411,0.5474922308884818,False,c4_drift_aware__dirichlet_a0.1__large_norm__seed43,43,dirichlet_a0.1,large_norm,c4_drift_aware
8,0.2572591655463246,0.0284851405426021,0.4050714083359414,0.5474922308884818,False,c4_drift_aware__dirichlet_a0.1__large_norm__seed43,43,dirichlet_a0.1,large_norm,c4_drift_aware
9,0.2556428761211807,0.0235116595866418,0.3776472288822237,0.5474922308884818,False,c4_drift_aware__dirichlet_a0.1__large_norm__seed43,43,dirichlet_a0.1,large_norm,c4_drift_aware
10,0.2591564121107458,0.0241606780983361,0.3845285868308217,0.5474922308884818,False,c4_drift_aware__dirichlet_a0.1__large_norm__seed43,43,dirichlet_a0.1,large_norm,c4_drift_aware
11,0.257490787921504,0.1053006031332624,0.8039061476403162,0.5474922308884818,False,c4_drift_aware__dirichlet_a0.1__large_norm__seed43,43,dirichlet_a0.1,large_norm,c4_drift_aware
12,0.239125305127908,0.0661394955712273,0.5823297615965639,0.5474922308884818,False,c4_drift_aware__dirichlet_a0.1__large_norm__seed43,43,dirichlet_a0.1,large_norm,c4_drift_aware
13,0.3805204171041072,0.2512298866506993,1.684177421923251,0.5474922308884818,False,c4_drift_aware__dirichlet_a0.1__large_norm__seed43,43,dirichlet_a0.1,large_norm,c4_drift_aware
14,0.2588468747495461,0.0904085056645,0.7279856514932034,0.5474922308884818,False,c4_drift_aware__dirichlet_a0.1__large_norm__seed43,43,dirichlet_a0.1,large_norm,c4_drift_aware
15,0.3312578619950073,0.094896137482207,0.823683409003928,0.5474922308884818,False,c4_drift_aware__dirichlet_a0.1__large_norm__seed43,43,dirichlet_a0.1,large_norm,c4_drift_aware
16,0.3009020007998624,0.0671578918684462,0.6493910174944167,0.5474922308884818,False,c4_drift_aware__dirichlet_a0.1__large_norm__seed43,43,dirichlet_a0.1,large_norm,c4_drift_aware
17,0.3023932723164459,0.1144818122261205,0.8964508441390082,0.5474922308884818,False,c4_drift_aware__dirichlet_a0.1__large_norm__seed43,43,dirichlet_a0.1,large_norm,c4_drift_aware
18,0.3024770751231546,0.0528423728485235,0.5766814320714282,0.5474922308884818,False,c4_drift_aware__dirichlet_a0.1__large_norm__seed43,43,dirichlet_a0.1,large_norm,c4_drift_aware
19,0.2859217445143699,0.0495076998630274,0.5428221498736057,0.5474922308884818,False,c4_drift_aware__dirichlet_a0.1__large_norm__seed43,43,dirichlet_a0.1,large_norm,c4_drift_aware
20,0.2863512408512549,0.1468656141295983,1.0484515991311534,0.5474922308884818,False,c4_drift_aware__dirichlet_a0.1__large_norm__seed43,43,dirichlet_a0.1,large_norm,c4_drift_aware
21,0.3321438920877874,0.0443888040826121,0.56248183535287,0.5474922308884818,False,c4_drift_aware__dirichlet_a0.1__large_norm__seed43,43,dirichlet_a0.1,large_norm,c4_drift_aware
22,0.3102755532796352,0.0551100675152431,0.5962472046229832,0.5474922308884818,False,c4_drift_aware__dirichlet_a0.1__large_norm__seed43,43,dirichlet_a0.1,large_norm,c4_drift_aware
23,0.3046378371943639,0.0507912703870737,0.568198818359928,0.5474922308884818,False,c4_drift_aware__dirichlet_a0.1__large_norm__seed43,43,dirichlet_a0.1,large_norm,c4_drift_aware
24,0.3120606531708033,0.0454365588361496,0.5478355006274676,0.5474922308884818,False,c4_drift_aware__dirichlet_a0.1__large_norm__seed43,43,dirichlet_a0.1,large_norm,c4_drift_aware
0,0.5698787074595383,0.05007442661972,0.8297199146319276,0.5474922308884818,False,c4_drift_aware__dirichlet_a0.1__directional_poisoning__seed43,43,dirichlet_a0.1,directional_poisoning,c4_drift_aware
1,0.3918660370420356,0.0095765308501003,0.4415596132762914,0.5474922308884818,False,c4_drift_aware__dirichlet_a0.1__directional_poisoning__seed43,43,dirichlet_a0.1,directional_poisoning,c4_drift_aware
2,0.2918994620713962,0.00794795334774,0.3331421867881539,0.5474922308884818,False,c4_drift_aware__dirichlet_a0.1__directional_poisoning__seed43,43,dirichlet_a0.1,directional_poisoning,c4_drift_aware
3,0.2395268845936941,0.0168647704206807,0.3270398647836489,0.5474922308884818,False,c4_drift_aware__dirichlet_a0.1__directional_poisoning__seed43,43,dirichlet_a0.1,directional_poisoning,c4_drift_aware
4,0.2508127216609804,0.0349253397453376,0.4320438021335119,0.5474922308884818,False,c4_drift_aware__dirichlet_a0.1__directional_poisoning__seed43,43,dirichlet_a0.1,directional_poisoning,c4_drift_aware
5,0.2530616961539284,0.0331225077185668,0.4249377009563435,0.5474922308884818,False,c4_drift_aware__dirichlet_a0.1__directional_poisoning__seed43,43,dirichlet_a0.1,directional_poisoning,c4_drift_aware
6,0.2527318463267388,0.029018277777321,0.4033105915410353,0.5474922308884818,False,c4_drift_aware__dirichlet_a0.1__directional_poisoning__seed43,43,dirichlet_a0.1,directional_poisoning,c4_drift_aware
7,0.250292218066979,0.0274325574206009,0.3926425017782195,0.5474922308884818,False,c4_drift_aware__dirichlet_a0.1__directional_poisoning__seed43,43,dirichlet_a0.1,directional_poisoning,c4_drift_aware
8,0.2570482230404102,0.0286696977126424,0.4058181514410833,0.5474922308884818,False,c4_drift_aware__dirichlet_a0.1__directional_poisoning__seed43,43,dirichlet_a0.1,directional_poisoning,c4_drift_aware
9,0.2558109975144879,0.0235697851917031,0.3781169698527545,0.5474922308884818,False,c4_drift_aware__dirichlet_a0.1__directional_poisoning__seed43,43,dirichlet_a0.1,directional_poisoning,c4_drift_aware
10,0.2601088863818437,0.0185259730421836,0.3562420130950387,0.5474922308884818,False,c4_drift_aware__dirichlet_a0.1__directional_poisoning__seed43,43,dirichlet_a0.1,directional_poisoning,c4_drift_aware
11,0.2698012467232795,0.0438526899256975,0.4973572400167165,0.5474922308884818,False,c4_drift_aware__dirichlet_a0.1__directional_poisoning__seed43,43,dirichlet_a0.1,directional_poisoning,c4_drift_aware
12,0.2651883875408206,0.0077724825759083,0.3055205768754666,0.5474922308884818,False,c4_drift_aware__dirichlet_a0.1__directional_poisoning__seed43,43,dirichlet_a0.1,directional_poisoning,c4_drift_aware
13,0.2758766998923665,0.0130977341995355,0.3438421524271766,0.5474922308884818,False,c4_drift_aware__dirichlet_a0.1__directional_poisoning__seed43,43,dirichlet_a0.1,directional_poisoning,c4_drift_aware
14,0.2728442341359444,0.0125579648753536,0.338008769670642,0.5474922308884818,False,c4_drift_aware__dirichlet_a0.1__directional_poisoning__seed43,43,dirichlet_a0.1,directional_poisoning,c4_drift_aware
15,0.2880952203148901,0.0276544688000409,0.4315970243651826,0.5474922308884818,False,c4_drift_aware__dirichlet_a0.1__directional_poisoning__seed43,43,dirichlet_a0.1,directional_poisoning,c4_drift_aware
16,0.3021059340252931,0.0400568351214316,0.5099648571539142,0.5474922308884818,False,c4_drift_aware__dirichlet_a0.1__directional_poisoning__seed43,43,dirichlet_a0.1,directional_poisoning,c4_drift_aware
17,0.2923474341719867,0.0376911612904228,0.48793063922412,0.5474922308884818,False,c4_drift_aware__dirichlet_a0.1__directional_poisoning__seed43,43,dirichlet_a0.1,directional_poisoning,c4_drift_aware
18,0.2924554013189789,0.032126439615693,0.4591627091287714,0.5474922308884818,False,c4_drift_aware__dirichlet_a0.1__directional_poisoning__seed43,43,dirichlet_a0.1,directional_poisoning,c4_drift_aware
19,0.3355846341895189,0.0595078437529955,0.6443767862081882,0.5474922308884818,False,c4_drift_aware__dirichlet_a0.1__directional_poisoning__seed43,43,dirichlet_a0.1,directional_poisoning,c4_drift_aware
20,0.2882467639573008,0.0286429934693892,0.4368781213693083,0.5474922308884818,False,c4_drift_aware__dirichlet_a0.1__directional_poisoning__seed43,43,dirichlet_a0.1,directional_poisoning,c4_drift_aware
21,0.2824024236491848,0.0168341388959154,0.3697564537939796,0.5474922308884818,False,c4_drift_aware__dirichlet_a0.1__directional_poisoning__seed43,43,dirichlet_a0.1,directional_poisoning,c4_drift_aware
22,0.2968278758986066,0.0335030132620738,0.4706783620168342,0.5474922308884818,False,c4_drift_aware__dirichlet_a0.1__directional_poisoning__seed43,43,dirichlet_a0.1,directional_poisoning,c4_drift_aware
23,0.3015071459212373,0.0509974623124666,0.5661380776068581,0.5474922308884818,False,c4_drift_aware__dirichlet_a0.1__directional_poisoning__seed43,43,dirichlet_a0.1,directional_poisoning,c4_drift_aware
24,0.3009830922389866,0.0489468471059801,0.5549731765566284,0.5474922308884818,False,c4_drift_aware__dirichlet_a0.1__directional_poisoning__seed43,43,dirichlet_a0.1,directional_poisoning,c4_drift_aware
0,0.5698778027009062,0.0500733920323579,0.8297136412960148,0.5474922308884818,False,c4_drift_aware__dirichlet_a0.1__sparse_coordinate_attack__seed43,43,dirichlet_a0.1,sparse_coordinate_attack,c4_drift_aware
1,0.3917657392016663,0.0095258697149171,0.4411964297393429,0.5474922308884818,False,c4_drift_aware__dirichlet_a0.1__sparse_coordinate_attack__seed43,43,dirichlet_a0.1,sparse_coordinate_attack,c4_drift_aware
2,0.2915931609978686,0.0082871555724061,0.3345960399786415,0.5474922308884818,False,c4_drift_aware__dirichlet_a0.1__sparse_coordinate_attack__seed43,43,dirichlet_a0.1,sparse_coordinate_attack,c4_drift_aware
3,0.2395301506178332,0.0177026746247205,0.3313910995129708,0.5474922308884818,False,c4_drift_aware__dirichlet_a0.1__sparse_coordinate_attack__seed43,43,dirichlet_a0.1,sparse_coordinate_attack,c4_drift_aware
4,0.2507809383775778,0.0336309078216408,0.4252950821548541,0.5474922308884818,False,c4_drift_aware__dirichlet_a0.1__sparse_coordinate_attack__seed43,43,dirichlet_a0.1,sparse_coordinate_attack,c4_drift_aware
5,0.2528003698874,0.0337194544937868,0.4277739912011092,0.5474922308884818,False,c4_drift_aware__dirichlet_a0.1__sparse_coordinate_attack__seed43,43,dirichlet_a0.1,sparse_coordinate_attack,c4_drift_aware
6,0.2533599529970557,0.0280134812529509,0.3987247085667435,0.5474922308884818,False,c4_drift_aware__dirichlet_a0.1__sparse_coordinate_attack__seed43,43,dirichlet_a0.1,sparse_coordinate_attack,c4_drift_aware
7,0.249458175478162,0.0275787239845324,0.3925669321062994,0.5474922308884818,False,c4_drift_aware__dirichlet_a0.1__sparse_coordinate_attack__seed43,43,dirichlet_a0.1,sparse_coordinate_attack,c4_drift_aware
8,0.2572812561017753,0.0275614746976661,0.4003005044554348,0.5474922308884818,False,c4_drift_aware__dirichlet_a0.1__sparse_coordinate_attack__seed43,43,dirichlet_a0.1,sparse_coordinate_attack,c4_drift_aware
9,0.2549150354000902,0.023470277738992,0.3767046536154936,0.5474922308884818,False,c4_drift_aware__dirichlet_a0.1__sparse_coordinate_attack__seed43,43,dirichlet_a0.1,sparse_coordinate_attack,c4_drift_aware
10,0.2701332480287899,0.0236673946679185,0.3929457257000862,0.5474922308884818,False,c4_drift_aware__dirichlet_a0.1__sparse_coordinate_attack__seed43,43,dirichlet_a0.1,sparse_coordinate_attack,c4_drift_aware
11,0.2694066664299601,0.0218163925168349,0.3826141088390682,0.5474922308884818,False,c4_drift_aware__dirichlet_a0.1__sparse_coordinate_attack__seed43,43,dirichlet_a0.1,sparse_coordinate_attack,c4_drift_aware
12,0.2673439379941887,0.0047571318702092,0.2920291709818913,0.5474922308884818,False,c4_drift_aware__dirichlet_a0.1__sparse_coordinate_attack__seed43,43,dirichlet_a0.1,sparse_coordinate_attack,c4_drift_aware
13,0.2678537569433425,0.0077706301942537,0.3081763340843448,0.5474922308884818,False,c4_drift_aware__dirichlet_a0.1__sparse_coordinate_attack__seed43,43,dirichlet_a0.1,sparse_coordinate_attack,c4_drift_aware
14,0.2874516993482474,0.0277447767738864,0.4314221205056217,0.5474922308884818,False,c4_drift_aware__dirichlet_a0.1__sparse_coordinate_attack__seed43,43,dirichlet_a0.1,sparse_coordinate_attack,c4_drift_aware
15,0.2958659147447887,0.0401343187683402,0.504126908265583,0.5474922308884818,False,c4_drift_aware__dirichlet_a0.1__sparse_coordinate_attack__seed43,43,dirichlet_a0.1,sparse_coordinate_attack,c4_drift_aware
16,0.2921615135499917,0.0278290485640531,0.4365692294537199,0.5474922308884818,False,c4_drift_aware__dirichlet_a0.1__sparse_coordinate_attack__seed43,43,dirichlet_a0.1,sparse_coordinate_attack,c4_drift_aware
17,0.312307903149819,0.0538040318026767,0.5915024045770888,0.5474922308884818,False,c4_drift_aware__dirichlet_a0.1__sparse_coordinate_attack__seed43,43,dirichlet_a0.1,sparse_coordinate_attack,c4_drift_aware
18,0.2975405393753579,0.0216784313278855,0.4100320873788888,0.5474922308884818,False,c4_drift_aware__dirichlet_a0.1__sparse_coordinate_attack__seed43,43,dirichlet_a0.1,sparse_coordinate_attack,c4_drift_aware
19,0.2900522931225024,0.0303247414896651,0.4474104091865237,0.5474922308884818,False,c4_drift_aware__dirichlet_a0.1__sparse_coordinate_attack__seed43,43,dirichlet_a0.1,sparse_coordinate_attack,c4_drift_aware
20,0.2896483113145937,0.0228381747365375,0.408157883839961,0.5474922308884818,False,c4_drift_aware__dirichlet_a0.1__sparse_coordinate_attack__seed43,43,dirichlet_a0.1,sparse_coordinate_attack,c4_drift_aware
21,0.2883040277950032,0.0253751817844674,0.419978383592783,0.5474922308884818,False,c4_drift_aware__dirichlet_a0.1__sparse_coordinate_attack__seed43,43,dirichlet_a0.1,sparse_coordinate_attack,c4_drift_aware
22,0.2991703176251562,0.0442121954740192,0.5285918211593896,0.5474922308884818,False,c4_drift_aware__dirichlet_a0.1__sparse_coordinate_attack__seed43,43,dirichlet_a0.1,sparse_coordinate_attack,c4_drift_aware
23,0.3028567590711128,0.0429939516604748,0.525956673632483,0.5474922308884818,False,c4_drift_aware__dirichlet_a0.1__sparse_coordinate_attack__seed43,43,dirichlet_a0.1,sparse_coordinate_attack,c4_drift_aware
24,0.2953683988095922,0.0619637466985022,0.6169044768027903,0.5474922308884818,False,c4_drift_aware__dirichlet_a0.1__sparse_coordinate_attack__seed43,43,dirichlet_a0.1,sparse_coordinate_attack,c4_drift_aware
0,0.5951591201879004,0.03015182342763,0.7516199471362153,0.5474922308884818,False,c4_drift_aware__dirichlet_a0.1__no_attack__seed44,44,dirichlet_a0.1,no_attack,c4_drift_aware
1,0.3613745293392548,0.0186345498274351,0.4580710718487987,0.5474922308884818,False,c4_drift_aware__dirichlet_a0.1__no_attack__seed44,44,dirichlet_a0.1,no_attack,c4_drift_aware
2,0.2678114156982929,0.0196728726072514,0.3698959189445813,0.5474922308884818,False,c4_drift_aware__dirichlet_a0.1__no_attack__seed44,44,dirichlet_a0.1,no_attack,c4_drift_aware
3,0.2553884740051813,0.0294511769645052,0.4082135763916954,0.5474922308884818,False,c4_drift_aware__dirichlet_a0.1__no_attack__seed44,44,dirichlet_a0.1,no_attack,c4_drift_aware
4,0.2530087800222834,0.0503353225714756,0.5142038023779278,0.5474922308884818,False,c4_drift_aware__dirichlet_a0.1__no_attack__seed44,44,dirichlet_a0.1,no_attack,c4_drift_aware
5,0.256594203892971,0.0423790050061397,0.476503098770331,0.5474922308884818,False,c4_drift_aware__dirichlet_a0.1__no_attack__seed44,44,dirichlet_a0.1,no_attack,c4_drift_aware
6,0.2570124071118921,0.0268269784402919,0.3962202809364109,0.5474922308884818,False,c4_drift_aware__dirichlet_a0.1__no_attack__seed44,44,dirichlet_a0.1,no_attack,c4_drift_aware
7,0.2675356984385094,0.0063850050269946,0.3006681280240872,0.5474922308884818,False,c4_drift_aware__dirichlet_a0.1__no_attack__seed44,44,dirichlet_a0.1,no_attack,c4_drift_aware
8,0.2587811910468857,0.0199252764918054,0.3621754432905132,0.5474922308884818,False,c4_drift_aware__dirichlet_a0.1__no_attack__seed44,44,dirichlet_a0.1,no_attack,c4_drift_aware
9,0.2533666878164958,0.0216892640900083,0.3659144481059583,0.5474922308884818,False,c4_drift_aware__dirichlet_a0.1__no_attack__seed44,44,dirichlet_a0.1,no_attack,c4_drift_aware
10,0.2620345354891835,0.0106766319183319,0.3174366461765996,0.5474922308884818,False,c4_drift_aware__dirichlet_a0.1__no_attack__seed44,44,dirichlet_a0.1,no_attack,c4_drift_aware
11,0.2661221996766041,0.0070376883692652,0.3026414683935583,0.5474922308884818,False,c4_drift_aware__dirichlet_a0.1__no_attack__seed44,44,dirichlet_a0.1,no_attack,c4_drift_aware
12,0.2616227028727979,0.0112801082971465,0.320156312837521,0.5474922308884818,False,c4_drift_aware__dirichlet_a0.1__no_attack__seed44,44,dirichlet_a0.1,no_attack,c4_drift_aware
13,0.2661970654317728,0.0326190492585607,0.4354605739393706,0.5474922308884818,False,c4_drift_aware__dirichlet_a0.1__no_attack__seed44,44,dirichlet_a0.1,no_attack,c4_drift_aware
14,0.2560683377908849,0.0269140309971907,0.3957279360384074,0.5474922308884818,False,c4_drift_aware__dirichlet_a0.1__no_attack__seed44,44,dirichlet_a0.1,no_attack,c4_drift_aware
15,0.2695932058935264,0.0301587196112623,0.4260898178283277,0.5474922308884818,False,c4_drift_aware__dirichlet_a0.1__no_attack__seed44,44,dirichlet_a0.1,no_attack,c4_drift_aware
16,0.2639718096864013,0.0431077674219386,0.4876623256155832,0.5474922308884818,False,c4_drift_aware__dirichlet_a0.1__no_attack__seed44,44,dirichlet_a0.1,no_attack,c4_drift_aware
17,0.2572047548254366,0.045942122777568,0.495603024130515,0.5474922308884818,False,c4_drift_aware__dirichlet_a0.1__no_attack__seed44,44,dirichlet_a0.1,no_attack,c4_drift_aware
18,0.2579152050238496,0.0406227735977161,0.4687108394997582,0.5474922308884818,False,c4_drift_aware__dirichlet_a0.1__no_attack__seed44,44,dirichlet_a0.1,no_attack,c4_drift_aware
19,0.2618062523154545,0.0460679501201462,0.5008574522839055,0.5474922308884818,False,c4_drift_aware__dirichlet_a0.1__no_attack__seed44,44,dirichlet_a0.1,no_attack,c4_drift_aware
20,0.2665668096174997,0.0506156608889434,0.5292165355363163,0.5474922308884818,False,c4_drift_aware__dirichlet_a0.1__no_attack__seed44,44,dirichlet_a0.1,no_attack,c4_drift_aware
21,0.2639211901863839,0.0510593848171967,0.5288734439412996,0.5474922308884818,False,c4_drift_aware__dirichlet_a0.1__no_attack__seed44,44,dirichlet_a0.1,no_attack,c4_drift_aware
22,0.2808965350882072,0.0429495347976598,0.5037659661067442,0.5474922308884818,False,c4_drift_aware__dirichlet_a0.1__no_attack__seed44,44,dirichlet_a0.1,no_attack,c4_drift_aware
23,0.2730296719617381,0.0555397823891941,0.5612311567575055,0.5474922308884818,False,c4_drift_aware__dirichlet_a0.1__no_attack__seed44,44,dirichlet_a0.1,no_attack,c4_drift_aware
24,0.2736128512397413,0.0312206987636365,0.4356201791941279,0.5474922308884818,False,c4_drift_aware__dirichlet_a0.1__no_attack__seed44,44,dirichlet_a0.1,no_attack,c4_drift_aware
0,0.5951591166031845,0.0301546022701081,0.7516343632430027,0.5474922308884818,False,c4_drift_aware__dirichlet_a0.1__large_norm__seed44,44,dirichlet_a0.1,large_norm,c4_drift_aware
1,0.3613925051845172,0.0185449961708955,0.457624344814911,0.5474922308884818,False,c4_drift_aware__dirichlet_a0.1__large_norm__seed44,44,dirichlet_a0.1,large_norm,c4_drift_aware
2,0.26791704213833,0.0199270972355028,0.3713207424030776,0.5474922308884818,False,c4_drift_aware__dirichlet_a0.1__large_norm__seed44,44,dirichlet_a0.1,large_norm,c4_drift_aware
3,0.2550100222563103,0.0291759832901824,0.4064071171473959,0.5474922308884818,False,c4_drift_aware__dirichlet_a0.1__large_norm__seed44,44,dirichlet_a0.1,large_norm,c4_drift_aware
4,0.2529539347091056,0.0501464221093423,0.5131687336766941,0.5474922308884818,False,c4_drift_aware__dirichlet_a0.1__large_norm__seed44,44,dirichlet_a0.1,large_norm,c4_drift_aware
5,0.2570842615463841,0.0417061641820854,0.4735017181036437,0.5474922308884818,False,c4_drift_aware__dirichlet_a0.1__large_norm__seed44,44,dirichlet_a0.1,large_norm,c4_drift_aware
6,0.2570337330786576,0.0271899544897101,0.3981251259212124,0.5474922308884818,False,c4_drift_aware__dirichlet_a0.1__large_norm__seed44,44,dirichlet_a0.1,large_norm,c4_drift_aware
7,0.2679883250014187,0.0064081653122199,0.3012409356230595,0.5474922308884818,False,c4_drift_aware__dirichlet_a0.1__large_norm__seed44,44,dirichlet_a0.1,large_norm,c4_drift_aware
8,0.2587368392190236,0.0201002657323516,0.3630391281307697,0.5474922308884818,False,c4_drift_aware__dirichlet_a0.1__large_norm__seed44,44,dirichlet_a0.1,large_norm,c4_drift_aware
9,0.2529073329710001,0.0225595040184948,0.3699708552733718,0.5474922308884818,False,c4_drift_aware__dirichlet_a0.1__large_norm__seed44,44,dirichlet_a0.1,large_norm,c4_drift_aware
10,0.2639297642359363,0.0634345451206665,0.5930979623215871,0.5474922308884818,False,c4_drift_aware__dirichlet_a0.1__large_norm__seed44,44,dirichlet_a0.1,large_norm,c4_drift_aware
11,0.3909672397609266,0.1150748652508871,0.9881022230343052,0.5474922308884818,False,c4_drift_aware__dirichlet_a0.1__large_norm__seed44,44,dirichlet_a0.1,large_norm,c4_drift_aware
12,0.2579554438364556,0.0482276518668373,0.5082135521386615,0.5474922308884818,False,c4_drift_aware__dirichlet_a0.1__large_norm__seed44,44,dirichlet_a0.1,large_norm,c4_drift_aware
13,0.4018995915440932,0.0808886987760998,0.8216391383631528,0.5474922308884818,False,c4_drift_aware__dirichlet_a0.1__large_norm__seed44,44,dirichlet_a0.1,large_norm,c4_drift_aware
14,0.2910483530511303,0.0796422592683729,0.7043200006206444,0.5474922308884818,False,c4_drift_aware__dirichlet_a0.1__large_norm__seed44,44,dirichlet_a0.1,large_norm,c4_drift_aware
15,0.4001794056312868,0.0490353713836222,0.6546288512780413,0.5474922308884818,False,c4_drift_aware__dirichlet_a0.1__large_norm__seed44,44,dirichlet_a0.1,large_norm,c4_drift_aware
16,0.3165018461473145,0.0878507491086725,0.7723681683471271,0.5474922308884818,False,c4_drift_aware__dirichlet_a0.1__large_norm__seed44,44,dirichlet_a0.1,large_norm,c4_drift_aware
17,0.4044566472923425,0.0468569836107929,0.6476022209471082,0.5474922308884818,False,c4_drift_aware__dirichlet_a0.1__large_norm__seed44,44,dirichlet_a0.1,large_norm,c4_drift_aware
18,0.3079339786643945,0.0791239668566549,0.7185161550802629,0.5474922308884818,False,c4_drift_aware__dirichlet_a0.1__large_norm__seed44,44,dirichlet_a0.1,large_norm,c4_drift_aware
19,0.4109196109921034,0.0730162903935077,0.7898084434730542,0.5474922308884818,False,c4_drift_aware__dirichlet_a0.1__large_norm__seed44,44,dirichlet_a0.1,large_norm,c4_drift_aware
20,0.2684548326245177,0.0258904346659541,0.4028028871496202,0.5474922308884818,False,c4_drift_aware__dirichlet_a0.1__large_norm__seed44,44,dirichlet_a0.1,large_norm,c4_drift_aware
21,0.4048698870779498,0.1609504036811483,1.2400576268197967,0.5474922308884818,False,c4_drift_aware__dirichlet_a0.1__large_norm__seed44,44,dirichlet_a0.1,large_norm,c4_drift_aware
22,0.3042931420943973,0.094150890649093,0.792851528761606,0.5474922308884818,False,c4_drift_aware__dirichlet_a0.1__large_norm__seed44,44,dirichlet_a0.1,large_norm,c4_drift_aware
23,0.2761909000037747,0.036721569470608,0.4667427961437072,0.5474922308884818,False,c4_drift_aware__dirichlet_a0.1__large_norm__seed44,44,dirichlet_a0.1,large_norm,c4_drift_aware
24,0.2617472559775597,0.03636132332333,0.4504297988346517,0.5474922308884818,False,c4_drift_aware__dirichlet_a0.1__large_norm__seed44,44,dirichlet_a0.1,large_norm,c4_drift_aware
0,0.5951591282728141,0.0301567384872138,0.7516454599568158,0.5474922308884818,False,c4_drift_aware__dirichlet_a0.1__directional_poisoning__seed44,44,dirichlet_a0.1,directional_poisoning,c4_drift_aware
1,0.3613891486446264,0.0181669737354512,0.4556593920552564,0.5474922308884818,False,c4_drift_aware__dirichlet_a0.1__directional_poisoning__seed44,44,dirichlet_a0.1,directional_poisoning,c4_drift_aware
2,0.2679756847333475,0.0200495504922856,0.3720148071928671,0.5474922308884818,False,c4_drift_aware__dirichlet_a0.1__directional_poisoning__seed44,44,dirichlet_a0.1,directional_poisoning,c4_drift_aware
3,0.2553214771435248,0.0296987268768675,0.4094311407802781,0.5474922308884818,False,c4_drift_aware__dirichlet_a0.1__directional_poisoning__seed44,44,dirichlet_a0.1,directional_poisoning,c4_drift_aware
4,0.252457496960122,0.0497646084523909,0.5106910266804239,0.5474922308884818,False,c4_drift_aware__dirichlet_a0.1__directional_poisoning__seed44,44,dirichlet_a0.1,directional_poisoning,c4_drift_aware
5,0.2571371872424537,0.0412375900673492,0.4711231658609358,0.5474922308884818,False,c4_drift_aware__dirichlet_a0.1__directional_poisoning__seed44,44,dirichlet_a0.1,directional_poisoning,c4_drift_aware
6,0.2568979222585048,0.0273630772199002,0.398887666260289,0.5474922308884818,False,c4_drift_aware__dirichlet_a0.1__directional_poisoning__seed44,44,dirichlet_a0.1,directional_poisoning,c4_drift_aware
7,0.2684202944558068,0.0053551715396829,0.2962088150923756,0.5474922308884818,False,c4_drift_aware__dirichlet_a0.1__directional_poisoning__seed44,44,dirichlet_a0.1,directional_poisoning,c4_drift_aware
8,0.2584324799603322,0.0208254777675075,0.3664979666437055,0.5474922308884818,False,c4_drift_aware__dirichlet_a0.1__directional_poisoning__seed44,44,dirichlet_a0.1,directional_poisoning,c4_drift_aware
9,0.2528583439051731,0.0224384832265121,0.3692938772158673,0.5474922308884818,False,c4_drift_aware__dirichlet_a0.1__directional_poisoning__seed44,44,dirichlet_a0.1,directional_poisoning,c4_drift_aware
10,0.2626428582818486,0.0115025566493442,0.3223307749909611,0.5474922308884818,False,c4_drift_aware__dirichlet_a0.1__directional_poisoning__seed44,44,dirichlet_a0.1,directional_poisoning,c4_drift_aware
11,0.2425071434149549,0.0222619614754317,0.358026687707118,0.5474922308884818,False,c4_drift_aware__dirichlet_a0.1__directional_poisoning__seed44,44,dirichlet_a0.1,directional_poisoning,c4_drift_aware
12,0.2428286097496467,0.0300176446450399,0.3985931695772233,0.5474922308884818,False,c4_drift_aware__dirichlet_a0.1__directional_poisoning__seed44,44,dirichlet_a0.1,directional_poisoning,c4_drift_aware
13,0.2847477610722614,0.0369958132038913,0.4767227353685742,0.5474922308884818,False,c4_drift_aware__dirichlet_a0.1__directional_poisoning__seed44,44,dirichlet_a0.1,directional_poisoning,c4_drift_aware
14,0.2635170682472887,0.0553105022335222,0.5505287953872589,0.5474922308884818,False,c4_drift_aware__dirichlet_a0.1__directional_poisoning__seed44,44,dirichlet_a0.1,directional_poisoning,c4_drift_aware
15,0.2650257034543852,0.019244353638241,0.3648865789185818,0.5474922308884818,False,c4_drift_aware__dirichlet_a0.1__directional_poisoning__seed44,44,dirichlet_a0.1,directional_poisoning,c4_drift_aware
16,0.2915543587530025,0.0763069645698712,0.6875188286025213,0.5474922308884818,False,c4_drift_aware__dirichlet_a0.1__directional_poisoning__seed44,44,dirichlet_a0.1,directional_poisoning,c4_drift_aware
17,0.309661644155618,0.0574532319120587,0.6077922098704818,0.5474922308884818,False,c4_drift_aware__dirichlet_a0.1__directional_poisoning__seed44,44,dirichlet_a0.1,directional_poisoning,c4_drift_aware
18,0.317406026086464,0.0583067488897166,0.6199655767500925,0.5474922308884818,False,c4_drift_aware__dirichlet_a0.1__directional_poisoning__seed44,44,dirichlet_a0.1,directional_poisoning,c4_drift_aware
19,0.3178303400933011,0.0585726340476435,0.6217695954299284,0.5474922308884818,False,c4_drift_aware__dirichlet_a0.1__directional_poisoning__seed44,44,dirichlet_a0.1,directional_poisoning,c4_drift_aware
20,0.3267037980854231,0.0737185119071626,0.709236528222881,0.5474922308884818,False,c4_drift_aware__dirichlet_a0.1__directional_poisoning__seed44,44,dirichlet_a0.1,directional_poisoning,c4_drift_aware
21,0.3334067371550951,0.058209076578764,0.6354594564299594,0.5474922308884818,False,c4_drift_aware__dirichlet_a0.1__directional_poisoning__seed44,44,dirichlet_a0.1,directional_poisoning,c4_drift_aware
22,0.3175172974428669,0.0602914711806074,0.6303757705461571,0.5474922308884818,False,c4_drift_aware__dirichlet_a0.1__directional_poisoning__seed44,44,dirichlet_a0.1,directional_poisoning,c4_drift_aware
23,0.3149395749292707,0.0399155579796022,0.522065396841225,0.5474922308884818,False,c4_drift_aware__dirichlet_a0.1__directional_poisoning__seed44,44,dirichlet_a0.1,directional_poisoning,c4_drift_aware
24,0.3015327388277853,0.0492173129263929,0.5569262973341309,0.5474922308884818,False,c4_drift_aware__dirichlet_a0.1__directional_poisoning__seed44,44,dirichlet_a0.1,directional_poisoning,c4_drift_aware
0,0.595159126362945,0.0301568776972401,0.7516461804216941,0.5474922308884818,False,c4_drift_aware__dirichlet_a0.1__sparse_coordinate_attack__seed44,44,dirichlet_a0.1,sparse_coordinate_attack,c4_drift_aware
1,0.3613662134594698,0.0181898882522651,0.4557553625892991,0.5474922308884818,False,c4_drift_aware__dirichlet_a0.1__sparse_coordinate_attack__seed44,44,dirichlet_a0.1,sparse_coordinate_attack,c4_drift_aware
2,0.267944262432123,0.0200940830484721,0.37221446877895,0.5474922308884818,False,c4_drift_aware__dirichlet_a0.1__sparse_coordinate_attack__seed44,44,dirichlet_a0.1,sparse_coordinate_attack,c4_drift_aware
3,0.2549655705549099,0.0292219144654785,0.4066010069077244,0.5474922308884818,False,c4_drift_aware__dirichlet_a0.1__sparse_coordinate_attack__seed44,44,dirichlet_a0.1,sparse_coordinate_attack,c4_drift_aware
4,0.252904413567205,0.0502121410713377,0.5134602348004838,0.5474922308884818,False,c4_drift_aware__dirichlet_a0.1__sparse_coordinate_attack__seed44,44,dirichlet_a0.1,sparse_coordinate_attack,c4_drift_aware
5,0.2565325040301731,0.0422214134243016,0.4756236404302166,0.5474922308884818,False,c4_drift_aware__dirichlet_a0.1__sparse_coordinate_attack__seed44,44,dirichlet_a0.1,sparse_coordinate_attack,c4_drift_aware
6,0.2567540256126367,0.0267920941564937,0.3957808814000984,0.5474922308884818,False,c4_drift_aware__dirichlet_a0.1__sparse_coordinate_attack__seed44,44,dirichlet_a0.1,sparse_coordinate_attack,c4_drift_aware
7,0.267941274415889,0.005889559576753,0.2985027880156184,0.5474922308884818,False,c4_drift_aware__dirichlet_a0.1__sparse_coordinate_attack__seed44,44,dirichlet_a0.1,sparse_coordinate_attack,c4_drift_aware
8,0.2584074406188736,0.0202790779999749,0.3636376042685437,0.5474922308884818,False,c4_drift_aware__dirichlet_a0.1__sparse_coordinate_attack__seed44,44,dirichlet_a0.1,sparse_coordinate_attack,c4_drift_aware
9,0.2529290285218319,0.0222563355444472,0.368419379295523,0.5474922308884818,False,c4_drift_aware__dirichlet_a0.1__sparse_coordinate_attack__seed44,44,dirichlet_a0.1,sparse_coordinate_attack,c4_drift_aware
10,0.271420895063216,0.0636211690977147,0.6015575036281673,0.5474922308884818,False,c4_drift_aware__dirichlet_a0.1__sparse_coordinate_attack__seed44,44,dirichlet_a0.1,sparse_coordinate_attack,c4_drift_aware
11,0.2598169238989197,0.0294940945035102,0.4128647296870845,0.5474922308884818,False,c4_drift_aware__dirichlet_a0.1__sparse_coordinate_attack__seed44,44,dirichlet_a0.1,sparse_coordinate_attack,c4_drift_aware
12,0.2617152966806923,0.0075677394274423,0.3009850533436333,0.5474922308884818,False,c4_drift_aware__dirichlet_a0.1__sparse_coordinate_attack__seed44,44,dirichlet_a0.1,sparse_coordinate_attack,c4_drift_aware
13,0.2564789928896286,0.0543502715660489,0.5385079870730134,0.5474922308884818,False,c4_drift_aware__dirichlet_a0.1__sparse_coordinate_attack__seed44,44,dirichlet_a0.1,sparse_coordinate_attack,c4_drift_aware
14,0.2755070258053098,0.0295287710969973,0.4287347719047388,0.5474922308884818,False,c4_drift_aware__dirichlet_a0.1__sparse_coordinate_attack__seed44,44,dirichlet_a0.1,sparse_coordinate_attack,c4_drift_aware
15,0.2992479371897105,0.0540217973154426,0.5795724456392739,0.5474922308884818,False,c4_drift_aware__dirichlet_a0.1__sparse_coordinate_attack__seed44,44,dirichlet_a0.1,sparse_coordinate_attack,c4_drift_aware
16,0.3066222065124461,0.050648455707957,0.5694421080266059,0.5474922308884818,False,c4_drift_aware__dirichlet_a0.1__sparse_coordinate_attack__seed44,44,dirichlet_a0.1,sparse_coordinate_attack,c4_drift_aware
17,0.3120147235117223,0.0576170383865687,0.6109952974034661,0.5474922308884818,False,c4_drift_aware__dirichlet_a0.1__sparse_coordinate_attack__seed44,44,dirichlet_a0.1,sparse_coordinate_attack,c4_drift_aware
18,0.3248049900509934,0.0682867747564239,0.679151892939553,0.5474922308884818,False,c4_drift_aware__dirichlet_a0.1__sparse_coordinate_attack__seed44,44,dirichlet_a0.1,sparse_coordinate_attack,c4_drift_aware
19,0.3306034667034506,0.0697104330122544,0.6923378746473401,0.5474922308884818,False,c4_drift_aware__dirichlet_a0.1__sparse_coordinate_attack__seed44,44,dirichlet_a0.1,sparse_coordinate_attack,c4_drift_aware
20,0.3281704881233383,0.0728553024654506,0.7062239381468082,0.5474922308884818,False,c4_drift_aware__dirichlet_a0.1__sparse_coordinate_attack__seed44,44,dirichlet_a0.1,sparse_coordinate_attack,c4_drift_aware
21,0.3362159355667137,0.0902484515322828,0.8045241754128827,0.5474922308884818,False,c4_drift_aware__dirichlet_a0.1__sparse_coordinate_attack__seed44,44,dirichlet_a0.1,sparse_coordinate_attack,c4_drift_aware
22,0.3054324169397812,0.0550553503097918,0.5911201352323221,0.5474922308884818,False,c4_drift_aware__dirichlet_a0.1__sparse_coordinate_attack__seed44,44,dirichlet_a0.1,sparse_coordinate_attack,c4_drift_aware
23,0.3180651930536879,0.0678886674222677,0.6703462771745777,0.5474922308884818,False,c4_drift_aware__dirichlet_a0.1__sparse_coordinate_attack__seed44,44,dirichlet_a0.1,sparse_coordinate_attack,c4_drift_aware
24,0.2794900175973348,0.0404828243959921,0.4895594416705778,0.5474922308884818,False,c4_drift_aware__dirichlet_a0.1__sparse_coordinate_attack__seed44,44,dirichlet_a0.1,sparse_coordinate_attack,c4_drift_aware
0,0.054795567014956754,0.002443584880290374,0.06747557331727154,0.0653137781181922,False,c4_drift_aware__iid__full_sign_flip__seed42,42,iid,full_sign_flip,c4_drift_aware
1,0.04408190337866636,0.0009759260605372994,0.04914608129940046,0.0653137781181922,False,c4_drift_aware__iid__full_sign_flip__seed42,42,iid,full_sign_flip,c4_drift_aware
2,0.03944322347700213,0.00036681056598907025,0.04134664018497602,0.0653137781181922,False,c4_drift_aware__iid__full_sign_flip__seed42,42,iid,full_sign_flip,c4_drift_aware
3,0.038736902689788744,0.0011324420275176592,0.044613257614780626,0.0653137781181922,False,c4_drift_aware__iid__full_sign_flip__seed42,42,iid,full_sign_flip,c4_drift_aware
4,0.0373381349727468,0.0025415426213166448,0.050526453789021,0.0653137781181922,False,c4_drift_aware__iid__full_sign_flip__seed42,42,iid,full_sign_flip,c4_drift_aware
5,0.03669369495876077,0.001732285034307779,0.045682695230287264,0.0653137781181922,False,c4_drift_aware__iid__full_sign_flip__seed42,42,iid,full_sign_flip,c4_drift_aware
6,0.03340102067098528,0.0007358905730161097,0.03721963044342317,0.0653137781181922,False,c4_drift_aware__iid__full_sign_flip__seed42,42,iid,full_sign_flip,c4_drift_aware
7,0.032262589764976646,0.0002521475517548791,0.033571008625787886,0.0653137781181922,False,c4_drift_aware__iid__full_sign_flip__seed42,42,iid,full_sign_flip,c4_drift_aware
8,0.03160553542924997,0.0004905513547054166,0.03415105546395185,0.0653137781181922,False,c4_drift_aware__iid__full_sign_flip__seed42,42,iid,full_sign_flip,c4_drift_aware
9,0.03132666349377468,0.0009696354998369287,0.03635819906597849,0.0653137781181922,False,c4_drift_aware__iid__full_sign_flip__seed42,42,iid,full_sign_flip,c4_drift_aware
10,0.03230274283842315,0.0009205648704546099,0.03707964600769917,0.0653137781181922,False,c4_drift_aware__iid__full_sign_flip__seed42,42,iid,full_sign_flip,c4_drift_aware
11,0.0343976786764164,0.0008575580766730928,0.03884763329208075,0.0653137781181922,False,c4_drift_aware__iid__full_sign_flip__seed42,42,iid,full_sign_flip,c4_drift_aware
12,0.03651271875236653,0.001216408897232589,0.04282478616099616,0.0653137781181922,False,c4_drift_aware__iid__full_sign_flip__seed42,42,iid,full_sign_flip,c4_drift_aware
13,0.03833129873944203,0.00022329219645234044,0.03948998427605287,0.0653137781181922,False,c4_drift_aware__iid__full_sign_flip__seed42,42,iid,full_sign_flip,c4_drift_aware
14,0.04264386057830539,0.0015259875296780787,0.05056236246855791,0.0653137781181922,False,c4_drift_aware__iid__full_sign_flip__seed42,42,iid,full_sign_flip,c4_drift_aware
15,0.04625565348023681,0.0006629855749252372,0.04969595192708136,0.0653137781181922,False,c4_drift_aware__iid__full_sign_flip__seed42,42,iid,full_sign_flip,c4_drift_aware
16,0.05260414538002121,0.0007619588844607061,0.056558026227376254,0.0653137781181922,False,c4_drift_aware__iid__full_sign_flip__seed42,42,iid,full_sign_flip,c4_drift_aware
17,0.0594069413355396,0.00011042075105968663,0.059979925654863424,0.0653137781181922,False,c4_drift_aware__iid__full_sign_flip__seed42,42,iid,full_sign_flip,c4_drift_aware
18,0.06827434904028275,0.0010105565031635205,0.07351822779084857,0.0653137781181922,False,c4_drift_aware__iid__full_sign_flip__seed42,42,iid,full_sign_flip,c4_drift_aware
19,0.07990416086608049,0.0012638227782997696,0.08646226364495582,0.0653137781181922,False,c4_drift_aware__iid__full_sign_flip__seed42,42,iid,full_sign_flip,c4_drift_aware
20,0.08997798728585676,0.0027281433631373697,0.10413459601151288,0.0653137781181922,False,c4_drift_aware__iid__full_sign_flip__seed42,42,iid,full_sign_flip,c4_drift_aware
21,0.10972144328644297,0.002722951239144858,0.12385110956148955,0.0653137781181922,False,c4_drift_aware__iid__full_sign_flip__seed42,42,iid,full_sign_flip,c4_drift_aware
22,0.13201494543305411,0.00165418066296516,0.14059865431124663,0.0653137781181922,False,c4_drift_aware__iid__full_sign_flip__seed42,42,iid,full_sign_flip,c4_drift_aware
23,0.1466735601399302,0.0032559304585831617,0.16356890888256406,0.0653137781181922,False,c4_drift_aware__iid__full_sign_flip__seed42,42,iid,full_sign_flip,c4_drift_aware
24,0.1496156608566155,0.001555989021866655,0.15768984348998377,0.0653137781181922,False,c4_drift_aware__iid__full_sign_flip__seed42,42,iid,full_sign_flip,c4_drift_aware
0,0.05479555873458961,0.002435327898879097,0.06743271873466314,0.0653137781181922,False,c4_drift_aware__iid__low_norm__seed42,42,iid,low_norm,c4_drift_aware
1,0.04408562002980058,0.000974775774031475,0.049143828998827306,0.0653137781181922,False,c4_drift_aware__iid__low_norm__seed42,42,iid,low_norm,c4_drift_aware
2,0.03944131768502149,0.0003635897116986697,0.04132802105799705,0.0653137781181922,False,c4_drift_aware__iid__low_norm__seed42,42,iid,low_norm,c4_drift_aware
3,0.03873729452334366,0.0011240611566605344,0.04457016027137084,0.0653137781181922,False,c4_drift_aware__iid__low_norm__seed42,42,iid,low_norm,c4_drift_aware
4,0.03734948291293601,0.002538737932242796,0.0505232479171371,0.0653137781181922,False,c4_drift_aware__iid__low_norm__seed42,42,iid,low_norm,c4_drift_aware
5,0.03669450600184728,0.0017242631794237365,0.04564188006619499,0.0653137781181922,False,c4_drift_aware__iid__low_norm__seed42,42,iid,low_norm,c4_drift_aware
6,0.033585682148846926,0.0008880501142055144,0.03819386299647076,0.0653137781181922,False,c4_drift_aware__iid__low_norm__seed42,42,iid,low_norm,c4_drift_aware
7,0.03250821253995946,0.0004021078853608043,0.03459479056788521,0.0653137781181922,False,c4_drift_aware__iid__low_norm__seed42,42,iid,low_norm,c4_drift_aware
8,0.031978122877935014,0.0005002938802257453,0.034574197851814426,0.0653137781181922,False,c4_drift_aware__iid__low_norm__seed42,42,iid,low_norm,c4_drift_aware
9,0.03170860605778566,0.0009046465955071248,0.03640290770653168,0.0653137781181922,False,c4_drift_aware__iid__low_norm__seed42,42,iid,low_norm,c4_drift_aware
10,0.03192637000737086,0.001805550577875098,0.041295552511022536,0.0653137781181922,False,c4_drift_aware__iid__low_norm__seed42,42,iid,low_norm,c4_drift_aware
11,0.0343658068229169,0.0014623269723700386,0.04195396771524226,0.0653137781181922,False,c4_drift_aware__iid__low_norm__seed42,42,iid,low_norm,c4_drift_aware
12,0.036113622263100637,0.0012448362072489533,0.04257320182613618,0.0653137781181922,False,c4_drift_aware__iid__low_norm__seed42,42,iid,low_norm,c4_drift_aware
13,0.037337602170794924,0.0018431410905009257,0.04690184560351328,0.0653137781181922,False,c4_drift_aware__iid__low_norm__seed42,42,iid,low_norm,c4_drift_aware
14,0.04049801075022191,0.0021577114190279023,0.0516945910746996,0.0653137781181922,False,c4_drift_aware__iid__low_norm__seed42,42,iid,low_norm,c4_drift_aware
15,0.0431478926013283,0.0005305474859796586,0.045900956560825344,0.0653137781181922,False,c4_drift_aware__iid__low_norm__seed42,42,iid,low_norm,c4_drift_aware
16,0.04726354202450129,0.000860617472508228,0.05172937215109374,0.0653137781181922,False,c4_drift_aware__iid__low_norm__seed42,42,iid,low_norm,c4_drift_aware
17,0.05141344854621403,0.0008552980518777981,0.055851675667213115,0.0653137781181922,False,c4_drift_aware__iid__low_norm__seed42,42,iid,low_norm,c4_drift_aware
18,0.05733340768718644,0.0005901373425034745,0.06039568937117122,0.0653137781181922,False,c4_drift_aware__iid__low_norm__seed42,42,iid,low_norm,c4_drift_aware
19,0.0640210892755586,0.0011093594001661683,0.06977766613896086,0.0653137781181922,False,c4_drift_aware__iid__low_norm__seed42,42,iid,low_norm,c4_drift_aware
20,0.06904863238679451,0.003986086388220553,0.08973283326390978,0.0653137781181922,False,c4_drift_aware__iid__low_norm__seed42,42,iid,low_norm,c4_drift_aware
21,0.08045829503791262,0.0017625792307965626,0.08960449492443906,0.0653137781181922,False,c4_drift_aware__iid__low_norm__seed42,42,iid,low_norm,c4_drift_aware
22,0.09192557820548708,0.0015107523896478597,0.09976502343060879,0.0653137781181922,False,c4_drift_aware__iid__low_norm__seed42,42,iid,low_norm,c4_drift_aware
23,0.10773777793400893,0.003345221215455829,0.12509646534313076,0.0653137781181922,False,c4_drift_aware__iid__low_norm__seed42,42,iid,low_norm,c4_drift_aware
24,0.12205399799288484,0.0033497292475354185,0.1394360780312709,0.0653137781181922,False,c4_drift_aware__iid__low_norm__seed42,42,iid,low_norm,c4_drift_aware
0,0.06438786621758089,0.0012740088597036486,0.07099882559146908,0.0653137781181922,False,c4_drift_aware__iid__full_sign_flip__seed43,43,iid,full_sign_flip,c4_drift_aware
1,0.051186464014115765,0.0021595950205694006,0.062392818535352446,0.0653137781181922,False,c4_drift_aware__iid__full_sign_flip__seed43,43,iid,full_sign_flip,c4_drift_aware
2,0.04360704490362623,0.0020935535421248985,0.05447070358906654,0.0653137781181922,False,c4_drift_aware__iid__full_sign_flip__seed43,43,iid,full_sign_flip,c4_drift_aware
3,0.04322493120013581,0.002124119375811577,0.05424719905315967,0.0653137781181922,False,c4_drift_aware__iid__full_sign_flip__seed43,43,iid,full_sign_flip,c4_drift_aware
4,0.03855787154790433,0.00121649695284623,0.0448703958859187,0.0653137781181922,False,c4_drift_aware__iid__full_sign_flip__seed43,43,iid,full_sign_flip,c4_drift_aware
5,0.04221610843749401,0.000695845268164838,0.04582691911852817,0.0653137781181922,False,c4_drift_aware__iid__full_sign_flip__seed43,43,iid,full_sign_flip,c4_drift_aware
6,0.047397112040442356,0.0009909146923443649,0.0525390674704865,0.0653137781181922,False,c4_drift_aware__iid__full_sign_flip__seed43,43,iid,full_sign_flip,c4_drift_aware
7,0.054967595856613254,0.00030877268076152237,0.05656984817435287,0.0653137781181922,False,c4_drift_aware__iid__full_sign_flip__seed43,43,iid,full_sign_flip,c4_drift_aware
8,0.06442207826914197,0.0007509034397243514,0.0683185913082156,0.0653137781181922,False,c4_drift_aware__iid__full_sign_flip__seed43,43,iid,full_sign_flip,c4_drift_aware
9,0.07582887433721507,0.0009384329150816662,0.08069849657686534,0.0653137781181922,False,c4_drift_aware__iid__full_sign_flip__seed43,43,iid,full_sign_flip,c4_drift_aware
10,0.09383021912273809,0.0011442550973572163,0.09976787324843442,0.0653137781181922,False,c4_drift_aware__iid__full_sign_flip__seed43,43,iid,full_sign_flip,c4_drift_aware
11,0.11727250710893393,0.003285478386207269,0.13432118300280207,0.0653137781181922,False,c4_drift_aware__iid__full_sign_flip__seed43,43,iid,full_sign_flip,c4_drift_aware
12,0.14299094012637606,0.0023446626398667403,0.15515762903090857,0.0653137781181922,False,c4_drift_aware__iid__full_sign_flip__seed43,43,iid,full_sign_flip,c4_drift_aware
13,0.15992288175709882,0.0026721661706593236,0.17378901923326712,0.0653137781181922,False,c4_drift_aware__iid__full_sign_flip__seed43,43,iid,full_sign_flip,c4_drift_aware
14,0.15761987166830424,0.003954047375552078,0.17813781890478153,0.0653137781181922,False,c4_drift_aware__iid__full_sign_flip__seed43,43,iid,full_sign_flip,c4_drift_aware
15,0.14095896632088076,0.0006771561763221634,0.1444727974354341,0.0653137781181922,False,c4_drift_aware__iid__full_sign_flip__seed43,43,iid,full_sign_flip,c4_drift_aware
16,0.1303010916394978,0.0012769131453954363,0.13692712164226925,0.0653137781181922,False,c4_drift_aware__iid__full_sign_flip__seed43,43,iid,full_sign_flip,c4_drift_aware
17,0.12263017199481023,0.0021683537631120436,0.13388197650697495,0.0653137781181922,False,c4_drift_aware__iid__full_sign_flip__seed43,43,iid,full_sign_flip,c4_drift_aware
18,0.1218505096386402,0.0015484175546570528,0.12988540317151112,0.0653137781181922,False,c4_drift_aware__iid__full_sign_flip__seed43,43,iid,full_sign_flip,c4_drift_aware
19,0.1288440689223824,0.0018330781511011196,0.1383560947562612,0.0653137781181922,False,c4_drift_aware__iid__full_sign_flip__seed43,43,iid,full_sign_flip,c4_drift_aware
20,0.1342392767820109,0.00475141968557613,0.158894868672434,0.0653137781181922,False,c4_drift_aware__iid__full_sign_flip__seed43,43,iid,full_sign_flip,c4_drift_aware
21,0.13262219369244327,0.0035461458048853256,0.15102349888857372,0.0653137781181922,False,c4_drift_aware__iid__full_sign_flip__seed43,43,iid,full_sign_flip,c4_drift_aware
22,0.11996553545836854,0.004777417636853645,0.1447560333177658,0.0653137781181922,False,c4_drift_aware__iid__full_sign_flip__seed43,43,iid,full_sign_flip,c4_drift_aware
23,0.1072405640095773,0.0026200559671813867,0.12083629642887822,0.0653137781181922,False,c4_drift_aware__iid__full_sign_flip__seed43,43,iid,full_sign_flip,c4_drift_aware
24,0.09655726479348735,0.0030463790918115324,0.11236523053880657,0.0653137781181922,False,c4_drift_aware__iid__full_sign_flip__seed43,43,iid,full_sign_flip,c4_drift_aware
0,0.06438780000567776,0.0012743593626340644,0.07100057817432218,0.0653137781181922,False,c4_drift_aware__iid__low_norm__seed43,43,iid,low_norm,c4_drift_aware
1,0.05117419922822907,0.00215857408489932,0.062375256012180136,0.0653137781181922,False,c4_drift_aware__iid__low_norm__seed43,43,iid,low_norm,c4_drift_aware
2,0.043607825550866015,0.0020933665695596973,0.054470514016968244,0.0653137781181922,False,c4_drift_aware__iid__low_norm__seed43,43,iid,low_norm,c4_drift_aware
3,0.043209726077643396,0.0021419318645390234,0.054324424715922845,0.0653137781181922,False,c4_drift_aware__iid__low_norm__seed43,43,iid,low_norm,c4_drift_aware
4,0.03854981365197745,0.0012221419408207299,0.0448916303970903,0.0653137781181922,False,c4_drift_aware__iid__low_norm__seed43,43,iid,low_norm,c4_drift_aware
5,0.04221459069388635,0.0006971696473701272,0.04583227371105467,0.0653137781181922,False,c4_drift_aware__iid__low_norm__seed43,43,iid,low_norm,c4_drift_aware
6,0.047396179019027644,0.0010021446081763807,0.0525964076053157,0.0653137781181922,False,c4_drift_aware__iid__low_norm__seed43,43,iid,low_norm,c4_drift_aware
7,0.05496541464883468,0.000311630630003161,0.05658249715098408,0.0653137781181922,False,c4_drift_aware__iid__low_norm__seed43,43,iid,low_norm,c4_drift_aware
8,0.06439622724819742,0.0007245235714576914,0.06815585251284853,0.0653137781181922,False,c4_drift_aware__iid__low_norm__seed43,43,iid,low_norm,c4_drift_aware
9,0.07582094394739207,0.0009174824358011285,0.0805818520550077,0.0653137781181922,False,c4_drift_aware__iid__low_norm__seed43,43,iid,low_norm,c4_drift_aware
10,0.09384584678280483,0.0011668928327970146,0.09990097038147182,0.0653137781181922,False,c4_drift_aware__iid__low_norm__seed43,43,iid,low_norm,c4_drift_aware
11,0.11302460826453434,0.00303366674727773,0.12876660838283321,0.0653137781181922,False,c4_drift_aware__iid__low_norm__seed43,43,iid,low_norm,c4_drift_aware
12,0.13407100656546886,0.002618872698837593,0.147660598887007,0.0653137781181922,False,c4_drift_aware__iid__low_norm__seed43,43,iid,low_norm,c4_drift_aware
13,0.15273946097731983,0.002275247054961793,0.16454594547022208,0.0653137781181922,False,c4_drift_aware__iid__low_norm__seed43,43,iid,low_norm,c4_drift_aware
14,0.16006106346858215,0.004775190985202599,0.18484000700989694,0.0653137781181922,False,c4_drift_aware__iid__low_norm__seed43,43,iid,low_norm,c4_drift_aware
15,0.15458292667949292,0.0016471351673929269,0.16313007577661154,0.0653137781181922,False,c4_drift_aware__iid__low_norm__seed43,43,iid,low_norm,c4_drift_aware
16,0.1463881010521018,0.0023604069709774744,0.158636488865201,0.0653137781181922,False,c4_drift_aware__iid__low_norm__seed43,43,iid,low_norm,c4_drift_aware
17,0.1322994838318049,0.0017071923390186983,0.14115827559820682,0.0653137781181922,False,c4_drift_aware__iid__low_norm__seed43,43,iid,low_norm,c4_drift_aware
18,0.12367769671957556,0.003315771349836613,0.14088356583101272,0.0653137781181922,False,c4_drift_aware__iid__low_norm__seed43,43,iid,low_norm,c4_drift_aware
19,0.12066907266243106,0.0021075103926735533,0.1316051548410534,0.0653137781181922,False,c4_drift_aware__iid__low_norm__seed43,43,iid,low_norm,c4_drift_aware
20,0.11922541693782827,0.006963572254092901,0.15536008972154175,0.0653137781181922,False,c4_drift_aware__iid__low_norm__seed43,43,iid,low_norm,c4_drift_aware
21,0.1258494532069159,0.005606710190873554,0.15494323305837787,0.0653137781181922,False,c4_drift_aware__iid__low_norm__seed43,43,iid,low_norm,c4_drift_aware
22,0.1279135453949171,0.005404239329829086,0.1559566837013332,0.0653137781181922,False,c4_drift_aware__iid__low_norm__seed43,43,iid,low_norm,c4_drift_aware
23,0.1295480607962797,0.0050634299650573755,0.15582270522795894,0.0653137781181922,False,c4_drift_aware__iid__low_norm__seed43,43,iid,low_norm,c4_drift_aware
24,0.12586442390655814,0.0036622633898753254,0.1448682748629602,0.0653137781181922,False,c4_drift_aware__iid__low_norm__seed43,43,iid,low_norm,c4_drift_aware
0,0.08067533312278291,0.006502575541242561,0.11441784786384468,0.0653137781181922,False,c4_drift_aware__iid__full_sign_flip__seed44,44,iid,full_sign_flip,c4_drift_aware
1,0.04944104267139424,0.002934614307876608,0.06466904977639674,0.0653137781181922,False,c4_drift_aware__iid__full_sign_flip__seed44,44,iid,full_sign_flip,c4_drift_aware
2,0.03618538077785091,0.0007259095182739206,0.03995219785912611,0.0653137781181922,False,c4_drift_aware__iid__full_sign_flip__seed44,44,iid,full_sign_flip,c4_drift_aware
3,0.034261277951038824,0.000606180661167452,0.03740681001990285,0.0653137781181922,False,c4_drift_aware__iid__full_sign_flip__seed44,44,iid,full_sign_flip,c4_drift_aware
4,0.03631163645505778,0.0011579686089466454,0.042320451363742816,0.0653137781181922,False,c4_drift_aware__iid__full_sign_flip__seed44,44,iid,full_sign_flip,c4_drift_aware
5,0.036747811054649575,0.0013341193138513563,0.04367068958615565,0.0653137781181922,False,c4_drift_aware__iid__full_sign_flip__seed44,44,iid,full_sign_flip,c4_drift_aware
6,0.04005411292337666,0.00018537627386715216,0.041016048946100704,0.0653137781181922,False,c4_drift_aware__iid__full_sign_flip__seed44,44,iid,full_sign_flip,c4_drift_aware
7,0.04252652104848318,0.0007311294388212264,0.04632042481947041,0.0653137781181922,False,c4_drift_aware__iid__full_sign_flip__seed44,44,iid,full_sign_flip,c4_drift_aware
8,0.048651240848298916,0.0013844574748256774,0.055835329130916836,0.0653137781181922,False,c4_drift_aware__iid__full_sign_flip__seed44,44,iid,full_sign_flip,c4_drift_aware
9,0.05434583688449721,0.000963098384831565,0.059343450713226685,0.0653137781181922,False,c4_drift_aware__iid__full_sign_flip__seed44,44,iid,full_sign_flip,c4_drift_aware
10,0.06464293913502946,0.0015725783081981248,0.07280320523410035,0.0653137781181922,False,c4_drift_aware__iid__full_sign_flip__seed44,44,iid,full_sign_flip,c4_drift_aware
11,0.07660504515832973,0.003610606421136406,0.09534084293824865,0.0653137781181922,False,c4_drift_aware__iid__full_sign_flip__seed44,44,iid,full_sign_flip,c4_drift_aware
12,0.09580259002651513,0.0009072098002745055,0.10051019240111957,0.0653137781181922,False,c4_drift_aware__iid__full_sign_flip__seed44,44,iid,full_sign_flip,c4_drift_aware
13,0.11337486360089709,0.0016118897854867087,0.12173912088676617,0.0653137781181922,False,c4_drift_aware__iid__full_sign_flip__seed44,44,iid,full_sign_flip,c4_drift_aware
14,0.13395993532509906,0.0009805865808746872,0.1390482971519159,0.0653137781181922,False,c4_drift_aware__iid__full_sign_flip__seed44,44,iid,full_sign_flip,c4_drift_aware
15,0.15326624958455942,0.004544148770755069,0.17684629197088456,0.0653137781181922,False,c4_drift_aware__iid__full_sign_flip__seed44,44,iid,full_sign_flip,c4_drift_aware
16,0.15405440984863294,0.0037518955362097206,0.1735233709755788,0.0653137781181922,False,c4_drift_aware__iid__full_sign_flip__seed44,44,iid,full_sign_flip,c4_drift_aware
17,0.14383213755090576,0.002225546394491157,0.15538072034655984,0.0653137781181922,False,c4_drift_aware__iid__full_sign_flip__seed44,44,iid,full_sign_flip,c4_drift_aware
18,0.1293761195794418,9.919245341005745e-05,0.12989083913943195,0.0653137781181922,False,c4_drift_aware__iid__full_sign_flip__seed44,44,iid,full_sign_flip,c4_drift_aware
19,0.12217863432878501,0.001952757533548774,0.13231168844612295,0.0653137781181922,False,c4_drift_aware__iid__full_sign_flip__seed44,44,iid,full_sign_flip,c4_drift_aware
20,0.11943929078745298,0.0022605868288471664,0.1311697019010238,0.0653137781181922,False,c4_drift_aware__iid__full_sign_flip__seed44,44,iid,full_sign_flip,c4_drift_aware
21,0.12164095917723139,0.0020605432831362347,0.13233332432775363,0.0653137781181922,False,c4_drift_aware__iid__full_sign_flip__seed44,44,iid,full_sign_flip,c4_drift_aware
22,0.12813681162660273,0.0020680497743568726,0.13886812871071796,0.0653137781181922,False,c4_drift_aware__iid__full_sign_flip__seed44,44,iid,full_sign_flip,c4_drift_aware
23,0.12953716739453086,0.0027260006214304966,0.14368265721919585,0.0653137781181922,False,c4_drift_aware__iid__full_sign_flip__seed44,44,iid,full_sign_flip,c4_drift_aware
24,0.12485837512880962,0.00021577685552931491,0.12597806280983678,0.0653137781181922,False,c4_drift_aware__iid__full_sign_flip__seed44,44,iid,full_sign_flip,c4_drift_aware
0,0.08067533261767683,0.006502431418767621,0.11441709949280389,0.0653137781181922,False,c4_drift_aware__iid__low_norm__seed44,44,iid,low_norm,c4_drift_aware
1,0.04943341273253361,0.0029194674792259803,0.06458282142898515,0.0653137781181922,False,c4_drift_aware__iid__low_norm__seed44,44,iid,low_norm,c4_drift_aware
2,0.03615569194122936,0.0006880799336054511,0.03972620752470141,0.0653137781181922,False,c4_drift_aware__iid__low_norm__seed44,44,iid,low_norm,c4_drift_aware
3,0.03426143757227907,0.0006139416250058108,0.03744724205859672,0.0653137781181922,False,c4_drift_aware__iid__low_norm__seed44,44,iid,low_norm,c4_drift_aware
4,0.036324871964143204,0.0011541721096325341,0.04231398645823739,0.0653137781181922,False,c4_drift_aware__iid__low_norm__seed44,44,iid,low_norm,c4_drift_aware
5,0.03674499201595162,0.0013269639274085046,0.04363074053166709,0.0653137781181922,False,c4_drift_aware__iid__low_norm__seed44,44,iid,low_norm,c4_drift_aware
6,0.04005165433430358,0.00018182554524382583,0.040995165271128314,0.0653137781181922,False,c4_drift_aware__iid__low_norm__seed44,44,iid,low_norm,c4_drift_aware
7,0.042510356205843015,0.0007060893916685587,0.046174324668150336,0.0653137781181922,False,c4_drift_aware__iid__low_norm__seed44,44,iid,low_norm,c4_drift_aware
8,0.04866890656915661,0.0014116655156406963,0.055994180096367745,0.0653137781181922,False,c4_drift_aware__iid__low_norm__seed44,44,iid,low_norm,c4_drift_aware
9,0.05437062441463563,0.0009737405849646677,0.059423461684075786,0.0653137781181922,False,c4_drift_aware__iid__low_norm__seed44,44,iid,low_norm,c4_drift_aware
10,0.06306291380746927,0.0015782488045578275,0.07125260467920029,0.0653137781181922,False,c4_drift_aware__iid__low_norm__seed44,44,iid,low_norm,c4_drift_aware
11,0.07215932665604183,0.00195471308587096,0.08230252832993483,0.0653137781181922,False,c4_drift_aware__iid__low_norm__seed44,44,iid,low_norm,c4_drift_aware
12,0.08865558339940169,0.0009987881718859226,0.09383839510213493,0.0653137781181922,False,c4_drift_aware__iid__low_norm__seed44,44,iid,low_norm,c4_drift_aware
13,0.10040070061578901,0.003170888570834668,0.11685475849870719,0.0653137781181922,False,c4_drift_aware__iid__low_norm__seed44,44,iid,low_norm,c4_drift_aware
14,0.11706220186135001,0.0012246763891704676,0.12341717011239449,0.0653137781181922,False,c4_drift_aware__iid__low_norm__seed44,44,iid,low_norm,c4_drift_aware
15,0.13409798341235357,0.004798851751778632,0.15899970503750807,0.0653137781181922,False,c4_drift_aware__iid__low_norm__seed44,44,iid,low_norm,c4_drift_aware
16,0.14897668402178796,0.002895874078152061,0.16400366420072682,0.0653137781181922,False,c4_drift_aware__iid__low_norm__seed44,44,iid,low_norm,c4_drift_aware
17,0.15781206166622933,0.0031167975034201156,0.17398543559122664,0.0653137781181922,False,c4_drift_aware__iid__low_norm__seed44,44,iid,low_norm,c4_drift_aware
18,0.1500324368980826,0.004358368008365643,0.17264844433029275,0.0653137781181922,False,c4_drift_aware__iid__low_norm__seed44,44,iid,low_norm,c4_drift_aware
19,0.13620506361208345,0.003712348860347825,0.15546881308331434,0.0653137781181922,False,c4_drift_aware__iid__low_norm__seed44,44,iid,low_norm,c4_drift_aware
20,0.1267512397181736,0.0021888554700694868,0.13810942963791117,0.0653137781181922,False,c4_drift_aware__iid__low_norm__seed44,44,iid,low_norm,c4_drift_aware
21,0.12010643346840807,0.0026693760404480765,0.1339580926798972,0.0653137781181922,False,c4_drift_aware__iid__low_norm__seed44,44,iid,low_norm,c4_drift_aware
22,0.11749326180954404,0.002389223650292871,0.12989118225327878,0.0653137781181922,False,c4_drift_aware__iid__low_norm__seed44,44,iid,low_norm,c4_drift_aware
23,0.12045112947407582,0.0018998613631357603,0.1303097000735236,0.0653137781181922,False,c4_drift_aware__iid__low_norm__seed44,44,iid,low_norm,c4_drift_aware
24,0.1239331264534443,0.0016588072841605267,0.1325408433316817,0.0653137781181922,False,c4_drift_aware__iid__low_norm__seed44,44,iid,low_norm,c4_drift_aware
0,0.07813451276519397,0.0019826862735475986,0.08842287010725981,0.0653137781181922,False,c4_drift_aware__iid__no_attack__seed45,45,iid,no_attack,c4_drift_aware
1,0.06229287629091133,0.002423046365782937,0.07486630618759556,0.0653137781181922,False,c4_drift_aware__iid__no_attack__seed45,45,iid,no_attack,c4_drift_aware
2,0.05188944248443092,0.0017376270562358548,0.06090616304194439,0.0653137781181922,False,c4_drift_aware__iid__no_attack__seed45,45,iid,no_attack,c4_drift_aware
3,0.04523236283491066,0.002457003730551667,0.057982000893116316,0.0653137781181922,False,c4_drift_aware__iid__no_attack__seed45,45,iid,no_attack,c4_drift_aware
4,0.041646777585023415,0.0017268323244484657,0.05060748319981895,0.0653137781181922,False,c4_drift_aware__iid__no_attack__seed45,45,iid,no_attack,c4_drift_aware
5,0.04539370334950136,0.0016167456510442907,0.053783158207335285,0.0653137781181922,False,c4_drift_aware__iid__no_attack__seed45,45,iid,no_attack,c4_drift_aware
6,0.04922698377262181,0.00020927113712389256,0.0503129126302714,0.0653137781181922,False,c4_drift_aware__iid__no_attack__seed45,45,iid,no_attack,c4_drift_aware
7,0.056470832410806575,0.00048354551643147586,0.05897999845012115,0.0653137781181922,False,c4_drift_aware__iid__no_attack__seed45,45,iid,no_attack,c4_drift_aware
8,0.06507641383438104,0.0009104901074295513,0.06980103805084373,0.0653137781181922,False,c4_drift_aware__iid__no_attack__seed45,45,iid,no_attack,c4_drift_aware
9,0.08091505627658459,0.00038403123502800396,0.08290783275826841,0.0653137781181922,False,c4_drift_aware__iid__no_attack__seed45,45,iid,no_attack,c4_drift_aware
10,0.0970435034801781,0.002340587438747696,0.10918904575858376,0.0653137781181922,False,c4_drift_aware__iid__no_attack__seed45,45,iid,no_attack,c4_drift_aware
11,0.11533014542995951,0.0009747132137599979,0.12038802976748152,0.0653137781181922,False,c4_drift_aware__iid__no_attack__seed45,45,iid,no_attack,c4_drift_aware
12,0.13866201565300862,0.000525209392731929,0.14138737971283388,0.0653137781181922,False,c4_drift_aware__iid__no_attack__seed45,45,iid,no_attack,c4_drift_aware
13,0.15645042469833523,0.004339858381251227,0.17897038382448596,0.0653137781181922,False,c4_drift_aware__iid__no_attack__seed45,45,iid,no_attack,c4_drift_aware
14,0.15478073538375325,0.003258254930844695,0.17168814604539945,0.0653137781181922,False,c4_drift_aware__iid__no_attack__seed45,45,iid,no_attack,c4_drift_aware
15,0.14486475352096853,0.0023575895672370006,0.15709852154431805,0.0653137781181922,False,c4_drift_aware__iid__no_attack__seed45,45,iid,no_attack,c4_drift_aware
16,0.13672807205073292,0.0024031746385981545,0.14919838556788262,0.0653137781181922,False,c4_drift_aware__iid__no_attack__seed45,45,iid,no_attack,c4_drift_aware
17,0.13126773310075304,0.001626075335329824,0.13970560062331303,0.0653137781181922,False,c4_drift_aware__iid__no_attack__seed45,45,iid,no_attack,c4_drift_aware
18,0.12972850434331723,0.0014759724845301303,0.13738747316279254,0.0653137781181922,False,c4_drift_aware__iid__no_attack__seed45,45,iid,no_attack,c4_drift_aware
19,0.13468089579617337,0.002207091493427349,0.14613371426471722,0.0653137781181922,False,c4_drift_aware__iid__no_attack__seed45,45,iid,no_attack,c4_drift_aware
20,0.12737548900241666,0.00020661981660180517,0.1284476598927451,0.0653137781181922,False,c4_drift_aware__iid__no_attack__seed45,45,iid,no_attack,c4_drift_aware
21,0.12574595039882672,0.0016829811209636836,0.13447910773361937,0.0653137781181922,False,c4_drift_aware__iid__no_attack__seed45,45,iid,no_attack,c4_drift_aware
22,0.11447481987528783,0.0013977407425602023,0.12172783636250697,0.0653137781181922,False,c4_drift_aware__iid__no_attack__seed45,45,iid,no_attack,c4_drift_aware
23,0.09921506924601736,0.0021867130207354063,0.11056214178191545,0.0653137781181922,False,c4_drift_aware__iid__no_attack__seed45,45,iid,no_attack,c4_drift_aware
24,0.08410117471603092,0.0038090703693982736,0.1038668217698755,0.0653137781181922,False,c4_drift_aware__iid__no_attack__seed45,45,iid,no_attack,c4_drift_aware
0,0.07813439788950986,0.0019811320557868856,0.08841469024019359,0.0653137781181922,False,c4_drift_aware__iid__large_norm__seed45,45,iid,large_norm,c4_drift_aware
1,0.06229307004781476,0.002423551773885965,0.07486912255768642,0.0653137781181922,False,c4_drift_aware__iid__large_norm__seed45,45,iid,large_norm,c4_drift_aware
2,0.05187587255072719,0.0017681481160113366,0.06105096993952162,0.0653137781181922,False,c4_drift_aware__iid__large_norm__seed45,45,iid,large_norm,c4_drift_aware
3,0.04521601197126898,0.0024596191860020017,0.057979221889351965,0.0653137781181922,False,c4_drift_aware__iid__large_norm__seed45,45,iid,large_norm,c4_drift_aware
4,0.04164770119231504,0.00173578989924697,0.05065488855849749,0.0653137781181922,False,c4_drift_aware__iid__large_norm__seed45,45,iid,large_norm,c4_drift_aware
5,0.045395248683196845,0.0016138145662019168,0.053769493848675215,0.0653137781181922,False,c4_drift_aware__iid__large_norm__seed45,45,iid,large_norm,c4_drift_aware
6,0.0492274265924418,0.00020815765441063033,0.050307577476944004,0.0653137781181922,False,c4_drift_aware__iid__large_norm__seed45,45,iid,large_norm,c4_drift_aware
7,0.0564619601157966,0.00048711978114590604,0.058989673372140825,0.0653137781181922,False,c4_drift_aware__iid__large_norm__seed45,45,iid,large_norm,c4_drift_aware
8,0.06508021183432527,0.0009128654180384499,0.0698171617750686,0.0653137781181922,False,c4_drift_aware__iid__large_norm__seed45,45,iid,large_norm,c4_drift_aware
9,0.0809112159316514,0.00037373597785507473,0.08285056929433918,0.0653137781181922,False,c4_drift_aware__iid__large_norm__seed45,45,iid,large_norm,c4_drift_aware
10,0.0968470689642249,0.002630684357901966,0.110497953165814,0.0653137781181922,False,c4_drift_aware__iid__large_norm__seed45,45,iid,large_norm,c4_drift_aware
11,0.11656600075901712,0.001631491076257291,0.12503197110282382,0.0653137781181922,False,c4_drift_aware__iid__large_norm__seed45,45,iid,large_norm,c4_drift_aware
12,0.13971848419687222,0.0006062840012453219,0.1428645525077343,0.0653137781181922,False,c4_drift_aware__iid__large_norm__seed45,45,iid,large_norm,c4_drift_aware
13,0.15503056667517287,0.001121994491837336,0.160852708292766,0.0653137781181922,False,c4_drift_aware__iid__large_norm__seed45,45,iid,large_norm,c4_drift_aware
14,0.15655295091663476,0.004985716713607119,0.18242433351521348,0.0653137781181922,False,c4_drift_aware__iid__large_norm__seed45,45,iid,large_norm,c4_drift_aware
15,0.14668426427104345,0.0007790627025821006,0.15072689854101223,0.0653137781181922,False,c4_drift_aware__iid__large_norm__seed45,45,iid,large_norm,c4_drift_aware
16,0.13599346450456695,0.006014087394467876,0.1672011654032002,0.0653137781181922,False,c4_drift_aware__iid__large_norm__seed45,45,iid,large_norm,c4_drift_aware
17,0.13039690083417452,0.0014283509972872477,0.13780875699419778,0.0653137781181922,False,c4_drift_aware__iid__large_norm__seed45,45,iid,large_norm,c4_drift_aware
18,0.13108862468412846,0.0021197525328123246,0.1420882325521449,0.0653137781181922,False,c4_drift_aware__iid__large_norm__seed45,45,iid,large_norm,c4_drift_aware
19,0.13519900066853197,0.004686334312002743,0.1595168580469454,0.0653137781181922,False,c4_drift_aware__iid__large_norm__seed45,45,iid,large_norm,c4_drift_aware
20,0.13122318101156202,0.0031750261760489784,0.14769870934169776,0.0653137781181922,False,c4_drift_aware__iid__large_norm__seed45,45,iid,large_norm,c4_drift_aware
21,0.1270742378554654,0.0020973613061134044,0.13795765540901847,0.0653137781181922,False,c4_drift_aware__iid__large_norm__seed45,45,iid,large_norm,c4_drift_aware
22,0.11713532191863785,0.003761445523945542,0.13665383888694366,0.0653137781181922,False,c4_drift_aware__iid__large_norm__seed45,45,iid,large_norm,c4_drift_aware
23,0.09616600875543509,0.0005872547351948587,0.09921333230183473,0.0653137781181922,False,c4_drift_aware__iid__large_norm__seed45,45,iid,large_norm,c4_drift_aware
24,0.0897505903235759,0.004608309833845789,0.11366357088238507,0.0653137781181922,False,c4_drift_aware__iid__large_norm__seed45,45,iid,large_norm,c4_drift_aware
0,0.07813442264542167,0.0019831017545776236,0.08842493596010041,0.0653137781181922,False,c4_drift_aware__iid__directional_poisoning__seed45,45,iid,directional_poisoning,c4_drift_aware
1,0.06229263420441424,0.0024265070312982154,0.07488402184052381,0.0653137781181922,False,c4_drift_aware__iid__directional_poisoning__seed45,45,iid,directional_poisoning,c4_drift_aware
2,0.05187946526718248,0.0017760036788247863,0.061095325956972174,0.0653137781181922,False,c4_drift_aware__iid__directional_poisoning__seed45,45,iid,directional_poisoning,c4_drift_aware
3,0.04521434952354016,0.002456563151133122,0.05796170137108504,0.0653137781181922,False,c4_drift_aware__iid__directional_poisoning__seed45,45,iid,directional_poisoning,c4_drift_aware
4,0.041653065772022706,0.0017463056788690756,0.05071482057024222,0.0653137781181922,False,c4_drift_aware__iid__directional_poisoning__seed45,45,iid,directional_poisoning,c4_drift_aware
5,0.045395523504263714,0.0016108894470406518,0.053754589933902364,0.0653137781181922,False,c4_drift_aware__iid__directional_poisoning__seed45,45,iid,directional_poisoning,c4_drift_aware
6,0.049226786973464366,0.0002113889228830268,0.05032370523319668,0.0653137781181922,False,c4_drift_aware__iid__directional_poisoning__seed45,45,iid,directional_poisoning,c4_drift_aware
7,0.05645951723664599,0.0004863654967306938,0.05898331643573123,0.0653137781181922,False,c4_drift_aware__iid__directional_poisoning__seed45,45,iid,directional_poisoning,c4_drift_aware
8,0.06507898554119736,0.0009099589889139253,0.0698008537305706,0.0653137781181922,False,c4_drift_aware__iid__directional_poisoning__seed45,45,iid,directional_poisoning,c4_drift_aware
9,0.08091536209350005,0.00036962043825521096,0.08283335950965016,0.0653137781181922,False,c4_drift_aware__iid__directional_poisoning__seed45,45,iid,directional_poisoning,c4_drift_aware
10,0.0970407794315283,0.0023343510968891895,0.109153960708396,0.0653137781181922,False,c4_drift_aware__iid__directional_poisoning__seed45,45,iid,directional_poisoning,c4_drift_aware
11,0.115252648981765,0.0010557435971862428,0.12073100808192413,0.0653137781181922,False,c4_drift_aware__iid__directional_poisoning__seed45,45,iid,directional_poisoning,c4_drift_aware
12,0.13854447082610763,0.0005293087061456481,0.14129110663316802,0.0653137781181922,False,c4_drift_aware__iid__directional_poisoning__seed45,45,iid,directional_poisoning,c4_drift_aware
13,0.1564274974245903,0.004301085086759915,0.1787462580482962,0.0653137781181922,False,c4_drift_aware__iid__directional_poisoning__seed45,45,iid,directional_poisoning,c4_drift_aware
14,0.1549183130538303,0.003036416425321653,0.1706745815264669,0.0653137781181922,False,c4_drift_aware__iid__directional_poisoning__seed45,45,iid,directional_poisoning,c4_drift_aware
15,0.1455611992403574,0.0026996824077686055,0.15957012122250946,0.0653137781181922,False,c4_drift_aware__iid__directional_poisoning__seed45,45,iid,directional_poisoning,c4_drift_aware
16,0.13735701488816277,0.0023269602328189476,0.14943184423228356,0.0653137781181922,False,c4_drift_aware__iid__directional_poisoning__seed45,45,iid,directional_poisoning,c4_drift_aware
17,0.13155398173292293,0.0007016029943098523,0.1351946698306962,0.0653137781181922,False,c4_drift_aware__iid__directional_poisoning__seed45,45,iid,directional_poisoning,c4_drift_aware
18,0.13002688528297474,0.0010365591285360631,0.13540569425686122,0.0653137781181922,False,c4_drift_aware__iid__directional_poisoning__seed45,45,iid,directional_poisoning,c4_drift_aware
19,0.1347249151443102,0.002596703148348173,0.1481994674514037,0.0653137781181922,False,c4_drift_aware__iid__directional_poisoning__seed45,45,iid,directional_poisoning,c4_drift_aware
20,0.12809266710080192,0.0013274242365853284,0.13498080420686684,0.0653137781181922,False,c4_drift_aware__iid__directional_poisoning__seed45,45,iid,directional_poisoning,c4_drift_aware
21,0.124650263394917,0.003458219738443624,0.1425953114396748,0.0653137781181922,False,c4_drift_aware__iid__directional_poisoning__seed45,45,iid,directional_poisoning,c4_drift_aware
22,0.1142096701753306,0.0006157554077145799,0.11740488656150232,0.0653137781181922,False,c4_drift_aware__iid__directional_poisoning__seed45,45,iid,directional_poisoning,c4_drift_aware
23,0.09709435573384807,0.0022555274600275094,0.10879851327667682,0.0653137781181922,False,c4_drift_aware__iid__directional_poisoning__seed45,45,iid,directional_poisoning,c4_drift_aware
24,0.08453777200371837,0.003248615550771425,0.10139516295822637,0.0653137781181922,False,c4_drift_aware__iid__directional_poisoning__seed45,45,iid,directional_poisoning,c4_drift_aware
0,0.07813442032382305,0.0019814518050341734,0.08841637188532588,0.0653137781181922,False,c4_drift_aware__iid__sparse_coordinate_attack__seed45,45,iid,sparse_coordinate_attack,c4_drift_aware
1,0.06229241374175758,0.002422598191455891,0.07486351801704134,0.0653137781181922,False,c4_drift_aware__iid__sparse_coordinate_attack__seed45,45,iid,sparse_coordinate_attack,c4_drift_aware
2,0.05189373915839111,0.001788925034351567,0.06117665005414483,0.0653137781181922,False,c4_drift_aware__iid__sparse_coordinate_attack__seed45,45,iid,sparse_coordinate_attack,c4_drift_aware
3,0.04524045204169844,0.0024842849889409116,0.05813165527781172,0.0653137781181922,False,c4_drift_aware__iid__sparse_coordinate_attack__seed45,45,iid,sparse_coordinate_attack,c4_drift_aware
4,0.041647243599411306,0.0017411157218907916,0.05068206719187481,0.0653137781181922,False,c4_drift_aware__iid__sparse_coordinate_attack__seed45,45,iid,sparse_coordinate_attack,c4_drift_aware
5,0.045394459577181134,0.001620973615043382,0.053805853763002745,0.0653137781181922,False,c4_drift_aware__iid__sparse_coordinate_attack__seed45,45,iid,sparse_coordinate_attack,c4_drift_aware
6,0.04922462545501215,0.00021375204305100481,0.05033380618160812,0.0653137781181922,False,c4_drift_aware__iid__sparse_coordinate_attack__seed45,45,iid,sparse_coordinate_attack,c4_drift_aware
7,0.0564594140252836,0.0004687026079994369,0.05889155872845348,0.0653137781181922,False,c4_drift_aware__iid__sparse_coordinate_attack__seed45,45,iid,sparse_coordinate_attack,c4_drift_aware
8,0.06508616736186638,0.0009084446588015216,0.06980017754085335,0.0653137781181922,False,c4_drift_aware__iid__sparse_coordinate_attack__seed45,45,iid,sparse_coordinate_attack,c4_drift_aware
9,0.08091464569413563,0.0003859106866831441,0.08291717483840313,0.0653137781181922,False,c4_drift_aware__iid__sparse_coordinate_attack__seed45,45,iid,sparse_coordinate_attack,c4_drift_aware
10,0.09354217876824221,0.0032726429684450248,0.11052425039580029,0.0653137781181922,False,c4_drift_aware__iid__sparse_coordinate_attack__seed45,45,iid,sparse_coordinate_attack,c4_drift_aware
11,0.1160094422048332,0.0017250218479022972,0.124960753075783,0.0653137781181922,False,c4_drift_aware__iid__sparse_coordinate_attack__seed45,45,iid,sparse_coordinate_attack,c4_drift_aware
12,0.14175946224246008,0.0008132406526600022,0.1459794493131781,0.0653137781181922,False,c4_drift_aware__iid__sparse_coordinate_attack__seed45,45,iid,sparse_coordinate_attack,c4_drift_aware
13,0.15839426853270971,0.00462809762331462,0.1824099299098516,0.0653137781181922,False,c4_drift_aware__iid__sparse_coordinate_attack__seed45,45,iid,sparse_coordinate_attack,c4_drift_aware
14,0.15343740544002918,0.003461037760924879,0.17139707648524447,0.0653137781181922,False,c4_drift_aware__iid__sparse_coordinate_attack__seed45,45,iid,sparse_coordinate_attack,c4_drift_aware
15,0.14399500693957565,0.003747424718954895,0.16344076854870448,0.0653137781181922,False,c4_drift_aware__iid__sparse_coordinate_attack__seed45,45,iid,sparse_coordinate_attack,c4_drift_aware
16,0.13632888336977314,0.004085320807541648,0.1575280215721875,0.0653137781181922,False,c4_drift_aware__iid__sparse_coordinate_attack__seed45,45,iid,sparse_coordinate_attack,c4_drift_aware
17,0.1312696879950175,0.0023569263535999363,0.14350001453648295,0.0653137781181922,False,c4_drift_aware__iid__sparse_coordinate_attack__seed45,45,iid,sparse_coordinate_attack,c4_drift_aware
18,0.1330360586460564,0.001881505494027852,0.1427993788051163,0.0653137781181922,False,c4_drift_aware__iid__sparse_coordinate_attack__seed45,45,iid,sparse_coordinate_attack,c4_drift_aware
19,0.13522681158056074,0.002497078644773554,0.14818440237615518,0.0653137781181922,False,c4_drift_aware__iid__sparse_coordinate_attack__seed45,45,iid,sparse_coordinate_attack,c4_drift_aware
20,0.13600268378047475,0.004465735926864722,0.15917583407856847,0.0653137781181922,False,c4_drift_aware__iid__sparse_coordinate_attack__seed45,45,iid,sparse_coordinate_attack,c4_drift_aware
21,0.12837498906296552,0.0058250423791869205,0.15860171647280435,0.0653137781181922,False,c4_drift_aware__iid__sparse_coordinate_attack__seed45,45,iid,sparse_coordinate_attack,c4_drift_aware
22,0.11306053467390699,0.004151050024512895,0.13460074835610686,0.0653137781181922,False,c4_drift_aware__iid__sparse_coordinate_attack__seed45,45,iid,sparse_coordinate_attack,c4_drift_aware
23,0.09797724936846626,0.002762958177571606,0.11231451564770308,0.0653137781181922,False,c4_drift_aware__iid__sparse_coordinate_attack__seed45,45,iid,sparse_coordinate_attack,c4_drift_aware
24,0.10171823252838835,0.00849805208724709,0.14581547461432223,0.0653137781181922,False,c4_drift_aware__iid__sparse_coordinate_attack__seed45,45,iid,sparse_coordinate_attack,c4_drift_aware
0,0.07813451074363091,0.0019811704435008237,0.08841500229200104,0.0653137781181922,False,c4_drift_aware__iid__full_sign_flip__seed45,45,iid,full_sign_flip,c4_drift_aware
1,0.06229285585934508,0.002423751243028162,0.07486994343454252,0.0653137781181922,False,c4_drift_aware__iid__full_sign_flip__seed45,45,iid,full_sign_flip,c4_drift_aware
2,0.051885944357450794,0.0017683375415356792,0.06106202469423359,0.0653137781181922,False,c4_drift_aware__iid__full_sign_flip__seed45,45,iid,full_sign_flip,c4_drift_aware
3,0.04522814200583843,0.0024654496022239597,0.05802160653673878,0.0653137781181922,False,c4_drift_aware__iid__full_sign_flip__seed45,45,iid,full_sign_flip,c4_drift_aware
4,0.0416368624687775,0.001735154735802269,0.050640753908329054,0.0653137781181922,False,c4_drift_aware__iid__full_sign_flip__seed45,45,iid,full_sign_flip,c4_drift_aware
5,0.0454016285124561,0.001608433754868771,0.053747952109845634,0.0653137781181922,False,c4_drift_aware__iid__full_sign_flip__seed45,45,iid,full_sign_flip,c4_drift_aware
6,0.04922078590302489,0.0002200446204169773,0.050362619442830624,0.0653137781181922,False,c4_drift_aware__iid__full_sign_flip__seed45,45,iid,full_sign_flip,c4_drift_aware
7,0.056474790709101975,0.00048789649384625017,0.059006534405319555,0.0653137781181922,False,c4_drift_aware__iid__full_sign_flip__seed45,45,iid,full_sign_flip,c4_drift_aware
8,0.06508099064068863,0.0009066920882075946,0.06978590655560667,0.0653137781181922,False,c4_drift_aware__iid__full_sign_flip__seed45,45,iid,full_sign_flip,c4_drift_aware
9,0.08090815992246801,0.00038370928543238203,0.08289926577550519,0.0653137781181922,False,c4_drift_aware__iid__full_sign_flip__seed45,45,iid,full_sign_flip,c4_drift_aware
10,0.09704579968227188,0.0023326170980520616,0.10914998306577384,0.0653137781181922,False,c4_drift_aware__iid__full_sign_flip__seed45,45,iid,full_sign_flip,c4_drift_aware
11,0.11527149545323066,0.0010705771352529508,0.12082682726577175,0.0653137781181922,False,c4_drift_aware__iid__full_sign_flip__seed45,45,iid,full_sign_flip,c4_drift_aware
12,0.13853527749335914,0.0005476702331278782,0.141377193100083,0.0653137781181922,False,c4_drift_aware__iid__full_sign_flip__seed45,45,iid,full_sign_flip,c4_drift_aware
13,0.15630907856673867,0.004229434661766673,0.1782560379701121,0.0653137781181922,False,c4_drift_aware__iid__full_sign_flip__seed45,45,iid,full_sign_flip,c4_drift_aware
14,0.15486083318502064,0.003085152960919435,0.17087000041452768,0.0653137781181922,False,c4_drift_aware__iid__full_sign_flip__seed45,45,iid,full_sign_flip,c4_drift_aware
15,0.14549355623956112,0.0027385334653924343,0.159704080244829,0.0653137781181922,False,c4_drift_aware__iid__full_sign_flip__seed45,45,iid,full_sign_flip,c4_drift_aware
16,0.13729303877042343,0.002326247280119542,0.14936416853169174,0.0653137781181922,False,c4_drift_aware__iid__full_sign_flip__seed45,45,iid,full_sign_flip,c4_drift_aware
17,0.13163462751834243,0.0006901581138362978,0.13521592698685037,0.0653137781181922,False,c4_drift_aware__iid__full_sign_flip__seed45,45,iid,full_sign_flip,c4_drift_aware
18,0.13007777867509612,0.001073085546616559,0.1356461268850441,0.0653137781181922,False,c4_drift_aware__iid__full_sign_flip__seed45,45,iid,full_sign_flip,c4_drift_aware
19,0.13466120731451875,0.002700778663292158,0.1486758178762081,0.0653137781181922,False,c4_drift_aware__iid__full_sign_flip__seed45,45,iid,full_sign_flip,c4_drift_aware
20,0.12807737799196925,0.0013273242736490665,0.1349649963803616,0.0653137781181922,False,c4_drift_aware__iid__full_sign_flip__seed45,45,iid,full_sign_flip,c4_drift_aware
21,0.12448071920623077,0.0035600000990969605,0.1429539157204548,0.0653137781181922,False,c4_drift_aware__iid__full_sign_flip__seed45,45,iid,full_sign_flip,c4_drift_aware
22,0.11436614847827574,0.0006254837788870621,0.11761184635529859,0.0653137781181922,False,c4_drift_aware__iid__full_sign_flip__seed45,45,iid,full_sign_flip,c4_drift_aware
23,0.09708241881307986,0.0023188439971236485,0.10911513219855418,0.0653137781181922,False,c4_drift_aware__iid__full_sign_flip__seed45,45,iid,full_sign_flip,c4_drift_aware
24,0.0843929868760636,0.0034236527502130715,0.10215866336219424,0.0653137781181922,False,c4_drift_aware__iid__full_sign_flip__seed45,45,iid,full_sign_flip,c4_drift_aware
0,0.07813475216113984,0.0019825125286815626,0.08842220792372134,0.0653137781181922,False,c4_drift_aware__iid__low_norm__seed45,45,iid,low_norm,c4_drift_aware
1,0.06228953178402198,0.002419199586064416,0.07484300035606885,0.0653137781181922,False,c4_drift_aware__iid__low_norm__seed45,45,iid,low_norm,c4_drift_aware
2,0.05188205457780318,0.001780216474576192,0.061119775886026496,0.0653137781181922,False,c4_drift_aware__iid__low_norm__seed45,45,iid,low_norm,c4_drift_aware
3,0.04521900433951973,0.00245530001233403,0.05795980163352225,0.0653137781181922,False,c4_drift_aware__iid__low_norm__seed45,45,iid,low_norm,c4_drift_aware
4,0.041645274798172545,0.0017394265673377138,0.05067133319874467,0.0653137781181922,False,c4_drift_aware__iid__low_norm__seed45,45,iid,low_norm,c4_drift_aware
5,0.04538881269159231,0.0016364307661458632,0.05388041558019981,0.0653137781181922,False,c4_drift_aware__iid__low_norm__seed45,45,iid,low_norm,c4_drift_aware
6,0.04922171146380727,0.0002132299738409199,0.05032818312106519,0.0653137781181922,False,c4_drift_aware__iid__low_norm__seed45,45,iid,low_norm,c4_drift_aware
7,0.05646917995457399,0.0004987324820540789,0.05905715267720081,0.0653137781181922,False,c4_drift_aware__iid__low_norm__seed45,45,iid,low_norm,c4_drift_aware
8,0.06507634809471186,0.0009082619268071246,0.0697894100591067,0.0653137781181922,False,c4_drift_aware__iid__low_norm__seed45,45,iid,low_norm,c4_drift_aware
9,0.08090932721204452,0.0003786222723804744,0.08287403604565405,0.0653137781181922,False,c4_drift_aware__iid__low_norm__seed45,45,iid,low_norm,c4_drift_aware
10,0.09387210760777931,0.004289377574833747,0.1161301167813491,0.0653137781181922,False,c4_drift_aware__iid__low_norm__seed45,45,iid,low_norm,c4_drift_aware
11,0.11062120045797419,0.0004893477394562196,0.11316047481278646,0.0653137781181922,False,c4_drift_aware__iid__low_norm__seed45,45,iid,low_norm,c4_drift_aware
12,0.12867682436340705,0.0028840415669725006,0.14364240445858406,0.0653137781181922,False,c4_drift_aware__iid__low_norm__seed45,45,iid,low_norm,c4_drift_aware
13,0.1446579958640398,0.004848954097302516,0.16981970357035228,0.0653137781181922,False,c4_drift_aware__iid__low_norm__seed45,45,iid,low_norm,c4_drift_aware
14,0.15301344831536845,0.0034370944161527806,0.17084887495022685,0.0653137781181922,False,c4_drift_aware__iid__low_norm__seed45,45,iid,low_norm,c4_drift_aware
15,0.15422635129689127,0.0021571718495775605,0.1654201317415342,0.0653137781181922,False,c4_drift_aware__iid__low_norm__seed45,45,iid,low_norm,c4_drift_aware
16,0.14847646661336922,0.0029618085188712895,0.16384558719864423,0.0653137781181922,False,c4_drift_aware__iid__low_norm__seed45,45,iid,low_norm,c4_drift_aware
17,0.13687571216971114,0.0033968318428806987,0.15450221228560337,0.0653137781181922,False,c4_drift_aware__iid__low_norm__seed45,45,iid,low_norm,c4_drift_aware
18,0.13062953593498203,0.0032703055866982744,0.14759947865491804,0.0653137781181922,False,c4_drift_aware__iid__low_norm__seed45,45,iid,low_norm,c4_drift_aware
19,0.13442570239501217,0.0014521460904590167,0.14196103367301305,0.0653137781181922,False,c4_drift_aware__iid__low_norm__seed45,45,iid,low_norm,c4_drift_aware
20,0.13049225700704467,0.0016230762270232346,0.13891456185669093,0.0653137781181922,False,c4_drift_aware__iid__low_norm__seed45,45,iid,low_norm,c4_drift_aware
21,0.13129696851265515,0.00547530644297789,0.15970888117591173,0.0653137781181922,False,c4_drift_aware__iid__low_norm__seed45,45,iid,low_norm,c4_drift_aware
22,0.13427335686726502,0.005410271480454365,0.16234779660649076,0.0653137781181922,False,c4_drift_aware__iid__low_norm__seed45,45,iid,low_norm,c4_drift_aware
23,0.12903865554404842,0.002559330003775173,0.14231927486663817,0.0653137781181922,False,c4_drift_aware__iid__low_norm__seed45,45,iid,low_norm,c4_drift_aware
24,0.11420012800362941,0.007837069448955042,0.15486746508120203,0.0653137781181922,False,c4_drift_aware__iid__low_norm__seed45,45,iid,low_norm,c4_drift_aware
0,0.06634580106274468,0.0007066757733510676,0.0700128123182407,0.0653137781181922,False,c4_drift_aware__iid__no_attack__seed46,46,iid,no_attack,c4_drift_aware
1,0.04715385308930978,0.0009738689443694326,0.0522073564285372,0.0653137781181922,False,c4_drift_aware__iid__no_attack__seed46,46,iid,no_attack,c4_drift_aware
2,0.040813679098612436,0.0017726462041484717,0.05001211751655927,0.0653137781181922,False,c4_drift_aware__iid__no_attack__seed46,46,iid,no_attack,c4_drift_aware
3,0.04164792258755213,0.00039839870597332266,0.0437152533127183,0.0653137781181922,False,c4_drift_aware__iid__no_attack__seed46,46,iid,no_attack,c4_drift_aware
4,0.04482431948056924,8.197253999273763e-05,0.04524968318784555,0.0653137781181922,False,c4_drift_aware__iid__no_attack__seed46,46,iid,no_attack,c4_drift_aware
5,0.05132441561336667,0.00023965353038658127,0.05256800174789568,0.0653137781181922,False,c4_drift_aware__iid__no_attack__seed46,46,iid,no_attack,c4_drift_aware
6,0.05616122418032701,0.0002545761353072787,0.057482245204050014,0.0653137781181922,False,c4_drift_aware__iid__no_attack__seed46,46,iid,no_attack,c4_drift_aware
7,0.06624456161447878,0.001644525124656529,0.07477816693883398,0.0653137781181922,False,c4_drift_aware__iid__no_attack__seed46,46,iid,no_attack,c4_drift_aware
8,0.07896544748433881,0.0006383105911392656,0.08227770497281958,0.0653137781181922,False,c4_drift_aware__iid__no_attack__seed46,46,iid,no_attack,c4_drift_aware
9,0.09670070887658634,0.001346443118738827,0.103687536864034,0.0653137781181922,False,c4_drift_aware__iid__no_attack__seed46,46,iid,no_attack,c4_drift_aware
10,0.11729529791593173,0.0004853428407453203,0.11981379045084327,0.0653137781181922,False,c4_drift_aware__iid__no_attack__seed46,46,iid,no_attack,c4_drift_aware
11,0.14280719656548277,0.0028614965480596444,0.15765578830301907,0.0653137781181922,False,c4_drift_aware__iid__no_attack__seed46,46,iid,no_attack,c4_drift_aware
12,0.15820773645432964,0.0008059894125674039,0.16239009611508315,0.0653137781181922,False,c4_drift_aware__iid__no_attack__seed46,46,iid,no_attack,c4_drift_aware
13,0.1583252618526763,0.0006324064973027288,0.16160688240782992,0.0653137781181922,False,c4_drift_aware__iid__no_attack__seed46,46,iid,no_attack,c4_drift_aware
14,0.14243816146403174,0.0015229648543781393,0.15034097838988533,0.0653137781181922,False,c4_drift_aware__iid__no_attack__seed46,46,iid,no_attack,c4_drift_aware
15,0.12999866157571147,0.0015906255803414815,0.13825257677466146,0.0653137781181922,False,c4_drift_aware__iid__no_attack__seed46,46,iid,no_attack,c4_drift_aware
16,0.12346798696216665,0.0023990043724877175,0.13591666055144266,0.0653137781181922,False,c4_drift_aware__iid__no_attack__seed46,46,iid,no_attack,c4_drift_aware
17,0.12607931704384343,0.0016424492645663313,0.13460215052260457,0.0653137781181922,False,c4_drift_aware__iid__no_attack__seed46,46,iid,no_attack,c4_drift_aware
18,0.12885450807052096,0.0012146690305165908,0.1351575471367746,0.0653137781181922,False,c4_drift_aware__iid__no_attack__seed46,46,iid,no_attack,c4_drift_aware
19,0.1307707942765504,0.003982115706835876,0.15143439089089245,0.0653137781181922,False,c4_drift_aware__iid__no_attack__seed46,46,iid,no_attack,c4_drift_aware
20,0.1237900274781319,0.003919873264311882,0.1441306418339727,0.0653137781181922,False,c4_drift_aware__iid__no_attack__seed46,46,iid,no_attack,c4_drift_aware
21,0.11889518641344411,0.0011838883411036116,0.12503850140426487,0.0653137781181922,False,c4_drift_aware__iid__no_attack__seed46,46,iid,no_attack,c4_drift_aware
22,0.10377494417131862,0.003462172272575448,0.12174050231093987,0.0653137781181922,False,c4_drift_aware__iid__no_attack__seed46,46,iid,no_attack,c4_drift_aware
23,0.09047940596868373,0.003392131738713708,0.10808151677404303,0.0653137781181922,False,c4_drift_aware__iid__no_attack__seed46,46,iid,no_attack,c4_drift_aware
24,0.08425501965191379,0.002788841138428394,0.09872659520333257,0.0653137781181922,False,c4_drift_aware__iid__no_attack__seed46,46,iid,no_attack,c4_drift_aware
0,0.06634574406282784,0.000706638342446303,0.07001256108561595,0.0653137781181922,False,c4_drift_aware__iid__large_norm__seed46,46,iid,large_norm,c4_drift_aware
1,0.04715889581080989,0.0009781142794288225,0.052234428618193995,0.0653137781181922,False,c4_drift_aware__iid__large_norm__seed46,46,iid,large_norm,c4_drift_aware
2,0.04080997152877048,0.0017673009200608047,0.049980672733058,0.0653137781181922,False,c4_drift_aware__iid__large_norm__seed46,46,iid,large_norm,c4_drift_aware
3,0.041645642153386654,0.00040980057155973193,0.04377213829926726,0.0653137781181922,False,c4_drift_aware__iid__large_norm__seed46,46,iid,large_norm,c4_drift_aware
4,0.0448286625038481,7.966704701507094e-05,0.045242062777514004,0.0653137781181922,False,c4_drift_aware__iid__large_norm__seed46,46,iid,large_norm,c4_drift_aware
5,0.05133168787896479,0.00023498370679962688,0.052551041831918735,0.0653137781181922,False,c4_drift_aware__iid__large_norm__seed46,46,iid,large_norm,c4_drift_aware
6,0.05615328269576905,0.00023867480453332313,0.05739179012397292,0.0653137781181922,False,c4_drift_aware__iid__large_norm__seed46,46,iid,large_norm,c4_drift_aware
7,0.0662652625749032,0.0016355463817405297,0.07475227630439299,0.0653137781181922,False,c4_drift_aware__iid__large_norm__seed46,46,iid,large_norm,c4_drift_aware
8,0.07898349319196703,0.0006428943957643984,0.08231953650102806,0.0653137781181922,False,c4_drift_aware__iid__large_norm__seed46,46,iid,large_norm,c4_drift_aware
9,0.09672367113915309,0.0013365868704010159,0.103659354068351,0.0653137781181922,False,c4_drift_aware__iid__large_norm__seed46,46,iid,large_norm,c4_drift_aware
10,0.12277874431215664,0.003799556595838055,0.1424950234436199,0.0653137781181922,False,c4_drift_aware__iid__large_norm__seed46,46,iid,large_norm,c4_drift_aware
11,0.1453880362672428,0.0012976476216332578,0.15212165954065995,0.0653137781181922,False,c4_drift_aware__iid__large_norm__seed46,46,iid,large_norm,c4_drift_aware
12,0.16073712850087976,0.0023596314586198097,0.1729814921028038,0.0653137781181922,False,c4_drift_aware__iid__large_norm__seed46,46,iid,large_norm,c4_drift_aware
13,0.15722208785529987,0.0023474822868851664,0.16940340819017569,0.0653137781181922,False,c4_drift_aware__iid__large_norm__seed46,46,iid,large_norm,c4_drift_aware
14,0.1417381855785865,0.0021362862097604463,0.15282358834965443,0.0653137781181922,False,c4_drift_aware__iid__large_norm__seed46,46,iid,large_norm,c4_drift_aware
15,0.12766349694474477,0.0004994485407308624,0.1302551853674513,0.0653137781181922,False,c4_drift_aware__iid__large_norm__seed46,46,iid,large_norm,c4_drift_aware
16,0.12468770225733898,0.0049452558395685076,0.15034912933444392,0.0653137781181922,False,c4_drift_aware__iid__large_norm__seed46,46,iid,large_norm,c4_drift_aware
17,0.1234186827124551,0.004601111214168174,0.14729430891389517,0.0653137781181922,False,c4_drift_aware__iid__large_norm__seed46,46,iid,large_norm,c4_drift_aware
18,0.13118173475867934,0.004054158191892976,0.15221916703223118,0.0653137781181922,False,c4_drift_aware__iid__large_norm__seed46,46,iid,large_norm,c4_drift_aware
19,0.13444726693721493,0.005354535360491963,0.16223248637634377,0.0653137781181922,False,c4_drift_aware__iid__large_norm__seed46,46,iid,large_norm,c4_drift_aware
20,0.1290383370567683,0.00386902898995517,0.14911511538854466,0.0653137781181922,False,c4_drift_aware__iid__large_norm__seed46,46,iid,large_norm,c4_drift_aware
21,0.1187598368865807,0.00013594893375440398,0.11946528949872569,0.0653137781181922,False,c4_drift_aware__iid__large_norm__seed46,46,iid,large_norm,c4_drift_aware
22,0.10891013627292857,0.0042040539029620655,0.13072539238078904,0.0653137781181922,False,c4_drift_aware__iid__large_norm__seed46,46,iid,large_norm,c4_drift_aware
23,0.09093189039359192,0.0014033114567116034,0.09821381387361411,0.0653137781181922,False,c4_drift_aware__iid__large_norm__seed46,46,iid,large_norm,c4_drift_aware
24,0.08474271704235686,0.0006758328395512492,0.08824968123007225,0.0653137781181922,False,c4_drift_aware__iid__large_norm__seed46,46,iid,large_norm,c4_drift_aware
0,0.06634574414226915,0.0007068133549613803,0.07001346932249924,0.0653137781181922,False,c4_drift_aware__iid__directional_poisoning__seed46,46,iid,directional_poisoning,c4_drift_aware
1,0.047152257415386874,0.0009691100484576637,0.052181066367838536,0.0653137781181922,False,c4_drift_aware__iid__directional_poisoning__seed46,46,iid,directional_poisoning,c4_drift_aware
2,0.04081047974683428,0.0017637963924012762,0.04996299560664374,0.0653137781181922,False,c4_drift_aware__iid__directional_poisoning__seed46,46,iid,directional_poisoning,c4_drift_aware
3,0.041632325354378906,0.0004147544423517488,0.043784527631186364,0.0653137781181922,False,c4_drift_aware__iid__directional_poisoning__seed46,46,iid,directional_poisoning,c4_drift_aware
4,0.044811639875874325,6.378274987099003e-05,0.04514261494322988,0.0653137781181922,False,c4_drift_aware__iid__directional_poisoning__seed46,46,iid,directional_poisoning,c4_drift_aware
5,0.0512913504986061,0.00025929335297086853,0.052636849636507235,0.0653137781181922,False,c4_drift_aware__iid__directional_poisoning__seed46,46,iid,directional_poisoning,c4_drift_aware
6,0.056157236594647435,0.0002493493528018878,0.05745113532127171,0.0653137781181922,False,c4_drift_aware__iid__directional_poisoning__seed46,46,iid,directional_poisoning,c4_drift_aware
7,0.06625471708034515,0.0016330195317436208,0.07472861873251598,0.0653137781181922,False,c4_drift_aware__iid__directional_poisoning__seed46,46,iid,directional_poisoning,c4_drift_aware
8,0.07896477662717147,0.0006503212321904844,0.08233935853313111,0.0653137781181922,False,c4_drift_aware__iid__directional_poisoning__seed46,46,iid,directional_poisoning,c4_drift_aware
9,0.09669744869174163,0.0013422071001790298,0.10366229555528063,0.0653137781181922,False,c4_drift_aware__iid__directional_poisoning__seed46,46,iid,directional_poisoning,c4_drift_aware
10,0.11728367480403304,0.00048001570954045447,0.11977452432240941,0.0653137781181922,False,c4_drift_aware__iid__directional_poisoning__seed46,46,iid,directional_poisoning,c4_drift_aware
11,0.1426712628189696,0.002640804819968645,0.1563746631102689,0.0653137781181922,False,c4_drift_aware__iid__directional_poisoning__seed46,46,iid,directional_poisoning,c4_drift_aware
12,0.15826249331997636,0.0009188746273749715,0.16303062564888782,0.0653137781181922,False,c4_drift_aware__iid__directional_poisoning__seed46,46,iid,directional_poisoning,c4_drift_aware
13,0.1585823525324166,0.0005702093983215584,0.161541226121247,0.0653137781181922,False,c4_drift_aware__iid__directional_poisoning__seed46,46,iid,directional_poisoning,c4_drift_aware
14,0.14263878609786865,0.0014532249665999974,0.1501797157720527,0.0653137781181922,False,c4_drift_aware__iid__directional_poisoning__seed46,46,iid,directional_poisoning,c4_drift_aware
15,0.13072393887564607,0.0010667820488047819,0.13625957760509896,0.0653137781181922,False,c4_drift_aware__iid__directional_poisoning__seed46,46,iid,directional_poisoning,c4_drift_aware
16,0.12421799490950063,0.002529263298142667,0.13734259508989274,0.0653137781181922,False,c4_drift_aware__iid__directional_poisoning__seed46,46,iid,directional_poisoning,c4_drift_aware
17,0.12684213356918905,0.0014542690383040069,0.13438848103585238,0.0653137781181922,False,c4_drift_aware__iid__directional_poisoning__seed46,46,iid,directional_poisoning,c4_drift_aware
18,0.13069634494199145,0.0017875647341833445,0.13997219710414224,0.0653137781181922,False,c4_drift_aware__iid__directional_poisoning__seed46,46,iid,directional_poisoning,c4_drift_aware
19,0.1301760671764622,0.0036115128430926624,0.14891656847055434,0.0653137781181922,False,c4_drift_aware__iid__directional_poisoning__seed46,46,iid,directional_poisoning,c4_drift_aware
20,0.12397316225512532,0.0036591510770519614,0.14296086310905565,0.0653137781181922,False,c4_drift_aware__iid__directional_poisoning__seed46,46,iid,directional_poisoning,c4_drift_aware
21,0.11904497084638273,0.0030901458966108436,0.13508004691848605,0.0653137781181922,False,c4_drift_aware__iid__directional_poisoning__seed46,46,iid,directional_poisoning,c4_drift_aware
22,0.10286403291539299,0.002358403136224499,0.11510202262957554,0.0653137781181922,False,c4_drift_aware__iid__directional_poisoning__seed46,46,iid,directional_poisoning,c4_drift_aware
23,0.08969777698733175,0.003918484312957174,0.11003118393569783,0.0653137781181922,False,c4_drift_aware__iid__directional_poisoning__seed46,46,iid,directional_poisoning,c4_drift_aware
24,0.08267699875679885,0.0019331334491088648,0.09270822153756966,0.0653137781181922,False,c4_drift_aware__iid__directional_poisoning__seed46,46,iid,directional_poisoning,c4_drift_aware
0,0.06634575104180633,0.0007067255736994404,0.07001302071629009,0.0653137781181922,False,c4_drift_aware__iid__sparse_coordinate_attack__seed46,46,iid,sparse_coordinate_attack,c4_drift_aware
1,0.04715398203500743,0.0009703625754835382,0.05218929047544906,0.0653137781181922,False,c4_drift_aware__iid__sparse_coordinate_attack__seed46,46,iid,sparse_coordinate_attack,c4_drift_aware
2,0.04081354656669988,0.0017705698648912693,0.05000121065260717,0.0653137781181922,False,c4_drift_aware__iid__sparse_coordinate_attack__seed46,46,iid,sparse_coordinate_attack,c4_drift_aware
3,0.04163693815932276,0.00041734528842861385,0.04380258459550768,0.0653137781181922,False,c4_drift_aware__iid__sparse_coordinate_attack__seed46,46,iid,sparse_coordinate_attack,c4_drift_aware
4,0.044821786262727495,7.947318469927328e-05,0.04523418056545049,0.0653137781181922,False,c4_drift_aware__iid__sparse_coordinate_attack__seed46,46,iid,sparse_coordinate_attack,c4_drift_aware
5,0.051309965493933796,0.00024232829728308702,0.05256743126136546,0.0653137781181922,False,c4_drift_aware__iid__sparse_coordinate_attack__seed46,46,iid,sparse_coordinate_attack,c4_drift_aware
6,0.05616045111505165,0.00024760347914665193,0.05744529032869154,0.0653137781181922,False,c4_drift_aware__iid__sparse_coordinate_attack__seed46,46,iid,sparse_coordinate_attack,c4_drift_aware
7,0.06625682358858388,0.0016356586037324788,0.0747444196492121,0.0653137781181922,False,c4_drift_aware__iid__sparse_coordinate_attack__seed46,46,iid,sparse_coordinate_attack,c4_drift_aware
8,0.07896951950399357,0.0006413449467391752,0.08229752256711782,0.0653137781181922,False,c4_drift_aware__iid__sparse_coordinate_attack__seed46,46,iid,sparse_coordinate_attack,c4_drift_aware
9,0.09670563762593082,0.0013422603211330209,0.10367076065832218,0.0653137781181922,False,c4_drift_aware__iid__sparse_coordinate_attack__seed46,46,iid,sparse_coordinate_attack,c4_drift_aware
10,0.1204132336224877,0.0007907036854985644,0.1245162741169083,0.0653137781181922,False,c4_drift_aware__iid__sparse_coordinate_attack__seed46,46,iid,sparse_coordinate_attack,c4_drift_aware
11,0.14286309418673138,0.0026052762077667935,0.15638213295645403,0.0653137781181922,False,c4_drift_aware__iid__sparse_coordinate_attack__seed46,46,iid,sparse_coordinate_attack,c4_drift_aware
12,0.16211732321159045,0.0019870282729117505,0.1724282116225568,0.0653137781181922,False,c4_drift_aware__iid__sparse_coordinate_attack__seed46,46,iid,sparse_coordinate_attack,c4_drift_aware
13,0.16031376677013606,0.0038644802319777183,0.18036694114189164,0.0653137781181922,False,c4_drift_aware__iid__sparse_coordinate_attack__seed46,46,iid,sparse_coordinate_attack,c4_drift_aware
14,0.1432350871183132,0.002664171406058652,0.15705973896149217,0.0653137781181922,False,c4_drift_aware__iid__sparse_coordinate_attack__seed46,46,iid,sparse_coordinate_attack,c4_drift_aware
15,0.12945135979129443,0.0010417562018473492,0.1348571368983005,0.0653137781181922,False,c4_drift_aware__iid__sparse_coordinate_attack__seed46,46,iid,sparse_coordinate_attack,c4_drift_aware
16,0.12270121558686828,0.001578778494652544,0.13089365507346978,0.0653137781181922,False,c4_drift_aware__iid__sparse_coordinate_attack__seed46,46,iid,sparse_coordinate_attack,c4_drift_aware
17,0.12326334591127878,0.004348001826789807,0.14582556219067377,0.0653137781181922,False,c4_drift_aware__iid__sparse_coordinate_attack__seed46,46,iid,sparse_coordinate_attack,c4_drift_aware
18,0.13222003828476664,0.006548397364267211,0.16620032704768561,0.0653137781181922,False,c4_drift_aware__iid__sparse_coordinate_attack__seed46,46,iid,sparse_coordinate_attack,c4_drift_aware
19,0.1343848933867705,0.005438830413541512,0.16260752828567876,0.0653137781181922,False,c4_drift_aware__iid__sparse_coordinate_attack__seed46,46,iid,sparse_coordinate_attack,c4_drift_aware
20,0.13133326759852063,0.005032829219635354,0.15744912170213043,0.0653137781181922,False,c4_drift_aware__iid__sparse_coordinate_attack__seed46,46,iid,sparse_coordinate_attack,c4_drift_aware
21,0.12132883259377142,0.004127486898820212,0.14274677486043938,0.0653137781181922,False,c4_drift_aware__iid__sparse_coordinate_attack__seed46,46,iid,sparse_coordinate_attack,c4_drift_aware
22,0.10326634369459292,0.0010219824608547201,0.10856951288221414,0.0653137781181922,False,c4_drift_aware__iid__sparse_coordinate_attack__seed46,46,iid,sparse_coordinate_attack,c4_drift_aware
23,0.09438301089545366,0.00195544803220124,0.10453002627934911,0.0653137781181922,False,c4_drift_aware__iid__sparse_coordinate_attack__seed46,46,iid,sparse_coordinate_attack,c4_drift_aware
24,0.08323396217693971,0.0011643222633253708,0.08927574683356139,0.0653137781181922,False,c4_drift_aware__iid__sparse_coordinate_attack__seed46,46,iid,sparse_coordinate_attack,c4_drift_aware
0,0.06634574823174137,0.0007066211932823252,0.07001247626580269,0.0653137781181922,False,c4_drift_aware__iid__full_sign_flip__seed46,46,iid,full_sign_flip,c4_drift_aware
1,0.04715236272994774,0.0009689157595943465,0.05218016349805876,0.0653137781181922,False,c4_drift_aware__iid__full_sign_flip__seed46,46,iid,full_sign_flip,c4_drift_aware
2,0.040810023016785865,0.0017600144427408065,0.049942913961612184,0.0653137781181922,False,c4_drift_aware__iid__full_sign_flip__seed46,46,iid,full_sign_flip,c4_drift_aware
3,0.041660552888041935,0.00039125125573442193,0.043690794779173425,0.0653137781181922,False,c4_drift_aware__iid__full_sign_flip__seed46,46,iid,full_sign_flip,c4_drift_aware
4,0.04481464617309772,8.80602389746396e-05,0.045271599559161026,0.0653137781181922,False,c4_drift_aware__iid__full_sign_flip__seed46,46,iid,full_sign_flip,c4_drift_aware
5,0.051290653182858296,0.0002525240514624008,0.05260102573830184,0.0653137781181922,False,c4_drift_aware__iid__full_sign_flip__seed46,46,iid,full_sign_flip,c4_drift_aware
6,0.05614470135289282,0.00024298565231786057,0.057405578201335426,0.0653137781181922,False,c4_drift_aware__iid__full_sign_flip__seed46,46,iid,full_sign_flip,c4_drift_aware
7,0.06625289349745266,0.001632340701587201,0.0747232726320588,0.0653137781181922,False,c4_drift_aware__iid__full_sign_flip__seed46,46,iid,full_sign_flip,c4_drift_aware
8,0.07894441865158743,0.0006279912353203965,0.08220312797078849,0.0653137781181922,False,c4_drift_aware__iid__full_sign_flip__seed46,46,iid,full_sign_flip,c4_drift_aware
9,0.09668615275481314,0.0013474400835577355,0.10367815409240258,0.0653137781181922,False,c4_drift_aware__iid__full_sign_flip__seed46,46,iid,full_sign_flip,c4_drift_aware
10,0.11726543361682487,0.00045918399626755646,0.11964818529185685,0.0653137781181922,False,c4_drift_aware__iid__full_sign_flip__seed46,46,iid,full_sign_flip,c4_drift_aware
11,0.14266268729916343,0.0026339008120485896,0.15633026200296476,0.0653137781181922,False,c4_drift_aware__iid__full_sign_flip__seed46,46,iid,full_sign_flip,c4_drift_aware
12,0.15826530234564842,0.0009093719540787526,0.1629841243525585,0.0653137781181922,False,c4_drift_aware__iid__full_sign_flip__seed46,46,iid,full_sign_flip,c4_drift_aware
13,0.15859476339619127,0.0005031319692090086,0.16120556549761375,0.0653137781181922,False,c4_drift_aware__iid__full_sign_flip__seed46,46,iid,full_sign_flip,c4_drift_aware
14,0.14267013703859768,0.0013904028346373443,0.14988507638781431,0.0653137781181922,False,c4_drift_aware__iid__full_sign_flip__seed46,46,iid,full_sign_flip,c4_drift_aware
15,0.13071524402961823,0.0010257087944384735,0.1360377495348389,0.0653137781181922,False,c4_drift_aware__iid__full_sign_flip__seed46,46,iid,full_sign_flip,c4_drift_aware
16,0.12422597862930901,0.0025278258724689695,0.13734311986413775,0.0653137781181922,False,c4_drift_aware__iid__full_sign_flip__seed46,46,iid,full_sign_flip,c4_drift_aware
17,0.12686498595192347,0.001474296317662216,0.13451525697390448,0.0653137781181922,False,c4_drift_aware__iid__full_sign_flip__seed46,46,iid,full_sign_flip,c4_drift_aware
18,0.13068299001708292,0.001852445061260144,0.14029551268446794,0.0653137781181922,False,c4_drift_aware__iid__full_sign_flip__seed46,46,iid,full_sign_flip,c4_drift_aware
19,0.13017077403632227,0.0036119823571796883,0.1489137116859634,0.0653137781181922,False,c4_drift_aware__iid__full_sign_flip__seed46,46,iid,full_sign_flip,c4_drift_aware
20,0.1240945146582974,0.0038739327594027595,0.14419673914011427,0.0653137781181922,False,c4_drift_aware__iid__full_sign_flip__seed46,46,iid,full_sign_flip,c4_drift_aware
21,0.11890565856280105,0.003133370822661713,0.13516503309867495,0.0653137781181922,False,c4_drift_aware__iid__full_sign_flip__seed46,46,iid,full_sign_flip,c4_drift_aware
22,0.10289248424557534,0.0023536393395856836,0.11510575414261942,0.0653137781181922,False,c4_drift_aware__iid__full_sign_flip__seed46,46,iid,full_sign_flip,c4_drift_aware
23,0.08987415541935244,0.004022201871962866,0.11074576315315494,0.0653137781181922,False,c4_drift_aware__iid__full_sign_flip__seed46,46,iid,full_sign_flip,c4_drift_aware
24,0.0830381774965022,0.003633166745602004,0.10189104305610557,0.0653137781181922,False,c4_drift_aware__iid__full_sign_flip__seed46,46,iid,full_sign_flip,c4_drift_aware
0,0.0663457450381819,0.0007067221743805585,0.07001299707326006,0.0653137781181922,False,c4_drift_aware__iid__low_norm__seed46,46,iid,low_norm,c4_drift_aware
1,0.0471577380452897,0.0009745585596794282,0.052214819867322224,0.0653137781181922,False,c4_drift_aware__iid__low_norm__seed46,46,iid,low_norm,c4_drift_aware
2,0.04080749390912673,0.0017691110546108127,0.0499875880826077,0.0653137781181922,False,c4_drift_aware__iid__low_norm__seed46,46,iid,low_norm,c4_drift_aware
3,0.041653272673590626,0.00040269506347239553,0.043742897627455236,0.0653137781181922,False,c4_drift_aware__iid__low_norm__seed46,46,iid,low_norm,c4_drift_aware
4,0.0448085682617305,7.735865777735301e-05,0.045209990072802964,0.0653137781181922,False,c4_drift_aware__iid__low_norm__seed46,46,iid,low_norm,c4_drift_aware
5,0.0512994585090127,0.0002608919954967259,0.05265325316284476,0.0653137781181922,False,c4_drift_aware__iid__low_norm__seed46,46,iid,low_norm,c4_drift_aware
6,0.05614622972477415,0.00024945786030790285,0.057440691507697886,0.0653137781181922,False,c4_drift_aware__iid__low_norm__seed46,46,iid,low_norm,c4_drift_aware
7,0.0662540189673228,0.0016315409107438283,0.0747202479072636,0.0653137781181922,False,c4_drift_aware__iid__low_norm__seed46,46,iid,low_norm,c4_drift_aware
8,0.07896332860763938,0.0006417229647541073,0.08229329324404493,0.0653137781181922,False,c4_drift_aware__iid__low_norm__seed46,46,iid,low_norm,c4_drift_aware
9,0.09669402581858817,0.0013435494903167727,0.10366583847879093,0.0653137781181922,False,c4_drift_aware__iid__low_norm__seed46,46,iid,low_norm,c4_drift_aware
10,0.1169233816512866,0.0003502082385720279,0.11874064722206071,0.0653137781181922,False,c4_drift_aware__iid__low_norm__seed46,46,iid,low_norm,c4_drift_aware
11,0.13567006018511055,0.001641633856068414,0.14418866242763514,0.0653137781181922,False,c4_drift_aware__iid__low_norm__seed46,46,iid,low_norm,c4_drift_aware
12,0.15139705232938241,0.0018735361958826802,0.16111901900343722,0.0653137781181922,False,c4_drift_aware__iid__low_norm__seed46,46,iid,low_norm,c4_drift_aware
13,0.16191069722589996,0.0013681100865031715,0.16900995727577356,0.0653137781181922,False,c4_drift_aware__iid__low_norm__seed46,46,iid,low_norm,c4_drift_aware
14,0.15464819804881993,0.0022168697040486074,0.16615175663009857,0.0653137781181922,False,c4_drift_aware__iid__low_norm__seed46,46,iid,low_norm,c4_drift_aware
15,0.1448339832279823,0.0006624105729185759,0.14827129793191407,0.0653137781181922,False,c4_drift_aware__iid__low_norm__seed46,46,iid,low_norm,c4_drift_aware
16,0.13061492392811141,0.0002546780258553816,0.1319364736720776,0.0653137781181922,False,c4_drift_aware__iid__low_norm__seed46,46,iid,low_norm,c4_drift_aware
17,0.124223609942831,0.0013610702039285882,0.13128633933803685,0.0653137781181922,False,c4_drift_aware__iid__low_norm__seed46,46,iid,low_norm,c4_drift_aware
18,0.12402969742047647,0.0007194849339101916,0.12776317669102985,0.0653137781181922,False,c4_drift_aware__iid__low_norm__seed46,46,iid,low_norm,c4_drift_aware
19,0.126328213978589,0.0033736548899120644,0.1438344465678317,0.0653137781181922,False,c4_drift_aware__iid__low_norm__seed46,46,iid,low_norm,c4_drift_aware
20,0.12470623809494927,0.010064965609765303,0.1769343511405824,0.0653137781181922,False,c4_drift_aware__iid__low_norm__seed46,46,iid,low_norm,c4_drift_aware
21,0.13321335541009116,0.0021896799853516336,0.1445758238220793,0.0653137781181922,False,c4_drift_aware__iid__low_norm__seed46,46,iid,low_norm,c4_drift_aware
22,0.12810487654160263,0.006472769505219272,0.16169272478113594,0.0653137781181922,False,c4_drift_aware__iid__low_norm__seed46,46,iid,low_norm,c4_drift_aware
23,0.12202133985423765,0.004279938578825235,0.14423036913361967,0.0653137781181922,False,c4_drift_aware__iid__low_norm__seed46,46,iid,low_norm,c4_drift_aware
24,0.11306693334277898,0.0018651536847597988,0.12274540232836605,0.0653137781181922,False,c4_drift_aware__iid__low_norm__seed46,46,iid,low_norm,c4_drift_aware
0,0.03865498810440329,0.0012494143394792337,0.04513832405339498,0.0653137781181922,False,c4_drift_aware__iid__no_attack__seed47,47,iid,no_attack,c4_drift_aware
1,0.034331686829686334,0.0007043284278549986,0.037986517474668705,0.0653137781181922,False,c4_drift_aware__iid__no_attack__seed47,47,iid,no_attack,c4_drift_aware
2,0.03379414747955624,0.0005158871088416644,0.03647113727604652,0.0653137781181922,False,c4_drift_aware__iid__no_attack__seed47,47,iid,no_attack,c4_drift_aware
3,0.028684382946403603,0.0012415874278851775,0.03512710426844258,0.0653137781181922,False,c4_drift_aware__iid__no_attack__seed47,47,iid,no_attack,c4_drift_aware
4,0.02975322244363941,0.0012907789998303915,0.03645120375165929,0.0653137781181922,False,c4_drift_aware__iid__no_attack__seed47,47,iid,no_attack,c4_drift_aware
5,0.028986764070656135,0.0026453157351611495,0.042713571951980854,0.0653137781181922,False,c4_drift_aware__iid__no_attack__seed47,47,iid,no_attack,c4_drift_aware
6,0.026668835379201703,0.0014066525151876785,0.03396809594576208,0.0653137781181922,False,c4_drift_aware__iid__no_attack__seed47,47,iid,no_attack,c4_drift_aware
7,0.02829964752857837,0.0012812203816147776,0.034948028210815614,0.0653137781181922,False,c4_drift_aware__iid__no_attack__seed47,47,iid,no_attack,c4_drift_aware
8,0.02827383747728502,0.0012020428800894462,0.034511358186357165,0.0653137781181922,False,c4_drift_aware__iid__no_attack__seed47,47,iid,no_attack,c4_drift_aware
9,0.03129565659054354,0.0018741373630271445,0.0410207427810277,0.0653137781181922,False,c4_drift_aware__iid__no_attack__seed47,47,iid,no_attack,c4_drift_aware
10,0.03241403065417228,0.0015077494607243745,0.04023789338081713,0.0653137781181922,False,c4_drift_aware__iid__no_attack__seed47,47,iid,no_attack,c4_drift_aware
11,0.033462164153348795,0.0003751524835024292,0.03540886790549125,0.0653137781181922,False,c4_drift_aware__iid__no_attack__seed47,47,iid,no_attack,c4_drift_aware
12,0.036075277327876826,0.0011360518489832855,0.04197036397743599,0.0653137781181922,False,c4_drift_aware__iid__no_attack__seed47,47,iid,no_attack,c4_drift_aware
13,0.03995180200838763,0.0008576997140121445,0.04440249159436805,0.0653137781181922,False,c4_drift_aware__iid__no_attack__seed47,47,iid,no_attack,c4_drift_aware
14,0.04244280159752058,0.0009825122986763732,0.047541156166582145,0.0653137781181922,False,c4_drift_aware__iid__no_attack__seed47,47,iid,no_attack,c4_drift_aware
15,0.04824260745664645,0.0013715949400450386,0.05535995076003416,0.0653137781181922,False,c4_drift_aware__iid__no_attack__seed47,47,iid,no_attack,c4_drift_aware
16,0.0526874048835692,0.0008973793208691752,0.05734399591749143,0.0653137781181922,False,c4_drift_aware__iid__no_attack__seed47,47,iid,no_attack,c4_drift_aware
17,0.0625437656776817,0.0007002495097271216,0.06617743040860671,0.0653137781181922,False,c4_drift_aware__iid__no_attack__seed47,47,iid,no_attack,c4_drift_aware
18,0.0726848682543218,0.001291250937180341,0.0793852984924443,0.0653137781181922,False,c4_drift_aware__iid__no_attack__seed47,47,iid,no_attack,c4_drift_aware
19,0.08789147088989811,0.002617827548430776,0.10147563982146025,0.0653137781181922,False,c4_drift_aware__iid__no_attack__seed47,47,iid,no_attack,c4_drift_aware
20,0.10242024341400484,0.0023804402851834022,0.11477258609785003,0.0653137781181922,False,c4_drift_aware__iid__no_attack__seed47,47,iid,no_attack,c4_drift_aware
21,0.11934548038503157,0.0010742658359439439,0.12491995323432828,0.0653137781181922,False,c4_drift_aware__iid__no_attack__seed47,47,iid,no_attack,c4_drift_aware
22,0.134471358607078,0.0045391049410810624,0.15802522805684174,0.0653137781181922,False,c4_drift_aware__iid__no_attack__seed47,47,iid,no_attack,c4_drift_aware
23,0.1391623012025708,0.0008132412624250462,0.14338229143742062,0.0653137781181922,False,c4_drift_aware__iid__no_attack__seed47,47,iid,no_attack,c4_drift_aware
24,0.13922909469154324,0.0014143773560250927,0.14656844022969304,0.0653137781181922,False,c4_drift_aware__iid__no_attack__seed47,47,iid,no_attack,c4_drift_aware
0,0.03865498723512878,0.0012494174269250743,0.04513833920518568,0.0653137781181922,False,c4_drift_aware__iid__large_norm__seed47,47,iid,large_norm,c4_drift_aware
1,0.03433095375992532,0.0007042187516303269,0.03798521528401025,0.0653137781181922,False,c4_drift_aware__iid__large_norm__seed47,47,iid,large_norm,c4_drift_aware
2,0.033792072244558144,0.0005040389368702186,0.036407580691871395,0.0653137781181922,False,c4_drift_aware__iid__large_norm__seed47,47,iid,large_norm,c4_drift_aware
3,0.028677580724703333,0.0012264776895639547,0.03504189610361965,0.0653137781181922,False,c4_drift_aware__iid__large_norm__seed47,47,iid,large_norm,c4_drift_aware
4,0.02975773277082336,0.0013029388834838486,0.036518812931109396,0.0653137781181922,False,c4_drift_aware__iid__large_norm__seed47,47,iid,large_norm,c4_drift_aware
5,0.028988747011045764,0.0026488198345283875,0.04273373801439702,0.0653137781181922,False,c4_drift_aware__iid__large_norm__seed47,47,iid,large_norm,c4_drift_aware
6,0.026675775373504608,0.001429590559098439,0.03409406374372232,0.0653137781181922,False,c4_drift_aware__iid__large_norm__seed47,47,iid,large_norm,c4_drift_aware
7,0.02830671179072339,0.0012900290979450946,0.03500080178287028,0.0653137781181922,False,c4_drift_aware__iid__large_norm__seed47,47,iid,large_norm,c4_drift_aware
8,0.02801782199254134,0.0009379591348005756,0.032884985738935,0.0653137781181922,False,c4_drift_aware__iid__large_norm__seed47,47,iid,large_norm,c4_drift_aware
9,0.031139220070926364,0.0016655024408259028,0.03978167878661606,0.0653137781181922,False,c4_drift_aware__iid__large_norm__seed47,47,iid,large_norm,c4_drift_aware
10,0.0324218885418289,0.0022594121937427603,0.044146204356379455,0.0653137781181922,False,c4_drift_aware__iid__large_norm__seed47,47,iid,large_norm,c4_drift_aware
11,0.03307515861411289,0.0012580439931883097,0.03960327469916635,0.0653137781181922,False,c4_drift_aware__iid__large_norm__seed47,47,iid,large_norm,c4_drift_aware
12,0.036651948001603214,0.001145304126392764,0.04259504564386791,0.0653137781181922,False,c4_drift_aware__iid__large_norm__seed47,47,iid,large_norm,c4_drift_aware
13,0.03993643134800126,0.0008560315945816202,0.044378464895444746,0.0653137781181922,False,c4_drift_aware__iid__large_norm__seed47,47,iid,large_norm,c4_drift_aware
14,0.04342837422514674,0.0011561391640617716,0.04942769596137968,0.0653137781181922,False,c4_drift_aware__iid__large_norm__seed47,47,iid,large_norm,c4_drift_aware
15,0.047916794947130664,0.0012107026075401234,0.054199251847917115,0.0653137781181922,False,c4_drift_aware__iid__large_norm__seed47,47,iid,large_norm,c4_drift_aware
16,0.056275851383834036,0.0003991228893715851,0.05834693996907213,0.0653137781181922,False,c4_drift_aware__iid__large_norm__seed47,47,iid,large_norm,c4_drift_aware
17,0.06253170697175114,0.0014559025674112033,0.07008653098430462,0.0653137781181922,False,c4_drift_aware__iid__large_norm__seed47,47,iid,large_norm,c4_drift_aware
18,0.07290183894043044,0.0006569934613421397,0.07631104371068094,0.0653137781181922,False,c4_drift_aware__iid__large_norm__seed47,47,iid,large_norm,c4_drift_aware
19,0.08364786080867932,0.0012857303637940493,0.09031964423944303,0.0653137781181922,False,c4_drift_aware__iid__large_norm__seed47,47,iid,large_norm,c4_drift_aware
20,0.10131969635816133,0.0023346774979033647,0.11343457136253168,0.0653137781181922,False,c4_drift_aware__iid__large_norm__seed47,47,iid,large_norm,c4_drift_aware
21,0.11838805446788754,0.004017052993911002,0.1392329441585911,0.0653137781181922,False,c4_drift_aware__iid__large_norm__seed47,47,iid,large_norm,c4_drift_aware
22,0.1335269869162062,0.003427656975740434,0.1513134417290209,0.0653137781181922,False,c4_drift_aware__iid__large_norm__seed47,47,iid,large_norm,c4_drift_aware
23,0.14070742754843069,0.002436964298193567,0.15335307898818692,0.0653137781181922,False,c4_drift_aware__iid__large_norm__seed47,47,iid,large_norm,c4_drift_aware
24,0.1382123155251935,0.0016355704156368611,0.14669945396897474,0.0653137781181922,False,c4_drift_aware__iid__large_norm__seed47,47,iid,large_norm,c4_drift_aware
0,0.038654890302321915,0.0012495130912217947,0.04513873868398093,0.0653137781181922,False,c4_drift_aware__iid__directional_poisoning__seed47,47,iid,directional_poisoning,c4_drift_aware
1,0.03433084595808496,0.0007054174254855702,0.03799132752067213,0.0653137781181922,False,c4_drift_aware__iid__directional_poisoning__seed47,47,iid,directional_poisoning,c4_drift_aware
2,0.03379635208795683,0.0005215271952423647,0.036502608856788986,0.0653137781181922,False,c4_drift_aware__iid__directional_poisoning__seed47,47,iid,directional_poisoning,c4_drift_aware
3,0.02867827380390861,0.0012209854231902094,0.03501408926338492,0.0653137781181922,False,c4_drift_aware__iid__directional_poisoning__seed47,47,iid,directional_poisoning,c4_drift_aware
4,0.029732663585161304,0.0012685703622952876,0.03631540205214778,0.0653137781181922,False,c4_drift_aware__iid__directional_poisoning__seed47,47,iid,directional_poisoning,c4_drift_aware
5,0.02898712773774744,0.0026541496662228457,0.04275977577074441,0.0653137781181922,False,c4_drift_aware__iid__directional_poisoning__seed47,47,iid,directional_poisoning,c4_drift_aware
6,0.026660014548267864,0.0014141789661458216,0.03399833062149515,0.0653137781181922,False,c4_drift_aware__iid__directional_poisoning__seed47,47,iid,directional_poisoning,c4_drift_aware
7,0.028315204271047854,0.001291237390591251,0.035015564214564913,0.0653137781181922,False,c4_drift_aware__iid__directional_poisoning__seed47,47,iid,directional_poisoning,c4_drift_aware
8,0.028018647568675285,0.0009344916920578268,0.032867818407932556,0.0653137781181922,False,c4_drift_aware__iid__directional_poisoning__seed47,47,iid,directional_poisoning,c4_drift_aware
9,0.03113438200219355,0.0016610350207789636,0.03975365882851767,0.0653137781181922,False,c4_drift_aware__iid__directional_poisoning__seed47,47,iid,directional_poisoning,c4_drift_aware
10,0.03258793389710661,0.0016318125744013007,0.0410555725269324,0.0653137781181922,False,c4_drift_aware__iid__directional_poisoning__seed47,47,iid,directional_poisoning,c4_drift_aware
11,0.03323955230140233,0.00038635960727262386,0.0352444109395007,0.0653137781181922,False,c4_drift_aware__iid__directional_poisoning__seed47,47,iid,directional_poisoning,c4_drift_aware
12,0.036103749772796706,0.0009900222427251665,0.04124107419252187,0.0653137781181922,False,c4_drift_aware__iid__directional_poisoning__seed47,47,iid,directional_poisoning,c4_drift_aware
13,0.03992610945140162,0.0010639895720231662,0.04544725773958703,0.0653137781181922,False,c4_drift_aware__iid__directional_poisoning__seed47,47,iid,directional_poisoning,c4_drift_aware
14,0.04258614665697331,0.001266736607354449,0.04915936958619628,0.0653137781181922,False,c4_drift_aware__iid__directional_poisoning__seed47,47,iid,directional_poisoning,c4_drift_aware
15,0.048015285742869826,0.001389018203155394,0.05522304010086348,0.0653137781181922,False,c4_drift_aware__iid__directional_poisoning__seed47,47,iid,directional_poisoning,c4_drift_aware
16,0.052575485261452594,0.0007509496745871647,0.05647223821785285,0.0653137781181922,False,c4_drift_aware__iid__directional_poisoning__seed47,47,iid,directional_poisoning,c4_drift_aware
17,0.062028494566091455,0.0007524657300259502,0.0659331144857691,0.0653137781181922,False,c4_drift_aware__iid__directional_poisoning__seed47,47,iid,directional_poisoning,c4_drift_aware
18,0.07259997458346616,0.001043944524755397,0.07801710711687439,0.0653137781181922,False,c4_drift_aware__iid__directional_poisoning__seed47,47,iid,directional_poisoning,c4_drift_aware
19,0.08716247669642381,0.0025902391871716196,0.10060348686257606,0.0653137781181922,False,c4_drift_aware__iid__directional_poisoning__seed47,47,iid,directional_poisoning,c4_drift_aware
20,0.10157248071333465,0.0024985042985529032,0.11453746936895552,0.0653137781181922,False,c4_drift_aware__iid__directional_poisoning__seed47,47,iid,directional_poisoning,c4_drift_aware
21,0.11876993810947405,0.0008889914704808127,0.12338300374894604,0.0653137781181922,False,c4_drift_aware__iid__directional_poisoning__seed47,47,iid,directional_poisoning,c4_drift_aware
22,0.13367283754004874,0.004603178160107302,0.15755918933066154,0.0653137781181922,False,c4_drift_aware__iid__directional_poisoning__seed47,47,iid,directional_poisoning,c4_drift_aware
23,0.13929640783739125,0.0008904756603402009,0.1439171750864626,0.0653137781181922,False,c4_drift_aware__iid__directional_poisoning__seed47,47,iid,directional_poisoning,c4_drift_aware
24,0.13988448612882046,0.001303885579752917,0.14665047879071633,0.0653137781181922,False,c4_drift_aware__iid__directional_poisoning__seed47,47,iid,directional_poisoning,c4_drift_aware
0,0.038654875552508024,0.0012495275543061013,0.04513879898455781,0.0653137781181922,False,c4_drift_aware__iid__sparse_coordinate_attack__seed47,47,iid,sparse_coordinate_attack,c4_drift_aware
1,0.03433077662388131,0.0007041883259988682,0.03798488026632203,0.0653137781181922,False,c4_drift_aware__iid__sparse_coordinate_attack__seed47,47,iid,sparse_coordinate_attack,c4_drift_aware
2,0.033787737454967624,0.0005301278942852067,0.03653862411120299,0.0653137781181922,False,c4_drift_aware__iid__sparse_coordinate_attack__seed47,47,iid,sparse_coordinate_attack,c4_drift_aware
3,0.02868454521572611,0.0012283260860087714,0.035058452108634224,0.0653137781181922,False,c4_drift_aware__iid__sparse_coordinate_attack__seed47,47,iid,sparse_coordinate_attack,c4_drift_aware
4,0.029750794783121707,0.0013010283804350195,0.03650196115203706,0.0653137781181922,False,c4_drift_aware__iid__sparse_coordinate_attack__seed47,47,iid,sparse_coordinate_attack,c4_drift_aware
5,0.028986662244374573,0.002653917511277925,0.04275810560214685,0.0653137781181922,False,c4_drift_aware__iid__sparse_coordinate_attack__seed47,47,iid,sparse_coordinate_attack,c4_drift_aware
6,0.02666687264348857,0.0014050704923762834,0.03395792393547834,0.0653137781181922,False,c4_drift_aware__iid__sparse_coordinate_attack__seed47,47,iid,sparse_coordinate_attack,c4_drift_aware
7,0.028303174376957483,0.0012821360974872784,0.034956306800428716,0.0653137781181922,False,c4_drift_aware__iid__sparse_coordinate_attack__seed47,47,iid,sparse_coordinate_attack,c4_drift_aware
8,0.028265095837945935,0.001144557338856763,0.03420431832500757,0.0653137781181922,False,c4_drift_aware__iid__sparse_coordinate_attack__seed47,47,iid,sparse_coordinate_attack,c4_drift_aware
9,0.03128592011966551,0.0018653143775215451,0.04096522295606256,0.0653137781181922,False,c4_drift_aware__iid__sparse_coordinate_attack__seed47,47,iid,sparse_coordinate_attack,c4_drift_aware
10,0.032115066874856504,0.0021425530027716425,0.04323298866153884,0.0653137781181922,False,c4_drift_aware__iid__sparse_coordinate_attack__seed47,47,iid,sparse_coordinate_attack,c4_drift_aware
11,0.03387743538445362,0.0016107029114288754,0.0422355338621492,0.0653137781181922,False,c4_drift_aware__iid__sparse_coordinate_attack__seed47,47,iid,sparse_coordinate_attack,c4_drift_aware
12,0.03600402375708593,0.0029644160886412307,0.05138667528265414,0.0653137781181922,False,c4_drift_aware__iid__sparse_coordinate_attack__seed47,47,iid,sparse_coordinate_attack,c4_drift_aware
13,0.03972235444557062,0.001301537334008361,0.04647616182547341,0.0653137781181922,False,c4_drift_aware__iid__sparse_coordinate_attack__seed47,47,iid,sparse_coordinate_attack,c4_drift_aware
14,0.044382985363293465,0.00030106422913350056,0.04594523775469011,0.0653137781181922,False,c4_drift_aware__iid__sparse_coordinate_attack__seed47,47,iid,sparse_coordinate_attack,c4_drift_aware
15,0.04841716018041736,0.001441655349487543,0.05589805395444317,0.0653137781181922,False,c4_drift_aware__iid__sparse_coordinate_attack__seed47,47,iid,sparse_coordinate_attack,c4_drift_aware
16,0.05505552643592746,0.0015763718713919725,0.06323547771376754,0.0653137781181922,False,c4_drift_aware__iid__sparse_coordinate_attack__seed47,47,iid,sparse_coordinate_attack,c4_drift_aware
17,0.06208252612922936,0.0012446012956338764,0.0685408867124031,0.0653137781181922,False,c4_drift_aware__iid__sparse_coordinate_attack__seed47,47,iid,sparse_coordinate_attack,c4_drift_aware
18,0.07349701619090832,0.0005058891191520726,0.07612212541910034,0.0653137781181922,False,c4_drift_aware__iid__sparse_coordinate_attack__seed47,47,iid,sparse_coordinate_attack,c4_drift_aware
19,0.08650027209385112,0.0008452975575090893,0.09088660564952154,0.0653137781181922,False,c4_drift_aware__iid__sparse_coordinate_attack__seed47,47,iid,sparse_coordinate_attack,c4_drift_aware
20,0.10187338230191953,0.0012590001447689292,0.10840645995313998,0.0653137781181922,False,c4_drift_aware__iid__sparse_coordinate_attack__seed47,47,iid,sparse_coordinate_attack,c4_drift_aware
21,0.11462811752295793,0.0007056545746820242,0.11828982967644042,0.0653137781181922,False,c4_drift_aware__iid__sparse_coordinate_attack__seed47,47,iid,sparse_coordinate_attack,c4_drift_aware
22,0.12797073693001373,0.0011823263341681212,0.13410594651064553,0.0653137781181922,False,c4_drift_aware__iid__sparse_coordinate_attack__seed47,47,iid,sparse_coordinate_attack,c4_drift_aware
23,0.14373317127595828,0.006110973269321779,0.17544362266779592,0.0653137781181922,False,c4_drift_aware__iid__sparse_coordinate_attack__seed47,47,iid,sparse_coordinate_attack,c4_drift_aware
24,0.1411227421114971,0.002199603966507674,0.15253670705410208,0.0653137781181922,False,c4_drift_aware__iid__sparse_coordinate_attack__seed47,47,iid,sparse_coordinate_attack,c4_drift_aware
0,0.03865548493145545,0.0012489191014334947,0.045136251040704,0.0653137781181922,False,c4_drift_aware__iid__full_sign_flip__seed47,47,iid,full_sign_flip,c4_drift_aware
1,0.0343287472416174,0.0007095793448688575,0.03801082542007639,0.0653137781181922,False,c4_drift_aware__iid__full_sign_flip__seed47,47,iid,full_sign_flip,c4_drift_aware
2,0.033788499567309796,0.0005497904306609736,0.036641417091052654,0.0653137781181922,False,c4_drift_aware__iid__full_sign_flip__seed47,47,iid,full_sign_flip,c4_drift_aware
3,0.028671480387679197,0.001222212253550358,0.03501366199257736,0.0653137781181922,False,c4_drift_aware__iid__full_sign_flip__seed47,47,iid,full_sign_flip,c4_drift_aware
4,0.02975090535638245,0.001312698154406173,0.03656262734941152,0.0653137781181922,False,c4_drift_aware__iid__full_sign_flip__seed47,47,iid,full_sign_flip,c4_drift_aware
5,0.028991453790810803,0.0026525335028326283,0.04275571539035959,0.0653137781181922,False,c4_drift_aware__iid__full_sign_flip__seed47,47,iid,full_sign_flip,c4_drift_aware
6,0.026669875929521053,0.0014061062171298738,0.03396630170082968,0.0653137781181922,False,c4_drift_aware__iid__full_sign_flip__seed47,47,iid,full_sign_flip,c4_drift_aware
7,0.028300195071160814,0.0012779851403192134,0.034931787762791246,0.0653137781181922,False,c4_drift_aware__iid__full_sign_flip__seed47,47,iid,full_sign_flip,c4_drift_aware
8,0.02809922824129381,0.0010143066020424987,0.033362566629952545,0.0653137781181922,False,c4_drift_aware__iid__full_sign_flip__seed47,47,iid,full_sign_flip,c4_drift_aware
9,0.03131926341779374,0.0019067726421965261,0.04121369733541573,0.0653137781181922,False,c4_drift_aware__iid__full_sign_flip__seed47,47,iid,full_sign_flip,c4_drift_aware
10,0.03242522838419311,0.001476559374292273,0.040087242633333145,0.0653137781181922,False,c4_drift_aware__iid__full_sign_flip__seed47,47,iid,full_sign_flip,c4_drift_aware
11,0.033280695459929344,0.000456978152058439,0.03565200078877579,0.0653137781181922,False,c4_drift_aware__iid__full_sign_flip__seed47,47,iid,full_sign_flip,c4_drift_aware
12,0.0361653375301252,0.00103675118136011,0.041545143085320944,0.0653137781181922,False,c4_drift_aware__iid__full_sign_flip__seed47,47,iid,full_sign_flip,c4_drift_aware
13,0.03997901738216675,0.0010671707280210385,0.04551667300694072,0.0653137781181922,False,c4_drift_aware__iid__full_sign_flip__seed47,47,iid,full_sign_flip,c4_drift_aware
14,0.04257011317957713,0.0011916191230715648,0.04875354397110779,0.0653137781181922,False,c4_drift_aware__iid__full_sign_flip__seed47,47,iid,full_sign_flip,c4_drift_aware
15,0.04808615018856022,0.0013571876477421752,0.05512873261145914,0.0653137781181922,False,c4_drift_aware__iid__full_sign_flip__seed47,47,iid,full_sign_flip,c4_drift_aware
16,0.0526448174202838,0.0007562889060855615,0.05656927618285239,0.0653137781181922,False,c4_drift_aware__iid__full_sign_flip__seed47,47,iid,full_sign_flip,c4_drift_aware
17,0.062136599949287497,0.0007433975755690991,0.06599416430867311,0.0653137781181922,False,c4_drift_aware__iid__full_sign_flip__seed47,47,iid,full_sign_flip,c4_drift_aware
18,0.07272598552953931,0.0010680854820212526,0.07826838790429579,0.0653137781181922,False,c4_drift_aware__iid__full_sign_flip__seed47,47,iid,full_sign_flip,c4_drift_aware
19,0.08734485346399799,0.0025852484119118224,0.10075996599824963,0.0653137781181922,False,c4_drift_aware__iid__full_sign_flip__seed47,47,iid,full_sign_flip,c4_drift_aware
20,0.10176070699487218,0.0024906961548290946,0.11468517841189584,0.0653137781181922,False,c4_drift_aware__iid__full_sign_flip__seed47,47,iid,full_sign_flip,c4_drift_aware
21,0.1189758135320058,0.0008619535071226619,0.123448576475816,0.0653137781181922,False,c4_drift_aware__iid__full_sign_flip__seed47,47,iid,full_sign_flip,c4_drift_aware
22,0.13382551687957836,0.004640281837798521,0.15790440336409867,0.0653137781181922,False,c4_drift_aware__iid__full_sign_flip__seed47,47,iid,full_sign_flip,c4_drift_aware
23,0.1393652289757013,0.0008967665018749515,0.14401864003058062,0.0653137781181922,False,c4_drift_aware__iid__full_sign_flip__seed47,47,iid,full_sign_flip,c4_drift_aware
24,0.1398037547353067,0.0012568395322794523,0.14632562075225802,0.0653137781181922,False,c4_drift_aware__iid__full_sign_flip__seed47,47,iid,full_sign_flip,c4_drift_aware
0,0.038654978103295774,0.001249425986936524,0.04513837449210809,0.0653137781181922,False,c4_drift_aware__iid__low_norm__seed47,47,iid,low_norm,c4_drift_aware
1,0.03433193009321387,0.0007075260374701312,0.03800335345425013,0.0653137781181922,False,c4_drift_aware__iid__low_norm__seed47,47,iid,low_norm,c4_drift_aware
2,0.033788569411269544,0.0005283849164364127,0.03653041158114973,0.0653137781181922,False,c4_drift_aware__iid__low_norm__seed47,47,iid,low_norm,c4_drift_aware
3,0.028685534840079737,0.0012410797861681783,0.03512562195848503,0.0653137781181922,False,c4_drift_aware__iid__low_norm__seed47,47,iid,low_norm,c4_drift_aware
4,0.029746007577711533,0.0012959287389083633,0.036470711396780923,0.0653137781181922,False,c4_drift_aware__iid__low_norm__seed47,47,iid,low_norm,c4_drift_aware
5,0.02899052909422996,0.0026559938711978627,0.04277274689126279,0.0653137781181922,False,c4_drift_aware__iid__low_norm__seed47,47,iid,low_norm,c4_drift_aware
6,0.02665932538864489,0.0014161651204075039,0.03400794781495147,0.0653137781181922,False,c4_drift_aware__iid__low_norm__seed47,47,iid,low_norm,c4_drift_aware
7,0.028309188037676066,0.00129060332799533,0.035006257766976634,0.0653137781181922,False,c4_drift_aware__iid__low_norm__seed47,47,iid,low_norm,c4_drift_aware
8,0.02827997919596956,0.001207402342095893,0.03454531068933936,0.0653137781181922,False,c4_drift_aware__iid__low_norm__seed47,47,iid,low_norm,c4_drift_aware
9,0.03130429734691143,0.001881062825979156,0.04106532045719987,0.0653137781181922,False,c4_drift_aware__iid__low_norm__seed47,47,iid,low_norm,c4_drift_aware
10,0.030917332411386778,0.0017971652788515216,0.040243002759875204,0.0653137781181922,False,c4_drift_aware__iid__low_norm__seed47,47,iid,low_norm,c4_drift_aware
11,0.03294410436211537,0.00046386942048139146,0.03535116917193536,0.0653137781181922,False,c4_drift_aware__iid__low_norm__seed47,47,iid,low_norm,c4_drift_aware
12,0.03417669367585932,0.0007202675828716712,0.03791423419013871,0.0653137781181922,False,c4_drift_aware__iid__low_norm__seed47,47,iid,low_norm,c4_drift_aware
13,0.03681313889075555,0.0010420175490004346,0.0422202721542737,0.0653137781181922,False,c4_drift_aware__iid__low_norm__seed47,47,iid,low_norm,c4_drift_aware
14,0.038485971167800226,0.002368332519252468,0.05077548544345321,0.0653137781181922,False,c4_drift_aware__iid__low_norm__seed47,47,iid,low_norm,c4_drift_aware
15,0.043401129704843625,0.0018919791119439144,0.05321879851463179,0.0653137781181922,False,c4_drift_aware__iid__low_norm__seed47,47,iid,low_norm,c4_drift_aware
16,0.04516242319001311,0.0007329455754990222,0.04896575107583508,0.0653137781181922,False,c4_drift_aware__iid__low_norm__seed47,47,iid,low_norm,c4_drift_aware
17,0.051529926493584684,0.0016611254473754833,0.060149672552560804,0.0653137781181922,False,c4_drift_aware__iid__low_norm__seed47,47,iid,low_norm,c4_drift_aware
18,0.05647124483595433,0.0025744376267549246,0.06983025912494831,0.0653137781181922,False,c4_drift_aware__iid__low_norm__seed47,47,iid,low_norm,c4_drift_aware
19,0.06491466356581922,0.002315346144971281,0.0769292262466897,0.0653137781181922,False,c4_drift_aware__iid__low_norm__seed47,47,iid,low_norm,c4_drift_aware
20,0.07316084754211384,0.001454914160209847,0.08071054261085876,0.0653137781181922,False,c4_drift_aware__iid__low_norm__seed47,47,iid,low_norm,c4_drift_aware
21,0.08236761964559634,0.0036645027484055043,0.10138309085734734,0.0653137781181922,False,c4_drift_aware__iid__low_norm__seed47,47,iid,low_norm,c4_drift_aware
22,0.09442164389852206,0.003978394461121068,0.1150659305967254,0.0653137781181922,False,c4_drift_aware__iid__low_norm__seed47,47,iid,low_norm,c4_drift_aware
23,0.10664328426590204,0.0029337205374526387,0.12186665350679753,0.0653137781181922,False,c4_drift_aware__iid__low_norm__seed47,47,iid,low_norm,c4_drift_aware
24,0.1187205876499075,0.0025553131462067585,0.131980363096889,0.0653137781181922,False,c4_drift_aware__iid__low_norm__seed47,47,iid,low_norm,c4_drift_aware
0,0.08063176400301143,0.0035849401240398704,0.09923437680066673,0.0653137781181922,False,c4_drift_aware__iid__no_attack__seed48,48,iid,no_attack,c4_drift_aware
1,0.05495019159117433,0.003462426433563537,0.07291706859757888,0.0653137781181922,False,c4_drift_aware__iid__no_attack__seed48,48,iid,no_attack,c4_drift_aware
2,0.04441035806754507,0.0015073560520302495,0.05223217935713524,0.0653137781181922,False,c4_drift_aware__iid__no_attack__seed48,48,iid,no_attack,c4_drift_aware
3,0.03911711685043025,0.00022758324008608638,0.040298069041560955,0.0653137781181922,False,c4_drift_aware__iid__no_attack__seed48,48,iid,no_attack,c4_drift_aware
4,0.03769962415585721,0.0011506679092474284,0.04367055500373304,0.0653137781181922,False,c4_drift_aware__iid__no_attack__seed48,48,iid,no_attack,c4_drift_aware
5,0.03758659537797343,0.0014774652460070314,0.04525331028602852,0.0653137781181922,False,c4_drift_aware__iid__no_attack__seed48,48,iid,no_attack,c4_drift_aware
6,0.04176971392279265,0.0009667372617378836,0.0467862102476767,0.0653137781181922,False,c4_drift_aware__iid__no_attack__seed48,48,iid,no_attack,c4_drift_aware
7,0.04555584352632179,0.0005728077711612406,0.048528200331654586,0.0653137781181922,False,c4_drift_aware__iid__no_attack__seed48,48,iid,no_attack,c4_drift_aware
8,0.048893536941261334,0.0009361739809420552,0.053751437345767754,0.0653137781181922,False,c4_drift_aware__iid__no_attack__seed48,48,iid,no_attack,c4_drift_aware
9,0.05627786706871541,0.0006624933132916566,0.059715611120717146,0.0653137781181922,False,c4_drift_aware__iid__no_attack__seed48,48,iid,no_attack,c4_drift_aware
10,0.06373980238642697,0.0012956298858748105,0.07046295542721995,0.0653137781181922,False,c4_drift_aware__iid__no_attack__seed48,48,iid,no_attack,c4_drift_aware
11,0.07431436839377539,0.00032595465467163964,0.07600577969233199,0.0653137781181922,False,c4_drift_aware__iid__no_attack__seed48,48,iid,no_attack,c4_drift_aware
12,0.08645600891792385,0.0012479316397889378,0.09293165098995262,0.0653137781181922,False,c4_drift_aware__iid__no_attack__seed48,48,iid,no_attack,c4_drift_aware
13,0.10360229513915918,0.0014136980818093836,0.11093811585547625,0.0653137781181922,False,c4_drift_aware__iid__no_attack__seed48,48,iid,no_attack,c4_drift_aware
14,0.11710879752784488,0.0021104505018465086,0.1280601362269766,0.0653137781181922,False,c4_drift_aware__iid__no_attack__seed48,48,iid,no_attack,c4_drift_aware
15,0.13655647697177115,0.0037476837753576964,0.15600358285047977,0.0653137781181922,False,c4_drift_aware__iid__no_attack__seed48,48,iid,no_attack,c4_drift_aware
16,0.14159167136797976,0.0016839941184648433,0.15033008524810568,0.0653137781181922,False,c4_drift_aware__iid__no_attack__seed48,48,iid,no_attack,c4_drift_aware
17,0.1436536329336585,0.0012732880924769818,0.1502608521743308,0.0653137781181922,False,c4_drift_aware__iid__no_attack__seed48,48,iid,no_attack,c4_drift_aware
18,0.1354008690026674,0.0009878038666476519,0.14052668204708874,0.0653137781181922,False,c4_drift_aware__iid__no_attack__seed48,48,iid,no_attack,c4_drift_aware
19,0.12879097023352104,0.002349348906674098,0.14098197664514361,0.0653137781181922,False,c4_drift_aware__iid__no_attack__seed48,48,iid,no_attack,c4_drift_aware
20,0.1344996780777618,0.0003671606333343347,0.136404911320197,0.0653137781181922,False,c4_drift_aware__iid__no_attack__seed48,48,iid,no_attack,c4_drift_aware
21,0.13337376768189202,0.000544984640271029,0.1362017474787224,0.0653137781181922,False,c4_drift_aware__iid__no_attack__seed48,48,iid,no_attack,c4_drift_aware
22,0.13466201027041333,0.001030542454699579,0.1400095981220949,0.0653137781181922,False,c4_drift_aware__iid__no_attack__seed48,48,iid,no_attack,c4_drift_aware
23,0.12920435687941698,0.0012336362177505222,0.1356058185769462,0.0653137781181922,False,c4_drift_aware__iid__no_attack__seed48,48,iid,no_attack,c4_drift_aware
24,0.11977034616153523,0.004054669116250784,0.14081042967267215,0.0653137781181922,False,c4_drift_aware__iid__no_attack__seed48,48,iid,no_attack,c4_drift_aware
0,0.08063176379679983,0.0035849731018126607,0.09923454771941591,0.0653137781181922,False,c4_drift_aware__iid__large_norm__seed48,48,iid,large_norm,c4_drift_aware
1,0.05495359486906949,0.0034715125484671844,0.07296762063432055,0.0653137781181922,False,c4_drift_aware__iid__large_norm__seed48,48,iid,large_norm,c4_drift_aware
2,0.044407142442934075,0.0015121199029100238,0.05225368383112448,0.0653137781181922,False,c4_drift_aware__iid__large_norm__seed48,48,iid,large_norm,c4_drift_aware
3,0.039120401960097126,0.00024216124317995996,0.040377000867082256,0.0653137781181922,False,c4_drift_aware__iid__large_norm__seed48,48,iid,large_norm,c4_drift_aware
4,0.03775555574902211,0.0010757482791666911,0.043337721144445986,0.0653137781181922,False,c4_drift_aware__iid__large_norm__seed48,48,iid,large_norm,c4_drift_aware
5,0.03760505495582957,0.0014978164634361218,0.04537737436624595,0.0653137781181922,False,c4_drift_aware__iid__large_norm__seed48,48,iid,large_norm,c4_drift_aware
6,0.041824212779046285,0.0008997425850593085,0.046493067027177544,0.0653137781181922,False,c4_drift_aware__iid__large_norm__seed48,48,iid,large_norm,c4_drift_aware
7,0.045538294823523014,0.0005968788915789031,0.0486355590798151,0.0653137781181922,False,c4_drift_aware__iid__large_norm__seed48,48,iid,large_norm,c4_drift_aware
8,0.048891349037296125,0.0009182446029172633,0.05365621210629409,0.0653137781181922,False,c4_drift_aware__iid__large_norm__seed48,48,iid,large_norm,c4_drift_aware
9,0.05626751729278548,0.0006336401596553215,0.05955553944525291,0.0653137781181922,False,c4_drift_aware__iid__large_norm__seed48,48,iid,large_norm,c4_drift_aware
10,0.06433220205525096,0.0010788178383509955,0.06993029570023811,0.0653137781181922,False,c4_drift_aware__iid__large_norm__seed48,48,iid,large_norm,c4_drift_aware
11,0.07385450006631837,0.002363060603345943,0.0861166578431408,0.0653137781181922,False,c4_drift_aware__iid__large_norm__seed48,48,iid,large_norm,c4_drift_aware
12,0.08803840113333448,0.0006233098053083502,0.09127281804406004,0.0653137781181922,False,c4_drift_aware__iid__large_norm__seed48,48,iid,large_norm,c4_drift_aware
13,0.10314781020772358,0.0017963993609386164,0.11246950613157015,0.0653137781181922,False,c4_drift_aware__iid__large_norm__seed48,48,iid,large_norm,c4_drift_aware
14,0.12079185876928064,0.004288327165107991,0.14304441726174252,0.0653137781181922,False,c4_drift_aware__iid__large_norm__seed48,48,iid,large_norm,c4_drift_aware
15,0.13479019344517534,0.0038063415702316583,0.15454168048726444,0.0653137781181922,False,c4_drift_aware__iid__large_norm__seed48,48,iid,large_norm,c4_drift_aware
16,0.1496190625205195,0.006497617677590661,0.1833358504113052,0.0653137781181922,False,c4_drift_aware__iid__large_norm__seed48,48,iid,large_norm,c4_drift_aware
17,0.14306279011494716,0.0023380654777049037,0.15519524568530568,0.0653137781181922,False,c4_drift_aware__iid__large_norm__seed48,48,iid,large_norm,c4_drift_aware
18,0.13398007090219521,0.0014133447863373116,0.14131405833297817,0.0653137781181922,False,c4_drift_aware__iid__large_norm__seed48,48,iid,large_norm,c4_drift_aware
19,0.12980031062160757,0.0028444209651357077,0.14456029545179327,0.0653137781181922,False,c4_drift_aware__iid__large_norm__seed48,48,iid,large_norm,c4_drift_aware
20,0.13298039596639355,0.002488373517267911,0.14589281498484846,0.0653137781181922,False,c4_drift_aware__iid__large_norm__seed48,48,iid,large_norm,c4_drift_aware
21,0.13426684809117295,0.0024222040742383766,0.14683590725280332,0.0653137781181922,False,c4_drift_aware__iid__large_norm__seed48,48,iid,large_norm,c4_drift_aware
22,0.13667070184651214,0.004368399445193322,0.1593387634075648,0.0653137781181922,False,c4_drift_aware__iid__large_norm__seed48,48,iid,large_norm,c4_drift_aware
23,0.13492416030733204,0.002597352928335378,0.14840208438775715,0.0653137781181922,False,c4_drift_aware__iid__large_norm__seed48,48,iid,large_norm,c4_drift_aware
24,0.12210943172737795,0.0022535708473514493,0.13380343621136936,0.0653137781181922,False,c4_drift_aware__iid__large_norm__seed48,48,iid,large_norm,c4_drift_aware
0,0.08063176087166067,0.003586846006212868,0.09924426348249987,0.0653137781181922,False,c4_drift_aware__iid__directional_poisoning__seed48,48,iid,directional_poisoning,c4_drift_aware
1,0.05493566476375006,0.0034767384521527042,0.07297680826581565,0.0653137781181922,False,c4_drift_aware__iid__directional_poisoning__seed48,48,iid,directional_poisoning,c4_drift_aware
2,0.04442472461365827,0.0014868405682987376,0.05214008900661725,0.0653137781181922,False,c4_drift_aware__iid__directional_poisoning__seed48,48,iid,directional_poisoning,c4_drift_aware
3,0.03909367018227201,0.00019381804786539059,0.0400994114144503,0.0653137781181922,False,c4_drift_aware__iid__directional_poisoning__seed48,48,iid,directional_poisoning,c4_drift_aware
4,0.03753681998380355,0.001247981558098299,0.04401272108693143,0.0653137781181922,False,c4_drift_aware__iid__directional_poisoning__seed48,48,iid,directional_poisoning,c4_drift_aware
5,0.03760286495915093,0.001659707104539672,0.046215251095317746,0.0653137781181922,False,c4_drift_aware__iid__directional_poisoning__seed48,48,iid,directional_poisoning,c4_drift_aware
6,0.041933086206758015,0.0007745115028060731,0.04595210384596901,0.0653137781181922,False,c4_drift_aware__iid__directional_poisoning__seed48,48,iid,directional_poisoning,c4_drift_aware
7,0.04564430172637175,0.0005203294735630221,0.04834434339763763,0.0653137781181922,False,c4_drift_aware__iid__directional_poisoning__seed48,48,iid,directional_poisoning,c4_drift_aware
8,0.04891571676011802,0.0008970622386976004,0.05357066242294374,0.0653137781181922,False,c4_drift_aware__iid__directional_poisoning__seed48,48,iid,directional_poisoning,c4_drift_aware
9,0.05625745934158024,0.0006670877629323044,0.05971904445221226,0.0653137781181922,False,c4_drift_aware__iid__directional_poisoning__seed48,48,iid,directional_poisoning,c4_drift_aware
10,0.06372420564895594,0.0012852503706626064,0.07039349834736126,0.0653137781181922,False,c4_drift_aware__iid__directional_poisoning__seed48,48,iid,directional_poisoning,c4_drift_aware
11,0.07443431200405266,0.0004604855085597881,0.07682381735652026,0.0653137781181922,False,c4_drift_aware__iid__directional_poisoning__seed48,48,iid,directional_poisoning,c4_drift_aware
12,0.08646305266111852,0.00126450654629702,0.09302470358050839,0.0653137781181922,False,c4_drift_aware__iid__directional_poisoning__seed48,48,iid,directional_poisoning,c4_drift_aware
13,0.10352614435439629,0.001468612662647903,0.11114692232214252,0.0653137781181922,False,c4_drift_aware__iid__directional_poisoning__seed48,48,iid,directional_poisoning,c4_drift_aware
14,0.11698623360395015,0.0021041971673843307,0.12790512312522417,0.0653137781181922,False,c4_drift_aware__iid__directional_poisoning__seed48,48,iid,directional_poisoning,c4_drift_aware
15,0.13642646843572176,0.003760733322600157,0.15594128972002624,0.0653137781181922,False,c4_drift_aware__iid__directional_poisoning__seed48,48,iid,directional_poisoning,c4_drift_aware
16,0.14158439866038489,0.0015536627768716615,0.14964651017584962,0.0653137781181922,False,c4_drift_aware__iid__directional_poisoning__seed48,48,iid,directional_poisoning,c4_drift_aware
17,0.14423558170308112,0.0012531332703962783,0.15073821555649444,0.0653137781181922,False,c4_drift_aware__iid__directional_poisoning__seed48,48,iid,directional_poisoning,c4_drift_aware
18,0.13582236977825354,0.0010740872418696923,0.14139591588503955,0.0653137781181922,False,c4_drift_aware__iid__directional_poisoning__seed48,48,iid,directional_poisoning,c4_drift_aware
19,0.1288846828546828,0.0022839533766824405,0.14073634532162566,0.0653137781181922,False,c4_drift_aware__iid__directional_poisoning__seed48,48,iid,directional_poisoning,c4_drift_aware
20,0.13400760190042266,0.0007799542640997137,0.1380548625722625,0.0653137781181922,False,c4_drift_aware__iid__directional_poisoning__seed48,48,iid,directional_poisoning,c4_drift_aware
21,0.13364165651098983,0.0003252110381370965,0.13532920910898705,0.0653137781181922,False,c4_drift_aware__iid__directional_poisoning__seed48,48,iid,directional_poisoning,c4_drift_aware
22,0.13441636918491368,0.0021640034242626505,0.14564559935375498,0.0653137781181922,False,c4_drift_aware__iid__directional_poisoning__seed48,48,iid,directional_poisoning,c4_drift_aware
23,0.12961635730783813,0.0017915184754503655,0.13891272582879763,0.0653137781181922,False,c4_drift_aware__iid__directional_poisoning__seed48,48,iid,directional_poisoning,c4_drift_aware
24,0.1196911997620771,0.0031583697604429667,0.1360802962859917,0.0653137781181922,False,c4_drift_aware__iid__directional_poisoning__seed48,48,iid,directional_poisoning,c4_drift_aware
0,0.0806317615646038,0.003587445422582422,0.09924737460692626,0.0653137781181922,False,c4_drift_aware__iid__sparse_coordinate_attack__seed48,48,iid,sparse_coordinate_attack,c4_drift_aware
1,0.054977776265715005,0.0034481598604218094,0.07287062259742982,0.0653137781181922,False,c4_drift_aware__iid__sparse_coordinate_attack__seed48,48,iid,sparse_coordinate_attack,c4_drift_aware
2,0.04440127911626009,0.0014974130976972352,0.05217150542152081,0.0653137781181922,False,c4_drift_aware__iid__sparse_coordinate_attack__seed48,48,iid,sparse_coordinate_attack,c4_drift_aware
3,0.03911724754180538,0.00026799346495175874,0.04050789243078655,0.0653137781181922,False,c4_drift_aware__iid__sparse_coordinate_attack__seed48,48,iid,sparse_coordinate_attack,c4_drift_aware
4,0.03771962556076796,0.0011243031353757593,0.04355374696054631,0.0653137781181922,False,c4_drift_aware__iid__sparse_coordinate_attack__seed48,48,iid,sparse_coordinate_attack,c4_drift_aware
5,0.03761487819760401,0.0014965740953643489,0.04538075083585915,0.0653137781181922,False,c4_drift_aware__iid__sparse_coordinate_attack__seed48,48,iid,sparse_coordinate_attack,c4_drift_aware
6,0.041864853764985194,0.0008809755143380296,0.04643632380643666,0.0653137781181922,False,c4_drift_aware__iid__sparse_coordinate_attack__seed48,48,iid,sparse_coordinate_attack,c4_drift_aware
7,0.045550405421055096,0.000558056462357702,0.048446216209875444,0.0653137781181922,False,c4_drift_aware__iid__sparse_coordinate_attack__seed48,48,iid,sparse_coordinate_attack,c4_drift_aware
8,0.04887975117357368,0.0009222904524382319,0.05366560856032091,0.0653137781181922,False,c4_drift_aware__iid__sparse_coordinate_attack__seed48,48,iid,sparse_coordinate_attack,c4_drift_aware
9,0.05628125259273504,0.0006698516048809569,0.05975717955562281,0.0653137781181922,False,c4_drift_aware__iid__sparse_coordinate_attack__seed48,48,iid,sparse_coordinate_attack,c4_drift_aware
10,0.06415331487615525,0.0016982326505080442,0.07296561392290654,0.0653137781181922,False,c4_drift_aware__iid__sparse_coordinate_attack__seed48,48,iid,sparse_coordinate_attack,c4_drift_aware
11,0.07637769185558758,0.0015944196774038688,0.084651295003604,0.0653137781181922,False,c4_drift_aware__iid__sparse_coordinate_attack__seed48,48,iid,sparse_coordinate_attack,c4_drift_aware
12,0.0864277504521535,0.0015655237711983683,0.09455140985327896,0.0653137781181922,False,c4_drift_aware__iid__sparse_coordinate_attack__seed48,48,iid,sparse_coordinate_attack,c4_drift_aware
13,0.10523705602917187,0.005967087196231818,0.1362008681991384,0.0653137781181922,False,c4_drift_aware__iid__sparse_coordinate_attack__seed48,48,iid,sparse_coordinate_attack,c4_drift_aware
14,0.12095003248058603,0.0013263752761557696,0.12783272642608592,0.0653137781181922,False,c4_drift_aware__iid__sparse_coordinate_attack__seed48,48,iid,sparse_coordinate_attack,c4_drift_aware
15,0.13448565099335508,0.0036149327502415507,0.1532438985276335,0.0653137781181922,False,c4_drift_aware__iid__sparse_coordinate_attack__seed48,48,iid,sparse_coordinate_attack,c4_drift_aware
16,0.14750923003720928,0.0027714356229824877,0.1618904866284277,0.0653137781181922,False,c4_drift_aware__iid__sparse_coordinate_attack__seed48,48,iid,sparse_coordinate_attack,c4_drift_aware
17,0.1494435126692493,0.004080392213511724,0.170617075904383,0.0653137781181922,False,c4_drift_aware__iid__sparse_coordinate_attack__seed48,48,iid,sparse_coordinate_attack,c4_drift_aware
18,0.13424695050776406,0.001340261623082789,0.14120170209610294,0.0653137781181922,False,c4_drift_aware__iid__sparse_coordinate_attack__seed48,48,iid,sparse_coordinate_attack,c4_drift_aware
19,0.12985880829612326,0.002143885290313924,0.14098364345609124,0.0653137781181922,False,c4_drift_aware__iid__sparse_coordinate_attack__seed48,48,iid,sparse_coordinate_attack,c4_drift_aware
20,0.1324927867909561,0.0005033118211537069,0.1351045221621048,0.0653137781181922,False,c4_drift_aware__iid__sparse_coordinate_attack__seed48,48,iid,sparse_coordinate_attack,c4_drift_aware
21,0.13194263541551587,0.0035591212993723864,0.15041127175008911,0.0653137781181922,False,c4_drift_aware__iid__sparse_coordinate_attack__seed48,48,iid,sparse_coordinate_attack,c4_drift_aware
22,0.132192420912782,0.0009004903732720282,0.13686515550872788,0.0653137781181922,False,c4_drift_aware__iid__sparse_coordinate_attack__seed48,48,iid,sparse_coordinate_attack,c4_drift_aware
23,0.1306852020406144,0.005946088168506947,0.1615400481558138,0.0653137781181922,False,c4_drift_aware__iid__sparse_coordinate_attack__seed48,48,iid,sparse_coordinate_attack,c4_drift_aware
24,0.12248958326496143,0.0027211122637082336,0.13660970691256982,0.0653137781181922,False,c4_drift_aware__iid__sparse_coordinate_attack__seed48,48,iid,sparse_coordinate_attack,c4_drift_aware
0,0.08063176150194286,0.003585297237420404,0.09923622739664108,0.0653137781181922,False,c4_drift_aware__iid__full_sign_flip__seed48,48,iid,full_sign_flip,c4_drift_aware
1,0.05495560548075153,0.0034582093117292434,0.07290059942024575,0.0653137781181922,False,c4_drift_aware__iid__full_sign_flip__seed48,48,iid,full_sign_flip,c4_drift_aware
2,0.04440793044939283,0.0015065991005922055,0.05222582384227584,0.0653137781181922,False,c4_drift_aware__iid__full_sign_flip__seed48,48,iid,full_sign_flip,c4_drift_aware
3,0.03908061083537343,0.0001889348256068485,0.04006101253892993,0.0653137781181922,False,c4_drift_aware__iid__full_sign_flip__seed48,48,iid,full_sign_flip,c4_drift_aware
4,0.037537319085955784,0.0012299654116935954,0.04391973260377502,0.0653137781181922,False,c4_drift_aware__iid__full_sign_flip__seed48,48,iid,full_sign_flip,c4_drift_aware
5,0.03759391657634483,0.0016589100902590845,0.04620216692570825,0.0653137781181922,False,c4_drift_aware__iid__full_sign_flip__seed48,48,iid,full_sign_flip,c4_drift_aware
6,0.04181598837209537,0.0008820334921549947,0.04639294836623685,0.0653137781181922,False,c4_drift_aware__iid__full_sign_flip__seed48,48,iid,full_sign_flip,c4_drift_aware
7,0.045647240975294955,0.0005104775985436544,0.04829616028189783,0.0653137781181922,False,c4_drift_aware__iid__full_sign_flip__seed48,48,iid,full_sign_flip,c4_drift_aware
8,0.0488879259893938,0.0009179883905654773,0.05365145954687712,0.0653137781181922,False,c4_drift_aware__iid__full_sign_flip__seed48,48,iid,full_sign_flip,c4_drift_aware
9,0.05626984799424235,0.000696937663005083,0.05988632722134203,0.0653137781181922,False,c4_drift_aware__iid__full_sign_flip__seed48,48,iid,full_sign_flip,c4_drift_aware
10,0.06371644063615416,0.0013059856043431198,0.07049333053565104,0.0653137781181922,False,c4_drift_aware__iid__full_sign_flip__seed48,48,iid,full_sign_flip,c4_drift_aware
11,0.07441407398997062,0.0004658876176433929,0.07683161142668395,0.0653137781181922,False,c4_drift_aware__iid__full_sign_flip__seed48,48,iid,full_sign_flip,c4_drift_aware
12,0.08646284958969998,0.001268942180268351,0.09304751745733048,0.0653137781181922,False,c4_drift_aware__iid__full_sign_flip__seed48,48,iid,full_sign_flip,c4_drift_aware
13,0.10351995807235148,0.0014643436259330345,0.11111858358168059,0.0653137781181922,False,c4_drift_aware__iid__full_sign_flip__seed48,48,iid,full_sign_flip,c4_drift_aware
14,0.11696917462878767,0.0021085545058967953,0.12791067481533674,0.0653137781181922,False,c4_drift_aware__iid__full_sign_flip__seed48,48,iid,full_sign_flip,c4_drift_aware
15,0.1364136512968062,0.003756097982808071,0.15590441933939556,0.0653137781181922,False,c4_drift_aware__iid__full_sign_flip__seed48,48,iid,full_sign_flip,c4_drift_aware
16,0.1415241412060785,0.0015407435712384565,0.149519213671592,0.0653137781181922,False,c4_drift_aware__iid__full_sign_flip__seed48,48,iid,full_sign_flip,c4_drift_aware
17,0.14422405127276627,0.001363571415320619,0.1512997597040065,0.0653137781181922,False,c4_drift_aware__iid__full_sign_flip__seed48,48,iid,full_sign_flip,c4_drift_aware
18,0.13580564668200482,0.0010216098815128694,0.14110688251816325,0.0653137781181922,False,c4_drift_aware__iid__full_sign_flip__seed48,48,iid,full_sign_flip,c4_drift_aware
19,0.12883997018610197,0.002358635662426667,0.14107916650200017,0.0653137781181922,False,c4_drift_aware__iid__full_sign_flip__seed48,48,iid,full_sign_flip,c4_drift_aware
20,0.13405085252246265,0.0007510556793750012,0.13794815554830747,0.0653137781181922,False,c4_drift_aware__iid__full_sign_flip__seed48,48,iid,full_sign_flip,c4_drift_aware
21,0.13350355640328476,0.00018983224456012304,0.1344886149035317,0.0653137781181922,False,c4_drift_aware__iid__full_sign_flip__seed48,48,iid,full_sign_flip,c4_drift_aware
22,0.13440171978758095,0.002238627619041117,0.1460181823655472,0.0653137781181922,False,c4_drift_aware__iid__full_sign_flip__seed48,48,iid,full_sign_flip,c4_drift_aware
23,0.1296922001904172,0.0017823739364834779,0.1389411167842236,0.0653137781181922,False,c4_drift_aware__iid__full_sign_flip__seed48,48,iid,full_sign_flip,c4_drift_aware
24,0.11979864195626026,0.003100342045520524,0.13588662686467082,0.0653137781181922,False,c4_drift_aware__iid__full_sign_flip__seed48,48,iid,full_sign_flip,c4_drift_aware
0,0.08063176037766999,0.0035849735764877655,0.09923454676342265,0.0653137781181922,False,c4_drift_aware__iid__low_norm__seed48,48,iid,low_norm,c4_drift_aware
1,0.05497130952635242,0.00345523583524511,0.07290087379902283,0.0653137781181922,False,c4_drift_aware__iid__low_norm__seed48,48,iid,low_norm,c4_drift_aware
2,0.044418666609579355,0.0014982427017539782,0.05219319781325092,0.0653137781181922,False,c4_drift_aware__iid__low_norm__seed48,48,iid,low_norm,c4_drift_aware
3,0.03908636869780328,0.00017561538384153197,0.03999765448609537,0.0653137781181922,False,c4_drift_aware__iid__low_norm__seed48,48,iid,low_norm,c4_drift_aware
4,0.03761286242662346,0.0012518682058576328,0.044108931733639306,0.0653137781181922,False,c4_drift_aware__iid__low_norm__seed48,48,iid,low_norm,c4_drift_aware
5,0.037633651911213165,0.0015736135820311192,0.045799290149730845,0.0653137781181922,False,c4_drift_aware__iid__low_norm__seed48,48,iid,low_norm,c4_drift_aware
6,0.04188803367125201,0.000867875198751672,0.04639152486509431,0.0653137781181922,False,c4_drift_aware__iid__low_norm__seed48,48,iid,low_norm,c4_drift_aware
7,0.04556073892624222,0.0005422989774489587,0.04837478255012261,0.0653137781181922,False,c4_drift_aware__iid__low_norm__seed48,48,iid,low_norm,c4_drift_aware
8,0.04887586727085979,0.0009386250704875032,0.05374648662412649,0.0653137781181922,False,c4_drift_aware__iid__low_norm__seed48,48,iid,low_norm,c4_drift_aware
9,0.05628216990112096,0.0006831432864319795,0.059827068728745145,0.0653137781181922,False,c4_drift_aware__iid__low_norm__seed48,48,iid,low_norm,c4_drift_aware
10,0.0624178246264652,0.001315108633285815,0.06924205483544862,0.0653137781181922,False,c4_drift_aware__iid__low_norm__seed48,48,iid,low_norm,c4_drift_aware
11,0.07239427929742899,0.0004831243580147859,0.07490125990360351,0.0653137781181922,False,c4_drift_aware__iid__low_norm__seed48,48,iid,low_norm,c4_drift_aware
12,0.0802881038634275,0.0010544308726426893,0.08575965110465768,0.0653137781181922,False,c4_drift_aware__iid__low_norm__seed48,48,iid,low_norm,c4_drift_aware
13,0.09398521881483884,0.0014233854752020575,0.10137130838420984,0.0653137781181922,False,c4_drift_aware__iid__low_norm__seed48,48,iid,low_norm,c4_drift_aware
14,0.10375294052076338,0.0016255500800502615,0.11218808244115219,0.0653137781181922,False,c4_drift_aware__iid__low_norm__seed48,48,iid,low_norm,c4_drift_aware
15,0.11864243306536874,0.002935254476226626,0.13387376206795631,0.0653137781181922,False,c4_drift_aware__iid__low_norm__seed48,48,iid,low_norm,c4_drift_aware
16,0.1302785733880652,0.0015921513838529355,0.13854040613401647,0.0653137781181922,False,c4_drift_aware__iid__low_norm__seed48,48,iid,low_norm,c4_drift_aware
17,0.1429748430808996,0.0008761492193442022,0.14752126899499862,0.0653137781181922,False,c4_drift_aware__iid__low_norm__seed48,48,iid,low_norm,c4_drift_aware
18,0.14573175228845325,0.003535732055451324,0.16407901949739573,0.0653137781181922,False,c4_drift_aware__iid__low_norm__seed48,48,iid,low_norm,c4_drift_aware
19,0.14253920567441375,0.0014878231343559423,0.15025966870090016,0.0653137781181922,False,c4_drift_aware__iid__low_norm__seed48,48,iid,low_norm,c4_drift_aware
20,0.13256993448866058,0.004381714302424261,0.1553070881753703,0.0653137781181922,False,c4_drift_aware__iid__low_norm__seed48,48,iid,low_norm,c4_drift_aware
21,0.1294075389616526,0.0006926015048266121,0.13300151743034838,0.0653137781181922,False,c4_drift_aware__iid__low_norm__seed48,48,iid,low_norm,c4_drift_aware
22,0.13172597933133082,0.0019490766794645897,0.14183993312874052,0.0653137781181922,False,c4_drift_aware__iid__low_norm__seed48,48,iid,low_norm,c4_drift_aware
23,0.13524744133060335,0.0032317237385244557,0.1520171789821806,0.0653137781181922,False,c4_drift_aware__iid__low_norm__seed48,48,iid,low_norm,c4_drift_aware
24,0.13226317719791714,0.0041717126720109965,0.1539106114242494,0.0653137781181922,False,c4_drift_aware__iid__low_norm__seed48,48,iid,low_norm,c4_drift_aware
0,0.07684920017991428,0.001831258148568396,0.08635178183865055,0.0653137781181922,False,c4_drift_aware__iid__no_attack__seed49,49,iid,no_attack,c4_drift_aware
1,0.04825159545525417,0.002027110561044085,0.05877047486756803,0.0653137781181922,False,c4_drift_aware__iid__no_attack__seed49,49,iid,no_attack,c4_drift_aware
2,0.03632280132166201,0.00304110636905678,0.05210340638133455,0.0653137781181922,False,c4_drift_aware__iid__no_attack__seed49,49,iid,no_attack,c4_drift_aware
3,0.02954952276485368,0.0013474851978907305,0.03654175820522847,0.0653137781181922,False,c4_drift_aware__iid__no_attack__seed49,49,iid,no_attack,c4_drift_aware
4,0.030349795798281818,0.001659318544986483,0.038960165660071176,0.0653137781181922,False,c4_drift_aware__iid__no_attack__seed49,49,iid,no_attack,c4_drift_aware
5,0.03322133061720196,0.001365606303767218,0.040307598288080435,0.0653137781181922,False,c4_drift_aware__iid__no_attack__seed49,49,iid,no_attack,c4_drift_aware
6,0.034501129265813474,0.00020877269720120245,0.03558447166886023,0.0653137781181922,False,c4_drift_aware__iid__no_attack__seed49,49,iid,no_attack,c4_drift_aware
7,0.03736118493944733,0.0005707844969191495,0.040323042772410486,0.0653137781181922,False,c4_drift_aware__iid__no_attack__seed49,49,iid,no_attack,c4_drift_aware
8,0.041952012405224184,0.00028665093771374633,0.04343947278611458,0.0653137781181922,False,c4_drift_aware__iid__no_attack__seed49,49,iid,no_attack,c4_drift_aware
9,0.046182154288382515,0.0007688934745023954,0.0501720194169229,0.0653137781181922,False,c4_drift_aware__iid__no_attack__seed49,49,iid,no_attack,c4_drift_aware
10,0.05227715701635764,0.001891861460826448,0.06209421532273216,0.0653137781181922,False,c4_drift_aware__iid__no_attack__seed49,49,iid,no_attack,c4_drift_aware
11,0.0624298906652452,0.0024075782995206865,0.07492305521928799,0.0653137781181922,False,c4_drift_aware__iid__no_attack__seed49,49,iid,no_attack,c4_drift_aware
12,0.07346971353494575,0.0008527376667807202,0.07789465456163758,0.0653137781181922,False,c4_drift_aware__iid__no_attack__seed49,49,iid,no_attack,c4_drift_aware
13,0.09351947139484815,0.004416945601692965,0.1164394438165931,0.0653137781181922,False,c4_drift_aware__iid__no_attack__seed49,49,iid,no_attack,c4_drift_aware
14,0.11464355620055634,0.0020318547167901546,0.12518705351145212,0.0653137781181922,False,c4_drift_aware__iid__no_attack__seed49,49,iid,no_attack,c4_drift_aware
15,0.13930621448842168,0.005748091992352294,0.16913363864593697,0.0653137781181922,False,c4_drift_aware__iid__no_attack__seed49,49,iid,no_attack,c4_drift_aware
16,0.15852381322298434,0.001767709662557626,0.16769663543296212,0.0653137781181922,False,c4_drift_aware__iid__no_attack__seed49,49,iid,no_attack,c4_drift_aware
17,0.15814229210836447,0.005654757928998361,0.18748539647772988,0.0653137781181922,False,c4_drift_aware__iid__no_attack__seed49,49,iid,no_attack,c4_drift_aware
18,0.1363006114099583,0.0022247803049837978,0.14784521889054972,0.0653137781181922,False,c4_drift_aware__iid__no_attack__seed49,49,iid,no_attack,c4_drift_aware
19,0.11978813669484552,0.0028776177939277975,0.13472038318931626,0.0653137781181922,False,c4_drift_aware__iid__no_attack__seed49,49,iid,no_attack,c4_drift_aware
20,0.10672137221432497,0.0017177817369863763,0.11563511342572097,0.0653137781181922,False,c4_drift_aware__iid__no_attack__seed49,49,iid,no_attack,c4_drift_aware
21,0.10277084261337471,0.0013617725793200058,0.10983721670472416,0.0653137781181922,False,c4_drift_aware__iid__no_attack__seed49,49,iid,no_attack,c4_drift_aware
22,0.0984073320451841,0.0017793891604706291,0.10764076033778225,0.0653137781181922,False,c4_drift_aware__iid__no_attack__seed49,49,iid,no_attack,c4_drift_aware
23,0.0985478293227372,0.003214242568873066,0.11522685543687643,0.0653137781181922,False,c4_drift_aware__iid__no_attack__seed49,49,iid,no_attack,c4_drift_aware
24,0.10430726234112918,0.00045065461559291864,0.1066457542069024,0.0653137781181922,False,c4_drift_aware__iid__no_attack__seed49,49,iid,no_attack,c4_drift_aware
0,0.07684924442665417,0.0018312412919628679,0.08635173861477868,0.0653137781181922,False,c4_drift_aware__iid__large_norm__seed49,49,iid,large_norm,c4_drift_aware
1,0.04825484173652966,0.0019448991535065963,0.05834711793399074,0.0653137781181922,False,c4_drift_aware__iid__large_norm__seed49,49,iid,large_norm,c4_drift_aware
2,0.03636334032200186,0.003094456804921236,0.05242078612841865,0.0653137781181922,False,c4_drift_aware__iid__large_norm__seed49,49,iid,large_norm,c4_drift_aware
3,0.029545094974206376,0.001357448906622389,0.036589033095560615,0.0653137781181922,False,c4_drift_aware__iid__large_norm__seed49,49,iid,large_norm,c4_drift_aware
4,0.03036425866428205,0.0016739913685116271,0.03905076727462574,0.0653137781181922,False,c4_drift_aware__iid__large_norm__seed49,49,iid,large_norm,c4_drift_aware
5,0.033211409420264855,0.0013823166799781794,0.040384388904339624,0.0653137781181922,False,c4_drift_aware__iid__large_norm__seed49,49,iid,large_norm,c4_drift_aware
6,0.03449050498199246,0.00020654631606537716,0.0355622944706873,0.0653137781181922,False,c4_drift_aware__iid__large_norm__seed49,49,iid,large_norm,c4_drift_aware
7,0.03736143162710176,0.0005622868250321489,0.04027919419087608,0.0653137781181922,False,c4_drift_aware__iid__large_norm__seed49,49,iid,large_norm,c4_drift_aware
8,0.04195745632270951,0.00028256233447498946,0.04342370053253368,0.0653137781181922,False,c4_drift_aware__iid__large_norm__seed49,49,iid,large_norm,c4_drift_aware
9,0.04619371595000722,0.000784672910404724,0.050265462149388374,0.0653137781181922,False,c4_drift_aware__iid__large_norm__seed49,49,iid,large_norm,c4_drift_aware
10,0.054992103843777895,0.00017927588029083286,0.05592238431419506,0.0653137781181922,False,c4_drift_aware__iid__large_norm__seed49,49,iid,large_norm,c4_drift_aware
11,0.06203165439850631,0.0008194804828458718,0.06628402057204183,0.0653137781181922,False,c4_drift_aware__iid__large_norm__seed49,49,iid,large_norm,c4_drift_aware
12,0.07928822367177342,0.004865784380651134,0.10453726540141021,0.0653137781181922,False,c4_drift_aware__iid__large_norm__seed49,49,iid,large_norm,c4_drift_aware
13,0.09747742311023233,0.0038205712470329445,0.11730274936821099,0.0653137781181922,False,c4_drift_aware__iid__large_norm__seed49,49,iid,large_norm,c4_drift_aware
14,0.12300976447895827,0.0012235976758619566,0.12935913517877354,0.0653137781181922,False,c4_drift_aware__iid__large_norm__seed49,49,iid,large_norm,c4_drift_aware
15,0.14671459182691032,0.002124833897448525,0.15774056740416045,0.0653137781181922,False,c4_drift_aware__iid__large_norm__seed49,49,iid,large_norm,c4_drift_aware
16,0.16503101629916517,0.0066242617080154165,0.19940497272822796,0.0653137781181922,False,c4_drift_aware__iid__large_norm__seed49,49,iid,large_norm,c4_drift_aware
17,0.1646485115410256,0.004087287940013229,0.18585785739054825,0.0653137781181922,False,c4_drift_aware__iid__large_norm__seed49,49,iid,large_norm,c4_drift_aware
18,0.13582873613594537,0.004835936195989293,0.1609228926505534,0.0653137781181922,False,c4_drift_aware__iid__large_norm__seed49,49,iid,large_norm,c4_drift_aware
19,0.119741986681604,0.0018740710720503567,0.1294667288815805,0.0653137781181922,False,c4_drift_aware__iid__large_norm__seed49,49,iid,large_norm,c4_drift_aware
20,0.10834708833915424,0.0014717938715847895,0.11598437391819487,0.0653137781181922,False,c4_drift_aware__iid__large_norm__seed49,49,iid,large_norm,c4_drift_aware
21,0.10217712644769837,0.002245111968584193,0.11382723696387861,0.0653137781181922,False,c4_drift_aware__iid__large_norm__seed49,49,iid,large_norm,c4_drift_aware
22,0.09931091414015611,0.005116411730327966,0.12586048625000096,0.0653137781181922,False,c4_drift_aware__iid__large_norm__seed49,49,iid,large_norm,c4_drift_aware
23,0.10125658766036649,0.003912720645364728,0.1215600863612286,0.0653137781181922,False,c4_drift_aware__iid__large_norm__seed49,49,iid,large_norm,c4_drift_aware
24,0.10565490844971206,0.003919119284637812,0.12599161032962614,0.0653137781181922,False,c4_drift_aware__iid__large_norm__seed49,49,iid,large_norm,c4_drift_aware
0,0.07684918816219512,0.0018312743005486076,0.0863518536351719,0.0653137781181922,False,c4_drift_aware__iid__directional_poisoning__seed49,49,iid,directional_poisoning,c4_drift_aware
1,0.04825159597852473,0.0019477931768070791,0.05835888955229434,0.0653137781181922,False,c4_drift_aware__iid__directional_poisoning__seed49,49,iid,directional_poisoning,c4_drift_aware
2,0.036336793055055626,0.003037875532613872,0.052100632981342265,0.0653137781181922,False,c4_drift_aware__iid__directional_poisoning__seed49,49,iid,directional_poisoning,c4_drift_aware
3,0.029530331341002698,0.001333890075697279,0.036452020332803446,0.0653137781181922,False,c4_drift_aware__iid__directional_poisoning__seed49,49,iid,directional_poisoning,c4_drift_aware
4,0.030358582294851548,0.0016608511357718153,0.03897690492348507,0.0653137781181922,False,c4_drift_aware__iid__directional_poisoning__seed49,49,iid,directional_poisoning,c4_drift_aware
5,0.0332140671839682,0.0013811299478893313,0.04038088859656073,0.0653137781181922,False,c4_drift_aware__iid__directional_poisoning__seed49,49,iid,directional_poisoning,c4_drift_aware
6,0.034474370929002116,0.00018561133229730298,0.03543752669342605,0.0653137781181922,False,c4_drift_aware__iid__directional_poisoning__seed49,49,iid,directional_poisoning,c4_drift_aware
7,0.03738720876750486,0.0005730036075090386,0.04036058178723002,0.0653137781181922,False,c4_drift_aware__iid__directional_poisoning__seed49,49,iid,directional_poisoning,c4_drift_aware
8,0.041946908892662206,0.00028804244302512577,0.04344158993376389,0.0653137781181922,False,c4_drift_aware__iid__directional_poisoning__seed49,49,iid,directional_poisoning,c4_drift_aware
9,0.04619350512021852,0.0007842120694197333,0.050262859969644455,0.0653137781181922,False,c4_drift_aware__iid__directional_poisoning__seed49,49,iid,directional_poisoning,c4_drift_aware
10,0.05226604584290276,0.001893813811087497,0.062093235090016886,0.0653137781181922,False,c4_drift_aware__iid__directional_poisoning__seed49,49,iid,directional_poisoning,c4_drift_aware
11,0.06278083971192601,0.002105660097561357,0.07370732052418165,0.0653137781181922,False,c4_drift_aware__iid__directional_poisoning__seed49,49,iid,directional_poisoning,c4_drift_aware
12,0.07397268167111626,0.0011859777448672282,0.0801268387870068,0.0653137781181922,False,c4_drift_aware__iid__directional_poisoning__seed49,49,iid,directional_poisoning,c4_drift_aware
13,0.09385486905019855,0.004273629982624053,0.11603116239303302,0.0653137781181922,False,c4_drift_aware__iid__directional_poisoning__seed49,49,iid,directional_poisoning,c4_drift_aware
14,0.1156211179617812,0.0020349846127690613,0.12618085661590114,0.0653137781181922,False,c4_drift_aware__iid__directional_poisoning__seed49,49,iid,directional_poisoning,c4_drift_aware
15,0.14023779729408317,0.005589838388447815,0.16924402767557772,0.0653137781181922,False,c4_drift_aware__iid__directional_poisoning__seed49,49,iid,directional_poisoning,c4_drift_aware
16,0.15914470149318705,0.002132923669403236,0.17021265570608737,0.0653137781181922,False,c4_drift_aware__iid__directional_poisoning__seed49,49,iid,directional_poisoning,c4_drift_aware
17,0.15704708476216442,0.005687920049717521,0.18656227069215361,0.0653137781181922,False,c4_drift_aware__iid__directional_poisoning__seed49,49,iid,directional_poisoning,c4_drift_aware
18,0.1348500780505981,0.001368197617413358,0.14194979230711774,0.0653137781181922,False,c4_drift_aware__iid__directional_poisoning__seed49,49,iid,directional_poisoning,c4_drift_aware
19,0.11889356741979551,0.002705851052666172,0.13293449911718555,0.0653137781181922,False,c4_drift_aware__iid__directional_poisoning__seed49,49,iid,directional_poisoning,c4_drift_aware
20,0.10664099760257183,0.0014349462323755974,0.11408707709699203,0.0653137781181922,False,c4_drift_aware__iid__directional_poisoning__seed49,49,iid,directional_poisoning,c4_drift_aware
21,0.10193416030725873,0.0005893004819465947,0.1049920994381278,0.0653137781181922,False,c4_drift_aware__iid__directional_poisoning__seed49,49,iid,directional_poisoning,c4_drift_aware
22,0.09856628102832019,0.0024660953516670303,0.11136309641765557,0.0653137781181922,False,c4_drift_aware__iid__directional_poisoning__seed49,49,iid,directional_poisoning,c4_drift_aware
23,0.09957383386261343,0.002477121019989509,0.11242786254744098,0.0653137781181922,False,c4_drift_aware__iid__directional_poisoning__seed49,49,iid,directional_poisoning,c4_drift_aware
24,0.1051183707812312,0.001714176564969347,0.11401340439451363,0.0653137781181922,False,c4_drift_aware__iid__directional_poisoning__seed49,49,iid,directional_poisoning,c4_drift_aware
0,0.07684918212392573,0.0018312853071103946,0.08635190471105228,0.0653137781181922,False,c4_drift_aware__iid__sparse_coordinate_attack__seed49,49,iid,sparse_coordinate_attack,c4_drift_aware
1,0.04825617934402079,0.0019440256684844018,0.0583439229403532,0.0653137781181922,False,c4_drift_aware__iid__sparse_coordinate_attack__seed49,49,iid,sparse_coordinate_attack,c4_drift_aware
2,0.03633130720030431,0.0030535171389584406,0.05217631298607355,0.0653137781181922,False,c4_drift_aware__iid__sparse_coordinate_attack__seed49,49,iid,sparse_coordinate_attack,c4_drift_aware
3,0.029530228628068603,0.0013336851919422063,0.036450854457575906,0.0653137781181922,False,c4_drift_aware__iid__sparse_coordinate_attack__seed49,49,iid,sparse_coordinate_attack,c4_drift_aware
4,0.0303534055178217,0.0016621115464364976,0.03897826854343533,0.0653137781181922,False,c4_drift_aware__iid__sparse_coordinate_attack__seed49,49,iid,sparse_coordinate_attack,c4_drift_aware
5,0.03321863529248172,0.001378880650734625,0.04037378487720877,0.0653137781181922,False,c4_drift_aware__iid__sparse_coordinate_attack__seed49,49,iid,sparse_coordinate_attack,c4_drift_aware
6,0.0344868517594171,0.00019605377598203022,0.03550419440836545,0.0653137781181922,False,c4_drift_aware__iid__sparse_coordinate_attack__seed49,49,iid,sparse_coordinate_attack,c4_drift_aware
7,0.03736572352337737,0.0005615303210374928,0.04027956051227303,0.0653137781181922,False,c4_drift_aware__iid__sparse_coordinate_attack__seed49,49,iid,sparse_coordinate_attack,c4_drift_aware
8,0.04195676126831752,0.00028252807493843457,0.043422827701980554,0.0653137781181922,False,c4_drift_aware__iid__sparse_coordinate_attack__seed49,49,iid,sparse_coordinate_attack,c4_drift_aware
9,0.04618878202788172,0.0007776568566729772,0.05022412122284347,0.0653137781181922,False,c4_drift_aware__iid__sparse_coordinate_attack__seed49,49,iid,sparse_coordinate_attack,c4_drift_aware
10,0.05554391393532251,0.005016999758538872,0.08157762738235656,0.0653137781181922,False,c4_drift_aware__iid__sparse_coordinate_attack__seed49,49,iid,sparse_coordinate_attack,c4_drift_aware
11,0.06486442179885217,0.0031604384850940775,0.08126425314185384,0.0653137781181922,False,c4_drift_aware__iid__sparse_coordinate_attack__seed49,49,iid,sparse_coordinate_attack,c4_drift_aware
12,0.0761472101287249,0.0024990480432696555,0.08911502033005547,0.0653137781181922,False,c4_drift_aware__iid__sparse_coordinate_attack__seed49,49,iid,sparse_coordinate_attack,c4_drift_aware
13,0.09719358123326513,0.005217134707017609,0.12426581494145021,0.0653137781181922,False,c4_drift_aware__iid__sparse_coordinate_attack__seed49,49,iid,sparse_coordinate_attack,c4_drift_aware
14,0.1224962708873717,0.00794773727796072,0.16373787439643767,0.0653137781181922,False,c4_drift_aware__iid__sparse_coordinate_attack__seed49,49,iid,sparse_coordinate_attack,c4_drift_aware
15,0.14699002717535167,0.0023007463717164556,0.15892883017282552,0.0653137781181922,False,c4_drift_aware__iid__sparse_coordinate_attack__seed49,49,iid,sparse_coordinate_attack,c4_drift_aware
16,0.16608376875210945,0.00593895338007816,0.19690159173667304,0.0653137781181922,False,c4_drift_aware__iid__sparse_coordinate_attack__seed49,49,iid,sparse_coordinate_attack,c4_drift_aware
17,0.15952506549963896,0.0013110745345056019,0.16632836236664197,0.0653137781181922,False,c4_drift_aware__iid__sparse_coordinate_attack__seed49,49,iid,sparse_coordinate_attack,c4_drift_aware
18,0.13849387796411186,0.0033304021534346084,0.15577566777849938,0.0653137781181922,False,c4_drift_aware__iid__sparse_coordinate_attack__seed49,49,iid,sparse_coordinate_attack,c4_drift_aware
19,0.12077333284022325,0.0033009732734394365,0.13790241325342784,0.0653137781181922,False,c4_drift_aware__iid__sparse_coordinate_attack__seed49,49,iid,sparse_coordinate_attack,c4_drift_aware
20,0.11017564468257157,0.002904643719581587,0.12524813140785238,0.0653137781181922,False,c4_drift_aware__iid__sparse_coordinate_attack__seed49,49,iid,sparse_coordinate_attack,c4_drift_aware
21,0.10351471158933331,0.0026671392178308773,0.11735476370457952,0.0653137781181922,False,c4_drift_aware__iid__sparse_coordinate_attack__seed49,49,iid,sparse_coordinate_attack,c4_drift_aware
22,0.10042683025424827,0.004941570818409027,0.12606913538805456,0.0653137781181922,False,c4_drift_aware__iid__sparse_coordinate_attack__seed49,49,iid,sparse_coordinate_attack,c4_drift_aware
23,0.10358356089542876,0.0031122092033730453,0.11973312567265183,0.0653137781181922,False,c4_drift_aware__iid__sparse_coordinate_attack__seed49,49,iid,sparse_coordinate_attack,c4_drift_aware
24,0.10826082577107538,0.0008652068471839136,0.11275047062179742,0.0653137781181922,False,c4_drift_aware__iid__sparse_coordinate_attack__seed49,49,iid,sparse_coordinate_attack,c4_drift_aware
0,0.07684926894086266,0.0018312137164919473,0.08635162003711103,0.0653137781181922,False,c4_drift_aware__iid__full_sign_flip__seed49,49,iid,full_sign_flip,c4_drift_aware
1,0.04825486674750406,0.0020227777648025025,0.05875126284684072,0.0653137781181922,False,c4_drift_aware__iid__full_sign_flip__seed49,49,iid,full_sign_flip,c4_drift_aware
2,0.036364081666259526,0.0030876068292462686,0.05238598226390134,0.0653137781181922,False,c4_drift_aware__iid__full_sign_flip__seed49,49,iid,full_sign_flip,c4_drift_aware
3,0.029546992775882724,0.0013248820594742444,0.036421938270700525,0.0653137781181922,False,c4_drift_aware__iid__full_sign_flip__seed49,49,iid,full_sign_flip,c4_drift_aware
4,0.03035980392093116,0.0016794107541811786,0.039074434265452714,0.0653137781181922,False,c4_drift_aware__iid__full_sign_flip__seed49,49,iid,full_sign_flip,c4_drift_aware
5,0.033219939152808325,0.00137570267969888,0.040358597928033785,0.0653137781181922,False,c4_drift_aware__iid__full_sign_flip__seed49,49,iid,full_sign_flip,c4_drift_aware
6,0.034496250400682764,0.00020722014791033777,0.0355715364702043,0.0653137781181922,False,c4_drift_aware__iid__full_sign_flip__seed49,49,iid,full_sign_flip,c4_drift_aware
7,0.037370141937237145,0.0005436048892106388,0.04019096206784007,0.0653137781181922,False,c4_drift_aware__iid__full_sign_flip__seed49,49,iid,full_sign_flip,c4_drift_aware
8,0.04196074775804052,0.00028557179484735296,0.04344260835868292,0.0653137781181922,False,c4_drift_aware__iid__full_sign_flip__seed49,49,iid,full_sign_flip,c4_drift_aware
9,0.046192809419393764,0.0007802985799316431,0.050241856780517055,0.0653137781181922,False,c4_drift_aware__iid__full_sign_flip__seed49,49,iid,full_sign_flip,c4_drift_aware
10,0.0522784714432918,0.0018865362796329568,0.06206789685193517,0.0653137781181922,False,c4_drift_aware__iid__full_sign_flip__seed49,49,iid,full_sign_flip,c4_drift_aware
11,0.06280704048766961,0.0021058946245213067,0.07373473828377312,0.0653137781181922,False,c4_drift_aware__iid__full_sign_flip__seed49,49,iid,full_sign_flip,c4_drift_aware
12,0.07400369183359325,0.001169179774276663,0.08007068260029228,0.0653137781181922,False,c4_drift_aware__iid__full_sign_flip__seed49,49,iid,full_sign_flip,c4_drift_aware
13,0.09393168539111177,0.004238446665697518,0.11592540898408275,0.0653137781181922,False,c4_drift_aware__iid__full_sign_flip__seed49,49,iid,full_sign_flip,c4_drift_aware
14,0.11567617551487434,0.002058322732881146,0.1263570180080679,0.0653137781181922,False,c4_drift_aware__iid__full_sign_flip__seed49,49,iid,full_sign_flip,c4_drift_aware
15,0.14028454052293074,0.005618495452710814,0.16943947527659242,0.0653137781181922,False,c4_drift_aware__iid__full_sign_flip__seed49,49,iid,full_sign_flip,c4_drift_aware
16,0.1591590143023658,0.0021427008483536902,0.17027770327455793,0.0653137781181922,False,c4_drift_aware__iid__full_sign_flip__seed49,49,iid,full_sign_flip,c4_drift_aware
17,0.15701680514996003,0.005670533160221591,0.18644176877166588,0.0653137781181922,False,c4_drift_aware__iid__full_sign_flip__seed49,49,iid,full_sign_flip,c4_drift_aware
18,0.13480594311071523,0.0013452514197161425,0.14178658725276427,0.0653137781181922,False,c4_drift_aware__iid__full_sign_flip__seed49,49,iid,full_sign_flip,c4_drift_aware
19,0.11889027771062832,0.0027110655519892723,0.13295826796645585,0.0653137781181922,False,c4_drift_aware__iid__full_sign_flip__seed49,49,iid,full_sign_flip,c4_drift_aware
20,0.1067745696734038,0.0012966641494579628,0.11350308961135612,0.0653137781181922,False,c4_drift_aware__iid__full_sign_flip__seed49,49,iid,full_sign_flip,c4_drift_aware
21,0.10193846859855914,0.0005253459090526352,0.10466454105522417,0.0653137781181922,False,c4_drift_aware__iid__full_sign_flip__seed49,49,iid,full_sign_flip,c4_drift_aware
22,0.09854601288801866,0.002375436637577666,0.11087239114407292,0.0653137781181922,False,c4_drift_aware__iid__full_sign_flip__seed49,49,iid,full_sign_flip,c4_drift_aware
23,0.0996858284740616,0.002365744944983622,0.11196191556807611,0.0653137781181922,False,c4_drift_aware__iid__full_sign_flip__seed49,49,iid,full_sign_flip,c4_drift_aware
24,0.1050944318871443,0.0017026985030094421,0.1139299046891106,0.0653137781181922,False,c4_drift_aware__iid__full_sign_flip__seed49,49,iid,full_sign_flip,c4_drift_aware
0,0.07684926475548531,0.0018312058664448766,0.08635157511705442,0.0653137781181922,False,c4_drift_aware__iid__low_norm__seed49,49,iid,low_norm,c4_drift_aware
1,0.04826035457530302,0.0020186539909106058,0.05873535199953724,0.0653137781181922,False,c4_drift_aware__iid__low_norm__seed49,49,iid,low_norm,c4_drift_aware
2,0.036347366253681145,0.003068227797119377,0.052268707115713305,0.0653137781181922,False,c4_drift_aware__iid__low_norm__seed49,49,iid,low_norm,c4_drift_aware
3,0.029529077411763388,0.0013303167897390049,0.03643222426539806,0.0653137781181922,False,c4_drift_aware__iid__low_norm__seed49,49,iid,low_norm,c4_drift_aware
4,0.03035660400682671,0.0016583041664378594,0.03896171015688941,0.0653137781181922,False,c4_drift_aware__iid__low_norm__seed49,49,iid,low_norm,c4_drift_aware
5,0.03321422890934719,0.0013832378281641577,0.04039198832347382,0.0653137781181922,False,c4_drift_aware__iid__low_norm__seed49,49,iid,low_norm,c4_drift_aware
6,0.03449439823247723,0.0002034124647541241,0.03554992585333285,0.0653137781181922,False,c4_drift_aware__iid__low_norm__seed49,49,iid,low_norm,c4_drift_aware
7,0.03738294266281267,0.0005399205952078337,0.04018464462340564,0.0653137781181922,False,c4_drift_aware__iid__low_norm__seed49,49,iid,low_norm,c4_drift_aware
8,0.04194765279832493,0.00027711277628372083,0.04338561870573879,0.0653137781181922,False,c4_drift_aware__iid__low_norm__seed49,49,iid,low_norm,c4_drift_aware
9,0.046203421341886555,0.0007996473414848201,0.050352871361585436,0.0653137781181922,False,c4_drift_aware__iid__low_norm__seed49,49,iid,low_norm,c4_drift_aware
10,0.051568541733588685,0.004219819513825246,0.07346560717277927,0.0653137781181922,False,c4_drift_aware__iid__low_norm__seed49,49,iid,low_norm,c4_drift_aware
11,0.060738926202410615,0.0025632660482207484,0.0740399700532329,0.0653137781181922,False,c4_drift_aware__iid__low_norm__seed49,49,iid,low_norm,c4_drift_aware
12,0.06870058236992412,0.0013892798406078266,0.0759096943908222,0.0653137781181922,False,c4_drift_aware__iid__low_norm__seed49,49,iid,low_norm,c4_drift_aware
13,0.08347770259256447,0.0036787120027120396,0.10256690704583751,0.0653137781181922,False,c4_drift_aware__iid__low_norm__seed49,49,iid,low_norm,c4_drift_aware
14,0.09664751339755186,0.00904229505335448,0.1435688866589136,0.0653137781181922,False,c4_drift_aware__iid__low_norm__seed49,49,iid,low_norm,c4_drift_aware
15,0.116746049635086,0.006076050527961618,0.14827528342973162,0.0653137781181922,False,c4_drift_aware__iid__low_norm__seed49,49,iid,low_norm,c4_drift_aware
16,0.13788643421651792,0.006721202313131142,0.17276342513958673,0.0653137781181922,False,c4_drift_aware__iid__low_norm__seed49,49,iid,low_norm,c4_drift_aware
17,0.1578044207092225,0.007896260117749604,0.19877890408623694,0.0653137781181922,False,c4_drift_aware__iid__low_norm__seed49,49,iid,low_norm,c4_drift_aware
18,0.15862770943126892,0.008327241269632996,0.20183859710352148,0.0653137781181922,False,c4_drift_aware__iid__low_norm__seed49,49,iid,low_norm,c4_drift_aware
19,0.1476222666400896,0.006656624937989353,0.18216415910581013,0.0653137781181922,False,c4_drift_aware__iid__low_norm__seed49,49,iid,low_norm,c4_drift_aware
20,0.13320325523326815,0.004820155801771503,0.15821552570424066,0.0653137781181922,False,c4_drift_aware__iid__low_norm__seed49,49,iid,low_norm,c4_drift_aware
21,0.11945488926610659,0.0011140382718424352,0.12523574526252418,0.0653137781181922,False,c4_drift_aware__iid__low_norm__seed49,49,iid,low_norm,c4_drift_aware
22,0.10976268322561124,0.00404099218108514,0.13073179575248015,0.0653137781181922,False,c4_drift_aware__iid__low_norm__seed49,49,iid,low_norm,c4_drift_aware
23,0.1015077198434457,0.002623537596609854,0.1151215187860139,0.0653137781181922,False,c4_drift_aware__iid__low_norm__seed49,49,iid,low_norm,c4_drift_aware
24,0.10006777762057849,0.003388017683573552,0.11764854018241,0.0653137781181922,False,c4_drift_aware__iid__low_norm__seed49,49,iid,low_norm,c4_drift_aware
0,0.2048709937983885,0.05879117134130485,0.5099442610055535,0.3041719383559114,False,c4_drift_aware__dirichlet_a1.0__full_sign_flip__seed42,42,dirichlet_a1.0,full_sign_flip,c4_drift_aware
1,0.3209939262255717,0.05077276600139552,0.5844588862834132,0.3041719383559114,False,c4_drift_aware__dirichlet_a1.0__full_sign_flip__seed42,42,dirichlet_a1.0,full_sign_flip,c4_drift_aware
2,0.31143668605904207,0.03688886181288892,0.5028566788923039,0.3041719383559114,False,c4_drift_aware__dirichlet_a1.0__full_sign_flip__seed42,42,dirichlet_a1.0,full_sign_flip,c4_drift_aware
3,0.283066108701266,0.0072481453907718985,0.3206774599485204,0.3041719383559114,False,c4_drift_aware__dirichlet_a1.0__full_sign_flip__seed42,42,dirichlet_a1.0,full_sign_flip,c4_drift_aware
4,0.2256505574678397,0.024881268351280267,0.3547619470694682,0.3041719383559114,False,c4_drift_aware__dirichlet_a1.0__full_sign_flip__seed42,42,dirichlet_a1.0,full_sign_flip,c4_drift_aware
5,0.2175591836291942,0.007894026286222933,0.2585220754310336,0.3041719383559114,False,c4_drift_aware__dirichlet_a1.0__full_sign_flip__seed42,42,dirichlet_a1.0,full_sign_flip,c4_drift_aware
6,0.19545619370140793,0.01149080965986099,0.2550831541073926,0.3041719383559114,False,c4_drift_aware__dirichlet_a1.0__full_sign_flip__seed42,42,dirichlet_a1.0,full_sign_flip,c4_drift_aware
7,0.18746559067349733,0.007177538324668775,0.22471055479403607,0.3041719383559114,False,c4_drift_aware__dirichlet_a1.0__full_sign_flip__seed42,42,dirichlet_a1.0,full_sign_flip,c4_drift_aware
8,0.18462425000000848,0.002246723875310941,0.19628272486138448,0.3041719383559114,False,c4_drift_aware__dirichlet_a1.0__full_sign_flip__seed42,42,dirichlet_a1.0,full_sign_flip,c4_drift_aware
9,0.17053746536075365,0.011456496617686218,0.2299863719595892,0.3041719383559114,False,c4_drift_aware__dirichlet_a1.0__full_sign_flip__seed42,42,dirichlet_a1.0,full_sign_flip,c4_drift_aware
10,0.16950112276637422,0.012947052722225766,0.23668467404727594,0.3041719383559114,False,c4_drift_aware__dirichlet_a1.0__full_sign_flip__seed42,42,dirichlet_a1.0,full_sign_flip,c4_drift_aware
11,0.1669195073021741,0.023894208141286177,0.2909089427681222,0.3041719383559114,False,c4_drift_aware__dirichlet_a1.0__full_sign_flip__seed42,42,dirichlet_a1.0,full_sign_flip,c4_drift_aware
12,0.14760981697225056,0.017725495775109235,0.2395891870988699,0.3041719383559114,False,c4_drift_aware__dirichlet_a1.0__full_sign_flip__seed42,42,dirichlet_a1.0,full_sign_flip,c4_drift_aware
13,0.16185671571235571,0.02140379817350016,0.2729231648144654,0.3041719383559114,False,c4_drift_aware__dirichlet_a1.0__full_sign_flip__seed42,42,dirichlet_a1.0,full_sign_flip,c4_drift_aware
14,0.1639749917265699,0.027195680492310054,0.305096097369216,0.3041719383559114,False,c4_drift_aware__dirichlet_a1.0__full_sign_flip__seed42,42,dirichlet_a1.0,full_sign_flip,c4_drift_aware
15,0.16026300431790902,0.011220071232909884,0.2184850759526017,0.3041719383559114,False,c4_drift_aware__dirichlet_a1.0__full_sign_flip__seed42,42,dirichlet_a1.0,full_sign_flip,c4_drift_aware
16,0.16214065841070002,0.028561556784239855,0.3103494327197991,0.3041719383559114,False,c4_drift_aware__dirichlet_a1.0__full_sign_flip__seed42,42,dirichlet_a1.0,full_sign_flip,c4_drift_aware
17,0.1777818264661407,0.03220585618575045,0.3449012347996183,0.3041719383559114,False,c4_drift_aware__dirichlet_a1.0__full_sign_flip__seed42,42,dirichlet_a1.0,full_sign_flip,c4_drift_aware
18,0.18615581679157017,0.03693439326324638,0.37781207687388196,0.3041719383559114,False,c4_drift_aware__dirichlet_a1.0__full_sign_flip__seed42,42,dirichlet_a1.0,full_sign_flip,c4_drift_aware
19,0.20204780756033855,0.0511117806679898,0.4672719486246044,0.3041719383559114,False,c4_drift_aware__dirichlet_a1.0__full_sign_flip__seed42,42,dirichlet_a1.0,full_sign_flip,c4_drift_aware
20,0.20441376614586565,0.04235696629649832,0.42420829995502507,0.3041719383559114,False,c4_drift_aware__dirichlet_a1.0__full_sign_flip__seed42,42,dirichlet_a1.0,full_sign_flip,c4_drift_aware
21,0.2050481987601253,0.053615263179541184,0.4832631609250825,0.3041719383559114,False,c4_drift_aware__dirichlet_a1.0__full_sign_flip__seed42,42,dirichlet_a1.0,full_sign_flip,c4_drift_aware
22,0.20282015537055734,0.033715392388192905,0.37777269801212915,0.3041719383559114,False,c4_drift_aware__dirichlet_a1.0__full_sign_flip__seed42,42,dirichlet_a1.0,full_sign_flip,c4_drift_aware
23,0.20528012955017172,0.04814560707562093,0.4551124992262763,0.3041719383559114,False,c4_drift_aware__dirichlet_a1.0__full_sign_flip__seed42,42,dirichlet_a1.0,full_sign_flip,c4_drift_aware
24,0.19411484443268082,0.032767333023660916,0.36414781222575965,0.3041719383559114,False,c4_drift_aware__dirichlet_a1.0__full_sign_flip__seed42,42,dirichlet_a1.0,full_sign_flip,c4_drift_aware
0,0.20486773096100674,0.0587864257964138,0.5099163730611775,0.3041719383559114,False,c4_drift_aware__dirichlet_a1.0__low_norm__seed42,42,dirichlet_a1.0,low_norm,c4_drift_aware
1,0.3209877237893231,0.050773456119816596,0.5844562649406634,0.3041719383559114,False,c4_drift_aware__dirichlet_a1.0__low_norm__seed42,42,dirichlet_a1.0,low_norm,c4_drift_aware
2,0.3114029134345719,0.036928912759387866,0.5030307346343115,0.3041719383559114,False,c4_drift_aware__dirichlet_a1.0__low_norm__seed42,42,dirichlet_a1.0,low_norm,c4_drift_aware
3,0.28306571433066985,0.007230685669452952,0.32058646533802815,0.3041719383559114,False,c4_drift_aware__dirichlet_a1.0__low_norm__seed42,42,dirichlet_a1.0,low_norm,c4_drift_aware
4,0.22570914354217755,0.024748091595294258,0.354129465639319,0.3041719383559114,False,c4_drift_aware__dirichlet_a1.0__low_norm__seed42,42,dirichlet_a1.0,low_norm,c4_drift_aware
5,0.21732589158427934,0.008394605927743215,0.26088634120393167,0.3041719383559114,False,c4_drift_aware__dirichlet_a1.0__low_norm__seed42,42,dirichlet_a1.0,low_norm,c4_drift_aware
6,0.19567317099492063,0.011203018577796403,0.25380675469696395,0.3041719383559114,False,c4_drift_aware__dirichlet_a1.0__low_norm__seed42,42,dirichlet_a1.0,low_norm,c4_drift_aware
7,0.1875195763048323,0.007027450373837951,0.22398571903971481,0.3041719383559114,False,c4_drift_aware__dirichlet_a1.0__low_norm__seed42,42,dirichlet_a1.0,low_norm,c4_drift_aware
8,0.18449133933495035,0.00247590977090803,0.1973390827271692,0.3041719383559114,False,c4_drift_aware__dirichlet_a1.0__low_norm__seed42,42,dirichlet_a1.0,low_norm,c4_drift_aware
9,0.17063812215274632,0.011565133235629549,0.2306507550257516,0.3041719383559114,False,c4_drift_aware__dirichlet_a1.0__low_norm__seed42,42,dirichlet_a1.0,low_norm,c4_drift_aware
10,0.1423634536430678,0.02726738886424568,0.28385666119852504,0.3041719383559114,False,c4_drift_aware__dirichlet_a1.0__low_norm__seed42,42,dirichlet_a1.0,low_norm,c4_drift_aware
11,0.13208040115279265,0.034277489297675656,0.3099497208673614,0.3041719383559114,False,c4_drift_aware__dirichlet_a1.0__low_norm__seed42,42,dirichlet_a1.0,low_norm,c4_drift_aware
12,0.14034732456877738,0.012531949204580145,0.20537686218626422,0.3041719383559114,False,c4_drift_aware__dirichlet_a1.0__low_norm__seed42,42,dirichlet_a1.0,low_norm,c4_drift_aware
13,0.14033811415479852,0.020630123424376368,0.24738988761622993,0.3041719383559114,False,c4_drift_aware__dirichlet_a1.0__low_norm__seed42,42,dirichlet_a1.0,low_norm,c4_drift_aware
14,0.1347895679561145,0.02927667224284025,0.28670914789143687,0.3041719383559114,False,c4_drift_aware__dirichlet_a1.0__low_norm__seed42,42,dirichlet_a1.0,low_norm,c4_drift_aware
15,0.1447057242440301,0.01164254213233945,0.20512003962295275,0.3041719383559114,False,c4_drift_aware__dirichlet_a1.0__low_norm__seed42,42,dirichlet_a1.0,low_norm,c4_drift_aware
16,0.1540570454886465,0.030127333544584134,0.310390791984848,0.3041719383559114,False,c4_drift_aware__dirichlet_a1.0__low_norm__seed42,42,dirichlet_a1.0,low_norm,c4_drift_aware
17,0.14631681636359053,0.02061629248410024,0.2532968196928351,0.3041719383559114,False,c4_drift_aware__dirichlet_a1.0__low_norm__seed42,42,dirichlet_a1.0,low_norm,c4_drift_aware
18,0.15149966276967528,0.024269232083233505,0.27743513497278227,0.3041719383559114,False,c4_drift_aware__dirichlet_a1.0__low_norm__seed42,42,dirichlet_a1.0,low_norm,c4_drift_aware
19,0.1345945989420974,0.04945224221976824,0.3912072290446968,0.3041719383559114,False,c4_drift_aware__dirichlet_a1.0__low_norm__seed42,42,dirichlet_a1.0,low_norm,c4_drift_aware
20,0.15203493407914292,0.04295063526138174,0.3749100755139789,0.3041719383559114,False,c4_drift_aware__dirichlet_a1.0__low_norm__seed42,42,dirichlet_a1.0,low_norm,c4_drift_aware
21,0.14992102465414853,0.053585664004122485,0.4279823937379405,0.3041719383559114,False,c4_drift_aware__dirichlet_a1.0__low_norm__seed42,42,dirichlet_a1.0,low_norm,c4_drift_aware
22,0.15717538469967346,0.04787567895210468,0.40560707035003984,0.3041719383559114,False,c4_drift_aware__dirichlet_a1.0__low_norm__seed42,42,dirichlet_a1.0,low_norm,c4_drift_aware
23,0.15126854142275054,0.05750443416186038,0.4496648007320602,0.3041719383559114,False,c4_drift_aware__dirichlet_a1.0__low_norm__seed42,42,dirichlet_a1.0,low_norm,c4_drift_aware
24,0.15949859466387767,0.039503881603217744,0.36448818669113486,0.3041719383559114,False,c4_drift_aware__dirichlet_a1.0__low_norm__seed42,42,dirichlet_a1.0,low_norm,c4_drift_aware
0,0.24619896160808002,0.051848569443302184,0.5152463733063194,0.3041719383559114,False,c4_drift_aware__dirichlet_a1.0__full_sign_flip__seed43,43,dirichlet_a1.0,full_sign_flip,c4_drift_aware
1,0.3068974977784134,0.040111881751674905,0.5150420633760296,0.3041719383559114,False,c4_drift_aware__dirichlet_a1.0__full_sign_flip__seed43,43,dirichlet_a1.0,full_sign_flip,c4_drift_aware
2,0.2523777613042906,0.0218409983372696,0.3657128857762163,0.3041719383559114,False,c4_drift_aware__dirichlet_a1.0__full_sign_flip__seed43,43,dirichlet_a1.0,full_sign_flip,c4_drift_aware
3,0.20022814638190145,0.020603241385153986,0.307140426253604,0.3041719383559114,False,c4_drift_aware__dirichlet_a1.0__full_sign_flip__seed43,43,dirichlet_a1.0,full_sign_flip,c4_drift_aware
4,0.1924386189657324,0.023746158369575998,0.3156598093612992,0.3041719383559114,False,c4_drift_aware__dirichlet_a1.0__full_sign_flip__seed43,43,dirichlet_a1.0,full_sign_flip,c4_drift_aware
5,0.1797535669390577,0.01064815326827051,0.2350078990634402,0.3041719383559114,False,c4_drift_aware__dirichlet_a1.0__full_sign_flip__seed43,43,dirichlet_a1.0,full_sign_flip,c4_drift_aware
6,0.16991255111270662,0.006007382567199571,0.2010854599921619,0.3041719383559114,False,c4_drift_aware__dirichlet_a1.0__full_sign_flip__seed43,43,dirichlet_a1.0,full_sign_flip,c4_drift_aware
7,0.15197894204908735,0.03461976621435983,0.33162437091202196,0.3041719383559114,False,c4_drift_aware__dirichlet_a1.0__full_sign_flip__seed43,43,dirichlet_a1.0,full_sign_flip,c4_drift_aware
8,0.17689898192392228,0.017750259916296807,0.269006855655578,0.3041719383559114,False,c4_drift_aware__dirichlet_a1.0__full_sign_flip__seed43,43,dirichlet_a1.0,full_sign_flip,c4_drift_aware
9,0.17330786945827534,0.0373522460009367,0.36713240918173595,0.3041719383559114,False,c4_drift_aware__dirichlet_a1.0__full_sign_flip__seed43,43,dirichlet_a1.0,full_sign_flip,c4_drift_aware
10,0.16916356475630637,0.04910311302817308,0.42396452857079925,0.3041719383559114,False,c4_drift_aware__dirichlet_a1.0__full_sign_flip__seed43,43,dirichlet_a1.0,full_sign_flip,c4_drift_aware
11,0.21974543886210984,0.03800687759036325,0.4169669273662638,0.3041719383559114,False,c4_drift_aware__dirichlet_a1.0__full_sign_flip__seed43,43,dirichlet_a1.0,full_sign_flip,c4_drift_aware
12,0.21684553210669497,0.025923149514303356,0.35136334725136653,0.3041719383559114,False,c4_drift_aware__dirichlet_a1.0__full_sign_flip__seed43,43,dirichlet_a1.0,full_sign_flip,c4_drift_aware
13,0.2264185470017382,0.026537500276240966,0.3641242896851802,0.3041719383559114,False,c4_drift_aware__dirichlet_a1.0__full_sign_flip__seed43,43,dirichlet_a1.0,full_sign_flip,c4_drift_aware
14,0.20463672748533873,0.028463026436071237,0.35233421796475595,0.3041719383559114,False,c4_drift_aware__dirichlet_a1.0__full_sign_flip__seed43,43,dirichlet_a1.0,full_sign_flip,c4_drift_aware
15,0.18215476016820115,0.04314566797126579,0.40604194583789643,0.3041719383559114,False,c4_drift_aware__dirichlet_a1.0__full_sign_flip__seed43,43,dirichlet_a1.0,full_sign_flip,c4_drift_aware
16,0.1839246709150764,0.033894513836589785,0.3598066926645245,0.3041719383559114,False,c4_drift_aware__dirichlet_a1.0__full_sign_flip__seed43,43,dirichlet_a1.0,full_sign_flip,c4_drift_aware
17,0.1951470001284421,0.010336803633016145,0.24878570786052617,0.3041719383559114,False,c4_drift_aware__dirichlet_a1.0__full_sign_flip__seed43,43,dirichlet_a1.0,full_sign_flip,c4_drift_aware
18,0.20636537236093672,0.021404536887768943,0.31743565472525853,0.3041719383559114,False,c4_drift_aware__dirichlet_a1.0__full_sign_flip__seed43,43,dirichlet_a1.0,full_sign_flip,c4_drift_aware
19,0.19908471383179635,0.021704319739858424,0.31171059939389567,0.3041719383559114,False,c4_drift_aware__dirichlet_a1.0__full_sign_flip__seed43,43,dirichlet_a1.0,full_sign_flip,c4_drift_aware
20,0.1834670840343769,0.008143932927896447,0.22572676639052436,0.3041719383559114,False,c4_drift_aware__dirichlet_a1.0__full_sign_flip__seed43,43,dirichlet_a1.0,full_sign_flip,c4_drift_aware
21,0.1946011166126666,0.029020591487839337,0.3451918679022137,0.3041719383559114,False,c4_drift_aware__dirichlet_a1.0__full_sign_flip__seed43,43,dirichlet_a1.0,full_sign_flip,c4_drift_aware
22,0.1860579094105683,0.02239230234540604,0.3022538055111148,0.3041719383559114,False,c4_drift_aware__dirichlet_a1.0__full_sign_flip__seed43,43,dirichlet_a1.0,full_sign_flip,c4_drift_aware
23,0.16726873152571534,0.016080825450879077,0.25071374287287196,0.3041719383559114,False,c4_drift_aware__dirichlet_a1.0__full_sign_flip__seed43,43,dirichlet_a1.0,full_sign_flip,c4_drift_aware
24,0.16319985937969916,0.015343137316227773,0.24281693322733672,0.3041719383559114,False,c4_drift_aware__dirichlet_a1.0__full_sign_flip__seed43,43,dirichlet_a1.0,full_sign_flip,c4_drift_aware
0,0.2461989518779216,0.051848577342702706,0.5152464045669402,0.3041719383559114,False,c4_drift_aware__dirichlet_a1.0__low_norm__seed43,43,dirichlet_a1.0,low_norm,c4_drift_aware
1,0.30698190523950797,0.040012388838134794,0.5146101921594732,0.3041719383559114,False,c4_drift_aware__dirichlet_a1.0__low_norm__seed43,43,dirichlet_a1.0,low_norm,c4_drift_aware
2,0.2523500059292154,0.021737867322764393,0.36514997325377213,0.3041719383559114,False,c4_drift_aware__dirichlet_a1.0__low_norm__seed43,43,dirichlet_a1.0,low_norm,c4_drift_aware
3,0.2001804103705321,0.020474477923964396,0.3064245237657758,0.3041719383559114,False,c4_drift_aware__dirichlet_a1.0__low_norm__seed43,43,dirichlet_a1.0,low_norm,c4_drift_aware
4,0.19237998939476925,0.02397871546704325,0.3168079418248034,0.3041719383559114,False,c4_drift_aware__dirichlet_a1.0__low_norm__seed43,43,dirichlet_a1.0,low_norm,c4_drift_aware
5,0.1794930654580678,0.010789528443882118,0.2354810075062165,0.3041719383559114,False,c4_drift_aware__dirichlet_a1.0__low_norm__seed43,43,dirichlet_a1.0,low_norm,c4_drift_aware
6,0.16999617910945844,0.00623111193455364,0.20233004204905072,0.3041719383559114,False,c4_drift_aware__dirichlet_a1.0__low_norm__seed43,43,dirichlet_a1.0,low_norm,c4_drift_aware
7,0.15185433676612034,0.0346886844118994,0.3318573890479075,0.3041719383559114,False,c4_drift_aware__dirichlet_a1.0__low_norm__seed43,43,dirichlet_a1.0,low_norm,c4_drift_aware
8,0.17674886084854302,0.017581279027033242,0.2679798758477212,0.3041719383559114,False,c4_drift_aware__dirichlet_a1.0__low_norm__seed43,43,dirichlet_a1.0,low_norm,c4_drift_aware
9,0.1728489129563893,0.03761046856999942,0.3680133954129733,0.3041719383559114,False,c4_drift_aware__dirichlet_a1.0__low_norm__seed43,43,dirichlet_a1.0,low_norm,c4_drift_aware
10,0.1573337302770744,0.06088464854448264,0.4732702600392492,0.3041719383559114,False,c4_drift_aware__dirichlet_a1.0__low_norm__seed43,43,dirichlet_a1.0,low_norm,c4_drift_aware
11,0.14371852314882544,0.08154671089550694,0.5668725606567004,0.3041719383559114,False,c4_drift_aware__dirichlet_a1.0__low_norm__seed43,43,dirichlet_a1.0,low_norm,c4_drift_aware
12,0.1547469101934443,0.06212553295070533,0.4771225132279493,0.3041719383559114,False,c4_drift_aware__dirichlet_a1.0__low_norm__seed43,43,dirichlet_a1.0,low_norm,c4_drift_aware
13,0.15265836661567458,0.0678259903468181,0.5046142131243484,0.3041719383559114,False,c4_drift_aware__dirichlet_a1.0__low_norm__seed43,43,dirichlet_a1.0,low_norm,c4_drift_aware
14,0.17230697090209632,0.042450925996256134,0.392589070989269,0.3041719383559114,False,c4_drift_aware__dirichlet_a1.0__low_norm__seed43,43,dirichlet_a1.0,low_norm,c4_drift_aware
15,0.1626088165293447,0.03634223909796458,0.3511923294325927,0.3041719383559114,False,c4_drift_aware__dirichlet_a1.0__low_norm__seed43,43,dirichlet_a1.0,low_norm,c4_drift_aware
16,0.17274310784852745,0.03510641115627414,0.3549137859795496,0.3041719383559114,False,c4_drift_aware__dirichlet_a1.0__low_norm__seed43,43,dirichlet_a1.0,low_norm,c4_drift_aware
17,0.17933467484489185,0.02971023215650964,0.333504040528236,0.3041719383559114,False,c4_drift_aware__dirichlet_a1.0__low_norm__seed43,43,dirichlet_a1.0,low_norm,c4_drift_aware
18,0.18852228379410785,0.03210379691254919,0.3551120963530169,0.3041719383559114,False,c4_drift_aware__dirichlet_a1.0__low_norm__seed43,43,dirichlet_a1.0,low_norm,c4_drift_aware
19,0.17751279366826292,0.02646179554317102,0.31482569692133167,0.3041719383559114,False,c4_drift_aware__dirichlet_a1.0__low_norm__seed43,43,dirichlet_a1.0,low_norm,c4_drift_aware
20,0.18636959913132065,0.01953371716586111,0.28773201087669054,0.3041719383559114,False,c4_drift_aware__dirichlet_a1.0__low_norm__seed43,43,dirichlet_a1.0,low_norm,c4_drift_aware
21,0.19191311840844255,0.024276696618751453,0.3178873248328057,0.3041719383559114,False,c4_drift_aware__dirichlet_a1.0__low_norm__seed43,43,dirichlet_a1.0,low_norm,c4_drift_aware
22,0.1874442618405635,0.01243869954012608,0.25198991762423173,0.3041719383559114,False,c4_drift_aware__dirichlet_a1.0__low_norm__seed43,43,dirichlet_a1.0,low_norm,c4_drift_aware
23,0.17855635750073642,0.007444176748451686,0.21718493506612707,0.3041719383559114,False,c4_drift_aware__dirichlet_a1.0__low_norm__seed43,43,dirichlet_a1.0,low_norm,c4_drift_aware
24,0.17093108403619892,0.016225305179083688,0.2551258151409821,0.3041719383559114,False,c4_drift_aware__dirichlet_a1.0__low_norm__seed43,43,dirichlet_a1.0,low_norm,c4_drift_aware
0,0.3233551427771331,0.0311440856384137,0.48496491756342563,0.3041719383559114,False,c4_drift_aware__dirichlet_a1.0__full_sign_flip__seed44,44,dirichlet_a1.0,full_sign_flip,c4_drift_aware
1,0.27578097397507667,0.03255118601901491,0.44469233334634695,0.3041719383559114,False,c4_drift_aware__dirichlet_a1.0__full_sign_flip__seed44,44,dirichlet_a1.0,full_sign_flip,c4_drift_aware
2,0.2394433241927289,0.018605824850105007,0.3359908099224088,0.3041719383559114,False,c4_drift_aware__dirichlet_a1.0__full_sign_flip__seed44,44,dirichlet_a1.0,full_sign_flip,c4_drift_aware
3,0.2146302544954053,0.030563604207054507,0.37322785308623185,0.3041719383559114,False,c4_drift_aware__dirichlet_a1.0__full_sign_flip__seed44,44,dirichlet_a1.0,full_sign_flip,c4_drift_aware
4,0.21120117733450938,0.010839965935721063,0.26745084457155954,0.3041719383559114,False,c4_drift_aware__dirichlet_a1.0__full_sign_flip__seed44,44,dirichlet_a1.0,full_sign_flip,c4_drift_aware
5,0.1856018344218554,0.016765313283797628,0.2725987215828097,0.3041719383559114,False,c4_drift_aware__dirichlet_a1.0__full_sign_flip__seed44,44,dirichlet_a1.0,full_sign_flip,c4_drift_aware
6,0.1794254374212795,0.013100543647028229,0.2474054684600737,0.3041719383559114,False,c4_drift_aware__dirichlet_a1.0__full_sign_flip__seed44,44,dirichlet_a1.0,full_sign_flip,c4_drift_aware
7,0.17602462815496436,0.01793762175909322,0.269104741225075,0.3041719383559114,False,c4_drift_aware__dirichlet_a1.0__full_sign_flip__seed44,44,dirichlet_a1.0,full_sign_flip,c4_drift_aware
8,0.1836342175874094,0.006966066096939366,0.21978183117103745,0.3041719383559114,False,c4_drift_aware__dirichlet_a1.0__full_sign_flip__seed44,44,dirichlet_a1.0,full_sign_flip,c4_drift_aware
9,0.17449596454920754,0.01981052624863014,0.2772947663059742,0.3041719383559114,False,c4_drift_aware__dirichlet_a1.0__full_sign_flip__seed44,44,dirichlet_a1.0,full_sign_flip,c4_drift_aware
10,0.1790830705183525,0.009788815659574734,0.22987821385745177,0.3041719383559114,False,c4_drift_aware__dirichlet_a1.0__full_sign_flip__seed44,44,dirichlet_a1.0,full_sign_flip,c4_drift_aware
11,0.1907719501470931,0.015490964017579184,0.2711561115307133,0.3041719383559114,False,c4_drift_aware__dirichlet_a1.0__full_sign_flip__seed44,44,dirichlet_a1.0,full_sign_flip,c4_drift_aware
12,0.190729296868911,0.017953533168339503,0.2838919758327415,0.3041719383559114,False,c4_drift_aware__dirichlet_a1.0__full_sign_flip__seed44,44,dirichlet_a1.0,full_sign_flip,c4_drift_aware
13,0.21600603123282464,0.012474713756674999,0.2807385683875869,0.3041719383559114,False,c4_drift_aware__dirichlet_a1.0__full_sign_flip__seed44,44,dirichlet_a1.0,full_sign_flip,c4_drift_aware
14,0.2271985006566869,0.02262297226922516,0.34459136605892315,0.3041719383559114,False,c4_drift_aware__dirichlet_a1.0__full_sign_flip__seed44,44,dirichlet_a1.0,full_sign_flip,c4_drift_aware
15,0.22100004264869746,0.02886494283039623,0.37078311748990656,0.3041719383559114,False,c4_drift_aware__dirichlet_a1.0__full_sign_flip__seed44,44,dirichlet_a1.0,full_sign_flip,c4_drift_aware
16,0.21374584941719416,0.01755216341381846,0.30482578058783955,0.3041719383559114,False,c4_drift_aware__dirichlet_a1.0__full_sign_flip__seed44,44,dirichlet_a1.0,full_sign_flip,c4_drift_aware
17,0.22728132358410447,0.024636093340994147,0.3551204755398572,0.3041719383559114,False,c4_drift_aware__dirichlet_a1.0__full_sign_flip__seed44,44,dirichlet_a1.0,full_sign_flip,c4_drift_aware
18,0.22357257529822358,0.018616786978794153,0.32017694460988433,0.3041719383559114,False,c4_drift_aware__dirichlet_a1.0__full_sign_flip__seed44,44,dirichlet_a1.0,full_sign_flip,c4_drift_aware
19,0.22577362204746562,0.018102366615976945,0.31970861265443157,0.3041719383559114,False,c4_drift_aware__dirichlet_a1.0__full_sign_flip__seed44,44,dirichlet_a1.0,full_sign_flip,c4_drift_aware
20,0.22154178936580263,0.009506323782488668,0.2708710541055146,0.3041719383559114,False,c4_drift_aware__dirichlet_a1.0__full_sign_flip__seed44,44,dirichlet_a1.0,full_sign_flip,c4_drift_aware
21,0.2038521559626988,0.010997734709405793,0.26092050114327636,0.3041719383559114,False,c4_drift_aware__dirichlet_a1.0__full_sign_flip__seed44,44,dirichlet_a1.0,full_sign_flip,c4_drift_aware
22,0.21170008838729268,0.019842558740497396,0.3146651099476077,0.3041719383559114,False,c4_drift_aware__dirichlet_a1.0__full_sign_flip__seed44,44,dirichlet_a1.0,full_sign_flip,c4_drift_aware
23,0.19502395564838068,0.019107880632089125,0.29417665903635437,0.3041719383559114,False,c4_drift_aware__dirichlet_a1.0__full_sign_flip__seed44,44,dirichlet_a1.0,full_sign_flip,c4_drift_aware
24,0.18975070654437703,0.01182152687832122,0.2510937916686737,0.3041719383559114,False,c4_drift_aware__dirichlet_a1.0__full_sign_flip__seed44,44,dirichlet_a1.0,full_sign_flip,c4_drift_aware
0,0.3233551607552857,0.031143996047162448,0.48496447064361636,0.3041719383559114,False,c4_drift_aware__dirichlet_a1.0__low_norm__seed44,44,dirichlet_a1.0,low_norm,c4_drift_aware
1,0.27577983866820766,0.03256658976819915,0.4447711296343698,0.3041719383559114,False,c4_drift_aware__dirichlet_a1.0__low_norm__seed44,44,dirichlet_a1.0,low_norm,c4_drift_aware
2,0.2393474092215171,0.018538867750966026,0.3355474478680549,0.3041719383559114,False,c4_drift_aware__dirichlet_a1.0__low_norm__seed44,44,dirichlet_a1.0,low_norm,c4_drift_aware
3,0.2146350994686199,0.03046156902741129,0.3727032273087598,0.3041719383559114,False,c4_drift_aware__dirichlet_a1.0__low_norm__seed44,44,dirichlet_a1.0,low_norm,c4_drift_aware
4,0.21100546694188282,0.010990395548299225,0.2680357284815623,0.3041719383559114,False,c4_drift_aware__dirichlet_a1.0__low_norm__seed44,44,dirichlet_a1.0,low_norm,c4_drift_aware
5,0.18568133818377255,0.01666093515041739,0.27213659677280344,0.3041719383559114,False,c4_drift_aware__dirichlet_a1.0__low_norm__seed44,44,dirichlet_a1.0,low_norm,c4_drift_aware
6,0.17945915717434233,0.013154346957941682,0.2477183789737975,0.3041719383559114,False,c4_drift_aware__dirichlet_a1.0__low_norm__seed44,44,dirichlet_a1.0,low_norm,c4_drift_aware
7,0.1759148535412663,0.017868607547192883,0.2686368449644049,0.3041719383559114,False,c4_drift_aware__dirichlet_a1.0__low_norm__seed44,44,dirichlet_a1.0,low_norm,c4_drift_aware
8,0.18361477025723058,0.007315829886144931,0.22157734311942523,0.3041719383559114,False,c4_drift_aware__dirichlet_a1.0__low_norm__seed44,44,dirichlet_a1.0,low_norm,c4_drift_aware
9,0.17457152051155256,0.019860211557452045,0.277628144304327,0.3041719383559114,False,c4_drift_aware__dirichlet_a1.0__low_norm__seed44,44,dirichlet_a1.0,low_norm,c4_drift_aware
10,0.17909024004745738,0.00976680483570394,0.2297711670204087,0.3041719383559114,False,c4_drift_aware__dirichlet_a1.0__low_norm__seed44,44,dirichlet_a1.0,low_norm,c4_drift_aware
11,0.19099423779382324,0.01324966556719298,0.25974807738854433,0.3041719383559114,False,c4_drift_aware__dirichlet_a1.0__low_norm__seed44,44,dirichlet_a1.0,low_norm,c4_drift_aware
12,0.19062109929386079,0.02524748381759434,0.32163281757173956,0.3041719383559114,False,c4_drift_aware__dirichlet_a1.0__low_norm__seed44,44,dirichlet_a1.0,low_norm,c4_drift_aware
13,0.2133159867312156,0.015427134440807205,0.29336893005800824,0.3041719383559114,False,c4_drift_aware__dirichlet_a1.0__low_norm__seed44,44,dirichlet_a1.0,low_norm,c4_drift_aware
14,0.22293389328184093,0.025457774755397844,0.3550368322650759,0.3041719383559114,False,c4_drift_aware__dirichlet_a1.0__low_norm__seed44,44,dirichlet_a1.0,low_norm,c4_drift_aware
15,0.22031416631729672,0.02798459294439748,0.36552901756506967,0.3041719383559114,False,c4_drift_aware__dirichlet_a1.0__low_norm__seed44,44,dirichlet_a1.0,low_norm,c4_drift_aware
16,0.2106237572974231,0.021883973463696027,0.32418188399788817,0.3041719383559114,False,c4_drift_aware__dirichlet_a1.0__low_norm__seed44,44,dirichlet_a1.0,low_norm,c4_drift_aware
17,0.22423412935081055,0.03432501320935297,0.40235005539546403,0.3041719383559114,False,c4_drift_aware__dirichlet_a1.0__low_norm__seed44,44,dirichlet_a1.0,low_norm,c4_drift_aware
18,0.20529248198485314,0.02076275616565343,0.31303250000404537,0.3041719383559114,False,c4_drift_aware__dirichlet_a1.0__low_norm__seed44,44,dirichlet_a1.0,low_norm,c4_drift_aware
19,0.22049949916521805,0.014100971857196137,0.29367085222939454,0.3041719383559114,False,c4_drift_aware__dirichlet_a1.0__low_norm__seed44,44,dirichlet_a1.0,low_norm,c4_drift_aware
20,0.22426800197032995,0.013155382034457735,0.29253259488533456,0.3041719383559114,False,c4_drift_aware__dirichlet_a1.0__low_norm__seed44,44,dirichlet_a1.0,low_norm,c4_drift_aware
21,0.22003400381462426,0.0169800439104352,0.3081451496702636,0.3041719383559114,False,c4_drift_aware__dirichlet_a1.0__low_norm__seed44,44,dirichlet_a1.0,low_norm,c4_drift_aware
22,0.2213999071610191,0.015927611117188822,0.3040498740092236,0.3041719383559114,False,c4_drift_aware__dirichlet_a1.0__low_norm__seed44,44,dirichlet_a1.0,low_norm,c4_drift_aware
23,0.20014042138095123,0.03626883668111017,0.3883430418029,0.3041719383559114,False,c4_drift_aware__dirichlet_a1.0__low_norm__seed44,44,dirichlet_a1.0,low_norm,c4_drift_aware
24,0.20563283540568872,0.031816865837440256,0.37073373392274994,0.3041719383559114,False,c4_drift_aware__dirichlet_a1.0__low_norm__seed44,44,dirichlet_a1.0,low_norm,c4_drift_aware
0,0.3083377722078132,0.05781664390387781,0.6083541190894255,0.3041719383559114,False,c4_drift_aware__dirichlet_a1.0__no_attack__seed45,45,dirichlet_a1.0,no_attack,c4_drift_aware
1,0.30863637887485945,0.06792929777354767,0.6611282979515756,0.3041719383559114,False,c4_drift_aware__dirichlet_a1.0__no_attack__seed45,45,dirichlet_a1.0,no_attack,c4_drift_aware
2,0.23567469754009315,0.05103202544549898,0.5004849807793319,0.3041719383559114,False,c4_drift_aware__dirichlet_a1.0__no_attack__seed45,45,dirichlet_a1.0,no_attack,c4_drift_aware
3,0.19633451002776464,0.047823174961619114,0.44449374722110235,0.3041719383559114,False,c4_drift_aware__dirichlet_a1.0__no_attack__seed45,45,dirichlet_a1.0,no_attack,c4_drift_aware
4,0.17465961757737916,0.03327143584412945,0.34730842531615125,0.3041719383559114,False,c4_drift_aware__dirichlet_a1.0__no_attack__seed45,45,dirichlet_a1.0,no_attack,c4_drift_aware
5,0.17527274760883538,0.049588198337283756,0.4325908676008345,0.3041719383559114,False,c4_drift_aware__dirichlet_a1.0__no_attack__seed45,45,dirichlet_a1.0,no_attack,c4_drift_aware
6,0.1595979717378969,0.02490605233481516,0.28883796790848626,0.3041719383559114,False,c4_drift_aware__dirichlet_a1.0__no_attack__seed45,45,dirichlet_a1.0,no_attack,c4_drift_aware
7,0.16239069990432747,0.045268010593097346,0.3972909336729689,0.3041719383559114,False,c4_drift_aware__dirichlet_a1.0__no_attack__seed45,45,dirichlet_a1.0,no_attack,c4_drift_aware
8,0.17519469488334824,0.03588435862242523,0.361402220210975,0.3041719383559114,False,c4_drift_aware__dirichlet_a1.0__no_attack__seed45,45,dirichlet_a1.0,no_attack,c4_drift_aware
9,0.17874893917200113,0.03793936989749619,0.3756201235070986,0.3041719383559114,False,c4_drift_aware__dirichlet_a1.0__no_attack__seed45,45,dirichlet_a1.0,no_attack,c4_drift_aware
10,0.19317863987821626,0.03423308854911361,0.37081755966842167,0.3041719383559114,False,c4_drift_aware__dirichlet_a1.0__no_attack__seed45,45,dirichlet_a1.0,no_attack,c4_drift_aware
11,0.2106797474641786,0.038889136939497,0.41247936795692247,0.3041719383559114,False,c4_drift_aware__dirichlet_a1.0__no_attack__seed45,45,dirichlet_a1.0,no_attack,c4_drift_aware
12,0.21701838612860322,0.03303198284213718,0.3884246482947372,0.3041719383559114,False,c4_drift_aware__dirichlet_a1.0__no_attack__seed45,45,dirichlet_a1.0,no_attack,c4_drift_aware
13,0.19597505607259064,0.0267984864918554,0.3350350823274775,0.3041719383559114,False,c4_drift_aware__dirichlet_a1.0__no_attack__seed45,45,dirichlet_a1.0,no_attack,c4_drift_aware
14,0.20037387543133442,0.04344588529525062,0.4258189188169194,0.3041719383559114,False,c4_drift_aware__dirichlet_a1.0__no_attack__seed45,45,dirichlet_a1.0,no_attack,c4_drift_aware
15,0.18619681697749366,0.03536495564911388,0.36970910833631043,0.3041719383559114,False,c4_drift_aware__dirichlet_a1.0__no_attack__seed45,45,dirichlet_a1.0,no_attack,c4_drift_aware
16,0.19250612087648153,0.04025404242158756,0.4013883724063415,0.3041719383559114,False,c4_drift_aware__dirichlet_a1.0__no_attack__seed45,45,dirichlet_a1.0,no_attack,c4_drift_aware
17,0.19449162786531107,0.038308079293414454,0.393276082126768,0.3041719383559114,False,c4_drift_aware__dirichlet_a1.0__no_attack__seed45,45,dirichlet_a1.0,no_attack,c4_drift_aware
18,0.21389022484739528,0.03321881859935677,0.3862659964413175,0.3041719383559114,False,c4_drift_aware__dirichlet_a1.0__no_attack__seed45,45,dirichlet_a1.0,no_attack,c4_drift_aware
19,0.21001291686842355,0.02669284652609824,0.34852476677699995,0.3041719383559114,False,c4_drift_aware__dirichlet_a1.0__no_attack__seed45,45,dirichlet_a1.0,no_attack,c4_drift_aware
20,0.2092713521860033,0.010912845483288913,0.2658991986833378,0.3041719383559114,False,c4_drift_aware__dirichlet_a1.0__no_attack__seed45,45,dirichlet_a1.0,no_attack,c4_drift_aware
21,0.21109368737270076,0.014694013869824413,0.2873423947446066,0.3041719383559114,False,c4_drift_aware__dirichlet_a1.0__no_attack__seed45,45,dirichlet_a1.0,no_attack,c4_drift_aware
22,0.2106810213282855,0.023328705581059372,0.3317360074589607,0.3041719383559114,False,c4_drift_aware__dirichlet_a1.0__no_attack__seed45,45,dirichlet_a1.0,no_attack,c4_drift_aware
23,0.18191040091310146,0.026581479641026612,0.31984435691835267,0.3041719383559114,False,c4_drift_aware__dirichlet_a1.0__no_attack__seed45,45,dirichlet_a1.0,no_attack,c4_drift_aware
24,0.17285282870293037,0.017322239757637442,0.2627396630292868,0.3041719383559114,False,c4_drift_aware__dirichlet_a1.0__no_attack__seed45,45,dirichlet_a1.0,no_attack,c4_drift_aware
0,0.30833522335160696,0.05781410690572675,0.6083384054961136,0.3041719383559114,False,c4_drift_aware__dirichlet_a1.0__large_norm__seed45,45,dirichlet_a1.0,large_norm,c4_drift_aware
1,0.30862767957822235,0.06792881108436835,0.6611170731761181,0.3041719383559114,False,c4_drift_aware__dirichlet_a1.0__large_norm__seed45,45,dirichlet_a1.0,large_norm,c4_drift_aware
2,0.23569658049176745,0.05102986126314335,0.5004956335723446,0.3041719383559114,False,c4_drift_aware__dirichlet_a1.0__large_norm__seed45,45,dirichlet_a1.0,large_norm,c4_drift_aware
3,0.19648203692287228,0.04807074436117387,0.4459259364874396,0.3041719383559114,False,c4_drift_aware__dirichlet_a1.0__large_norm__seed45,45,dirichlet_a1.0,large_norm,c4_drift_aware
4,0.1749147158266307,0.03358406864561292,0.3491858064355807,0.3041719383559114,False,c4_drift_aware__dirichlet_a1.0__large_norm__seed45,45,dirichlet_a1.0,large_norm,c4_drift_aware
5,0.17520155910647914,0.04938024054617998,0.4314405653246617,0.3041719383559114,False,c4_drift_aware__dirichlet_a1.0__large_norm__seed45,45,dirichlet_a1.0,large_norm,c4_drift_aware
6,0.15959250169515912,0.024939709428935614,0.28900714789284887,0.3041719383559114,False,c4_drift_aware__dirichlet_a1.0__large_norm__seed45,45,dirichlet_a1.0,large_norm,c4_drift_aware
7,0.16257131557019347,0.04550050748466308,0.3986779989588587,0.3041719383559114,False,c4_drift_aware__dirichlet_a1.0__large_norm__seed45,45,dirichlet_a1.0,large_norm,c4_drift_aware
8,0.1752672610468524,0.03582727507731162,0.3611785741505301,0.3041719383559114,False,c4_drift_aware__dirichlet_a1.0__large_norm__seed45,45,dirichlet_a1.0,large_norm,c4_drift_aware
9,0.17864351564741413,0.038077934635113164,0.37623372626247986,0.3041719383559114,False,c4_drift_aware__dirichlet_a1.0__large_norm__seed45,45,dirichlet_a1.0,large_norm,c4_drift_aware
10,0.21558699249904628,0.03805773247659061,0.4130723720933226,0.3041719383559114,False,c4_drift_aware__dirichlet_a1.0__large_norm__seed45,45,dirichlet_a1.0,large_norm,c4_drift_aware
11,0.2453526078802241,0.04901370906831659,0.49968964560662565,0.3041719383559114,False,c4_drift_aware__dirichlet_a1.0__large_norm__seed45,45,dirichlet_a1.0,large_norm,c4_drift_aware
12,0.27415778212564323,0.04849073403409199,0.52578105010195,0.3041719383559114,False,c4_drift_aware__dirichlet_a1.0__large_norm__seed45,45,dirichlet_a1.0,large_norm,c4_drift_aware
13,0.2610862756984155,0.07808533256140124,0.6662788748927827,0.3041719383559114,False,c4_drift_aware__dirichlet_a1.0__large_norm__seed45,45,dirichlet_a1.0,large_norm,c4_drift_aware
14,0.2618533339594264,0.05922159477742511,0.569160111418963,0.3041719383559114,False,c4_drift_aware__dirichlet_a1.0__large_norm__seed45,45,dirichlet_a1.0,large_norm,c4_drift_aware
15,0.2775834932717713,0.10700208874298181,0.8328280319679782,0.3041719383559114,False,c4_drift_aware__dirichlet_a1.0__large_norm__seed45,45,dirichlet_a1.0,large_norm,c4_drift_aware
16,0.27442802273864353,0.03972489085870562,0.48056445389355285,0.3041719383559114,False,c4_drift_aware__dirichlet_a1.0__large_norm__seed45,45,dirichlet_a1.0,large_norm,c4_drift_aware
17,0.21751244537723446,0.04557524538625529,0.4540069512110518,0.3041719383559114,False,c4_drift_aware__dirichlet_a1.0__large_norm__seed45,45,dirichlet_a1.0,large_norm,c4_drift_aware
18,0.2050816360684614,0.06772986774974021,0.5565386928086383,0.3041719383559114,False,c4_drift_aware__dirichlet_a1.0__large_norm__seed45,45,dirichlet_a1.0,large_norm,c4_drift_aware
19,0.20491003641205185,0.033022451574818146,0.3762668398789407,0.3041719383559114,False,c4_drift_aware__dirichlet_a1.0__large_norm__seed45,45,dirichlet_a1.0,large_norm,c4_drift_aware
20,0.22101740848188922,0.079507833139213,0.6335915054245793,0.3041719383559114,False,c4_drift_aware__dirichlet_a1.0__large_norm__seed45,45,dirichlet_a1.0,large_norm,c4_drift_aware
21,0.20086381405024206,0.03459979279432743,0.3804055988392865,0.3041719383559114,False,c4_drift_aware__dirichlet_a1.0__large_norm__seed45,45,dirichlet_a1.0,large_norm,c4_drift_aware
22,0.217796945218419,0.0660716522598864,0.5606493559601955,0.3041719383559114,False,c4_drift_aware__dirichlet_a1.0__large_norm__seed45,45,dirichlet_a1.0,large_norm,c4_drift_aware
23,0.1906718780261968,0.03465780127281823,0.37051467461097787,0.3041719383559114,False,c4_drift_aware__dirichlet_a1.0__large_norm__seed45,45,dirichlet_a1.0,large_norm,c4_drift_aware
24,0.21106770261600316,0.05940010722630645,0.5193007990240299,0.3041719383559114,False,c4_drift_aware__dirichlet_a1.0__large_norm__seed45,45,dirichlet_a1.0,large_norm,c4_drift_aware
0,0.3083352017897883,0.057814931711594686,0.6083426639344243,0.3041719383559114,False,c4_drift_aware__dirichlet_a1.0__directional_poisoning__seed45,45,dirichlet_a1.0,directional_poisoning,c4_drift_aware
1,0.30840256435552293,0.06767991821637243,0.659600427972101,0.3041719383559114,False,c4_drift_aware__dirichlet_a1.0__directional_poisoning__seed45,45,dirichlet_a1.0,directional_poisoning,c4_drift_aware
2,0.23565408253637607,0.05112925705454405,0.5009689103181105,0.3041719383559114,False,c4_drift_aware__dirichlet_a1.0__directional_poisoning__seed45,45,dirichlet_a1.0,directional_poisoning,c4_drift_aware
3,0.1962382160841797,0.04771308548471373,0.44382618797290774,0.3041719383559114,False,c4_drift_aware__dirichlet_a1.0__directional_poisoning__seed45,45,dirichlet_a1.0,directional_poisoning,c4_drift_aware
4,0.1746563446245264,0.03329320673294195,0.34741812368243546,0.3041719383559114,False,c4_drift_aware__dirichlet_a1.0__directional_poisoning__seed45,45,dirichlet_a1.0,directional_poisoning,c4_drift_aware
5,0.17521309385888034,0.04943460426164825,0.4317341988329993,0.3041719383559114,False,c4_drift_aware__dirichlet_a1.0__directional_poisoning__seed45,45,dirichlet_a1.0,directional_poisoning,c4_drift_aware
6,0.15961481716485548,0.02495222352960827,0.2890944002823458,0.3041719383559114,False,c4_drift_aware__dirichlet_a1.0__directional_poisoning__seed45,45,dirichlet_a1.0,directional_poisoning,c4_drift_aware
7,0.16244229532444002,0.04536629062772432,0.39785251402076427,0.3041719383559114,False,c4_drift_aware__dirichlet_a1.0__directional_poisoning__seed45,45,dirichlet_a1.0,directional_poisoning,c4_drift_aware
8,0.1753170921747973,0.03576735602452444,0.3609174793216571,0.3041719383559114,False,c4_drift_aware__dirichlet_a1.0__directional_poisoning__seed45,45,dirichlet_a1.0,directional_poisoning,c4_drift_aware
9,0.17867453357818103,0.038160012399369225,0.3766906539197479,0.3041719383559114,False,c4_drift_aware__dirichlet_a1.0__directional_poisoning__seed45,45,dirichlet_a1.0,directional_poisoning,c4_drift_aware
10,0.19326113376832968,0.03429511016171391,0.3712218899084793,0.3041719383559114,False,c4_drift_aware__dirichlet_a1.0__directional_poisoning__seed45,45,dirichlet_a1.0,directional_poisoning,c4_drift_aware
11,0.20954389768416423,0.01585025882974289,0.29179247577758305,0.3041719383559114,False,c4_drift_aware__dirichlet_a1.0__directional_poisoning__seed45,45,dirichlet_a1.0,directional_poisoning,c4_drift_aware
12,0.21699523923719016,0.016259042349715258,0.3013650358940976,0.3041719383559114,False,c4_drift_aware__dirichlet_a1.0__directional_poisoning__seed45,45,dirichlet_a1.0,directional_poisoning,c4_drift_aware
13,0.2032790362028344,0.030136656545439205,0.359661160682773,0.3041719383559114,False,c4_drift_aware__dirichlet_a1.0__directional_poisoning__seed45,45,dirichlet_a1.0,directional_poisoning,c4_drift_aware
14,0.20574225857070633,0.03648628324399078,0.3950732309520989,0.3041719383559114,False,c4_drift_aware__dirichlet_a1.0__directional_poisoning__seed45,45,dirichlet_a1.0,directional_poisoning,c4_drift_aware
15,0.19259951678105328,0.040801871899649345,0.4043245102555237,0.3041719383559114,False,c4_drift_aware__dirichlet_a1.0__directional_poisoning__seed45,45,dirichlet_a1.0,directional_poisoning,c4_drift_aware
16,0.20463581005949527,0.03341846260892112,0.37804755438344784,0.3041719383559114,False,c4_drift_aware__dirichlet_a1.0__directional_poisoning__seed45,45,dirichlet_a1.0,directional_poisoning,c4_drift_aware
17,0.22009081912699038,0.008165245072954713,0.26246109233505965,0.3041719383559114,False,c4_drift_aware__dirichlet_a1.0__directional_poisoning__seed45,45,dirichlet_a1.0,directional_poisoning,c4_drift_aware
18,0.20852743339769367,0.026439221368879606,0.34572319700294685,0.3041719383559114,False,c4_drift_aware__dirichlet_a1.0__directional_poisoning__seed45,45,dirichlet_a1.0,directional_poisoning,c4_drift_aware
19,0.22458555139134165,0.010240756624357528,0.27772586159079526,0.3041719383559114,False,c4_drift_aware__dirichlet_a1.0__directional_poisoning__seed45,45,dirichlet_a1.0,directional_poisoning,c4_drift_aware
20,0.2096934500505213,0.023949255428179578,0.33396853139288796,0.3041719383559114,False,c4_drift_aware__dirichlet_a1.0__directional_poisoning__seed45,45,dirichlet_a1.0,directional_poisoning,c4_drift_aware
21,0.21894429440523033,0.0012446908819637448,0.2254031198608284,0.3041719383559114,False,c4_drift_aware__dirichlet_a1.0__directional_poisoning__seed45,45,dirichlet_a1.0,directional_poisoning,c4_drift_aware
22,0.22165798485466118,0.011540531650903463,0.2815429576443643,0.3041719383559114,False,c4_drift_aware__dirichlet_a1.0__directional_poisoning__seed45,45,dirichlet_a1.0,directional_poisoning,c4_drift_aware
23,0.21576134969372063,0.009306833180313057,0.2640554377496831,0.3041719383559114,False,c4_drift_aware__dirichlet_a1.0__directional_poisoning__seed45,45,dirichlet_a1.0,directional_poisoning,c4_drift_aware
24,0.2094388826631798,0.007636620359814078,0.24906606937229103,0.3041719383559114,False,c4_drift_aware__dirichlet_a1.0__directional_poisoning__seed45,45,dirichlet_a1.0,directional_poisoning,c4_drift_aware
0,0.3083352058038427,0.05781493316924541,0.608342675512374,0.3041719383559114,False,c4_drift_aware__dirichlet_a1.0__sparse_coordinate_attack__seed45,45,dirichlet_a1.0,sparse_coordinate_attack,c4_drift_aware
1,0.3086291263138525,0.06790114738382724,0.6609749702032703,0.3041719383559114,False,c4_drift_aware__dirichlet_a1.0__sparse_coordinate_attack__seed45,45,dirichlet_a1.0,sparse_coordinate_attack,c4_drift_aware
2,0.23561679427832175,0.05106528595116541,0.5005996696075142,0.3041719383559114,False,c4_drift_aware__dirichlet_a1.0__sparse_coordinate_attack__seed45,45,dirichlet_a1.0,sparse_coordinate_attack,c4_drift_aware
3,0.19636357627694093,0.04786450561395322,0.44473728235830556,0.3041719383559114,False,c4_drift_aware__dirichlet_a1.0__sparse_coordinate_attack__seed45,45,dirichlet_a1.0,sparse_coordinate_attack,c4_drift_aware
4,0.17518588406924893,0.0338341198385636,0.3507545153235393,0.3041719383559114,False,c4_drift_aware__dirichlet_a1.0__sparse_coordinate_attack__seed45,45,dirichlet_a1.0,sparse_coordinate_attack,c4_drift_aware
5,0.17508222353871813,0.04913327070365214,0.4300396785470395,0.3041719383559114,False,c4_drift_aware__dirichlet_a1.0__sparse_coordinate_attack__seed45,45,dirichlet_a1.0,sparse_coordinate_attack,c4_drift_aware
6,0.159344735459885,0.024664011402679986,0.28732875702953176,0.3041719383559114,False,c4_drift_aware__dirichlet_a1.0__sparse_coordinate_attack__seed45,45,dirichlet_a1.0,sparse_coordinate_attack,c4_drift_aware
7,0.16239661198502667,0.04530139619594574,0.3974700869854087,0.3041719383559114,False,c4_drift_aware__dirichlet_a1.0__sparse_coordinate_attack__seed45,45,dirichlet_a1.0,sparse_coordinate_attack,c4_drift_aware
8,0.17517655359072007,0.03588204674346729,0.36137208234724616,0.3041719383559114,False,c4_drift_aware__dirichlet_a1.0__sparse_coordinate_attack__seed45,45,dirichlet_a1.0,sparse_coordinate_attack,c4_drift_aware
9,0.17872773692588437,0.03800163184622546,0.3759220047391329,0.3041719383559114,False,c4_drift_aware__dirichlet_a1.0__sparse_coordinate_attack__seed45,45,dirichlet_a1.0,sparse_coordinate_attack,c4_drift_aware
10,0.21731690540413384,0.03571786546463873,0.40266048108669067,0.3041719383559114,False,c4_drift_aware__dirichlet_a1.0__sparse_coordinate_attack__seed45,45,dirichlet_a1.0,sparse_coordinate_attack,c4_drift_aware
11,0.21731310445525334,0.05261956062468712,0.4903612664928173,0.3041719383559114,False,c4_drift_aware__dirichlet_a1.0__sparse_coordinate_attack__seed45,45,dirichlet_a1.0,sparse_coordinate_attack,c4_drift_aware
12,0.23530403862577512,0.03336193820973529,0.4084224721899125,0.3041719383559114,False,c4_drift_aware__dirichlet_a1.0__sparse_coordinate_attack__seed45,45,dirichlet_a1.0,sparse_coordinate_attack,c4_drift_aware
13,0.2280763623635049,0.045854829834938354,0.4660216598599835,0.3041719383559114,False,c4_drift_aware__dirichlet_a1.0__sparse_coordinate_attack__seed45,45,dirichlet_a1.0,sparse_coordinate_attack,c4_drift_aware
14,0.237979153032835,0.03160493148317628,0.401980302992185,0.3041719383559114,False,c4_drift_aware__dirichlet_a1.0__sparse_coordinate_attack__seed45,45,dirichlet_a1.0,sparse_coordinate_attack,c4_drift_aware
15,0.23391589056460144,0.03687861488457855,0.425282711062168,0.3041719383559114,False,c4_drift_aware__dirichlet_a1.0__sparse_coordinate_attack__seed45,45,dirichlet_a1.0,sparse_coordinate_attack,c4_drift_aware
16,0.23633884885539708,0.049063557058353136,0.49093455278689735,0.3041719383559114,False,c4_drift_aware__dirichlet_a1.0__sparse_coordinate_attack__seed45,45,dirichlet_a1.0,sparse_coordinate_attack,c4_drift_aware
17,0.228637903538302,0.027221921974403485,0.36989517885567913,0.3041719383559114,False,c4_drift_aware__dirichlet_a1.0__sparse_coordinate_attack__seed45,45,dirichlet_a1.0,sparse_coordinate_attack,c4_drift_aware
18,0.22271171432196027,0.013796216342999379,0.29430166054741835,0.3041719383559114,False,c4_drift_aware__dirichlet_a1.0__sparse_coordinate_attack__seed45,45,dirichlet_a1.0,sparse_coordinate_attack,c4_drift_aware
19,0.2187246988459332,0.005408135000711106,0.24678805217812322,0.3041719383559114,False,c4_drift_aware__dirichlet_a1.0__sparse_coordinate_attack__seed45,45,dirichlet_a1.0,sparse_coordinate_attack,c4_drift_aware
20,0.22323620912127345,0.008529677180003248,0.2674975569760283,0.3041719383559114,False,c4_drift_aware__dirichlet_a1.0__sparse_coordinate_attack__seed45,45,dirichlet_a1.0,sparse_coordinate_attack,c4_drift_aware
21,0.22127926827021016,0.010239134105323094,0.2744111590561422,0.3041719383559114,False,c4_drift_aware__dirichlet_a1.0__sparse_coordinate_attack__seed45,45,dirichlet_a1.0,sparse_coordinate_attack,c4_drift_aware
22,0.21023910425756728,0.021968649753653674,0.3242366246942516,0.3041719383559114,False,c4_drift_aware__dirichlet_a1.0__sparse_coordinate_attack__seed45,45,dirichlet_a1.0,sparse_coordinate_attack,c4_drift_aware
23,0.20655832994539322,0.015227113114456292,0.28557334260761835,0.3041719383559114,False,c4_drift_aware__dirichlet_a1.0__sparse_coordinate_attack__seed45,45,dirichlet_a1.0,sparse_coordinate_attack,c4_drift_aware
24,0.19622922641953783,0.028568200767065344,0.34447247701991657,0.3041719383559114,False,c4_drift_aware__dirichlet_a1.0__sparse_coordinate_attack__seed45,45,dirichlet_a1.0,sparse_coordinate_attack,c4_drift_aware
0,0.3083352130701494,0.05781498052270695,0.608342928500528,0.3041719383559114,False,c4_drift_aware__dirichlet_a1.0__full_sign_flip__seed45,45,dirichlet_a1.0,full_sign_flip,c4_drift_aware
1,0.3084026237165565,0.06769962385109685,0.6597027418422832,0.3041719383559114,False,c4_drift_aware__dirichlet_a1.0__full_sign_flip__seed45,45,dirichlet_a1.0,full_sign_flip,c4_drift_aware
2,0.23567974840208544,0.051104670041341616,0.5008669917136113,0.3041719383559114,False,c4_drift_aware__dirichlet_a1.0__full_sign_flip__seed45,45,dirichlet_a1.0,full_sign_flip,c4_drift_aware
3,0.19643349306959992,0.04790931509700702,0.44503972003947906,0.3041719383559114,False,c4_drift_aware__dirichlet_a1.0__full_sign_flip__seed45,45,dirichlet_a1.0,full_sign_flip,c4_drift_aware
4,0.1751827300138969,0.03386118694286666,0.35089181517912627,0.3041719383559114,False,c4_drift_aware__dirichlet_a1.0__full_sign_flip__seed45,45,dirichlet_a1.0,full_sign_flip,c4_drift_aware
5,0.17510101434313097,0.049197399093946825,0.43039123798153045,0.3041719383559114,False,c4_drift_aware__dirichlet_a1.0__full_sign_flip__seed45,45,dirichlet_a1.0,full_sign_flip,c4_drift_aware
6,0.1594936158735637,0.024816390203855315,0.28826834628038933,0.3041719383559114,False,c4_drift_aware__dirichlet_a1.0__full_sign_flip__seed45,45,dirichlet_a1.0,full_sign_flip,c4_drift_aware
7,0.162511852249535,0.04530259839395706,0.3975915655756176,0.3041719383559114,False,c4_drift_aware__dirichlet_a1.0__full_sign_flip__seed45,45,dirichlet_a1.0,full_sign_flip,c4_drift_aware
8,0.17518269997842176,0.035960131136058976,0.3617834164565454,0.3041719383559114,False,c4_drift_aware__dirichlet_a1.0__full_sign_flip__seed45,45,dirichlet_a1.0,full_sign_flip,c4_drift_aware
9,0.17878314517766405,0.03805018708190752,0.37622937096439035,0.3041719383559114,False,c4_drift_aware__dirichlet_a1.0__full_sign_flip__seed45,45,dirichlet_a1.0,full_sign_flip,c4_drift_aware
10,0.19331006953949,0.03438554220513959,0.37174008659617985,0.3041719383559114,False,c4_drift_aware__dirichlet_a1.0__full_sign_flip__seed45,45,dirichlet_a1.0,full_sign_flip,c4_drift_aware
11,0.20938502740058454,0.015616208903178164,0.29041909702006635,0.3041719383559114,False,c4_drift_aware__dirichlet_a1.0__full_sign_flip__seed45,45,dirichlet_a1.0,full_sign_flip,c4_drift_aware
12,0.21692969945101825,0.016243924169709517,0.3012210463600579,0.3041719383559114,False,c4_drift_aware__dirichlet_a1.0__full_sign_flip__seed45,45,dirichlet_a1.0,full_sign_flip,c4_drift_aware
13,0.2033003094362716,0.030095217696153864,0.3594674035833836,0.3041719383559114,False,c4_drift_aware__dirichlet_a1.0__full_sign_flip__seed45,45,dirichlet_a1.0,full_sign_flip,c4_drift_aware
14,0.20567704827800062,0.03657300910744432,0.39545804983743993,0.3041719383559114,False,c4_drift_aware__dirichlet_a1.0__full_sign_flip__seed45,45,dirichlet_a1.0,full_sign_flip,c4_drift_aware
15,0.19264917442664894,0.041020936662085644,0.40551091685987756,0.3041719383559114,False,c4_drift_aware__dirichlet_a1.0__full_sign_flip__seed45,45,dirichlet_a1.0,full_sign_flip,c4_drift_aware
16,0.20470148639899952,0.03329365733143125,0.3774656036575294,0.3041719383559114,False,c4_drift_aware__dirichlet_a1.0__full_sign_flip__seed45,45,dirichlet_a1.0,full_sign_flip,c4_drift_aware
17,0.21813859963906898,0.008751379758394268,0.26355038434335265,0.3041719383559114,False,c4_drift_aware__dirichlet_a1.0__full_sign_flip__seed45,45,dirichlet_a1.0,full_sign_flip,c4_drift_aware
18,0.20868534682592788,0.026547012817239646,0.3464404510358661,0.3041719383559114,False,c4_drift_aware__dirichlet_a1.0__full_sign_flip__seed45,45,dirichlet_a1.0,full_sign_flip,c4_drift_aware
19,0.22499787735269142,0.01271505830964284,0.29097758642725907,0.3041719383559114,False,c4_drift_aware__dirichlet_a1.0__full_sign_flip__seed45,45,dirichlet_a1.0,full_sign_flip,c4_drift_aware
20,0.22022966891121654,0.008890363647881677,0.26636265491643935,0.3041719383559114,False,c4_drift_aware__dirichlet_a1.0__full_sign_flip__seed45,45,dirichlet_a1.0,full_sign_flip,c4_drift_aware
21,0.21657138320632952,0.0027601248692122604,0.23089394716515885,0.3041719383559114,False,c4_drift_aware__dirichlet_a1.0__full_sign_flip__seed45,45,dirichlet_a1.0,full_sign_flip,c4_drift_aware
22,0.2226242590262728,0.0113390853384229,0.28146390675588306,0.3041719383559114,False,c4_drift_aware__dirichlet_a1.0__full_sign_flip__seed45,45,dirichlet_a1.0,full_sign_flip,c4_drift_aware
23,0.21857893016963195,0.009280856764589701,0.2667382240067644,0.3041719383559114,False,c4_drift_aware__dirichlet_a1.0__full_sign_flip__seed45,45,dirichlet_a1.0,full_sign_flip,c4_drift_aware
24,0.2124200186431939,0.01776401573951658,0.3045992727171194,0.3041719383559114,False,c4_drift_aware__dirichlet_a1.0__full_sign_flip__seed45,45,dirichlet_a1.0,full_sign_flip,c4_drift_aware
0,0.3083352281013792,0.057814133656996725,0.6083385490609009,0.3041719383559114,False,c4_drift_aware__dirichlet_a1.0__low_norm__seed45,45,dirichlet_a1.0,low_norm,c4_drift_aware
1,0.30863025261730764,0.06791351268224019,0.6610402612767202,0.3041719383559114,False,c4_drift_aware__dirichlet_a1.0__low_norm__seed45,45,dirichlet_a1.0,low_norm,c4_drift_aware
2,0.23571364869558134,0.05099167605850782,0.5003145549307842,0.3041719383559114,False,c4_drift_aware__dirichlet_a1.0__low_norm__seed45,45,dirichlet_a1.0,low_norm,c4_drift_aware
3,0.19632665419157697,0.047801248974202626,0.4443721152436118,0.3041719383559114,False,c4_drift_aware__dirichlet_a1.0__low_norm__seed45,45,dirichlet_a1.0,low_norm,c4_drift_aware
4,0.1752672835544684,0.03391193154754846,0.35123968754785206,0.3041719383559114,False,c4_drift_aware__dirichlet_a1.0__low_norm__seed45,45,dirichlet_a1.0,low_norm,c4_drift_aware
5,0.17498375344725922,0.04906282083209465,0.42957563702708157,0.3041719383559114,False,c4_drift_aware__dirichlet_a1.0__low_norm__seed45,45,dirichlet_a1.0,low_norm,c4_drift_aware
6,0.15962157445041084,0.02496048488100322,0.2891440265464246,0.3041719383559114,False,c4_drift_aware__dirichlet_a1.0__low_norm__seed45,45,dirichlet_a1.0,low_norm,c4_drift_aware
7,0.16247951454012644,0.045424444674464715,0.3981915004003913,0.3041719383559114,False,c4_drift_aware__dirichlet_a1.0__low_norm__seed45,45,dirichlet_a1.0,low_norm,c4_drift_aware
8,0.1752252013024231,0.0358534905353638,0.36127254903947936,0.3041719383559114,False,c4_drift_aware__dirichlet_a1.0__low_norm__seed45,45,dirichlet_a1.0,low_norm,c4_drift_aware
9,0.17863407153316826,0.03801971221864808,0.375922160206955,0.3041719383559114,False,c4_drift_aware__dirichlet_a1.0__low_norm__seed45,45,dirichlet_a1.0,low_norm,c4_drift_aware
10,0.1931597945508949,0.07210760388091794,0.5673333618493662,0.3041719383559114,False,c4_drift_aware__dirichlet_a1.0__low_norm__seed45,45,dirichlet_a1.0,low_norm,c4_drift_aware
11,0.20925022717505715,0.05818943853872216,0.5112010426963403,0.3041719383559114,False,c4_drift_aware__dirichlet_a1.0__low_norm__seed45,45,dirichlet_a1.0,low_norm,c4_drift_aware
12,0.21793218260518343,0.0577562970397516,0.5176353835741585,0.3041719383559114,False,c4_drift_aware__dirichlet_a1.0__low_norm__seed45,45,dirichlet_a1.0,low_norm,c4_drift_aware
13,0.20517283158913466,0.04388600070392015,0.43290167784184674,0.3041719383559114,False,c4_drift_aware__dirichlet_a1.0__low_norm__seed45,45,dirichlet_a1.0,low_norm,c4_drift_aware
14,0.20940987179828127,0.05618689109835531,0.5009692683967568,0.3041719383559114,False,c4_drift_aware__dirichlet_a1.0__low_norm__seed45,45,dirichlet_a1.0,low_norm,c4_drift_aware
15,0.19787756691541186,0.048785368505841836,0.4510297226290757,0.3041719383559114,False,c4_drift_aware__dirichlet_a1.0__low_norm__seed45,45,dirichlet_a1.0,low_norm,c4_drift_aware
16,0.19177179539060518,0.052409093762032705,0.46372782383116906,0.3041719383559114,False,c4_drift_aware__dirichlet_a1.0__low_norm__seed45,45,dirichlet_a1.0,low_norm,c4_drift_aware
17,0.19602575861645785,0.05575065917136629,0.48532150412259467,0.3041719383559114,False,c4_drift_aware__dirichlet_a1.0__low_norm__seed45,45,dirichlet_a1.0,low_norm,c4_drift_aware
18,0.20200796585874287,0.0465953256207656,0.4437957700374576,0.3041719383559114,False,c4_drift_aware__dirichlet_a1.0__low_norm__seed45,45,dirichlet_a1.0,low_norm,c4_drift_aware
19,0.19420931411135214,0.04665058587177945,0.43628386925860285,0.3041719383559114,False,c4_drift_aware__dirichlet_a1.0__low_norm__seed45,45,dirichlet_a1.0,low_norm,c4_drift_aware
20,0.19958746868151353,0.03399974562827887,0.37601554872121545,0.3041719383559114,False,c4_drift_aware__dirichlet_a1.0__low_norm__seed45,45,dirichlet_a1.0,low_norm,c4_drift_aware
21,0.20627642504628094,0.011497877599892653,0.2659400616998839,0.3041719383559114,False,c4_drift_aware__dirichlet_a1.0__low_norm__seed45,45,dirichlet_a1.0,low_norm,c4_drift_aware
22,0.21200801682459772,0.016747562023478296,0.29891279092062895,0.3041719383559114,False,c4_drift_aware__dirichlet_a1.0__low_norm__seed45,45,dirichlet_a1.0,low_norm,c4_drift_aware
23,0.2127968770599182,0.010774155747036773,0.26870504864686673,0.3041719383559114,False,c4_drift_aware__dirichlet_a1.0__low_norm__seed45,45,dirichlet_a1.0,low_norm,c4_drift_aware
24,0.2028378904573573,0.026874237616221708,0.3422909968716934,0.3041719383559114,False,c4_drift_aware__dirichlet_a1.0__low_norm__seed45,45,dirichlet_a1.0,low_norm,c4_drift_aware
0,0.3257150632253176,0.0643308866170289,0.6595344669697423,0.3041719383559114,False,c4_drift_aware__dirichlet_a1.0__no_attack__seed46,46,dirichlet_a1.0,no_attack,c4_drift_aware
1,0.29619054906848574,0.025795892060666792,0.4300480125604918,0.3041719383559114,False,c4_drift_aware__dirichlet_a1.0__no_attack__seed46,46,dirichlet_a1.0,no_attack,c4_drift_aware
2,0.2492464614695458,0.003937466806586382,0.26967837047560317,0.3041719383559114,False,c4_drift_aware__dirichlet_a1.0__no_attack__seed46,46,dirichlet_a1.0,no_attack,c4_drift_aware
3,0.21589554931105753,0.029057885611352696,0.3666798235369278,0.3041719383559114,False,c4_drift_aware__dirichlet_a1.0__no_attack__seed46,46,dirichlet_a1.0,no_attack,c4_drift_aware
4,0.19400312836183492,0.010854868161853631,0.2503301247405096,0.3041719383559114,False,c4_drift_aware__dirichlet_a1.0__no_attack__seed46,46,dirichlet_a1.0,no_attack,c4_drift_aware
5,0.19266373531191971,0.014544457595516841,0.26813638022081615,0.3041719383559114,False,c4_drift_aware__dirichlet_a1.0__no_attack__seed46,46,dirichlet_a1.0,no_attack,c4_drift_aware
6,0.17781422685083287,0.008837770418170576,0.2236743013277618,0.3041719383559114,False,c4_drift_aware__dirichlet_a1.0__no_attack__seed46,46,dirichlet_a1.0,no_attack,c4_drift_aware
7,0.19479057083144063,0.033843961600139555,0.3704102719707248,0.3041719383559114,False,c4_drift_aware__dirichlet_a1.0__no_attack__seed46,46,dirichlet_a1.0,no_attack,c4_drift_aware
8,0.17902165493565503,0.0028931206539059007,0.19403434732083813,0.3041719383559114,False,c4_drift_aware__dirichlet_a1.0__no_attack__seed46,46,dirichlet_a1.0,no_attack,c4_drift_aware
9,0.1891218163721503,0.03878317582377322,0.3903715940392919,0.3041719383559114,False,c4_drift_aware__dirichlet_a1.0__no_attack__seed46,46,dirichlet_a1.0,no_attack,c4_drift_aware
10,0.2078598543796754,0.007959169391659693,0.2491607802699367,0.3041719383559114,False,c4_drift_aware__dirichlet_a1.0__no_attack__seed46,46,dirichlet_a1.0,no_attack,c4_drift_aware
11,0.2181064388650798,0.00392033608336842,0.23844945483528687,0.3041719383559114,False,c4_drift_aware__dirichlet_a1.0__no_attack__seed46,46,dirichlet_a1.0,no_attack,c4_drift_aware
12,0.21947523744552233,0.011184226038589845,0.2775113047823689,0.3041719383559114,False,c4_drift_aware__dirichlet_a1.0__no_attack__seed46,46,dirichlet_a1.0,no_attack,c4_drift_aware
13,0.22367368457769427,0.00202817335394051,0.23419807892862696,0.3041719383559114,False,c4_drift_aware__dirichlet_a1.0__no_attack__seed46,46,dirichlet_a1.0,no_attack,c4_drift_aware
14,0.2215326163669918,0.0040666531651291915,0.2426348863061637,0.3041719383559114,False,c4_drift_aware__dirichlet_a1.0__no_attack__seed46,46,dirichlet_a1.0,no_attack,c4_drift_aware
15,0.2262719716770284,0.0025670943284942516,0.2395928808570179,0.3041719383559114,False,c4_drift_aware__dirichlet_a1.0__no_attack__seed46,46,dirichlet_a1.0,no_attack,c4_drift_aware
16,0.2189560178809786,0.014617537188365615,0.2948078801051266,0.3041719383559114,False,c4_drift_aware__dirichlet_a1.0__no_attack__seed46,46,dirichlet_a1.0,no_attack,c4_drift_aware
17,0.21328834796878907,0.008907834716380153,0.25951199309555734,0.3041719383559114,False,c4_drift_aware__dirichlet_a1.0__no_attack__seed46,46,dirichlet_a1.0,no_attack,c4_drift_aware
18,0.21159754595890598,0.027868360991092384,0.35620925797778347,0.3041719383559114,False,c4_drift_aware__dirichlet_a1.0__no_attack__seed46,46,dirichlet_a1.0,no_attack,c4_drift_aware
19,0.20989460862114462,0.025227951461506165,0.34080497155004624,0.3041719383559114,False,c4_drift_aware__dirichlet_a1.0__no_attack__seed46,46,dirichlet_a1.0,no_attack,c4_drift_aware
20,0.20447270299797565,0.01914356711993992,0.3038105871400559,0.3041719383559114,False,c4_drift_aware__dirichlet_a1.0__no_attack__seed46,46,dirichlet_a1.0,no_attack,c4_drift_aware
21,0.20500219606989248,0.023842035710734122,0.3287209035764629,0.3041719383559114,False,c4_drift_aware__dirichlet_a1.0__no_attack__seed46,46,dirichlet_a1.0,no_attack,c4_drift_aware
22,0.2042767005008401,0.022966390784388807,0.32345159892011205,0.3041719383559114,False,c4_drift_aware__dirichlet_a1.0__no_attack__seed46,46,dirichlet_a1.0,no_attack,c4_drift_aware
23,0.1928627606847558,0.011460664042173108,0.2523332924659963,0.3041719383559114,False,c4_drift_aware__dirichlet_a1.0__no_attack__seed46,46,dirichlet_a1.0,no_attack,c4_drift_aware
24,0.183774407159905,0.004686254130759876,0.2080918484698311,0.3041719383559114,False,c4_drift_aware__dirichlet_a1.0__no_attack__seed46,46,dirichlet_a1.0,no_attack,c4_drift_aware
0,0.3257150637901953,0.06433095174601156,0.6595348054954239,0.3041719383559114,False,c4_drift_aware__dirichlet_a1.0__large_norm__seed46,46,dirichlet_a1.0,large_norm,c4_drift_aware
1,0.29621105744729237,0.025846223310687644,0.4303296948287816,0.3041719383559114,False,c4_drift_aware__dirichlet_a1.0__large_norm__seed46,46,dirichlet_a1.0,large_norm,c4_drift_aware
2,0.24923334005400083,0.003978527466068749,0.26987831692817815,0.3041719383559114,False,c4_drift_aware__dirichlet_a1.0__large_norm__seed46,46,dirichlet_a1.0,large_norm,c4_drift_aware
3,0.21585028053996583,0.028949285959225524,0.366071020310983,0.3041719383559114,False,c4_drift_aware__dirichlet_a1.0__large_norm__seed46,46,dirichlet_a1.0,large_norm,c4_drift_aware
4,0.1941329623128065,0.010857468565843548,0.25047345244782526,0.3041719383559114,False,c4_drift_aware__dirichlet_a1.0__large_norm__seed46,46,dirichlet_a1.0,large_norm,c4_drift_aware
5,0.1926009659059937,0.014559603744069338,0.2681522056943439,0.3041719383559114,False,c4_drift_aware__dirichlet_a1.0__large_norm__seed46,46,dirichlet_a1.0,large_norm,c4_drift_aware
6,0.1778267912846265,0.00886003725193485,0.22380241058864161,0.3041719383559114,False,c4_drift_aware__dirichlet_a1.0__large_norm__seed46,46,dirichlet_a1.0,large_norm,c4_drift_aware
7,0.1947232956207369,0.03378002957515863,0.37001124708919253,0.3041719383559114,False,c4_drift_aware__dirichlet_a1.0__large_norm__seed46,46,dirichlet_a1.0,large_norm,c4_drift_aware
8,0.17896143754549174,0.002920588852814515,0.19411666516163154,0.3041719383559114,False,c4_drift_aware__dirichlet_a1.0__large_norm__seed46,46,dirichlet_a1.0,large_norm,c4_drift_aware
9,0.1890413709416512,0.03873242154895554,0.3900277796013364,0.3041719383559114,False,c4_drift_aware__dirichlet_a1.0__large_norm__seed46,46,dirichlet_a1.0,large_norm,c4_drift_aware
10,0.20307126568309347,0.011223637262274655,0.2613118418007629,0.3041719383559114,False,c4_drift_aware__dirichlet_a1.0__large_norm__seed46,46,dirichlet_a1.0,large_norm,c4_drift_aware
11,0.2418655723077413,0.04211347388597195,0.46039659964943835,0.3041719383559114,False,c4_drift_aware__dirichlet_a1.0__large_norm__seed46,46,dirichlet_a1.0,large_norm,c4_drift_aware
12,0.22884143961190087,0.023502269155521532,0.35079706448681763,0.3041719383559114,False,c4_drift_aware__dirichlet_a1.0__large_norm__seed46,46,dirichlet_a1.0,large_norm,c4_drift_aware
13,0.23271349887384588,0.05477326594700585,0.516937453199454,0.3041719383559114,False,c4_drift_aware__dirichlet_a1.0__large_norm__seed46,46,dirichlet_a1.0,large_norm,c4_drift_aware
14,0.28507056481525583,0.02810403905553338,0.43090523387832413,0.3041719383559114,False,c4_drift_aware__dirichlet_a1.0__large_norm__seed46,46,dirichlet_a1.0,large_norm,c4_drift_aware
15,0.2237844494663078,0.04772916699422386,0.47145586991603483,0.3041719383559114,False,c4_drift_aware__dirichlet_a1.0__large_norm__seed46,46,dirichlet_a1.0,large_norm,c4_drift_aware
16,0.24771502043113136,0.06253234461739374,0.5722016098852492,0.3041719383559114,False,c4_drift_aware__dirichlet_a1.0__large_norm__seed46,46,dirichlet_a1.0,large_norm,c4_drift_aware
17,0.22546767610588517,0.04681502254563821,0.4683955095974564,0.3041719383559114,False,c4_drift_aware__dirichlet_a1.0__large_norm__seed46,46,dirichlet_a1.0,large_norm,c4_drift_aware
18,0.22882100885231196,0.058609137531818456,0.5329496844186711,0.3041719383559114,False,c4_drift_aware__dirichlet_a1.0__large_norm__seed46,46,dirichlet_a1.0,large_norm,c4_drift_aware
19,0.19289725619327464,0.03519598956982262,0.3755327656700412,0.3041719383559114,False,c4_drift_aware__dirichlet_a1.0__large_norm__seed46,46,dirichlet_a1.0,large_norm,c4_drift_aware
20,0.2184929434580978,0.043201423240805975,0.44266944879696407,0.3041719383559114,False,c4_drift_aware__dirichlet_a1.0__large_norm__seed46,46,dirichlet_a1.0,large_norm,c4_drift_aware
21,0.1940672444093186,0.03393134034615475,0.3701403625995502,0.3041719383559114,False,c4_drift_aware__dirichlet_a1.0__large_norm__seed46,46,dirichlet_a1.0,large_norm,c4_drift_aware
22,0.21193699053506881,0.04660939791852686,0.4537978172740965,0.3041719383559114,False,c4_drift_aware__dirichlet_a1.0__large_norm__seed46,46,dirichlet_a1.0,large_norm,c4_drift_aware
23,0.1879318234908362,0.034494180217449044,0.36692557405720105,0.3041719383559114,False,c4_drift_aware__dirichlet_a1.0__large_norm__seed46,46,dirichlet_a1.0,large_norm,c4_drift_aware
24,0.20549692811276093,0.04376509813689927,0.43259839885494494,0.3041719383559114,False,c4_drift_aware__dirichlet_a1.0__large_norm__seed46,46,dirichlet_a1.0,large_norm,c4_drift_aware
0,0.32571506550240015,0.06433095762383723,0.6595348377082539,0.3041719383559114,False,c4_drift_aware__dirichlet_a1.0__directional_poisoning__seed46,46,dirichlet_a1.0,directional_poisoning,c4_drift_aware
1,0.2962186087572107,0.025831174227272213,0.43025915493994893,0.3041719383559114,False,c4_drift_aware__dirichlet_a1.0__directional_poisoning__seed46,46,dirichlet_a1.0,directional_poisoning,c4_drift_aware
2,0.24915983051606044,0.004060227402972794,0.2702287565328266,0.3041719383559114,False,c4_drift_aware__dirichlet_a1.0__directional_poisoning__seed46,46,dirichlet_a1.0,directional_poisoning,c4_drift_aware
3,0.21575727928157598,0.02887546827528381,0.3655949717088512,0.3041719383559114,False,c4_drift_aware__dirichlet_a1.0__directional_poisoning__seed46,46,dirichlet_a1.0,directional_poisoning,c4_drift_aware
4,0.1941634008583089,0.010784221286535722,0.2501238035362714,0.3041719383559114,False,c4_drift_aware__dirichlet_a1.0__directional_poisoning__seed46,46,dirichlet_a1.0,directional_poisoning,c4_drift_aware
5,0.19260039433205856,0.014392902104434502,0.2672866026421796,0.3041719383559114,False,c4_drift_aware__dirichlet_a1.0__directional_poisoning__seed46,46,dirichlet_a1.0,directional_poisoning,c4_drift_aware
6,0.17778954646882975,0.009146711930189622,0.22525274934577671,0.3041719383559114,False,c4_drift_aware__dirichlet_a1.0__directional_poisoning__seed46,46,dirichlet_a1.0,directional_poisoning,c4_drift_aware
7,0.19501337397307136,0.03393675906741758,0.3711146104498079,0.3041719383559114,False,c4_drift_aware__dirichlet_a1.0__directional_poisoning__seed46,46,dirichlet_a1.0,directional_poisoning,c4_drift_aware
8,0.1788107579862835,0.002652769966407509,0.1925762466189687,0.3041719383559114,False,c4_drift_aware__dirichlet_a1.0__directional_poisoning__seed46,46,dirichlet_a1.0,directional_poisoning,c4_drift_aware
9,0.1890957089482688,0.038812423705550075,0.3904972567987387,0.3041719383559114,False,c4_drift_aware__dirichlet_a1.0__directional_poisoning__seed46,46,dirichlet_a1.0,directional_poisoning,c4_drift_aware
10,0.20770351050708544,0.008102056830436327,0.24974589360590257,0.3041719383559114,False,c4_drift_aware__dirichlet_a1.0__directional_poisoning__seed46,46,dirichlet_a1.0,directional_poisoning,c4_drift_aware
11,0.21387376668725655,0.009593227334122156,0.26365398264674983,0.3041719383559114,False,c4_drift_aware__dirichlet_a1.0__directional_poisoning__seed46,46,dirichlet_a1.0,directional_poisoning,c4_drift_aware
12,0.21270385162558264,0.009002584495376387,0.25941916283054023,0.3041719383559114,False,c4_drift_aware__dirichlet_a1.0__directional_poisoning__seed46,46,dirichlet_a1.0,directional_poisoning,c4_drift_aware
13,0.2200734735012595,0.007423843907772815,0.2585965419230834,0.3041719383559114,False,c4_drift_aware__dirichlet_a1.0__directional_poisoning__seed46,46,dirichlet_a1.0,directional_poisoning,c4_drift_aware
14,0.22250408042854852,0.015741963203379672,0.30419070168720597,0.3041719383559114,False,c4_drift_aware__dirichlet_a1.0__directional_poisoning__seed46,46,dirichlet_a1.0,directional_poisoning,c4_drift_aware
15,0.2156728490708223,0.019128090542982618,0.3149304237074134,0.3041719383559114,False,c4_drift_aware__dirichlet_a1.0__directional_poisoning__seed46,46,dirichlet_a1.0,directional_poisoning,c4_drift_aware
16,0.22515956058086886,0.027092258878089998,0.3657440011251657,0.3041719383559114,False,c4_drift_aware__dirichlet_a1.0__directional_poisoning__seed46,46,dirichlet_a1.0,directional_poisoning,c4_drift_aware
17,0.21549780457275078,0.02529319996110105,0.34674674849090026,0.3041719383559114,False,c4_drift_aware__dirichlet_a1.0__directional_poisoning__seed46,46,dirichlet_a1.0,directional_poisoning,c4_drift_aware
18,0.20871622977094298,0.02114751368344142,0.31845279302568885,0.3041719383559114,False,c4_drift_aware__dirichlet_a1.0__directional_poisoning__seed46,46,dirichlet_a1.0,directional_poisoning,c4_drift_aware
19,0.2109170569331667,0.04506436805530223,0.4447605692089355,0.3041719383559114,False,c4_drift_aware__dirichlet_a1.0__directional_poisoning__seed46,46,dirichlet_a1.0,directional_poisoning,c4_drift_aware
20,0.20386838385786046,0.03414641831589535,0.381057563140873,0.3041719383559114,False,c4_drift_aware__dirichlet_a1.0__directional_poisoning__seed46,46,dirichlet_a1.0,directional_poisoning,c4_drift_aware
21,0.20575668114607154,0.04482990515446411,0.43838354198310125,0.3041719383559114,False,c4_drift_aware__dirichlet_a1.0__directional_poisoning__seed46,46,dirichlet_a1.0,directional_poisoning,c4_drift_aware
22,0.21594470465743557,0.05474101035351778,0.5000012814828747,0.3041719383559114,False,c4_drift_aware__dirichlet_a1.0__directional_poisoning__seed46,46,dirichlet_a1.0,directional_poisoning,c4_drift_aware
23,0.19763185011601714,0.03412686690446173,0.3747195751699595,0.3041719383559114,False,c4_drift_aware__dirichlet_a1.0__directional_poisoning__seed46,46,dirichlet_a1.0,directional_poisoning,c4_drift_aware
24,0.19284449105380871,0.03294842919387361,0.3638171849837383,0.3041719383559114,False,c4_drift_aware__dirichlet_a1.0__directional_poisoning__seed46,46,dirichlet_a1.0,directional_poisoning,c4_drift_aware
0,0.325715118105444,0.06433160578908825,0.6595382537056018,0.3041719383559114,False,c4_drift_aware__dirichlet_a1.0__sparse_coordinate_attack__seed46,46,dirichlet_a1.0,sparse_coordinate_attack,c4_drift_aware
1,0.2961473858040207,0.0257644414598166,0.429841648983155,0.3041719383559114,False,c4_drift_aware__dirichlet_a1.0__sparse_coordinate_attack__seed46,46,dirichlet_a1.0,sparse_coordinate_attack,c4_drift_aware
2,0.24921803779326573,0.004006921657678353,0.2700103549671245,0.3041719383559114,False,c4_drift_aware__dirichlet_a1.0__sparse_coordinate_attack__seed46,46,dirichlet_a1.0,sparse_coordinate_attack,c4_drift_aware
3,0.21578435975972862,0.02892634401630076,0.36588605149471487,0.3041719383559114,False,c4_drift_aware__dirichlet_a1.0__sparse_coordinate_attack__seed46,46,dirichlet_a1.0,sparse_coordinate_attack,c4_drift_aware
4,0.1940628560997341,0.011111400804355687,0.2517210260136162,0.3041719383559114,False,c4_drift_aware__dirichlet_a1.0__sparse_coordinate_attack__seed46,46,dirichlet_a1.0,sparse_coordinate_attack,c4_drift_aware
5,0.1926536956812787,0.014551253455813179,0.2681616049888389,0.3041719383559114,False,c4_drift_aware__dirichlet_a1.0__sparse_coordinate_attack__seed46,46,dirichlet_a1.0,sparse_coordinate_attack,c4_drift_aware
6,0.17780330027595578,0.008889204417370095,0.22393027091813095,0.3041719383559114,False,c4_drift_aware__dirichlet_a1.0__sparse_coordinate_attack__seed46,46,dirichlet_a1.0,sparse_coordinate_attack,c4_drift_aware
7,0.19524234038493132,0.03426672086326846,0.37305578161651765,0.3041719383559114,False,c4_drift_aware__dirichlet_a1.0__sparse_coordinate_attack__seed46,46,dirichlet_a1.0,sparse_coordinate_attack,c4_drift_aware
8,0.17893007368878747,0.0028482079673154415,0.19370970965198403,0.3041719383559114,False,c4_drift_aware__dirichlet_a1.0__sparse_coordinate_attack__seed46,46,dirichlet_a1.0,sparse_coordinate_attack,c4_drift_aware
9,0.18913843811293946,0.03878527152754424,0.3903990905965192,0.3041719383559114,False,c4_drift_aware__dirichlet_a1.0__sparse_coordinate_attack__seed46,46,dirichlet_a1.0,sparse_coordinate_attack,c4_drift_aware
10,0.2086153066077627,0.010513965127775249,0.26317332305230123,0.3041719383559114,False,c4_drift_aware__dirichlet_a1.0__sparse_coordinate_attack__seed46,46,dirichlet_a1.0,sparse_coordinate_attack,c4_drift_aware
11,0.20951577969685664,0.009656415931889956,0.2596238876090268,0.3041719383559114,False,c4_drift_aware__dirichlet_a1.0__sparse_coordinate_attack__seed46,46,dirichlet_a1.0,sparse_coordinate_attack,c4_drift_aware
12,0.22022117778707068,0.010547148297425757,0.2749513850172427,0.3041719383559114,False,c4_drift_aware__dirichlet_a1.0__sparse_coordinate_attack__seed46,46,dirichlet_a1.0,sparse_coordinate_attack,c4_drift_aware
13,0.20770956504144078,0.0059040404504017985,0.23834622134262076,0.3041719383559114,False,c4_drift_aware__dirichlet_a1.0__sparse_coordinate_attack__seed46,46,dirichlet_a1.0,sparse_coordinate_attack,c4_drift_aware
14,0.2063984806098798,0.012832030744729106,0.2729851713473536,0.3041719383559114,False,c4_drift_aware__dirichlet_a1.0__sparse_coordinate_attack__seed46,46,dirichlet_a1.0,sparse_coordinate_attack,c4_drift_aware
15,0.21113356682233772,0.017561951126148417,0.30226428741103445,0.3041719383559114,False,c4_drift_aware__dirichlet_a1.0__sparse_coordinate_attack__seed46,46,dirichlet_a1.0,sparse_coordinate_attack,c4_drift_aware
16,0.20283422681091293,0.02477314244911505,0.33138454029361586,0.3041719383559114,False,c4_drift_aware__dirichlet_a1.0__sparse_coordinate_attack__seed46,46,dirichlet_a1.0,sparse_coordinate_attack,c4_drift_aware
17,0.20737419352755035,0.027561525290429267,0.35039370441211687,0.3041719383559114,False,c4_drift_aware__dirichlet_a1.0__sparse_coordinate_attack__seed46,46,dirichlet_a1.0,sparse_coordinate_attack,c4_drift_aware
18,0.20335903237369635,0.012036278224458657,0.26581648370823474,0.3041719383559114,False,c4_drift_aware__dirichlet_a1.0__sparse_coordinate_attack__seed46,46,dirichlet_a1.0,sparse_coordinate_attack,c4_drift_aware
19,0.2043009407845278,0.030712614759148965,0.3636717700312277,0.3041719383559114,False,c4_drift_aware__dirichlet_a1.0__sparse_coordinate_attack__seed46,46,dirichlet_a1.0,sparse_coordinate_attack,c4_drift_aware
20,0.20785407731863084,0.026355464492700542,0.34461521811770324,0.3041719383559114,False,c4_drift_aware__dirichlet_a1.0__sparse_coordinate_attack__seed46,46,dirichlet_a1.0,sparse_coordinate_attack,c4_drift_aware
21,0.1992807205790752,0.03657205267247568,0.38905675910181875,0.3041719383559114,False,c4_drift_aware__dirichlet_a1.0__sparse_coordinate_attack__seed46,46,dirichlet_a1.0,sparse_coordinate_attack,c4_drift_aware
22,0.1946919840909258,0.027638047279535366,0.33810857522916277,0.3041719383559114,False,c4_drift_aware__dirichlet_a1.0__sparse_coordinate_attack__seed46,46,dirichlet_a1.0,sparse_coordinate_attack,c4_drift_aware
23,0.20550986524324302,0.04287643421826634,0.4279999700452489,0.3041719383559114,False,c4_drift_aware__dirichlet_a1.0__sparse_coordinate_attack__seed46,46,dirichlet_a1.0,sparse_coordinate_attack,c4_drift_aware
24,0.1854297874080879,0.023397482286765775,0.3068416627423442,0.3041719383559114,False,c4_drift_aware__dirichlet_a1.0__sparse_coordinate_attack__seed46,46,dirichlet_a1.0,sparse_coordinate_attack,c4_drift_aware
0,0.3257150686707035,0.06433090136433606,0.6595345489403797,0.3041719383559114,False,c4_drift_aware__dirichlet_a1.0__full_sign_flip__seed46,46,dirichlet_a1.0,full_sign_flip,c4_drift_aware
1,0.2961905828459002,0.025800861992614166,0.4300738358117744,0.3041719383559114,False,c4_drift_aware__dirichlet_a1.0__full_sign_flip__seed46,46,dirichlet_a1.0,full_sign_flip,c4_drift_aware
2,0.24922237616963464,0.0039961518937724205,0.2699588079616091,0.3041719383559114,False,c4_drift_aware__dirichlet_a1.0__full_sign_flip__seed46,46,dirichlet_a1.0,full_sign_flip,c4_drift_aware
3,0.21592871445722686,0.029070374378281805,0.366777794143569,0.3041719383559114,False,c4_drift_aware__dirichlet_a1.0__full_sign_flip__seed46,46,dirichlet_a1.0,full_sign_flip,c4_drift_aware
4,0.19403518237884723,0.010808469687515282,0.2501214124343328,0.3041719383559114,False,c4_drift_aware__dirichlet_a1.0__full_sign_flip__seed46,46,dirichlet_a1.0,full_sign_flip,c4_drift_aware
5,0.1926442443293483,0.01471381299342936,0.2689956913335526,0.3041719383559114,False,c4_drift_aware__dirichlet_a1.0__full_sign_flip__seed46,46,dirichlet_a1.0,full_sign_flip,c4_drift_aware
6,0.17784182948406338,0.008795275358925214,0.2234813928490622,0.3041719383559114,False,c4_drift_aware__dirichlet_a1.0__full_sign_flip__seed46,46,dirichlet_a1.0,full_sign_flip,c4_drift_aware
7,0.194745422739682,0.03383132186996726,0.37029953505512914,0.3041719383559114,False,c4_drift_aware__dirichlet_a1.0__full_sign_flip__seed46,46,dirichlet_a1.0,full_sign_flip,c4_drift_aware
8,0.1789800021102488,0.002852985014417192,0.19378442664856105,0.3041719383559114,False,c4_drift_aware__dirichlet_a1.0__full_sign_flip__seed46,46,dirichlet_a1.0,full_sign_flip,c4_drift_aware
9,0.1890920430040557,0.038765194388461405,0.39024851320522075,0.3041719383559114,False,c4_drift_aware__dirichlet_a1.0__full_sign_flip__seed46,46,dirichlet_a1.0,full_sign_flip,c4_drift_aware
10,0.20775217687214217,0.008074057868193929,0.2496492705559873,0.3041719383559114,False,c4_drift_aware__dirichlet_a1.0__full_sign_flip__seed46,46,dirichlet_a1.0,full_sign_flip,c4_drift_aware
11,0.21388899482348062,0.009584142770274029,0.26362207007270955,0.3041719383559114,False,c4_drift_aware__dirichlet_a1.0__full_sign_flip__seed46,46,dirichlet_a1.0,full_sign_flip,c4_drift_aware
12,0.2129222228574469,0.009055218336353116,0.25991065632661686,0.3041719383559114,False,c4_drift_aware__dirichlet_a1.0__full_sign_flip__seed46,46,dirichlet_a1.0,full_sign_flip,c4_drift_aware
13,0.220108883182559,0.0074126411614420795,0.2585738194333981,0.3041719383559114,False,c4_drift_aware__dirichlet_a1.0__full_sign_flip__seed46,46,dirichlet_a1.0,full_sign_flip,c4_drift_aware
14,0.2224137520598682,0.01612170863195142,0.30607091032192735,0.3041719383559114,False,c4_drift_aware__dirichlet_a1.0__full_sign_flip__seed46,46,dirichlet_a1.0,full_sign_flip,c4_drift_aware
15,0.21565847217718534,0.019209609153921975,0.31533905503780185,0.3041719383559114,False,c4_drift_aware__dirichlet_a1.0__full_sign_flip__seed46,46,dirichlet_a1.0,full_sign_flip,c4_drift_aware
16,0.2250257953087007,0.02745682232667193,0.367501992044034,0.3041719383559114,False,c4_drift_aware__dirichlet_a1.0__full_sign_flip__seed46,46,dirichlet_a1.0,full_sign_flip,c4_drift_aware
17,0.21560126250651082,0.025340281475454307,0.34709451711079076,0.3041719383559114,False,c4_drift_aware__dirichlet_a1.0__full_sign_flip__seed46,46,dirichlet_a1.0,full_sign_flip,c4_drift_aware
18,0.209028240065739,0.021402929218707567,0.32009018007453444,0.3041719383559114,False,c4_drift_aware__dirichlet_a1.0__full_sign_flip__seed46,46,dirichlet_a1.0,full_sign_flip,c4_drift_aware
19,0.21070225018139951,0.04494938986861019,0.4439491291486046,0.3041719383559114,False,c4_drift_aware__dirichlet_a1.0__full_sign_flip__seed46,46,dirichlet_a1.0,full_sign_flip,c4_drift_aware
20,0.20391815480191175,0.03428311437139611,0.38181666358652333,0.3041719383559114,False,c4_drift_aware__dirichlet_a1.0__full_sign_flip__seed46,46,dirichlet_a1.0,full_sign_flip,c4_drift_aware
21,0.20593563313495838,0.0447962661217067,0.4383879376671066,0.3041719383559114,False,c4_drift_aware__dirichlet_a1.0__full_sign_flip__seed46,46,dirichlet_a1.0,full_sign_flip,c4_drift_aware
22,0.2158753622551136,0.05476506312721177,0.5000567513285282,0.3041719383559114,False,c4_drift_aware__dirichlet_a1.0__full_sign_flip__seed46,46,dirichlet_a1.0,full_sign_flip,c4_drift_aware
23,0.19796209330502634,0.034605953136160994,0.37753584472387935,0.3041719383559114,False,c4_drift_aware__dirichlet_a1.0__full_sign_flip__seed46,46,dirichlet_a1.0,full_sign_flip,c4_drift_aware
24,0.19310971218596612,0.03282023224032421,0.36341717930423245,0.3041719383559114,False,c4_drift_aware__dirichlet_a1.0__full_sign_flip__seed46,46,dirichlet_a1.0,full_sign_flip,c4_drift_aware
0,0.32571506596648314,0.06433092313384109,0.659534659200298,0.3041719383559114,False,c4_drift_aware__dirichlet_a1.0__low_norm__seed46,46,dirichlet_a1.0,low_norm,c4_drift_aware
1,0.29618290736533787,0.025784110408854755,0.4299792346879261,0.3041719383559114,False,c4_drift_aware__dirichlet_a1.0__low_norm__seed46,46,dirichlet_a1.0,low_norm,c4_drift_aware
2,0.24913306348837227,0.004086919546765211,0.2703404977084916,0.3041719383559114,False,c4_drift_aware__dirichlet_a1.0__low_norm__seed46,46,dirichlet_a1.0,low_norm,c4_drift_aware
3,0.21575952015207925,0.028847463962225373,0.3654518953984629,0.3041719383559114,False,c4_drift_aware__dirichlet_a1.0__low_norm__seed46,46,dirichlet_a1.0,low_norm,c4_drift_aware
4,0.19423367264133665,0.010718235145146998,0.24985166663301894,0.3041719383559114,False,c4_drift_aware__dirichlet_a1.0__low_norm__seed46,46,dirichlet_a1.0,low_norm,c4_drift_aware
5,0.19264282744306227,0.014584137535751829,0.2683213755298321,0.3041719383559114,False,c4_drift_aware__dirichlet_a1.0__low_norm__seed46,46,dirichlet_a1.0,low_norm,c4_drift_aware
6,0.1778076213985082,0.009097994646250995,0.22501802541736923,0.3041719383559114,False,c4_drift_aware__dirichlet_a1.0__low_norm__seed46,46,dirichlet_a1.0,low_norm,c4_drift_aware
7,0.195083668894173,0.03397560524315871,0.37138648206144786,0.3041719383559114,False,c4_drift_aware__dirichlet_a1.0__low_norm__seed46,46,dirichlet_a1.0,low_norm,c4_drift_aware
8,0.17885136851366382,0.0026987785807780496,0.1928556004471792,0.3041719383559114,False,c4_drift_aware__dirichlet_a1.0__low_norm__seed46,46,dirichlet_a1.0,low_norm,c4_drift_aware
9,0.18902382620455727,0.03869003965360229,0.3897903109710649,0.3041719383559114,False,c4_drift_aware__dirichlet_a1.0__low_norm__seed46,46,dirichlet_a1.0,low_norm,c4_drift_aware
10,0.20288510204058016,0.012913761487479192,0.26989590177525846,0.3041719383559114,False,c4_drift_aware__dirichlet_a1.0__low_norm__seed46,46,dirichlet_a1.0,low_norm,c4_drift_aware
11,0.20043458550739288,0.012717516223562653,0.26642704894308183,0.3041719383559114,False,c4_drift_aware__dirichlet_a1.0__low_norm__seed46,46,dirichlet_a1.0,low_norm,c4_drift_aware
12,0.21045551845474697,0.007948552670121484,0.25170135311527436,0.3041719383559114,False,c4_drift_aware__dirichlet_a1.0__low_norm__seed46,46,dirichlet_a1.0,low_norm,c4_drift_aware
13,0.21767571243424153,0.00531221650780761,0.24524133511490598,0.3041719383559114,False,c4_drift_aware__dirichlet_a1.0__low_norm__seed46,46,dirichlet_a1.0,low_norm,c4_drift_aware
14,0.21030708902358775,0.008329923117632532,0.2535318930732947,0.3041719383559114,False,c4_drift_aware__dirichlet_a1.0__low_norm__seed46,46,dirichlet_a1.0,low_norm,c4_drift_aware
15,0.21209804112397904,0.00910593157702122,0.25934963067029987,0.3041719383559114,False,c4_drift_aware__dirichlet_a1.0__low_norm__seed46,46,dirichlet_a1.0,low_norm,c4_drift_aware
16,0.21131809510575603,0.010499289519601801,0.2657999583519217,0.3041719383559114,False,c4_drift_aware__dirichlet_a1.0__low_norm__seed46,46,dirichlet_a1.0,low_norm,c4_drift_aware
17,0.19247075009917597,0.02795008755954953,0.3375065494544344,0.3041719383559114,False,c4_drift_aware__dirichlet_a1.0__low_norm__seed46,46,dirichlet_a1.0,low_norm,c4_drift_aware
18,0.19100651469554897,0.02665656925577317,0.32933011822068153,0.3041719383559114,False,c4_drift_aware__dirichlet_a1.0__low_norm__seed46,46,dirichlet_a1.0,low_norm,c4_drift_aware
19,0.17129195251190013,0.04056812040712901,0.38180398611653327,0.3041719383559114,False,c4_drift_aware__dirichlet_a1.0__low_norm__seed46,46,dirichlet_a1.0,low_norm,c4_drift_aware
20,0.17640098301894386,0.02905696650644851,0.32718048791755583,0.3041719383559114,False,c4_drift_aware__dirichlet_a1.0__low_norm__seed46,46,dirichlet_a1.0,low_norm,c4_drift_aware
21,0.16426073120394555,0.044322023383600195,0.3942521427437853,0.3041719383559114,False,c4_drift_aware__dirichlet_a1.0__low_norm__seed46,46,dirichlet_a1.0,low_norm,c4_drift_aware
22,0.166867597773337,0.04238494228975967,0.3868073018091289,0.3041719383559114,False,c4_drift_aware__dirichlet_a1.0__low_norm__seed46,46,dirichlet_a1.0,low_norm,c4_drift_aware
23,0.16119836262904041,0.04213108007497224,0.37982075024607886,0.3041719383559114,False,c4_drift_aware__dirichlet_a1.0__low_norm__seed46,46,dirichlet_a1.0,low_norm,c4_drift_aware
24,0.1574921102851554,0.04145022527474526,0.372581474258336,0.3041719383559114,False,c4_drift_aware__dirichlet_a1.0__low_norm__seed46,46,dirichlet_a1.0,low_norm,c4_drift_aware
0,0.19584318036039342,0.012148399164511658,0.25888243846496084,0.3041719383559114,False,c4_drift_aware__dirichlet_a1.0__no_attack__seed47,47,dirichlet_a1.0,no_attack,c4_drift_aware
1,0.2713661347940034,0.016323914520663174,0.3560725596331767,0.3041719383559114,False,c4_drift_aware__dirichlet_a1.0__no_attack__seed47,47,dirichlet_a1.0,no_attack,c4_drift_aware
2,0.2934429352134885,0.028406988846310488,0.44084964103587826,0.3041719383559114,False,c4_drift_aware__dirichlet_a1.0__no_attack__seed47,47,dirichlet_a1.0,no_attack,c4_drift_aware
3,0.2522967086931313,0.03485194756038912,0.43314694977874646,0.3041719383559114,False,c4_drift_aware__dirichlet_a1.0__no_attack__seed47,47,dirichlet_a1.0,no_attack,c4_drift_aware
4,0.23121631043460575,0.03386606494986852,0.40695070806596845,0.3041719383559114,False,c4_drift_aware__dirichlet_a1.0__no_attack__seed47,47,dirichlet_a1.0,no_attack,c4_drift_aware
5,0.2110628052911704,0.030132865372210077,0.3674252569941057,0.3041719383559114,False,c4_drift_aware__dirichlet_a1.0__no_attack__seed47,47,dirichlet_a1.0,no_attack,c4_drift_aware
6,0.2102742512671048,0.011373056569951856,0.26929017911424197,0.3041719383559114,False,c4_drift_aware__dirichlet_a1.0__no_attack__seed47,47,dirichlet_a1.0,no_attack,c4_drift_aware
7,0.19025464041946222,0.0074981133957276735,0.2291631006412327,0.3041719383559114,False,c4_drift_aware__dirichlet_a1.0__no_attack__seed47,47,dirichlet_a1.0,no_attack,c4_drift_aware
8,0.19134888042216003,0.003142335491863213,0.20765477352298742,0.3041719383559114,False,c4_drift_aware__dirichlet_a1.0__no_attack__seed47,47,dirichlet_a1.0,no_attack,c4_drift_aware
9,0.1612736162030636,0.025459153401882872,0.29338370912077405,0.3041719383559114,False,c4_drift_aware__dirichlet_a1.0__no_attack__seed47,47,dirichlet_a1.0,no_attack,c4_drift_aware
10,0.1783316896467264,0.003655477404405749,0.1973003274459283,0.3041719383559114,False,c4_drift_aware__dirichlet_a1.0__no_attack__seed47,47,dirichlet_a1.0,no_attack,c4_drift_aware
11,0.1674541016674425,0.01284590239325592,0.2341127737762868,0.3041719383559114,False,c4_drift_aware__dirichlet_a1.0__no_attack__seed47,47,dirichlet_a1.0,no_attack,c4_drift_aware
12,0.16126156565329886,0.023631503953544047,0.28388780281863424,0.3041719383559114,False,c4_drift_aware__dirichlet_a1.0__no_attack__seed47,47,dirichlet_a1.0,no_attack,c4_drift_aware
13,0.15662635403645592,0.012125781327866264,0.21954824592488675,0.3041719383559114,False,c4_drift_aware__dirichlet_a1.0__no_attack__seed47,47,dirichlet_a1.0,no_attack,c4_drift_aware
14,0.1597826530026532,0.008457584935608553,0.20366990699201953,0.3041719383559114,False,c4_drift_aware__dirichlet_a1.0__no_attack__seed47,47,dirichlet_a1.0,no_attack,c4_drift_aware
15,0.1517182370601812,0.01543122338155467,0.23179239830940654,0.3041719383559114,False,c4_drift_aware__dirichlet_a1.0__no_attack__seed47,47,dirichlet_a1.0,no_attack,c4_drift_aware
16,0.16952593291559623,0.0032729751910970106,0.18650972847971772,0.3041719383559114,False,c4_drift_aware__dirichlet_a1.0__no_attack__seed47,47,dirichlet_a1.0,no_attack,c4_drift_aware
17,0.15018724687349685,0.02412500322087832,0.27537430108695654,0.3041719383559114,False,c4_drift_aware__dirichlet_a1.0__no_attack__seed47,47,dirichlet_a1.0,no_attack,c4_drift_aware
18,0.15423935295580954,0.021504741987523973,0.2658296096032702,0.3041719383559114,False,c4_drift_aware__dirichlet_a1.0__no_attack__seed47,47,dirichlet_a1.0,no_attack,c4_drift_aware
19,0.15127174456481354,0.01885933010769955,0.2491346944266773,0.3041719383559114,False,c4_drift_aware__dirichlet_a1.0__no_attack__seed47,47,dirichlet_a1.0,no_attack,c4_drift_aware
20,0.14882093575716257,0.022331961497589814,0.26470371716430585,0.3041719383559114,False,c4_drift_aware__dirichlet_a1.0__no_attack__seed47,47,dirichlet_a1.0,no_attack,c4_drift_aware
21,0.15892847206355887,0.018663296787193306,0.25577418542198366,0.3041719383559114,False,c4_drift_aware__dirichlet_a1.0__no_attack__seed47,47,dirichlet_a1.0,no_attack,c4_drift_aware
22,0.15962177414520265,0.020330349170150946,0.26511798902403294,0.3041719383559114,False,c4_drift_aware__dirichlet_a1.0__no_attack__seed47,47,dirichlet_a1.0,no_attack,c4_drift_aware
23,0.16275027284690194,0.023676539773283933,0.2856102053844496,0.3041719383559114,False,c4_drift_aware__dirichlet_a1.0__no_attack__seed47,47,dirichlet_a1.0,no_attack,c4_drift_aware
24,0.1733762865805304,0.017654083930318865,0.264985093503348,0.3041719383559114,False,c4_drift_aware__dirichlet_a1.0__no_attack__seed47,47,dirichlet_a1.0,no_attack,c4_drift_aware
0,0.19584307506819204,0.012148291765142427,0.2588817758666926,0.3041719383559114,False,c4_drift_aware__dirichlet_a1.0__large_norm__seed47,47,dirichlet_a1.0,large_norm,c4_drift_aware
1,0.2713677825076604,0.016329235285397037,0.35610181732711416,0.3041719383559114,False,c4_drift_aware__dirichlet_a1.0__large_norm__seed47,47,dirichlet_a1.0,large_norm,c4_drift_aware
2,0.2934425969080066,0.02843572406639694,0.44099841266094697,0.3041719383559114,False,c4_drift_aware__dirichlet_a1.0__large_norm__seed47,47,dirichlet_a1.0,large_norm,c4_drift_aware
3,0.2522885560803093,0.035076784809912304,0.43430550013742525,0.3041719383559114,False,c4_drift_aware__dirichlet_a1.0__large_norm__seed47,47,dirichlet_a1.0,large_norm,c4_drift_aware
4,0.23125688075282738,0.03395719090209001,0.4074641400628627,0.3041719383559114,False,c4_drift_aware__dirichlet_a1.0__large_norm__seed47,47,dirichlet_a1.0,large_norm,c4_drift_aware
5,0.21103894493364983,0.030024276284309287,0.3668379170005591,0.3041719383559114,False,c4_drift_aware__dirichlet_a1.0__large_norm__seed47,47,dirichlet_a1.0,large_norm,c4_drift_aware
6,0.21086960844430103,0.010762068198285846,0.2667150565320261,0.3041719383559114,False,c4_drift_aware__dirichlet_a1.0__large_norm__seed47,47,dirichlet_a1.0,large_norm,c4_drift_aware
7,0.1904152708514315,0.007236400987426783,0.22796567921528782,0.3041719383559114,False,c4_drift_aware__dirichlet_a1.0__large_norm__seed47,47,dirichlet_a1.0,large_norm,c4_drift_aware
8,0.1914064423809715,0.0033430148482445354,0.2087536807299972,0.3041719383559114,False,c4_drift_aware__dirichlet_a1.0__large_norm__seed47,47,dirichlet_a1.0,large_norm,c4_drift_aware
9,0.16127768418175814,0.025369249842164265,0.29292125853773276,0.3041719383559114,False,c4_drift_aware__dirichlet_a1.0__large_norm__seed47,47,dirichlet_a1.0,large_norm,c4_drift_aware
10,0.1740270933740182,0.05206668669804339,0.4442063373188352,0.3041719383559114,False,c4_drift_aware__dirichlet_a1.0__large_norm__seed47,47,dirichlet_a1.0,large_norm,c4_drift_aware
11,0.19169673206246826,0.05458172252282201,0.474926748405644,0.3041719383559114,False,c4_drift_aware__dirichlet_a1.0__large_norm__seed47,47,dirichlet_a1.0,large_norm,c4_drift_aware
12,0.1768751969583273,0.055267348995831925,0.4636629976325988,0.3041719383559114,False,c4_drift_aware__dirichlet_a1.0__large_norm__seed47,47,dirichlet_a1.0,large_norm,c4_drift_aware
13,0.2166641367493477,0.09208572837269989,0.6945061898481246,0.3041719383559114,False,c4_drift_aware__dirichlet_a1.0__large_norm__seed47,47,dirichlet_a1.0,large_norm,c4_drift_aware
14,0.18650659742388276,0.06447203489505629,0.5210584336978193,0.3041719383559114,False,c4_drift_aware__dirichlet_a1.0__large_norm__seed47,47,dirichlet_a1.0,large_norm,c4_drift_aware
15,0.20595418270294838,0.10155997565691745,0.7329590523842587,0.3041719383559114,False,c4_drift_aware__dirichlet_a1.0__large_norm__seed47,47,dirichlet_a1.0,large_norm,c4_drift_aware
16,0.18258080831452905,0.05683325253281257,0.4774942390325468,0.3041719383559114,False,c4_drift_aware__dirichlet_a1.0__large_norm__seed47,47,dirichlet_a1.0,large_norm,c4_drift_aware
17,0.2098969910949962,0.10095267753228071,0.733750530077754,0.3041719383559114,False,c4_drift_aware__dirichlet_a1.0__large_norm__seed47,47,dirichlet_a1.0,large_norm,c4_drift_aware
18,0.2567374062656133,0.008483110712701136,0.30075711606489075,0.3041719383559114,False,c4_drift_aware__dirichlet_a1.0__large_norm__seed47,47,dirichlet_a1.0,large_norm,c4_drift_aware
19,0.2123740618331674,0.05551485441148693,0.5004461928598142,0.3041719383559114,False,c4_drift_aware__dirichlet_a1.0__large_norm__seed47,47,dirichlet_a1.0,large_norm,c4_drift_aware
20,0.1986502739316442,0.05844462279892301,0.5019252660975355,0.3041719383559114,False,c4_drift_aware__dirichlet_a1.0__large_norm__seed47,47,dirichlet_a1.0,large_norm,c4_drift_aware
21,0.23564505838738398,0.09993338933232088,0.7542094089717302,0.3041719383559114,False,c4_drift_aware__dirichlet_a1.0__large_norm__seed47,47,dirichlet_a1.0,large_norm,c4_drift_aware
22,0.2015542875052549,0.054850549807440946,0.48617927551104667,0.3041719383559114,False,c4_drift_aware__dirichlet_a1.0__large_norm__seed47,47,dirichlet_a1.0,large_norm,c4_drift_aware
23,0.2330377664977487,0.07677682986429826,0.6314404143465788,0.3041719383559114,False,c4_drift_aware__dirichlet_a1.0__large_norm__seed47,47,dirichlet_a1.0,large_norm,c4_drift_aware
24,0.2604090943945218,0.052626764111919605,0.5334946360476838,0.3041719383559114,False,c4_drift_aware__dirichlet_a1.0__large_norm__seed47,47,dirichlet_a1.0,large_norm,c4_drift_aware
0,0.1958410041673417,0.01214617034406068,0.25886869669970697,0.3041719383559114,False,c4_drift_aware__dirichlet_a1.0__directional_poisoning__seed47,47,dirichlet_a1.0,directional_poisoning,c4_drift_aware
1,0.2713682188248041,0.016332370475771962,0.3561185224606324,0.3041719383559114,False,c4_drift_aware__dirichlet_a1.0__directional_poisoning__seed47,47,dirichlet_a1.0,directional_poisoning,c4_drift_aware
2,0.2934252242525751,0.02835810190326382,0.4405782508388014,0.3041719383559114,False,c4_drift_aware__dirichlet_a1.0__directional_poisoning__seed47,47,dirichlet_a1.0,directional_poisoning,c4_drift_aware
3,0.2522905805843048,0.03493685236029043,0.4335814011670879,0.3041719383559114,False,c4_drift_aware__dirichlet_a1.0__directional_poisoning__seed47,47,dirichlet_a1.0,directional_poisoning,c4_drift_aware
4,0.2311124804646709,0.03396585885037237,0.4073647186251381,0.3041719383559114,False,c4_drift_aware__dirichlet_a1.0__directional_poisoning__seed47,47,dirichlet_a1.0,directional_poisoning,c4_drift_aware
5,0.2110932451308954,0.030000545640972764,0.3667690765164672,0.3041719383559114,False,c4_drift_aware__dirichlet_a1.0__directional_poisoning__seed47,47,dirichlet_a1.0,directional_poisoning,c4_drift_aware
6,0.21083819366808818,0.010895089278765202,0.26737390144452866,0.3041719383559114,False,c4_drift_aware__dirichlet_a1.0__directional_poisoning__seed47,47,dirichlet_a1.0,directional_poisoning,c4_drift_aware
7,0.1903241323330059,0.007475809479090018,0.2291168553009519,0.3041719383559114,False,c4_drift_aware__dirichlet_a1.0__directional_poisoning__seed47,47,dirichlet_a1.0,directional_poisoning,c4_drift_aware
8,0.191435889920574,0.0028214334141797304,0.20607659005009404,0.3041719383559114,False,c4_drift_aware__dirichlet_a1.0__directional_poisoning__seed47,47,dirichlet_a1.0,directional_poisoning,c4_drift_aware
9,0.16132601490126547,0.025350247222734906,0.2928709827647592,0.3041719383559114,False,c4_drift_aware__dirichlet_a1.0__directional_poisoning__seed47,47,dirichlet_a1.0,directional_poisoning,c4_drift_aware
10,0.17845352358781294,0.003607316958418205,0.19717225201674085,0.3041719383559114,False,c4_drift_aware__dirichlet_a1.0__directional_poisoning__seed47,47,dirichlet_a1.0,directional_poisoning,c4_drift_aware
11,0.15939508925917342,0.002602383593898583,0.17289911796627255,0.3041719383559114,False,c4_drift_aware__dirichlet_a1.0__directional_poisoning__seed47,47,dirichlet_a1.0,directional_poisoning,c4_drift_aware
12,0.16150001479069498,0.015009259251332119,0.23938456197178248,0.3041719383559114,False,c4_drift_aware__dirichlet_a1.0__directional_poisoning__seed47,47,dirichlet_a1.0,directional_poisoning,c4_drift_aware
13,0.15567628061230393,0.007807674766558553,0.19619108574345293,0.3041719383559114,False,c4_drift_aware__dirichlet_a1.0__directional_poisoning__seed47,47,dirichlet_a1.0,directional_poisoning,c4_drift_aware
14,0.15188258367203164,0.01772286662266767,0.24384831086371644,0.3041719383559114,False,c4_drift_aware__dirichlet_a1.0__directional_poisoning__seed47,47,dirichlet_a1.0,directional_poisoning,c4_drift_aware
15,0.14624537885400518,0.022583818393874217,0.26343507088165785,0.3041719383559114,False,c4_drift_aware__dirichlet_a1.0__directional_poisoning__seed47,47,dirichlet_a1.0,directional_poisoning,c4_drift_aware
16,0.15828682910991823,0.018502982483585007,0.2543006555154892,0.3041719383559114,False,c4_drift_aware__dirichlet_a1.0__directional_poisoning__seed47,47,dirichlet_a1.0,directional_poisoning,c4_drift_aware
17,0.14696158732332215,0.01879001621025886,0.2444648604399764,0.3041719383559114,False,c4_drift_aware__dirichlet_a1.0__directional_poisoning__seed47,47,dirichlet_a1.0,directional_poisoning,c4_drift_aware
18,0.1612114598063865,0.03264224807643562,0.3305953492998186,0.3041719383559114,False,c4_drift_aware__dirichlet_a1.0__directional_poisoning__seed47,47,dirichlet_a1.0,directional_poisoning,c4_drift_aware
19,0.1430051209386249,0.006916624566262186,0.17889617747541603,0.3041719383559114,False,c4_drift_aware__dirichlet_a1.0__directional_poisoning__seed47,47,dirichlet_a1.0,directional_poisoning,c4_drift_aware
20,0.14054611622325913,0.022295373758630485,0.2562390401941686,0.3041719383559114,False,c4_drift_aware__dirichlet_a1.0__directional_poisoning__seed47,47,dirichlet_a1.0,directional_poisoning,c4_drift_aware
21,0.15256307751352222,0.024555344518681077,0.2799832157554102,0.3041719383559114,False,c4_drift_aware__dirichlet_a1.0__directional_poisoning__seed47,47,dirichlet_a1.0,directional_poisoning,c4_drift_aware
22,0.15074286685665098,0.015114321500309558,0.22917259255390732,0.3041719383559114,False,c4_drift_aware__dirichlet_a1.0__directional_poisoning__seed47,47,dirichlet_a1.0,directional_poisoning,c4_drift_aware
23,0.1483488210870674,0.014728969455874902,0.22477891649054785,0.3041719383559114,False,c4_drift_aware__dirichlet_a1.0__directional_poisoning__seed47,47,dirichlet_a1.0,directional_poisoning,c4_drift_aware
24,0.1631062645424038,0.020538012760933394,0.26968006656016325,0.3041719383559114,False,c4_drift_aware__dirichlet_a1.0__directional_poisoning__seed47,47,dirichlet_a1.0,directional_poisoning,c4_drift_aware
0,0.1958409159077581,0.012146106630758796,0.25886827782542854,0.3041719383559114,False,c4_drift_aware__dirichlet_a1.0__sparse_coordinate_attack__seed47,47,dirichlet_a1.0,sparse_coordinate_attack,c4_drift_aware
1,0.2713690343988946,0.016333422964750655,0.3561247995052822,0.3041719383559114,False,c4_drift_aware__dirichlet_a1.0__sparse_coordinate_attack__seed47,47,dirichlet_a1.0,sparse_coordinate_attack,c4_drift_aware
2,0.2934452706878491,0.028405130798832112,0.44084233491606883,0.3041719383559114,False,c4_drift_aware__dirichlet_a1.0__sparse_coordinate_attack__seed47,47,dirichlet_a1.0,sparse_coordinate_attack,c4_drift_aware
3,0.25227134595668904,0.034895322395670614,0.43334666340006345,0.3041719383559114,False,c4_drift_aware__dirichlet_a1.0__sparse_coordinate_attack__seed47,47,dirichlet_a1.0,sparse_coordinate_attack,c4_drift_aware
4,0.23120572049717125,0.033919842973029024,0.4072191776685161,0.3041719383559114,False,c4_drift_aware__dirichlet_a1.0__sparse_coordinate_attack__seed47,47,dirichlet_a1.0,sparse_coordinate_attack,c4_drift_aware
5,0.21115370680066972,0.030038219986629644,0.3670250341332896,0.3041719383559114,False,c4_drift_aware__dirichlet_a1.0__sparse_coordinate_attack__seed47,47,dirichlet_a1.0,sparse_coordinate_attack,c4_drift_aware
6,0.21022544039314156,0.011433816510757061,0.269556657649111,0.3041719383559114,False,c4_drift_aware__dirichlet_a1.0__sparse_coordinate_attack__seed47,47,dirichlet_a1.0,sparse_coordinate_attack,c4_drift_aware
7,0.19020392821666937,0.007554042018677265,0.22940260765578757,0.3041719383559114,False,c4_drift_aware__dirichlet_a1.0__sparse_coordinate_attack__seed47,47,dirichlet_a1.0,sparse_coordinate_attack,c4_drift_aware
8,0.191394710623794,0.0030594160866913855,0.20727032663924427,0.3041719383559114,False,c4_drift_aware__dirichlet_a1.0__sparse_coordinate_attack__seed47,47,dirichlet_a1.0,sparse_coordinate_attack,c4_drift_aware
9,0.16130073757781882,0.02550712417313153,0.29365975562461566,0.3041719383559114,False,c4_drift_aware__dirichlet_a1.0__sparse_coordinate_attack__seed47,47,dirichlet_a1.0,sparse_coordinate_attack,c4_drift_aware
10,0.16994797516822152,0.03734092728484503,0.3637137809420109,0.3041719383559114,False,c4_drift_aware__dirichlet_a1.0__sparse_coordinate_attack__seed47,47,dirichlet_a1.0,sparse_coordinate_attack,c4_drift_aware
11,0.16234232584638755,0.026761253163869958,0.30120914463902515,0.3041719383559114,False,c4_drift_aware__dirichlet_a1.0__sparse_coordinate_attack__seed47,47,dirichlet_a1.0,sparse_coordinate_attack,c4_drift_aware
12,0.15590536911937591,0.021645861183876763,0.26822790738863084,0.3041719383559114,False,c4_drift_aware__dirichlet_a1.0__sparse_coordinate_attack__seed47,47,dirichlet_a1.0,sparse_coordinate_attack,c4_drift_aware
13,0.14779763810770366,0.0078029626410522634,0.18828799154838796,0.3041719383559114,False,c4_drift_aware__dirichlet_a1.0__sparse_coordinate_attack__seed47,47,dirichlet_a1.0,sparse_coordinate_attack,c4_drift_aware
14,0.1585673255313514,0.034790234971575656,0.33909733382235463,0.3041719383559114,False,c4_drift_aware__dirichlet_a1.0__sparse_coordinate_attack__seed47,47,dirichlet_a1.0,sparse_coordinate_attack,c4_drift_aware
15,0.14351949201883354,0.008751526552370936,0.18893203845174156,0.3041719383559114,False,c4_drift_aware__dirichlet_a1.0__sparse_coordinate_attack__seed47,47,dirichlet_a1.0,sparse_coordinate_attack,c4_drift_aware
16,0.150166586731488,0.02524974462309476,0.28119003655518904,0.3041719383559114,False,c4_drift_aware__dirichlet_a1.0__sparse_coordinate_attack__seed47,47,dirichlet_a1.0,sparse_coordinate_attack,c4_drift_aware
17,0.14611391856893347,0.016065991970830168,0.2294819575047683,0.3041719383559114,False,c4_drift_aware__dirichlet_a1.0__sparse_coordinate_attack__seed47,47,dirichlet_a1.0,sparse_coordinate_attack,c4_drift_aware
18,0.14892492523079895,0.025274081440126647,0.28007466123176017,0.3041719383559114,False,c4_drift_aware__dirichlet_a1.0__sparse_coordinate_attack__seed47,47,dirichlet_a1.0,sparse_coordinate_attack,c4_drift_aware
19,0.14678370785033168,0.021434557612805466,0.2580097707589405,0.3041719383559114,False,c4_drift_aware__dirichlet_a1.0__sparse_coordinate_attack__seed47,47,dirichlet_a1.0,sparse_coordinate_attack,c4_drift_aware
20,0.1511483838606551,0.009086134711488975,0.19829724549204253,0.3041719383559114,False,c4_drift_aware__dirichlet_a1.0__sparse_coordinate_attack__seed47,47,dirichlet_a1.0,sparse_coordinate_attack,c4_drift_aware
21,0.1457175693317981,0.016338372164999032,0.23049901633319458,0.3041719383559114,False,c4_drift_aware__dirichlet_a1.0__sparse_coordinate_attack__seed47,47,dirichlet_a1.0,sparse_coordinate_attack,c4_drift_aware
22,0.15230234964059688,0.018111738132559563,0.24628596998426172,0.3041719383559114,False,c4_drift_aware__dirichlet_a1.0__sparse_coordinate_attack__seed47,47,dirichlet_a1.0,sparse_coordinate_attack,c4_drift_aware
23,0.1539524829771295,0.021813202768239226,0.26714337346179967,0.3041719383559114,False,c4_drift_aware__dirichlet_a1.0__sparse_coordinate_attack__seed47,47,dirichlet_a1.0,sparse_coordinate_attack,c4_drift_aware
24,0.1714191551674056,0.02696701602500695,0.31135369802276913,0.3041719383559114,False,c4_drift_aware__dirichlet_a1.0__sparse_coordinate_attack__seed47,47,dirichlet_a1.0,sparse_coordinate_attack,c4_drift_aware
0,0.1958409892924832,0.012146144365912104,0.2588685470216377,0.3041719383559114,False,c4_drift_aware__dirichlet_a1.0__full_sign_flip__seed47,47,dirichlet_a1.0,full_sign_flip,c4_drift_aware
1,0.27136760924842307,0.016334613209216586,0.35612955065236884,0.3041719383559114,False,c4_drift_aware__dirichlet_a1.0__full_sign_flip__seed47,47,dirichlet_a1.0,full_sign_flip,c4_drift_aware
2,0.29344557561174267,0.02841935094962411,0.4409164296244371,0.3041719383559114,False,c4_drift_aware__dirichlet_a1.0__full_sign_flip__seed47,47,dirichlet_a1.0,full_sign_flip,c4_drift_aware
3,0.25226204173720423,0.03490874289512694,0.4334069994943074,0.3041719383559114,False,c4_drift_aware__dirichlet_a1.0__full_sign_flip__seed47,47,dirichlet_a1.0,full_sign_flip,c4_drift_aware
4,0.23118557928553224,0.033924525719528864,0.40722333569673946,0.3041719383559114,False,c4_drift_aware__dirichlet_a1.0__full_sign_flip__seed47,47,dirichlet_a1.0,full_sign_flip,c4_drift_aware
5,0.211008908470412,0.029889942381485318,0.3661108084821775,0.3041719383559114,False,c4_drift_aware__dirichlet_a1.0__full_sign_flip__seed47,47,dirichlet_a1.0,full_sign_flip,c4_drift_aware
6,0.2107997822062012,0.01087786685834205,0.26724612112082397,0.3041719383559114,False,c4_drift_aware__dirichlet_a1.0__full_sign_flip__seed47,47,dirichlet_a1.0,full_sign_flip,c4_drift_aware
7,0.19062103156208005,0.006947143481377233,0.22667045380129464,0.3041719383559114,False,c4_drift_aware__dirichlet_a1.0__full_sign_flip__seed47,47,dirichlet_a1.0,full_sign_flip,c4_drift_aware
8,0.19136599088227452,0.002872517898844268,0.2062717735111673,0.3041719383559114,False,c4_drift_aware__dirichlet_a1.0__full_sign_flip__seed47,47,dirichlet_a1.0,full_sign_flip,c4_drift_aware
9,0.16135987251199216,0.025413329375177512,0.29323217997272577,0.3041719383559114,False,c4_drift_aware__dirichlet_a1.0__full_sign_flip__seed47,47,dirichlet_a1.0,full_sign_flip,c4_drift_aware
10,0.17833414254268834,0.0036488688778503198,0.19726848803674144,0.3041719383559114,False,c4_drift_aware__dirichlet_a1.0__full_sign_flip__seed47,47,dirichlet_a1.0,full_sign_flip,c4_drift_aware
11,0.15935649807109672,0.0025740347333480518,0.1727134217059131,0.3041719383559114,False,c4_drift_aware__dirichlet_a1.0__full_sign_flip__seed47,47,dirichlet_a1.0,full_sign_flip,c4_drift_aware
12,0.16148181009328025,0.015076177137240743,0.2397136008761362,0.3041719383559114,False,c4_drift_aware__dirichlet_a1.0__full_sign_flip__seed47,47,dirichlet_a1.0,full_sign_flip,c4_drift_aware
13,0.15560461608307355,0.007828004715570075,0.19622491535263822,0.3041719383559114,False,c4_drift_aware__dirichlet_a1.0__full_sign_flip__seed47,47,dirichlet_a1.0,full_sign_flip,c4_drift_aware
14,0.15195449882426307,0.01785058000782136,0.24458294354284887,0.3041719383559114,False,c4_drift_aware__dirichlet_a1.0__full_sign_flip__seed47,47,dirichlet_a1.0,full_sign_flip,c4_drift_aware
15,0.1464610226705441,0.02279753009556,0.26475968608941447,0.3041719383559114,False,c4_drift_aware__dirichlet_a1.0__full_sign_flip__seed47,47,dirichlet_a1.0,full_sign_flip,c4_drift_aware
16,0.15871869592480273,0.018997723868792143,0.25729978485235205,0.3041719383559114,False,c4_drift_aware__dirichlet_a1.0__full_sign_flip__seed47,47,dirichlet_a1.0,full_sign_flip,c4_drift_aware
17,0.14689594787386298,0.018899168244872366,0.24496562181333018,0.3041719383559114,False,c4_drift_aware__dirichlet_a1.0__full_sign_flip__seed47,47,dirichlet_a1.0,full_sign_flip,c4_drift_aware
18,0.16131363945524108,0.03225117374584538,0.3286682051398073,0.3041719383559114,False,c4_drift_aware__dirichlet_a1.0__full_sign_flip__seed47,47,dirichlet_a1.0,full_sign_flip,c4_drift_aware
19,0.14314721588093596,0.006938274965549662,0.1791506185046697,0.3041719383559114,False,c4_drift_aware__dirichlet_a1.0__full_sign_flip__seed47,47,dirichlet_a1.0,full_sign_flip,c4_drift_aware
20,0.14107603993182866,0.022463434230404866,0.2576410464968225,0.3041719383559114,False,c4_drift_aware__dirichlet_a1.0__full_sign_flip__seed47,47,dirichlet_a1.0,full_sign_flip,c4_drift_aware
21,0.1523442887570467,0.024119680399944637,0.27750372232039944,0.3041719383559114,False,c4_drift_aware__dirichlet_a1.0__full_sign_flip__seed47,47,dirichlet_a1.0,full_sign_flip,c4_drift_aware
22,0.15070689204076862,0.014880575315726674,0.2279236854116059,0.3041719383559114,False,c4_drift_aware__dirichlet_a1.0__full_sign_flip__seed47,47,dirichlet_a1.0,full_sign_flip,c4_drift_aware
23,0.1484193628140875,0.014872924116285824,0.22559645334590625,0.3041719383559114,False,c4_drift_aware__dirichlet_a1.0__full_sign_flip__seed47,47,dirichlet_a1.0,full_sign_flip,c4_drift_aware
24,0.1629957054707651,0.020490601926109853,0.2693234879255417,0.3041719383559114,False,c4_drift_aware__dirichlet_a1.0__full_sign_flip__seed47,47,dirichlet_a1.0,full_sign_flip,c4_drift_aware
0,0.19584101366702586,0.012146231187545542,0.2588690219223184,0.3041719383559114,False,c4_drift_aware__dirichlet_a1.0__low_norm__seed47,47,dirichlet_a1.0,low_norm,c4_drift_aware
1,0.2713707768428486,0.016326460984298186,0.3560904155364703,0.3041719383559114,False,c4_drift_aware__dirichlet_a1.0__low_norm__seed47,47,dirichlet_a1.0,low_norm,c4_drift_aware
2,0.29341943369466106,0.028389794896904297,0.44073691839418716,0.3041719383559114,False,c4_drift_aware__dirichlet_a1.0__low_norm__seed47,47,dirichlet_a1.0,low_norm,c4_drift_aware
3,0.25226429921033744,0.03501803480470653,0.4339763836154401,0.3041719383559114,False,c4_drift_aware__dirichlet_a1.0__low_norm__seed47,47,dirichlet_a1.0,low_norm,c4_drift_aware
4,0.23105847881708624,0.03410657409672696,0.4080409024624121,0.3041719383559114,False,c4_drift_aware__dirichlet_a1.0__low_norm__seed47,47,dirichlet_a1.0,low_norm,c4_drift_aware
5,0.21103452130335837,0.029957481106123646,0.3664868865111446,0.3041719383559114,False,c4_drift_aware__dirichlet_a1.0__low_norm__seed47,47,dirichlet_a1.0,low_norm,c4_drift_aware
6,0.21020599118015887,0.011511280047000083,0.269939174472047,0.3041719383559114,False,c4_drift_aware__dirichlet_a1.0__low_norm__seed47,47,dirichlet_a1.0,low_norm,c4_drift_aware
7,0.1904785281196511,0.007025963252641959,0.2269369540339355,0.3041719383559114,False,c4_drift_aware__dirichlet_a1.0__low_norm__seed47,47,dirichlet_a1.0,low_norm,c4_drift_aware
8,0.19133073735782824,0.0034549302582897456,0.20925871596111956,0.3041719383559114,False,c4_drift_aware__dirichlet_a1.0__low_norm__seed47,47,dirichlet_a1.0,low_norm,c4_drift_aware
9,0.16128272856370654,0.025520516247380637,0.2937112394229894,0.3041719383559114,False,c4_drift_aware__dirichlet_a1.0__low_norm__seed47,47,dirichlet_a1.0,low_norm,c4_drift_aware
10,0.12036178050592877,0.05799334646584195,0.4212950546518292,0.3041719383559114,False,c4_drift_aware__dirichlet_a1.0__low_norm__seed47,47,dirichlet_a1.0,low_norm,c4_drift_aware
11,0.13423417303905955,0.024352929448738653,0.26060395924150925,0.3041719383559114,False,c4_drift_aware__dirichlet_a1.0__low_norm__seed47,47,dirichlet_a1.0,low_norm,c4_drift_aware
12,0.11868509507772058,0.03702737066769686,0.31082382420946636,0.3041719383559114,False,c4_drift_aware__dirichlet_a1.0__low_norm__seed47,47,dirichlet_a1.0,low_norm,c4_drift_aware
13,0.14056175386650518,0.023860886709126644,0.26437828108883427,0.3041719383559114,False,c4_drift_aware__dirichlet_a1.0__low_norm__seed47,47,dirichlet_a1.0,low_norm,c4_drift_aware
14,0.13282077334811213,0.02140245893913431,0.24388027302917398,0.3041719383559114,False,c4_drift_aware__dirichlet_a1.0__low_norm__seed47,47,dirichlet_a1.0,low_norm,c4_drift_aware
15,0.12390644069713237,0.022675976730162514,0.24157435154761867,0.3041719383559114,False,c4_drift_aware__dirichlet_a1.0__low_norm__seed47,47,dirichlet_a1.0,low_norm,c4_drift_aware
16,0.1383644184176585,0.02134926081147573,0.2491478676944872,0.3041719383559114,False,c4_drift_aware__dirichlet_a1.0__low_norm__seed47,47,dirichlet_a1.0,low_norm,c4_drift_aware
17,0.14239322825158715,0.023530925831751426,0.2644975554851285,0.3041719383559114,False,c4_drift_aware__dirichlet_a1.0__low_norm__seed47,47,dirichlet_a1.0,low_norm,c4_drift_aware
18,0.11555959712814913,0.04619899802620418,0.35529081778592525,0.3041719383559114,False,c4_drift_aware__dirichlet_a1.0__low_norm__seed47,47,dirichlet_a1.0,low_norm,c4_drift_aware
19,0.1337300676170075,0.01322351549883416,0.20234821189200786,0.3041719383559114,False,c4_drift_aware__dirichlet_a1.0__low_norm__seed47,47,dirichlet_a1.0,low_norm,c4_drift_aware
20,0.13115125995105656,0.01615389801540411,0.21497545214279,0.3041719383559114,False,c4_drift_aware__dirichlet_a1.0__low_norm__seed47,47,dirichlet_a1.0,low_norm,c4_drift_aware
21,0.12504883422024765,0.02673234113200132,0.26376562558831573,0.3041719383559114,False,c4_drift_aware__dirichlet_a1.0__low_norm__seed47,47,dirichlet_a1.0,low_norm,c4_drift_aware
22,0.14434589946203635,0.011395998313067507,0.20348087430837494,0.3041719383559114,False,c4_drift_aware__dirichlet_a1.0__low_norm__seed47,47,dirichlet_a1.0,low_norm,c4_drift_aware
23,0.1272151555353118,0.020599192556166934,0.23410642562851763,0.3041719383559114,False,c4_drift_aware__dirichlet_a1.0__low_norm__seed47,47,dirichlet_a1.0,low_norm,c4_drift_aware
24,0.14115807890209528,0.02306751240985422,0.2608577075480698,0.3041719383559114,False,c4_drift_aware__dirichlet_a1.0__low_norm__seed47,47,dirichlet_a1.0,low_norm,c4_drift_aware
0,0.26618980842925727,0.04532370538160868,0.5013790480249629,0.3041719383559114,False,c4_drift_aware__dirichlet_a1.0__no_attack__seed48,48,dirichlet_a1.0,no_attack,c4_drift_aware
1,0.2199820813566778,0.04981208265274578,0.47846195945004094,0.3041719383559114,False,c4_drift_aware__dirichlet_a1.0__no_attack__seed48,48,dirichlet_a1.0,no_attack,c4_drift_aware
2,0.1876230435305916,0.0498174341608211,0.4461306911345083,0.3041719383559114,False,c4_drift_aware__dirichlet_a1.0__no_attack__seed48,48,dirichlet_a1.0,no_attack,c4_drift_aware
3,0.1763555975978086,0.05861002258327902,0.4804888657847018,0.3041719383559114,False,c4_drift_aware__dirichlet_a1.0__no_attack__seed48,48,dirichlet_a1.0,no_attack,c4_drift_aware
4,0.1581941278826584,0.04632833636702342,0.39859649812477965,0.3041719383559114,False,c4_drift_aware__dirichlet_a1.0__no_attack__seed48,48,dirichlet_a1.0,no_attack,c4_drift_aware
5,0.14796135202923769,0.038393914794758066,0.3471912152907167,0.3041719383559114,False,c4_drift_aware__dirichlet_a1.0__no_attack__seed48,48,dirichlet_a1.0,no_attack,c4_drift_aware
6,0.13903392265410852,0.03876505613037608,0.34018967542024303,0.3041719383559114,False,c4_drift_aware__dirichlet_a1.0__no_attack__seed48,48,dirichlet_a1.0,no_attack,c4_drift_aware
7,0.147678357894109,0.04358677980906607,0.37385451700133376,0.3041719383559114,False,c4_drift_aware__dirichlet_a1.0__no_attack__seed48,48,dirichlet_a1.0,no_attack,c4_drift_aware
8,0.1300292405509776,0.02365816373223012,0.2527938179738929,0.3041719383559114,False,c4_drift_aware__dirichlet_a1.0__no_attack__seed48,48,dirichlet_a1.0,no_attack,c4_drift_aware
9,0.1399812006895311,0.014712949879756715,0.21632816891057666,0.3041719383559114,False,c4_drift_aware__dirichlet_a1.0__no_attack__seed48,48,dirichlet_a1.0,no_attack,c4_drift_aware
10,0.14226900921530355,0.019701742898709393,0.24450332329099644,0.3041719383559114,False,c4_drift_aware__dirichlet_a1.0__no_attack__seed48,48,dirichlet_a1.0,no_attack,c4_drift_aware
11,0.1666162332917858,0.01933679639256597,0.2669568034524499,0.3041719383559114,False,c4_drift_aware__dirichlet_a1.0__no_attack__seed48,48,dirichlet_a1.0,no_attack,c4_drift_aware
12,0.17537795235617662,0.015559364248931395,0.25611704938030655,0.3041719383559114,False,c4_drift_aware__dirichlet_a1.0__no_attack__seed48,48,dirichlet_a1.0,no_attack,c4_drift_aware
13,0.17679421405590406,0.005701127620961588,0.20637793539383584,0.3041719383559114,False,c4_drift_aware__dirichlet_a1.0__no_attack__seed48,48,dirichlet_a1.0,no_attack,c4_drift_aware
14,0.1798297856349064,0.009192702924338048,0.22753164037958895,0.3041719383559114,False,c4_drift_aware__dirichlet_a1.0__no_attack__seed48,48,dirichlet_a1.0,no_attack,c4_drift_aware
15,0.1767338999682682,0.003878029551007356,0.19685738311140047,0.3041719383559114,False,c4_drift_aware__dirichlet_a1.0__no_attack__seed48,48,dirichlet_a1.0,no_attack,c4_drift_aware
16,0.17497750153294134,0.005539869590900609,0.2037244388270837,0.3041719383559114,False,c4_drift_aware__dirichlet_a1.0__no_attack__seed48,48,dirichlet_a1.0,no_attack,c4_drift_aware
17,0.17057828947609466,0.004888847505489208,0.19594700806682872,0.3041719383559114,False,c4_drift_aware__dirichlet_a1.0__no_attack__seed48,48,dirichlet_a1.0,no_attack,c4_drift_aware
18,0.18355298776770446,0.02133319850370824,0.29425308812329687,0.3041719383559114,False,c4_drift_aware__dirichlet_a1.0__no_attack__seed48,48,dirichlet_a1.0,no_attack,c4_drift_aware
19,0.17697044407941898,0.0018229660233955725,0.18642999707142094,0.3041719383559114,False,c4_drift_aware__dirichlet_a1.0__no_attack__seed48,48,dirichlet_a1.0,no_attack,c4_drift_aware
20,0.17683864675790895,0.024821510020686888,0.3056399444062553,0.3041719383559114,False,c4_drift_aware__dirichlet_a1.0__no_attack__seed48,48,dirichlet_a1.0,no_attack,c4_drift_aware
21,0.18211369932811458,0.01699101323026092,0.27028176608126153,0.3041719383559114,False,c4_drift_aware__dirichlet_a1.0__no_attack__seed48,48,dirichlet_a1.0,no_attack,c4_drift_aware
22,0.18182016763535644,0.014859814827395568,0.2589292327561948,0.3041719383559114,False,c4_drift_aware__dirichlet_a1.0__no_attack__seed48,48,dirichlet_a1.0,no_attack,c4_drift_aware
23,0.1861757692813185,0.02420154779036196,0.31176002092028576,0.3041719383559114,False,c4_drift_aware__dirichlet_a1.0__no_attack__seed48,48,dirichlet_a1.0,no_attack,c4_drift_aware
24,0.19301578321597604,0.0155362942318224,0.27363516761432566,0.3041719383559114,False,c4_drift_aware__dirichlet_a1.0__no_attack__seed48,48,dirichlet_a1.0,no_attack,c4_drift_aware
0,0.26618980860617936,0.04532086197778373,0.5013642934950969,0.3041719383559114,False,c4_drift_aware__dirichlet_a1.0__large_norm__seed48,48,dirichlet_a1.0,large_norm,c4_drift_aware
1,0.2199552032390495,0.049774779516491674,0.47824151162807643,0.3041719383559114,False,c4_drift_aware__dirichlet_a1.0__large_norm__seed48,48,dirichlet_a1.0,large_norm,c4_drift_aware
2,0.1876345900308705,0.04976698708106009,0.44588046269319936,0.3041719383559114,False,c4_drift_aware__dirichlet_a1.0__large_norm__seed48,48,dirichlet_a1.0,large_norm,c4_drift_aware
3,0.17641148106080445,0.058620205700299854,0.48059759046023043,0.3041719383559114,False,c4_drift_aware__dirichlet_a1.0__large_norm__seed48,48,dirichlet_a1.0,large_norm,c4_drift_aware
4,0.15806735926347687,0.046290006861294655,0.39827083386742096,0.3041719383559114,False,c4_drift_aware__dirichlet_a1.0__large_norm__seed48,48,dirichlet_a1.0,large_norm,c4_drift_aware
5,0.1480481210454342,0.03924518293295602,0.3516952998028363,0.3041719383559114,False,c4_drift_aware__dirichlet_a1.0__large_norm__seed48,48,dirichlet_a1.0,large_norm,c4_drift_aware
6,0.13898646354307956,0.03862324538176905,0.3394063461536173,0.3041719383559114,False,c4_drift_aware__dirichlet_a1.0__large_norm__seed48,48,dirichlet_a1.0,large_norm,c4_drift_aware
7,0.1477602036462354,0.043655130221439506,0.37429103987830714,0.3041719383559114,False,c4_drift_aware__dirichlet_a1.0__large_norm__seed48,48,dirichlet_a1.0,large_norm,c4_drift_aware
8,0.13002643871275515,0.023656924912374422,0.25278458777555723,0.3041719383559114,False,c4_drift_aware__dirichlet_a1.0__large_norm__seed48,48,dirichlet_a1.0,large_norm,c4_drift_aware
9,0.1399396946429697,0.014705227058287307,0.21624658837112837,0.3041719383559114,False,c4_drift_aware__dirichlet_a1.0__large_norm__seed48,48,dirichlet_a1.0,large_norm,c4_drift_aware
10,0.1566501051647866,0.03364612893834362,0.33124323283874546,0.3041719383559114,False,c4_drift_aware__dirichlet_a1.0__large_norm__seed48,48,dirichlet_a1.0,large_norm,c4_drift_aware
11,0.1502338766756102,0.014298885739601919,0.2244322246669785,0.3041719383559114,False,c4_drift_aware__dirichlet_a1.0__large_norm__seed48,48,dirichlet_a1.0,large_norm,c4_drift_aware
12,0.17040147303400208,0.007289345005988046,0.20822661320457464,0.3041719383559114,False,c4_drift_aware__dirichlet_a1.0__large_norm__seed48,48,dirichlet_a1.0,large_norm,c4_drift_aware
13,0.17608916656142684,0.006151589260182222,0.2080103783914384,0.3041719383559114,False,c4_drift_aware__dirichlet_a1.0__large_norm__seed48,48,dirichlet_a1.0,large_norm,c4_drift_aware
14,0.18252518445121604,0.010912597615368308,0.23915174473712372,0.3041719383559114,False,c4_drift_aware__dirichlet_a1.0__large_norm__seed48,48,dirichlet_a1.0,large_norm,c4_drift_aware
15,0.18035802445717472,0.011027859950908103,0.23758269252843195,0.3041719383559114,False,c4_drift_aware__dirichlet_a1.0__large_norm__seed48,48,dirichlet_a1.0,large_norm,c4_drift_aware
16,0.18234355085650897,0.013919575718687738,0.2545736212183515,0.3041719383559114,False,c4_drift_aware__dirichlet_a1.0__large_norm__seed48,48,dirichlet_a1.0,large_norm,c4_drift_aware
17,0.17401123684362635,0.010238840547113853,0.22714160432665484,0.3041719383559114,False,c4_drift_aware__dirichlet_a1.0__large_norm__seed48,48,dirichlet_a1.0,large_norm,c4_drift_aware
18,0.19280418787679285,0.026584048268305155,0.33075147274585515,0.3041719383559114,False,c4_drift_aware__dirichlet_a1.0__large_norm__seed48,48,dirichlet_a1.0,large_norm,c4_drift_aware
19,0.17516367908642305,0.012047288005174628,0.2376782612740747,0.3041719383559114,False,c4_drift_aware__dirichlet_a1.0__large_norm__seed48,48,dirichlet_a1.0,large_norm,c4_drift_aware
20,0.19359982307236523,0.014161727889545256,0.2670864452640045,0.3041719383559114,False,c4_drift_aware__dirichlet_a1.0__large_norm__seed48,48,dirichlet_a1.0,large_norm,c4_drift_aware
21,0.17969718265291854,0.007713221613447119,0.21972186092725698,0.3041719383559114,False,c4_drift_aware__dirichlet_a1.0__large_norm__seed48,48,dirichlet_a1.0,large_norm,c4_drift_aware
22,0.18524664491275844,0.027550699522674388,0.3282099798058681,0.3041719383559114,False,c4_drift_aware__dirichlet_a1.0__large_norm__seed48,48,dirichlet_a1.0,large_norm,c4_drift_aware
23,0.1876537350407062,0.025390040632130795,0.3194051948848961,0.3041719383559114,False,c4_drift_aware__dirichlet_a1.0__large_norm__seed48,48,dirichlet_a1.0,large_norm,c4_drift_aware
24,0.17670466255083353,0.00555661294475987,0.20553848278248696,0.3041719383559114,False,c4_drift_aware__dirichlet_a1.0__large_norm__seed48,48,dirichlet_a1.0,large_norm,c4_drift_aware
0,0.26618949200230657,0.045324075087759375,0.5013806500401987,0.3041719383559114,False,c4_drift_aware__dirichlet_a1.0__directional_poisoning__seed48,48,dirichlet_a1.0,directional_poisoning,c4_drift_aware
1,0.21997752266140466,0.04980513988480248,0.4784213740376332,0.3041719383559114,False,c4_drift_aware__dirichlet_a1.0__directional_poisoning__seed48,48,dirichlet_a1.0,directional_poisoning,c4_drift_aware
2,0.18760282299092412,0.04971341813577507,0.44557072103927453,0.3041719383559114,False,c4_drift_aware__dirichlet_a1.0__directional_poisoning__seed48,48,dirichlet_a1.0,directional_poisoning,c4_drift_aware
3,0.17638459218183497,0.058575185839304905,0.48033708902057204,0.3041719383559114,False,c4_drift_aware__dirichlet_a1.0__directional_poisoning__seed48,48,dirichlet_a1.0,directional_poisoning,c4_drift_aware
4,0.1580983885762936,0.04645003028936702,0.39913224075084797,0.3041719383559114,False,c4_drift_aware__dirichlet_a1.0__directional_poisoning__seed48,48,dirichlet_a1.0,directional_poisoning,c4_drift_aware
5,0.14799788681866988,0.0390367774125145,0.3505636284899489,0.3041719383559114,False,c4_drift_aware__dirichlet_a1.0__directional_poisoning__seed48,48,dirichlet_a1.0,directional_poisoning,c4_drift_aware
6,0.13899115608031207,0.03857070188063462,0.33913838520911316,0.3041719383559114,False,c4_drift_aware__dirichlet_a1.0__directional_poisoning__seed48,48,dirichlet_a1.0,directional_poisoning,c4_drift_aware
7,0.1477046414511826,0.04364506262948345,0.3741832359418351,0.3041719383559114,False,c4_drift_aware__dirichlet_a1.0__directional_poisoning__seed48,48,dirichlet_a1.0,directional_poisoning,c4_drift_aware
8,0.12989977887423346,0.023505962106332573,0.2518745668402038,0.3041719383559114,False,c4_drift_aware__dirichlet_a1.0__directional_poisoning__seed48,48,dirichlet_a1.0,directional_poisoning,c4_drift_aware
9,0.14005711460791756,0.014955254486733432,0.217661425665026,0.3041719383559114,False,c4_drift_aware__dirichlet_a1.0__directional_poisoning__seed48,48,dirichlet_a1.0,directional_poisoning,c4_drift_aware
10,0.14225693000146764,0.019851785361773247,0.24526982942224518,0.3041719383559114,False,c4_drift_aware__dirichlet_a1.0__directional_poisoning__seed48,48,dirichlet_a1.0,directional_poisoning,c4_drift_aware
11,0.15839254750172416,0.01577608613190154,0.24025623604877444,0.3041719383559114,False,c4_drift_aware__dirichlet_a1.0__directional_poisoning__seed48,48,dirichlet_a1.0,directional_poisoning,c4_drift_aware
12,0.16520588409638168,0.015895826783757255,0.24769091885997646,0.3041719383559114,False,c4_drift_aware__dirichlet_a1.0__directional_poisoning__seed48,48,dirichlet_a1.0,directional_poisoning,c4_drift_aware
13,0.1744624062650158,0.007177954502186168,0.21170952997231005,0.3041719383559114,False,c4_drift_aware__dirichlet_a1.0__directional_poisoning__seed48,48,dirichlet_a1.0,directional_poisoning,c4_drift_aware
14,0.18236471157966969,0.00877262667832443,0.227886748676163,0.3041719383559114,False,c4_drift_aware__dirichlet_a1.0__directional_poisoning__seed48,48,dirichlet_a1.0,directional_poisoning,c4_drift_aware
15,0.18188712200716006,0.00850925567669511,0.22604250063909864,0.3041719383559114,False,c4_drift_aware__dirichlet_a1.0__directional_poisoning__seed48,48,dirichlet_a1.0,directional_poisoning,c4_drift_aware
16,0.1737346517128232,0.005255341995210494,0.20100514686017,0.3041719383559114,False,c4_drift_aware__dirichlet_a1.0__directional_poisoning__seed48,48,dirichlet_a1.0,directional_poisoning,c4_drift_aware
17,0.1715822601265239,0.0052573762678987945,0.19886331131827753,0.3041719383559114,False,c4_drift_aware__dirichlet_a1.0__directional_poisoning__seed48,48,dirichlet_a1.0,directional_poisoning,c4_drift_aware
18,0.18730266764555362,0.016621317289471443,0.2735523451923499,0.3041719383559114,False,c4_drift_aware__dirichlet_a1.0__directional_poisoning__seed48,48,dirichlet_a1.0,directional_poisoning,c4_drift_aware
19,0.18161137869056673,0.010319160857184567,0.23515853629458316,0.3041719383559114,False,c4_drift_aware__dirichlet_a1.0__directional_poisoning__seed48,48,dirichlet_a1.0,directional_poisoning,c4_drift_aware
20,0.18354047144718644,0.014028842163800376,0.25633753631936296,0.3041719383559114,False,c4_drift_aware__dirichlet_a1.0__directional_poisoning__seed48,48,dirichlet_a1.0,directional_poisoning,c4_drift_aware
21,0.1794469564213566,0.006378712180400897,0.2125467317966749,0.3041719383559114,False,c4_drift_aware__dirichlet_a1.0__directional_poisoning__seed48,48,dirichlet_a1.0,directional_poisoning,c4_drift_aware
22,0.1882680941738405,0.02037144415649625,0.2939775550463152,0.3041719383559114,False,c4_drift_aware__dirichlet_a1.0__directional_poisoning__seed48,48,dirichlet_a1.0,directional_poisoning,c4_drift_aware
23,0.21419569127521948,0.05434512687233303,0.4961979891284428,0.3041719383559114,False,c4_drift_aware__dirichlet_a1.0__directional_poisoning__seed48,48,dirichlet_a1.0,directional_poisoning,c4_drift_aware
24,0.17596190977418535,0.012356397740484859,0.24008049328933534,0.3041719383559114,False,c4_drift_aware__dirichlet_a1.0__directional_poisoning__seed48,48,dirichlet_a1.0,directional_poisoning,c4_drift_aware
0,0.26619001487874105,0.04532350548219777,0.5013782171764135,0.3041719383559114,False,c4_drift_aware__dirichlet_a1.0__sparse_coordinate_attack__seed48,48,dirichlet_a1.0,sparse_coordinate_attack,c4_drift_aware
1,0.21996132101905647,0.04979149433239011,0.47833436425926196,0.3041719383559114,False,c4_drift_aware__dirichlet_a1.0__sparse_coordinate_attack__seed48,48,dirichlet_a1.0,sparse_coordinate_attack,c4_drift_aware
2,0.1875639434785096,0.0496598862828449,0.4452540593888201,0.3041719383559114,False,c4_drift_aware__dirichlet_a1.0__sparse_coordinate_attack__seed48,48,dirichlet_a1.0,sparse_coordinate_attack,c4_drift_aware
3,0.17645348640588893,0.058372742955357326,0.47935548687553364,0.3041719383559114,False,c4_drift_aware__dirichlet_a1.0__sparse_coordinate_attack__seed48,48,dirichlet_a1.0,sparse_coordinate_attack,c4_drift_aware
4,0.15811941008437003,0.04637655919977211,0.39877201342790747,0.3041719383559114,False,c4_drift_aware__dirichlet_a1.0__sparse_coordinate_attack__seed48,48,dirichlet_a1.0,sparse_coordinate_attack,c4_drift_aware
5,0.1479937277251047,0.03850593933984084,0.34780489755347277,0.3041719383559114,False,c4_drift_aware__dirichlet_a1.0__sparse_coordinate_attack__seed48,48,dirichlet_a1.0,sparse_coordinate_attack,c4_drift_aware
6,0.13919946115345663,0.03910601335868395,0.34212447507300353,0.3041719383559114,False,c4_drift_aware__dirichlet_a1.0__sparse_coordinate_attack__seed48,48,dirichlet_a1.0,sparse_coordinate_attack,c4_drift_aware
7,0.14780162573376157,0.04375627038911638,0.3748572884099254,0.3041719383559114,False,c4_drift_aware__dirichlet_a1.0__sparse_coordinate_attack__seed48,48,dirichlet_a1.0,sparse_coordinate_attack,c4_drift_aware
8,0.12988908581363603,0.023451887946995223,0.2515832775593889,0.3041719383559114,False,c4_drift_aware__dirichlet_a1.0__sparse_coordinate_attack__seed48,48,dirichlet_a1.0,sparse_coordinate_attack,c4_drift_aware
9,0.14003546581735535,0.01481310183543555,0.21690213255161395,0.3041719383559114,False,c4_drift_aware__dirichlet_a1.0__sparse_coordinate_attack__seed48,48,dirichlet_a1.0,sparse_coordinate_attack,c4_drift_aware
10,0.14394004712712108,0.010496036827041005,0.19840503182631955,0.3041719383559114,False,c4_drift_aware__dirichlet_a1.0__sparse_coordinate_attack__seed48,48,dirichlet_a1.0,sparse_coordinate_attack,c4_drift_aware
11,0.1597287768433041,0.039844316317133574,0.3664849186445419,0.3041719383559114,False,c4_drift_aware__dirichlet_a1.0__sparse_coordinate_attack__seed48,48,dirichlet_a1.0,sparse_coordinate_attack,c4_drift_aware
12,0.17737654919941118,0.016411206869967776,0.26253594276836095,0.3041719383559114,False,c4_drift_aware__dirichlet_a1.0__sparse_coordinate_attack__seed48,48,dirichlet_a1.0,sparse_coordinate_attack,c4_drift_aware
13,0.1836593665032662,0.011044971949144666,0.2409728304445728,0.3041719383559114,False,c4_drift_aware__dirichlet_a1.0__sparse_coordinate_attack__seed48,48,dirichlet_a1.0,sparse_coordinate_attack,c4_drift_aware
14,0.18938929163121962,0.00845739179749877,0.2332755434076205,0.3041719383559114,False,c4_drift_aware__dirichlet_a1.0__sparse_coordinate_attack__seed48,48,dirichlet_a1.0,sparse_coordinate_attack,c4_drift_aware
15,0.18379410116209227,0.008021225873954707,0.22541704434463064,0.3041719383559114,False,c4_drift_aware__dirichlet_a1.0__sparse_coordinate_attack__seed48,48,dirichlet_a1.0,sparse_coordinate_attack,c4_drift_aware
16,0.18020724877718036,0.010848243402817287,0.23649986861873953,0.3041719383559114,False,c4_drift_aware__dirichlet_a1.0__sparse_coordinate_attack__seed48,48,dirichlet_a1.0,sparse_coordinate_attack,c4_drift_aware
17,0.18039228170109178,0.012226620135982774,0.24383743624872,0.3041719383559114,False,c4_drift_aware__dirichlet_a1.0__sparse_coordinate_attack__seed48,48,dirichlet_a1.0,sparse_coordinate_attack,c4_drift_aware
18,0.18696442230731797,0.015489213927512152,0.2673395022985713,0.3041719383559114,False,c4_drift_aware__dirichlet_a1.0__sparse_coordinate_attack__seed48,48,dirichlet_a1.0,sparse_coordinate_attack,c4_drift_aware
19,0.18051454438530223,0.021805825073175494,0.2936671512725172,0.3041719383559114,False,c4_drift_aware__dirichlet_a1.0__sparse_coordinate_attack__seed48,48,dirichlet_a1.0,sparse_coordinate_attack,c4_drift_aware
20,0.18580513085970504,0.007364002202234349,0.2240176746873193,0.3041719383559114,False,c4_drift_aware__dirichlet_a1.0__sparse_coordinate_attack__seed48,48,dirichlet_a1.0,sparse_coordinate_attack,c4_drift_aware
21,0.1913148932775203,0.03660870193061899,0.3812811084656953,0.3041719383559114,False,c4_drift_aware__dirichlet_a1.0__sparse_coordinate_attack__seed48,48,dirichlet_a1.0,sparse_coordinate_attack,c4_drift_aware
22,0.18090678126276166,0.012798683537284361,0.24732043000608395,0.3041719383559114,False,c4_drift_aware__dirichlet_a1.0__sparse_coordinate_attack__seed48,48,dirichlet_a1.0,sparse_coordinate_attack,c4_drift_aware
23,0.1856224896135279,0.03132989373562625,0.34819644119706605,0.3041719383559114,False,c4_drift_aware__dirichlet_a1.0__sparse_coordinate_attack__seed48,48,dirichlet_a1.0,sparse_coordinate_attack,c4_drift_aware
24,0.17612550827634893,0.016666785335211348,0.26261112405929415,0.3041719383559114,False,c4_drift_aware__dirichlet_a1.0__sparse_coordinate_attack__seed48,48,dirichlet_a1.0,sparse_coordinate_attack,c4_drift_aware
0,0.2661900009696609,0.045323515394811886,0.5013782547048793,0.3041719383559114,False,c4_drift_aware__dirichlet_a1.0__full_sign_flip__seed48,48,dirichlet_a1.0,full_sign_flip,c4_drift_aware
1,0.2199615685773009,0.04978336947022663,0.47829245109525387,0.3041719383559114,False,c4_drift_aware__dirichlet_a1.0__full_sign_flip__seed48,48,dirichlet_a1.0,full_sign_flip,c4_drift_aware
2,0.18767043809929232,0.049844694452835625,0.44631954208450164,0.3041719383559114,False,c4_drift_aware__dirichlet_a1.0__full_sign_flip__seed48,48,dirichlet_a1.0,full_sign_flip,c4_drift_aware
3,0.17640094111617582,0.05850572248042357,0.4799929856393418,0.3041719383559114,False,c4_drift_aware__dirichlet_a1.0__full_sign_flip__seed48,48,dirichlet_a1.0,full_sign_flip,c4_drift_aware
4,0.1587911645141638,0.04699309157532698,0.40264301600769303,0.3041719383559114,False,c4_drift_aware__dirichlet_a1.0__full_sign_flip__seed48,48,dirichlet_a1.0,full_sign_flip,c4_drift_aware
5,0.14783148744551672,0.038816189824004324,0.34925257806125753,0.3041719383559114,False,c4_drift_aware__dirichlet_a1.0__full_sign_flip__seed48,48,dirichlet_a1.0,full_sign_flip,c4_drift_aware
6,0.13913843373555362,0.03886118657566652,0.34079301699534476,0.3041719383559114,False,c4_drift_aware__dirichlet_a1.0__full_sign_flip__seed48,48,dirichlet_a1.0,full_sign_flip,c4_drift_aware
7,0.1478219343119828,0.04372073074519631,0.374693178221881,0.3041719383559114,False,c4_drift_aware__dirichlet_a1.0__full_sign_flip__seed48,48,dirichlet_a1.0,full_sign_flip,c4_drift_aware
8,0.13000276159388238,0.023543665860632113,0.25217319811128847,0.3041719383559114,False,c4_drift_aware__dirichlet_a1.0__full_sign_flip__seed48,48,dirichlet_a1.0,full_sign_flip,c4_drift_aware
9,0.14008769014559933,0.014841417419135444,0.21710128927523506,0.3041719383559114,False,c4_drift_aware__dirichlet_a1.0__full_sign_flip__seed48,48,dirichlet_a1.0,full_sign_flip,c4_drift_aware
10,0.142335001538517,0.019734228847539517,0.2447378884512843,0.3041719383559114,False,c4_drift_aware__dirichlet_a1.0__full_sign_flip__seed48,48,dirichlet_a1.0,full_sign_flip,c4_drift_aware
11,0.1583628187468883,0.015690180628087497,0.2397807350440971,0.3041719383559114,False,c4_drift_aware__dirichlet_a1.0__full_sign_flip__seed48,48,dirichlet_a1.0,full_sign_flip,c4_drift_aware
12,0.16522886553872945,0.015939782097063843,0.24794198881860344,0.3041719383559114,False,c4_drift_aware__dirichlet_a1.0__full_sign_flip__seed48,48,dirichlet_a1.0,full_sign_flip,c4_drift_aware
13,0.17466954161457537,0.007258521817960606,0.21233473718015475,0.3041719383559114,False,c4_drift_aware__dirichlet_a1.0__full_sign_flip__seed48,48,dirichlet_a1.0,full_sign_flip,c4_drift_aware
14,0.18257831837048524,0.008825327090614815,0.22837382317639457,0.3041719383559114,False,c4_drift_aware__dirichlet_a1.0__full_sign_flip__seed48,48,dirichlet_a1.0,full_sign_flip,c4_drift_aware
15,0.18188251893197102,0.008443821738596147,0.22569835431572027,0.3041719383559114,False,c4_drift_aware__dirichlet_a1.0__full_sign_flip__seed48,48,dirichlet_a1.0,full_sign_flip,c4_drift_aware
16,0.17398546924435418,0.005456679707328854,0.20230072591365433,0.3041719383559114,False,c4_drift_aware__dirichlet_a1.0__full_sign_flip__seed48,48,dirichlet_a1.0,full_sign_flip,c4_drift_aware
17,0.17148105148852105,0.005003211793065149,0.1974432178039154,0.3041719383559114,False,c4_drift_aware__dirichlet_a1.0__full_sign_flip__seed48,48,dirichlet_a1.0,full_sign_flip,c4_drift_aware
18,0.18753314821958744,0.016032437804021,0.2707270712284328,0.3041719383559114,False,c4_drift_aware__dirichlet_a1.0__full_sign_flip__seed48,48,dirichlet_a1.0,full_sign_flip,c4_drift_aware
19,0.18015023030363042,0.008477249023706446,0.22413952321254554,0.3041719383559114,False,c4_drift_aware__dirichlet_a1.0__full_sign_flip__seed48,48,dirichlet_a1.0,full_sign_flip,c4_drift_aware
20,0.18416106280750183,0.01596563023929759,0.26700831468224095,0.3041719383559114,False,c4_drift_aware__dirichlet_a1.0__full_sign_flip__seed48,48,dirichlet_a1.0,full_sign_flip,c4_drift_aware
21,0.1795296071861389,0.006137306521952934,0.21137670445920487,0.3041719383559114,False,c4_drift_aware__dirichlet_a1.0__full_sign_flip__seed48,48,dirichlet_a1.0,full_sign_flip,c4_drift_aware
22,0.18879447213309666,0.020652226493234338,0.29596094062913897,0.3041719383559114,False,c4_drift_aware__dirichlet_a1.0__full_sign_flip__seed48,48,dirichlet_a1.0,full_sign_flip,c4_drift_aware
23,0.2145074378059861,0.055124127187635985,0.500552046195348,0.3041719383559114,False,c4_drift_aware__dirichlet_a1.0__full_sign_flip__seed48,48,dirichlet_a1.0,full_sign_flip,c4_drift_aware
24,0.17555230286415185,0.012055075884059074,0.2381072971341228,0.3041719383559114,False,c4_drift_aware__dirichlet_a1.0__full_sign_flip__seed48,48,dirichlet_a1.0,full_sign_flip,c4_drift_aware
0,0.26618980909301154,0.045323709138446966,0.5013790681833267,0.3041719383559114,False,c4_drift_aware__dirichlet_a1.0__low_norm__seed48,48,dirichlet_a1.0,low_norm,c4_drift_aware
1,0.21998546380445044,0.049820947472669797,0.4785113423348813,0.3041719383559114,False,c4_drift_aware__dirichlet_a1.0__low_norm__seed48,48,dirichlet_a1.0,low_norm,c4_drift_aware
2,0.1875919411072735,0.049636877546497565,0.44516266238380403,0.3041719383559114,False,c4_drift_aware__dirichlet_a1.0__low_norm__seed48,48,dirichlet_a1.0,low_norm,c4_drift_aware
3,0.17640361094586196,0.058694858283504125,0.4809771000647932,0.3041719383559114,False,c4_drift_aware__dirichlet_a1.0__low_norm__seed48,48,dirichlet_a1.0,low_norm,c4_drift_aware
4,0.15846302676627086,0.046661176744729194,0.40059253901234515,0.3041719383559114,False,c4_drift_aware__dirichlet_a1.0__low_norm__seed48,48,dirichlet_a1.0,low_norm,c4_drift_aware
5,0.14785493987840428,0.03900346380708089,0.3502478139197277,0.3041719383559114,False,c4_drift_aware__dirichlet_a1.0__low_norm__seed48,48,dirichlet_a1.0,low_norm,c4_drift_aware
6,0.13896461344503613,0.03841477590507125,0.33830272709404136,0.3041719383559114,False,c4_drift_aware__dirichlet_a1.0__low_norm__seed48,48,dirichlet_a1.0,low_norm,c4_drift_aware
7,0.14777205040185729,0.0437540555838898,0.37481622023221983,0.3041719383559114,False,c4_drift_aware__dirichlet_a1.0__low_norm__seed48,48,dirichlet_a1.0,low_norm,c4_drift_aware
8,0.12992821704579335,0.023534876201715446,0.252053043144115,0.3041719383559114,False,c4_drift_aware__dirichlet_a1.0__low_norm__seed48,48,dirichlet_a1.0,low_norm,c4_drift_aware
9,0.13992422581118502,0.014705966772107809,0.21623495798832965,0.3041719383559114,False,c4_drift_aware__dirichlet_a1.0__low_norm__seed48,48,dirichlet_a1.0,low_norm,c4_drift_aware
10,0.1395870668714526,0.017141804255299167,0.2285376033326255,0.3041719383559114,False,c4_drift_aware__dirichlet_a1.0__low_norm__seed48,48,dirichlet_a1.0,low_norm,c4_drift_aware
11,0.14003625981783582,0.018139821096199105,0.2341656054681226,0.3041719383559114,False,c4_drift_aware__dirichlet_a1.0__low_norm__seed48,48,dirichlet_a1.0,low_norm,c4_drift_aware
12,0.15112148907665973,0.015029612702223888,0.2291116523497697,0.3041719383559114,False,c4_drift_aware__dirichlet_a1.0__low_norm__seed48,48,dirichlet_a1.0,low_norm,c4_drift_aware
13,0.16503341129591326,0.006764597622182955,0.20013558481718283,0.3041719383559114,False,c4_drift_aware__dirichlet_a1.0__low_norm__seed48,48,dirichlet_a1.0,low_norm,c4_drift_aware
14,0.17022018445958273,0.009916382661218803,0.22167728572691323,0.3041719383559114,False,c4_drift_aware__dirichlet_a1.0__low_norm__seed48,48,dirichlet_a1.0,low_norm,c4_drift_aware
15,0.17253639425406975,0.010326594568569103,0.22612212612983168,0.3041719383559114,False,c4_drift_aware__dirichlet_a1.0__low_norm__seed48,48,dirichlet_a1.0,low_norm,c4_drift_aware
16,0.17215806452649898,0.007898154264617957,0.21314237682102802,0.3041719383559114,False,c4_drift_aware__dirichlet_a1.0__low_norm__seed48,48,dirichlet_a1.0,low_norm,c4_drift_aware
17,0.1731172886611487,0.012472745951626923,0.23783961467873596,0.3041719383559114,False,c4_drift_aware__dirichlet_a1.0__low_norm__seed48,48,dirichlet_a1.0,low_norm,c4_drift_aware
18,0.1818877111777275,0.00830581632010241,0.22498742264437094,0.3041719383559114,False,c4_drift_aware__dirichlet_a1.0__low_norm__seed48,48,dirichlet_a1.0,low_norm,c4_drift_aware
19,0.17659784179658858,0.003926521320277487,0.19697295357964048,0.3041719383559114,False,c4_drift_aware__dirichlet_a1.0__low_norm__seed48,48,dirichlet_a1.0,low_norm,c4_drift_aware
20,0.16906419330435232,0.016833830515568277,0.25641662323268766,0.3041719383559114,False,c4_drift_aware__dirichlet_a1.0__low_norm__seed48,48,dirichlet_a1.0,low_norm,c4_drift_aware
21,0.16893084074011197,0.010993938194131608,0.2259794854232803,0.3041719383559114,False,c4_drift_aware__dirichlet_a1.0__low_norm__seed48,48,dirichlet_a1.0,low_norm,c4_drift_aware
22,0.18006270628267362,0.013906982445959837,0.2522274288930038,0.3041719383559114,False,c4_drift_aware__dirichlet_a1.0__low_norm__seed48,48,dirichlet_a1.0,low_norm,c4_drift_aware
23,0.18547912911572545,0.009265238779763124,0.23355737966779427,0.3041719383559114,False,c4_drift_aware__dirichlet_a1.0__low_norm__seed48,48,dirichlet_a1.0,low_norm,c4_drift_aware
24,0.17621107094344418,0.0034580649513924755,0.1941553157827149,0.3041719383559114,False,c4_drift_aware__dirichlet_a1.0__low_norm__seed48,48,dirichlet_a1.0,low_norm,c4_drift_aware
0,0.3267420103251214,0.056012113353823,0.6173944677294443,0.3041719383559114,False,c4_drift_aware__dirichlet_a1.0__no_attack__seed49,49,dirichlet_a1.0,no_attack,c4_drift_aware
1,0.2494390439589155,0.06617688010434081,0.5928374925083504,0.3041719383559114,False,c4_drift_aware__dirichlet_a1.0__no_attack__seed49,49,dirichlet_a1.0,no_attack,c4_drift_aware
2,0.22010477552205665,0.055834255569318925,0.5098343110968095,0.3041719383559114,False,c4_drift_aware__dirichlet_a1.0__no_attack__seed49,49,dirichlet_a1.0,no_attack,c4_drift_aware
3,0.1990488035449407,0.060374900604758364,0.5123402002730923,0.3041719383559114,False,c4_drift_aware__dirichlet_a1.0__no_attack__seed49,49,dirichlet_a1.0,no_attack,c4_drift_aware
4,0.19552756441901742,0.057262008360364325,0.4926658520017839,0.3041719383559114,False,c4_drift_aware__dirichlet_a1.0__no_attack__seed49,49,dirichlet_a1.0,no_attack,c4_drift_aware
5,0.18508139467075152,0.04044693089586965,0.3949645637825087,0.3041719383559114,False,c4_drift_aware__dirichlet_a1.0__no_attack__seed49,49,dirichlet_a1.0,no_attack,c4_drift_aware
6,0.16626953582346543,0.0443536932380114,0.39642528540483035,0.3041719383559114,False,c4_drift_aware__dirichlet_a1.0__no_attack__seed49,49,dirichlet_a1.0,no_attack,c4_drift_aware
7,0.17314076900709235,0.04060520685127589,0.38384524787904806,0.3041719383559114,False,c4_drift_aware__dirichlet_a1.0__no_attack__seed49,49,dirichlet_a1.0,no_attack,c4_drift_aware
8,0.17069910662067753,0.03493152772316546,0.35196229712895544,0.3041719383559114,False,c4_drift_aware__dirichlet_a1.0__no_attack__seed49,49,dirichlet_a1.0,no_attack,c4_drift_aware
9,0.16427323804668775,0.035290380446917874,0.34739855122378926,0.3041719383559114,False,c4_drift_aware__dirichlet_a1.0__no_attack__seed49,49,dirichlet_a1.0,no_attack,c4_drift_aware
10,0.16475649145199953,0.039932568018251985,0.3719705801555109,0.3041719383559114,False,c4_drift_aware__dirichlet_a1.0__no_attack__seed49,49,dirichlet_a1.0,no_attack,c4_drift_aware
11,0.16143643891846973,0.023487674317424545,0.28331632971901743,0.3041719383559114,False,c4_drift_aware__dirichlet_a1.0__no_attack__seed49,49,dirichlet_a1.0,no_attack,c4_drift_aware
12,0.17342682347793778,0.012937136454565151,0.2405589182543218,0.3041719383559114,False,c4_drift_aware__dirichlet_a1.0__no_attack__seed49,49,dirichlet_a1.0,no_attack,c4_drift_aware
13,0.17905537538520955,0.0061100760821521105,0.21076117118310506,0.3041719383559114,False,c4_drift_aware__dirichlet_a1.0__no_attack__seed49,49,dirichlet_a1.0,no_attack,c4_drift_aware
14,0.19308528072868478,0.011706097545947952,0.2538293915043633,0.3041719383559114,False,c4_drift_aware__dirichlet_a1.0__no_attack__seed49,49,dirichlet_a1.0,no_attack,c4_drift_aware
15,0.19793208771021095,0.036024992295910274,0.384869375232919,0.3041719383559114,False,c4_drift_aware__dirichlet_a1.0__no_attack__seed49,49,dirichlet_a1.0,no_attack,c4_drift_aware
16,0.2238019687313608,0.006761477500418112,0.2588879516287804,0.3041719383559114,False,c4_drift_aware__dirichlet_a1.0__no_attack__seed49,49,dirichlet_a1.0,no_attack,c4_drift_aware
17,0.21436046279167711,0.016911491197726725,0.30211588176580084,0.3041719383559114,False,c4_drift_aware__dirichlet_a1.0__no_attack__seed49,49,dirichlet_a1.0,no_attack,c4_drift_aware
18,0.21129026479138632,0.012912355850481061,0.2782937705351176,0.3041719383559114,False,c4_drift_aware__dirichlet_a1.0__no_attack__seed49,49,dirichlet_a1.0,no_attack,c4_drift_aware
19,0.21677691870597393,0.005829416652004704,0.24702634465489154,0.3041719383559114,False,c4_drift_aware__dirichlet_a1.0__no_attack__seed49,49,dirichlet_a1.0,no_attack,c4_drift_aware
20,0.20198828909455446,0.015899850363271656,0.2844942026146074,0.3041719383559114,False,c4_drift_aware__dirichlet_a1.0__no_attack__seed49,49,dirichlet_a1.0,no_attack,c4_drift_aware
21,0.18376267230579846,0.024948285629599304,0.31322182126635223,0.3041719383559114,False,c4_drift_aware__dirichlet_a1.0__no_attack__seed49,49,dirichlet_a1.0,no_attack,c4_drift_aware
22,0.18562421594899903,0.01916171362136937,0.2850562641016468,0.3041719383559114,False,c4_drift_aware__dirichlet_a1.0__no_attack__seed49,49,dirichlet_a1.0,no_attack,c4_drift_aware
23,0.18705997502448443,0.029250440595617988,0.3388434363192057,0.3041719383559114,False,c4_drift_aware__dirichlet_a1.0__no_attack__seed49,49,dirichlet_a1.0,no_attack,c4_drift_aware
24,0.1823092195280949,0.00805564882295437,0.2241107868352874,0.3041719383559114,False,c4_drift_aware__dirichlet_a1.0__no_attack__seed49,49,dirichlet_a1.0,no_attack,c4_drift_aware
0,0.3267322324499952,0.05597032313253669,0.6171678362170414,0.3041719383559114,False,c4_drift_aware__dirichlet_a1.0__large_norm__seed49,49,dirichlet_a1.0,large_norm,c4_drift_aware
1,0.24939566544469402,0.0661767738442775,0.5927935626000344,0.3041719383559114,False,c4_drift_aware__dirichlet_a1.0__large_norm__seed49,49,dirichlet_a1.0,large_norm,c4_drift_aware
2,0.22011522224534114,0.055869783969440534,0.5100291182411649,0.3041719383559114,False,c4_drift_aware__dirichlet_a1.0__large_norm__seed49,49,dirichlet_a1.0,large_norm,c4_drift_aware
3,0.1978732760178892,0.06152466893357064,0.5171309355810806,0.3041719383559114,False,c4_drift_aware__dirichlet_a1.0__large_norm__seed49,49,dirichlet_a1.0,large_norm,c4_drift_aware
4,0.19561608864213997,0.05688797551740582,0.4908134823995105,0.3041719383559114,False,c4_drift_aware__dirichlet_a1.0__large_norm__seed49,49,dirichlet_a1.0,large_norm,c4_drift_aware
5,0.18504979855941525,0.04085521883802734,0.3970516146318229,0.3041719383559114,False,c4_drift_aware__dirichlet_a1.0__large_norm__seed49,49,dirichlet_a1.0,large_norm,c4_drift_aware
6,0.16614923063209458,0.04416260975267812,0.3953134288997166,0.3041719383559114,False,c4_drift_aware__dirichlet_a1.0__large_norm__seed49,49,dirichlet_a1.0,large_norm,c4_drift_aware
7,0.17293419800581666,0.040528414019328135,0.38324019119351227,0.3041719383559114,False,c4_drift_aware__dirichlet_a1.0__large_norm__seed49,49,dirichlet_a1.0,large_norm,c4_drift_aware
8,0.17072332816968996,0.03442812484721808,0.3493743108143893,0.3041719383559114,False,c4_drift_aware__dirichlet_a1.0__large_norm__seed49,49,dirichlet_a1.0,large_norm,c4_drift_aware
9,0.1640298698419553,0.03504460905155732,0.3458798506713914,0.3041719383559114,False,c4_drift_aware__dirichlet_a1.0__large_norm__seed49,49,dirichlet_a1.0,large_norm,c4_drift_aware
10,0.16219557480673077,0.03507556220535982,0.3442061746465634,0.3041719383559114,False,c4_drift_aware__dirichlet_a1.0__large_norm__seed49,49,dirichlet_a1.0,large_norm,c4_drift_aware
11,0.1986217003308361,0.05669029919593788,0.4927933318884773,0.3041719383559114,False,c4_drift_aware__dirichlet_a1.0__large_norm__seed49,49,dirichlet_a1.0,large_norm,c4_drift_aware
12,0.20397311809980245,0.08163976464817246,0.6276100208356341,0.3041719383559114,False,c4_drift_aware__dirichlet_a1.0__large_norm__seed49,49,dirichlet_a1.0,large_norm,c4_drift_aware
13,0.20963501155199035,0.048686652192357904,0.4622749184433548,0.3041719383559114,False,c4_drift_aware__dirichlet_a1.0__large_norm__seed49,49,dirichlet_a1.0,large_norm,c4_drift_aware
14,0.242525770157301,0.06776636224346519,0.5941722004748662,0.3041719383559114,False,c4_drift_aware__dirichlet_a1.0__large_norm__seed49,49,dirichlet_a1.0,large_norm,c4_drift_aware
15,0.23515163532317862,0.06863848923731658,0.5913236198245381,0.3041719383559114,False,c4_drift_aware__dirichlet_a1.0__large_norm__seed49,49,dirichlet_a1.0,large_norm,c4_drift_aware
16,0.2540162346097581,0.05443518399854083,0.5364858478965864,0.3041719383559114,False,c4_drift_aware__dirichlet_a1.0__large_norm__seed49,49,dirichlet_a1.0,large_norm,c4_drift_aware
17,0.24624363289961212,0.07812226593865126,0.6516278830818674,0.3041719383559114,False,c4_drift_aware__dirichlet_a1.0__large_norm__seed49,49,dirichlet_a1.0,large_norm,c4_drift_aware
18,0.2293302252219626,0.06805521317526295,0.5824755319097196,0.3041719383559114,False,c4_drift_aware__dirichlet_a1.0__large_norm__seed49,49,dirichlet_a1.0,large_norm,c4_drift_aware
19,0.22454538851827582,0.029929418316838485,0.3798521331061824,0.3041719383559114,False,c4_drift_aware__dirichlet_a1.0__large_norm__seed49,49,dirichlet_a1.0,large_norm,c4_drift_aware
20,0.16844312995866792,0.025240908639693582,0.2994207289809019,0.3041719383559114,False,c4_drift_aware__dirichlet_a1.0__large_norm__seed49,49,dirichlet_a1.0,large_norm,c4_drift_aware
21,0.22897517094905634,0.08506228919204611,0.6703718957955028,0.3041719383559114,False,c4_drift_aware__dirichlet_a1.0__large_norm__seed49,49,dirichlet_a1.0,large_norm,c4_drift_aware
22,0.18436876238825012,0.029720755479675315,0.3385927346478333,0.3041719383559114,False,c4_drift_aware__dirichlet_a1.0__large_norm__seed49,49,dirichlet_a1.0,large_norm,c4_drift_aware
23,0.1953465066770665,0.04286120514436073,0.41775758629166876,0.3041719383559114,False,c4_drift_aware__dirichlet_a1.0__large_norm__seed49,49,dirichlet_a1.0,large_norm,c4_drift_aware
24,0.20232662150371072,0.043903905455402265,0.43014837730233857,0.3041719383559114,False,c4_drift_aware__dirichlet_a1.0__large_norm__seed49,49,dirichlet_a1.0,large_norm,c4_drift_aware
0,0.32674201021216875,0.05601211223793373,0.6173944618260307,0.3041719383559114,False,c4_drift_aware__dirichlet_a1.0__directional_poisoning__seed49,49,dirichlet_a1.0,directional_poisoning,c4_drift_aware
1,0.2494390739391059,0.0661770663425886,0.5928384888974324,0.3041719383559114,False,c4_drift_aware__dirichlet_a1.0__directional_poisoning__seed49,49,dirichlet_a1.0,directional_poisoning,c4_drift_aware
2,0.22010225392592608,0.05577181584748794,0.5095077835401258,0.3041719383559114,False,c4_drift_aware__dirichlet_a1.0__directional_poisoning__seed49,49,dirichlet_a1.0,directional_poisoning,c4_drift_aware
3,0.19908452686704645,0.060476403112482396,0.5129026302580288,0.3041719383559114,False,c4_drift_aware__dirichlet_a1.0__directional_poisoning__seed49,49,dirichlet_a1.0,directional_poisoning,c4_drift_aware
4,0.19540144831274991,0.057418132480479944,0.4933498795672084,0.3041719383559114,False,c4_drift_aware__dirichlet_a1.0__directional_poisoning__seed49,49,dirichlet_a1.0,directional_poisoning,c4_drift_aware
5,0.1850950236703613,0.040983237265952155,0.3977611401671136,0.3041719383559114,False,c4_drift_aware__dirichlet_a1.0__directional_poisoning__seed49,49,dirichlet_a1.0,directional_poisoning,c4_drift_aware
6,0.16619028859373539,0.04414351237756073,0.3952553886721357,0.3041719383559114,False,c4_drift_aware__dirichlet_a1.0__directional_poisoning__seed49,49,dirichlet_a1.0,directional_poisoning,c4_drift_aware
7,0.17310755071580175,0.04040858543559006,0.38279174139962213,0.3041719383559114,False,c4_drift_aware__dirichlet_a1.0__directional_poisoning__seed49,49,dirichlet_a1.0,directional_poisoning,c4_drift_aware
8,0.17066205836641718,0.035070058635744306,0.35264409963315796,0.3041719383559114,False,c4_drift_aware__dirichlet_a1.0__directional_poisoning__seed49,49,dirichlet_a1.0,directional_poisoning,c4_drift_aware
9,0.16422276146506812,0.03521189642318018,0.34694081319459236,0.3041719383559114,False,c4_drift_aware__dirichlet_a1.0__directional_poisoning__seed49,49,dirichlet_a1.0,directional_poisoning,c4_drift_aware
10,0.16462010989814757,0.03970884178458162,0.37067326080252005,0.3041719383559114,False,c4_drift_aware__dirichlet_a1.0__directional_poisoning__seed49,49,dirichlet_a1.0,directional_poisoning,c4_drift_aware
11,0.1467739307467833,0.01373064555036943,0.2180236235722053,0.3041719383559114,False,c4_drift_aware__dirichlet_a1.0__directional_poisoning__seed49,49,dirichlet_a1.0,directional_poisoning,c4_drift_aware
12,0.16170808897884828,0.030830289795360705,0.32168954575595454,0.3041719383559114,False,c4_drift_aware__dirichlet_a1.0__directional_poisoning__seed49,49,dirichlet_a1.0,directional_poisoning,c4_drift_aware
13,0.170047336944094,0.031115407693596275,0.33150829900693446,0.3041719383559114,False,c4_drift_aware__dirichlet_a1.0__directional_poisoning__seed49,49,dirichlet_a1.0,directional_poisoning,c4_drift_aware
14,0.19446521023255406,0.025680902396846034,0.3277259808600278,0.3041719383559114,False,c4_drift_aware__dirichlet_a1.0__directional_poisoning__seed49,49,dirichlet_a1.0,directional_poisoning,c4_drift_aware
15,0.22423658859745202,0.004780805056094739,0.24904466411403323,0.3041719383559114,False,c4_drift_aware__dirichlet_a1.0__directional_poisoning__seed49,49,dirichlet_a1.0,directional_poisoning,c4_drift_aware
16,0.22784411944069238,0.015227504340328019,0.3068611622130885,0.3041719383559114,False,c4_drift_aware__dirichlet_a1.0__directional_poisoning__seed49,49,dirichlet_a1.0,directional_poisoning,c4_drift_aware
17,0.2276566157195273,0.02591536794044705,0.3621340514993011,0.3041719383559114,False,c4_drift_aware__dirichlet_a1.0__directional_poisoning__seed49,49,dirichlet_a1.0,directional_poisoning,c4_drift_aware
18,0.21687126054582834,0.019632599132348688,0.31874678070349893,0.3041719383559114,False,c4_drift_aware__dirichlet_a1.0__directional_poisoning__seed49,49,dirichlet_a1.0,directional_poisoning,c4_drift_aware
19,0.2138221169726839,0.014555765626370204,0.2893534403844815,0.3041719383559114,False,c4_drift_aware__dirichlet_a1.0__directional_poisoning__seed49,49,dirichlet_a1.0,directional_poisoning,c4_drift_aware
20,0.19983320323151613,0.02389355776575719,0.32381926383380677,0.3041719383559114,False,c4_drift_aware__dirichlet_a1.0__directional_poisoning__seed49,49,dirichlet_a1.0,directional_poisoning,c4_drift_aware
21,0.17049402237811628,0.017100730795928554,0.25923142455126913,0.3041719383559114,False,c4_drift_aware__dirichlet_a1.0__directional_poisoning__seed49,49,dirichlet_a1.0,directional_poisoning,c4_drift_aware
22,0.17358822208631378,0.011695317343771383,0.23427639331487787,0.3041719383559114,False,c4_drift_aware__dirichlet_a1.0__directional_poisoning__seed49,49,dirichlet_a1.0,directional_poisoning,c4_drift_aware
23,0.17412732796110447,0.020995448038832715,0.2830748073794113,0.3041719383559114,False,c4_drift_aware__dirichlet_a1.0__directional_poisoning__seed49,49,dirichlet_a1.0,directional_poisoning,c4_drift_aware
24,0.18627059318243702,0.023151049197998014,0.30640370257576854,0.3041719383559114,False,c4_drift_aware__dirichlet_a1.0__directional_poisoning__seed49,49,dirichlet_a1.0,directional_poisoning,c4_drift_aware
0,0.3267322253567568,0.05602191018916308,0.6174355195193428,0.3041719383559114,False,c4_drift_aware__dirichlet_a1.0__sparse_coordinate_attack__seed49,49,dirichlet_a1.0,sparse_coordinate_attack,c4_drift_aware
1,0.24934391113157647,0.06609203638895397,0.5923020971574975,0.3041719383559114,False,c4_drift_aware__dirichlet_a1.0__sparse_coordinate_attack__seed49,49,dirichlet_a1.0,sparse_coordinate_attack,c4_drift_aware
2,0.2200600567311039,0.055649504336841876,0.5088308996854101,0.3041719383559114,False,c4_drift_aware__dirichlet_a1.0__sparse_coordinate_attack__seed49,49,dirichlet_a1.0,sparse_coordinate_attack,c4_drift_aware
3,0.1978503026145846,0.0617512948248877,0.5182839465904093,0.3041719383559114,False,c4_drift_aware__dirichlet_a1.0__sparse_coordinate_attack__seed49,49,dirichlet_a1.0,sparse_coordinate_attack,c4_drift_aware
4,0.19568049105503535,0.05701340820311848,0.4915287675618375,0.3041719383559114,False,c4_drift_aware__dirichlet_a1.0__sparse_coordinate_attack__seed49,49,dirichlet_a1.0,sparse_coordinate_attack,c4_drift_aware
5,0.18508328634615043,0.040644163751343165,0.3959899164682452,0.3041719383559114,False,c4_drift_aware__dirichlet_a1.0__sparse_coordinate_attack__seed49,49,dirichlet_a1.0,sparse_coordinate_attack,c4_drift_aware
6,0.16624155891838008,0.04412081448443114,0.3951888773595417,0.3041719383559114,False,c4_drift_aware__dirichlet_a1.0__sparse_coordinate_attack__seed49,49,dirichlet_a1.0,sparse_coordinate_attack,c4_drift_aware
7,0.17305956002821624,0.04056725346927445,0.38356709500562824,0.3041719383559114,False,c4_drift_aware__dirichlet_a1.0__sparse_coordinate_attack__seed49,49,dirichlet_a1.0,sparse_coordinate_attack,c4_drift_aware
8,0.1707026108266785,0.034331724552609105,0.3488533627026224,0.3041719383559114,False,c4_drift_aware__dirichlet_a1.0__sparse_coordinate_attack__seed49,49,dirichlet_a1.0,sparse_coordinate_attack,c4_drift_aware
9,0.1640813230514783,0.03505960721965348,0.3460091308749822,0.3041719383559114,False,c4_drift_aware__dirichlet_a1.0__sparse_coordinate_attack__seed49,49,dirichlet_a1.0,sparse_coordinate_attack,c4_drift_aware
10,0.14866249142706864,0.0451274803952947,0.38283349994629234,0.3041719383559114,False,c4_drift_aware__dirichlet_a1.0__sparse_coordinate_attack__seed49,49,dirichlet_a1.0,sparse_coordinate_attack,c4_drift_aware
11,0.1615407139329966,0.03420009646318323,0.33900843449010065,0.3041719383559114,False,c4_drift_aware__dirichlet_a1.0__sparse_coordinate_attack__seed49,49,dirichlet_a1.0,sparse_coordinate_attack,c4_drift_aware
12,0.1557594865815406,0.03817533158335776,0.35385509970074236,0.3041719383559114,False,c4_drift_aware__dirichlet_a1.0__sparse_coordinate_attack__seed49,49,dirichlet_a1.0,sparse_coordinate_attack,c4_drift_aware
13,0.1734672965038406,0.03325335873064483,0.3460223002930297,0.3041719383559114,False,c4_drift_aware__dirichlet_a1.0__sparse_coordinate_attack__seed49,49,dirichlet_a1.0,sparse_coordinate_attack,c4_drift_aware
14,0.2066886357586524,0.025564682968800184,0.33934633215205345,0.3041719383559114,False,c4_drift_aware__dirichlet_a1.0__sparse_coordinate_attack__seed49,49,dirichlet_a1.0,sparse_coordinate_attack,c4_drift_aware
15,0.2255249444118958,0.03798350322713137,0.4226251410078032,0.3041719383559114,False,c4_drift_aware__dirichlet_a1.0__sparse_coordinate_attack__seed49,49,dirichlet_a1.0,sparse_coordinate_attack,c4_drift_aware
16,0.23315999959648182,0.030943947599149618,0.3937312380832291,0.3041719383559114,False,c4_drift_aware__dirichlet_a1.0__sparse_coordinate_attack__seed49,49,dirichlet_a1.0,sparse_coordinate_attack,c4_drift_aware
17,0.22691660775913783,0.028748621116288425,0.3760960775936701,0.3041719383559114,False,c4_drift_aware__dirichlet_a1.0__sparse_coordinate_attack__seed49,49,dirichlet_a1.0,sparse_coordinate_attack,c4_drift_aware
18,0.21302806836462965,0.03118885031030494,0.374870131509833,0.3041719383559114,False,c4_drift_aware__dirichlet_a1.0__sparse_coordinate_attack__seed49,49,dirichlet_a1.0,sparse_coordinate_attack,c4_drift_aware
19,0.21490891085797098,0.027007397693766227,0.3550529982306933,0.3041719383559114,False,c4_drift_aware__dirichlet_a1.0__sparse_coordinate_attack__seed49,49,dirichlet_a1.0,sparse_coordinate_attack,c4_drift_aware
20,0.17914228820891626,0.01908508224699426,0.27817668849679417,0.3041719383559114,False,c4_drift_aware__dirichlet_a1.0__sparse_coordinate_attack__seed49,49,dirichlet_a1.0,sparse_coordinate_attack,c4_drift_aware
21,0.1797060746325341,0.01451456102001436,0.2550235832214906,0.3041719383559114,False,c4_drift_aware__dirichlet_a1.0__sparse_coordinate_attack__seed49,49,dirichlet_a1.0,sparse_coordinate_attack,c4_drift_aware
22,0.18511810051142302,0.03798473088655138,0.38222466755482676,0.3041719383559114,False,c4_drift_aware__dirichlet_a1.0__sparse_coordinate_attack__seed49,49,dirichlet_a1.0,sparse_coordinate_attack,c4_drift_aware
23,0.17856739086454537,0.019181232266099496,0.27810072321656226,0.3041719383559114,False,c4_drift_aware__dirichlet_a1.0__sparse_coordinate_attack__seed49,49,dirichlet_a1.0,sparse_coordinate_attack,c4_drift_aware
24,0.1898693646685799,0.03169358587302301,0.3543305511222836,0.3041719383559114,False,c4_drift_aware__dirichlet_a1.0__sparse_coordinate_attack__seed49,49,dirichlet_a1.0,sparse_coordinate_attack,c4_drift_aware
0,0.3267420594884566,0.05601204145029837,0.6173941437781998,0.3041719383559114,False,c4_drift_aware__dirichlet_a1.0__full_sign_flip__seed49,49,dirichlet_a1.0,full_sign_flip,c4_drift_aware
1,0.24938082094844743,0.06613288361591929,0.5925509673198142,0.3041719383559114,False,c4_drift_aware__dirichlet_a1.0__full_sign_flip__seed49,49,dirichlet_a1.0,full_sign_flip,c4_drift_aware
2,0.22017739881049792,0.05589386571845831,0.5102162574101499,0.3041719383559114,False,c4_drift_aware__dirichlet_a1.0__full_sign_flip__seed49,49,dirichlet_a1.0,full_sign_flip,c4_drift_aware
3,0.1979751618232518,0.061442841284813254,0.5168082095342763,0.3041719383559114,False,c4_drift_aware__dirichlet_a1.0__full_sign_flip__seed49,49,dirichlet_a1.0,full_sign_flip,c4_drift_aware
4,0.19567108107626452,0.05682531689579623,0.4905433329802407,0.3041719383559114,False,c4_drift_aware__dirichlet_a1.0__full_sign_flip__seed49,49,dirichlet_a1.0,full_sign_flip,c4_drift_aware
5,0.18500411987880483,0.040822452537021325,0.39683590833866217,0.3041719383559114,False,c4_drift_aware__dirichlet_a1.0__full_sign_flip__seed49,49,dirichlet_a1.0,full_sign_flip,c4_drift_aware
6,0.16616894148837427,0.04417890996146272,0.3954177231694005,0.3041719383559114,False,c4_drift_aware__dirichlet_a1.0__full_sign_flip__seed49,49,dirichlet_a1.0,full_sign_flip,c4_drift_aware
7,0.17313159035024653,0.04019483791540379,0.3817066237770683,0.3041719383559114,False,c4_drift_aware__dirichlet_a1.0__full_sign_flip__seed49,49,dirichlet_a1.0,full_sign_flip,c4_drift_aware
8,0.17066729949294132,0.03438072403854822,0.3490723146013719,0.3041719383559114,False,c4_drift_aware__dirichlet_a1.0__full_sign_flip__seed49,49,dirichlet_a1.0,full_sign_flip,c4_drift_aware
9,0.16408583520387082,0.03514990099596463,0.3464821864620309,0.3041719383559114,False,c4_drift_aware__dirichlet_a1.0__full_sign_flip__seed49,49,dirichlet_a1.0,full_sign_flip,c4_drift_aware
10,0.16456998271349949,0.040314567458499484,0.37376630471239913,0.3041719383559114,False,c4_drift_aware__dirichlet_a1.0__full_sign_flip__seed49,49,dirichlet_a1.0,full_sign_flip,c4_drift_aware
11,0.14648121541219603,0.013497738305354778,0.2165223292525125,0.3041719383559114,False,c4_drift_aware__dirichlet_a1.0__full_sign_flip__seed49,49,dirichlet_a1.0,full_sign_flip,c4_drift_aware
12,0.1618263912055836,0.030423440711163596,0.3196966673998826,0.3041719383559114,False,c4_drift_aware__dirichlet_a1.0__full_sign_flip__seed49,49,dirichlet_a1.0,full_sign_flip,c4_drift_aware
13,0.1698712653110903,0.030921831147322748,0.3303277393176628,0.3041719383559114,False,c4_drift_aware__dirichlet_a1.0__full_sign_flip__seed49,49,dirichlet_a1.0,full_sign_flip,c4_drift_aware
14,0.1942338248552309,0.025599861067388652,0.32707406392001737,0.3041719383559114,False,c4_drift_aware__dirichlet_a1.0__full_sign_flip__seed49,49,dirichlet_a1.0,full_sign_flip,c4_drift_aware
15,0.22380199236039153,0.00486750479904452,0.24905996151311344,0.3041719383559114,False,c4_drift_aware__dirichlet_a1.0__full_sign_flip__seed49,49,dirichlet_a1.0,full_sign_flip,c4_drift_aware
16,0.22756107732115163,0.014974948425128809,0.30526758219398753,0.3041719383559114,False,c4_drift_aware__dirichlet_a1.0__full_sign_flip__seed49,49,dirichlet_a1.0,full_sign_flip,c4_drift_aware
17,0.227701495451802,0.025890765631957247,0.3620512673925913,0.3041719383559114,False,c4_drift_aware__dirichlet_a1.0__full_sign_flip__seed49,49,dirichlet_a1.0,full_sign_flip,c4_drift_aware
18,0.21689037275415562,0.019486219642029318,0.31800631509860994,0.3041719383559114,False,c4_drift_aware__dirichlet_a1.0__full_sign_flip__seed49,49,dirichlet_a1.0,full_sign_flip,c4_drift_aware
19,0.21393520129872587,0.014559998742243035,0.2894884907720992,0.3041719383559114,False,c4_drift_aware__dirichlet_a1.0__full_sign_flip__seed49,49,dirichlet_a1.0,full_sign_flip,c4_drift_aware
20,0.1999227994117136,0.02403898184695069,0.3246634801137254,0.3041719383559114,False,c4_drift_aware__dirichlet_a1.0__full_sign_flip__seed49,49,dirichlet_a1.0,full_sign_flip,c4_drift_aware
21,0.17029922980662274,0.016651480662735585,0.25670542811362396,0.3041719383559114,False,c4_drift_aware__dirichlet_a1.0__full_sign_flip__seed49,49,dirichlet_a1.0,full_sign_flip,c4_drift_aware
22,0.17370644198837543,0.010586242712923521,0.22863951405000688,0.3041719383559114,False,c4_drift_aware__dirichlet_a1.0__full_sign_flip__seed49,49,dirichlet_a1.0,full_sign_flip,c4_drift_aware
23,0.1742227098856989,0.02068916116943903,0.281580836110035,0.3041719383559114,False,c4_drift_aware__dirichlet_a1.0__full_sign_flip__seed49,49,dirichlet_a1.0,full_sign_flip,c4_drift_aware
24,0.18705773154300998,0.02411032118948886,0.3121685992273866,0.3041719383559114,False,c4_drift_aware__dirichlet_a1.0__full_sign_flip__seed49,49,dirichlet_a1.0,full_sign_flip,c4_drift_aware
0,0.32674201314947604,0.05596054544079759,0.6171268794963188,0.3041719383559114,False,c4_drift_aware__dirichlet_a1.0__low_norm__seed49,49,dirichlet_a1.0,low_norm,c4_drift_aware
1,0.24933440827583178,0.06632316666874366,0.5934919524366095,0.3041719383559114,False,c4_drift_aware__dirichlet_a1.0__low_norm__seed49,49,dirichlet_a1.0,low_norm,c4_drift_aware
2,0.22004539470569148,0.05574616319294712,0.5093178101302134,0.3041719383559114,False,c4_drift_aware__dirichlet_a1.0__low_norm__seed49,49,dirichlet_a1.0,low_norm,c4_drift_aware
3,0.1991861073709666,0.060285103357048564,0.5120115372010272,0.3041719383559114,False,c4_drift_aware__dirichlet_a1.0__low_norm__seed49,49,dirichlet_a1.0,low_norm,c4_drift_aware
4,0.19547441330293716,0.05725779191009714,0.4925908213036222,0.3041719383559114,False,c4_drift_aware__dirichlet_a1.0__low_norm__seed49,49,dirichlet_a1.0,low_norm,c4_drift_aware
5,0.18508374646177136,0.040850815173967686,0.3970627114810071,0.3041719383559114,False,c4_drift_aware__dirichlet_a1.0__low_norm__seed49,49,dirichlet_a1.0,low_norm,c4_drift_aware
6,0.16612584839717992,0.0440764711189333,0.39484306468043673,0.3041719383559114,False,c4_drift_aware__dirichlet_a1.0__low_norm__seed49,49,dirichlet_a1.0,low_norm,c4_drift_aware
7,0.17303844496765983,0.04050047002343379,0.3831994339662601,0.3041719383559114,False,c4_drift_aware__dirichlet_a1.0__low_norm__seed49,49,dirichlet_a1.0,low_norm,c4_drift_aware
8,0.1706531813253757,0.03456500877267313,0.3500144683476538,0.3041719383559114,False,c4_drift_aware__dirichlet_a1.0__low_norm__seed49,49,dirichlet_a1.0,low_norm,c4_drift_aware
9,0.16422140373010594,0.035201424709350476,0.3468851166893965,0.3041719383559114,False,c4_drift_aware__dirichlet_a1.0__low_norm__seed49,49,dirichlet_a1.0,low_norm,c4_drift_aware
10,0.12009282783839219,0.04447999959194117,0.3509039937209341,0.3041719383559114,False,c4_drift_aware__dirichlet_a1.0__low_norm__seed49,49,dirichlet_a1.0,low_norm,c4_drift_aware
11,0.1310250263086934,0.025423431098674176,0.26294975262282355,0.3041719383559114,False,c4_drift_aware__dirichlet_a1.0__low_norm__seed49,49,dirichlet_a1.0,low_norm,c4_drift_aware
12,0.15263037579725436,0.027565736429226717,0.2956717387021547,0.3041719383559114,False,c4_drift_aware__dirichlet_a1.0__low_norm__seed49,49,dirichlet_a1.0,low_norm,c4_drift_aware
13,0.163556081377164,0.0351444876112994,0.3459243420409577,0.3041719383559114,False,c4_drift_aware__dirichlet_a1.0__low_norm__seed49,49,dirichlet_a1.0,low_norm,c4_drift_aware
14,0.16226145432704833,0.029509265022082926,0.31538798145313884,0.3041719383559114,False,c4_drift_aware__dirichlet_a1.0__low_norm__seed49,49,dirichlet_a1.0,low_norm,c4_drift_aware
15,0.17440866828551735,0.03896813325854939,0.376618208577456,0.3041719383559114,False,c4_drift_aware__dirichlet_a1.0__low_norm__seed49,49,dirichlet_a1.0,low_norm,c4_drift_aware
16,0.20288559789120264,0.019793980195468436,0.3055985405235079,0.3041719383559114,False,c4_drift_aware__dirichlet_a1.0__low_norm__seed49,49,dirichlet_a1.0,low_norm,c4_drift_aware
17,0.20495867209472357,0.032297333024042196,0.3725527628897809,0.3041719383559114,False,c4_drift_aware__dirichlet_a1.0__low_norm__seed49,49,dirichlet_a1.0,low_norm,c4_drift_aware
18,0.20292924751913338,0.029724334676318825,0.3571717925880194,0.3041719383559114,False,c4_drift_aware__dirichlet_a1.0__low_norm__seed49,49,dirichlet_a1.0,low_norm,c4_drift_aware
19,0.20427639119471552,0.028246428538149848,0.35084993352202887,0.3041719383559114,False,c4_drift_aware__dirichlet_a1.0__low_norm__seed49,49,dirichlet_a1.0,low_norm,c4_drift_aware
20,0.1899388953539335,0.02860214376630668,0.3383582795716755,0.3041719383559114,False,c4_drift_aware__dirichlet_a1.0__low_norm__seed49,49,dirichlet_a1.0,low_norm,c4_drift_aware
21,0.17957587959684754,0.016596204878522564,0.265695246331989,0.3041719383559114,False,c4_drift_aware__dirichlet_a1.0__low_norm__seed49,49,dirichlet_a1.0,low_norm,c4_drift_aware
22,0.1823172842064731,0.017081801692404447,0.270956461368529,0.3041719383559114,False,c4_drift_aware__dirichlet_a1.0__low_norm__seed49,49,dirichlet_a1.0,low_norm,c4_drift_aware
23,0.18118531505305752,0.0248028506758792,0.3098897874952623,0.3041719383559114,False,c4_drift_aware__dirichlet_a1.0__low_norm__seed49,49,dirichlet_a1.0,low_norm,c4_drift_aware
24,0.17872344403823953,0.014176108483100941,0.25228468856789865,0.3041719383559114,False,c4_drift_aware__dirichlet_a1.0__low_norm__seed49,49,dirichlet_a1.0,low_norm,c4_drift_aware
0,0.5635123375359671,0.023562935031899768,0.6857827637099981,0.3897146312623868,False,c4_drift_aware__dirichlet_a0.5__full_sign_flip__seed42,42,dirichlet_a0.5,full_sign_flip,c4_drift_aware
1,0.4368298587120473,0.026580169051157176,0.574757013935407,0.3897146312623868,False,c4_drift_aware__dirichlet_a0.5__full_sign_flip__seed42,42,dirichlet_a0.5,full_sign_flip,c4_drift_aware
2,0.297758836427815,0.054980153308504365,0.5830563499609749,0.3897146312623868,False,c4_drift_aware__dirichlet_a0.5__full_sign_flip__seed42,42,dirichlet_a0.5,full_sign_flip,c4_drift_aware
3,0.259127722533632,0.051695280182285475,0.5273797009275295,0.3897146312623868,False,c4_drift_aware__dirichlet_a0.5__full_sign_flip__seed42,42,dirichlet_a0.5,full_sign_flip,c4_drift_aware
4,0.24309345020550283,0.03580208271412688,0.42887403761737863,0.3897146312623868,False,c4_drift_aware__dirichlet_a0.5__full_sign_flip__seed42,42,dirichlet_a0.5,full_sign_flip,c4_drift_aware
5,0.23346218784106662,0.045221005934467345,0.4681185097356111,0.3897146312623868,False,c4_drift_aware__dirichlet_a0.5__full_sign_flip__seed42,42,dirichlet_a0.5,full_sign_flip,c4_drift_aware
6,0.24226139535560232,0.019393055259286307,0.3428938984015649,0.3897146312623868,False,c4_drift_aware__dirichlet_a0.5__full_sign_flip__seed42,42,dirichlet_a0.5,full_sign_flip,c4_drift_aware
7,0.22482541560183442,0.027388646082540852,0.36694783898874717,0.3897146312623868,False,c4_drift_aware__dirichlet_a0.5__full_sign_flip__seed42,42,dirichlet_a0.5,full_sign_flip,c4_drift_aware
8,0.24566943358317403,0.014258571689067662,0.31965858793491503,0.3897146312623868,False,c4_drift_aware__dirichlet_a0.5__full_sign_flip__seed42,42,dirichlet_a0.5,full_sign_flip,c4_drift_aware
9,0.23710932880416694,0.023360275325890828,0.35832813349774706,0.3897146312623868,False,c4_drift_aware__dirichlet_a0.5__full_sign_flip__seed42,42,dirichlet_a0.5,full_sign_flip,c4_drift_aware
10,0.24111936564521924,0.011918367346638814,0.3029649656436627,0.3897146312623868,False,c4_drift_aware__dirichlet_a0.5__full_sign_flip__seed42,42,dirichlet_a0.5,full_sign_flip,c4_drift_aware
11,0.23876406862151045,0.009957503091572756,0.29043454791399065,0.3897146312623868,False,c4_drift_aware__dirichlet_a0.5__full_sign_flip__seed42,42,dirichlet_a0.5,full_sign_flip,c4_drift_aware
12,0.23278803720636698,0.01719005623381012,0.32198895800923105,0.3897146312623868,False,c4_drift_aware__dirichlet_a0.5__full_sign_flip__seed42,42,dirichlet_a0.5,full_sign_flip,c4_drift_aware
13,0.24104994504542845,0.014024629643587389,0.31382515072896777,0.3897146312623868,False,c4_drift_aware__dirichlet_a0.5__full_sign_flip__seed42,42,dirichlet_a0.5,full_sign_flip,c4_drift_aware
14,0.2382586997176004,0.022000907626828436,0.35242360948397583,0.3897146312623868,False,c4_drift_aware__dirichlet_a0.5__full_sign_flip__seed42,42,dirichlet_a0.5,full_sign_flip,c4_drift_aware
15,0.2471122317537457,0.0272109864246661,0.38831276140998056,0.3897146312623868,False,c4_drift_aware__dirichlet_a0.5__full_sign_flip__seed42,42,dirichlet_a0.5,full_sign_flip,c4_drift_aware
16,0.2276985010083734,0.03125180301255262,0.3898672320208102,0.3897146312623868,False,c4_drift_aware__dirichlet_a0.5__full_sign_flip__seed42,42,dirichlet_a0.5,full_sign_flip,c4_drift_aware
17,0.23829090341803918,0.03649480587992532,0.4276661006095597,0.3897146312623868,False,c4_drift_aware__dirichlet_a0.5__full_sign_flip__seed42,42,dirichlet_a0.5,full_sign_flip,c4_drift_aware
18,0.23497919885838486,0.021904169650681204,0.34864212559273466,0.3897146312623868,False,c4_drift_aware__dirichlet_a0.5__full_sign_flip__seed42,42,dirichlet_a0.5,full_sign_flip,c4_drift_aware
19,0.24479486380819743,0.021530684350750867,0.3565197379726788,0.3897146312623868,False,c4_drift_aware__dirichlet_a0.5__full_sign_flip__seed42,42,dirichlet_a0.5,full_sign_flip,c4_drift_aware
20,0.23375960273967597,0.02993910831940852,0.38911662971991867,0.3897146312623868,False,c4_drift_aware__dirichlet_a0.5__full_sign_flip__seed42,42,dirichlet_a0.5,full_sign_flip,c4_drift_aware
21,0.25757625362706654,0.03020183068725399,0.4142965732462962,0.3897146312623868,False,c4_drift_aware__dirichlet_a0.5__full_sign_flip__seed42,42,dirichlet_a0.5,full_sign_flip,c4_drift_aware
22,0.26453702190537143,0.03325781082118889,0.4371151280376027,0.3897146312623868,False,c4_drift_aware__dirichlet_a0.5__full_sign_flip__seed42,42,dirichlet_a0.5,full_sign_flip,c4_drift_aware
23,0.26285418046179215,0.027793587111283963,0.40707788334095574,0.3897146312623868,False,c4_drift_aware__dirichlet_a0.5__full_sign_flip__seed42,42,dirichlet_a0.5,full_sign_flip,c4_drift_aware
24,0.27994743997515864,0.030821541616154885,0.43988350157554795,0.3897146312623868,False,c4_drift_aware__dirichlet_a0.5__full_sign_flip__seed42,42,dirichlet_a0.5,full_sign_flip,c4_drift_aware
0,0.563512231776667,0.023563073356798303,0.6857833757324291,0.3897146312623868,False,c4_drift_aware__dirichlet_a0.5__low_norm__seed42,42,dirichlet_a0.5,low_norm,c4_drift_aware
1,0.43682646610798176,0.026555935294641342,0.5746278699454052,0.3897146312623868,False,c4_drift_aware__dirichlet_a0.5__low_norm__seed42,42,dirichlet_a0.5,low_norm,c4_drift_aware
2,0.2979387372097129,0.054905099863413465,0.5828467909109517,0.3897146312623868,False,c4_drift_aware__dirichlet_a0.5__low_norm__seed42,42,dirichlet_a0.5,low_norm,c4_drift_aware
3,0.25912163624524326,0.052092159687061546,0.5294330620773744,0.3897146312623868,False,c4_drift_aware__dirichlet_a0.5__low_norm__seed42,42,dirichlet_a0.5,low_norm,c4_drift_aware
4,0.24287738437215797,0.03593449905472976,0.4293450934170562,0.3897146312623868,False,c4_drift_aware__dirichlet_a0.5__low_norm__seed42,42,dirichlet_a0.5,low_norm,c4_drift_aware
5,0.23320382371188095,0.04537562132780934,0.4686624603440164,0.3897146312623868,False,c4_drift_aware__dirichlet_a0.5__low_norm__seed42,42,dirichlet_a0.5,low_norm,c4_drift_aware
6,0.2420077962412994,0.019965761053167247,0.34561212692228954,0.3897146312623868,False,c4_drift_aware__dirichlet_a0.5__low_norm__seed42,42,dirichlet_a0.5,low_norm,c4_drift_aware
7,0.22457967473549623,0.02773330230420945,0.36849055372226946,0.3897146312623868,False,c4_drift_aware__dirichlet_a0.5__low_norm__seed42,42,dirichlet_a0.5,low_norm,c4_drift_aware
8,0.24498978296785148,0.01439992142152971,0.31971241521631133,0.3897146312623868,False,c4_drift_aware__dirichlet_a0.5__low_norm__seed42,42,dirichlet_a0.5,low_norm,c4_drift_aware
9,0.23710477194974466,0.023049845836906335,0.3567127269820353,0.3897146312623868,False,c4_drift_aware__dirichlet_a0.5__low_norm__seed42,42,dirichlet_a0.5,low_norm,c4_drift_aware
10,0.23942859148494852,0.025545727626187537,0.37198792670999825,0.3897146312623868,False,c4_drift_aware__dirichlet_a0.5__low_norm__seed42,42,dirichlet_a0.5,low_norm,c4_drift_aware
11,0.23406822007874772,0.012414069334406475,0.29848606726191634,0.3897146312623868,False,c4_drift_aware__dirichlet_a0.5__low_norm__seed42,42,dirichlet_a0.5,low_norm,c4_drift_aware
12,0.22017052021677486,0.031139751540579963,0.3817578049359983,0.3897146312623868,False,c4_drift_aware__dirichlet_a0.5__low_norm__seed42,42,dirichlet_a0.5,low_norm,c4_drift_aware
13,0.22706646534580363,0.02143173547824956,0.3382778839159884,0.3897146312623868,False,c4_drift_aware__dirichlet_a0.5__low_norm__seed42,42,dirichlet_a0.5,low_norm,c4_drift_aware
14,0.21805211993583395,0.03552516960495655,0.402395777532914,0.3897146312623868,False,c4_drift_aware__dirichlet_a0.5__low_norm__seed42,42,dirichlet_a0.5,low_norm,c4_drift_aware
15,0.22264486817324594,0.03016970389557852,0.37919847865779244,0.3897146312623868,False,c4_drift_aware__dirichlet_a0.5__low_norm__seed42,42,dirichlet_a0.5,low_norm,c4_drift_aware
16,0.21526565171064968,0.0201576739723085,0.3198658377203557,0.3897146312623868,False,c4_drift_aware__dirichlet_a0.5__low_norm__seed42,42,dirichlet_a0.5,low_norm,c4_drift_aware
17,0.22234954124671852,0.023944087246430157,0.34659780437716925,0.3897146312623868,False,c4_drift_aware__dirichlet_a0.5__low_norm__seed42,42,dirichlet_a0.5,low_norm,c4_drift_aware
18,0.21974552749163806,0.014770172509700419,0.2963894296617245,0.3897146312623868,False,c4_drift_aware__dirichlet_a0.5__low_norm__seed42,42,dirichlet_a0.5,low_norm,c4_drift_aware
19,0.22329545382864996,0.02143826410817032,0.33454075011235657,0.3897146312623868,False,c4_drift_aware__dirichlet_a0.5__low_norm__seed42,42,dirichlet_a0.5,low_norm,c4_drift_aware
20,0.22166575588667065,0.01886809840119069,0.31957420530028924,0.3897146312623868,False,c4_drift_aware__dirichlet_a0.5__low_norm__seed42,42,dirichlet_a0.5,low_norm,c4_drift_aware
21,0.2226887813019004,0.029563994123886495,0.37609930321015983,0.3897146312623868,False,c4_drift_aware__dirichlet_a0.5__low_norm__seed42,42,dirichlet_a0.5,low_norm,c4_drift_aware
22,0.23809120436827227,0.017682496054488323,0.3298474446446176,0.3897146312623868,False,c4_drift_aware__dirichlet_a0.5__low_norm__seed42,42,dirichlet_a0.5,low_norm,c4_drift_aware
23,0.24256887103613733,0.012941931143684915,0.30972584593383273,0.3897146312623868,False,c4_drift_aware__dirichlet_a0.5__low_norm__seed42,42,dirichlet_a0.5,low_norm,c4_drift_aware
24,0.24108756139773035,0.018553204228546755,0.33736199346008233,0.3897146312623868,False,c4_drift_aware__dirichlet_a0.5__low_norm__seed42,42,dirichlet_a0.5,low_norm,c4_drift_aware
0,0.37805530260622616,0.044537892794344947,0.6091668821053615,0.3897146312623868,False,c4_drift_aware__dirichlet_a0.5__full_sign_flip__seed43,43,dirichlet_a0.5,full_sign_flip,c4_drift_aware
1,0.36422002683351407,0.03533416953513652,0.547572565968291,0.3897146312623868,False,c4_drift_aware__dirichlet_a0.5__full_sign_flip__seed43,43,dirichlet_a0.5,full_sign_flip,c4_drift_aware
2,0.2846447175304043,0.013882585058782815,0.3566828396589342,0.3897146312623868,False,c4_drift_aware__dirichlet_a0.5__full_sign_flip__seed43,43,dirichlet_a0.5,full_sign_flip,c4_drift_aware
3,0.24183627526997628,0.012706442995842643,0.3077712786197033,0.3897146312623868,False,c4_drift_aware__dirichlet_a0.5__full_sign_flip__seed43,43,dirichlet_a0.5,full_sign_flip,c4_drift_aware
4,0.21792222150075946,0.0032921371865542726,0.23500545057550823,0.3897146312623868,False,c4_drift_aware__dirichlet_a0.5__full_sign_flip__seed43,43,dirichlet_a0.5,full_sign_flip,c4_drift_aware
5,0.18546668273566821,0.023711277084650262,0.3085068706556269,0.3897146312623868,False,c4_drift_aware__dirichlet_a0.5__full_sign_flip__seed43,43,dirichlet_a0.5,full_sign_flip,c4_drift_aware
6,0.1843292231389909,0.021644106134584756,0.2966426542819646,0.3897146312623868,False,c4_drift_aware__dirichlet_a0.5__full_sign_flip__seed43,43,dirichlet_a0.5,full_sign_flip,c4_drift_aware
7,0.19276418384527888,0.02499157154097012,0.3224479477285269,0.3897146312623868,False,c4_drift_aware__dirichlet_a0.5__full_sign_flip__seed43,43,dirichlet_a0.5,full_sign_flip,c4_drift_aware
8,0.20203865523994274,0.0016717701431477328,0.21071363768975065,0.3897146312623868,False,c4_drift_aware__dirichlet_a0.5__full_sign_flip__seed43,43,dirichlet_a0.5,full_sign_flip,c4_drift_aware
9,0.21838288606368522,0.037393194463655244,0.41241991145503865,0.3897146312623868,False,c4_drift_aware__dirichlet_a0.5__full_sign_flip__seed43,43,dirichlet_a0.5,full_sign_flip,c4_drift_aware
10,0.21558643929686233,0.015218131984901212,0.2945548479797132,0.3897146312623868,False,c4_drift_aware__dirichlet_a0.5__full_sign_flip__seed43,43,dirichlet_a0.5,full_sign_flip,c4_drift_aware
11,0.22982625791917402,0.03420091424008995,0.40729822200242477,0.3897146312623868,False,c4_drift_aware__dirichlet_a0.5__full_sign_flip__seed43,43,dirichlet_a0.5,full_sign_flip,c4_drift_aware
12,0.23056586742505772,0.03430331017463595,0.40856917425226114,0.3897146312623868,False,c4_drift_aware__dirichlet_a0.5__full_sign_flip__seed43,43,dirichlet_a0.5,full_sign_flip,c4_drift_aware
13,0.23924806682029465,0.029289503787335608,0.39123423092315784,0.3897146312623868,False,c4_drift_aware__dirichlet_a0.5__full_sign_flip__seed43,43,dirichlet_a0.5,full_sign_flip,c4_drift_aware
14,0.24500653488795518,0.028714036802169746,0.3940065432580942,0.3897146312623868,False,c4_drift_aware__dirichlet_a0.5__full_sign_flip__seed43,43,dirichlet_a0.5,full_sign_flip,c4_drift_aware
15,0.23360515497447495,0.012004053494972772,0.29589538896523815,0.3897146312623868,False,c4_drift_aware__dirichlet_a0.5__full_sign_flip__seed43,43,dirichlet_a0.5,full_sign_flip,c4_drift_aware
16,0.22945485430910867,0.014390761315874995,0.3041299538533156,0.3897146312623868,False,c4_drift_aware__dirichlet_a0.5__full_sign_flip__seed43,43,dirichlet_a0.5,full_sign_flip,c4_drift_aware
17,0.21510298065464709,0.02782499292686838,0.35948965145145984,0.3897146312623868,False,c4_drift_aware__dirichlet_a0.5__full_sign_flip__seed43,43,dirichlet_a0.5,full_sign_flip,c4_drift_aware
18,0.20981532406394976,0.016065233334039197,0.29317942635761257,0.3897146312623868,False,c4_drift_aware__dirichlet_a0.5__full_sign_flip__seed43,43,dirichlet_a0.5,full_sign_flip,c4_drift_aware
19,0.20635019179869524,0.033525241902695124,0.38031602455597047,0.3897146312623868,False,c4_drift_aware__dirichlet_a0.5__full_sign_flip__seed43,43,dirichlet_a0.5,full_sign_flip,c4_drift_aware
20,0.19631502805266132,0.008583994845876824,0.24085823570740075,0.3897146312623868,False,c4_drift_aware__dirichlet_a0.5__full_sign_flip__seed43,43,dirichlet_a0.5,full_sign_flip,c4_drift_aware
21,0.19701168834828325,0.05480640138188342,0.4814075857590145,0.3897146312623868,False,c4_drift_aware__dirichlet_a0.5__full_sign_flip__seed43,43,dirichlet_a0.5,full_sign_flip,c4_drift_aware
22,0.18992152892537387,0.023208335599933877,0.31035190318699074,0.3897146312623868,False,c4_drift_aware__dirichlet_a0.5__full_sign_flip__seed43,43,dirichlet_a0.5,full_sign_flip,c4_drift_aware
23,0.17123165427641915,0.013119937498928674,0.23931232195210994,0.3897146312623868,False,c4_drift_aware__dirichlet_a0.5__full_sign_flip__seed43,43,dirichlet_a0.5,full_sign_flip,c4_drift_aware
24,0.18535363741616143,0.06304362444331472,0.5124933090149658,0.3897146312623868,False,c4_drift_aware__dirichlet_a0.5__full_sign_flip__seed43,43,dirichlet_a0.5,full_sign_flip,c4_drift_aware
0,0.37805681375048317,0.04453542483710188,0.6091555867726886,0.3897146312623868,False,c4_drift_aware__dirichlet_a0.5__low_norm__seed43,43,dirichlet_a0.5,low_norm,c4_drift_aware
1,0.364321993563779,0.035224854557053376,0.5471072863457846,0.3897146312623868,False,c4_drift_aware__dirichlet_a0.5__low_norm__seed43,43,dirichlet_a0.5,low_norm,c4_drift_aware
2,0.2846739498714916,0.013896449039865866,0.35678401358425954,0.3897146312623868,False,c4_drift_aware__dirichlet_a0.5__low_norm__seed43,43,dirichlet_a0.5,low_norm,c4_drift_aware
3,0.24203750337682656,0.013241541884222552,0.31074918836824583,0.3897146312623868,False,c4_drift_aware__dirichlet_a0.5__low_norm__seed43,43,dirichlet_a0.5,low_norm,c4_drift_aware
4,0.2174849289460551,0.0040034193807639284,0.23825907245477718,0.3897146312623868,False,c4_drift_aware__dirichlet_a0.5__low_norm__seed43,43,dirichlet_a0.5,low_norm,c4_drift_aware
5,0.18548209966686421,0.023002577261345275,0.30484477333371096,0.3897146312623868,False,c4_drift_aware__dirichlet_a0.5__low_norm__seed43,43,dirichlet_a0.5,low_norm,c4_drift_aware
6,0.18380334283826003,0.020965169034190212,0.29259370147357644,0.3897146312623868,False,c4_drift_aware__dirichlet_a0.5__low_norm__seed43,43,dirichlet_a0.5,low_norm,c4_drift_aware
7,0.1924178375080629,0.02531008136776708,0.323754380733543,0.3897146312623868,False,c4_drift_aware__dirichlet_a0.5__low_norm__seed43,43,dirichlet_a0.5,low_norm,c4_drift_aware
8,0.20274888212638534,0.0020914344523565442,0.21360154464310868,0.3897146312623868,False,c4_drift_aware__dirichlet_a0.5__low_norm__seed43,43,dirichlet_a0.5,low_norm,c4_drift_aware
9,0.21860329071051446,0.037371288789346035,0.41252664536731,0.3897146312623868,False,c4_drift_aware__dirichlet_a0.5__low_norm__seed43,43,dirichlet_a0.5,low_norm,c4_drift_aware
10,0.20012533239361363,0.017754215193419548,0.292253730453787,0.3897146312623868,False,c4_drift_aware__dirichlet_a0.5__low_norm__seed43,43,dirichlet_a0.5,low_norm,c4_drift_aware
11,0.21159681752030243,0.018832790279683043,0.3093220495606057,0.3897146312623868,False,c4_drift_aware__dirichlet_a0.5__low_norm__seed43,43,dirichlet_a0.5,low_norm,c4_drift_aware
12,0.21159905362578996,0.017468042923930338,0.30224247516235686,0.3897146312623868,False,c4_drift_aware__dirichlet_a0.5__low_norm__seed43,43,dirichlet_a0.5,low_norm,c4_drift_aware
13,0.21521627198305748,0.02149932768218099,0.32677843325866285,0.3897146312623868,False,c4_drift_aware__dirichlet_a0.5__low_norm__seed43,43,dirichlet_a0.5,low_norm,c4_drift_aware
14,0.22418099008799217,0.0182205903564098,0.3187294555064383,0.3897146312623868,False,c4_drift_aware__dirichlet_a0.5__low_norm__seed43,43,dirichlet_a0.5,low_norm,c4_drift_aware
15,0.2292110323921503,0.024386820214701788,0.3557566811682593,0.3897146312623868,False,c4_drift_aware__dirichlet_a0.5__low_norm__seed43,43,dirichlet_a0.5,low_norm,c4_drift_aware
16,0.21938874341755618,0.01895820387555905,0.31776475914821967,0.3897146312623868,False,c4_drift_aware__dirichlet_a0.5__low_norm__seed43,43,dirichlet_a0.5,low_norm,c4_drift_aware
17,0.2174527264247329,0.021289028314908698,0.3279236232536256,0.3897146312623868,False,c4_drift_aware__dirichlet_a0.5__low_norm__seed43,43,dirichlet_a0.5,low_norm,c4_drift_aware
18,0.21335848978687458,0.04170792674263127,0.4297850924470625,0.3897146312623868,False,c4_drift_aware__dirichlet_a0.5__low_norm__seed43,43,dirichlet_a0.5,low_norm,c4_drift_aware
19,0.20549645634970298,0.022566016943481704,0.3225937748711239,0.3897146312623868,False,c4_drift_aware__dirichlet_a0.5__low_norm__seed43,43,dirichlet_a0.5,low_norm,c4_drift_aware
20,0.20194714840975203,0.006921251381441229,0.2378622139531887,0.3897146312623868,False,c4_drift_aware__dirichlet_a0.5__low_norm__seed43,43,dirichlet_a0.5,low_norm,c4_drift_aware
21,0.1727096008423251,0.02343747895674944,0.29432902289679364,0.3897146312623868,False,c4_drift_aware__dirichlet_a0.5__low_norm__seed43,43,dirichlet_a0.5,low_norm,c4_drift_aware
22,0.15960478720668608,0.04522967367991085,0.39430608689911145,0.3897146312623868,False,c4_drift_aware__dirichlet_a0.5__low_norm__seed43,43,dirichlet_a0.5,low_norm,c4_drift_aware
23,0.17593748436110565,0.015215129849002224,0.2548903146605631,0.3897146312623868,False,c4_drift_aware__dirichlet_a0.5__low_norm__seed43,43,dirichlet_a0.5,low_norm,c4_drift_aware
24,0.16880857318267867,0.03107632142554584,0.33006671269197857,0.3897146312623868,False,c4_drift_aware__dirichlet_a0.5__low_norm__seed43,43,dirichlet_a0.5,low_norm,c4_drift_aware
0,0.41496367662151434,0.04619477088079427,0.6546729621990439,0.3897146312623868,False,c4_drift_aware__dirichlet_a0.5__full_sign_flip__seed44,44,dirichlet_a0.5,full_sign_flip,c4_drift_aware
1,0.3078611600633177,0.039124316063683606,0.5108811485493783,0.3897146312623868,False,c4_drift_aware__dirichlet_a0.5__full_sign_flip__seed44,44,dirichlet_a0.5,full_sign_flip,c4_drift_aware
2,0.2629265236687135,0.03504514458816366,0.44477928345115353,0.3897146312623868,False,c4_drift_aware__dirichlet_a0.5__full_sign_flip__seed44,44,dirichlet_a0.5,full_sign_flip,c4_drift_aware
3,0.22483874572705978,0.04104104204035178,0.43780481697864915,0.3897146312623868,False,c4_drift_aware__dirichlet_a0.5__full_sign_flip__seed44,44,dirichlet_a0.5,full_sign_flip,c4_drift_aware
4,0.21714369581920992,0.030050130629760585,0.37307682867010056,0.3897146312623868,False,c4_drift_aware__dirichlet_a0.5__full_sign_flip__seed44,44,dirichlet_a0.5,full_sign_flip,c4_drift_aware
5,0.2077836371263596,0.024470294923436026,0.3347624445135615,0.3897146312623868,False,c4_drift_aware__dirichlet_a0.5__full_sign_flip__seed44,44,dirichlet_a0.5,full_sign_flip,c4_drift_aware
6,0.20278859975930005,0.029711437914652417,0.3569642222422229,0.3897146312623868,False,c4_drift_aware__dirichlet_a0.5__full_sign_flip__seed44,44,dirichlet_a0.5,full_sign_flip,c4_drift_aware
7,0.1966143136447585,0.02625200902905095,0.33283861369740675,0.3897146312623868,False,c4_drift_aware__dirichlet_a0.5__full_sign_flip__seed44,44,dirichlet_a0.5,full_sign_flip,c4_drift_aware
8,0.19467580046984886,0.023380207049029073,0.31599803286796563,0.3897146312623868,False,c4_drift_aware__dirichlet_a0.5__full_sign_flip__seed44,44,dirichlet_a0.5,full_sign_flip,c4_drift_aware
9,0.19958308020790333,0.024183882708090354,0.32507566596845494,0.3897146312623868,False,c4_drift_aware__dirichlet_a0.5__full_sign_flip__seed44,44,dirichlet_a0.5,full_sign_flip,c4_drift_aware
10,0.20882232156540875,0.015852526464853106,0.29108266664417803,0.3897146312623868,False,c4_drift_aware__dirichlet_a0.5__full_sign_flip__seed44,44,dirichlet_a0.5,full_sign_flip,c4_drift_aware
11,0.20307863484214092,0.011819523450858405,0.26441132398099026,0.3897146312623868,False,c4_drift_aware__dirichlet_a0.5__full_sign_flip__seed44,44,dirichlet_a0.5,full_sign_flip,c4_drift_aware
12,0.2122892844854368,0.015464966275563347,0.29253854098596255,0.3897146312623868,False,c4_drift_aware__dirichlet_a0.5__full_sign_flip__seed44,44,dirichlet_a0.5,full_sign_flip,c4_drift_aware
13,0.21513417007597865,0.02748585475148252,0.3577610189668966,0.3897146312623868,False,c4_drift_aware__dirichlet_a0.5__full_sign_flip__seed44,44,dirichlet_a0.5,full_sign_flip,c4_drift_aware
14,0.22613228633811455,0.023021394065947776,0.34559260228572414,0.3897146312623868,False,c4_drift_aware__dirichlet_a0.5__full_sign_flip__seed44,44,dirichlet_a0.5,full_sign_flip,c4_drift_aware
15,0.2343479388214998,0.01866590601815965,0.33120719174033203,0.3897146312623868,False,c4_drift_aware__dirichlet_a0.5__full_sign_flip__seed44,44,dirichlet_a0.5,full_sign_flip,c4_drift_aware
16,0.22263394018427543,0.008708912327899387,0.2678253571449781,0.3897146312623868,False,c4_drift_aware__dirichlet_a0.5__full_sign_flip__seed44,44,dirichlet_a0.5,full_sign_flip,c4_drift_aware
17,0.20498168604470748,0.004552943729327519,0.22860736635056092,0.3897146312623868,False,c4_drift_aware__dirichlet_a0.5__full_sign_flip__seed44,44,dirichlet_a0.5,full_sign_flip,c4_drift_aware
18,0.21645035163729737,0.023224038126852753,0.336962207881349,0.3897146312623868,False,c4_drift_aware__dirichlet_a0.5__full_sign_flip__seed44,44,dirichlet_a0.5,full_sign_flip,c4_drift_aware
19,0.2189325887474451,0.0349323835221057,0.4002002200820038,0.3897146312623868,False,c4_drift_aware__dirichlet_a0.5__full_sign_flip__seed44,44,dirichlet_a0.5,full_sign_flip,c4_drift_aware
20,0.24997341219316896,0.022601665272392463,0.3672557134581407,0.3897146312623868,False,c4_drift_aware__dirichlet_a0.5__full_sign_flip__seed44,44,dirichlet_a0.5,full_sign_flip,c4_drift_aware
21,0.2550444876876348,0.0390077483535928,0.4574595946692632,0.3897146312623868,False,c4_drift_aware__dirichlet_a0.5__full_sign_flip__seed44,44,dirichlet_a0.5,full_sign_flip,c4_drift_aware
22,0.25821480534374786,0.04662280007402264,0.5001451772078587,0.3897146312623868,False,c4_drift_aware__dirichlet_a0.5__full_sign_flip__seed44,44,dirichlet_a0.5,full_sign_flip,c4_drift_aware
23,0.23175269473550036,0.03595420102466318,0.41832263927258007,0.3897146312623868,False,c4_drift_aware__dirichlet_a0.5__full_sign_flip__seed44,44,dirichlet_a0.5,full_sign_flip,c4_drift_aware
24,0.23256366751405141,0.03515505028029184,0.4149867389235138,0.3897146312623868,False,c4_drift_aware__dirichlet_a0.5__full_sign_flip__seed44,44,dirichlet_a0.5,full_sign_flip,c4_drift_aware
0,0.4149634435588808,0.046195022881373615,0.6546740367926166,0.3897146312623868,False,c4_drift_aware__dirichlet_a0.5__low_norm__seed44,44,dirichlet_a0.5,low_norm,c4_drift_aware
1,0.3078565831583941,0.03913062201655593,0.5109092938645045,0.3897146312623868,False,c4_drift_aware__dirichlet_a0.5__low_norm__seed44,44,dirichlet_a0.5,low_norm,c4_drift_aware
2,0.26297342894478,0.03501435611550757,0.44466642426376035,0.3897146312623868,False,c4_drift_aware__dirichlet_a0.5__low_norm__seed44,44,dirichlet_a0.5,low_norm,c4_drift_aware
3,0.22485428103848465,0.04111097707499828,0.4381832521783582,0.3897146312623868,False,c4_drift_aware__dirichlet_a0.5__low_norm__seed44,44,dirichlet_a0.5,low_norm,c4_drift_aware
4,0.21701473150234202,0.03021727461261417,0.3738151911946582,0.3897146312623868,False,c4_drift_aware__dirichlet_a0.5__low_norm__seed44,44,dirichlet_a0.5,low_norm,c4_drift_aware
5,0.20712244182710773,0.02553646877478477,0.3396337319463434,0.3897146312623868,False,c4_drift_aware__dirichlet_a0.5__low_norm__seed44,44,dirichlet_a0.5,low_norm,c4_drift_aware
6,0.20281614497594297,0.02992556893043588,0.3581029147128678,0.3897146312623868,False,c4_drift_aware__dirichlet_a0.5__low_norm__seed44,44,dirichlet_a0.5,low_norm,c4_drift_aware
7,0.196759353768066,0.02630530694643446,0.333260222043809,0.3897146312623868,False,c4_drift_aware__dirichlet_a0.5__low_norm__seed44,44,dirichlet_a0.5,low_norm,c4_drift_aware
8,0.1947295684228336,0.023190708228869594,0.3150684724932608,0.3897146312623868,False,c4_drift_aware__dirichlet_a0.5__low_norm__seed44,44,dirichlet_a0.5,low_norm,c4_drift_aware
9,0.19969429266430472,0.023743017131112987,0.32289918285936314,0.3897146312623868,False,c4_drift_aware__dirichlet_a0.5__low_norm__seed44,44,dirichlet_a0.5,low_norm,c4_drift_aware
10,0.19322714092671475,0.04313819313827408,0.41707553894053273,0.3897146312623868,False,c4_drift_aware__dirichlet_a0.5__low_norm__seed44,44,dirichlet_a0.5,low_norm,c4_drift_aware
11,0.18939159856359478,0.028206339255294144,0.3357571135932416,0.3897146312623868,False,c4_drift_aware__dirichlet_a0.5__low_norm__seed44,44,dirichlet_a0.5,low_norm,c4_drift_aware
12,0.1948503162433216,0.028499855769946014,0.34273891781914845,0.3897146312623868,False,c4_drift_aware__dirichlet_a0.5__low_norm__seed44,44,dirichlet_a0.5,low_norm,c4_drift_aware
13,0.19925943519812664,0.0188405980976126,0.2970251827864482,0.3897146312623868,False,c4_drift_aware__dirichlet_a0.5__low_norm__seed44,44,dirichlet_a0.5,low_norm,c4_drift_aware
14,0.20283862029902536,0.0197601621167334,0.3053760775389666,0.3897146312623868,False,c4_drift_aware__dirichlet_a0.5__low_norm__seed44,44,dirichlet_a0.5,low_norm,c4_drift_aware
15,0.2128253226175036,0.021405598443330537,0.32390111349979006,0.3897146312623868,False,c4_drift_aware__dirichlet_a0.5__low_norm__seed44,44,dirichlet_a0.5,low_norm,c4_drift_aware
16,0.21632125909233954,0.01189882385218402,0.27806544594370763,0.3897146312623868,False,c4_drift_aware__dirichlet_a0.5__low_norm__seed44,44,dirichlet_a0.5,low_norm,c4_drift_aware
17,0.20868496286326368,0.008736528310149067,0.2540196819174582,0.3897146312623868,False,c4_drift_aware__dirichlet_a0.5__low_norm__seed44,44,dirichlet_a0.5,low_norm,c4_drift_aware
18,0.21045804903701076,0.01953324620488714,0.31181801691879063,0.3897146312623868,False,c4_drift_aware__dirichlet_a0.5__low_norm__seed44,44,dirichlet_a0.5,low_norm,c4_drift_aware
19,0.20536504163570654,0.020665709566155238,0.3126014751454427,0.3897146312623868,False,c4_drift_aware__dirichlet_a0.5__low_norm__seed44,44,dirichlet_a0.5,low_norm,c4_drift_aware
20,0.20788386559766578,0.01814552590757998,0.302042814084689,0.3897146312623868,False,c4_drift_aware__dirichlet_a0.5__low_norm__seed44,44,dirichlet_a0.5,low_norm,c4_drift_aware
21,0.19622705787803596,0.028203753718389374,0.3425791562981303,0.3897146312623868,False,c4_drift_aware__dirichlet_a0.5__low_norm__seed44,44,dirichlet_a0.5,low_norm,c4_drift_aware
22,0.1888569545184326,0.03487742045123113,0.36983937698191605,0.3897146312623868,False,c4_drift_aware__dirichlet_a0.5__low_norm__seed44,44,dirichlet_a0.5,low_norm,c4_drift_aware
23,0.21184620098345439,0.04449919401201552,0.4427569686312041,0.3897146312623868,False,c4_drift_aware__dirichlet_a0.5__low_norm__seed44,44,dirichlet_a0.5,low_norm,c4_drift_aware
24,0.21063019148487352,0.04291508883239423,0.4333208789450504,0.3897146312623868,False,c4_drift_aware__dirichlet_a0.5__low_norm__seed44,44,dirichlet_a0.5,low_norm,c4_drift_aware
0,0.4155582247067506,0.07399838643338896,0.7995432517482493,0.3897146312623868,False,c4_drift_aware__dirichlet_a0.5__no_attack__seed45,45,dirichlet_a0.5,no_attack,c4_drift_aware
1,0.30704341594382434,0.033373876539872005,0.48022379869687415,0.3897146312623868,False,c4_drift_aware__dirichlet_a0.5__no_attack__seed45,45,dirichlet_a0.5,no_attack,c4_drift_aware
2,0.2703573973892002,0.021780902594491003,0.38338067904227346,0.3897146312623868,False,c4_drift_aware__dirichlet_a0.5__no_attack__seed45,45,dirichlet_a0.5,no_attack,c4_drift_aware
3,0.22927673545292077,0.033632786323245734,0.4038006269628752,0.3897146312623868,False,c4_drift_aware__dirichlet_a0.5__no_attack__seed45,45,dirichlet_a0.5,no_attack,c4_drift_aware
4,0.22974040217869926,0.022716750670978753,0.3476198930854751,0.3897146312623868,False,c4_drift_aware__dirichlet_a0.5__no_attack__seed45,45,dirichlet_a0.5,no_attack,c4_drift_aware
5,0.19918367944894408,0.029848347896682725,0.3540697415196204,0.3897146312623868,False,c4_drift_aware__dirichlet_a0.5__no_attack__seed45,45,dirichlet_a0.5,no_attack,c4_drift_aware
6,0.19459926265179445,0.022395634247051432,0.310812448323169,0.3897146312623868,False,c4_drift_aware__dirichlet_a0.5__no_attack__seed45,45,dirichlet_a0.5,no_attack,c4_drift_aware
7,0.20271392706621646,0.02288975773107385,0.3214911689085318,0.3897146312623868,False,c4_drift_aware__dirichlet_a0.5__no_attack__seed45,45,dirichlet_a0.5,no_attack,c4_drift_aware
8,0.1937638264130456,0.011262876106823333,0.25220801681896254,0.3897146312623868,False,c4_drift_aware__dirichlet_a0.5__no_attack__seed45,45,dirichlet_a0.5,no_attack,c4_drift_aware
9,0.20988226682934047,0.026794505892381942,0.34892163735549964,0.3897146312623868,False,c4_drift_aware__dirichlet_a0.5__no_attack__seed45,45,dirichlet_a0.5,no_attack,c4_drift_aware
10,0.23519798053404267,0.027023879869927853,0.37542759556708527,0.3897146312623868,False,c4_drift_aware__dirichlet_a0.5__no_attack__seed45,45,dirichlet_a0.5,no_attack,c4_drift_aware
11,0.23342063497110543,0.020314153750748798,0.33883281019911604,0.3897146312623868,False,c4_drift_aware__dirichlet_a0.5__no_attack__seed45,45,dirichlet_a0.5,no_attack,c4_drift_aware
12,0.24719484831485372,0.021740540472475728,0.3600086868805775,0.3897146312623868,False,c4_drift_aware__dirichlet_a0.5__no_attack__seed45,45,dirichlet_a0.5,no_attack,c4_drift_aware
13,0.2547002982069156,0.013796839441589437,0.32629347775326734,0.3897146312623868,False,c4_drift_aware__dirichlet_a0.5__no_attack__seed45,45,dirichlet_a0.5,no_attack,c4_drift_aware
14,0.25008073523661123,0.017476261178565045,0.3407668021183031,0.3897146312623868,False,c4_drift_aware__dirichlet_a0.5__no_attack__seed45,45,dirichlet_a0.5,no_attack,c4_drift_aware
15,0.2405174567655441,0.0038997556806034395,0.2607536789677634,0.3897146312623868,False,c4_drift_aware__dirichlet_a0.5__no_attack__seed45,45,dirichlet_a0.5,no_attack,c4_drift_aware
16,0.2310808394787113,0.017654601807954834,0.32269233372036976,0.3897146312623868,False,c4_drift_aware__dirichlet_a0.5__no_attack__seed45,45,dirichlet_a0.5,no_attack,c4_drift_aware
17,0.24913654670135577,0.010599297996134627,0.304137363933098,0.3897146312623868,False,c4_drift_aware__dirichlet_a0.5__no_attack__seed45,45,dirichlet_a0.5,no_attack,c4_drift_aware
18,0.24586824645007452,0.01676888597722359,0.33288367267448543,0.3897146312623868,False,c4_drift_aware__dirichlet_a0.5__no_attack__seed45,45,dirichlet_a0.5,no_attack,c4_drift_aware
19,0.26155344290442395,0.029129185349989983,0.412707698604057,0.3897146312623868,False,c4_drift_aware__dirichlet_a0.5__no_attack__seed45,45,dirichlet_a0.5,no_attack,c4_drift_aware
20,0.2728470813766624,0.029185231643629572,0.4242921668986206,0.3897146312623868,False,c4_drift_aware__dirichlet_a0.5__no_attack__seed45,45,dirichlet_a0.5,no_attack,c4_drift_aware
21,0.2789278948305132,0.009660004719101167,0.3290546253184011,0.3897146312623868,False,c4_drift_aware__dirichlet_a0.5__no_attack__seed45,45,dirichlet_a0.5,no_attack,c4_drift_aware
22,0.2541130140544852,0.020561319054379634,0.36080775475956656,0.3897146312623868,False,c4_drift_aware__dirichlet_a0.5__no_attack__seed45,45,dirichlet_a0.5,no_attack,c4_drift_aware
23,0.242402258560754,0.02190278415278593,0.3560579958079755,0.3897146312623868,False,c4_drift_aware__dirichlet_a0.5__no_attack__seed45,45,dirichlet_a0.5,no_attack,c4_drift_aware
24,0.22606661630931243,0.024843514994196236,0.35498209996569613,0.3897146312623868,False,c4_drift_aware__dirichlet_a0.5__no_attack__seed45,45,dirichlet_a0.5,no_attack,c4_drift_aware
0,0.4155587403907023,0.07399787423399634,0.7995411095783327,0.3897146312623868,False,c4_drift_aware__dirichlet_a0.5__large_norm__seed45,45,dirichlet_a0.5,large_norm,c4_drift_aware
1,0.30702624933327366,0.03335109356472521,0.4800884089499893,0.3897146312623868,False,c4_drift_aware__dirichlet_a0.5__large_norm__seed45,45,dirichlet_a0.5,large_norm,c4_drift_aware
2,0.2703341041244545,0.021778538536770004,0.38334511844560776,0.3897146312623868,False,c4_drift_aware__dirichlet_a0.5__large_norm__seed45,45,dirichlet_a0.5,large_norm,c4_drift_aware
3,0.22923960861029258,0.0336586660235364,0.40389779247302526,0.3897146312623868,False,c4_drift_aware__dirichlet_a0.5__large_norm__seed45,45,dirichlet_a0.5,large_norm,c4_drift_aware
4,0.22970222093604187,0.022766526865319492,0.34784000549287125,0.3897146312623868,False,c4_drift_aware__dirichlet_a0.5__large_norm__seed45,45,dirichlet_a0.5,large_norm,c4_drift_aware
5,0.19932742621291727,0.030023461801988505,0.3551221718496158,0.3897146312623868,False,c4_drift_aware__dirichlet_a0.5__large_norm__seed45,45,dirichlet_a0.5,large_norm,c4_drift_aware
6,0.19459470752849667,0.022216928361704497,0.30988057049021744,0.3897146312623868,False,c4_drift_aware__dirichlet_a0.5__large_norm__seed45,45,dirichlet_a0.5,large_norm,c4_drift_aware
7,0.20289673858143456,0.023144930036802014,0.3229980950354039,0.3897146312623868,False,c4_drift_aware__dirichlet_a0.5__large_norm__seed45,45,dirichlet_a0.5,large_norm,c4_drift_aware
8,0.19378486360213082,0.011440455138948175,0.2531505293636468,0.3897146312623868,False,c4_drift_aware__dirichlet_a0.5__large_norm__seed45,45,dirichlet_a0.5,large_norm,c4_drift_aware
9,0.2099726335180363,0.027001358228398692,0.35008538150102,0.3897146312623868,False,c4_drift_aware__dirichlet_a0.5__large_norm__seed45,45,dirichlet_a0.5,large_norm,c4_drift_aware
10,0.2502043829394781,0.04506270262185852,0.48403925311456414,0.3897146312623868,False,c4_drift_aware__dirichlet_a0.5__large_norm__seed45,45,dirichlet_a0.5,large_norm,c4_drift_aware
11,0.30775471034540436,0.0728039907405798,0.6855418986973469,0.3897146312623868,False,c4_drift_aware__dirichlet_a0.5__large_norm__seed45,45,dirichlet_a0.5,large_norm,c4_drift_aware
12,0.28105627362825114,0.030983587579474114,0.4418332079369003,0.3897146312623868,False,c4_drift_aware__dirichlet_a0.5__large_norm__seed45,45,dirichlet_a0.5,large_norm,c4_drift_aware
13,0.3560837326348651,0.1077002208221789,0.9149509485032337,0.3897146312623868,False,c4_drift_aware__dirichlet_a0.5__large_norm__seed45,45,dirichlet_a0.5,large_norm,c4_drift_aware
14,0.28427418277892863,0.05714271424973913,0.58079344129225,0.3897146312623868,False,c4_drift_aware__dirichlet_a0.5__large_norm__seed45,45,dirichlet_a0.5,large_norm,c4_drift_aware
15,0.3037154733790691,0.08792919003053462,0.7599888333665163,0.3897146312623868,False,c4_drift_aware__dirichlet_a0.5__large_norm__seed45,45,dirichlet_a0.5,large_norm,c4_drift_aware
16,0.2631961526344183,0.06448541041988701,0.597817395844254,0.3897146312623868,False,c4_drift_aware__dirichlet_a0.5__large_norm__seed45,45,dirichlet_a0.5,large_norm,c4_drift_aware
17,0.3284987263370703,0.13097260374655387,1.008128664438313,0.3897146312623868,False,c4_drift_aware__dirichlet_a0.5__large_norm__seed45,45,dirichlet_a0.5,large_norm,c4_drift_aware
18,0.2506480872812383,0.053785600879824175,0.5297469488067339,0.3897146312623868,False,c4_drift_aware__dirichlet_a0.5__large_norm__seed45,45,dirichlet_a0.5,large_norm,c4_drift_aware
19,0.3406556329273432,0.12120010270802281,0.9695750858895444,0.3897146312623868,False,c4_drift_aware__dirichlet_a0.5__large_norm__seed45,45,dirichlet_a0.5,large_norm,c4_drift_aware
20,0.27516624717358057,0.07439427363020107,0.661205572468057,0.3897146312623868,False,c4_drift_aware__dirichlet_a0.5__large_norm__seed45,45,dirichlet_a0.5,large_norm,c4_drift_aware
21,0.30830556811934584,0.1259646320320874,0.9619486401970506,0.3897146312623868,False,c4_drift_aware__dirichlet_a0.5__large_norm__seed45,45,dirichlet_a0.5,large_norm,c4_drift_aware
22,0.2611528421435482,0.05463670628182077,0.5446681747105444,0.3897146312623868,False,c4_drift_aware__dirichlet_a0.5__large_norm__seed45,45,dirichlet_a0.5,large_norm,c4_drift_aware
23,0.24912893787603677,0.073808055631056,0.6321263193511494,0.3897146312623868,False,c4_drift_aware__dirichlet_a0.5__large_norm__seed45,45,dirichlet_a0.5,large_norm,c4_drift_aware
24,0.248228344935878,0.056573178100797705,0.5417922234187273,0.3897146312623868,False,c4_drift_aware__dirichlet_a0.5__large_norm__seed45,45,dirichlet_a0.5,large_norm,c4_drift_aware
0,0.4155587329694127,0.07399788504260252,0.7995411582439814,0.3897146312623868,False,c4_drift_aware__dirichlet_a0.5__directional_poisoning__seed45,45,dirichlet_a0.5,directional_poisoning,c4_drift_aware
1,0.3070438887827499,0.033367960438609845,0.48019357229474025,0.3897146312623868,False,c4_drift_aware__dirichlet_a0.5__directional_poisoning__seed45,45,dirichlet_a0.5,directional_poisoning,c4_drift_aware
2,0.2704349576093411,0.021818528094925044,0.38365348174671665,0.3897146312623868,False,c4_drift_aware__dirichlet_a0.5__directional_poisoning__seed45,45,dirichlet_a0.5,directional_poisoning,c4_drift_aware
3,0.22918908147322042,0.03368362202448938,0.40397676452049824,0.3897146312623868,False,c4_drift_aware__dirichlet_a0.5__directional_poisoning__seed45,45,dirichlet_a0.5,directional_poisoning,c4_drift_aware
4,0.2297527620564064,0.02268962242164485,0.3474914817645637,0.3897146312623868,False,c4_drift_aware__dirichlet_a0.5__directional_poisoning__seed45,45,dirichlet_a0.5,directional_poisoning,c4_drift_aware
5,0.19944040921180625,0.030231381151528874,0.3563140691452047,0.3897146312623868,False,c4_drift_aware__dirichlet_a0.5__directional_poisoning__seed45,45,dirichlet_a0.5,directional_poisoning,c4_drift_aware
6,0.19459465978907622,0.022318238555577186,0.3104062314778218,0.3897146312623868,False,c4_drift_aware__dirichlet_a0.5__directional_poisoning__seed45,45,dirichlet_a0.5,directional_poisoning,c4_drift_aware
7,0.2027073047082051,0.02277823030945003,0.3209058196069723,0.3897146312623868,False,c4_drift_aware__dirichlet_a0.5__directional_poisoning__seed45,45,dirichlet_a0.5,directional_poisoning,c4_drift_aware
8,0.19371513376506025,0.011396012019884827,0.2528501797374446,0.3897146312623868,False,c4_drift_aware__dirichlet_a0.5__directional_poisoning__seed45,45,dirichlet_a0.5,directional_poisoning,c4_drift_aware
9,0.20990550828915883,0.026979746066450927,0.3499061086025793,0.3897146312623868,False,c4_drift_aware__dirichlet_a0.5__directional_poisoning__seed45,45,dirichlet_a0.5,directional_poisoning,c4_drift_aware
10,0.23533310773641983,0.027098558857600985,0.3759502395043971,0.3897146312623868,False,c4_drift_aware__dirichlet_a0.5__directional_poisoning__seed45,45,dirichlet_a0.5,directional_poisoning,c4_drift_aware
11,0.2629206335552868,0.022208003331084858,0.3781601836406192,0.3897146312623868,False,c4_drift_aware__dirichlet_a0.5__directional_poisoning__seed45,45,dirichlet_a0.5,directional_poisoning,c4_drift_aware
12,0.26101048156646706,0.029144568430430118,0.41224456160881195,0.3897146312623868,False,c4_drift_aware__dirichlet_a0.5__directional_poisoning__seed45,45,dirichlet_a0.5,directional_poisoning,c4_drift_aware
13,0.2622477430411349,0.020579802258010205,0.36903839493817564,0.3897146312623868,False,c4_drift_aware__dirichlet_a0.5__directional_poisoning__seed45,45,dirichlet_a0.5,directional_poisoning,c4_drift_aware
14,0.2628843802324178,0.0313429464259736,0.4255260635314374,0.3897146312623868,False,c4_drift_aware__dirichlet_a0.5__directional_poisoning__seed45,45,dirichlet_a0.5,directional_poisoning,c4_drift_aware
15,0.2737246654737931,0.01968296829924876,0.37586155627542484,0.3897146312623868,False,c4_drift_aware__dirichlet_a0.5__directional_poisoning__seed45,45,dirichlet_a0.5,directional_poisoning,c4_drift_aware
16,0.27302978593167027,0.05026263020988353,0.5338476003537769,0.3897146312623868,False,c4_drift_aware__dirichlet_a0.5__directional_poisoning__seed45,45,dirichlet_a0.5,directional_poisoning,c4_drift_aware
17,0.2733725376833198,0.05840298259761559,0.5764314546806069,0.3897146312623868,False,c4_drift_aware__dirichlet_a0.5__directional_poisoning__seed45,45,dirichlet_a0.5,directional_poisoning,c4_drift_aware
18,0.2687489141861883,0.05985940633495035,0.5793653595988791,0.3897146312623868,False,c4_drift_aware__dirichlet_a0.5__directional_poisoning__seed45,45,dirichlet_a0.5,directional_poisoning,c4_drift_aware
19,0.2605558493751163,0.06546819776011167,0.6002768743721117,0.3897146312623868,False,c4_drift_aware__dirichlet_a0.5__directional_poisoning__seed45,45,dirichlet_a0.5,directional_poisoning,c4_drift_aware
20,0.24896818450066932,0.058129733730922534,0.5506091858037994,0.3897146312623868,False,c4_drift_aware__dirichlet_a0.5__directional_poisoning__seed45,45,dirichlet_a0.5,directional_poisoning,c4_drift_aware
21,0.25459921468856483,0.05956799916442779,0.5637035191526971,0.3897146312623868,False,c4_drift_aware__dirichlet_a0.5__directional_poisoning__seed45,45,dirichlet_a0.5,directional_poisoning,c4_drift_aware
22,0.25233371546283156,0.057512655729290596,0.5507726373076933,0.3897146312623868,False,c4_drift_aware__dirichlet_a0.5__directional_poisoning__seed45,45,dirichlet_a0.5,directional_poisoning,c4_drift_aware
23,0.23838906164169127,0.06227138075479219,0.5615214835163834,0.3897146312623868,False,c4_drift_aware__dirichlet_a0.5__directional_poisoning__seed45,45,dirichlet_a0.5,directional_poisoning,c4_drift_aware
24,0.23362540250689445,0.05237115713732243,0.5053845740081743,0.3897146312623868,False,c4_drift_aware__dirichlet_a0.5__directional_poisoning__seed45,45,dirichlet_a0.5,directional_poisoning,c4_drift_aware
0,0.41555873769744434,0.07399791057917265,0.7995412954838291,0.3897146312623868,False,c4_drift_aware__dirichlet_a0.5__sparse_coordinate_attack__seed45,45,dirichlet_a0.5,sparse_coordinate_attack,c4_drift_aware
1,0.3070339313757614,0.033359978239685784,0.4801421944593149,0.3897146312623868,False,c4_drift_aware__dirichlet_a0.5__sparse_coordinate_attack__seed45,45,dirichlet_a0.5,sparse_coordinate_attack,c4_drift_aware
2,0.2703381868067844,0.021772852202185028,0.3833196941691427,0.3897146312623868,False,c4_drift_aware__dirichlet_a0.5__sparse_coordinate_attack__seed45,45,dirichlet_a0.5,sparse_coordinate_attack,c4_drift_aware
3,0.2291894862703974,0.0336920444521345,0.4040208741369685,0.3897146312623868,False,c4_drift_aware__dirichlet_a0.5__sparse_coordinate_attack__seed45,45,dirichlet_a0.5,sparse_coordinate_attack,c4_drift_aware
4,0.22969931703062746,0.022760914795755594,0.3478079799972828,0.3897146312623868,False,c4_drift_aware__dirichlet_a0.5__sparse_coordinate_attack__seed45,45,dirichlet_a0.5,sparse_coordinate_attack,c4_drift_aware
5,0.19920288730312485,0.02985761221698216,0.354137022858267,0.3897146312623868,False,c4_drift_aware__dirichlet_a0.5__sparse_coordinate_attack__seed45,45,dirichlet_a0.5,sparse_coordinate_attack,c4_drift_aware
6,0.19463874400511133,0.022248600996571055,0.3100889594364182,0.3897146312623868,False,c4_drift_aware__dirichlet_a0.5__sparse_coordinate_attack__seed45,45,dirichlet_a0.5,sparse_coordinate_attack,c4_drift_aware
7,0.20292871399074197,0.023207908310879544,0.323356871006727,0.3897146312623868,False,c4_drift_aware__dirichlet_a0.5__sparse_coordinate_attack__seed45,45,dirichlet_a0.5,sparse_coordinate_attack,c4_drift_aware
8,0.193717688304135,0.011389759998506638,0.2528202919123858,0.3897146312623868,False,c4_drift_aware__dirichlet_a0.5__sparse_coordinate_attack__seed45,45,dirichlet_a0.5,sparse_coordinate_attack,c4_drift_aware
9,0.2099623708444637,0.027032506786761085,0.35023675181164565,0.3897146312623868,False,c4_drift_aware__dirichlet_a0.5__sparse_coordinate_attack__seed45,45,dirichlet_a0.5,sparse_coordinate_attack,c4_drift_aware
10,0.23787351393432687,0.03484250848148546,0.41867477469560305,0.3897146312623868,False,c4_drift_aware__dirichlet_a0.5__sparse_coordinate_attack__seed45,45,dirichlet_a0.5,sparse_coordinate_attack,c4_drift_aware
11,0.24955511591517912,0.039401373416124735,0.454012782708792,0.3897146312623868,False,c4_drift_aware__dirichlet_a0.5__sparse_coordinate_attack__seed45,45,dirichlet_a0.5,sparse_coordinate_attack,c4_drift_aware
12,0.25742475006833676,0.022982493161506024,0.37668320533270766,0.3897146312623868,False,c4_drift_aware__dirichlet_a0.5__sparse_coordinate_attack__seed45,45,dirichlet_a0.5,sparse_coordinate_attack,c4_drift_aware
13,0.2714505224186049,0.0272722202510311,0.4129688005232304,0.3897146312623868,False,c4_drift_aware__dirichlet_a0.5__sparse_coordinate_attack__seed45,45,dirichlet_a0.5,sparse_coordinate_attack,c4_drift_aware
14,0.27052923482242036,0.026230019354809286,0.40663942825646127,0.3897146312623868,False,c4_drift_aware__dirichlet_a0.5__sparse_coordinate_attack__seed45,45,dirichlet_a0.5,sparse_coordinate_attack,c4_drift_aware
15,0.28178201503628775,0.044269929219509396,0.511503104749244,0.3897146312623868,False,c4_drift_aware__dirichlet_a0.5__sparse_coordinate_attack__seed45,45,dirichlet_a0.5,sparse_coordinate_attack,c4_drift_aware
16,0.2784848654443606,0.05532280221751151,0.5655604184312495,0.3897146312623868,False,c4_drift_aware__dirichlet_a0.5__sparse_coordinate_attack__seed45,45,dirichlet_a0.5,sparse_coordinate_attack,c4_drift_aware
17,0.27508629881196006,0.07007384975720723,0.6387065125870841,0.3897146312623868,False,c4_drift_aware__dirichlet_a0.5__sparse_coordinate_attack__seed45,45,dirichlet_a0.5,sparse_coordinate_attack,c4_drift_aware
18,0.26169411117224767,0.05995480166613776,0.5728055724980031,0.3897146312623868,False,c4_drift_aware__dirichlet_a0.5__sparse_coordinate_attack__seed45,45,dirichlet_a0.5,sparse_coordinate_attack,c4_drift_aware
19,0.2597158088728406,0.05695107119611828,0.555240612416618,0.3897146312623868,False,c4_drift_aware__dirichlet_a0.5__sparse_coordinate_attack__seed45,45,dirichlet_a0.5,sparse_coordinate_attack,c4_drift_aware
20,0.2437741966158725,0.052776503050475876,0.5176367485950969,0.3897146312623868,False,c4_drift_aware__dirichlet_a0.5__sparse_coordinate_attack__seed45,45,dirichlet_a0.5,sparse_coordinate_attack,c4_drift_aware
21,0.24215237763913677,0.056619800726283864,0.5359581855878963,0.3897146312623868,False,c4_drift_aware__dirichlet_a0.5__sparse_coordinate_attack__seed45,45,dirichlet_a0.5,sparse_coordinate_attack,c4_drift_aware
22,0.24804834041992616,0.07070546962150157,0.61494609283286,0.3897146312623868,False,c4_drift_aware__dirichlet_a0.5__sparse_coordinate_attack__seed45,45,dirichlet_a0.5,sparse_coordinate_attack,c4_drift_aware
23,0.24653101913641257,0.05229739105682074,0.5179074110693611,0.3897146312623868,False,c4_drift_aware__dirichlet_a0.5__sparse_coordinate_attack__seed45,45,dirichlet_a0.5,sparse_coordinate_attack,c4_drift_aware
24,0.23907984816811217,0.04608978842132211,0.47824436926519476,0.3897146312623868,False,c4_drift_aware__dirichlet_a0.5__sparse_coordinate_attack__seed45,45,dirichlet_a0.5,sparse_coordinate_attack,c4_drift_aware
0,0.41555911920996147,0.07399744034073874,0.7995392368820888,0.3897146312623868,False,c4_drift_aware__dirichlet_a0.5__full_sign_flip__seed45,45,dirichlet_a0.5,full_sign_flip,c4_drift_aware
1,0.30706090507837874,0.0333881327109361,0.48031526452869727,0.3897146312623868,False,c4_drift_aware__dirichlet_a0.5__full_sign_flip__seed45,45,dirichlet_a0.5,full_sign_flip,c4_drift_aware
2,0.2704427849776669,0.02182899972515734,0.38371564745148085,0.3897146312623868,False,c4_drift_aware__dirichlet_a0.5__full_sign_flip__seed45,45,dirichlet_a0.5,full_sign_flip,c4_drift_aware
3,0.22913265870382882,0.033738423350716584,0.40420471131303226,0.3897146312623868,False,c4_drift_aware__dirichlet_a0.5__full_sign_flip__seed45,45,dirichlet_a0.5,full_sign_flip,c4_drift_aware
4,0.2296769334052249,0.022695847232823113,0.34744795428106734,0.3897146312623868,False,c4_drift_aware__dirichlet_a0.5__full_sign_flip__seed45,45,dirichlet_a0.5,full_sign_flip,c4_drift_aware
5,0.19928450910482134,0.03007036634325827,0.35532264709662287,0.3897146312623868,False,c4_drift_aware__dirichlet_a0.5__full_sign_flip__seed45,45,dirichlet_a0.5,full_sign_flip,c4_drift_aware
6,0.19462413827176536,0.02235501841145679,0.3106265643106558,0.3897146312623868,False,c4_drift_aware__dirichlet_a0.5__full_sign_flip__seed45,45,dirichlet_a0.5,full_sign_flip,c4_drift_aware
7,0.20294939583985225,0.023221361775141086,0.32344736422723686,0.3897146312623868,False,c4_drift_aware__dirichlet_a0.5__full_sign_flip__seed45,45,dirichlet_a0.5,full_sign_flip,c4_drift_aware
8,0.19380091162048893,0.011423139692929768,0.25307672580107077,0.3897146312623868,False,c4_drift_aware__dirichlet_a0.5__full_sign_flip__seed45,45,dirichlet_a0.5,full_sign_flip,c4_drift_aware
9,0.20987281489084675,0.026883546362903604,0.3493742253225898,0.3897146312623868,False,c4_drift_aware__dirichlet_a0.5__full_sign_flip__seed45,45,dirichlet_a0.5,full_sign_flip,c4_drift_aware
10,0.23548302538577742,0.027278523439686703,0.3770340113666557,0.3897146312623868,False,c4_drift_aware__dirichlet_a0.5__full_sign_flip__seed45,45,dirichlet_a0.5,full_sign_flip,c4_drift_aware
11,0.26281373505612005,0.022344702396019656,0.3787626302593056,0.3897146312623868,False,c4_drift_aware__dirichlet_a0.5__full_sign_flip__seed45,45,dirichlet_a0.5,full_sign_flip,c4_drift_aware
12,0.2610103536734755,0.02910782465191436,0.41205376657472437,0.3897146312623868,False,c4_drift_aware__dirichlet_a0.5__full_sign_flip__seed45,45,dirichlet_a0.5,full_sign_flip,c4_drift_aware
13,0.26195666823048397,0.020342752916644807,0.36751724739024555,0.3897146312623868,False,c4_drift_aware__dirichlet_a0.5__full_sign_flip__seed45,45,dirichlet_a0.5,full_sign_flip,c4_drift_aware
14,0.26277918772740616,0.03121142892206552,0.42473841354689634,0.3897146312623868,False,c4_drift_aware__dirichlet_a0.5__full_sign_flip__seed45,45,dirichlet_a0.5,full_sign_flip,c4_drift_aware
15,0.27380974830677574,0.01909866331946808,0.37291462213782756,0.3897146312623868,False,c4_drift_aware__dirichlet_a0.5__full_sign_flip__seed45,45,dirichlet_a0.5,full_sign_flip,c4_drift_aware
16,0.27315508435003455,0.050475832321553116,0.5350792258498058,0.3897146312623868,False,c4_drift_aware__dirichlet_a0.5__full_sign_flip__seed45,45,dirichlet_a0.5,full_sign_flip,c4_drift_aware
17,0.2735168470764708,0.058683047793226945,0.5780290503803047,0.3897146312623868,False,c4_drift_aware__dirichlet_a0.5__full_sign_flip__seed45,45,dirichlet_a0.5,full_sign_flip,c4_drift_aware
18,0.26861524228813644,0.060393514088509404,0.5820032262448206,0.3897146312623868,False,c4_drift_aware__dirichlet_a0.5__full_sign_flip__seed45,45,dirichlet_a0.5,full_sign_flip,c4_drift_aware
19,0.2606482280325486,0.06569262838643425,0.6015338459925945,0.3897146312623868,False,c4_drift_aware__dirichlet_a0.5__full_sign_flip__seed45,45,dirichlet_a0.5,full_sign_flip,c4_drift_aware
20,0.24898298694357865,0.057958113898898045,0.5497334357763505,0.3897146312623868,False,c4_drift_aware__dirichlet_a0.5__full_sign_flip__seed45,45,dirichlet_a0.5,full_sign_flip,c4_drift_aware
21,0.25493597501946175,0.0599424198219414,0.5659831857174978,0.3897146312623868,False,c4_drift_aware__dirichlet_a0.5__full_sign_flip__seed45,45,dirichlet_a0.5,full_sign_flip,c4_drift_aware
22,0.25006275672533923,0.05815638181352997,0.5518420375939276,0.3897146312623868,False,c4_drift_aware__dirichlet_a0.5__full_sign_flip__seed45,45,dirichlet_a0.5,full_sign_flip,c4_drift_aware
23,0.23832865937389083,0.06166590209001896,0.5583191919092082,0.3897146312623868,False,c4_drift_aware__dirichlet_a0.5__full_sign_flip__seed45,45,dirichlet_a0.5,full_sign_flip,c4_drift_aware
24,0.23284088905707137,0.05252584127185808,0.5054027320008702,0.3897146312623868,False,c4_drift_aware__dirichlet_a0.5__full_sign_flip__seed45,45,dirichlet_a0.5,full_sign_flip,c4_drift_aware
0,0.4155582242501166,0.07399838693918198,0.7995432539162258,0.3897146312623868,False,c4_drift_aware__dirichlet_a0.5__low_norm__seed45,45,dirichlet_a0.5,low_norm,c4_drift_aware
1,0.307032344442901,0.033356819774620516,0.4801242179353843,0.3897146312623868,False,c4_drift_aware__dirichlet_a0.5__low_norm__seed45,45,dirichlet_a0.5,low_norm,c4_drift_aware
2,0.2703307631528445,0.021767306138458148,0.38328349143591767,0.3897146312623868,False,c4_drift_aware__dirichlet_a0.5__low_norm__seed45,45,dirichlet_a0.5,low_norm,c4_drift_aware
3,0.22916645890244558,0.034296975166358656,0.4071368927381973,0.3897146312623868,False,c4_drift_aware__dirichlet_a0.5__low_norm__seed45,45,dirichlet_a0.5,low_norm,c4_drift_aware
4,0.22949546235062157,0.022563907021848933,0.3465818322776979,0.3897146312623868,False,c4_drift_aware__dirichlet_a0.5__low_norm__seed45,45,dirichlet_a0.5,low_norm,c4_drift_aware
5,0.19944117243666437,0.030219486465592277,0.35625310965526924,0.3897146312623868,False,c4_drift_aware__dirichlet_a0.5__low_norm__seed45,45,dirichlet_a0.5,low_norm,c4_drift_aware
6,0.19464855104711495,0.02238601425775405,0.3108118176320265,0.3897146312623868,False,c4_drift_aware__dirichlet_a0.5__low_norm__seed45,45,dirichlet_a0.5,low_norm,c4_drift_aware
7,0.20294807995172073,0.02319444150237765,0.32330635635170857,0.3897146312623868,False,c4_drift_aware__dirichlet_a0.5__low_norm__seed45,45,dirichlet_a0.5,low_norm,c4_drift_aware
8,0.1938086322976062,0.01143745820598377,0.25315874667427657,0.3897146312623868,False,c4_drift_aware__dirichlet_a0.5__low_norm__seed45,45,dirichlet_a0.5,low_norm,c4_drift_aware
9,0.20981590846728382,0.026816649295051093,0.34897018332423346,0.3897146312623868,False,c4_drift_aware__dirichlet_a0.5__low_norm__seed45,45,dirichlet_a0.5,low_norm,c4_drift_aware
10,0.20822849046891165,0.027159089159814576,0.34915972002810547,0.3897146312623868,False,c4_drift_aware__dirichlet_a0.5__low_norm__seed45,45,dirichlet_a0.5,low_norm,c4_drift_aware
11,0.2342409009209994,0.02719343185858361,0.3753503381783756,0.3897146312623868,False,c4_drift_aware__dirichlet_a0.5__low_norm__seed45,45,dirichlet_a0.5,low_norm,c4_drift_aware
12,0.2544042284415782,0.024637238579064136,0.38224932315219984,0.3897146312623868,False,c4_drift_aware__dirichlet_a0.5__low_norm__seed45,45,dirichlet_a0.5,low_norm,c4_drift_aware
13,0.25761237720706126,0.014861748718606321,0.3347314774827813,0.3897146312623868,False,c4_drift_aware__dirichlet_a0.5__low_norm__seed45,45,dirichlet_a0.5,low_norm,c4_drift_aware
14,0.25580428129097116,0.017278520990089474,0.34546425456064445,0.3897146312623868,False,c4_drift_aware__dirichlet_a0.5__low_norm__seed45,45,dirichlet_a0.5,low_norm,c4_drift_aware
15,0.2506521261489266,0.021909343867446446,0.364341902411493,0.3897146312623868,False,c4_drift_aware__dirichlet_a0.5__low_norm__seed45,45,dirichlet_a0.5,low_norm,c4_drift_aware
16,0.23291550280642867,0.03680138807261554,0.423881585654038,0.3897146312623868,False,c4_drift_aware__dirichlet_a0.5__low_norm__seed45,45,dirichlet_a0.5,low_norm,c4_drift_aware
17,0.22493371896569825,0.056429478205381856,0.5177519243212452,0.3897146312623868,False,c4_drift_aware__dirichlet_a0.5__low_norm__seed45,45,dirichlet_a0.5,low_norm,c4_drift_aware
18,0.21816204835370726,0.06016473764041855,0.5303628884436031,0.3897146312623868,False,c4_drift_aware__dirichlet_a0.5__low_norm__seed45,45,dirichlet_a0.5,low_norm,c4_drift_aware
19,0.20536350338592269,0.06187316988446695,0.5264295692334101,0.3897146312623868,False,c4_drift_aware__dirichlet_a0.5__low_norm__seed45,45,dirichlet_a0.5,low_norm,c4_drift_aware
20,0.2040905751783487,0.05534704891222306,0.4912919466887653,0.3897146312623868,False,c4_drift_aware__dirichlet_a0.5__low_norm__seed45,45,dirichlet_a0.5,low_norm,c4_drift_aware
21,0.20338941421843454,0.06108330442204529,0.5203567891948697,0.3897146312623868,False,c4_drift_aware__dirichlet_a0.5__low_norm__seed45,45,dirichlet_a0.5,low_norm,c4_drift_aware
22,0.20134875918249834,0.05936665164023541,0.5094082512088439,0.3897146312623868,False,c4_drift_aware__dirichlet_a0.5__low_norm__seed45,45,dirichlet_a0.5,low_norm,c4_drift_aware
23,0.20404704814504107,0.04576765282949963,0.4415399754425976,0.3897146312623868,False,c4_drift_aware__dirichlet_a0.5__low_norm__seed45,45,dirichlet_a0.5,low_norm,c4_drift_aware
24,0.19294180760548682,0.05207985740384771,0.463189395659793,0.3897146312623868,False,c4_drift_aware__dirichlet_a0.5__low_norm__seed45,45,dirichlet_a0.5,low_norm,c4_drift_aware
0,0.4218790700674178,0.034389875712840245,0.6003315741289171,0.3897146312623868,False,c4_drift_aware__dirichlet_a0.5__no_attack__seed46,46,dirichlet_a0.5,no_attack,c4_drift_aware
1,0.34235300950083225,0.00716477624186862,0.3795317498975127,0.3897146312623868,False,c4_drift_aware__dirichlet_a0.5__no_attack__seed46,46,dirichlet_a0.5,no_attack,c4_drift_aware
2,0.30378290294580074,0.027389542556379987,0.44590997822511214,0.3897146312623868,False,c4_drift_aware__dirichlet_a0.5__no_attack__seed46,46,dirichlet_a0.5,no_attack,c4_drift_aware
3,0.25001876532185113,0.019982022776064035,0.35370747970912503,0.3897146312623868,False,c4_drift_aware__dirichlet_a0.5__no_attack__seed46,46,dirichlet_a0.5,no_attack,c4_drift_aware
4,0.23825197744798823,0.01717863165130365,0.327393614949768,0.3897146312623868,False,c4_drift_aware__dirichlet_a0.5__no_attack__seed46,46,dirichlet_a0.5,no_attack,c4_drift_aware
5,0.2194523697253017,0.023794386483012214,0.3429238206243004,0.3897146312623868,False,c4_drift_aware__dirichlet_a0.5__no_attack__seed46,46,dirichlet_a0.5,no_attack,c4_drift_aware
6,0.2294014220570744,0.017509742017140367,0.32026122435821747,0.3897146312623868,False,c4_drift_aware__dirichlet_a0.5__no_attack__seed46,46,dirichlet_a0.5,no_attack,c4_drift_aware
7,0.22773271409925472,0.006280401578070499,0.26032234592802034,0.3897146312623868,False,c4_drift_aware__dirichlet_a0.5__no_attack__seed46,46,dirichlet_a0.5,no_attack,c4_drift_aware
8,0.22709651130662475,0.01973326439787368,0.3294943935936311,0.3897146312623868,False,c4_drift_aware__dirichlet_a0.5__no_attack__seed46,46,dirichlet_a0.5,no_attack,c4_drift_aware
9,0.22978967197570935,0.02760157144417294,0.37301698635666714,0.3897146312623868,False,c4_drift_aware__dirichlet_a0.5__no_attack__seed46,46,dirichlet_a0.5,no_attack,c4_drift_aware
10,0.22971678091278766,0.03518636879934209,0.4123023672494537,0.3897146312623868,False,c4_drift_aware__dirichlet_a0.5__no_attack__seed46,46,dirichlet_a0.5,no_attack,c4_drift_aware
11,0.24557003088386034,0.024401383328841203,0.37219124911555024,0.3897146312623868,False,c4_drift_aware__dirichlet_a0.5__no_attack__seed46,46,dirichlet_a0.5,no_attack,c4_drift_aware
12,0.25352118628027703,0.01755669749150518,0.34462464523344655,0.3897146312623868,False,c4_drift_aware__dirichlet_a0.5__no_attack__seed46,46,dirichlet_a0.5,no_attack,c4_drift_aware
13,0.2662966747590977,0.026206759659343992,0.40228617130739963,0.3897146312623868,False,c4_drift_aware__dirichlet_a0.5__no_attack__seed46,46,dirichlet_a0.5,no_attack,c4_drift_aware
14,0.2681137208954887,0.024550104300111758,0.3955066671191986,0.3897146312623868,False,c4_drift_aware__dirichlet_a0.5__no_attack__seed46,46,dirichlet_a0.5,no_attack,c4_drift_aware
15,0.2633586837014304,0.010685686163964925,0.3188077777748608,0.3897146312623868,False,c4_drift_aware__dirichlet_a0.5__no_attack__seed46,46,dirichlet_a0.5,no_attack,c4_drift_aware
16,0.2752635849215589,0.00277360313921321,0.28965608897125017,0.3897146312623868,False,c4_drift_aware__dirichlet_a0.5__no_attack__seed46,46,dirichlet_a0.5,no_attack,c4_drift_aware
17,0.25190396835392703,0.02225155655689459,0.36736952048330873,0.3897146312623868,False,c4_drift_aware__dirichlet_a0.5__no_attack__seed46,46,dirichlet_a0.5,no_attack,c4_drift_aware
18,0.25059963808054664,0.024692984239824967,0.37873400259942236,0.3897146312623868,False,c4_drift_aware__dirichlet_a0.5__no_attack__seed46,46,dirichlet_a0.5,no_attack,c4_drift_aware
19,0.2570335330479535,0.02785662274966383,0.4015843341582341,0.3897146312623868,False,c4_drift_aware__dirichlet_a0.5__no_attack__seed46,46,dirichlet_a0.5,no_attack,c4_drift_aware
20,0.26957167258196535,0.012796353920516979,0.33597323271092,0.3897146312623868,False,c4_drift_aware__dirichlet_a0.5__no_attack__seed46,46,dirichlet_a0.5,no_attack,c4_drift_aware
21,0.25368513080261684,0.01138305528551073,0.31275294298466055,0.3897146312623868,False,c4_drift_aware__dirichlet_a0.5__no_attack__seed46,46,dirichlet_a0.5,no_attack,c4_drift_aware
22,0.24761817404612504,0.00971228503164992,0.2980161923038597,0.3897146312623868,False,c4_drift_aware__dirichlet_a0.5__no_attack__seed46,46,dirichlet_a0.5,no_attack,c4_drift_aware
23,0.23304287899444856,0.01024830289521092,0.28622234754798753,0.3897146312623868,False,c4_drift_aware__dirichlet_a0.5__no_attack__seed46,46,dirichlet_a0.5,no_attack,c4_drift_aware
24,0.21099527042323632,0.02435905155282367,0.33739682483599365,0.3897146312623868,False,c4_drift_aware__dirichlet_a0.5__no_attack__seed46,46,dirichlet_a0.5,no_attack,c4_drift_aware
0,0.4218790682024622,0.03438998970958007,0.6003321638044441,0.3897146312623868,False,c4_drift_aware__dirichlet_a0.5__large_norm__seed46,46,dirichlet_a0.5,large_norm,c4_drift_aware
1,0.3423563500736096,0.007150824564675529,0.37946269382216735,0.3897146312623868,False,c4_drift_aware__dirichlet_a0.5__large_norm__seed46,46,dirichlet_a0.5,large_norm,c4_drift_aware
2,0.3037603220653977,0.027329193783863948,0.44557424152924613,0.3897146312623868,False,c4_drift_aware__dirichlet_a0.5__large_norm__seed46,46,dirichlet_a0.5,large_norm,c4_drift_aware
3,0.25032913592903944,0.019445940493970637,0.35123606574630245,0.3897146312623868,False,c4_drift_aware__dirichlet_a0.5__large_norm__seed46,46,dirichlet_a0.5,large_norm,c4_drift_aware
4,0.23834599081862132,0.017365265334716412,0.32845608916699826,0.3897146312623868,False,c4_drift_aware__dirichlet_a0.5__large_norm__seed46,46,dirichlet_a0.5,large_norm,c4_drift_aware
5,0.2194051821746067,0.02311505979113254,0.33935153893677256,0.3897146312623868,False,c4_drift_aware__dirichlet_a0.5__large_norm__seed46,46,dirichlet_a0.5,large_norm,c4_drift_aware
6,0.22943701380109133,0.01714883221927757,0.31842401907014456,0.3897146312623868,False,c4_drift_aware__dirichlet_a0.5__large_norm__seed46,46,dirichlet_a0.5,large_norm,c4_drift_aware
7,0.227508183604632,0.005693722572164633,0.25705347940385154,0.3897146312623868,False,c4_drift_aware__dirichlet_a0.5__large_norm__seed46,46,dirichlet_a0.5,large_norm,c4_drift_aware
8,0.22679423100205284,0.020018449684115702,0.33067196825789763,0.3897146312623868,False,c4_drift_aware__dirichlet_a0.5__large_norm__seed46,46,dirichlet_a0.5,large_norm,c4_drift_aware
9,0.22990079761668808,0.027344981452794737,0.37179664087338526,0.3897146312623868,False,c4_drift_aware__dirichlet_a0.5__large_norm__seed46,46,dirichlet_a0.5,large_norm,c4_drift_aware
10,0.23736372163071637,0.038441542511902765,0.436840729879231,0.3897146312623868,False,c4_drift_aware__dirichlet_a0.5__large_norm__seed46,46,dirichlet_a0.5,large_norm,c4_drift_aware
11,0.3125908167393035,0.11263913216334423,0.897086537448113,0.3897146312623868,False,c4_drift_aware__dirichlet_a0.5__large_norm__seed46,46,dirichlet_a0.5,large_norm,c4_drift_aware
12,0.38130273323599223,0.18963369547973705,1.3653309424498956,0.3897146312623868,False,c4_drift_aware__dirichlet_a0.5__large_norm__seed46,46,dirichlet_a0.5,large_norm,c4_drift_aware
13,0.2968220874297373,0.06535718826266634,0.6359670730435392,0.3897146312623868,False,c4_drift_aware__dirichlet_a0.5__large_norm__seed46,46,dirichlet_a0.5,large_norm,c4_drift_aware
14,0.39993750541364786,0.11322362370922429,0.9874662112031836,0.3897146312623868,False,c4_drift_aware__dirichlet_a0.5__large_norm__seed46,46,dirichlet_a0.5,large_norm,c4_drift_aware
15,0.24590655200833295,0.031887396862573386,0.41137344306791246,0.3897146312623868,False,c4_drift_aware__dirichlet_a0.5__large_norm__seed46,46,dirichlet_a0.5,large_norm,c4_drift_aware
16,0.38757700112149485,0.20863775540322857,1.4702191776843883,0.3897146312623868,False,c4_drift_aware__dirichlet_a0.5__large_norm__seed46,46,dirichlet_a0.5,large_norm,c4_drift_aware
17,0.26313461457604465,0.05022369642204938,0.5237503976797011,0.3897146312623868,False,c4_drift_aware__dirichlet_a0.5__large_norm__seed46,46,dirichlet_a0.5,large_norm,c4_drift_aware
18,0.3872160876236098,0.2035176316469613,1.4432894300028565,0.3897146312623868,False,c4_drift_aware__dirichlet_a0.5__large_norm__seed46,46,dirichlet_a0.5,large_norm,c4_drift_aware
19,0.26457738996340624,0.059701961386742664,0.5743768377953526,0.3897146312623868,False,c4_drift_aware__dirichlet_a0.5__large_norm__seed46,46,dirichlet_a0.5,large_norm,c4_drift_aware
20,0.2834006333012469,0.046061720449528276,0.522419506885894,0.3897146312623868,False,c4_drift_aware__dirichlet_a0.5__large_norm__seed46,46,dirichlet_a0.5,large_norm,c4_drift_aware
21,0.265425661934488,0.013285519541547941,0.33436555138753443,0.3897146312623868,False,c4_drift_aware__dirichlet_a0.5__large_norm__seed46,46,dirichlet_a0.5,large_norm,c4_drift_aware
22,0.25940346318556784,0.064363681734595,0.5933930440745547,0.3897146312623868,False,c4_drift_aware__dirichlet_a0.5__large_norm__seed46,46,dirichlet_a0.5,large_norm,c4_drift_aware
23,0.2552342643080788,0.016090916978542757,0.338731641601435,0.3897146312623868,False,c4_drift_aware__dirichlet_a0.5__large_norm__seed46,46,dirichlet_a0.5,large_norm,c4_drift_aware
24,0.24452022811467308,0.022305848458089694,0.3602675063485463,0.3897146312623868,False,c4_drift_aware__dirichlet_a0.5__large_norm__seed46,46,dirichlet_a0.5,large_norm,c4_drift_aware
0,0.42187906047606455,0.034389876244401985,0.6003315672958909,0.3897146312623868,False,c4_drift_aware__dirichlet_a0.5__directional_poisoning__seed46,46,dirichlet_a0.5,directional_poisoning,c4_drift_aware
1,0.3423530137192345,0.007164761625296778,0.379531678269062,0.3897146312623868,False,c4_drift_aware__dirichlet_a0.5__directional_poisoning__seed46,46,dirichlet_a0.5,directional_poisoning,c4_drift_aware
2,0.3038202814885719,0.027320786188235135,0.4455905730979428,0.3897146312623868,False,c4_drift_aware__dirichlet_a0.5__directional_poisoning__seed46,46,dirichlet_a0.5,directional_poisoning,c4_drift_aware
3,0.25005654937421873,0.019906074342133984,0.3533511597429862,0.3897146312623868,False,c4_drift_aware__dirichlet_a0.5__directional_poisoning__seed46,46,dirichlet_a0.5,directional_poisoning,c4_drift_aware
4,0.23834899040128135,0.0172643795737972,0.3279355824476724,0.3897146312623868,False,c4_drift_aware__dirichlet_a0.5__directional_poisoning__seed46,46,dirichlet_a0.5,directional_poisoning,c4_drift_aware
5,0.21908276950923442,0.023637166788828545,0.3417383916931446,0.3897146312623868,False,c4_drift_aware__dirichlet_a0.5__directional_poisoning__seed46,46,dirichlet_a0.5,directional_poisoning,c4_drift_aware
6,0.22966083822495498,0.017642881185558568,0.32121151298493694,0.3897146312623868,False,c4_drift_aware__dirichlet_a0.5__directional_poisoning__seed46,46,dirichlet_a0.5,directional_poisoning,c4_drift_aware
7,0.2276953793155651,0.006079242126883905,0.25924117463617835,0.3897146312623868,False,c4_drift_aware__dirichlet_a0.5__directional_poisoning__seed46,46,dirichlet_a0.5,directional_poisoning,c4_drift_aware
8,0.22686003041893066,0.019941874765826317,0.33034041276628,0.3897146312623868,False,c4_drift_aware__dirichlet_a0.5__directional_poisoning__seed46,46,dirichlet_a0.5,directional_poisoning,c4_drift_aware
9,0.22987862210127932,0.02754109871284746,0.3727921374321161,0.3897146312623868,False,c4_drift_aware__dirichlet_a0.5__directional_poisoning__seed46,46,dirichlet_a0.5,directional_poisoning,c4_drift_aware
10,0.2305130437887379,0.034093664617404845,0.4074284788549134,0.3897146312623868,False,c4_drift_aware__dirichlet_a0.5__directional_poisoning__seed46,46,dirichlet_a0.5,directional_poisoning,c4_drift_aware
11,0.24044482828927757,0.04182824991065329,0.45749579990064854,0.3897146312623868,False,c4_drift_aware__dirichlet_a0.5__directional_poisoning__seed46,46,dirichlet_a0.5,directional_poisoning,c4_drift_aware
12,0.24097481071147972,0.04130617132352063,0.45531666432636064,0.3897146312623868,False,c4_drift_aware__dirichlet_a0.5__directional_poisoning__seed46,46,dirichlet_a0.5,directional_poisoning,c4_drift_aware
13,0.25082147600723104,0.03440964425432774,0.4293765610073631,0.3897146312623868,False,c4_drift_aware__dirichlet_a0.5__directional_poisoning__seed46,46,dirichlet_a0.5,directional_poisoning,c4_drift_aware
14,0.254179919571395,0.03622181776046207,0.44213855411220876,0.3897146312623868,False,c4_drift_aware__dirichlet_a0.5__directional_poisoning__seed46,46,dirichlet_a0.5,directional_poisoning,c4_drift_aware
15,0.24870970538178783,0.02937542706850199,0.4011417339829515,0.3897146312623868,False,c4_drift_aware__dirichlet_a0.5__directional_poisoning__seed46,46,dirichlet_a0.5,directional_poisoning,c4_drift_aware
16,0.2548218909621388,0.020295216587458503,0.3601357993561197,0.3897146312623868,False,c4_drift_aware__dirichlet_a0.5__directional_poisoning__seed46,46,dirichlet_a0.5,directional_poisoning,c4_drift_aware
17,0.24832676555583977,0.008481950451324854,0.29234045464280956,0.3897146312623868,False,c4_drift_aware__dirichlet_a0.5__directional_poisoning__seed46,46,dirichlet_a0.5,directional_poisoning,c4_drift_aware
18,0.24345014337154977,0.005825823341818026,0.2736809232745777,0.3897146312623868,False,c4_drift_aware__dirichlet_a0.5__directional_poisoning__seed46,46,dirichlet_a0.5,directional_poisoning,c4_drift_aware
19,0.261421336518525,0.024286772827252834,0.3874478293964227,0.3897146312623868,False,c4_drift_aware__dirichlet_a0.5__directional_poisoning__seed46,46,dirichlet_a0.5,directional_poisoning,c4_drift_aware
20,0.25834987401378795,0.004546052777926246,0.281939796483725,0.3897146312623868,False,c4_drift_aware__dirichlet_a0.5__directional_poisoning__seed46,46,dirichlet_a0.5,directional_poisoning,c4_drift_aware
21,0.25130655256005624,0.007100408027399752,0.2881512798550363,0.3897146312623868,False,c4_drift_aware__dirichlet_a0.5__directional_poisoning__seed46,46,dirichlet_a0.5,directional_poisoning,c4_drift_aware
22,0.24564663794434077,0.02492654054478971,0.37499294948530904,0.3897146312623868,False,c4_drift_aware__dirichlet_a0.5__directional_poisoning__seed46,46,dirichlet_a0.5,directional_poisoning,c4_drift_aware
23,0.2530263226178523,0.021635959664197096,0.36529748091133746,0.3897146312623868,False,c4_drift_aware__dirichlet_a0.5__directional_poisoning__seed46,46,dirichlet_a0.5,directional_poisoning,c4_drift_aware
24,0.25728169219406843,0.044991904217497575,0.4907491823690851,0.3897146312623868,False,c4_drift_aware__dirichlet_a0.5__directional_poisoning__seed46,46,dirichlet_a0.5,directional_poisoning,c4_drift_aware
0,0.4218790311220394,0.03438986285312684,0.6003314684531998,0.3897146312623868,False,c4_drift_aware__dirichlet_a0.5__sparse_coordinate_attack__seed46,46,dirichlet_a0.5,sparse_coordinate_attack,c4_drift_aware
1,0.3423530300983253,0.0071647432761487995,0.379531599432589,0.3897146312623868,False,c4_drift_aware__dirichlet_a0.5__sparse_coordinate_attack__seed46,46,dirichlet_a0.5,sparse_coordinate_attack,c4_drift_aware
2,0.3035397331113404,0.027031187635520704,0.4438072688708209,0.3897146312623868,False,c4_drift_aware__dirichlet_a0.5__sparse_coordinate_attack__seed46,46,dirichlet_a0.5,sparse_coordinate_attack,c4_drift_aware
3,0.2502958850717693,0.019494368763994074,0.3514541140250109,0.3897146312623868,False,c4_drift_aware__dirichlet_a0.5__sparse_coordinate_attack__seed46,46,dirichlet_a0.5,sparse_coordinate_attack,c4_drift_aware
4,0.23822239945230073,0.017547126089799137,0.3292761914448774,0.3897146312623868,False,c4_drift_aware__dirichlet_a0.5__sparse_coordinate_attack__seed46,46,dirichlet_a0.5,sparse_coordinate_attack,c4_drift_aware
5,0.21951461810075815,0.023239375530090506,0.3401060616639508,0.3897146312623868,False,c4_drift_aware__dirichlet_a0.5__sparse_coordinate_attack__seed46,46,dirichlet_a0.5,sparse_coordinate_attack,c4_drift_aware
6,0.22931913210970864,0.016994680660151695,0.3175062295233018,0.3897146312623868,False,c4_drift_aware__dirichlet_a0.5__sparse_coordinate_attack__seed46,46,dirichlet_a0.5,sparse_coordinate_attack,c4_drift_aware
7,0.22771240208511484,0.006494809131449647,0.2614146161491202,0.3897146312623868,False,c4_drift_aware__dirichlet_a0.5__sparse_coordinate_attack__seed46,46,dirichlet_a0.5,sparse_coordinate_attack,c4_drift_aware
8,0.22686253350514246,0.019957030270050136,0.3304215592794596,0.3897146312623868,False,c4_drift_aware__dirichlet_a0.5__sparse_coordinate_attack__seed46,46,dirichlet_a0.5,sparse_coordinate_attack,c4_drift_aware
9,0.22997877871605332,0.027523516930073544,0.37280106041789796,0.3897146312623868,False,c4_drift_aware__dirichlet_a0.5__sparse_coordinate_attack__seed46,46,dirichlet_a0.5,sparse_coordinate_attack,c4_drift_aware
10,0.22561731144354105,0.05528128201420876,0.5124774119434717,0.3897146312623868,False,c4_drift_aware__dirichlet_a0.5__sparse_coordinate_attack__seed46,46,dirichlet_a0.5,sparse_coordinate_attack,c4_drift_aware
11,0.24451969087254438,0.04432799811449761,0.47454210588848394,0.3897146312623868,False,c4_drift_aware__dirichlet_a0.5__sparse_coordinate_attack__seed46,46,dirichlet_a0.5,sparse_coordinate_attack,c4_drift_aware
12,0.24586878800467113,0.02426473136628801,0.3717809055374762,0.3897146312623868,False,c4_drift_aware__dirichlet_a0.5__sparse_coordinate_attack__seed46,46,dirichlet_a0.5,sparse_coordinate_attack,c4_drift_aware
13,0.24562405356721476,0.04301715781293433,0.4688443871743123,0.3897146312623868,False,c4_drift_aware__dirichlet_a0.5__sparse_coordinate_attack__seed46,46,dirichlet_a0.5,sparse_coordinate_attack,c4_drift_aware
14,0.2531152662330477,0.017791424064891564,0.3454367448481765,0.3897146312623868,False,c4_drift_aware__dirichlet_a0.5__sparse_coordinate_attack__seed46,46,dirichlet_a0.5,sparse_coordinate_attack,c4_drift_aware
15,0.25181021393139463,0.018378372846486385,0.34717742846909716,0.3897146312623868,False,c4_drift_aware__dirichlet_a0.5__sparse_coordinate_attack__seed46,46,dirichlet_a0.5,sparse_coordinate_attack,c4_drift_aware
16,0.24417689815973634,0.024323558028196773,0.3703942731238522,0.3897146312623868,False,c4_drift_aware__dirichlet_a0.5__sparse_coordinate_attack__seed46,46,dirichlet_a0.5,sparse_coordinate_attack,c4_drift_aware
17,0.24944740874428348,0.02090274049338023,0.3579138194384828,0.3897146312623868,False,c4_drift_aware__dirichlet_a0.5__sparse_coordinate_attack__seed46,46,dirichlet_a0.5,sparse_coordinate_attack,c4_drift_aware
18,0.25519211174712064,0.014460046766439166,0.3302267404228501,0.3897146312623868,False,c4_drift_aware__dirichlet_a0.5__sparse_coordinate_attack__seed46,46,dirichlet_a0.5,sparse_coordinate_attack,c4_drift_aware
19,0.2541095436566352,0.012576468989447892,0.31937009888977924,0.3897146312623868,False,c4_drift_aware__dirichlet_a0.5__sparse_coordinate_attack__seed46,46,dirichlet_a0.5,sparse_coordinate_attack,c4_drift_aware
20,0.2513898901399734,0.015597735528904533,0.3323280995730119,0.3897146312623868,False,c4_drift_aware__dirichlet_a0.5__sparse_coordinate_attack__seed46,46,dirichlet_a0.5,sparse_coordinate_attack,c4_drift_aware
21,0.25119554199714544,0.01825662981432688,0.34593101976666907,0.3897146312623868,False,c4_drift_aware__dirichlet_a0.5__sparse_coordinate_attack__seed46,46,dirichlet_a0.5,sparse_coordinate_attack,c4_drift_aware
22,0.25497781071630965,0.027815005654708708,0.3993126565591586,0.3897146312623868,False,c4_drift_aware__dirichlet_a0.5__sparse_coordinate_attack__seed46,46,dirichlet_a0.5,sparse_coordinate_attack,c4_drift_aware
23,0.24987216565691006,0.02704903727417013,0.3902323249763063,0.3897146312623868,False,c4_drift_aware__dirichlet_a0.5__sparse_coordinate_attack__seed46,46,dirichlet_a0.5,sparse_coordinate_attack,c4_drift_aware
24,0.24164048758169956,0.02452171191718497,0.3688861028911641,0.3897146312623868,False,c4_drift_aware__dirichlet_a0.5__sparse_coordinate_attack__seed46,46,dirichlet_a0.5,sparse_coordinate_attack,c4_drift_aware
0,0.42187907461059737,0.03438989429805284,0.6003316751126233,0.3897146312623868,False,c4_drift_aware__dirichlet_a0.5__full_sign_flip__seed46,46,dirichlet_a0.5,full_sign_flip,c4_drift_aware
1,0.3423563238611746,0.007166709213192013,0.37954509463934927,0.3897146312623868,False,c4_drift_aware__dirichlet_a0.5__full_sign_flip__seed46,46,dirichlet_a0.5,full_sign_flip,c4_drift_aware
2,0.3038515099381656,0.027456361897366832,0.44632531745979187,0.3897146312623868,False,c4_drift_aware__dirichlet_a0.5__full_sign_flip__seed46,46,dirichlet_a0.5,full_sign_flip,c4_drift_aware
3,0.2502472540724899,0.019690712447447634,0.3524243300335404,0.3897146312623868,False,c4_drift_aware__dirichlet_a0.5__full_sign_flip__seed46,46,dirichlet_a0.5,full_sign_flip,c4_drift_aware
4,0.23835769477906846,0.017365883965204137,0.32847100326290923,0.3897146312623868,False,c4_drift_aware__dirichlet_a0.5__full_sign_flip__seed46,46,dirichlet_a0.5,full_sign_flip,c4_drift_aware
5,0.21936574561541228,0.023455627821596797,0.3410793439444602,0.3897146312623868,False,c4_drift_aware__dirichlet_a0.5__full_sign_flip__seed46,46,dirichlet_a0.5,full_sign_flip,c4_drift_aware
6,0.22920202737130885,0.01690875245398407,0.3169432347302776,0.3897146312623868,False,c4_drift_aware__dirichlet_a0.5__full_sign_flip__seed46,46,dirichlet_a0.5,full_sign_flip,c4_drift_aware
7,0.22748480455899273,0.006106539920949727,0.25917225086279294,0.3897146312623868,False,c4_drift_aware__dirichlet_a0.5__full_sign_flip__seed46,46,dirichlet_a0.5,full_sign_flip,c4_drift_aware
8,0.22676536281802576,0.01983445605847467,0.32968833875105663,0.3897146312623868,False,c4_drift_aware__dirichlet_a0.5__full_sign_flip__seed46,46,dirichlet_a0.5,full_sign_flip,c4_drift_aware
9,0.22978113315424872,0.027263301852497063,0.3712531327970412,0.3897146312623868,False,c4_drift_aware__dirichlet_a0.5__full_sign_flip__seed46,46,dirichlet_a0.5,full_sign_flip,c4_drift_aware
10,0.2301238677755931,0.034958537235106085,0.41152721334228204,0.3897146312623868,False,c4_drift_aware__dirichlet_a0.5__full_sign_flip__seed46,46,dirichlet_a0.5,full_sign_flip,c4_drift_aware
11,0.24161590363655405,0.05042227169664659,0.5032621136976229,0.3897146312623868,False,c4_drift_aware__dirichlet_a0.5__full_sign_flip__seed46,46,dirichlet_a0.5,full_sign_flip,c4_drift_aware
12,0.24429130207506924,0.040149646795182375,0.4526318342599501,0.3897146312623868,False,c4_drift_aware__dirichlet_a0.5__full_sign_flip__seed46,46,dirichlet_a0.5,full_sign_flip,c4_drift_aware
13,0.2531076818006008,0.035201835094071154,0.43577352428724536,0.3897146312623868,False,c4_drift_aware__dirichlet_a0.5__full_sign_flip__seed46,46,dirichlet_a0.5,full_sign_flip,c4_drift_aware
14,0.2561292138711258,0.030780364313105435,0.41585160232826124,0.3897146312623868,False,c4_drift_aware__dirichlet_a0.5__full_sign_flip__seed46,46,dirichlet_a0.5,full_sign_flip,c4_drift_aware
15,0.24924188584622323,0.02813167193376312,0.39521994467771343,0.3897146312623868,False,c4_drift_aware__dirichlet_a0.5__full_sign_flip__seed46,46,dirichlet_a0.5,full_sign_flip,c4_drift_aware
16,0.2565797922140397,0.021425217994627016,0.36775739090995874,0.3897146312623868,False,c4_drift_aware__dirichlet_a0.5__full_sign_flip__seed46,46,dirichlet_a0.5,full_sign_flip,c4_drift_aware
17,0.24617309734825826,0.007752463697551948,0.28640140672122505,0.3897146312623868,False,c4_drift_aware__dirichlet_a0.5__full_sign_flip__seed46,46,dirichlet_a0.5,full_sign_flip,c4_drift_aware
18,0.24870257347934424,0.013049875664717547,0.31641968329113007,0.3897146312623868,False,c4_drift_aware__dirichlet_a0.5__full_sign_flip__seed46,46,dirichlet_a0.5,full_sign_flip,c4_drift_aware
19,0.2468788062973776,0.013092191065788655,0.3148154949568615,0.3897146312623868,False,c4_drift_aware__dirichlet_a0.5__full_sign_flip__seed46,46,dirichlet_a0.5,full_sign_flip,c4_drift_aware
20,0.2554021418829612,0.006204560578997653,0.2875982271834379,0.3897146312623868,False,c4_drift_aware__dirichlet_a0.5__full_sign_flip__seed46,46,dirichlet_a0.5,full_sign_flip,c4_drift_aware
21,0.25672419093874105,0.0174304288026928,0.34717242903879425,0.3897146312623868,False,c4_drift_aware__dirichlet_a0.5__full_sign_flip__seed46,46,dirichlet_a0.5,full_sign_flip,c4_drift_aware
22,0.24735577363789005,0.018753940698066546,0.3446718473142272,0.3897146312623868,False,c4_drift_aware__dirichlet_a0.5__full_sign_flip__seed46,46,dirichlet_a0.5,full_sign_flip,c4_drift_aware
23,0.2523731606732318,0.03196117584219202,0.4182228982359504,0.3897146312623868,False,c4_drift_aware__dirichlet_a0.5__full_sign_flip__seed46,46,dirichlet_a0.5,full_sign_flip,c4_drift_aware
24,0.26077865356983887,0.05346060061847102,0.5381910562391468,0.3897146312623868,False,c4_drift_aware__dirichlet_a0.5__full_sign_flip__seed46,46,dirichlet_a0.5,full_sign_flip,c4_drift_aware
0,0.4218790687432159,0.03438993279966801,0.6003318690339732,0.3897146312623868,False,c4_drift_aware__dirichlet_a0.5__low_norm__seed46,46,dirichlet_a0.5,low_norm,c4_drift_aware
1,0.34235301202533686,0.0071647633238189345,0.3795316853889657,0.3897146312623868,False,c4_drift_aware__dirichlet_a0.5__low_norm__seed46,46,dirichlet_a0.5,low_norm,c4_drift_aware
2,0.3035291917774037,0.02720744440933237,0.4447113415618703,0.3897146312623868,False,c4_drift_aware__dirichlet_a0.5__low_norm__seed46,46,dirichlet_a0.5,low_norm,c4_drift_aware
3,0.25012309089210477,0.019666891797704866,0.35217655911957507,0.3897146312623868,False,c4_drift_aware__dirichlet_a0.5__low_norm__seed46,46,dirichlet_a0.5,low_norm,c4_drift_aware
4,0.23828510969132624,0.017374224429310442,0.32844169767746106,0.3897146312623868,False,c4_drift_aware__dirichlet_a0.5__low_norm__seed46,46,dirichlet_a0.5,low_norm,c4_drift_aware
5,0.2195011304406684,0.023201059099624055,0.3398937462145276,0.3897146312623868,False,c4_drift_aware__dirichlet_a0.5__low_norm__seed46,46,dirichlet_a0.5,low_norm,c4_drift_aware
6,0.2291362692977376,0.017128369802273474,0.31801709303871484,0.3897146312623868,False,c4_drift_aware__dirichlet_a0.5__low_norm__seed46,46,dirichlet_a0.5,low_norm,c4_drift_aware
7,0.2277367316137932,0.0067070851372391105,0.2625404670994407,0.3897146312623868,False,c4_drift_aware__dirichlet_a0.5__low_norm__seed46,46,dirichlet_a0.5,low_norm,c4_drift_aware
8,0.22680053001246184,0.019867454243130106,0.32989473682548826,0.3897146312623868,False,c4_drift_aware__dirichlet_a0.5__low_norm__seed46,46,dirichlet_a0.5,low_norm,c4_drift_aware
9,0.2297576826776476,0.02757412006464552,0.3728425491050996,0.3897146312623868,False,c4_drift_aware__dirichlet_a0.5__low_norm__seed46,46,dirichlet_a0.5,low_norm,c4_drift_aware
10,0.22946137486708768,0.0473343673258082,0.475084140357439,0.3897146312623868,False,c4_drift_aware__dirichlet_a0.5__low_norm__seed46,46,dirichlet_a0.5,low_norm,c4_drift_aware
11,0.23227548659857497,0.05053766174364427,0.4945204671525194,0.3897146312623868,False,c4_drift_aware__dirichlet_a0.5__low_norm__seed46,46,dirichlet_a0.5,low_norm,c4_drift_aware
12,0.23326880891080476,0.04598850887351558,0.47190778030636443,0.3897146312623868,False,c4_drift_aware__dirichlet_a0.5__low_norm__seed46,46,dirichlet_a0.5,low_norm,c4_drift_aware
13,0.23872011914697153,0.04817269795972415,0.4886930661297761,0.3897146312623868,False,c4_drift_aware__dirichlet_a0.5__low_norm__seed46,46,dirichlet_a0.5,low_norm,c4_drift_aware
14,0.2398744960898827,0.05166605102501576,0.5079748014637919,0.3897146312623868,False,c4_drift_aware__dirichlet_a0.5__low_norm__seed46,46,dirichlet_a0.5,low_norm,c4_drift_aware
15,0.2424811443837937,0.03809006559710271,0.4401343037737193,0.3897146312623868,False,c4_drift_aware__dirichlet_a0.5__low_norm__seed46,46,dirichlet_a0.5,low_norm,c4_drift_aware
16,0.2361567667437562,0.03693790071217881,0.42783122732932327,0.3897146312623868,False,c4_drift_aware__dirichlet_a0.5__low_norm__seed46,46,dirichlet_a0.5,low_norm,c4_drift_aware
17,0.22832137403128488,0.030158750798837564,0.3848181478015329,0.3897146312623868,False,c4_drift_aware__dirichlet_a0.5__low_norm__seed46,46,dirichlet_a0.5,low_norm,c4_drift_aware
18,0.23727754797712944,0.011499653723837433,0.29695040111549426,0.3897146312623868,False,c4_drift_aware__dirichlet_a0.5__low_norm__seed46,46,dirichlet_a0.5,low_norm,c4_drift_aware
19,0.2369711534547698,0.018285541534788646,0.33185665703294154,0.3897146312623868,False,c4_drift_aware__dirichlet_a0.5__low_norm__seed46,46,dirichlet_a0.5,low_norm,c4_drift_aware
20,0.24478234419095993,0.02526235673009694,0.37587123949910595,0.3897146312623868,False,c4_drift_aware__dirichlet_a0.5__low_norm__seed46,46,dirichlet_a0.5,low_norm,c4_drift_aware
21,0.2501490749467827,0.008556293558371564,0.29454853785052854,0.3897146312623868,False,c4_drift_aware__dirichlet_a0.5__low_norm__seed46,46,dirichlet_a0.5,low_norm,c4_drift_aware
22,0.2418905494087489,0.02164586231172469,0.3542130935305195,0.3897146312623868,False,c4_drift_aware__dirichlet_a0.5__low_norm__seed46,46,dirichlet_a0.5,low_norm,c4_drift_aware
23,0.24032113696140636,0.0176518398889767,0.33191829932929534,0.3897146312623868,False,c4_drift_aware__dirichlet_a0.5__low_norm__seed46,46,dirichlet_a0.5,low_norm,c4_drift_aware
24,0.22329603757535493,0.03797282836677279,0.4203408412533756,0.3897146312623868,False,c4_drift_aware__dirichlet_a0.5__low_norm__seed46,46,dirichlet_a0.5,low_norm,c4_drift_aware
0,0.45901125528903225,0.11279205459219394,1.0443005057733858,0.3897146312623868,False,c4_drift_aware__dirichlet_a0.5__no_attack__seed47,47,dirichlet_a0.5,no_attack,c4_drift_aware
1,0.4130436108009426,0.009311780837358785,0.46136337274408107,0.3897146312623868,False,c4_drift_aware__dirichlet_a0.5__no_attack__seed47,47,dirichlet_a0.5,no_attack,c4_drift_aware
2,0.29612193568525497,0.00572408870472968,0.32582480438296774,0.3897146312623868,False,c4_drift_aware__dirichlet_a0.5__no_attack__seed47,47,dirichlet_a0.5,no_attack,c4_drift_aware
3,0.2551319839487955,0.020598221015346918,0.36201821261953215,0.3897146312623868,False,c4_drift_aware__dirichlet_a0.5__no_attack__seed47,47,dirichlet_a0.5,no_attack,c4_drift_aware
4,0.23281853321442705,0.01784358193847363,0.32541066425136056,0.3897146312623868,False,c4_drift_aware__dirichlet_a0.5__no_attack__seed47,47,dirichlet_a0.5,no_attack,c4_drift_aware
5,0.22019666822839493,0.008817574659078037,0.2659519448918168,0.3897146312623868,False,c4_drift_aware__dirichlet_a0.5__no_attack__seed47,47,dirichlet_a0.5,no_attack,c4_drift_aware
6,0.21448383097523777,0.01111943200550844,0.2721836755950216,0.3897146312623868,False,c4_drift_aware__dirichlet_a0.5__no_attack__seed47,47,dirichlet_a0.5,no_attack,c4_drift_aware
7,0.21959120669007354,0.012451811522151218,0.2842049018596684,0.3897146312623868,False,c4_drift_aware__dirichlet_a0.5__no_attack__seed47,47,dirichlet_a0.5,no_attack,c4_drift_aware
8,0.2080008781215131,0.010842230350833926,0.26426229563502546,0.3897146312623868,False,c4_drift_aware__dirichlet_a0.5__no_attack__seed47,47,dirichlet_a0.5,no_attack,c4_drift_aware
9,0.2120169720847645,0.021411451494430744,0.32312313503451506,0.3897146312623868,False,c4_drift_aware__dirichlet_a0.5__no_attack__seed47,47,dirichlet_a0.5,no_attack,c4_drift_aware
10,0.21516100649825243,0.020795894801816206,0.32307298421435693,0.3897146312623868,False,c4_drift_aware__dirichlet_a0.5__no_attack__seed47,47,dirichlet_a0.5,no_attack,c4_drift_aware
11,0.21323486083366908,0.006870231720952025,0.24888518025686124,0.3897146312623868,False,c4_drift_aware__dirichlet_a0.5__no_attack__seed47,47,dirichlet_a0.5,no_attack,c4_drift_aware
12,0.1963216605880754,0.016096527582645098,0.2798481518671791,0.3897146312623868,False,c4_drift_aware__dirichlet_a0.5__no_attack__seed47,47,dirichlet_a0.5,no_attack,c4_drift_aware
13,0.19695576673501947,0.0018228349580025338,0.20641463961559042,0.3897146312623868,False,c4_drift_aware__dirichlet_a0.5__no_attack__seed47,47,dirichlet_a0.5,no_attack,c4_drift_aware
14,0.198607662447311,0.01792168938592073,0.2916051008397923,0.3897146312623868,False,c4_drift_aware__dirichlet_a0.5__no_attack__seed47,47,dirichlet_a0.5,no_attack,c4_drift_aware
15,0.19133794771980284,0.015363270992241745,0.2710594972256445,0.3897146312623868,False,c4_drift_aware__dirichlet_a0.5__no_attack__seed47,47,dirichlet_a0.5,no_attack,c4_drift_aware
16,0.19955169537476253,0.01505521735445467,0.27767472374876323,0.3897146312623868,False,c4_drift_aware__dirichlet_a0.5__no_attack__seed47,47,dirichlet_a0.5,no_attack,c4_drift_aware
17,0.2027394528670588,0.031039557057896877,0.36380681839619144,0.3897146312623868,False,c4_drift_aware__dirichlet_a0.5__no_attack__seed47,47,dirichlet_a0.5,no_attack,c4_drift_aware
18,0.20738599975319408,0.006337303543521133,0.2402709015708796,0.3897146312623868,False,c4_drift_aware__dirichlet_a0.5__no_attack__seed47,47,dirichlet_a0.5,no_attack,c4_drift_aware
19,0.20186686057627476,0.015495334328434918,0.2822736999399564,0.3897146312623868,False,c4_drift_aware__dirichlet_a0.5__no_attack__seed47,47,dirichlet_a0.5,no_attack,c4_drift_aware
20,0.20332221454390237,0.02523498407686045,0.33426907041713894,0.3897146312623868,False,c4_drift_aware__dirichlet_a0.5__no_attack__seed47,47,dirichlet_a0.5,no_attack,c4_drift_aware
21,0.21677334439061685,0.016472681037727366,0.3022517335634879,0.3897146312623868,False,c4_drift_aware__dirichlet_a0.5__no_attack__seed47,47,dirichlet_a0.5,no_attack,c4_drift_aware
22,0.20677471009287354,0.02089175222011283,0.31518410153826104,0.3897146312623868,False,c4_drift_aware__dirichlet_a0.5__no_attack__seed47,47,dirichlet_a0.5,no_attack,c4_drift_aware
23,0.21522253718976936,0.02650494845817372,0.3527593652340786,0.3897146312623868,False,c4_drift_aware__dirichlet_a0.5__no_attack__seed47,47,dirichlet_a0.5,no_attack,c4_drift_aware
24,0.2225755434361846,0.027402099116546563,0.3647677759618564,0.3897146312623868,False,c4_drift_aware__dirichlet_a0.5__no_attack__seed47,47,dirichlet_a0.5,no_attack,c4_drift_aware
0,0.45901088410991464,0.11279244331470628,1.044302151714257,0.3897146312623868,False,c4_drift_aware__dirichlet_a0.5__large_norm__seed47,47,dirichlet_a0.5,large_norm,c4_drift_aware
1,0.41302196167517885,0.009246724507957493,0.46100413981942107,0.3897146312623868,False,c4_drift_aware__dirichlet_a0.5__large_norm__seed47,47,dirichlet_a0.5,large_norm,c4_drift_aware
2,0.2961408643704407,0.005539066698134643,0.32488363537373116,0.3897146312623868,False,c4_drift_aware__dirichlet_a0.5__large_norm__seed47,47,dirichlet_a0.5,large_norm,c4_drift_aware
3,0.25537278735096114,0.020243360293012713,0.3604176082474334,0.3897146312623868,False,c4_drift_aware__dirichlet_a0.5__large_norm__seed47,47,dirichlet_a0.5,large_norm,c4_drift_aware
4,0.2326856826712994,0.017671230239746094,0.3243834635083659,0.3897146312623868,False,c4_drift_aware__dirichlet_a0.5__large_norm__seed47,47,dirichlet_a0.5,large_norm,c4_drift_aware
5,0.22009752019395987,0.007930215404650387,0.26124820095023116,0.3897146312623868,False,c4_drift_aware__dirichlet_a0.5__large_norm__seed47,47,dirichlet_a0.5,large_norm,c4_drift_aware
6,0.21457365823511365,0.011157559584414029,0.2724713506745965,0.3897146312623868,False,c4_drift_aware__dirichlet_a0.5__large_norm__seed47,47,dirichlet_a0.5,large_norm,c4_drift_aware
7,0.21958809944664257,0.012025500488366953,0.2819896240308275,0.3897146312623868,False,c4_drift_aware__dirichlet_a0.5__large_norm__seed47,47,dirichlet_a0.5,large_norm,c4_drift_aware
8,0.20808401962079892,0.010822823750393257,0.26424473434396456,0.3897146312623868,False,c4_drift_aware__dirichlet_a0.5__large_norm__seed47,47,dirichlet_a0.5,large_norm,c4_drift_aware
9,0.21203282665219517,0.021224221938779347,0.3221674367147151,0.3897146312623868,False,c4_drift_aware__dirichlet_a0.5__large_norm__seed47,47,dirichlet_a0.5,large_norm,c4_drift_aware
10,0.22374638476180264,0.014147030424432855,0.29715674033722717,0.3897146312623868,False,c4_drift_aware__dirichlet_a0.5__large_norm__seed47,47,dirichlet_a0.5,large_norm,c4_drift_aware
11,0.37761771062414917,0.10418594830387679,0.9182490149677962,0.3897146312623868,False,c4_drift_aware__dirichlet_a0.5__large_norm__seed47,47,dirichlet_a0.5,large_norm,c4_drift_aware
12,0.26183637647598873,0.06439195520617447,0.5959726712363487,0.3897146312623868,False,c4_drift_aware__dirichlet_a0.5__large_norm__seed47,47,dirichlet_a0.5,large_norm,c4_drift_aware
13,0.2642303249604479,0.05503582446750874,0.5498167217047976,0.3897146312623868,False,c4_drift_aware__dirichlet_a0.5__large_norm__seed47,47,dirichlet_a0.5,large_norm,c4_drift_aware
14,0.27550727617380977,0.08729384278843244,0.7284837557872645,0.3897146312623868,False,c4_drift_aware__dirichlet_a0.5__large_norm__seed47,47,dirichlet_a0.5,large_norm,c4_drift_aware
15,0.27018142772193027,0.0654722046811313,0.6099232450327887,0.3897146312623868,False,c4_drift_aware__dirichlet_a0.5__large_norm__seed47,47,dirichlet_a0.5,large_norm,c4_drift_aware
16,0.3735507651041125,0.04621454089479826,0.6133626392613102,0.3897146312623868,False,c4_drift_aware__dirichlet_a0.5__large_norm__seed47,47,dirichlet_a0.5,large_norm,c4_drift_aware
17,0.4101369914743397,0.10506206241911559,0.9553145395733723,0.3897146312623868,False,c4_drift_aware__dirichlet_a0.5__large_norm__seed47,47,dirichlet_a0.5,large_norm,c4_drift_aware
18,0.4072944318633174,0.05347930244976801,0.6848038802054086,0.3897146312623868,False,c4_drift_aware__dirichlet_a0.5__large_norm__seed47,47,dirichlet_a0.5,large_norm,c4_drift_aware
19,0.4436875891835638,0.1348407856089644,1.143389909787041,0.3897146312623868,False,c4_drift_aware__dirichlet_a0.5__large_norm__seed47,47,dirichlet_a0.5,large_norm,c4_drift_aware
20,0.4315631466772764,0.05057781369542064,0.6940164797241837,0.3897146312623868,False,c4_drift_aware__dirichlet_a0.5__large_norm__seed47,47,dirichlet_a0.5,large_norm,c4_drift_aware
21,0.4071302824105467,0.21002684698008472,1.4969805940749044,0.3897146312623868,False,c4_drift_aware__dirichlet_a0.5__large_norm__seed47,47,dirichlet_a0.5,large_norm,c4_drift_aware
22,0.39151978764775913,0.19564923853016822,1.406763251304655,0.3897146312623868,False,c4_drift_aware__dirichlet_a0.5__large_norm__seed47,47,dirichlet_a0.5,large_norm,c4_drift_aware
23,0.4627160754393174,0.1211504295099669,1.0913777692094866,0.3897146312623868,False,c4_drift_aware__dirichlet_a0.5__large_norm__seed47,47,dirichlet_a0.5,large_norm,c4_drift_aware
24,0.4499391102281982,0.07766904896990817,0.8529715722379487,0.3897146312623868,False,c4_drift_aware__dirichlet_a0.5__large_norm__seed47,47,dirichlet_a0.5,large_norm,c4_drift_aware
0,0.45901127453631846,0.1127921366753652,1.044300950958456,0.3897146312623868,False,c4_drift_aware__dirichlet_a0.5__directional_poisoning__seed47,47,dirichlet_a0.5,directional_poisoning,c4_drift_aware
1,0.41304371546330565,0.009311801803030206,0.4613635861994097,0.3897146312623868,False,c4_drift_aware__dirichlet_a0.5__directional_poisoning__seed47,47,dirichlet_a0.5,directional_poisoning,c4_drift_aware
2,0.29614705475659603,0.005706931670463322,0.3257608938877973,0.3897146312623868,False,c4_drift_aware__dirichlet_a0.5__directional_poisoning__seed47,47,dirichlet_a0.5,directional_poisoning,c4_drift_aware
3,0.2551554305369421,0.020606252080243304,0.36208333320653263,0.3897146312623868,False,c4_drift_aware__dirichlet_a0.5__directional_poisoning__seed47,47,dirichlet_a0.5,directional_poisoning,c4_drift_aware
4,0.2327819539541338,0.017781675642950162,0.3250528470329665,0.3897146312623868,False,c4_drift_aware__dirichlet_a0.5__directional_poisoning__seed47,47,dirichlet_a0.5,directional_poisoning,c4_drift_aware
5,0.22017896910705287,0.009092458174605383,0.26736064382089764,0.3897146312623868,False,c4_drift_aware__dirichlet_a0.5__directional_poisoning__seed47,47,dirichlet_a0.5,directional_poisoning,c4_drift_aware
6,0.2144172431051674,0.011186962496061909,0.27246751019348225,0.3897146312623868,False,c4_drift_aware__dirichlet_a0.5__directional_poisoning__seed47,47,dirichlet_a0.5,directional_poisoning,c4_drift_aware
7,0.21952997879949024,0.01240605485723656,0.2839062380591765,0.3897146312623868,False,c4_drift_aware__dirichlet_a0.5__directional_poisoning__seed47,47,dirichlet_a0.5,directional_poisoning,c4_drift_aware
8,0.20792343835403343,0.010940235492564954,0.26469341434850224,0.3897146312623868,False,c4_drift_aware__dirichlet_a0.5__directional_poisoning__seed47,47,dirichlet_a0.5,directional_poisoning,c4_drift_aware
9,0.21200081384657674,0.021392541395198,0.3230088504003987,0.3897146312623868,False,c4_drift_aware__dirichlet_a0.5__directional_poisoning__seed47,47,dirichlet_a0.5,directional_poisoning,c4_drift_aware
10,0.21514805709573412,0.020762172848050625,0.3228850482215536,0.3897146312623868,False,c4_drift_aware__dirichlet_a0.5__directional_poisoning__seed47,47,dirichlet_a0.5,directional_poisoning,c4_drift_aware
11,0.21859080129249114,0.006211737839160236,0.25082413011367755,0.3897146312623868,False,c4_drift_aware__dirichlet_a0.5__directional_poisoning__seed47,47,dirichlet_a0.5,directional_poisoning,c4_drift_aware
12,0.2023510648201917,0.015131761750667022,0.28087128972057795,0.3897146312623868,False,c4_drift_aware__dirichlet_a0.5__directional_poisoning__seed47,47,dirichlet_a0.5,directional_poisoning,c4_drift_aware
13,0.21898517875134518,0.00034126640704476574,0.22075604426414117,0.3897146312623868,False,c4_drift_aware__dirichlet_a0.5__directional_poisoning__seed47,47,dirichlet_a0.5,directional_poisoning,c4_drift_aware
14,0.2066203150262869,0.009678850794003852,0.2568448396814523,0.3897146312623868,False,c4_drift_aware__dirichlet_a0.5__directional_poisoning__seed47,47,dirichlet_a0.5,directional_poisoning,c4_drift_aware
15,0.21540814116899523,0.008051400214354493,0.2571876620213021,0.3897146312623868,False,c4_drift_aware__dirichlet_a0.5__directional_poisoning__seed47,47,dirichlet_a0.5,directional_poisoning,c4_drift_aware
16,0.21587740232208705,0.011666269047566125,0.2764148390368124,0.3897146312623868,False,c4_drift_aware__dirichlet_a0.5__directional_poisoning__seed47,47,dirichlet_a0.5,directional_poisoning,c4_drift_aware
17,0.20091960911290624,0.011578826420932109,0.26100329729376504,0.3897146312623868,False,c4_drift_aware__dirichlet_a0.5__directional_poisoning__seed47,47,dirichlet_a0.5,directional_poisoning,c4_drift_aware
18,0.21895412279552334,0.019199374359543553,0.3185815962846308,0.3897146312623868,False,c4_drift_aware__dirichlet_a0.5__directional_poisoning__seed47,47,dirichlet_a0.5,directional_poisoning,c4_drift_aware
19,0.20452386466341915,0.014196437586684013,0.27819059894448117,0.3897146312623868,False,c4_drift_aware__dirichlet_a0.5__directional_poisoning__seed47,47,dirichlet_a0.5,directional_poisoning,c4_drift_aware
20,0.21454851996706933,0.006034383383094338,0.24586153878028416,0.3897146312623868,False,c4_drift_aware__dirichlet_a0.5__directional_poisoning__seed47,47,dirichlet_a0.5,directional_poisoning,c4_drift_aware
21,0.21863855390515788,0.015964249578883233,0.30147864139494085,0.3897146312623868,False,c4_drift_aware__dirichlet_a0.5__directional_poisoning__seed47,47,dirichlet_a0.5,directional_poisoning,c4_drift_aware
22,0.22347366172054678,0.011272811194821541,0.2819694062915952,0.3897146312623868,False,c4_drift_aware__dirichlet_a0.5__directional_poisoning__seed47,47,dirichlet_a0.5,directional_poisoning,c4_drift_aware
23,0.23435020781936292,0.020896448992031247,0.34278397128391225,0.3897146312623868,False,c4_drift_aware__dirichlet_a0.5__directional_poisoning__seed47,47,dirichlet_a0.5,directional_poisoning,c4_drift_aware
24,0.23226916577863013,0.008149238692686772,0.27455638027885104,0.3897146312623868,False,c4_drift_aware__dirichlet_a0.5__directional_poisoning__seed47,47,dirichlet_a0.5,directional_poisoning,c4_drift_aware
0,0.4590112642323115,0.11279207271457686,1.0443006087555222,0.3897146312623868,False,c4_drift_aware__dirichlet_a0.5__sparse_coordinate_attack__seed47,47,dirichlet_a0.5,sparse_coordinate_attack,c4_drift_aware
1,0.4130214389728313,0.009256598819106177,0.4610548559050551,0.3897146312623868,False,c4_drift_aware__dirichlet_a0.5__sparse_coordinate_attack__seed47,47,dirichlet_a0.5,sparse_coordinate_attack,c4_drift_aware
2,0.2961590326237765,0.005675463185662033,0.3256095786404954,0.3897146312623868,False,c4_drift_aware__dirichlet_a0.5__sparse_coordinate_attack__seed47,47,dirichlet_a0.5,sparse_coordinate_attack,c4_drift_aware
3,0.25514090237939085,0.02048579646358617,0.3614437488085859,0.3897146312623868,False,c4_drift_aware__dirichlet_a0.5__sparse_coordinate_attack__seed47,47,dirichlet_a0.5,sparse_coordinate_attack,c4_drift_aware
4,0.23282412822917256,0.01786140980271403,0.32550876983643595,0.3897146312623868,False,c4_drift_aware__dirichlet_a0.5__sparse_coordinate_attack__seed47,47,dirichlet_a0.5,sparse_coordinate_attack,c4_drift_aware
5,0.22001220517240316,0.007991705283604655,0.26148196305955607,0.3897146312623868,False,c4_drift_aware__dirichlet_a0.5__sparse_coordinate_attack__seed47,47,dirichlet_a0.5,sparse_coordinate_attack,c4_drift_aware
6,0.21453798239260458,0.011332520670142399,0.2733435654020405,0.3897146312623868,False,c4_drift_aware__dirichlet_a0.5__sparse_coordinate_attack__seed47,47,dirichlet_a0.5,sparse_coordinate_attack,c4_drift_aware
7,0.21953496173071793,0.012514243880911047,0.2844726246531534,0.3897146312623868,False,c4_drift_aware__dirichlet_a0.5__sparse_coordinate_attack__seed47,47,dirichlet_a0.5,sparse_coordinate_attack,c4_drift_aware
8,0.20794835722523702,0.010897533606227472,0.264496748861312,0.3897146312623868,False,c4_drift_aware__dirichlet_a0.5__sparse_coordinate_attack__seed47,47,dirichlet_a0.5,sparse_coordinate_attack,c4_drift_aware
9,0.21202118745848617,0.021404942136804217,0.3230935727005769,0.3897146312623868,False,c4_drift_aware__dirichlet_a0.5__sparse_coordinate_attack__seed47,47,dirichlet_a0.5,sparse_coordinate_attack,c4_drift_aware
10,0.22040624271575987,0.017672011501134788,0.3121080775962984,0.3897146312623868,False,c4_drift_aware__dirichlet_a0.5__sparse_coordinate_attack__seed47,47,dirichlet_a0.5,sparse_coordinate_attack,c4_drift_aware
11,0.21721560110796528,0.017593147029186323,0.308508200357116,0.3897146312623868,False,c4_drift_aware__dirichlet_a0.5__sparse_coordinate_attack__seed47,47,dirichlet_a0.5,sparse_coordinate_attack,c4_drift_aware
12,0.21219196422688644,0.022355333404000727,0.3281960247935866,0.3897146312623868,False,c4_drift_aware__dirichlet_a0.5__sparse_coordinate_attack__seed47,47,dirichlet_a0.5,sparse_coordinate_attack,c4_drift_aware
13,0.2069220835833181,0.01451186629680834,0.2822256089840862,0.3897146312623868,False,c4_drift_aware__dirichlet_a0.5__sparse_coordinate_attack__seed47,47,dirichlet_a0.5,sparse_coordinate_attack,c4_drift_aware
14,0.20434295771440011,0.013254690772186384,0.2731228736003525,0.3897146312623868,False,c4_drift_aware__dirichlet_a0.5__sparse_coordinate_attack__seed47,47,dirichlet_a0.5,sparse_coordinate_attack,c4_drift_aware
15,0.20625358404932723,0.00890493712571419,0.2524621932883707,0.3897146312623868,False,c4_drift_aware__dirichlet_a0.5__sparse_coordinate_attack__seed47,47,dirichlet_a0.5,sparse_coordinate_attack,c4_drift_aware
16,0.2051484634898113,0.014830722376879935,0.282106564975679,0.3897146312623868,False,c4_drift_aware__dirichlet_a0.5__sparse_coordinate_attack__seed47,47,dirichlet_a0.5,sparse_coordinate_attack,c4_drift_aware
17,0.2086417947399577,0.015585817389682649,0.28951815975675993,0.3897146312623868,False,c4_drift_aware__dirichlet_a0.5__sparse_coordinate_attack__seed47,47,dirichlet_a0.5,sparse_coordinate_attack,c4_drift_aware
18,0.22020367999127516,0.014558764386041645,0.29575056426688384,0.3897146312623868,False,c4_drift_aware__dirichlet_a0.5__sparse_coordinate_attack__seed47,47,dirichlet_a0.5,sparse_coordinate_attack,c4_drift_aware
19,0.2069347007668199,0.011800050755207736,0.26816634414066837,0.3897146312623868,False,c4_drift_aware__dirichlet_a0.5__sparse_coordinate_attack__seed47,47,dirichlet_a0.5,sparse_coordinate_attack,c4_drift_aware
20,0.22361273631762124,0.007949027633864292,0.26486103561250646,0.3897146312623868,False,c4_drift_aware__dirichlet_a0.5__sparse_coordinate_attack__seed47,47,dirichlet_a0.5,sparse_coordinate_attack,c4_drift_aware
21,0.2301168645784909,0.02102639078341742,0.33922490899272223,0.3897146312623868,False,c4_drift_aware__dirichlet_a0.5__sparse_coordinate_attack__seed47,47,dirichlet_a0.5,sparse_coordinate_attack,c4_drift_aware
22,0.23006685338146254,0.008614654387046283,0.2747691564612844,0.3897146312623868,False,c4_drift_aware__dirichlet_a0.5__sparse_coordinate_attack__seed47,47,dirichlet_a0.5,sparse_coordinate_attack,c4_drift_aware
23,0.2277132059200905,0.022620040448890683,0.34509085781342913,0.3897146312623868,False,c4_drift_aware__dirichlet_a0.5__sparse_coordinate_attack__seed47,47,dirichlet_a0.5,sparse_coordinate_attack,c4_drift_aware
24,0.2343233479111032,0.039192817109456296,0.43769879517378285,0.3897146312623868,False,c4_drift_aware__dirichlet_a0.5__sparse_coordinate_attack__seed47,47,dirichlet_a0.5,sparse_coordinate_attack,c4_drift_aware
0,0.459011263375368,0.11279214664250659,1.044300991517999,0.3897146312623868,False,c4_drift_aware__dirichlet_a0.5__full_sign_flip__seed47,47,dirichlet_a0.5,full_sign_flip,c4_drift_aware
1,0.4130061793942097,0.009274271511432675,0.461131301694185,0.3897146312623868,False,c4_drift_aware__dirichlet_a0.5__full_sign_flip__seed47,47,dirichlet_a0.5,full_sign_flip,c4_drift_aware
2,0.29612453219786283,0.005659044156692883,0.3254898782313579,0.3897146312623868,False,c4_drift_aware__dirichlet_a0.5__full_sign_flip__seed47,47,dirichlet_a0.5,full_sign_flip,c4_drift_aware
3,0.2552314513539086,0.020322616061849985,0.36068753836045436,0.3897146312623868,False,c4_drift_aware__dirichlet_a0.5__full_sign_flip__seed47,47,dirichlet_a0.5,full_sign_flip,c4_drift_aware
4,0.23283203859153542,0.0178850125487853,0.3256391572084372,0.3897146312623868,False,c4_drift_aware__dirichlet_a0.5__full_sign_flip__seed47,47,dirichlet_a0.5,full_sign_flip,c4_drift_aware
5,0.2202643132090584,0.008712859914291438,0.2654762145903081,0.3897146312623868,False,c4_drift_aware__dirichlet_a0.5__full_sign_flip__seed47,47,dirichlet_a0.5,full_sign_flip,c4_drift_aware
6,0.21441781026762669,0.011021869898442588,0.2716113953576351,0.3897146312623868,False,c4_drift_aware__dirichlet_a0.5__full_sign_flip__seed47,47,dirichlet_a0.5,full_sign_flip,c4_drift_aware
7,0.219535966235217,0.01251878640695972,0.2844972007795717,0.3897146312623868,False,c4_drift_aware__dirichlet_a0.5__full_sign_flip__seed47,47,dirichlet_a0.5,full_sign_flip,c4_drift_aware
8,0.2079853803686394,0.01078721034806615,0.26396129358578946,0.3897146312623868,False,c4_drift_aware__dirichlet_a0.5__full_sign_flip__seed47,47,dirichlet_a0.5,full_sign_flip,c4_drift_aware
9,0.21202982077814897,0.021411664785285056,0.3231370905154717,0.3897146312623868,False,c4_drift_aware__dirichlet_a0.5__full_sign_flip__seed47,47,dirichlet_a0.5,full_sign_flip,c4_drift_aware
10,0.21507623643961574,0.02099497202888878,0.3240212457947225,0.3897146312623868,False,c4_drift_aware__dirichlet_a0.5__full_sign_flip__seed47,47,dirichlet_a0.5,full_sign_flip,c4_drift_aware
11,0.21885210560606863,0.005984357491618547,0.24990553506582644,0.3897146312623868,False,c4_drift_aware__dirichlet_a0.5__full_sign_flip__seed47,47,dirichlet_a0.5,full_sign_flip,c4_drift_aware
12,0.20235750437326216,0.015024705925608256,0.280322205891836,0.3897146312623868,False,c4_drift_aware__dirichlet_a0.5__full_sign_flip__seed47,47,dirichlet_a0.5,full_sign_flip,c4_drift_aware
13,0.21902912382443357,7.408515217480205e-05,0.21941355908758384,0.3897146312623868,False,c4_drift_aware__dirichlet_a0.5__full_sign_flip__seed47,47,dirichlet_a0.5,full_sign_flip,c4_drift_aware
14,0.20665899513184452,0.009307372786927837,0.25495588326049173,0.3897146312623868,False,c4_drift_aware__dirichlet_a0.5__full_sign_flip__seed47,47,dirichlet_a0.5,full_sign_flip,c4_drift_aware
15,0.21515928048271254,0.007890891085641921,0.25610590341521705,0.3897146312623868,False,c4_drift_aware__dirichlet_a0.5__full_sign_flip__seed47,47,dirichlet_a0.5,full_sign_flip,c4_drift_aware
16,0.21572560733557997,0.011342396699775631,0.2745824380503857,0.3897146312623868,False,c4_drift_aware__dirichlet_a0.5__full_sign_flip__seed47,47,dirichlet_a0.5,full_sign_flip,c4_drift_aware
17,0.2010267976046056,0.01174668533011275,0.2619815224510937,0.3897146312623868,False,c4_drift_aware__dirichlet_a0.5__full_sign_flip__seed47,47,dirichlet_a0.5,full_sign_flip,c4_drift_aware
18,0.21905553709833125,0.01968352151237407,0.3211952985781915,0.3897146312623868,False,c4_drift_aware__dirichlet_a0.5__full_sign_flip__seed47,47,dirichlet_a0.5,full_sign_flip,c4_drift_aware
19,0.204723892263126,0.014238860535808084,0.27861076346948777,0.3897146312623868,False,c4_drift_aware__dirichlet_a0.5__full_sign_flip__seed47,47,dirichlet_a0.5,full_sign_flip,c4_drift_aware
20,0.21469196891224615,0.006163675339522612,0.24667589661656292,0.3897146312623868,False,c4_drift_aware__dirichlet_a0.5__full_sign_flip__seed47,47,dirichlet_a0.5,full_sign_flip,c4_drift_aware
21,0.2186894582877605,0.016027006385803982,0.30185519712433595,0.3897146312623868,False,c4_drift_aware__dirichlet_a0.5__full_sign_flip__seed47,47,dirichlet_a0.5,full_sign_flip,c4_drift_aware
22,0.22355146829375552,0.011087861422865136,0.281087490003145,0.3897146312623868,False,c4_drift_aware__dirichlet_a0.5__full_sign_flip__seed47,47,dirichlet_a0.5,full_sign_flip,c4_drift_aware
23,0.23407486960908147,0.020684686119313983,0.34140977435081366,0.3897146312623868,False,c4_drift_aware__dirichlet_a0.5__full_sign_flip__seed47,47,dirichlet_a0.5,full_sign_flip,c4_drift_aware
24,0.23248381398615062,0.008734514499461082,0.27780808317530414,0.3897146312623868,False,c4_drift_aware__dirichlet_a0.5__full_sign_flip__seed47,47,dirichlet_a0.5,full_sign_flip,c4_drift_aware
0,0.45901127737015857,0.11279212407459904,1.0443008884056604,0.3897146312623868,False,c4_drift_aware__dirichlet_a0.5__low_norm__seed47,47,dirichlet_a0.5,low_norm,c4_drift_aware
1,0.4130319112055294,0.00926424630347944,0.46110501169891455,0.3897146312623868,False,c4_drift_aware__dirichlet_a0.5__low_norm__seed47,47,dirichlet_a0.5,low_norm,c4_drift_aware
2,0.2961347236831862,0.00553892465812289,0.3248767576266517,0.3897146312623868,False,c4_drift_aware__dirichlet_a0.5__low_norm__seed47,47,dirichlet_a0.5,low_norm,c4_drift_aware
3,0.2557231169339193,0.019915003320795766,0.3590640606658606,0.3897146312623868,False,c4_drift_aware__dirichlet_a0.5__low_norm__seed47,47,dirichlet_a0.5,low_norm,c4_drift_aware
4,0.23259279575538033,0.01757030115818478,0.323766845495317,0.3897146312623868,False,c4_drift_aware__dirichlet_a0.5__low_norm__seed47,47,dirichlet_a0.5,low_norm,c4_drift_aware
5,0.22028910667853036,0.007991728862489778,0.26175898691887606,0.3897146312623868,False,c4_drift_aware__dirichlet_a0.5__low_norm__seed47,47,dirichlet_a0.5,low_norm,c4_drift_aware
6,0.21455678518104307,0.011243041295752487,0.2728980507688323,0.3897146312623868,False,c4_drift_aware__dirichlet_a0.5__low_norm__seed47,47,dirichlet_a0.5,low_norm,c4_drift_aware
7,0.21946623428143738,0.012550918650845982,0.2845942062525423,0.3897146312623868,False,c4_drift_aware__dirichlet_a0.5__low_norm__seed47,47,dirichlet_a0.5,low_norm,c4_drift_aware
8,0.2079194023247002,0.010875496017031694,0.2643534387066794,0.3897146312623868,False,c4_drift_aware__dirichlet_a0.5__low_norm__seed47,47,dirichlet_a0.5,low_norm,c4_drift_aware
9,0.21200971581877479,0.021486892772596827,0.32350735110505696,0.3897146312623868,False,c4_drift_aware__dirichlet_a0.5__low_norm__seed47,47,dirichlet_a0.5,low_norm,c4_drift_aware
10,0.2154112531003501,0.02354578666659446,0.3375926946919754,0.3897146312623868,False,c4_drift_aware__dirichlet_a0.5__low_norm__seed47,47,dirichlet_a0.5,low_norm,c4_drift_aware
11,0.20914194980367093,0.00997678444923164,0.2609124819891788,0.3897146312623868,False,c4_drift_aware__dirichlet_a0.5__low_norm__seed47,47,dirichlet_a0.5,low_norm,c4_drift_aware
12,0.19898895308611286,0.012737482231903546,0.2650850221356835,0.3897146312623868,False,c4_drift_aware__dirichlet_a0.5__low_norm__seed47,47,dirichlet_a0.5,low_norm,c4_drift_aware
13,0.20025596512517732,0.019903149862903563,0.3035354000787702,0.3897146312623868,False,c4_drift_aware__dirichlet_a0.5__low_norm__seed47,47,dirichlet_a0.5,low_norm,c4_drift_aware
14,0.20545297524857814,0.009754509743832296,0.2560701017602983,0.3897146312623868,False,c4_drift_aware__dirichlet_a0.5__low_norm__seed47,47,dirichlet_a0.5,low_norm,c4_drift_aware
15,0.20622440714033857,0.014839000726603074,0.2832254658107546,0.3897146312623868,False,c4_drift_aware__dirichlet_a0.5__low_norm__seed47,47,dirichlet_a0.5,low_norm,c4_drift_aware
16,0.19843073361423094,0.010374610169943344,0.25226562324708396,0.3897146312623868,False,c4_drift_aware__dirichlet_a0.5__low_norm__seed47,47,dirichlet_a0.5,low_norm,c4_drift_aware
17,0.1964774916878759,0.006587778267474642,0.23066213189562856,0.3897146312623868,False,c4_drift_aware__dirichlet_a0.5__low_norm__seed47,47,dirichlet_a0.5,low_norm,c4_drift_aware
18,0.1994722081114193,0.023978310112604678,0.32389805711673625,0.3897146312623868,False,c4_drift_aware__dirichlet_a0.5__low_norm__seed47,47,dirichlet_a0.5,low_norm,c4_drift_aware
19,0.19912320182788273,0.011007464217052232,0.2562420343965885,0.3897146312623868,False,c4_drift_aware__dirichlet_a0.5__low_norm__seed47,47,dirichlet_a0.5,low_norm,c4_drift_aware
20,0.19518863813830997,0.013347230205094929,0.26444875039556803,0.3897146312623868,False,c4_drift_aware__dirichlet_a0.5__low_norm__seed47,47,dirichlet_a0.5,low_norm,c4_drift_aware
21,0.2002541346921089,0.01485245862886267,0.27732502776314016,0.3897146312623868,False,c4_drift_aware__dirichlet_a0.5__low_norm__seed47,47,dirichlet_a0.5,low_norm,c4_drift_aware
22,0.20922724902801002,0.0089946732665252,0.2559015080753359,0.3897146312623868,False,c4_drift_aware__dirichlet_a0.5__low_norm__seed47,47,dirichlet_a0.5,low_norm,c4_drift_aware
23,0.20761883199841255,0.02147192437784015,0.3190387947874629,0.3897146312623868,False,c4_drift_aware__dirichlet_a0.5__low_norm__seed47,47,dirichlet_a0.5,low_norm,c4_drift_aware
24,0.2115561587312013,0.01656627183381232,0.2975201999040368,0.3897146312623868,False,c4_drift_aware__dirichlet_a0.5__low_norm__seed47,47,dirichlet_a0.5,low_norm,c4_drift_aware
0,0.44307254774837296,0.018979792573351528,0.5415605893907514,0.3897146312623868,False,c4_drift_aware__dirichlet_a0.5__no_attack__seed48,48,dirichlet_a0.5,no_attack,c4_drift_aware
1,0.32065183179223467,0.006278508414549244,0.35323163980617217,0.3897146312623868,False,c4_drift_aware__dirichlet_a0.5__no_attack__seed48,48,dirichlet_a0.5,no_attack,c4_drift_aware
2,0.24356762217074715,0.017075307729923356,0.33217310151209245,0.3897146312623868,False,c4_drift_aware__dirichlet_a0.5__no_attack__seed48,48,dirichlet_a0.5,no_attack,c4_drift_aware
3,0.24440637693268996,0.04172819006241191,0.46093812798555156,0.3897146312623868,False,c4_drift_aware__dirichlet_a0.5__no_attack__seed48,48,dirichlet_a0.5,no_attack,c4_drift_aware
4,0.2240367376966905,0.023852049771465905,0.3478074091658042,0.3897146312623868,False,c4_drift_aware__dirichlet_a0.5__no_attack__seed48,48,dirichlet_a0.5,no_attack,c4_drift_aware
5,0.20754748890164856,0.023272110936717993,0.3283087997633719,0.3897146312623868,False,c4_drift_aware__dirichlet_a0.5__no_attack__seed48,48,dirichlet_a0.5,no_attack,c4_drift_aware
6,0.20681414815747148,0.021699602176182775,0.3194155538099015,0.3897146312623868,False,c4_drift_aware__dirichlet_a0.5__no_attack__seed48,48,dirichlet_a0.5,no_attack,c4_drift_aware
7,0.2013886574491131,0.02766561710601509,0.344948311173936,0.3897146312623868,False,c4_drift_aware__dirichlet_a0.5__no_attack__seed48,48,dirichlet_a0.5,no_attack,c4_drift_aware
8,0.20938140030520144,0.02413734485874816,0.33463249651173155,0.3897146312623868,False,c4_drift_aware__dirichlet_a0.5__no_attack__seed48,48,dirichlet_a0.5,no_attack,c4_drift_aware
9,0.20055306824793848,0.023672329844341228,0.32339115504320953,0.3897146312623868,False,c4_drift_aware__dirichlet_a0.5__no_attack__seed48,48,dirichlet_a0.5,no_attack,c4_drift_aware
10,0.21082052056941306,0.01860539201063624,0.30736576025180556,0.3897146312623868,False,c4_drift_aware__dirichlet_a0.5__no_attack__seed48,48,dirichlet_a0.5,no_attack,c4_drift_aware
11,0.2173272551075447,0.0030547117177321947,0.23317845968202883,0.3897146312623868,False,c4_drift_aware__dirichlet_a0.5__no_attack__seed48,48,dirichlet_a0.5,no_attack,c4_drift_aware
12,0.21499283830513063,0.014564226247958112,0.29056806472841007,0.3897146312623868,False,c4_drift_aware__dirichlet_a0.5__no_attack__seed48,48,dirichlet_a0.5,no_attack,c4_drift_aware
13,0.2327105494807461,0.02469550550359173,0.36085799708943395,0.3897146312623868,False,c4_drift_aware__dirichlet_a0.5__no_attack__seed48,48,dirichlet_a0.5,no_attack,c4_drift_aware
14,0.23860877877403192,0.018165359482999355,0.3328706456672639,0.3897146312623868,False,c4_drift_aware__dirichlet_a0.5__no_attack__seed48,48,dirichlet_a0.5,no_attack,c4_drift_aware
15,0.24427064394772874,0.0065313284176073405,0.278162360239535,0.3897146312623868,False,c4_drift_aware__dirichlet_a0.5__no_attack__seed48,48,dirichlet_a0.5,no_attack,c4_drift_aware
16,0.24196848295036538,0.0063153261825317775,0.274739342044141,0.3897146312623868,False,c4_drift_aware__dirichlet_a0.5__no_attack__seed48,48,dirichlet_a0.5,no_attack,c4_drift_aware
17,0.24343929641316717,0.013687409038548953,0.31446463065510155,0.3897146312623868,False,c4_drift_aware__dirichlet_a0.5__no_attack__seed48,48,dirichlet_a0.5,no_attack,c4_drift_aware
18,0.2463784657140746,0.01702726898527354,0.33473466720555756,0.3897146312623868,False,c4_drift_aware__dirichlet_a0.5__no_attack__seed48,48,dirichlet_a0.5,no_attack,c4_drift_aware
19,0.23944623714224303,0.005485551890842932,0.2679113144590161,0.3897146312623868,False,c4_drift_aware__dirichlet_a0.5__no_attack__seed48,48,dirichlet_a0.5,no_attack,c4_drift_aware
20,0.23000530203198763,0.021715425941576882,0.34268881878542423,0.3897146312623868,False,c4_drift_aware__dirichlet_a0.5__no_attack__seed48,48,dirichlet_a0.5,no_attack,c4_drift_aware
21,0.22569929553779555,0.019348105742642924,0.32609855104694396,0.3897146312623868,False,c4_drift_aware__dirichlet_a0.5__no_attack__seed48,48,dirichlet_a0.5,no_attack,c4_drift_aware
22,0.22792715133075586,0.03466911759295835,0.40782866943237606,0.3897146312623868,False,c4_drift_aware__dirichlet_a0.5__no_attack__seed48,48,dirichlet_a0.5,no_attack,c4_drift_aware
23,0.22801653199683472,0.0424515539155976,0.44830189042026225,0.3897146312623868,False,c4_drift_aware__dirichlet_a0.5__no_attack__seed48,48,dirichlet_a0.5,no_attack,c4_drift_aware
24,0.21903303645255878,0.020681958071142925,0.3263537850795265,0.3897146312623868,False,c4_drift_aware__dirichlet_a0.5__no_attack__seed48,48,dirichlet_a0.5,no_attack,c4_drift_aware
0,0.4430725539504119,0.01897983693008959,0.5415608257643398,0.3897146312623868,False,c4_drift_aware__dirichlet_a0.5__large_norm__seed48,48,dirichlet_a0.5,large_norm,c4_drift_aware
1,0.32065187326952255,0.006278451701616339,0.3532313869943799,0.3897146312623868,False,c4_drift_aware__dirichlet_a0.5__large_norm__seed48,48,dirichlet_a0.5,large_norm,c4_drift_aware
2,0.24353023156637235,0.01703735809548007,0.331938786459628,0.3897146312623868,False,c4_drift_aware__dirichlet_a0.5__large_norm__seed48,48,dirichlet_a0.5,large_norm,c4_drift_aware
3,0.24449392043000065,0.041844088948348845,0.46162708239187766,0.3897146312623868,False,c4_drift_aware__dirichlet_a0.5__large_norm__seed48,48,dirichlet_a0.5,large_norm,c4_drift_aware
4,0.22421709775574103,0.023454109090860126,0.34592281523912327,0.3897146312623868,False,c4_drift_aware__dirichlet_a0.5__large_norm__seed48,48,dirichlet_a0.5,large_norm,c4_drift_aware
5,0.2072274984855784,0.02288227785291408,0.32596592649213485,0.3897146312623868,False,c4_drift_aware__dirichlet_a0.5__large_norm__seed48,48,dirichlet_a0.5,large_norm,c4_drift_aware
6,0.20677809022416324,0.022119814727160347,0.321560020824871,0.3897146312623868,False,c4_drift_aware__dirichlet_a0.5__large_norm__seed48,48,dirichlet_a0.5,large_norm,c4_drift_aware
7,0.20127996115748276,0.02742250920426012,0.34357810366930897,0.3897146312623868,False,c4_drift_aware__dirichlet_a0.5__large_norm__seed48,48,dirichlet_a0.5,large_norm,c4_drift_aware
8,0.20931183886719457,0.024497710921770194,0.3364329106113523,0.3897146312623868,False,c4_drift_aware__dirichlet_a0.5__large_norm__seed48,48,dirichlet_a0.5,large_norm,c4_drift_aware
9,0.20079661570368618,0.023516471223805235,0.3228259365311339,0.3897146312623868,False,c4_drift_aware__dirichlet_a0.5__large_norm__seed48,48,dirichlet_a0.5,large_norm,c4_drift_aware
10,0.2080291857987244,0.028788789139920112,0.3574170915246838,0.3897146312623868,False,c4_drift_aware__dirichlet_a0.5__large_norm__seed48,48,dirichlet_a0.5,large_norm,c4_drift_aware
11,0.23210222057600904,0.02544583201559497,0.3641431874881329,0.3897146312623868,False,c4_drift_aware__dirichlet_a0.5__large_norm__seed48,48,dirichlet_a0.5,large_norm,c4_drift_aware
12,0.24141559315951994,0.023722720324732327,0.36451516119658844,0.3897146312623868,False,c4_drift_aware__dirichlet_a0.5__large_norm__seed48,48,dirichlet_a0.5,large_norm,c4_drift_aware
13,0.23520570581535757,0.02375303851695723,0.35846259798370034,0.3897146312623868,False,c4_drift_aware__dirichlet_a0.5__large_norm__seed48,48,dirichlet_a0.5,large_norm,c4_drift_aware
14,0.238748626760651,0.016995680649091294,0.32694091321685065,0.3897146312623868,False,c4_drift_aware__dirichlet_a0.5__large_norm__seed48,48,dirichlet_a0.5,large_norm,c4_drift_aware
15,0.23114225801111732,0.017103939943350133,0.3198963127711555,0.3897146312623868,False,c4_drift_aware__dirichlet_a0.5__large_norm__seed48,48,dirichlet_a0.5,large_norm,c4_drift_aware
16,0.23296444490285692,0.0051876841467129176,0.2598838567085649,0.3897146312623868,False,c4_drift_aware__dirichlet_a0.5__large_norm__seed48,48,dirichlet_a0.5,large_norm,c4_drift_aware
17,0.22980710203140636,0.02430096331896789,0.35590723078986264,0.3897146312623868,False,c4_drift_aware__dirichlet_a0.5__large_norm__seed48,48,dirichlet_a0.5,large_norm,c4_drift_aware
18,0.23978313787207803,0.01374772483053227,0.31112145679019304,0.3897146312623868,False,c4_drift_aware__dirichlet_a0.5__large_norm__seed48,48,dirichlet_a0.5,large_norm,c4_drift_aware
19,0.24465202771992495,0.001352614506556743,0.2516708796558985,0.3897146312623868,False,c4_drift_aware__dirichlet_a0.5__large_norm__seed48,48,dirichlet_a0.5,large_norm,c4_drift_aware
20,0.2529315583110324,0.01957037173188836,0.3544841742649743,0.3897146312623868,False,c4_drift_aware__dirichlet_a0.5__large_norm__seed48,48,dirichlet_a0.5,large_norm,c4_drift_aware
21,0.25566002323496456,0.02857510832382562,0.4039391178381281,0.3897146312623868,False,c4_drift_aware__dirichlet_a0.5__large_norm__seed48,48,dirichlet_a0.5,large_norm,c4_drift_aware
22,0.2515196050351002,0.022301053647472452,0.36724200251719946,0.3897146312623868,False,c4_drift_aware__dirichlet_a0.5__large_norm__seed48,48,dirichlet_a0.5,large_norm,c4_drift_aware
23,0.24238719849066614,0.025741564472503586,0.3759627506949345,0.3897146312623868,False,c4_drift_aware__dirichlet_a0.5__large_norm__seed48,48,dirichlet_a0.5,large_norm,c4_drift_aware
24,0.2254812355640306,0.03081750835701713,0.3853963681794282,0.3897146312623868,False,c4_drift_aware__dirichlet_a0.5__large_norm__seed48,48,dirichlet_a0.5,large_norm,c4_drift_aware
0,0.4430725448021388,0.018979787526931913,0.5415605602581413,0.3897146312623868,False,c4_drift_aware__dirichlet_a0.5__directional_poisoning__seed48,48,dirichlet_a0.5,directional_poisoning,c4_drift_aware
1,0.3206481972469694,0.006306532123618425,0.35337342308963776,0.3897146312623868,False,c4_drift_aware__dirichlet_a0.5__directional_poisoning__seed48,48,dirichlet_a0.5,directional_poisoning,c4_drift_aware
2,0.243561361622041,0.017125951910303083,0.33242963867979475,0.3897146312623868,False,c4_drift_aware__dirichlet_a0.5__directional_poisoning__seed48,48,dirichlet_a0.5,directional_poisoning,c4_drift_aware
3,0.24448061290474132,0.04188172160398726,0.4618090544799916,0.3897146312623868,False,c4_drift_aware__dirichlet_a0.5__directional_poisoning__seed48,48,dirichlet_a0.5,directional_poisoning,c4_drift_aware
4,0.2241971049460469,0.02348309421642414,0.3460532291444934,0.3897146312623868,False,c4_drift_aware__dirichlet_a0.5__directional_poisoning__seed48,48,dirichlet_a0.5,directional_poisoning,c4_drift_aware
5,0.2073789716498484,0.02309841963134973,0.32723898095888526,0.3897146312623868,False,c4_drift_aware__dirichlet_a0.5__directional_poisoning__seed48,48,dirichlet_a0.5,directional_poisoning,c4_drift_aware
6,0.2069822254410779,0.021731620642347182,0.31974977811628164,0.3897146312623868,False,c4_drift_aware__dirichlet_a0.5__directional_poisoning__seed48,48,dirichlet_a0.5,directional_poisoning,c4_drift_aware
7,0.20110077061688678,0.027671317697213538,0.34469000527949756,0.3897146312623868,False,c4_drift_aware__dirichlet_a0.5__directional_poisoning__seed48,48,dirichlet_a0.5,directional_poisoning,c4_drift_aware
8,0.2092056741051373,0.023970951889550507,0.33359334055520384,0.3897146312623868,False,c4_drift_aware__dirichlet_a0.5__directional_poisoning__seed48,48,dirichlet_a0.5,directional_poisoning,c4_drift_aware
9,0.20076650776362542,0.02337252802412118,0.3220488929335926,0.3897146312623868,False,c4_drift_aware__dirichlet_a0.5__directional_poisoning__seed48,48,dirichlet_a0.5,directional_poisoning,c4_drift_aware
10,0.21086522566316718,0.01884056735373882,0.30863081371845325,0.3897146312623868,False,c4_drift_aware__dirichlet_a0.5__directional_poisoning__seed48,48,dirichlet_a0.5,directional_poisoning,c4_drift_aware
11,0.23714131436314942,0.029225576530126945,0.3887957535356311,0.3897146312623868,False,c4_drift_aware__dirichlet_a0.5__directional_poisoning__seed48,48,dirichlet_a0.5,directional_poisoning,c4_drift_aware
12,0.24523466892161866,0.02818116011922603,0.39146952689629444,0.3897146312623868,False,c4_drift_aware__dirichlet_a0.5__directional_poisoning__seed48,48,dirichlet_a0.5,directional_poisoning,c4_drift_aware
13,0.23349550836210112,0.024737524031277436,0.36186099431280283,0.3897146312623868,False,c4_drift_aware__dirichlet_a0.5__directional_poisoning__seed48,48,dirichlet_a0.5,directional_poisoning,c4_drift_aware
14,0.2257880819208877,0.004366374160125919,0.2484456340751971,0.3897146312623868,False,c4_drift_aware__dirichlet_a0.5__directional_poisoning__seed48,48,dirichlet_a0.5,directional_poisoning,c4_drift_aware
15,0.22941361537738422,0.013283944120596913,0.29834532981357365,0.3897146312623868,False,c4_drift_aware__dirichlet_a0.5__directional_poisoning__seed48,48,dirichlet_a0.5,directional_poisoning,c4_drift_aware
16,0.23252713972478997,0.019352553546323897,0.3329494753320193,0.3897146312623868,False,c4_drift_aware__dirichlet_a0.5__directional_poisoning__seed48,48,dirichlet_a0.5,directional_poisoning,c4_drift_aware
17,0.22119775498371405,0.006757796672662075,0.2562646376978248,0.3897146312623868,False,c4_drift_aware__dirichlet_a0.5__directional_poisoning__seed48,48,dirichlet_a0.5,directional_poisoning,c4_drift_aware
18,0.24470285446242507,0.045961773478508355,0.48320309321975274,0.3897146312623868,False,c4_drift_aware__dirichlet_a0.5__directional_poisoning__seed48,48,dirichlet_a0.5,directional_poisoning,c4_drift_aware
19,0.23370604718590837,0.02862390453976854,0.3822383502332213,0.3897146312623868,False,c4_drift_aware__dirichlet_a0.5__directional_poisoning__seed48,48,dirichlet_a0.5,directional_poisoning,c4_drift_aware
20,0.2518773358186993,0.024600755637152083,0.3795331168954452,0.3897146312623868,False,c4_drift_aware__dirichlet_a0.5__directional_poisoning__seed48,48,dirichlet_a0.5,directional_poisoning,c4_drift_aware
21,0.25857369023815957,0.016681642815328662,0.34513640297118153,0.3897146312623868,False,c4_drift_aware__dirichlet_a0.5__directional_poisoning__seed48,48,dirichlet_a0.5,directional_poisoning,c4_drift_aware
22,0.24849547234168926,0.014613810607784883,0.3243279969665458,0.3897146312623868,False,c4_drift_aware__dirichlet_a0.5__directional_poisoning__seed48,48,dirichlet_a0.5,directional_poisoning,c4_drift_aware
23,0.24180422049247796,0.04199224843984822,0.45970619687169434,0.3897146312623868,False,c4_drift_aware__dirichlet_a0.5__directional_poisoning__seed48,48,dirichlet_a0.5,directional_poisoning,c4_drift_aware
24,0.21164859945858008,0.02572009521967611,0.34511274556300137,0.3897146312623868,False,c4_drift_aware__dirichlet_a0.5__directional_poisoning__seed48,48,dirichlet_a0.5,directional_poisoning,c4_drift_aware
0,0.4430753695001719,0.018976956928027477,0.5415486966953993,0.3897146312623868,False,c4_drift_aware__dirichlet_a0.5__sparse_coordinate_attack__seed48,48,dirichlet_a0.5,sparse_coordinate_attack,c4_drift_aware
1,0.32062424818624935,0.006315842955150863,0.3533977888648227,0.3897146312623868,False,c4_drift_aware__dirichlet_a0.5__sparse_coordinate_attack__seed48,48,dirichlet_a0.5,sparse_coordinate_attack,c4_drift_aware
2,0.2435934667614079,0.017288742032683685,0.3333064780432068,0.3897146312623868,False,c4_drift_aware__dirichlet_a0.5__sparse_coordinate_attack__seed48,48,dirichlet_a0.5,sparse_coordinate_attack,c4_drift_aware
3,0.24437139967187013,0.04160139783530781,0.46024521317906586,0.3897146312623868,False,c4_drift_aware__dirichlet_a0.5__sparse_coordinate_attack__seed48,48,dirichlet_a0.5,sparse_coordinate_attack,c4_drift_aware
4,0.22378693367869967,0.023817502618313613,0.34737833651539085,0.3897146312623868,False,c4_drift_aware__dirichlet_a0.5__sparse_coordinate_attack__seed48,48,dirichlet_a0.5,sparse_coordinate_attack,c4_drift_aware
5,0.20746620132205917,0.02295862976079638,0.32660082701380766,0.3897146312623868,False,c4_drift_aware__dirichlet_a0.5__sparse_coordinate_attack__seed48,48,dirichlet_a0.5,sparse_coordinate_attack,c4_drift_aware
6,0.20722272055568738,0.021354611553795644,0.3180339353694884,0.3897146312623868,False,c4_drift_aware__dirichlet_a0.5__sparse_coordinate_attack__seed48,48,dirichlet_a0.5,sparse_coordinate_attack,c4_drift_aware
7,0.20120063129132,0.027788958327045116,0.3454003149461898,0.3897146312623868,False,c4_drift_aware__dirichlet_a0.5__sparse_coordinate_attack__seed48,48,dirichlet_a0.5,sparse_coordinate_attack,c4_drift_aware
8,0.2101720198587937,0.02204465738710973,0.3245639515062448,0.3897146312623868,False,c4_drift_aware__dirichlet_a0.5__sparse_coordinate_attack__seed48,48,dirichlet_a0.5,sparse_coordinate_attack,c4_drift_aware
9,0.20075773504304117,0.023324836413947753,0.32179264367865745,0.3897146312623868,False,c4_drift_aware__dirichlet_a0.5__sparse_coordinate_attack__seed48,48,dirichlet_a0.5,sparse_coordinate_attack,c4_drift_aware
10,0.21554327598319825,0.03179686413385713,0.38054038366019627,0.3897146312623868,False,c4_drift_aware__dirichlet_a0.5__sparse_coordinate_attack__seed48,48,dirichlet_a0.5,sparse_coordinate_attack,c4_drift_aware
11,0.23446800815670504,0.032513959716549495,0.40318619652185206,0.3897146312623868,False,c4_drift_aware__dirichlet_a0.5__sparse_coordinate_attack__seed48,48,dirichlet_a0.5,sparse_coordinate_attack,c4_drift_aware
12,0.24724058186165143,0.024296096418386814,0.37331545578630243,0.3897146312623868,False,c4_drift_aware__dirichlet_a0.5__sparse_coordinate_attack__seed48,48,dirichlet_a0.5,sparse_coordinate_attack,c4_drift_aware
13,0.23045350580866522,0.028539861831838043,0.378549702840256,0.3897146312623868,False,c4_drift_aware__dirichlet_a0.5__sparse_coordinate_attack__seed48,48,dirichlet_a0.5,sparse_coordinate_attack,c4_drift_aware
14,0.2354529643960559,0.01930309233516217,0.3356186408324459,0.3897146312623868,False,c4_drift_aware__dirichlet_a0.5__sparse_coordinate_attack__seed48,48,dirichlet_a0.5,sparse_coordinate_attack,c4_drift_aware
15,0.22884638875531532,0.006857646601291845,0.26443140273407884,0.3897146312623868,False,c4_drift_aware__dirichlet_a0.5__sparse_coordinate_attack__seed48,48,dirichlet_a0.5,sparse_coordinate_attack,c4_drift_aware
16,0.22273664318147118,0.011997791284856535,0.2849943819377202,0.3897146312623868,False,c4_drift_aware__dirichlet_a0.5__sparse_coordinate_attack__seed48,48,dirichlet_a0.5,sparse_coordinate_attack,c4_drift_aware
17,0.21988660546857822,0.008217076486830094,0.26252583706638827,0.3897146312623868,False,c4_drift_aware__dirichlet_a0.5__sparse_coordinate_attack__seed48,48,dirichlet_a0.5,sparse_coordinate_attack,c4_drift_aware
18,0.22160823819053083,0.011809615251628547,0.28288951269275653,0.3897146312623868,False,c4_drift_aware__dirichlet_a0.5__sparse_coordinate_attack__seed48,48,dirichlet_a0.5,sparse_coordinate_attack,c4_drift_aware
19,0.21993219104681364,0.014353906623369744,0.29441604790614156,0.3897146312623868,False,c4_drift_aware__dirichlet_a0.5__sparse_coordinate_attack__seed48,48,dirichlet_a0.5,sparse_coordinate_attack,c4_drift_aware
20,0.23976909980147218,0.04033176219108775,0.4490546469872456,0.3897146312623868,False,c4_drift_aware__dirichlet_a0.5__sparse_coordinate_attack__seed48,48,dirichlet_a0.5,sparse_coordinate_attack,c4_drift_aware
21,0.24993692472830167,0.005993576296779851,0.281038191489922,0.3897146312623868,False,c4_drift_aware__dirichlet_a0.5__sparse_coordinate_attack__seed48,48,dirichlet_a0.5,sparse_coordinate_attack,c4_drift_aware
22,0.2389356667578526,0.009596373881856385,0.2887322104681936,0.3897146312623868,False,c4_drift_aware__dirichlet_a0.5__sparse_coordinate_attack__seed48,48,dirichlet_a0.5,sparse_coordinate_attack,c4_drift_aware
23,0.23301749445004516,0.021108062517358583,0.3425493416588706,0.3897146312623868,False,c4_drift_aware__dirichlet_a0.5__sparse_coordinate_attack__seed48,48,dirichlet_a0.5,sparse_coordinate_attack,c4_drift_aware
24,0.21625587612056685,0.01751301294725016,0.3071326516051427,0.3897146312623868,False,c4_drift_aware__dirichlet_a0.5__sparse_coordinate_attack__seed48,48,dirichlet_a0.5,sparse_coordinate_attack,c4_drift_aware
0,0.4430753783681505,0.018977033471945737,0.5415491027574241,0.3897146312623868,False,c4_drift_aware__dirichlet_a0.5__full_sign_flip__seed48,48,dirichlet_a0.5,full_sign_flip,c4_drift_aware
1,0.32065528982878816,0.006296981207463859,0.3533309550124389,0.3897146312623868,False,c4_drift_aware__dirichlet_a0.5__full_sign_flip__seed48,48,dirichlet_a0.5,full_sign_flip,c4_drift_aware
2,0.24353904560332185,0.017040084554785728,0.33196174836656045,0.3897146312623868,False,c4_drift_aware__dirichlet_a0.5__full_sign_flip__seed48,48,dirichlet_a0.5,full_sign_flip,c4_drift_aware
3,0.2444239365688247,0.04159113407187387,0.46024449038118537,0.3897146312623868,False,c4_drift_aware__dirichlet_a0.5__full_sign_flip__seed48,48,dirichlet_a0.5,full_sign_flip,c4_drift_aware
4,0.22412489964109436,0.02344106020979697,0.3457629051757518,0.3897146312623868,False,c4_drift_aware__dirichlet_a0.5__full_sign_flip__seed48,48,dirichlet_a0.5,full_sign_flip,c4_drift_aware
5,0.20756737236710282,0.02339884598976444,0.32898632409258943,0.3897146312623868,False,c4_drift_aware__dirichlet_a0.5__full_sign_flip__seed48,48,dirichlet_a0.5,full_sign_flip,c4_drift_aware
6,0.20692325504979991,0.021570556852627043,0.3188550316137669,0.3897146312623868,False,c4_drift_aware__dirichlet_a0.5__full_sign_flip__seed48,48,dirichlet_a0.5,full_sign_flip,c4_drift_aware
7,0.20131625415891452,0.027313099991123607,0.343046661322854,0.3897146312623868,False,c4_drift_aware__dirichlet_a0.5__full_sign_flip__seed48,48,dirichlet_a0.5,full_sign_flip,c4_drift_aware
8,0.2100201542508072,0.021992403712287972,0.3241409363542407,0.3897146312623868,False,c4_drift_aware__dirichlet_a0.5__full_sign_flip__seed48,48,dirichlet_a0.5,full_sign_flip,c4_drift_aware
9,0.20077345256490772,0.022908333296303346,0.3196470848727554,0.3897146312623868,False,c4_drift_aware__dirichlet_a0.5__full_sign_flip__seed48,48,dirichlet_a0.5,full_sign_flip,c4_drift_aware
10,0.21071230818812278,0.018620442069832238,0.3073356441326892,0.3897146312623868,False,c4_drift_aware__dirichlet_a0.5__full_sign_flip__seed48,48,dirichlet_a0.5,full_sign_flip,c4_drift_aware
11,0.2372532705192285,0.029678378566210306,0.3912573447371504,0.3897146312623868,False,c4_drift_aware__dirichlet_a0.5__full_sign_flip__seed48,48,dirichlet_a0.5,full_sign_flip,c4_drift_aware
12,0.24537219380811578,0.02835892687092298,0.3925295012340222,0.3897146312623868,False,c4_drift_aware__dirichlet_a0.5__full_sign_flip__seed48,48,dirichlet_a0.5,full_sign_flip,c4_drift_aware
13,0.2333564872620423,0.024492268939079215,0.36044932001381824,0.3897146312623868,False,c4_drift_aware__dirichlet_a0.5__full_sign_flip__seed48,48,dirichlet_a0.5,full_sign_flip,c4_drift_aware
14,0.2257753168453463,0.004377595259861949,0.24849109640829595,0.3897146312623868,False,c4_drift_aware__dirichlet_a0.5__full_sign_flip__seed48,48,dirichlet_a0.5,full_sign_flip,c4_drift_aware
15,0.22940534587363137,0.013482634832529233,0.29936808628310885,0.3897146312623868,False,c4_drift_aware__dirichlet_a0.5__full_sign_flip__seed48,48,dirichlet_a0.5,full_sign_flip,c4_drift_aware
16,0.23261807501737344,0.020611732886402057,0.3395744181382023,0.3897146312623868,False,c4_drift_aware__dirichlet_a0.5__full_sign_flip__seed48,48,dirichlet_a0.5,full_sign_flip,c4_drift_aware
17,0.22150400112311536,0.007325072738605443,0.2595145360710129,0.3897146312623868,False,c4_drift_aware__dirichlet_a0.5__full_sign_flip__seed48,48,dirichlet_a0.5,full_sign_flip,c4_drift_aware
18,0.24383928061870286,0.04494230785982331,0.47704941033411197,0.3897146312623868,False,c4_drift_aware__dirichlet_a0.5__full_sign_flip__seed48,48,dirichlet_a0.5,full_sign_flip,c4_drift_aware
19,0.2327331672908841,0.02833615897021019,0.3797723298032018,0.3897146312623868,False,c4_drift_aware__dirichlet_a0.5__full_sign_flip__seed48,48,dirichlet_a0.5,full_sign_flip,c4_drift_aware
20,0.25141642817421395,0.017858014526846072,0.3440834513554709,0.3897146312623868,False,c4_drift_aware__dirichlet_a0.5__full_sign_flip__seed48,48,dirichlet_a0.5,full_sign_flip,c4_drift_aware
21,0.2579555638841729,0.021864730947643657,0.3714138392445906,0.3897146312623868,False,c4_drift_aware__dirichlet_a0.5__full_sign_flip__seed48,48,dirichlet_a0.5,full_sign_flip,c4_drift_aware
22,0.24855193994973246,0.0136535345432654,0.31940149604819096,0.3897146312623868,False,c4_drift_aware__dirichlet_a0.5__full_sign_flip__seed48,48,dirichlet_a0.5,full_sign_flip,c4_drift_aware
23,0.2425043168492961,0.04273265924810912,0.4642483589536591,0.3897146312623868,False,c4_drift_aware__dirichlet_a0.5__full_sign_flip__seed48,48,dirichlet_a0.5,full_sign_flip,c4_drift_aware
24,0.21247262019534263,0.02588882631313527,0.3468123288168329,0.3897146312623868,False,c4_drift_aware__dirichlet_a0.5__full_sign_flip__seed48,48,dirichlet_a0.5,full_sign_flip,c4_drift_aware
0,0.44307255665308737,0.01897978312837678,0.5415605492845473,0.3897146312623868,False,c4_drift_aware__dirichlet_a0.5__low_norm__seed48,48,dirichlet_a0.5,low_norm,c4_drift_aware
1,0.3206518242156232,0.006278516487857766,0.35323167412276596,0.3897146312623868,False,c4_drift_aware__dirichlet_a0.5__low_norm__seed48,48,dirichlet_a0.5,low_norm,c4_drift_aware
2,0.24358122173170602,0.017088874999500264,0.3322571029916128,0.3897146312623868,False,c4_drift_aware__dirichlet_a0.5__low_norm__seed48,48,dirichlet_a0.5,low_norm,c4_drift_aware
3,0.24441991768840762,0.041764651360215316,0.4611408700617009,0.3897146312623868,False,c4_drift_aware__dirichlet_a0.5__low_norm__seed48,48,dirichlet_a0.5,low_norm,c4_drift_aware
4,0.22396719126913364,0.023924998092262284,0.34811639886969187,0.3897146312623868,False,c4_drift_aware__dirichlet_a0.5__low_norm__seed48,48,dirichlet_a0.5,low_norm,c4_drift_aware
5,0.20761465526347841,0.023606037055275086,0.33010874214700636,0.3897146312623868,False,c4_drift_aware__dirichlet_a0.5__low_norm__seed48,48,dirichlet_a0.5,low_norm,c4_drift_aware
6,0.20673579317578628,0.021834989606469263,0.32003973774271594,0.3897146312623868,False,c4_drift_aware__dirichlet_a0.5__low_norm__seed48,48,dirichlet_a0.5,low_norm,c4_drift_aware
7,0.2013033880932122,0.027595658337335738,0.34450001877148106,0.3897146312623868,False,c4_drift_aware__dirichlet_a0.5__low_norm__seed48,48,dirichlet_a0.5,low_norm,c4_drift_aware
8,0.20960575375723003,0.022111441331621157,0.32434423397114537,0.3897146312623868,False,c4_drift_aware__dirichlet_a0.5__low_norm__seed48,48,dirichlet_a0.5,low_norm,c4_drift_aware
9,0.20055967613272946,0.023062018516454702,0.32023079641646457,0.3897146312623868,False,c4_drift_aware__dirichlet_a0.5__low_norm__seed48,48,dirichlet_a0.5,low_norm,c4_drift_aware
10,0.1921353096659422,0.018664852300502854,0.28898909473848156,0.3897146312623868,False,c4_drift_aware__dirichlet_a0.5__low_norm__seed48,48,dirichlet_a0.5,low_norm,c4_drift_aware
11,0.20753316969947777,0.04124552378843305,0.4215603171900357,0.3897146312623868,False,c4_drift_aware__dirichlet_a0.5__low_norm__seed48,48,dirichlet_a0.5,low_norm,c4_drift_aware
12,0.21297666427686227,0.024867326337830065,0.3420157073764962,0.3897146312623868,False,c4_drift_aware__dirichlet_a0.5__low_norm__seed48,48,dirichlet_a0.5,low_norm,c4_drift_aware
13,0.22153478442429456,0.020729050966256574,0.32909990279329654,0.3897146312623868,False,c4_drift_aware__dirichlet_a0.5__low_norm__seed48,48,dirichlet_a0.5,low_norm,c4_drift_aware
14,0.22625799373950944,0.014556186769495771,0.30179150250509995,0.3897146312623868,False,c4_drift_aware__dirichlet_a0.5__low_norm__seed48,48,dirichlet_a0.5,low_norm,c4_drift_aware
15,0.2305470063102918,0.015994299061572126,0.3135430235706957,0.3897146312623868,False,c4_drift_aware__dirichlet_a0.5__low_norm__seed48,48,dirichlet_a0.5,low_norm,c4_drift_aware
16,0.2302349447383742,0.012368507313962246,0.29441636604125565,0.3897146312623868,False,c4_drift_aware__dirichlet_a0.5__low_norm__seed48,48,dirichlet_a0.5,low_norm,c4_drift_aware
17,0.22242174252383853,0.009663177381885407,0.2725649362761801,0.3897146312623868,False,c4_drift_aware__dirichlet_a0.5__low_norm__seed48,48,dirichlet_a0.5,low_norm,c4_drift_aware
18,0.21716121235080932,0.022843131676839767,0.33569650693509856,0.3897146312623868,False,c4_drift_aware__dirichlet_a0.5__low_norm__seed48,48,dirichlet_a0.5,low_norm,c4_drift_aware
19,0.22052293891778094,0.007543699024840145,0.25966794752757894,0.3897146312623868,False,c4_drift_aware__dirichlet_a0.5__low_norm__seed48,48,dirichlet_a0.5,low_norm,c4_drift_aware
20,0.21348714911417405,0.010894582236496003,0.27002022579757545,0.3897146312623868,False,c4_drift_aware__dirichlet_a0.5__low_norm__seed48,48,dirichlet_a0.5,low_norm,c4_drift_aware
21,0.2202985872864195,0.01296371185785547,0.2875685844880173,0.3897146312623868,False,c4_drift_aware__dirichlet_a0.5__low_norm__seed48,48,dirichlet_a0.5,low_norm,c4_drift_aware
22,0.21905388679148716,0.018324056449683157,0.31413924811453803,0.3897146312623868,False,c4_drift_aware__dirichlet_a0.5__low_norm__seed48,48,dirichlet_a0.5,low_norm,c4_drift_aware
23,0.23703631990888946,0.012919595013672097,0.30407739039433535,0.3897146312623868,False,c4_drift_aware__dirichlet_a0.5__low_norm__seed48,48,dirichlet_a0.5,low_norm,c4_drift_aware
24,0.23263146549680894,0.023434040445137555,0.3542330447706722,0.3897146312623868,False,c4_drift_aware__dirichlet_a0.5__low_norm__seed48,48,dirichlet_a0.5,low_norm,c4_drift_aware
0,0.40099558905632526,0.04992140951345564,0.6600427751625979,0.3897146312623868,False,c4_drift_aware__dirichlet_a0.5__no_attack__seed49,49,dirichlet_a0.5,no_attack,c4_drift_aware
1,0.30872369410108486,0.05107795529803433,0.5737723119381148,0.3897146312623868,False,c4_drift_aware__dirichlet_a0.5__no_attack__seed49,49,dirichlet_a0.5,no_attack,c4_drift_aware
2,0.23707044865863375,0.05517801159126079,0.5233946686068451,0.3897146312623868,False,c4_drift_aware__dirichlet_a0.5__no_attack__seed49,49,dirichlet_a0.5,no_attack,c4_drift_aware
3,0.2241050269936815,0.04630969427543233,0.4644106615583274,0.3897146312623868,False,c4_drift_aware__dirichlet_a0.5__no_attack__seed49,49,dirichlet_a0.5,no_attack,c4_drift_aware
4,0.19947621855133352,0.04411801198872317,0.4284089945620169,0.3897146312623868,False,c4_drift_aware__dirichlet_a0.5__no_attack__seed49,49,dirichlet_a0.5,no_attack,c4_drift_aware
5,0.20196278094020584,0.029744845351938276,0.3563117579559487,0.3897146312623868,False,c4_drift_aware__dirichlet_a0.5__no_attack__seed49,49,dirichlet_a0.5,no_attack,c4_drift_aware
6,0.18087648076648774,0.04071035591486594,0.3921265886443186,0.3897146312623868,False,c4_drift_aware__dirichlet_a0.5__no_attack__seed49,49,dirichlet_a0.5,no_attack,c4_drift_aware
7,0.1729528004556638,0.04070118391870525,0.3841553139282172,0.3897146312623868,False,c4_drift_aware__dirichlet_a0.5__no_attack__seed49,49,dirichlet_a0.5,no_attack,c4_drift_aware
8,0.16766294878105792,0.03604589799410696,0.3547087180622783,0.3897146312623868,False,c4_drift_aware__dirichlet_a0.5__no_attack__seed49,49,dirichlet_a0.5,no_attack,c4_drift_aware
9,0.18645286727900925,0.03242596613678342,0.3547144481593921,0.3897146312623868,False,c4_drift_aware__dirichlet_a0.5__no_attack__seed49,49,dirichlet_a0.5,no_attack,c4_drift_aware
10,0.17504154448282583,0.030562853410841917,0.33363524711702564,0.3897146312623868,False,c4_drift_aware__dirichlet_a0.5__no_attack__seed49,49,dirichlet_a0.5,no_attack,c4_drift_aware
11,0.1769817207242376,0.020315773416159644,0.2824023005580316,0.3897146312623868,False,c4_drift_aware__dirichlet_a0.5__no_attack__seed49,49,dirichlet_a0.5,no_attack,c4_drift_aware
12,0.18799819374605756,0.018588709601632142,0.2844568667398869,0.3897146312623868,False,c4_drift_aware__dirichlet_a0.5__no_attack__seed49,49,dirichlet_a0.5,no_attack,c4_drift_aware
13,0.19289963187497636,0.0017754880856676314,0.20211281710031426,0.3897146312623868,False,c4_drift_aware__dirichlet_a0.5__no_attack__seed49,49,dirichlet_a0.5,no_attack,c4_drift_aware
14,0.1965438785396221,0.026454434620540368,0.33381858522906815,0.3897146312623868,False,c4_drift_aware__dirichlet_a0.5__no_attack__seed49,49,dirichlet_a0.5,no_attack,c4_drift_aware
15,0.21456940132186042,0.017088487092473126,0.3032432696934127,0.3897146312623868,False,c4_drift_aware__dirichlet_a0.5__no_attack__seed49,49,dirichlet_a0.5,no_attack,c4_drift_aware
16,0.22631283511075362,0.0187224485715341,0.3234654929933012,0.3897146312623868,False,c4_drift_aware__dirichlet_a0.5__no_attack__seed49,49,dirichlet_a0.5,no_attack,c4_drift_aware
17,0.23401228813845926,0.026271560563736085,0.37033804305974216,0.3897146312623868,False,c4_drift_aware__dirichlet_a0.5__no_attack__seed49,49,dirichlet_a0.5,no_attack,c4_drift_aware
18,0.23696212004211437,0.02036586223154202,0.3426426157478091,0.3897146312623868,False,c4_drift_aware__dirichlet_a0.5__no_attack__seed49,49,dirichlet_a0.5,no_attack,c4_drift_aware
19,0.23698917340959133,0.024811559486940832,0.365738836743276,0.3897146312623868,False,c4_drift_aware__dirichlet_a0.5__no_attack__seed49,49,dirichlet_a0.5,no_attack,c4_drift_aware
20,0.23118793227176745,0.025340438179764974,0.36268200003038586,0.3897146312623868,False,c4_drift_aware__dirichlet_a0.5__no_attack__seed49,49,dirichlet_a0.5,no_attack,c4_drift_aware
21,0.21900578054003225,0.02476181358284718,0.34749730740278456,0.3897146312623868,False,c4_drift_aware__dirichlet_a0.5__no_attack__seed49,49,dirichlet_a0.5,no_attack,c4_drift_aware
22,0.22063440342383944,0.015827853416041288,0.3027667175850193,0.3897146312623868,False,c4_drift_aware__dirichlet_a0.5__no_attack__seed49,49,dirichlet_a0.5,no_attack,c4_drift_aware
23,0.21645498940128727,0.009777606082345014,0.26719196512318377,0.3897146312623868,False,c4_drift_aware__dirichlet_a0.5__no_attack__seed49,49,dirichlet_a0.5,no_attack,c4_drift_aware
24,0.20983278686055906,0.02197331632512234,0.32385452260325137,0.3897146312623868,False,c4_drift_aware__dirichlet_a0.5__no_attack__seed49,49,dirichlet_a0.5,no_attack,c4_drift_aware
0,0.4010326065916505,0.049958427875523514,0.6602718846805296,0.3897146312623868,False,c4_drift_aware__dirichlet_a0.5__large_norm__seed49,49,dirichlet_a0.5,large_norm,c4_drift_aware
1,0.30878787799756807,0.05113320086248968,0.5741231705931132,0.3897146312623868,False,c4_drift_aware__dirichlet_a0.5__large_norm__seed49,49,dirichlet_a0.5,large_norm,c4_drift_aware
2,0.2365417111776883,0.05482788890727425,0.5210491095064251,0.3897146312623868,False,c4_drift_aware__dirichlet_a0.5__large_norm__seed49,49,dirichlet_a0.5,large_norm,c4_drift_aware
3,0.22458921304416699,0.04712545865668885,0.4691279305595911,0.3897146312623868,False,c4_drift_aware__dirichlet_a0.5__large_norm__seed49,49,dirichlet_a0.5,large_norm,c4_drift_aware
4,0.19918692514336167,0.04464096666370951,0.43083336525801663,0.3897146312623868,False,c4_drift_aware__dirichlet_a0.5__large_norm__seed49,49,dirichlet_a0.5,large_norm,c4_drift_aware
5,0.2020249529067737,0.02998842903917112,0.3576379100339365,0.3897146312623868,False,c4_drift_aware__dirichlet_a0.5__large_norm__seed49,49,dirichlet_a0.5,large_norm,c4_drift_aware
6,0.18072040007775697,0.04080914951420625,0.3924831578219246,0.3897146312623868,False,c4_drift_aware__dirichlet_a0.5__large_norm__seed49,49,dirichlet_a0.5,large_norm,c4_drift_aware
7,0.17334322899437532,0.04039932587302561,0.3829793708820925,0.3897146312623868,False,c4_drift_aware__dirichlet_a0.5__large_norm__seed49,49,dirichlet_a0.5,large_norm,c4_drift_aware
8,0.1673194462483709,0.03559633857250677,0.3520324067349657,0.3897146312623868,False,c4_drift_aware__dirichlet_a0.5__large_norm__seed49,49,dirichlet_a0.5,large_norm,c4_drift_aware
9,0.18652088909745845,0.032571870336913944,0.35553958146273856,0.3897146312623868,False,c4_drift_aware__dirichlet_a0.5__large_norm__seed49,49,dirichlet_a0.5,large_norm,c4_drift_aware
10,0.20250255376031914,0.04717445754372221,0.4472955314004481,0.3897146312623868,False,c4_drift_aware__dirichlet_a0.5__large_norm__seed49,49,dirichlet_a0.5,large_norm,c4_drift_aware
11,0.25106565493702315,0.040595966938300226,0.46172218697655687,0.3897146312623868,False,c4_drift_aware__dirichlet_a0.5__large_norm__seed49,49,dirichlet_a0.5,large_norm,c4_drift_aware
12,0.24997927138806467,0.04191230991655659,0.4674664387760684,0.3897146312623868,False,c4_drift_aware__dirichlet_a0.5__large_norm__seed49,49,dirichlet_a0.5,large_norm,c4_drift_aware
13,0.20742322613640019,0.07730593265795055,0.6085714412917713,0.3897146312623868,False,c4_drift_aware__dirichlet_a0.5__large_norm__seed49,49,dirichlet_a0.5,large_norm,c4_drift_aware
14,0.3744560222171807,0.04548847271446649,0.6105002559798187,0.3897146312623868,False,c4_drift_aware__dirichlet_a0.5__large_norm__seed49,49,dirichlet_a0.5,large_norm,c4_drift_aware
15,0.2593621029071745,0.06817914359404062,0.6131504969310106,0.3897146312623868,False,c4_drift_aware__dirichlet_a0.5__large_norm__seed49,49,dirichlet_a0.5,large_norm,c4_drift_aware
16,0.28671329239808485,0.09733355563768614,0.791786845957602,0.3897146312623868,False,c4_drift_aware__dirichlet_a0.5__large_norm__seed49,49,dirichlet_a0.5,large_norm,c4_drift_aware
17,0.2863802892826132,0.10899125682653144,0.8519468200811675,0.3897146312623868,False,c4_drift_aware__dirichlet_a0.5__large_norm__seed49,49,dirichlet_a0.5,large_norm,c4_drift_aware
18,0.25778960795572686,0.04124114616977667,0.47179403954531496,0.3897146312623868,False,c4_drift_aware__dirichlet_a0.5__large_norm__seed49,49,dirichlet_a0.5,large_norm,c4_drift_aware
19,0.29026984406518963,0.10202176872226604,0.8196710041419003,0.3897146312623868,False,c4_drift_aware__dirichlet_a0.5__large_norm__seed49,49,dirichlet_a0.5,large_norm,c4_drift_aware
20,0.22037614452614904,0.04066002791032067,0.431365095355594,0.3897146312623868,False,c4_drift_aware__dirichlet_a0.5__large_norm__seed49,49,dirichlet_a0.5,large_norm,c4_drift_aware
21,0.22112866548672613,0.08534275063247204,0.6639807327936867,0.3897146312623868,False,c4_drift_aware__dirichlet_a0.5__large_norm__seed49,49,dirichlet_a0.5,large_norm,c4_drift_aware
22,0.24296433661011274,0.07543704668360271,0.6344147155559956,0.3897146312623868,False,c4_drift_aware__dirichlet_a0.5__large_norm__seed49,49,dirichlet_a0.5,large_norm,c4_drift_aware
23,0.24186108052700106,0.07021281123469841,0.6062023793049746,0.3897146312623868,False,c4_drift_aware__dirichlet_a0.5__large_norm__seed49,49,dirichlet_a0.5,large_norm,c4_drift_aware
24,0.21333344082496344,0.054608568009716196,0.49670276108418177,0.3897146312623868,False,c4_drift_aware__dirichlet_a0.5__large_norm__seed49,49,dirichlet_a0.5,large_norm,c4_drift_aware
0,0.40103264503717867,0.049956898910013314,0.6602639891711288,0.3897146312623868,False,c4_drift_aware__dirichlet_a0.5__directional_poisoning__seed49,49,dirichlet_a0.5,directional_poisoning,c4_drift_aware
1,0.30878084453511084,0.05108484851730788,0.5738652319762731,0.3897146312623868,False,c4_drift_aware__dirichlet_a0.5__directional_poisoning__seed49,49,dirichlet_a0.5,directional_poisoning,c4_drift_aware
2,0.23697484656757498,0.054849165714125375,0.521592652374743,0.3897146312623868,False,c4_drift_aware__dirichlet_a0.5__directional_poisoning__seed49,49,dirichlet_a0.5,directional_poisoning,c4_drift_aware
3,0.22407177592338612,0.046284903504191566,0.46424876869698656,0.3897146312623868,False,c4_drift_aware__dirichlet_a0.5__directional_poisoning__seed49,49,dirichlet_a0.5,directional_poisoning,c4_drift_aware
4,0.1992513098072484,0.04437678713815918,0.4295268959458702,0.3897146312623868,False,c4_drift_aware__dirichlet_a0.5__directional_poisoning__seed49,49,dirichlet_a0.5,directional_poisoning,c4_drift_aware
5,0.20208186404633707,0.02930166938937695,0.35413115667475303,0.3897146312623868,False,c4_drift_aware__dirichlet_a0.5__directional_poisoning__seed49,49,dirichlet_a0.5,directional_poisoning,c4_drift_aware
6,0.18060119376297956,0.041002461464092865,0.3933670665463038,0.3897146312623868,False,c4_drift_aware__dirichlet_a0.5__directional_poisoning__seed49,49,dirichlet_a0.5,directional_poisoning,c4_drift_aware
7,0.17337580257774982,0.04012363776893732,0.38158137132454245,0.3897146312623868,False,c4_drift_aware__dirichlet_a0.5__directional_poisoning__seed49,49,dirichlet_a0.5,directional_poisoning,c4_drift_aware
8,0.16656668810818098,0.03505804354115627,0.34848638184759495,0.3897146312623868,False,c4_drift_aware__dirichlet_a0.5__directional_poisoning__seed49,49,dirichlet_a0.5,directional_poisoning,c4_drift_aware
9,0.18678619016597894,0.032903263284455087,0.3575245136753448,0.3897146312623868,False,c4_drift_aware__dirichlet_a0.5__directional_poisoning__seed49,49,dirichlet_a0.5,directional_poisoning,c4_drift_aware
10,0.1750747406416896,0.030546467708795516,0.3335834162294004,0.3897146312623868,False,c4_drift_aware__dirichlet_a0.5__directional_poisoning__seed49,49,dirichlet_a0.5,directional_poisoning,c4_drift_aware
11,0.16853234030360265,0.03030474198011418,0.3257866769126131,0.3897146312623868,False,c4_drift_aware__dirichlet_a0.5__directional_poisoning__seed49,49,dirichlet_a0.5,directional_poisoning,c4_drift_aware
12,0.18741743602049696,0.03322224370584698,0.35981098083450747,0.3897146312623868,False,c4_drift_aware__dirichlet_a0.5__directional_poisoning__seed49,49,dirichlet_a0.5,directional_poisoning,c4_drift_aware
13,0.18148867482332887,0.04026722934872584,0.3904393546368021,0.3897146312623868,False,c4_drift_aware__dirichlet_a0.5__directional_poisoning__seed49,49,dirichlet_a0.5,directional_poisoning,c4_drift_aware
14,0.18051486346192638,0.04473352751334578,0.41264161108142894,0.3897146312623868,False,c4_drift_aware__dirichlet_a0.5__directional_poisoning__seed49,49,dirichlet_a0.5,directional_poisoning,c4_drift_aware
15,0.2112303279969179,0.03305939596635332,0.38277883960592196,0.3897146312623868,False,c4_drift_aware__dirichlet_a0.5__directional_poisoning__seed49,49,dirichlet_a0.5,directional_poisoning,c4_drift_aware
16,0.21187958987699435,0.04579302898742221,0.4495041965956269,0.3897146312623868,False,c4_drift_aware__dirichlet_a0.5__directional_poisoning__seed49,49,dirichlet_a0.5,directional_poisoning,c4_drift_aware
17,0.24676203070862546,0.01899971102018405,0.3453534311634625,0.3897146312623868,False,c4_drift_aware__dirichlet_a0.5__directional_poisoning__seed49,49,dirichlet_a0.5,directional_poisoning,c4_drift_aware
18,0.22803069318078542,0.04636554145608554,0.4686261243505589,0.3897146312623868,False,c4_drift_aware__dirichlet_a0.5__directional_poisoning__seed49,49,dirichlet_a0.5,directional_poisoning,c4_drift_aware
19,0.23241111558304747,0.05728939506758435,0.5296915155282494,0.3897146312623868,False,c4_drift_aware__dirichlet_a0.5__directional_poisoning__seed49,49,dirichlet_a0.5,directional_poisoning,c4_drift_aware
20,0.2326013124722253,0.05096461449060952,0.4970617935254471,0.3897146312623868,False,c4_drift_aware__dirichlet_a0.5__directional_poisoning__seed49,49,dirichlet_a0.5,directional_poisoning,c4_drift_aware
21,0.24191129875012254,0.04313750314141665,0.4657561163012477,0.3897146312623868,False,c4_drift_aware__dirichlet_a0.5__directional_poisoning__seed49,49,dirichlet_a0.5,directional_poisoning,c4_drift_aware
22,0.22862875685764072,0.049717845029951996,0.48661962650256463,0.3897146312623868,False,c4_drift_aware__dirichlet_a0.5__directional_poisoning__seed49,49,dirichlet_a0.5,directional_poisoning,c4_drift_aware
23,0.21527229009152993,0.04304260474355315,0.4386246703663016,0.3897146312623868,False,c4_drift_aware__dirichlet_a0.5__directional_poisoning__seed49,49,dirichlet_a0.5,directional_poisoning,c4_drift_aware
24,0.2273988774981388,0.05087969266240877,0.49141869069264416,0.3897146312623868,False,c4_drift_aware__dirichlet_a0.5__directional_poisoning__seed49,49,dirichlet_a0.5,directional_poisoning,c4_drift_aware
0,0.4009955810694757,0.04992139939380574,0.660042714663873,0.3897146312623868,False,c4_drift_aware__dirichlet_a0.5__sparse_coordinate_attack__seed49,49,dirichlet_a0.5,sparse_coordinate_attack,c4_drift_aware
1,0.30882119889220544,0.05109364139634376,0.5739512134619729,0.3897146312623868,False,c4_drift_aware__dirichlet_a0.5__sparse_coordinate_attack__seed49,49,dirichlet_a0.5,sparse_coordinate_attack,c4_drift_aware
2,0.2368053556584289,0.05474196017893865,0.5208668612229594,0.3897146312623868,False,c4_drift_aware__dirichlet_a0.5__sparse_coordinate_attack__seed49,49,dirichlet_a0.5,sparse_coordinate_attack,c4_drift_aware
3,0.2245811338346427,0.046981668269823446,0.4683737086535835,0.3897146312623868,False,c4_drift_aware__dirichlet_a0.5__sparse_coordinate_attack__seed49,49,dirichlet_a0.5,sparse_coordinate_attack,c4_drift_aware
4,0.19897813223084695,0.044624485934147085,0.4305390521917296,0.3897146312623868,False,c4_drift_aware__dirichlet_a0.5__sparse_coordinate_attack__seed49,49,dirichlet_a0.5,sparse_coordinate_attack,c4_drift_aware
5,0.20179824884349273,0.029652485794769978,0.3556679628811336,0.3897146312623868,False,c4_drift_aware__dirichlet_a0.5__sparse_coordinate_attack__seed49,49,dirichlet_a0.5,sparse_coordinate_attack,c4_drift_aware
6,0.1811726912891537,0.040250074329256535,0.3900343519910988,0.3897146312623868,False,c4_drift_aware__dirichlet_a0.5__sparse_coordinate_attack__seed49,49,dirichlet_a0.5,sparse_coordinate_attack,c4_drift_aware
7,0.1724666205584866,0.04123930344511614,0.38646149006553876,0.3897146312623868,False,c4_drift_aware__dirichlet_a0.5__sparse_coordinate_attack__seed49,49,dirichlet_a0.5,sparse_coordinate_attack,c4_drift_aware
8,0.16674169700381217,0.03495513512921031,0.34812738870279736,0.3897146312623868,False,c4_drift_aware__dirichlet_a0.5__sparse_coordinate_attack__seed49,49,dirichlet_a0.5,sparse_coordinate_attack,c4_drift_aware
9,0.1868100182986861,0.03299871997234555,0.35804367610718435,0.3897146312623868,False,c4_drift_aware__dirichlet_a0.5__sparse_coordinate_attack__seed49,49,dirichlet_a0.5,sparse_coordinate_attack,c4_drift_aware
10,0.20299190605531184,0.03719759103355008,0.3960139256875066,0.3897146312623868,False,c4_drift_aware__dirichlet_a0.5__sparse_coordinate_attack__seed49,49,dirichlet_a0.5,sparse_coordinate_attack,c4_drift_aware
11,0.18920266777266223,0.032524523204281036,0.3579756711319969,0.3897146312623868,False,c4_drift_aware__dirichlet_a0.5__sparse_coordinate_attack__seed49,49,dirichlet_a0.5,sparse_coordinate_attack,c4_drift_aware
12,0.1807814946748539,0.0343639553029135,0.35909949513720235,0.3897146312623868,False,c4_drift_aware__dirichlet_a0.5__sparse_coordinate_attack__seed49,49,dirichlet_a0.5,sparse_coordinate_attack,c4_drift_aware
13,0.18914729001936628,0.026640690475203926,0.327388496964247,0.3897146312623868,False,c4_drift_aware__dirichlet_a0.5__sparse_coordinate_attack__seed49,49,dirichlet_a0.5,sparse_coordinate_attack,c4_drift_aware
14,0.19017031983595045,0.04152728000357911,0.4056595285025228,0.3897146312623868,False,c4_drift_aware__dirichlet_a0.5__sparse_coordinate_attack__seed49,49,dirichlet_a0.5,sparse_coordinate_attack,c4_drift_aware
15,0.21174225816245842,0.04140785285731849,0.4266117474243698,0.3897146312623868,False,c4_drift_aware__dirichlet_a0.5__sparse_coordinate_attack__seed49,49,dirichlet_a0.5,sparse_coordinate_attack,c4_drift_aware
16,0.2219446627246217,0.03311000098024067,0.39375576881118857,0.3897146312623868,False,c4_drift_aware__dirichlet_a0.5__sparse_coordinate_attack__seed49,49,dirichlet_a0.5,sparse_coordinate_attack,c4_drift_aware
17,0.2408577396762113,0.07312422299013688,0.6203066451943305,0.3897146312623868,False,c4_drift_aware__dirichlet_a0.5__sparse_coordinate_attack__seed49,49,dirichlet_a0.5,sparse_coordinate_attack,c4_drift_aware
18,0.2406466266128853,0.06509532651842917,0.5784327854496661,0.3897146312623868,False,c4_drift_aware__dirichlet_a0.5__sparse_coordinate_attack__seed49,49,dirichlet_a0.5,sparse_coordinate_attack,c4_drift_aware
19,0.2384784998698287,0.06612450056831734,0.5816051457688842,0.3897146312623868,False,c4_drift_aware__dirichlet_a0.5__sparse_coordinate_attack__seed49,49,dirichlet_a0.5,sparse_coordinate_attack,c4_drift_aware
20,0.22814037058322548,0.04284573933632804,0.4504711965733653,0.3897146312623868,False,c4_drift_aware__dirichlet_a0.5__sparse_coordinate_attack__seed49,49,dirichlet_a0.5,sparse_coordinate_attack,c4_drift_aware
21,0.24081117392581386,0.06418247864941656,0.5738604738855013,0.3897146312623868,False,c4_drift_aware__dirichlet_a0.5__sparse_coordinate_attack__seed49,49,dirichlet_a0.5,sparse_coordinate_attack,c4_drift_aware
22,0.21578548794912217,0.03542156476307248,0.3995915296611816,0.3897146312623868,False,c4_drift_aware__dirichlet_a0.5__sparse_coordinate_attack__seed49,49,dirichlet_a0.5,sparse_coordinate_attack,c4_drift_aware
23,0.230180956353292,0.051503354862642486,0.4974370150710301,0.3897146312623868,False,c4_drift_aware__dirichlet_a0.5__sparse_coordinate_attack__seed49,49,dirichlet_a0.5,sparse_coordinate_attack,c4_drift_aware
24,0.20794695311521808,0.04735975641439161,0.45370146512513754,0.3897146312623868,False,c4_drift_aware__dirichlet_a0.5__sparse_coordinate_attack__seed49,49,dirichlet_a0.5,sparse_coordinate_attack,c4_drift_aware
0,0.4009955894420154,0.04991982265160683,0.6600345411634684,0.3897146312623868,False,c4_drift_aware__dirichlet_a0.5__full_sign_flip__seed49,49,dirichlet_a0.5,full_sign_flip,c4_drift_aware
1,0.30878112673871094,0.05115304305811241,0.574219382471562,0.3897146312623868,False,c4_drift_aware__dirichlet_a0.5__full_sign_flip__seed49,49,dirichlet_a0.5,full_sign_flip,c4_drift_aware
2,0.23677338847383278,0.05481001309752198,0.5211880274381842,0.3897146312623868,False,c4_drift_aware__dirichlet_a0.5__full_sign_flip__seed49,49,dirichlet_a0.5,full_sign_flip,c4_drift_aware
3,0.22399779650148377,0.04634920070054266,0.4645084338566697,0.3897146312623868,False,c4_drift_aware__dirichlet_a0.5__full_sign_flip__seed49,49,dirichlet_a0.5,full_sign_flip,c4_drift_aware
4,0.1992775723645703,0.04430362939404425,0.4291735356532053,0.3897146312623868,False,c4_drift_aware__dirichlet_a0.5__full_sign_flip__seed49,49,dirichlet_a0.5,full_sign_flip,c4_drift_aware
5,0.20169162560253542,0.030052865275758928,0.35763894880497604,0.3897146312623868,False,c4_drift_aware__dirichlet_a0.5__full_sign_flip__seed49,49,dirichlet_a0.5,full_sign_flip,c4_drift_aware
6,0.18057630611942582,0.04095452716420728,0.39309344302721383,0.3897146312623868,False,c4_drift_aware__dirichlet_a0.5__full_sign_flip__seed49,49,dirichlet_a0.5,full_sign_flip,c4_drift_aware
7,0.17360138804086334,0.040032761080483065,0.381335388563598,0.3897146312623868,False,c4_drift_aware__dirichlet_a0.5__full_sign_flip__seed49,49,dirichlet_a0.5,full_sign_flip,c4_drift_aware
8,0.16659380843261393,0.03491842377312737,0.3477890012337492,0.3897146312623868,False,c4_drift_aware__dirichlet_a0.5__full_sign_flip__seed49,49,dirichlet_a0.5,full_sign_flip,c4_drift_aware
9,0.18708027956688936,0.03333607722194312,0.3600645178792744,0.3897146312623868,False,c4_drift_aware__dirichlet_a0.5__full_sign_flip__seed49,49,dirichlet_a0.5,full_sign_flip,c4_drift_aware
10,0.17493241396464612,0.030712732514837998,0.33430385425739195,0.3897146312623868,False,c4_drift_aware__dirichlet_a0.5__full_sign_flip__seed49,49,dirichlet_a0.5,full_sign_flip,c4_drift_aware
11,0.16858999042396192,0.03033351350696384,0.32599362536294796,0.3897146312623868,False,c4_drift_aware__dirichlet_a0.5__full_sign_flip__seed49,49,dirichlet_a0.5,full_sign_flip,c4_drift_aware
12,0.1876186157574774,0.03341022063128926,0.3609875916353005,0.3897146312623868,False,c4_drift_aware__dirichlet_a0.5__full_sign_flip__seed49,49,dirichlet_a0.5,full_sign_flip,c4_drift_aware
13,0.18162034547024983,0.04001401308490499,0.38925706076913025,0.3897146312623868,False,c4_drift_aware__dirichlet_a0.5__full_sign_flip__seed49,49,dirichlet_a0.5,full_sign_flip,c4_drift_aware
14,0.18055289547001974,0.04480501072979212,0.41305057664798406,0.3897146312623868,False,c4_drift_aware__dirichlet_a0.5__full_sign_flip__seed49,49,dirichlet_a0.5,full_sign_flip,c4_drift_aware
15,0.2112521514053093,0.033310031415317604,0.3841012354225339,0.3897146312623868,False,c4_drift_aware__dirichlet_a0.5__full_sign_flip__seed49,49,dirichlet_a0.5,full_sign_flip,c4_drift_aware
16,0.21197448283106052,0.045971698305352804,0.45052622250736674,0.3897146312623868,False,c4_drift_aware__dirichlet_a0.5__full_sign_flip__seed49,49,dirichlet_a0.5,full_sign_flip,c4_drift_aware
17,0.24679616762427697,0.019459081460524608,0.3477712872310852,0.3897146312623868,False,c4_drift_aware__dirichlet_a0.5__full_sign_flip__seed49,49,dirichlet_a0.5,full_sign_flip,c4_drift_aware
18,0.22801633178735398,0.04653283865544611,0.46947988485432934,0.3897146312623868,False,c4_drift_aware__dirichlet_a0.5__full_sign_flip__seed49,49,dirichlet_a0.5,full_sign_flip,c4_drift_aware
19,0.23321272104248075,0.05800696971355149,0.5342166875830707,0.3897146312623868,False,c4_drift_aware__dirichlet_a0.5__full_sign_flip__seed49,49,dirichlet_a0.5,full_sign_flip,c4_drift_aware
20,0.23231660333356835,0.0507622350357049,0.4957269171573446,0.3897146312623868,False,c4_drift_aware__dirichlet_a0.5__full_sign_flip__seed49,49,dirichlet_a0.5,full_sign_flip,c4_drift_aware
21,0.24144740587641292,0.043258275177388034,0.4659189215993972,0.3897146312623868,False,c4_drift_aware__dirichlet_a0.5__full_sign_flip__seed49,49,dirichlet_a0.5,full_sign_flip,c4_drift_aware
22,0.228655749303868,0.049945742443434055,0.48782920141709163,0.3897146312623868,False,c4_drift_aware__dirichlet_a0.5__full_sign_flip__seed49,49,dirichlet_a0.5,full_sign_flip,c4_drift_aware
23,0.2150836789338005,0.04267353354015746,0.43652091182703157,0.3897146312623868,False,c4_drift_aware__dirichlet_a0.5__full_sign_flip__seed49,49,dirichlet_a0.5,full_sign_flip,c4_drift_aware
24,0.22762565993791792,0.05072608006194132,0.4908483619873376,0.3897146312623868,False,c4_drift_aware__dirichlet_a0.5__full_sign_flip__seed49,49,dirichlet_a0.5,full_sign_flip,c4_drift_aware
0,0.4010329378753164,0.04995716713155346,0.6602656738376604,0.3897146312623868,False,c4_drift_aware__dirichlet_a0.5__low_norm__seed49,49,dirichlet_a0.5,low_norm,c4_drift_aware
1,0.30881406083772917,0.0510362165056929,0.5736460919074202,0.3897146312623868,False,c4_drift_aware__dirichlet_a0.5__low_norm__seed49,49,dirichlet_a0.5,low_norm,c4_drift_aware
2,0.2368163760112701,0.05466909355119293,0.5204997693577653,0.3897146312623868,False,c4_drift_aware__dirichlet_a0.5__low_norm__seed49,49,dirichlet_a0.5,low_norm,c4_drift_aware
3,0.22454418127261047,0.046800818530047555,0.46739830870688026,0.3897146312623868,False,c4_drift_aware__dirichlet_a0.5__low_norm__seed49,49,dirichlet_a0.5,low_norm,c4_drift_aware
4,0.19918858709931592,0.04433972324762997,0.4292718450035926,0.3897146312623868,False,c4_drift_aware__dirichlet_a0.5__low_norm__seed49,49,dirichlet_a0.5,low_norm,c4_drift_aware
5,0.202040493638781,0.029888706848253677,0.35713598234505417,0.3897146312623868,False,c4_drift_aware__dirichlet_a0.5__low_norm__seed49,49,dirichlet_a0.5,low_norm,c4_drift_aware
6,0.1804995691100298,0.041108385010444976,0.39381508976772983,0.3897146312623868,False,c4_drift_aware__dirichlet_a0.5__low_norm__seed49,49,dirichlet_a0.5,low_norm,c4_drift_aware
7,0.1737001487402375,0.04019619258730356,0.3822822116950144,0.3897146312623868,False,c4_drift_aware__dirichlet_a0.5__low_norm__seed49,49,dirichlet_a0.5,low_norm,c4_drift_aware
8,0.16722273156135684,0.035606496807001536,0.3519884041425685,0.3897146312623868,False,c4_drift_aware__dirichlet_a0.5__low_norm__seed49,49,dirichlet_a0.5,low_norm,c4_drift_aware
9,0.18687221868053505,0.03286556865756707,0.35741494100151633,0.3897146312623868,False,c4_drift_aware__dirichlet_a0.5__low_norm__seed49,49,dirichlet_a0.5,low_norm,c4_drift_aware
10,0.15226395210038465,0.053454713360091416,0.42964580519723505,0.3897146312623868,False,c4_drift_aware__dirichlet_a0.5__low_norm__seed49,49,dirichlet_a0.5,low_norm,c4_drift_aware
11,0.16937965458238902,0.04120435881621748,0.38319319291562315,0.3897146312623868,False,c4_drift_aware__dirichlet_a0.5__low_norm__seed49,49,dirichlet_a0.5,low_norm,c4_drift_aware
12,0.15493540977515174,0.03240192643805423,0.323072246254859,0.3897146312623868,False,c4_drift_aware__dirichlet_a0.5__low_norm__seed49,49,dirichlet_a0.5,low_norm,c4_drift_aware
13,0.170595450759283,0.04907021233836101,0.4252256896042721,0.3897146312623868,False,c4_drift_aware__dirichlet_a0.5__low_norm__seed49,49,dirichlet_a0.5,low_norm,c4_drift_aware
14,0.16850082586986312,0.034223045521287104,0.34608763138437404,0.3897146312623868,False,c4_drift_aware__dirichlet_a0.5__low_norm__seed49,49,dirichlet_a0.5,low_norm,c4_drift_aware
15,0.1745974427739996,0.04068969918766252,0.38574036082869917,0.3897146312623868,False,c4_drift_aware__dirichlet_a0.5__low_norm__seed49,49,dirichlet_a0.5,low_norm,c4_drift_aware
16,0.16775884850087916,0.034848360047777166,0.34859047362479967,0.3897146312623868,False,c4_drift_aware__dirichlet_a0.5__low_norm__seed49,49,dirichlet_a0.5,low_norm,c4_drift_aware
17,0.1582909025820153,0.08010138043754922,0.573944975810502,0.3897146312623868,False,c4_drift_aware__dirichlet_a0.5__low_norm__seed49,49,dirichlet_a0.5,low_norm,c4_drift_aware
18,0.17572579745489242,0.044319221942597437,0.40570267203722477,0.3897146312623868,False,c4_drift_aware__dirichlet_a0.5__low_norm__seed49,49,dirichlet_a0.5,low_norm,c4_drift_aware
19,0.16353054377266935,0.07193383154950292,0.5368023890661949,0.3897146312623868,False,c4_drift_aware__dirichlet_a0.5__low_norm__seed49,49,dirichlet_a0.5,low_norm,c4_drift_aware
20,0.17212992401741037,0.06702029421755723,0.5199049327417365,0.3897146312623868,False,c4_drift_aware__dirichlet_a0.5__low_norm__seed49,49,dirichlet_a0.5,low_norm,c4_drift_aware
21,0.1781315756244214,0.07370225980241751,0.5605799719651461,0.3897146312623868,False,c4_drift_aware__dirichlet_a0.5__low_norm__seed49,49,dirichlet_a0.5,low_norm,c4_drift_aware
22,0.17627927808290206,0.062444787705009774,0.5003115259629682,0.3897146312623868,False,c4_drift_aware__dirichlet_a0.5__low_norm__seed49,49,dirichlet_a0.5,low_norm,c4_drift_aware
23,0.1823355366907994,0.03229584221824061,0.34992189154547176,0.3897146312623868,False,c4_drift_aware__dirichlet_a0.5__low_norm__seed49,49,dirichlet_a0.5,low_norm,c4_drift_aware
24,0.17727033727142522,0.04842294000912098,0.42854181527275487,0.3897146312623868,False,c4_drift_aware__dirichlet_a0.5__low_norm__seed49,49,dirichlet_a0.5,low_norm,c4_drift_aware
0,0.6615840451840868,0.05113977657488378,0.9269534598088162,0.5474922308884818,False,c4_drift_aware__dirichlet_a0.1__full_sign_flip__seed42,42,dirichlet_a0.1,full_sign_flip,c4_drift_aware
1,0.44665104400161904,0.040531495810267826,0.6569730289106798,0.5474922308884818,False,c4_drift_aware__dirichlet_a0.1__full_sign_flip__seed42,42,dirichlet_a0.1,full_sign_flip,c4_drift_aware
2,0.3295396838813143,0.02158404022050392,0.4415414269895312,0.5474922308884818,False,c4_drift_aware__dirichlet_a0.1__full_sign_flip__seed42,42,dirichlet_a0.1,full_sign_flip,c4_drift_aware
3,0.2937241717135193,0.038750548811102514,0.49480464454921136,0.5474922308884818,False,c4_drift_aware__dirichlet_a0.1__full_sign_flip__seed42,42,dirichlet_a0.1,full_sign_flip,c4_drift_aware
4,0.2934331920009494,0.01931149823624262,0.393642487498636,0.5474922308884818,False,c4_drift_aware__dirichlet_a0.1__full_sign_flip__seed42,42,dirichlet_a0.1,full_sign_flip,c4_drift_aware
5,0.29662112363574306,0.03195956923381271,0.4624625243469206,0.5474922308884818,False,c4_drift_aware__dirichlet_a0.1__full_sign_flip__seed42,42,dirichlet_a0.1,full_sign_flip,c4_drift_aware
6,0.2893780410238553,0.029110253180988255,0.44043405580532147,0.5474922308884818,False,c4_drift_aware__dirichlet_a0.1__full_sign_flip__seed42,42,dirichlet_a0.1,full_sign_flip,c4_drift_aware
7,0.29287522606201655,0.029684248649691436,0.44690976073013033,0.5474922308884818,False,c4_drift_aware__dirichlet_a0.1__full_sign_flip__seed42,42,dirichlet_a0.1,full_sign_flip,c4_drift_aware
8,0.28393583230594516,0.029850811689319745,0.43883467924299424,0.5474922308884818,False,c4_drift_aware__dirichlet_a0.1__full_sign_flip__seed42,42,dirichlet_a0.1,full_sign_flip,c4_drift_aware
9,0.286796606163291,0.031122873297847464,0.44829630799315123,0.5474922308884818,False,c4_drift_aware__dirichlet_a0.1__full_sign_flip__seed42,42,dirichlet_a0.1,full_sign_flip,c4_drift_aware
10,0.29377374715833887,0.01683977764448702,0.3811570373333465,0.5474922308884818,False,c4_drift_aware__dirichlet_a0.1__full_sign_flip__seed42,42,dirichlet_a0.1,full_sign_flip,c4_drift_aware
11,0.2794346202882814,0.015509148911169779,0.3599131449032325,0.5474922308884818,False,c4_drift_aware__dirichlet_a0.1__full_sign_flip__seed42,42,dirichlet_a0.1,full_sign_flip,c4_drift_aware
12,0.2655952993563746,0.01419389671437249,0.33924884879692485,0.5474922308884818,False,c4_drift_aware__dirichlet_a0.1__full_sign_flip__seed42,42,dirichlet_a0.1,full_sign_flip,c4_drift_aware
13,0.27642634229883045,0.019146798891022165,0.37578099642423357,0.5474922308884818,False,c4_drift_aware__dirichlet_a0.1__full_sign_flip__seed42,42,dirichlet_a0.1,full_sign_flip,c4_drift_aware
14,0.26934612131144314,0.010451116237340907,0.32357800857862884,0.5474922308884818,False,c4_drift_aware__dirichlet_a0.1__full_sign_flip__seed42,42,dirichlet_a0.1,full_sign_flip,c4_drift_aware
15,0.26772809290353006,0.009205497671657958,0.3154963408715304,0.5474922308884818,False,c4_drift_aware__dirichlet_a0.1__full_sign_flip__seed42,42,dirichlet_a0.1,full_sign_flip,c4_drift_aware
16,0.2736803381946384,0.008148516991269172,0.31596380771403326,0.5474922308884818,False,c4_drift_aware__dirichlet_a0.1__full_sign_flip__seed42,42,dirichlet_a0.1,full_sign_flip,c4_drift_aware
17,0.2715788239039637,0.00532543037962413,0.2992130146868713,0.5474922308884818,False,c4_drift_aware__dirichlet_a0.1__full_sign_flip__seed42,42,dirichlet_a0.1,full_sign_flip,c4_drift_aware
18,0.27523172740232543,0.010799200585188518,0.33126985915892715,0.5474922308884818,False,c4_drift_aware__dirichlet_a0.1__full_sign_flip__seed42,42,dirichlet_a0.1,full_sign_flip,c4_drift_aware
19,0.2747828188810973,0.015030563579948308,0.35277791635380706,0.5474922308884818,False,c4_drift_aware__dirichlet_a0.1__full_sign_flip__seed42,42,dirichlet_a0.1,full_sign_flip,c4_drift_aware
20,0.27358058474134783,0.013936341265894658,0.3458976532042018,0.5474922308884818,False,c4_drift_aware__dirichlet_a0.1__full_sign_flip__seed42,42,dirichlet_a0.1,full_sign_flip,c4_drift_aware
21,0.27334488804575724,0.014593308395991156,0.34907102464339496,0.5474922308884818,False,c4_drift_aware__dirichlet_a0.1__full_sign_flip__seed42,42,dirichlet_a0.1,full_sign_flip,c4_drift_aware
22,0.27804924086657445,0.011679981990619759,0.33865783541409944,0.5474922308884818,False,c4_drift_aware__dirichlet_a0.1__full_sign_flip__seed42,42,dirichlet_a0.1,full_sign_flip,c4_drift_aware
23,0.2867840196413151,0.01467980560280524,0.3629589988948318,0.5474922308884818,False,c4_drift_aware__dirichlet_a0.1__full_sign_flip__seed42,42,dirichlet_a0.1,full_sign_flip,c4_drift_aware
24,0.2851773944709815,0.0020321836409773475,0.29572259860237704,0.5474922308884818,False,c4_drift_aware__dirichlet_a0.1__full_sign_flip__seed42,42,dirichlet_a0.1,full_sign_flip,c4_drift_aware
0,0.6615840229189834,0.05113974333760174,0.9269532650721326,0.5474922308884818,False,c4_drift_aware__dirichlet_a0.1__low_norm__seed42,42,dirichlet_a0.1,low_norm,c4_drift_aware
1,0.4466377239124618,0.04047805947614114,0.6566824223401058,0.5474922308884818,False,c4_drift_aware__dirichlet_a0.1__low_norm__seed42,42,dirichlet_a0.1,low_norm,c4_drift_aware
2,0.3289212349622653,0.02245722515681048,0.4454540220234705,0.5474922308884818,False,c4_drift_aware__dirichlet_a0.1__low_norm__seed42,42,dirichlet_a0.1,low_norm,c4_drift_aware
3,0.2937445522800763,0.0389941512573273,0.49608910256947336,0.5474922308884818,False,c4_drift_aware__dirichlet_a0.1__low_norm__seed42,42,dirichlet_a0.1,low_norm,c4_drift_aware
4,0.2929070655220915,0.020102061992627207,0.39721867540803335,0.5474922308884818,False,c4_drift_aware__dirichlet_a0.1__low_norm__seed42,42,dirichlet_a0.1,low_norm,c4_drift_aware
5,0.29716391309880125,0.030902676483362812,0.4575209916386192,0.5474922308884818,False,c4_drift_aware__dirichlet_a0.1__low_norm__seed42,42,dirichlet_a0.1,low_norm,c4_drift_aware
6,0.2898563985308269,0.029207731767418532,0.44141823944513836,0.5474922308884818,False,c4_drift_aware__dirichlet_a0.1__low_norm__seed42,42,dirichlet_a0.1,low_norm,c4_drift_aware
7,0.29355800883587796,0.028626330193672556,0.4421028988438642,0.5474922308884818,False,c4_drift_aware__dirichlet_a0.1__low_norm__seed42,42,dirichlet_a0.1,low_norm,c4_drift_aware
8,0.28452558413386064,0.030461532157939564,0.4425935206546248,0.5474922308884818,False,c4_drift_aware__dirichlet_a0.1__low_norm__seed42,42,dirichlet_a0.1,low_norm,c4_drift_aware
9,0.28794641045455394,0.02960035762649138,0.44154562621418036,0.5474922308884818,False,c4_drift_aware__dirichlet_a0.1__low_norm__seed42,42,dirichlet_a0.1,low_norm,c4_drift_aware
10,0.2520349926278541,0.04401634980024388,0.4804402333762996,0.5474922308884818,False,c4_drift_aware__dirichlet_a0.1__low_norm__seed42,42,dirichlet_a0.1,low_norm,c4_drift_aware
11,0.25532955685072717,0.026370524095384762,0.3921688434340882,0.5474922308884818,False,c4_drift_aware__dirichlet_a0.1__low_norm__seed42,42,dirichlet_a0.1,low_norm,c4_drift_aware
12,0.25397606646401194,0.01461570298112469,0.32981841080336605,0.5474922308884818,False,c4_drift_aware__dirichlet_a0.1__low_norm__seed42,42,dirichlet_a0.1,low_norm,c4_drift_aware
13,0.2561619015028663,0.02051528273631581,0.36261775514988265,0.5474922308884818,False,c4_drift_aware__dirichlet_a0.1__low_norm__seed42,42,dirichlet_a0.1,low_norm,c4_drift_aware
14,0.26307902041599834,0.008649296664941741,0.30796108574004755,0.5474922308884818,False,c4_drift_aware__dirichlet_a0.1__low_norm__seed42,42,dirichlet_a0.1,low_norm,c4_drift_aware
15,0.26061490551217653,0.0068156241527353445,0.2959818608031355,0.5474922308884818,False,c4_drift_aware__dirichlet_a0.1__low_norm__seed42,42,dirichlet_a0.1,low_norm,c4_drift_aware
16,0.27085156982052655,0.008299411463450479,0.3139180458455174,0.5474922308884818,False,c4_drift_aware__dirichlet_a0.1__low_norm__seed42,42,dirichlet_a0.1,low_norm,c4_drift_aware
17,0.2623889402785789,0.009863453369944708,0.31357138616055896,0.5474922308884818,False,c4_drift_aware__dirichlet_a0.1__low_norm__seed42,42,dirichlet_a0.1,low_norm,c4_drift_aware
18,0.2657348992515197,0.012034183408222765,0.32818148037512845,0.5474922308884818,False,c4_drift_aware__dirichlet_a0.1__low_norm__seed42,42,dirichlet_a0.1,low_norm,c4_drift_aware
19,0.2668813386391952,0.010319049703186645,0.32042791945400106,0.5474922308884818,False,c4_drift_aware__dirichlet_a0.1__low_norm__seed42,42,dirichlet_a0.1,low_norm,c4_drift_aware
20,0.27361594900131053,0.01707975763936931,0.3622445193677618,0.5474922308884818,False,c4_drift_aware__dirichlet_a0.1__low_norm__seed42,42,dirichlet_a0.1,low_norm,c4_drift_aware
21,0.26931788507107896,0.013971211717730025,0.3418158997955518,0.5474922308884818,False,c4_drift_aware__dirichlet_a0.1__low_norm__seed42,42,dirichlet_a0.1,low_norm,c4_drift_aware
22,0.2672529472522639,0.0013761165080353188,0.27439375342411,0.5474922308884818,False,c4_drift_aware__dirichlet_a0.1__low_norm__seed42,42,dirichlet_a0.1,low_norm,c4_drift_aware
23,0.26547843213344796,0.029875375085552713,0.42050474098988955,0.5474922308884818,False,c4_drift_aware__dirichlet_a0.1__low_norm__seed42,42,dirichlet_a0.1,low_norm,c4_drift_aware
24,0.2741557794375788,0.013031551776819972,0.3417778047626753,0.5474922308884818,False,c4_drift_aware__dirichlet_a0.1__low_norm__seed42,42,dirichlet_a0.1,low_norm,c4_drift_aware
0,0.569877673132049,0.05007326285564351,0.8297128414162687,0.5474922308884818,False,c4_drift_aware__dirichlet_a0.1__full_sign_flip__seed43,43,dirichlet_a0.1,full_sign_flip,c4_drift_aware
1,0.39182560091086405,0.00954241073005746,0.4413421244302052,0.5474922308884818,False,c4_drift_aware__dirichlet_a0.1__full_sign_flip__seed43,43,dirichlet_a0.1,full_sign_flip,c4_drift_aware
2,0.29158292228540716,0.008331806903058958,0.3348175014860704,0.5474922308884818,False,c4_drift_aware__dirichlet_a0.1__full_sign_flip__seed43,43,dirichlet_a0.1,full_sign_flip,c4_drift_aware
3,0.23962575529990834,0.017234319553980554,0.3290563628974688,0.5474922308884818,False,c4_drift_aware__dirichlet_a0.1__full_sign_flip__seed43,43,dirichlet_a0.1,full_sign_flip,c4_drift_aware
4,0.25074736896200844,0.034908607158703475,0.4318916223692366,0.5474922308884818,False,c4_drift_aware__dirichlet_a0.1__full_sign_flip__seed43,43,dirichlet_a0.1,full_sign_flip,c4_drift_aware
5,0.2531906125768961,0.03312165125881028,0.42506217312398853,0.5474922308884818,False,c4_drift_aware__dirichlet_a0.1__full_sign_flip__seed43,43,dirichlet_a0.1,full_sign_flip,c4_drift_aware
6,0.252180289151127,0.02924496690843259,0.40393534693567457,0.5474922308884818,False,c4_drift_aware__dirichlet_a0.1__full_sign_flip__seed43,43,dirichlet_a0.1,full_sign_flip,c4_drift_aware
7,0.24978118082779552,0.027163796462192497,0.3907368370497586,0.5474922308884818,False,c4_drift_aware__dirichlet_a0.1__full_sign_flip__seed43,43,dirichlet_a0.1,full_sign_flip,c4_drift_aware
8,0.2567954789232541,0.02886992764873947,0.4066044204853281,0.5474922308884818,False,c4_drift_aware__dirichlet_a0.1__full_sign_flip__seed43,43,dirichlet_a0.1,full_sign_flip,c4_drift_aware
9,0.2554985070562647,0.023614002032197268,0.37803392500153954,0.5474922308884818,False,c4_drift_aware__dirichlet_a0.1__full_sign_flip__seed43,43,dirichlet_a0.1,full_sign_flip,c4_drift_aware
10,0.26023404146562756,0.01777365474972331,0.35246331332741676,0.5474922308884818,False,c4_drift_aware__dirichlet_a0.1__full_sign_flip__seed43,43,dirichlet_a0.1,full_sign_flip,c4_drift_aware
11,0.2690887770546471,0.042506919287461836,0.4896614319292153,0.5474922308884818,False,c4_drift_aware__dirichlet_a0.1__full_sign_flip__seed43,43,dirichlet_a0.1,full_sign_flip,c4_drift_aware
12,0.2655599849542262,0.007183543492892519,0.3028361104931948,0.5474922308884818,False,c4_drift_aware__dirichlet_a0.1__full_sign_flip__seed43,43,dirichlet_a0.1,full_sign_flip,c4_drift_aware
13,0.2748830523239426,0.012278857772524854,0.3385992731913513,0.5474922308884818,False,c4_drift_aware__dirichlet_a0.1__full_sign_flip__seed43,43,dirichlet_a0.1,full_sign_flip,c4_drift_aware
14,0.2729703028800848,0.012980347497701383,0.34032662408040704,0.5474922308884818,False,c4_drift_aware__dirichlet_a0.1__full_sign_flip__seed43,43,dirichlet_a0.1,full_sign_flip,c4_drift_aware
15,0.28603415045710284,0.02592532487656901,0.4205632537741071,0.5474922308884818,False,c4_drift_aware__dirichlet_a0.1__full_sign_flip__seed43,43,dirichlet_a0.1,full_sign_flip,c4_drift_aware
16,0.30128320914545986,0.041226162930025956,0.5152098912056575,0.5474922308884818,False,c4_drift_aware__dirichlet_a0.1__full_sign_flip__seed43,43,dirichlet_a0.1,full_sign_flip,c4_drift_aware
17,0.3015196943803239,0.04749098771172028,0.5479551787152116,0.5474922308884818,False,c4_drift_aware__dirichlet_a0.1__full_sign_flip__seed43,43,dirichlet_a0.1,full_sign_flip,c4_drift_aware
18,0.29280206148226706,0.03055783893993219,0.4513697435254692,0.5474922308884818,False,c4_drift_aware__dirichlet_a0.1__full_sign_flip__seed43,43,dirichlet_a0.1,full_sign_flip,c4_drift_aware
19,0.30767489638323664,0.03402750963943596,0.4842470466532338,0.5474922308884818,False,c4_drift_aware__dirichlet_a0.1__full_sign_flip__seed43,43,dirichlet_a0.1,full_sign_flip,c4_drift_aware
20,0.28587652236067285,0.03553772671083699,0.4702853400358771,0.5474922308884818,False,c4_drift_aware__dirichlet_a0.1__full_sign_flip__seed43,43,dirichlet_a0.1,full_sign_flip,c4_drift_aware
21,0.28111777131628507,0.022152527208997963,0.3960694502564964,0.5474922308884818,False,c4_drift_aware__dirichlet_a0.1__full_sign_flip__seed43,43,dirichlet_a0.1,full_sign_flip,c4_drift_aware
22,0.2992056014908186,0.04112342380119571,0.5125991599376033,0.5474922308884818,False,c4_drift_aware__dirichlet_a0.1__full_sign_flip__seed43,43,dirichlet_a0.1,full_sign_flip,c4_drift_aware
23,0.29986359774275595,0.04311096006560289,0.5235706806191759,0.5474922308884818,False,c4_drift_aware__dirichlet_a0.1__full_sign_flip__seed43,43,dirichlet_a0.1,full_sign_flip,c4_drift_aware
24,0.3009723784503067,0.055088475982754015,0.5868319891724156,0.5474922308884818,False,c4_drift_aware__dirichlet_a0.1__full_sign_flip__seed43,43,dirichlet_a0.1,full_sign_flip,c4_drift_aware
0,0.5698786841685604,0.05007536024708714,0.8297247360267203,0.5474922308884818,False,c4_drift_aware__dirichlet_a0.1__low_norm__seed43,43,dirichlet_a0.1,low_norm,c4_drift_aware
1,0.3918973917356484,0.009615890914478176,0.4417952112799671,0.5474922308884818,False,c4_drift_aware__dirichlet_a0.1__low_norm__seed43,43,dirichlet_a0.1,low_norm,c4_drift_aware
2,0.291642791258823,0.008079423853707857,0.33356772957809844,0.5474922308884818,False,c4_drift_aware__dirichlet_a0.1__low_norm__seed43,43,dirichlet_a0.1,low_norm,c4_drift_aware
3,0.2393075482212649,0.01804271143519795,0.3329329821296506,0.5474922308884818,False,c4_drift_aware__dirichlet_a0.1__low_norm__seed43,43,dirichlet_a0.1,low_norm,c4_drift_aware
4,0.2506207697831031,0.0345429086248501,0.4298673769283128,0.5474922308884818,False,c4_drift_aware__dirichlet_a0.1__low_norm__seed43,43,dirichlet_a0.1,low_norm,c4_drift_aware
5,0.25305936618196884,0.03301009233457525,0.42435203631531326,0.5474922308884818,False,c4_drift_aware__dirichlet_a0.1__low_norm__seed43,43,dirichlet_a0.1,low_norm,c4_drift_aware
6,0.2523811364279499,0.029187928314695855,0.40384021524573815,0.5474922308884818,False,c4_drift_aware__dirichlet_a0.1__low_norm__seed43,43,dirichlet_a0.1,low_norm,c4_drift_aware
7,0.25053218488667256,0.027160716411258834,0.3914718584163358,0.5474922308884818,False,c4_drift_aware__dirichlet_a0.1__low_norm__seed43,43,dirichlet_a0.1,low_norm,c4_drift_aware
8,0.2575029610600402,0.028112092842978997,0.40337942203154253,0.5474922308884818,False,c4_drift_aware__dirichlet_a0.1__low_norm__seed43,43,dirichlet_a0.1,low_norm,c4_drift_aware
9,0.25556364846956103,0.024243674180057684,0.3813664981572984,0.5474922308884818,False,c4_drift_aware__dirichlet_a0.1__low_norm__seed43,43,dirichlet_a0.1,low_norm,c4_drift_aware
10,0.24935265157279485,0.029710192839365046,0.40352181323554404,0.5474922308884818,False,c4_drift_aware__dirichlet_a0.1__low_norm__seed43,43,dirichlet_a0.1,low_norm,c4_drift_aware
11,0.2357566309770046,0.03337347744273955,0.40893494277512443,0.5474922308884818,False,c4_drift_aware__dirichlet_a0.1__low_norm__seed43,43,dirichlet_a0.1,low_norm,c4_drift_aware
12,0.2451569686271122,0.030493213778022193,0.4033893042426472,0.5474922308884818,False,c4_drift_aware__dirichlet_a0.1__low_norm__seed43,43,dirichlet_a0.1,low_norm,c4_drift_aware
13,0.26337288869965103,0.013546733513884524,0.33366824357654923,0.5474922308884818,False,c4_drift_aware__dirichlet_a0.1__low_norm__seed43,43,dirichlet_a0.1,low_norm,c4_drift_aware
14,0.26025811692467377,0.013526997546526143,0.33045105989335255,0.5474922308884818,False,c4_drift_aware__dirichlet_a0.1__low_norm__seed43,43,dirichlet_a0.1,low_norm,c4_drift_aware
15,0.2612170709808043,0.019303794702460353,0.3613863920713413,0.5474922308884818,False,c4_drift_aware__dirichlet_a0.1__low_norm__seed43,43,dirichlet_a0.1,low_norm,c4_drift_aware
16,0.25716935853439,0.03990397959539721,0.46423509905286564,0.5474922308884818,False,c4_drift_aware__dirichlet_a0.1__low_norm__seed43,43,dirichlet_a0.1,low_norm,c4_drift_aware
17,0.2501513501934505,0.05494314908731118,0.5352568451224169,0.5474922308884818,False,c4_drift_aware__dirichlet_a0.1__low_norm__seed43,43,dirichlet_a0.1,low_norm,c4_drift_aware
18,0.2554634621610015,0.04782417382622611,0.5036278825626714,0.5474922308884818,False,c4_drift_aware__dirichlet_a0.1__low_norm__seed43,43,dirichlet_a0.1,low_norm,c4_drift_aware
19,0.266833342043692,0.060345894446045545,0.579974222913667,0.5474922308884818,False,c4_drift_aware__dirichlet_a0.1__low_norm__seed43,43,dirichlet_a0.1,low_norm,c4_drift_aware
20,0.26934082624646943,0.06227787645920946,0.5925069549809532,0.5474922308884818,False,c4_drift_aware__dirichlet_a0.1__low_norm__seed43,43,dirichlet_a0.1,low_norm,c4_drift_aware
21,0.26647615611884035,0.0438641560993826,0.49409164853414655,0.5474922308884818,False,c4_drift_aware__dirichlet_a0.1__low_norm__seed43,43,dirichlet_a0.1,low_norm,c4_drift_aware
22,0.2718923557459204,0.04600306002605664,0.510606834527131,0.5474922308884818,False,c4_drift_aware__dirichlet_a0.1__low_norm__seed43,43,dirichlet_a0.1,low_norm,c4_drift_aware
23,0.28131488617099537,0.03145551062075891,0.4445406763331754,0.5474922308884818,False,c4_drift_aware__dirichlet_a0.1__low_norm__seed43,43,dirichlet_a0.1,low_norm,c4_drift_aware
24,0.28159667518944526,0.027859156916234307,0.4261606263434767,0.5474922308884818,False,c4_drift_aware__dirichlet_a0.1__low_norm__seed43,43,dirichlet_a0.1,low_norm,c4_drift_aware
0,0.5951591320203498,0.03015667620961615,0.7516451405396689,0.5474922308884818,False,c4_drift_aware__dirichlet_a0.1__full_sign_flip__seed44,44,dirichlet_a0.1,full_sign_flip,c4_drift_aware
1,0.36138915883198214,0.01817428271229904,0.45569732925437306,0.5474922308884818,False,c4_drift_aware__dirichlet_a0.1__full_sign_flip__seed44,44,dirichlet_a0.1,full_sign_flip,c4_drift_aware
2,0.26749077194459897,0.01962828642360373,0.3693439130253211,0.5474922308884818,False,c4_drift_aware__dirichlet_a0.1__full_sign_flip__seed44,44,dirichlet_a0.1,full_sign_flip,c4_drift_aware
3,0.25524808546486294,0.029348602299350685,0.4075409176564236,0.5474922308884818,False,c4_drift_aware__dirichlet_a0.1__full_sign_flip__seed44,44,dirichlet_a0.1,full_sign_flip,c4_drift_aware
4,0.2532266586389406,0.05046164777238421,0.5150771950946196,0.5474922308884818,False,c4_drift_aware__dirichlet_a0.1__full_sign_flip__seed44,44,dirichlet_a0.1,full_sign_flip,c4_drift_aware
5,0.25660415263930403,0.04231892750127014,0.4762012993361449,0.5474922308884818,False,c4_drift_aware__dirichlet_a0.1__full_sign_flip__seed44,44,dirichlet_a0.1,full_sign_flip,c4_drift_aware
6,0.25710693763353826,0.026280241015859407,0.3934777362889343,0.5474922308884818,False,c4_drift_aware__dirichlet_a0.1__full_sign_flip__seed44,44,dirichlet_a0.1,full_sign_flip,c4_drift_aware
7,0.26781647876399145,0.0067189547483458845,0.3026818068486331,0.5474922308884818,False,c4_drift_aware__dirichlet_a0.1__full_sign_flip__seed44,44,dirichlet_a0.1,full_sign_flip,c4_drift_aware
8,0.2587145337401217,0.019793131922726526,0.36142307460034195,0.5474922308884818,False,c4_drift_aware__dirichlet_a0.1__full_sign_flip__seed44,44,dirichlet_a0.1,full_sign_flip,c4_drift_aware
9,0.2530889368921357,0.021823607763551134,0.36633381993797887,0.5474922308884818,False,c4_drift_aware__dirichlet_a0.1__full_sign_flip__seed44,44,dirichlet_a0.1,full_sign_flip,c4_drift_aware
10,0.2623890791761608,0.011511951162433864,0.32212574495314633,0.5474922308884818,False,c4_drift_aware__dirichlet_a0.1__full_sign_flip__seed44,44,dirichlet_a0.1,full_sign_flip,c4_drift_aware
11,0.2417892679574394,0.02129401651553839,0.35228604905821964,0.5474922308884818,False,c4_drift_aware__dirichlet_a0.1__full_sign_flip__seed44,44,dirichlet_a0.1,full_sign_flip,c4_drift_aware
12,0.23974244692711683,0.027016510378085112,0.37993382093003825,0.5474922308884818,False,c4_drift_aware__dirichlet_a0.1__full_sign_flip__seed44,44,dirichlet_a0.1,full_sign_flip,c4_drift_aware
13,0.2768360459683177,0.06812122025985767,0.6303238700187451,0.5474922308884818,False,c4_drift_aware__dirichlet_a0.1__full_sign_flip__seed44,44,dirichlet_a0.1,full_sign_flip,c4_drift_aware
14,0.2505812365552376,0.010073276253496938,0.3028524743622586,0.5474922308884818,False,c4_drift_aware__dirichlet_a0.1__full_sign_flip__seed44,44,dirichlet_a0.1,full_sign_flip,c4_drift_aware
15,0.2953524346736019,0.09875343205761103,0.8077938689637512,0.5474922308884818,False,c4_drift_aware__dirichlet_a0.1__full_sign_flip__seed44,44,dirichlet_a0.1,full_sign_flip,c4_drift_aware
16,0.28065119030384444,0.023984016205192638,0.40510664879420955,0.5474922308884818,False,c4_drift_aware__dirichlet_a0.1__full_sign_flip__seed44,44,dirichlet_a0.1,full_sign_flip,c4_drift_aware
17,0.3230210142106493,0.09015954225533857,0.7908678949278267,0.5474922308884818,False,c4_drift_aware__dirichlet_a0.1__full_sign_flip__seed44,44,dirichlet_a0.1,full_sign_flip,c4_drift_aware
18,0.3024706005684164,0.046468275929159475,0.5435991311924178,0.5474922308884818,False,c4_drift_aware__dirichlet_a0.1__full_sign_flip__seed44,44,dirichlet_a0.1,full_sign_flip,c4_drift_aware
19,0.32336356225719465,0.0658537460533874,0.6650852359028272,0.5474922308884818,False,c4_drift_aware__dirichlet_a0.1__full_sign_flip__seed44,44,dirichlet_a0.1,full_sign_flip,c4_drift_aware
20,0.31841091886102796,0.057914533628635356,0.6189352253133797,0.5474922308884818,False,c4_drift_aware__dirichlet_a0.1__full_sign_flip__seed44,44,dirichlet_a0.1,full_sign_flip,c4_drift_aware
21,0.33212336337410164,0.039611485496781285,0.5376713227654494,0.5474922308884818,False,c4_drift_aware__dirichlet_a0.1__full_sign_flip__seed44,44,dirichlet_a0.1,full_sign_flip,c4_drift_aware
22,0.31589545920589845,0.05151537335172507,0.5832138830653351,0.5474922308884818,False,c4_drift_aware__dirichlet_a0.1__full_sign_flip__seed44,44,dirichlet_a0.1,full_sign_flip,c4_drift_aware
23,0.3151069082171502,0.032782017430644794,0.4852160748665091,0.5474922308884818,False,c4_drift_aware__dirichlet_a0.1__full_sign_flip__seed44,44,dirichlet_a0.1,full_sign_flip,c4_drift_aware
24,0.315977551424235,0.05602694905205974,0.6067069927502782,0.5474922308884818,False,c4_drift_aware__dirichlet_a0.1__full_sign_flip__seed44,44,dirichlet_a0.1,full_sign_flip,c4_drift_aware
0,0.5951591172806984,0.03015176157547339,0.7516196232719874,0.5474922308884818,False,c4_drift_aware__dirichlet_a0.1__low_norm__seed44,44,dirichlet_a0.1,low_norm,c4_drift_aware
1,0.3613742078514923,0.01842189155742585,0.4569672453321308,0.5474922308884818,False,c4_drift_aware__dirichlet_a0.1__low_norm__seed44,44,dirichlet_a0.1,low_norm,c4_drift_aware
2,0.26812489163712133,0.0202351323424394,0.3731270168752736,0.5474922308884818,False,c4_drift_aware__dirichlet_a0.1__low_norm__seed44,44,dirichlet_a0.1,low_norm,c4_drift_aware
3,0.2547461232688415,0.02883676863545967,0.40438299939510525,0.5474922308884818,False,c4_drift_aware__dirichlet_a0.1__low_norm__seed44,44,dirichlet_a0.1,low_norm,c4_drift_aware
4,0.2523227590351302,0.049475708848051525,0.5090571598185543,0.5474922308884818,False,c4_drift_aware__dirichlet_a0.1__low_norm__seed44,44,dirichlet_a0.1,low_norm,c4_drift_aware
5,0.25737529312116614,0.04154032465862889,0.4729321918072573,0.5474922308884818,False,c4_drift_aware__dirichlet_a0.1__low_norm__seed44,44,dirichlet_a0.1,low_norm,c4_drift_aware
6,0.2572413429270723,0.02679628180830962,0.3962899288585717,0.5474922308884818,False,c4_drift_aware__dirichlet_a0.1__low_norm__seed44,44,dirichlet_a0.1,low_norm,c4_drift_aware
7,0.26771411581286825,0.006504042026052426,0.30146424029025687,0.5474922308884818,False,c4_drift_aware__dirichlet_a0.1__low_norm__seed44,44,dirichlet_a0.1,low_norm,c4_drift_aware
8,0.25835983215847363,0.02025445408946308,0.3634622198741065,0.5474922308884818,False,c4_drift_aware__dirichlet_a0.1__low_norm__seed44,44,dirichlet_a0.1,low_norm,c4_drift_aware
9,0.2531833072445791,0.021897471854595618,0.36681147844526124,0.5474922308884818,False,c4_drift_aware__dirichlet_a0.1__low_norm__seed44,44,dirichlet_a0.1,low_norm,c4_drift_aware
10,0.2516191864097688,0.04244515256511247,0.47187132758539396,0.5474922308884818,False,c4_drift_aware__dirichlet_a0.1__low_norm__seed44,44,dirichlet_a0.1,low_norm,c4_drift_aware
11,0.23711792327965414,0.03743204141162035,0.4313565293686933,0.5474922308884818,False,c4_drift_aware__dirichlet_a0.1__low_norm__seed44,44,dirichlet_a0.1,low_norm,c4_drift_aware
12,0.23200586762485007,0.02080199134725147,0.33994948092487265,0.5474922308884818,False,c4_drift_aware__dirichlet_a0.1__low_norm__seed44,44,dirichlet_a0.1,low_norm,c4_drift_aware
13,0.22947641637565264,0.04229084682407125,0.44892784963044075,0.5474922308884818,False,c4_drift_aware__dirichlet_a0.1__low_norm__seed44,44,dirichlet_a0.1,low_norm,c4_drift_aware
14,0.2313608148951462,0.02477445502267328,0.3599179394533001,0.5474922308884818,False,c4_drift_aware__dirichlet_a0.1__low_norm__seed44,44,dirichlet_a0.1,low_norm,c4_drift_aware
15,0.2233268178908159,0.06371668023542423,0.5539590433004558,0.5474922308884818,False,c4_drift_aware__dirichlet_a0.1__low_norm__seed44,44,dirichlet_a0.1,low_norm,c4_drift_aware
16,0.24391647250573473,0.028867282359386737,0.39371168739682844,0.5474922308884818,False,c4_drift_aware__dirichlet_a0.1__low_norm__seed44,44,dirichlet_a0.1,low_norm,c4_drift_aware
17,0.23005424101751817,0.07905196423422575,0.640262788625339,0.5474922308884818,False,c4_drift_aware__dirichlet_a0.1__low_norm__seed44,44,dirichlet_a0.1,low_norm,c4_drift_aware
18,0.24868233837741985,0.05690038101096642,0.5439441054814257,0.5474922308884818,False,c4_drift_aware__dirichlet_a0.1__low_norm__seed44,44,dirichlet_a0.1,low_norm,c4_drift_aware
19,0.2547022744379872,0.06373048250837876,0.5854061212222155,0.5474922308884818,False,c4_drift_aware__dirichlet_a0.1__low_norm__seed44,44,dirichlet_a0.1,low_norm,c4_drift_aware
20,0.25329828193662934,0.07137183124791024,0.6236538514651604,0.5474922308884818,False,c4_drift_aware__dirichlet_a0.1__low_norm__seed44,44,dirichlet_a0.1,low_norm,c4_drift_aware
21,0.2509105300405568,0.09036308406755839,0.719813609575524,0.5474922308884818,False,c4_drift_aware__dirichlet_a0.1__low_norm__seed44,44,dirichlet_a0.1,low_norm,c4_drift_aware
22,0.2601339731246571,0.06304991733001497,0.5873062991418377,0.5474922308884818,False,c4_drift_aware__dirichlet_a0.1__low_norm__seed44,44,dirichlet_a0.1,low_norm,c4_drift_aware
23,0.25310747863149563,0.08304724444357209,0.6840479347736355,0.5474922308884818,False,c4_drift_aware__dirichlet_a0.1__low_norm__seed44,44,dirichlet_a0.1,low_norm,c4_drift_aware
24,0.24946504576878478,0.07789317598864584,0.6536605252914669,0.5474922308884818,False,c4_drift_aware__dirichlet_a0.1__low_norm__seed44,44,dirichlet_a0.1,low_norm,c4_drift_aware
0,0.578894951157342,0.041877557345365246,0.7962017839781768,0.5474922308884818,False,c4_drift_aware__dirichlet_a0.1__no_attack__seed45,45,dirichlet_a0.1,no_attack,c4_drift_aware
1,0.3680628399048103,0.031368521605448396,0.5308372353676426,0.5474922308884818,False,c4_drift_aware__dirichlet_a0.1__no_attack__seed45,45,dirichlet_a0.1,no_attack,c4_drift_aware
2,0.30599169407683163,0.03018310105362576,0.46261482375420104,0.5474922308884818,False,c4_drift_aware__dirichlet_a0.1__no_attack__seed45,45,dirichlet_a0.1,no_attack,c4_drift_aware
3,0.29496250273675384,0.01608885994148257,0.378449205859101,0.5474922308884818,False,c4_drift_aware__dirichlet_a0.1__no_attack__seed45,45,dirichlet_a0.1,no_attack,c4_drift_aware
4,0.28776928089852033,0.01839033420944397,0.38319856414474607,0.5474922308884818,False,c4_drift_aware__dirichlet_a0.1__no_attack__seed45,45,dirichlet_a0.1,no_attack,c4_drift_aware
5,0.2841689394292575,0.010964166024224509,0.34106309334556095,0.5474922308884818,False,c4_drift_aware__dirichlet_a0.1__no_attack__seed45,45,dirichlet_a0.1,no_attack,c4_drift_aware
6,0.2809874016174033,0.015640131826126225,0.3621456096763549,0.5474922308884818,False,c4_drift_aware__dirichlet_a0.1__no_attack__seed45,45,dirichlet_a0.1,no_attack,c4_drift_aware
7,0.2838411535894527,0.010998476358018594,0.34091334725884703,0.5474922308884818,False,c4_drift_aware__dirichlet_a0.1__no_attack__seed45,45,dirichlet_a0.1,no_attack,c4_drift_aware
8,0.28284459297545206,0.01259185408330099,0.3481849829991092,0.5474922308884818,False,c4_drift_aware__dirichlet_a0.1__no_attack__seed45,45,dirichlet_a0.1,no_attack,c4_drift_aware
9,0.2833943838433924,0.013934128927267364,0.3556999722598755,0.5474922308884818,False,c4_drift_aware__dirichlet_a0.1__no_attack__seed45,45,dirichlet_a0.1,no_attack,c4_drift_aware
10,0.28875656100051733,0.022243868502811293,0.4041822190484554,0.5474922308884818,False,c4_drift_aware__dirichlet_a0.1__no_attack__seed45,45,dirichlet_a0.1,no_attack,c4_drift_aware
11,0.27964014678995275,0.03422572025290879,0.45724083175432173,0.5474922308884818,False,c4_drift_aware__dirichlet_a0.1__no_attack__seed45,45,dirichlet_a0.1,no_attack,c4_drift_aware
12,0.2886954941330571,0.03615919618024682,0.4763291790319759,0.5474922308884818,False,c4_drift_aware__dirichlet_a0.1__no_attack__seed45,45,dirichlet_a0.1,no_attack,c4_drift_aware
13,0.29048850075300586,0.030594691308370836,0.44924741342127295,0.5474922308884818,False,c4_drift_aware__dirichlet_a0.1__no_attack__seed45,45,dirichlet_a0.1,no_attack,c4_drift_aware
14,0.29011852642722064,0.033875453876298534,0.46590164413672136,0.5474922308884818,False,c4_drift_aware__dirichlet_a0.1__no_attack__seed45,45,dirichlet_a0.1,no_attack,c4_drift_aware
15,0.2978652095752669,0.028350279108703913,0.4449776428982424,0.5474922308884818,False,c4_drift_aware__dirichlet_a0.1__no_attack__seed45,45,dirichlet_a0.1,no_attack,c4_drift_aware
16,0.2910072752917947,0.04007286716635938,0.49894939030475016,0.5474922308884818,False,c4_drift_aware__dirichlet_a0.1__no_attack__seed45,45,dirichlet_a0.1,no_attack,c4_drift_aware
17,0.2933127676641621,0.02973701240156368,0.4476210987171162,0.5474922308884818,False,c4_drift_aware__dirichlet_a0.1__no_attack__seed45,45,dirichlet_a0.1,no_attack,c4_drift_aware
18,0.29617584975211425,0.033702633185643094,0.4710621836157348,0.5474922308884818,False,c4_drift_aware__dirichlet_a0.1__no_attack__seed45,45,dirichlet_a0.1,no_attack,c4_drift_aware
19,0.3148972285840589,0.04004426931510735,0.5226909464870824,0.5474922308884818,False,c4_drift_aware__dirichlet_a0.1__no_attack__seed45,45,dirichlet_a0.1,no_attack,c4_drift_aware
20,0.32054983125101333,0.006604321839428606,0.3548203177079923,0.5474922308884818,False,c4_drift_aware__dirichlet_a0.1__no_attack__seed45,45,dirichlet_a0.1,no_attack,c4_drift_aware
21,0.31741919994807116,0.02840374358086445,0.46480906576353487,0.5474922308884818,False,c4_drift_aware__dirichlet_a0.1__no_attack__seed45,45,dirichlet_a0.1,no_attack,c4_drift_aware
22,0.2929184773196529,0.03316158684363241,0.46499726760994586,0.5474922308884818,False,c4_drift_aware__dirichlet_a0.1__no_attack__seed45,45,dirichlet_a0.1,no_attack,c4_drift_aware
23,0.27454558037768656,0.013252302776675495,0.34331310471613335,0.5474922308884818,False,c4_drift_aware__dirichlet_a0.1__no_attack__seed45,45,dirichlet_a0.1,no_attack,c4_drift_aware
24,0.28361736963175976,0.010521262129658093,0.3382132509487686,0.5474922308884818,False,c4_drift_aware__dirichlet_a0.1__no_attack__seed45,45,dirichlet_a0.1,no_attack,c4_drift_aware
0,0.5788949303962492,0.0418783440788808,0.7962058456559695,0.5474922308884818,False,c4_drift_aware__dirichlet_a0.1__large_norm__seed45,45,dirichlet_a0.1,large_norm,c4_drift_aware
1,0.3681049237195025,0.03140850871326423,0.5310868162835019,0.5474922308884818,False,c4_drift_aware__dirichlet_a0.1__large_norm__seed45,45,dirichlet_a0.1,large_norm,c4_drift_aware
2,0.30599635131488107,0.03014162337185744,0.46240424915378653,0.5474922308884818,False,c4_drift_aware__dirichlet_a0.1__large_norm__seed45,45,dirichlet_a0.1,large_norm,c4_drift_aware
3,0.29472800285634027,0.01617556337827525,0.37866461878254837,0.5474922308884818,False,c4_drift_aware__dirichlet_a0.1__large_norm__seed45,45,dirichlet_a0.1,large_norm,c4_drift_aware
4,0.2869958934044627,0.019153867042253025,0.38638722487341787,0.5474922308884818,False,c4_drift_aware__dirichlet_a0.1__large_norm__seed45,45,dirichlet_a0.1,large_norm,c4_drift_aware
5,0.2829854476872579,0.012030296429178411,0.3454118588879076,0.5474922308884818,False,c4_drift_aware__dirichlet_a0.1__large_norm__seed45,45,dirichlet_a0.1,large_norm,c4_drift_aware
6,0.2812643188216575,0.01560361689929396,0.36223304727378375,0.5474922308884818,False,c4_drift_aware__dirichlet_a0.1__large_norm__seed45,45,dirichlet_a0.1,large_norm,c4_drift_aware
7,0.2858123108921553,0.008769758485262402,0.3313194646480304,0.5474922308884818,False,c4_drift_aware__dirichlet_a0.1__large_norm__seed45,45,dirichlet_a0.1,large_norm,c4_drift_aware
8,0.2665325120809993,0.01161785631600587,0.3268187302903854,0.5474922308884818,False,c4_drift_aware__dirichlet_a0.1__large_norm__seed45,45,dirichlet_a0.1,large_norm,c4_drift_aware
9,0.26867541699737557,0.028241072026083947,0.41522116384792773,0.5474922308884818,False,c4_drift_aware__dirichlet_a0.1__large_norm__seed45,45,dirichlet_a0.1,large_norm,c4_drift_aware
10,0.3128120982983018,0.05726955060041433,0.6099895233189119,0.5474922308884818,False,c4_drift_aware__dirichlet_a0.1__large_norm__seed45,45,dirichlet_a0.1,large_norm,c4_drift_aware
11,0.4130411813829182,0.08892702545675829,0.8744924091805826,0.5474922308884818,False,c4_drift_aware__dirichlet_a0.1__large_norm__seed45,45,dirichlet_a0.1,large_norm,c4_drift_aware
12,0.4637888430395707,0.05374213954898521,0.7426621793732098,0.5474922308884818,False,c4_drift_aware__dirichlet_a0.1__large_norm__seed45,45,dirichlet_a0.1,large_norm,c4_drift_aware
13,0.3861555307433629,0.07021016305288896,0.7504830878411091,0.5474922308884818,False,c4_drift_aware__dirichlet_a0.1__large_norm__seed45,45,dirichlet_a0.1,large_norm,c4_drift_aware
14,0.48402863399546747,0.008571750999536776,0.5285083071071638,0.5474922308884818,False,c4_drift_aware__dirichlet_a0.1__large_norm__seed45,45,dirichlet_a0.1,large_norm,c4_drift_aware
15,0.5111845364591286,0.17380326562443926,1.4130670621109065,0.5474922308884818,False,c4_drift_aware__dirichlet_a0.1__large_norm__seed45,45,dirichlet_a0.1,large_norm,c4_drift_aware
16,0.3595943213127432,0.07527432156983821,0.7502003033707907,0.5474922308884818,False,c4_drift_aware__dirichlet_a0.1__large_norm__seed45,45,dirichlet_a0.1,large_norm,c4_drift_aware
17,0.46636566717361383,0.1957133956888219,1.4819420487424795,0.5474922308884818,False,c4_drift_aware__dirichlet_a0.1__large_norm__seed45,45,dirichlet_a0.1,large_norm,c4_drift_aware
18,0.34100431443378665,0.07620765067381091,0.7364534345452589,0.5474922308884818,False,c4_drift_aware__dirichlet_a0.1__large_norm__seed45,45,dirichlet_a0.1,large_norm,c4_drift_aware
19,0.4296613956169354,0.2025255917970906,1.4805869440112183,0.5474922308884818,False,c4_drift_aware__dirichlet_a0.1__large_norm__seed45,45,dirichlet_a0.1,large_norm,c4_drift_aware
20,0.3499733383279068,0.04892275299653698,0.6038383959022369,0.5474922308884818,False,c4_drift_aware__dirichlet_a0.1__large_norm__seed45,45,dirichlet_a0.1,large_norm,c4_drift_aware
21,0.3982643455324798,0.1865668603872246,1.3663784407678268,0.5474922308884818,False,c4_drift_aware__dirichlet_a0.1__large_norm__seed45,45,dirichlet_a0.1,large_norm,c4_drift_aware
22,0.35032241349775584,0.06261371173574631,0.6752312250657171,0.5474922308884818,False,c4_drift_aware__dirichlet_a0.1__large_norm__seed45,45,dirichlet_a0.1,large_norm,c4_drift_aware
23,0.2564702284181115,0.061011574973059035,0.5730653921108122,0.5474922308884818,False,c4_drift_aware__dirichlet_a0.1__large_norm__seed45,45,dirichlet_a0.1,large_norm,c4_drift_aware
24,0.2680637019072386,0.06351623043973564,0.5976557732820709,0.5474922308884818,False,c4_drift_aware__dirichlet_a0.1__large_norm__seed45,45,dirichlet_a0.1,large_norm,c4_drift_aware
0,0.5788949686303673,0.04189422120801245,0.7962882719008646,0.5474922308884818,False,c4_drift_aware__dirichlet_a0.1__directional_poisoning__seed45,45,dirichlet_a0.1,directional_poisoning,c4_drift_aware
1,0.36805277209856047,0.03133708006545577,0.530664014266217,0.5474922308884818,False,c4_drift_aware__dirichlet_a0.1__directional_poisoning__seed45,45,dirichlet_a0.1,directional_poisoning,c4_drift_aware
2,0.30611079719029716,0.030328504113730614,0.4634884378868567,0.5474922308884818,False,c4_drift_aware__dirichlet_a0.1__directional_poisoning__seed45,45,dirichlet_a0.1,directional_poisoning,c4_drift_aware
3,0.2963610296400836,0.014453788340496654,0.37136318271775476,0.5474922308884818,False,c4_drift_aware__dirichlet_a0.1__directional_poisoning__seed45,45,dirichlet_a0.1,directional_poisoning,c4_drift_aware
4,0.2868006498053732,0.019537598519487387,0.3881832022828452,0.5474922308884818,False,c4_drift_aware__dirichlet_a0.1__directional_poisoning__seed45,45,dirichlet_a0.1,directional_poisoning,c4_drift_aware
5,0.2836934694542694,0.011437846576685617,0.3430455991253487,0.5474922308884818,False,c4_drift_aware__dirichlet_a0.1__directional_poisoning__seed45,45,dirichlet_a0.1,directional_poisoning,c4_drift_aware
6,0.28086440946839647,0.015660632573800126,0.3621289979571027,0.5474922308884818,False,c4_drift_aware__dirichlet_a0.1__directional_poisoning__seed45,45,dirichlet_a0.1,directional_poisoning,c4_drift_aware
7,0.28331263081370184,0.010938093391657855,0.3400714912323536,0.5474922308884818,False,c4_drift_aware__dirichlet_a0.1__directional_poisoning__seed45,45,dirichlet_a0.1,directional_poisoning,c4_drift_aware
8,0.28248033178697457,0.011307097212825301,0.34115398993404633,0.5474922308884818,False,c4_drift_aware__dirichlet_a0.1__directional_poisoning__seed45,45,dirichlet_a0.1,directional_poisoning,c4_drift_aware
9,0.28347478878751065,0.01438705816584862,0.3581306723159157,0.5474922308884818,False,c4_drift_aware__dirichlet_a0.1__directional_poisoning__seed45,45,dirichlet_a0.1,directional_poisoning,c4_drift_aware
10,0.28800641846938174,0.02006424284789665,0.3921217810314023,0.5474922308884818,False,c4_drift_aware__dirichlet_a0.1__directional_poisoning__seed45,45,dirichlet_a0.1,directional_poisoning,c4_drift_aware
11,0.3205507182882735,0.021481019346888397,0.43201787578121204,0.5474922308884818,False,c4_drift_aware__dirichlet_a0.1__directional_poisoning__seed45,45,dirichlet_a0.1,directional_poisoning,c4_drift_aware
12,0.31162057362344503,0.016708460997787,0.39832244858706156,0.5474922308884818,False,c4_drift_aware__dirichlet_a0.1__directional_poisoning__seed45,45,dirichlet_a0.1,directional_poisoning,c4_drift_aware
13,0.35070717524094935,0.04516845521273749,0.5850908061853655,0.5474922308884818,False,c4_drift_aware__dirichlet_a0.1__directional_poisoning__seed45,45,dirichlet_a0.1,directional_poisoning,c4_drift_aware
14,0.32244680301030615,0.014034272605701115,0.3952720469885498,0.5474922308884818,False,c4_drift_aware__dirichlet_a0.1__directional_poisoning__seed45,45,dirichlet_a0.1,directional_poisoning,c4_drift_aware
15,0.3156110581305221,0.011313184134968346,0.3743163019252863,0.5474922308884818,False,c4_drift_aware__dirichlet_a0.1__directional_poisoning__seed45,45,dirichlet_a0.1,directional_poisoning,c4_drift_aware
16,0.32319195382393545,0.10503410642686523,0.8682244354835817,0.5474922308884818,False,c4_drift_aware__dirichlet_a0.1__directional_poisoning__seed45,45,dirichlet_a0.1,directional_poisoning,c4_drift_aware
17,0.3168451150622133,0.0492487543561993,0.572401826291967,0.5474922308884818,False,c4_drift_aware__dirichlet_a0.1__directional_poisoning__seed45,45,dirichlet_a0.1,directional_poisoning,c4_drift_aware
18,0.3224476216913142,0.040127843751845804,0.5306750157040172,0.5474922308884818,False,c4_drift_aware__dirichlet_a0.1__directional_poisoning__seed45,45,dirichlet_a0.1,directional_poisoning,c4_drift_aware
19,0.34106131335957046,0.027888375110527275,0.48577688064560753,0.5474922308884818,False,c4_drift_aware__dirichlet_a0.1__directional_poisoning__seed45,45,dirichlet_a0.1,directional_poisoning,c4_drift_aware
20,0.34145677631314025,0.010235470474135533,0.39456965615047696,0.5474922308884818,False,c4_drift_aware__dirichlet_a0.1__directional_poisoning__seed45,45,dirichlet_a0.1,directional_poisoning,c4_drift_aware
21,0.3104675154703061,0.03110918005714164,0.47189616170481974,0.5474922308884818,False,c4_drift_aware__dirichlet_a0.1__directional_poisoning__seed45,45,dirichlet_a0.1,directional_poisoning,c4_drift_aware
22,0.30060815278556846,0.04524467770810792,0.5353873098807113,0.5474922308884818,False,c4_drift_aware__dirichlet_a0.1__directional_poisoning__seed45,45,dirichlet_a0.1,directional_poisoning,c4_drift_aware
23,0.2836208495069031,0.05868014921541009,0.5881180118005875,0.5474922308884818,False,c4_drift_aware__dirichlet_a0.1__directional_poisoning__seed45,45,dirichlet_a0.1,directional_poisoning,c4_drift_aware
24,0.27214262059085775,0.03191635484722846,0.43775977752861095,0.5474922308884818,False,c4_drift_aware__dirichlet_a0.1__directional_poisoning__seed45,45,dirichlet_a0.1,directional_poisoning,c4_drift_aware
0,0.5788949513155957,0.04187831426039412,0.7962057118442067,0.5474922308884818,False,c4_drift_aware__dirichlet_a0.1__sparse_coordinate_attack__seed45,45,dirichlet_a0.1,sparse_coordinate_attack,c4_drift_aware
1,0.36807562686680184,0.03137908140514756,0.530904818186253,0.5474922308884818,False,c4_drift_aware__dirichlet_a0.1__sparse_coordinate_attack__seed45,45,dirichlet_a0.1,sparse_coordinate_attack,c4_drift_aware
2,0.3059954718829552,0.030145450874336233,0.4624232310149733,0.5474922308884818,False,c4_drift_aware__dirichlet_a0.1__sparse_coordinate_attack__seed45,45,dirichlet_a0.1,sparse_coordinate_attack,c4_drift_aware
3,0.29502397737933084,0.01645557890436372,0.3804136218719646,0.5474922308884818,False,c4_drift_aware__dirichlet_a0.1__sparse_coordinate_attack__seed45,45,dirichlet_a0.1,sparse_coordinate_attack,c4_drift_aware
4,0.2879808943851537,0.018491146908274747,0.38393330480688215,0.5474922308884818,False,c4_drift_aware__dirichlet_a0.1__sparse_coordinate_attack__seed45,45,dirichlet_a0.1,sparse_coordinate_attack,c4_drift_aware
5,0.2838220086365101,0.010893225695677133,0.3403480460939483,0.5474922308884818,False,c4_drift_aware__dirichlet_a0.1__sparse_coordinate_attack__seed45,45,dirichlet_a0.1,sparse_coordinate_attack,c4_drift_aware
6,0.2809234415118638,0.015816151478612928,0.3629950331495342,0.5474922308884818,False,c4_drift_aware__dirichlet_a0.1__sparse_coordinate_attack__seed45,45,dirichlet_a0.1,sparse_coordinate_attack,c4_drift_aware
7,0.28611726506409635,0.008568713040469134,0.3305811739023947,0.5474922308884818,False,c4_drift_aware__dirichlet_a0.1__sparse_coordinate_attack__seed45,45,dirichlet_a0.1,sparse_coordinate_attack,c4_drift_aware
8,0.26721928715441634,0.011621975190294564,0.32752687861437385,0.5474922308884818,False,c4_drift_aware__dirichlet_a0.1__sparse_coordinate_attack__seed45,45,dirichlet_a0.1,sparse_coordinate_attack,c4_drift_aware
9,0.2668085766163671,0.029033649943444317,0.417467089537894,0.5474922308884818,False,c4_drift_aware__dirichlet_a0.1__sparse_coordinate_attack__seed45,45,dirichlet_a0.1,sparse_coordinate_attack,c4_drift_aware
10,0.31167830927540685,0.05433006020046438,0.5936024246616365,0.5474922308884818,False,c4_drift_aware__dirichlet_a0.1__sparse_coordinate_attack__seed45,45,dirichlet_a0.1,sparse_coordinate_attack,c4_drift_aware
11,0.341949577983901,0.03235305262122412,0.5098328033406951,0.5474922308884818,False,c4_drift_aware__dirichlet_a0.1__sparse_coordinate_attack__seed45,45,dirichlet_a0.1,sparse_coordinate_attack,c4_drift_aware
12,0.32094406891753147,0.04575412685253144,0.5583668085680024,0.5474922308884818,False,c4_drift_aware__dirichlet_a0.1__sparse_coordinate_attack__seed45,45,dirichlet_a0.1,sparse_coordinate_attack,c4_drift_aware
13,0.32612380171817323,0.045934732366042674,0.5644837214388052,0.5474922308884818,False,c4_drift_aware__dirichlet_a0.1__sparse_coordinate_attack__seed45,45,dirichlet_a0.1,sparse_coordinate_attack,c4_drift_aware
14,0.33015538178362636,0.05436805006266049,0.6122766303637779,0.5474922308884818,False,c4_drift_aware__dirichlet_a0.1__sparse_coordinate_attack__seed45,45,dirichlet_a0.1,sparse_coordinate_attack,c4_drift_aware
15,0.321381212683862,0.06450591079700296,0.6561088344005901,0.5474922308884818,False,c4_drift_aware__dirichlet_a0.1__sparse_coordinate_attack__seed45,45,dirichlet_a0.1,sparse_coordinate_attack,c4_drift_aware
16,0.3213152176106319,0.05634425119869302,0.6136911715057698,0.5474922308884818,False,c4_drift_aware__dirichlet_a0.1__sparse_coordinate_attack__seed45,45,dirichlet_a0.1,sparse_coordinate_attack,c4_drift_aware
17,0.3230886945562529,0.03830801843927634,0.5218728330395017,0.5474922308884818,False,c4_drift_aware__dirichlet_a0.1__sparse_coordinate_attack__seed45,45,dirichlet_a0.1,sparse_coordinate_attack,c4_drift_aware
18,0.3389450177175587,0.02924493828273761,0.49069992696051246,0.5474922308884818,False,c4_drift_aware__dirichlet_a0.1__sparse_coordinate_attack__seed45,45,dirichlet_a0.1,sparse_coordinate_attack,c4_drift_aware
19,0.31304079316252537,0.04516938860992392,0.5474292675982816,0.5474922308884818,False,c4_drift_aware__dirichlet_a0.1__sparse_coordinate_attack__seed45,45,dirichlet_a0.1,sparse_coordinate_attack,c4_drift_aware
20,0.2983546506318099,0.04672827237574617,0.5408323288167943,0.5474922308884818,False,c4_drift_aware__dirichlet_a0.1__sparse_coordinate_attack__seed45,45,dirichlet_a0.1,sparse_coordinate_attack,c4_drift_aware
21,0.29260350018390924,0.06272034399080198,0.6180656371865798,0.5474922308884818,False,c4_drift_aware__dirichlet_a0.1__sparse_coordinate_attack__seed45,45,dirichlet_a0.1,sparse_coordinate_attack,c4_drift_aware
22,0.28636308422069595,0.04731479290326143,0.5318842760750099,0.5474922308884818,False,c4_drift_aware__dirichlet_a0.1__sparse_coordinate_attack__seed45,45,dirichlet_a0.1,sparse_coordinate_attack,c4_drift_aware
23,0.28113260525256817,0.027262210221342287,0.4225989403121354,0.5474922308884818,False,c4_drift_aware__dirichlet_a0.1__sparse_coordinate_attack__seed45,45,dirichlet_a0.1,sparse_coordinate_attack,c4_drift_aware
24,0.28080767972597503,0.04694801972740656,0.5244256488934604,0.5474922308884818,False,c4_drift_aware__dirichlet_a0.1__sparse_coordinate_attack__seed45,45,dirichlet_a0.1,sparse_coordinate_attack,c4_drift_aware
0,0.5788949403638844,0.04187833154516141,0.7962057905848815,0.5474922308884818,False,c4_drift_aware__dirichlet_a0.1__full_sign_flip__seed45,45,dirichlet_a0.1,full_sign_flip,c4_drift_aware
1,0.3681287034317315,0.03143058104859797,0.5312251315510113,0.5474922308884818,False,c4_drift_aware__dirichlet_a0.1__full_sign_flip__seed45,45,dirichlet_a0.1,full_sign_flip,c4_drift_aware
2,0.3059933556832691,0.030101262480790647,0.4621918168223398,0.5474922308884818,False,c4_drift_aware__dirichlet_a0.1__full_sign_flip__seed45,45,dirichlet_a0.1,full_sign_flip,c4_drift_aware
3,0.294638722966264,0.01614022532237852,0.37839196618661836,0.5474922308884818,False,c4_drift_aware__dirichlet_a0.1__full_sign_flip__seed45,45,dirichlet_a0.1,full_sign_flip,c4_drift_aware
4,0.28674699201175,0.019943735318841083,0.39023702895474827,0.5474922308884818,False,c4_drift_aware__dirichlet_a0.1__full_sign_flip__seed45,45,dirichlet_a0.1,full_sign_flip,c4_drift_aware
5,0.28306126257196185,0.011495207693180687,0.34271104481264575,0.5474922308884818,False,c4_drift_aware__dirichlet_a0.1__full_sign_flip__seed45,45,dirichlet_a0.1,full_sign_flip,c4_drift_aware
6,0.281031163285309,0.015658135974634113,0.3622827966712829,0.5474922308884818,False,c4_drift_aware__dirichlet_a0.1__full_sign_flip__seed45,45,dirichlet_a0.1,full_sign_flip,c4_drift_aware
7,0.28644147389037655,0.007277514679537467,0.3242052253139644,0.5474922308884818,False,c4_drift_aware__dirichlet_a0.1__full_sign_flip__seed45,45,dirichlet_a0.1,full_sign_flip,c4_drift_aware
8,0.26700939514737854,0.011489969927693633,0.32663199809917354,0.5474922308884818,False,c4_drift_aware__dirichlet_a0.1__full_sign_flip__seed45,45,dirichlet_a0.1,full_sign_flip,c4_drift_aware
9,0.2668547091569129,0.029085935047112932,0.41778453470988663,0.5474922308884818,False,c4_drift_aware__dirichlet_a0.1__full_sign_flip__seed45,45,dirichlet_a0.1,full_sign_flip,c4_drift_aware
10,0.2665955771654975,0.032184185420214284,0.4336025337295314,0.5474922308884818,False,c4_drift_aware__dirichlet_a0.1__full_sign_flip__seed45,45,dirichlet_a0.1,full_sign_flip,c4_drift_aware
11,0.3530248587034331,0.0676149910745758,0.7038858088885144,0.5474922308884818,False,c4_drift_aware__dirichlet_a0.1__full_sign_flip__seed45,45,dirichlet_a0.1,full_sign_flip,c4_drift_aware
12,0.3273969705512606,0.025203944523119193,0.4581827590761784,0.5474922308884818,False,c4_drift_aware__dirichlet_a0.1__full_sign_flip__seed45,45,dirichlet_a0.1,full_sign_flip,c4_drift_aware
13,0.35238703936246973,0.05132818748037388,0.6187341370168777,0.5474922308884818,False,c4_drift_aware__dirichlet_a0.1__full_sign_flip__seed45,45,dirichlet_a0.1,full_sign_flip,c4_drift_aware
14,0.3285870206540446,0.012233453512591086,0.39206763427623104,0.5474922308884818,False,c4_drift_aware__dirichlet_a0.1__full_sign_flip__seed45,45,dirichlet_a0.1,full_sign_flip,c4_drift_aware
15,0.3298249166644261,0.008191295657157593,0.3723303689589826,0.5474922308884818,False,c4_drift_aware__dirichlet_a0.1__full_sign_flip__seed45,45,dirichlet_a0.1,full_sign_flip,c4_drift_aware
16,0.3286224245802218,0.10629603275210181,0.8802031681341533,0.5474922308884818,False,c4_drift_aware__dirichlet_a0.1__full_sign_flip__seed45,45,dirichlet_a0.1,full_sign_flip,c4_drift_aware
17,0.3236720598401445,0.04524562025502571,0.5584561079054984,0.5474922308884818,False,c4_drift_aware__dirichlet_a0.1__full_sign_flip__seed45,45,dirichlet_a0.1,full_sign_flip,c4_drift_aware
18,0.33069538089165623,0.03339362421132941,0.5039782362866656,0.5474922308884818,False,c4_drift_aware__dirichlet_a0.1__full_sign_flip__seed45,45,dirichlet_a0.1,full_sign_flip,c4_drift_aware
19,0.3463918885838944,0.006154872189552185,0.37833013586269965,0.5474922308884818,False,c4_drift_aware__dirichlet_a0.1__full_sign_flip__seed45,45,dirichlet_a0.1,full_sign_flip,c4_drift_aware
20,0.30745903546457803,0.031834277721207505,0.4726502859876959,0.5474922308884818,False,c4_drift_aware__dirichlet_a0.1__full_sign_flip__seed45,45,dirichlet_a0.1,full_sign_flip,c4_drift_aware
21,0.3074090638841718,0.030110056709301503,0.4636531591544082,0.5474922308884818,False,c4_drift_aware__dirichlet_a0.1__full_sign_flip__seed45,45,dirichlet_a0.1,full_sign_flip,c4_drift_aware
22,0.2925406446986951,0.04799449057448618,0.5415888557387614,0.5474922308884818,False,c4_drift_aware__dirichlet_a0.1__full_sign_flip__seed45,45,dirichlet_a0.1,full_sign_flip,c4_drift_aware
23,0.2826984296892623,0.05868157506287536,0.5872029908480287,0.5474922308884818,False,c4_drift_aware__dirichlet_a0.1__full_sign_flip__seed45,45,dirichlet_a0.1,full_sign_flip,c4_drift_aware
24,0.2716865180182924,0.033070507476725214,0.4432926883657672,0.5474922308884818,False,c4_drift_aware__dirichlet_a0.1__full_sign_flip__seed45,45,dirichlet_a0.1,full_sign_flip,c4_drift_aware
0,0.5788949296473509,0.04189426811602559,0.7962884763282193,0.5474922308884818,False,c4_drift_aware__dirichlet_a0.1__low_norm__seed45,45,dirichlet_a0.1,low_norm,c4_drift_aware
1,0.3677722349632844,0.031067760122833965,0.528985949016682,0.5474922308884818,False,c4_drift_aware__dirichlet_a0.1__low_norm__seed45,45,dirichlet_a0.1,low_norm,c4_drift_aware
2,0.3061453071657674,0.030330684201079705,0.46353426055359004,0.5474922308884818,False,c4_drift_aware__dirichlet_a0.1__low_norm__seed45,45,dirichlet_a0.1,low_norm,c4_drift_aware
3,0.295973253665916,0.014713240331404753,0.37232172906960836,0.5474922308884818,False,c4_drift_aware__dirichlet_a0.1__low_norm__seed45,45,dirichlet_a0.1,low_norm,c4_drift_aware
4,0.28681042409579827,0.020060902968141947,0.39090845568778365,0.5474922308884818,False,c4_drift_aware__dirichlet_a0.1__low_norm__seed45,45,dirichlet_a0.1,low_norm,c4_drift_aware
5,0.2827627456856876,0.012145378559942133,0.34578632957108335,0.5474922308884818,False,c4_drift_aware__dirichlet_a0.1__low_norm__seed45,45,dirichlet_a0.1,low_norm,c4_drift_aware
6,0.2810178966087169,0.015570252022222841,0.36181349137723345,0.5474922308884818,False,c4_drift_aware__dirichlet_a0.1__low_norm__seed45,45,dirichlet_a0.1,low_norm,c4_drift_aware
7,0.2861556780595818,0.008441720073151915,0.3299606076911744,0.5474922308884818,False,c4_drift_aware__dirichlet_a0.1__low_norm__seed45,45,dirichlet_a0.1,low_norm,c4_drift_aware
8,0.2667363602476489,0.011600978086355407,0.3269349956355557,0.5474922308884818,False,c4_drift_aware__dirichlet_a0.1__low_norm__seed45,45,dirichlet_a0.1,low_norm,c4_drift_aware
9,0.26654675216126894,0.027268956251381427,0.4080480930453123,0.5474922308884818,False,c4_drift_aware__dirichlet_a0.1__low_norm__seed45,45,dirichlet_a0.1,low_norm,c4_drift_aware
10,0.2682712330640868,0.045806669780020515,0.5059666232195912,0.5474922308884818,False,c4_drift_aware__dirichlet_a0.1__low_norm__seed45,45,dirichlet_a0.1,low_norm,c4_drift_aware
11,0.28722752384303507,0.05170736849421392,0.5555422296963606,0.5474922308884818,False,c4_drift_aware__dirichlet_a0.1__low_norm__seed45,45,dirichlet_a0.1,low_norm,c4_drift_aware
12,0.3069233716296683,0.041106099263232276,0.5202270313165069,0.5474922308884818,False,c4_drift_aware__dirichlet_a0.1__low_norm__seed45,45,dirichlet_a0.1,low_norm,c4_drift_aware
13,0.31606208186022344,0.06566958480126389,0.6568281243524619,0.5474922308884818,False,c4_drift_aware__dirichlet_a0.1__low_norm__seed45,45,dirichlet_a0.1,low_norm,c4_drift_aware
14,0.3177487146396733,0.06025931692998593,0.6304403361210633,0.5474922308884818,False,c4_drift_aware__dirichlet_a0.1__low_norm__seed45,45,dirichlet_a0.1,low_norm,c4_drift_aware
15,0.31804055510047896,0.06443998545387652,0.6524260836191896,0.5474922308884818,False,c4_drift_aware__dirichlet_a0.1__low_norm__seed45,45,dirichlet_a0.1,low_norm,c4_drift_aware
16,0.3103044623089934,0.0621764705857257,0.6329443858253826,0.5474922308884818,False,c4_drift_aware__dirichlet_a0.1__low_norm__seed45,45,dirichlet_a0.1,low_norm,c4_drift_aware
17,0.3163863435815243,0.057229112143838856,0.6133539294071184,0.5474922308884818,False,c4_drift_aware__dirichlet_a0.1__low_norm__seed45,45,dirichlet_a0.1,low_norm,c4_drift_aware
18,0.32192270168209475,0.05126060367333146,0.587919100203379,0.5474922308884818,False,c4_drift_aware__dirichlet_a0.1__low_norm__seed45,45,dirichlet_a0.1,low_norm,c4_drift_aware
19,0.31651686205603297,0.053598994724330495,0.5946474055800564,0.5474922308884818,False,c4_drift_aware__dirichlet_a0.1__low_norm__seed45,45,dirichlet_a0.1,low_norm,c4_drift_aware
20,0.3194260552249114,0.03162261856097859,0.4835189851996854,0.5474922308884818,False,c4_drift_aware__dirichlet_a0.1__low_norm__seed45,45,dirichlet_a0.1,low_norm,c4_drift_aware
21,0.3078378237981102,0.03239117465542929,0.4759188682025983,0.5474922308884818,False,c4_drift_aware__dirichlet_a0.1__low_norm__seed45,45,dirichlet_a0.1,low_norm,c4_drift_aware
22,0.3017354820306458,0.04674042272897605,0.5442762096135754,0.5474922308884818,False,c4_drift_aware__dirichlet_a0.1__low_norm__seed45,45,dirichlet_a0.1,low_norm,c4_drift_aware
23,0.2822917081686733,0.0499213980421582,0.5413388347492365,0.5474922308884818,False,c4_drift_aware__dirichlet_a0.1__low_norm__seed45,45,dirichlet_a0.1,low_norm,c4_drift_aware
24,0.2818384502195578,0.035293309009983065,0.4649789600032609,0.5474922308884818,False,c4_drift_aware__dirichlet_a0.1__low_norm__seed45,45,dirichlet_a0.1,low_norm,c4_drift_aware
0,0.5859354577714416,0.011288963698364851,0.6445150192986266,0.5474922308884818,False,c4_drift_aware__dirichlet_a0.1__no_attack__seed46,46,dirichlet_a0.1,no_attack,c4_drift_aware
1,0.38623983009738094,0.02891610046223375,0.5362883670059582,0.5474922308884818,False,c4_drift_aware__dirichlet_a0.1__no_attack__seed46,46,dirichlet_a0.1,no_attack,c4_drift_aware
2,0.31952784658411226,0.021317224075321273,0.4301450540333619,0.5474922308884818,False,c4_drift_aware__dirichlet_a0.1__no_attack__seed46,46,dirichlet_a0.1,no_attack,c4_drift_aware
3,0.2828751660076657,0.019871188005392726,0.3859887476864491,0.5474922308884818,False,c4_drift_aware__dirichlet_a0.1__no_attack__seed46,46,dirichlet_a0.1,no_attack,c4_drift_aware
4,0.2678192881770815,0.015464793285751899,0.34806764701617665,0.5474922308884818,False,c4_drift_aware__dirichlet_a0.1__no_attack__seed46,46,dirichlet_a0.1,no_attack,c4_drift_aware
5,0.2562147034040092,0.018742434727490376,0.3534710714484295,0.5474922308884818,False,c4_drift_aware__dirichlet_a0.1__no_attack__seed46,46,dirichlet_a0.1,no_attack,c4_drift_aware
6,0.2553188264867603,0.01949457618828715,0.3564781317854011,0.5474922308884818,False,c4_drift_aware__dirichlet_a0.1__no_attack__seed46,46,dirichlet_a0.1,no_attack,c4_drift_aware
7,0.2523533478255885,0.019718175059873805,0.35467293002877964,0.5474922308884818,False,c4_drift_aware__dirichlet_a0.1__no_attack__seed46,46,dirichlet_a0.1,no_attack,c4_drift_aware
8,0.2497106277085508,0.014683909971015874,0.32590690493914926,0.5474922308884818,False,c4_drift_aware__dirichlet_a0.1__no_attack__seed46,46,dirichlet_a0.1,no_attack,c4_drift_aware
9,0.24731914308720856,0.01386483071403638,0.31926513614541474,0.5474922308884818,False,c4_drift_aware__dirichlet_a0.1__no_attack__seed46,46,dirichlet_a0.1,no_attack,c4_drift_aware
10,0.24337582897697513,0.004422078797238965,0.26632243806372785,0.5474922308884818,False,c4_drift_aware__dirichlet_a0.1__no_attack__seed46,46,dirichlet_a0.1,no_attack,c4_drift_aware
11,0.23265861713703143,0.003784883666378802,0.2522987569702377,0.5474922308884818,False,c4_drift_aware__dirichlet_a0.1__no_attack__seed46,46,dirichlet_a0.1,no_attack,c4_drift_aware
12,0.22652171698992873,0.01575386733678752,0.30827010998725285,0.5474922308884818,False,c4_drift_aware__dirichlet_a0.1__no_attack__seed46,46,dirichlet_a0.1,no_attack,c4_drift_aware
13,0.2322462028352623,0.01898839640902278,0.3307788906413224,0.5474922308884818,False,c4_drift_aware__dirichlet_a0.1__no_attack__seed46,46,dirichlet_a0.1,no_attack,c4_drift_aware
14,0.23008910661914617,0.006594425390393593,0.2643082394124376,0.5474922308884818,False,c4_drift_aware__dirichlet_a0.1__no_attack__seed46,46,dirichlet_a0.1,no_attack,c4_drift_aware
15,0.2649955388756885,0.07335043219225557,0.6456182665645218,0.5474922308884818,False,c4_drift_aware__dirichlet_a0.1__no_attack__seed46,46,dirichlet_a0.1,no_attack,c4_drift_aware
16,0.2538585843734153,0.033578711521124016,0.42810187632767993,0.5474922308884818,False,c4_drift_aware__dirichlet_a0.1__no_attack__seed46,46,dirichlet_a0.1,no_attack,c4_drift_aware
17,0.26771702155435523,0.025043987861097128,0.39767277896437436,0.5474922308884818,False,c4_drift_aware__dirichlet_a0.1__no_attack__seed46,46,dirichlet_a0.1,no_attack,c4_drift_aware
18,0.2726551725950229,0.02939433532271038,0.42518531801809933,0.5474922308884818,False,c4_drift_aware__dirichlet_a0.1__no_attack__seed46,46,dirichlet_a0.1,no_attack,c4_drift_aware
19,0.27077984605848326,0.019493251804497902,0.3719322789972033,0.5474922308884818,False,c4_drift_aware__dirichlet_a0.1__no_attack__seed46,46,dirichlet_a0.1,no_attack,c4_drift_aware
20,0.26968714157955403,0.023043467416764996,0.38926199835188924,0.5474922308884818,False,c4_drift_aware__dirichlet_a0.1__no_attack__seed46,46,dirichlet_a0.1,no_attack,c4_drift_aware
21,0.2724470992518963,0.016307431192058408,0.3570679904506066,0.5474922308884818,False,c4_drift_aware__dirichlet_a0.1__no_attack__seed46,46,dirichlet_a0.1,no_attack,c4_drift_aware
22,0.27772335231231965,0.013871480316820006,0.3497038508243303,0.5474922308884818,False,c4_drift_aware__dirichlet_a0.1__no_attack__seed46,46,dirichlet_a0.1,no_attack,c4_drift_aware
23,0.28681474395230533,0.020908368674215083,0.39531035983967483,0.5474922308884818,False,c4_drift_aware__dirichlet_a0.1__no_attack__seed46,46,dirichlet_a0.1,no_attack,c4_drift_aware
24,0.2915189425501623,0.020226694792731925,0.39647728449912756,0.5474922308884818,False,c4_drift_aware__dirichlet_a0.1__no_attack__seed46,46,dirichlet_a0.1,no_attack,c4_drift_aware
0,0.5859354463958215,0.011288946790163346,0.6445149201846582,0.5474922308884818,False,c4_drift_aware__dirichlet_a0.1__large_norm__seed46,46,dirichlet_a0.1,large_norm,c4_drift_aware
1,0.38620975842794036,0.028942356992144203,0.5363945430958759,0.5474922308884818,False,c4_drift_aware__dirichlet_a0.1__large_norm__seed46,46,dirichlet_a0.1,large_norm,c4_drift_aware
2,0.3196023782251258,0.02159724588057177,0.4316726468240008,0.5474922308884818,False,c4_drift_aware__dirichlet_a0.1__large_norm__seed46,46,dirichlet_a0.1,large_norm,c4_drift_aware
3,0.28283910076878294,0.01979081079159839,0.38553559704746615,0.5474922308884818,False,c4_drift_aware__dirichlet_a0.1__large_norm__seed46,46,dirichlet_a0.1,large_norm,c4_drift_aware
4,0.26773810512956,0.015302972625737044,0.34714676038177206,0.5474922308884818,False,c4_drift_aware__dirichlet_a0.1__large_norm__seed46,46,dirichlet_a0.1,large_norm,c4_drift_aware
5,0.2562055561684325,0.018884050648339118,0.354196783387729,0.5474922308884818,False,c4_drift_aware__dirichlet_a0.1__large_norm__seed46,46,dirichlet_a0.1,large_norm,c4_drift_aware
6,0.2552981447682363,0.01935940702100783,0.35575604374094805,0.5474922308884818,False,c4_drift_aware__dirichlet_a0.1__large_norm__seed46,46,dirichlet_a0.1,large_norm,c4_drift_aware
7,0.25244034630206075,0.019895329234750014,0.3556791992341021,0.5474922308884818,False,c4_drift_aware__dirichlet_a0.1__large_norm__seed46,46,dirichlet_a0.1,large_norm,c4_drift_aware
8,0.24942358224446354,0.015087094656232536,0.32771202512511977,0.5474922308884818,False,c4_drift_aware__dirichlet_a0.1__large_norm__seed46,46,dirichlet_a0.1,large_norm,c4_drift_aware
9,0.24704429104212092,0.013936875797374987,0.31936413324227947,0.5474922308884818,False,c4_drift_aware__dirichlet_a0.1__large_norm__seed46,46,dirichlet_a0.1,large_norm,c4_drift_aware
10,0.2484829324990864,0.005594232271335903,0.27751196317827553,0.5474922308884818,False,c4_drift_aware__dirichlet_a0.1__large_norm__seed46,46,dirichlet_a0.1,large_norm,c4_drift_aware
11,0.39027211107576304,0.2602348066342468,1.740656546181533,0.5474922308884818,False,c4_drift_aware__dirichlet_a0.1__large_norm__seed46,46,dirichlet_a0.1,large_norm,c4_drift_aware
12,0.46883821635845174,0.2445939926199811,1.7380609034627956,0.5474922308884818,False,c4_drift_aware__dirichlet_a0.1__large_norm__seed46,46,dirichlet_a0.1,large_norm,c4_drift_aware
13,0.4872109106588142,0.2376999588989549,1.720659767381381,0.5474922308884818,False,c4_drift_aware__dirichlet_a0.1__large_norm__seed46,46,dirichlet_a0.1,large_norm,c4_drift_aware
14,0.2859959529367568,0.03490074099559132,0.4670993880369797,0.5474922308884818,False,c4_drift_aware__dirichlet_a0.1__large_norm__seed46,46,dirichlet_a0.1,large_norm,c4_drift_aware
15,0.4433609577367227,0.2807433474458827,1.9001662619681525,0.5474922308884818,False,c4_drift_aware__dirichlet_a0.1__large_norm__seed46,46,dirichlet_a0.1,large_norm,c4_drift_aware
16,0.43484631910517413,0.15803336370167037,1.2548972466895119,0.5474922308884818,False,c4_drift_aware__dirichlet_a0.1__large_norm__seed46,46,dirichlet_a0.1,large_norm,c4_drift_aware
17,0.46670455176762377,0.27221771124487176,1.8792694771883878,0.5474922308884818,False,c4_drift_aware__dirichlet_a0.1__large_norm__seed46,46,dirichlet_a0.1,large_norm,c4_drift_aware
18,0.3501033060629505,0.11983486666354184,0.9719384126667354,0.5474922308884818,False,c4_drift_aware__dirichlet_a0.1__large_norm__seed46,46,dirichlet_a0.1,large_norm,c4_drift_aware
19,0.47109922872118387,0.2988409589580251,2.021814848850272,0.5474922308884818,False,c4_drift_aware__dirichlet_a0.1__large_norm__seed46,46,dirichlet_a0.1,large_norm,c4_drift_aware
20,0.28825409198087054,0.03831090418988603,0.4870532049126082,0.5474922308884818,False,c4_drift_aware__dirichlet_a0.1__large_norm__seed46,46,dirichlet_a0.1,large_norm,c4_drift_aware
21,0.45939189206058567,0.2523628391623469,1.7689279007579202,0.5474922308884818,False,c4_drift_aware__dirichlet_a0.1__large_norm__seed46,46,dirichlet_a0.1,large_norm,c4_drift_aware
22,0.30347886858667966,0.01596118456720813,0.3863030514243794,0.5474922308884818,False,c4_drift_aware__dirichlet_a0.1__large_norm__seed46,46,dirichlet_a0.1,large_norm,c4_drift_aware
23,0.32355335337421454,0.0414216041935308,0.5384941996948652,0.5474922308884818,False,c4_drift_aware__dirichlet_a0.1__large_norm__seed46,46,dirichlet_a0.1,large_norm,c4_drift_aware
24,0.2888595038588531,0.015687401413572777,0.3702629985340236,0.5474922308884818,False,c4_drift_aware__dirichlet_a0.1__large_norm__seed46,46,dirichlet_a0.1,large_norm,c4_drift_aware
0,0.5859354450903382,0.011288953320304884,0.6445149527647323,0.5474922308884818,False,c4_drift_aware__dirichlet_a0.1__directional_poisoning__seed46,46,dirichlet_a0.1,directional_poisoning,c4_drift_aware
1,0.38623981781412997,0.02891610767922148,0.5362883921723781,0.5474922308884818,False,c4_drift_aware__dirichlet_a0.1__directional_poisoning__seed46,46,dirichlet_a0.1,directional_poisoning,c4_drift_aware
2,0.3194828526947929,0.021417771612046665,0.4306218113668642,0.5474922308884818,False,c4_drift_aware__dirichlet_a0.1__directional_poisoning__seed46,46,dirichlet_a0.1,directional_poisoning,c4_drift_aware
3,0.2828980049930529,0.019722162857810532,0.38523828027851753,0.5474922308884818,False,c4_drift_aware__dirichlet_a0.1__directional_poisoning__seed46,46,dirichlet_a0.1,directional_poisoning,c4_drift_aware
4,0.2678100403080699,0.015594975316966797,0.34873392672534226,0.5474922308884818,False,c4_drift_aware__dirichlet_a0.1__directional_poisoning__seed46,46,dirichlet_a0.1,directional_poisoning,c4_drift_aware
5,0.25574778608513254,0.0179925310340604,0.3491128288739754,0.5474922308884818,False,c4_drift_aware__dirichlet_a0.1__directional_poisoning__seed46,46,dirichlet_a0.1,directional_poisoning,c4_drift_aware
6,0.2551950825952184,0.019509096787596936,0.35642973673573763,0.5474922308884818,False,c4_drift_aware__dirichlet_a0.1__directional_poisoning__seed46,46,dirichlet_a0.1,directional_poisoning,c4_drift_aware
7,0.2523684129148298,0.019267999146918346,0.3523519872881038,0.5474922308884818,False,c4_drift_aware__dirichlet_a0.1__directional_poisoning__seed46,46,dirichlet_a0.1,directional_poisoning,c4_drift_aware
8,0.24944019556870428,0.014916477613802048,0.3268432895544845,0.5474922308884818,False,c4_drift_aware__dirichlet_a0.1__directional_poisoning__seed46,46,dirichlet_a0.1,directional_poisoning,c4_drift_aware
9,0.24688928984039285,0.013136097062377644,0.31505381110677666,0.5474922308884818,False,c4_drift_aware__dirichlet_a0.1__directional_poisoning__seed46,46,dirichlet_a0.1,directional_poisoning,c4_drift_aware
10,0.24300491415079345,0.004247328319251481,0.2650447255322213,0.5474922308884818,False,c4_drift_aware__dirichlet_a0.1__directional_poisoning__seed46,46,dirichlet_a0.1,directional_poisoning,c4_drift_aware
11,0.23249235875200056,0.003513166045157251,0.25072252867692607,0.5474922308884818,False,c4_drift_aware__dirichlet_a0.1__directional_poisoning__seed46,46,dirichlet_a0.1,directional_poisoning,c4_drift_aware
12,0.22644265675111336,0.01594888590363777,0.3092030205936801,0.5474922308884818,False,c4_drift_aware__dirichlet_a0.1__directional_poisoning__seed46,46,dirichlet_a0.1,directional_poisoning,c4_drift_aware
13,0.2321178781382833,0.018986509379198102,0.33064077395788016,0.5474922308884818,False,c4_drift_aware__dirichlet_a0.1__directional_poisoning__seed46,46,dirichlet_a0.1,directional_poisoning,c4_drift_aware
14,0.22970906202569538,0.006764763001951085,0.26481209371911973,0.5474922308884818,False,c4_drift_aware__dirichlet_a0.1__directional_poisoning__seed46,46,dirichlet_a0.1,directional_poisoning,c4_drift_aware
15,0.2644519370496416,0.07242696299755869,0.6402826907402734,0.5474922308884818,False,c4_drift_aware__dirichlet_a0.1__directional_poisoning__seed46,46,dirichlet_a0.1,directional_poisoning,c4_drift_aware
16,0.2341650678338091,0.004760219044986969,0.258866320480151,0.5474922308884818,False,c4_drift_aware__dirichlet_a0.1__directional_poisoning__seed46,46,dirichlet_a0.1,directional_poisoning,c4_drift_aware
17,0.27229291248952064,0.0844677595727342,0.7106045636883956,0.5474922308884818,False,c4_drift_aware__dirichlet_a0.1__directional_poisoning__seed46,46,dirichlet_a0.1,directional_poisoning,c4_drift_aware
18,0.2484464131968774,0.0275062833727521,0.39117926824642535,0.5474922308884818,False,c4_drift_aware__dirichlet_a0.1__directional_poisoning__seed46,46,dirichlet_a0.1,directional_poisoning,c4_drift_aware
19,0.25053034627460596,0.015186815290394895,0.3293362494979941,0.5474922308884818,False,c4_drift_aware__dirichlet_a0.1__directional_poisoning__seed46,46,dirichlet_a0.1,directional_poisoning,c4_drift_aware
20,0.25312935755848887,0.009690064288394973,0.30341207015739924,0.5474922308884818,False,c4_drift_aware__dirichlet_a0.1__directional_poisoning__seed46,46,dirichlet_a0.1,directional_poisoning,c4_drift_aware
21,0.2623618911508425,0.01442246174666545,0.3372014874004642,0.5474922308884818,False,c4_drift_aware__dirichlet_a0.1__directional_poisoning__seed46,46,dirichlet_a0.1,directional_poisoning,c4_drift_aware
22,0.2682442502927563,0.006808665620861687,0.30357509706596963,0.5474922308884818,False,c4_drift_aware__dirichlet_a0.1__directional_poisoning__seed46,46,dirichlet_a0.1,directional_poisoning,c4_drift_aware
23,0.28605060575349445,0.056975775927305794,0.581703604617877,0.5474922308884818,False,c4_drift_aware__dirichlet_a0.1__directional_poisoning__seed46,46,dirichlet_a0.1,directional_poisoning,c4_drift_aware
24,0.2897752827204063,0.03116113066934073,0.45147350587668234,0.5474922308884818,False,c4_drift_aware__dirichlet_a0.1__directional_poisoning__seed46,46,dirichlet_a0.1,directional_poisoning,c4_drift_aware
0,0.5859354525579091,0.011288967303592967,0.6445150327929834,0.5474922308884818,False,c4_drift_aware__dirichlet_a0.1__sparse_coordinate_attack__seed46,46,dirichlet_a0.1,sparse_coordinate_attack,c4_drift_aware
1,0.3862097710167784,0.02894228069767324,0.5363941597850745,0.5474922308884818,False,c4_drift_aware__dirichlet_a0.1__sparse_coordinate_attack__seed46,46,dirichlet_a0.1,sparse_coordinate_attack,c4_drift_aware
2,0.31960236839142586,0.021597225052991387,0.43167252891390345,0.5474922308884818,False,c4_drift_aware__dirichlet_a0.1__sparse_coordinate_attack__seed46,46,dirichlet_a0.1,sparse_coordinate_attack,c4_drift_aware
3,0.2828626232700025,0.01973604893161357,0.38527495478103846,0.5474922308884818,False,c4_drift_aware__dirichlet_a0.1__sparse_coordinate_attack__seed46,46,dirichlet_a0.1,sparse_coordinate_attack,c4_drift_aware
4,0.26759427939866165,0.015229330979690536,0.34662080078537383,0.5474922308884818,False,c4_drift_aware__dirichlet_a0.1__sparse_coordinate_attack__seed46,46,dirichlet_a0.1,sparse_coordinate_attack,c4_drift_aware
5,0.2564186785493625,0.01884922948463491,0.35422921526808154,0.5474922308884818,False,c4_drift_aware__dirichlet_a0.1__sparse_coordinate_attack__seed46,46,dirichlet_a0.1,sparse_coordinate_attack,c4_drift_aware
6,0.25529137261571433,0.01980951981089976,0.3580849518664543,0.5474922308884818,False,c4_drift_aware__dirichlet_a0.1__sparse_coordinate_attack__seed46,46,dirichlet_a0.1,sparse_coordinate_attack,c4_drift_aware
7,0.25258189772518663,0.019957747107427037,0.3561446432403363,0.5474922308884818,False,c4_drift_aware__dirichlet_a0.1__sparse_coordinate_attack__seed46,46,dirichlet_a0.1,sparse_coordinate_attack,c4_drift_aware
8,0.24922536798670825,0.015056017521040521,0.3273525485051396,0.5474922308884818,False,c4_drift_aware__dirichlet_a0.1__sparse_coordinate_attack__seed46,46,dirichlet_a0.1,sparse_coordinate_attack,c4_drift_aware
9,0.2463715518998273,0.012890087535648798,0.3132595051310625,0.5474922308884818,False,c4_drift_aware__dirichlet_a0.1__sparse_coordinate_attack__seed46,46,dirichlet_a0.1,sparse_coordinate_attack,c4_drift_aware
10,0.24877020807853414,0.013251102408609716,0.31753150358705085,0.5474922308884818,False,c4_drift_aware__dirichlet_a0.1__sparse_coordinate_attack__seed46,46,dirichlet_a0.1,sparse_coordinate_attack,c4_drift_aware
11,0.23081276428137398,0.018279571077498308,0.32566728655962046,0.5474922308884818,False,c4_drift_aware__dirichlet_a0.1__sparse_coordinate_attack__seed46,46,dirichlet_a0.1,sparse_coordinate_attack,c4_drift_aware
12,0.23164706157615833,0.014087382583071684,0.30474789853797557,0.5474922308884818,False,c4_drift_aware__dirichlet_a0.1__sparse_coordinate_attack__seed46,46,dirichlet_a0.1,sparse_coordinate_attack,c4_drift_aware
13,0.23122326456779668,0.013968830355000128,0.30370892216292783,0.5474922308884818,False,c4_drift_aware__dirichlet_a0.1__sparse_coordinate_attack__seed46,46,dirichlet_a0.1,sparse_coordinate_attack,c4_drift_aware
14,0.2311126482813003,0.007392944371998528,0.26947537592203785,0.5474922308884818,False,c4_drift_aware__dirichlet_a0.1__sparse_coordinate_attack__seed46,46,dirichlet_a0.1,sparse_coordinate_attack,c4_drift_aware
15,0.2642036985017535,0.07854042676877529,0.6717578270476053,0.5474922308884818,False,c4_drift_aware__dirichlet_a0.1__sparse_coordinate_attack__seed46,46,dirichlet_a0.1,sparse_coordinate_attack,c4_drift_aware
16,0.24132385032527298,0.024634271607351016,0.36915354912297815,0.5474922308884818,False,c4_drift_aware__dirichlet_a0.1__sparse_coordinate_attack__seed46,46,dirichlet_a0.1,sparse_coordinate_attack,c4_drift_aware
17,0.2430610170407367,0.017053254807361612,0.3315520615616169,0.5474922308884818,False,c4_drift_aware__dirichlet_a0.1__sparse_coordinate_attack__seed46,46,dirichlet_a0.1,sparse_coordinate_attack,c4_drift_aware
18,0.24952336391195162,0.02493244052676785,0.3789002910494027,0.5474922308884818,False,c4_drift_aware__dirichlet_a0.1__sparse_coordinate_attack__seed46,46,dirichlet_a0.1,sparse_coordinate_attack,c4_drift_aware
19,0.2522191782633003,0.024087451742579202,0.37721137410071803,0.5474922308884818,False,c4_drift_aware__dirichlet_a0.1__sparse_coordinate_attack__seed46,46,dirichlet_a0.1,sparse_coordinate_attack,c4_drift_aware
20,0.2477684086659823,0.005649038287368485,0.2770818332429661,0.5474922308884818,False,c4_drift_aware__dirichlet_a0.1__sparse_coordinate_attack__seed46,46,dirichlet_a0.1,sparse_coordinate_attack,c4_drift_aware
21,0.2762462003399354,0.06116954236978167,0.5936610726509695,0.5474922308884818,False,c4_drift_aware__dirichlet_a0.1__sparse_coordinate_attack__seed46,46,dirichlet_a0.1,sparse_coordinate_attack,c4_drift_aware
22,0.2988146719970265,0.046965817481206484,0.542524995488755,0.5474922308884818,False,c4_drift_aware__dirichlet_a0.1__sparse_coordinate_attack__seed46,46,dirichlet_a0.1,sparse_coordinate_attack,c4_drift_aware
23,0.2877368907816442,0.022739770798365366,0.4057358354314419,0.5474922308884818,False,c4_drift_aware__dirichlet_a0.1__sparse_coordinate_attack__seed46,46,dirichlet_a0.1,sparse_coordinate_attack,c4_drift_aware
24,0.27501164175891324,0.019950126407183466,0.37853484269842896,0.5474922308884818,False,c4_drift_aware__dirichlet_a0.1__sparse_coordinate_attack__seed46,46,dirichlet_a0.1,sparse_coordinate_attack,c4_drift_aware
0,0.5859354438684254,0.011288980198137288,0.6445150910145796,0.5474922308884818,False,c4_drift_aware__dirichlet_a0.1__full_sign_flip__seed46,46,dirichlet_a0.1,full_sign_flip,c4_drift_aware
1,0.3862097737957346,0.028942321945398974,0.5363943766026045,0.5474922308884818,False,c4_drift_aware__dirichlet_a0.1__full_sign_flip__seed46,46,dirichlet_a0.1,full_sign_flip,c4_drift_aware
2,0.3196023884186803,0.021597227165081723,0.4316725599010059,0.5474922308884818,False,c4_drift_aware__dirichlet_a0.1__full_sign_flip__seed46,46,dirichlet_a0.1,full_sign_flip,c4_drift_aware
3,0.2828449567643162,0.019700142922242703,0.3850709684021258,0.5474922308884818,False,c4_drift_aware__dirichlet_a0.1__full_sign_flip__seed46,46,dirichlet_a0.1,full_sign_flip,c4_drift_aware
4,0.26766059144810433,0.015445717086427169,0.34780996198128356,0.5474922308884818,False,c4_drift_aware__dirichlet_a0.1__full_sign_flip__seed46,46,dirichlet_a0.1,full_sign_flip,c4_drift_aware
5,0.25617358618714986,0.01846934176653331,0.3520128475478679,0.5474922308884818,False,c4_drift_aware__dirichlet_a0.1__full_sign_flip__seed46,46,dirichlet_a0.1,full_sign_flip,c4_drift_aware
6,0.2552904133707167,0.01932143364514874,0.355551264698758,0.5474922308884818,False,c4_drift_aware__dirichlet_a0.1__full_sign_flip__seed46,46,dirichlet_a0.1,full_sign_flip,c4_drift_aware
7,0.25252309315079585,0.01983457349487222,0.3554466784730373,0.5474922308884818,False,c4_drift_aware__dirichlet_a0.1__full_sign_flip__seed46,46,dirichlet_a0.1,full_sign_flip,c4_drift_aware
8,0.24995479649205307,0.014433471968564232,0.32485152588412974,0.5474922308884818,False,c4_drift_aware__dirichlet_a0.1__full_sign_flip__seed46,46,dirichlet_a0.1,full_sign_flip,c4_drift_aware
9,0.24757201264047388,0.01376070587577155,0.31897769150044003,0.5474922308884818,False,c4_drift_aware__dirichlet_a0.1__full_sign_flip__seed46,46,dirichlet_a0.1,full_sign_flip,c4_drift_aware
10,0.2429742810799733,0.003703546049289047,0.2621923518843391,0.5474922308884818,False,c4_drift_aware__dirichlet_a0.1__full_sign_flip__seed46,46,dirichlet_a0.1,full_sign_flip,c4_drift_aware
11,0.23279845871242114,0.003881789368445382,0.2529414519242211,0.5474922308884818,False,c4_drift_aware__dirichlet_a0.1__full_sign_flip__seed46,46,dirichlet_a0.1,full_sign_flip,c4_drift_aware
12,0.2265688966781833,0.015950547582501556,0.30933788313854216,0.5474922308884818,False,c4_drift_aware__dirichlet_a0.1__full_sign_flip__seed46,46,dirichlet_a0.1,full_sign_flip,c4_drift_aware
13,0.23225591446170493,0.019006640974307043,0.33088327514148164,0.5474922308884818,False,c4_drift_aware__dirichlet_a0.1__full_sign_flip__seed46,46,dirichlet_a0.1,full_sign_flip,c4_drift_aware
14,0.23012971444581157,0.0070730399974643365,0.26683242629665377,0.5474922308884818,False,c4_drift_aware__dirichlet_a0.1__full_sign_flip__seed46,46,dirichlet_a0.1,full_sign_flip,c4_drift_aware
15,0.2648072284073311,0.07248346654546889,0.6409311846584237,0.5474922308884818,False,c4_drift_aware__dirichlet_a0.1__full_sign_flip__seed46,46,dirichlet_a0.1,full_sign_flip,c4_drift_aware
16,0.23446085649029572,0.004899477966208321,0.2598847376047473,0.5474922308884818,False,c4_drift_aware__dirichlet_a0.1__full_sign_flip__seed46,46,dirichlet_a0.1,full_sign_flip,c4_drift_aware
17,0.2725865734731596,0.08449182575409006,0.7110231064937084,0.5474922308884818,False,c4_drift_aware__dirichlet_a0.1__full_sign_flip__seed46,46,dirichlet_a0.1,full_sign_flip,c4_drift_aware
18,0.24865299583417858,0.027332743325630293,0.3904853342252067,0.5474922308884818,False,c4_drift_aware__dirichlet_a0.1__full_sign_flip__seed46,46,dirichlet_a0.1,full_sign_flip,c4_drift_aware
19,0.2505180507949132,0.014763667143855685,0.3271281959710947,0.5474922308884818,False,c4_drift_aware__dirichlet_a0.1__full_sign_flip__seed46,46,dirichlet_a0.1,full_sign_flip,c4_drift_aware
20,0.25383823709605746,0.010222117210987036,0.3068818255155903,0.5474922308884818,False,c4_drift_aware__dirichlet_a0.1__full_sign_flip__seed46,46,dirichlet_a0.1,full_sign_flip,c4_drift_aware
21,0.2628193782651396,0.015052955899474113,0.34093067172310076,0.5474922308884818,False,c4_drift_aware__dirichlet_a0.1__full_sign_flip__seed46,46,dirichlet_a0.1,full_sign_flip,c4_drift_aware
22,0.2698457759755282,0.009150935801790439,0.317330896944599,0.5474922308884818,False,c4_drift_aware__dirichlet_a0.1__full_sign_flip__seed46,46,dirichlet_a0.1,full_sign_flip,c4_drift_aware
23,0.27594005432991847,0.028208316632793773,0.42231583016914864,0.5474922308884818,False,c4_drift_aware__dirichlet_a0.1__full_sign_flip__seed46,46,dirichlet_a0.1,full_sign_flip,c4_drift_aware
24,0.2770618677289526,0.02265839219432486,0.3946385306645237,0.5474922308884818,False,c4_drift_aware__dirichlet_a0.1__full_sign_flip__seed46,46,dirichlet_a0.1,full_sign_flip,c4_drift_aware
0,0.5859354581968363,0.01128894242938916,0.6445149093571796,0.5474922308884818,False,c4_drift_aware__dirichlet_a0.1__low_norm__seed46,46,dirichlet_a0.1,low_norm,c4_drift_aware
1,0.3862398483698863,0.028916070331443278,0.5362882289267786,0.5474922308884818,False,c4_drift_aware__dirichlet_a0.1__low_norm__seed46,46,dirichlet_a0.1,low_norm,c4_drift_aware
2,0.3195254350999815,0.02153152007228315,0.43125464590706597,0.5474922308884818,False,c4_drift_aware__dirichlet_a0.1__low_norm__seed46,46,dirichlet_a0.1,low_norm,c4_drift_aware
3,0.2828278668482459,0.019935592809568248,0.3862756514963765,0.5474922308884818,False,c4_drift_aware__dirichlet_a0.1__low_norm__seed46,46,dirichlet_a0.1,low_norm,c4_drift_aware
4,0.2676305191777068,0.015031133952880416,0.3456285763725986,0.5474922308884818,False,c4_drift_aware__dirichlet_a0.1__low_norm__seed46,46,dirichlet_a0.1,low_norm,c4_drift_aware
5,0.2563336924847197,0.018854664071875638,0.35417242982008956,0.5474922308884818,False,c4_drift_aware__dirichlet_a0.1__low_norm__seed46,46,dirichlet_a0.1,low_norm,c4_drift_aware
6,0.2553309080035414,0.019656050749090603,0.3573281209456475,0.5474922308884818,False,c4_drift_aware__dirichlet_a0.1__low_norm__seed46,46,dirichlet_a0.1,low_norm,c4_drift_aware
7,0.2526146846066637,0.020044311870986986,0.35662662333640227,0.5474922308884818,False,c4_drift_aware__dirichlet_a0.1__low_norm__seed46,46,dirichlet_a0.1,low_norm,c4_drift_aware
8,0.24977924145946576,0.014665771231249541,0.32588139495554275,0.5474922308884818,False,c4_drift_aware__dirichlet_a0.1__low_norm__seed46,46,dirichlet_a0.1,low_norm,c4_drift_aware
9,0.24727446742927775,0.013688862124663886,0.31830734188037113,0.5474922308884818,False,c4_drift_aware__dirichlet_a0.1__low_norm__seed46,46,dirichlet_a0.1,low_norm,c4_drift_aware
10,0.23929151290453943,0.007418647928507299,0.27778761887035663,0.5474922308884818,False,c4_drift_aware__dirichlet_a0.1__low_norm__seed46,46,dirichlet_a0.1,low_norm,c4_drift_aware
11,0.23226827112250592,0.0029957389160737424,0.24781345993190418,0.5474922308884818,False,c4_drift_aware__dirichlet_a0.1__low_norm__seed46,46,dirichlet_a0.1,low_norm,c4_drift_aware
12,0.22639794415988604,0.014257945922415416,0.30038385134589185,0.5474922308884818,False,c4_drift_aware__dirichlet_a0.1__low_norm__seed46,46,dirichlet_a0.1,low_norm,c4_drift_aware
13,0.2201017649974475,0.012175465559249643,0.28328147333094983,0.5474922308884818,False,c4_drift_aware__dirichlet_a0.1__low_norm__seed46,46,dirichlet_a0.1,low_norm,c4_drift_aware
14,0.22344997659932722,0.004089173419614012,0.24466910639104628,0.5474922308884818,False,c4_drift_aware__dirichlet_a0.1__low_norm__seed46,46,dirichlet_a0.1,low_norm,c4_drift_aware
15,0.2050174635303552,0.048051880538546504,0.4543634768329269,0.5474922308884818,False,c4_drift_aware__dirichlet_a0.1__low_norm__seed46,46,dirichlet_a0.1,low_norm,c4_drift_aware
16,0.22797255208244507,0.009000264421738013,0.2746758241932858,0.5474922308884818,False,c4_drift_aware__dirichlet_a0.1__low_norm__seed46,46,dirichlet_a0.1,low_norm,c4_drift_aware
17,0.20956927471068823,0.05006149005508123,0.4693433527555102,0.5474922308884818,False,c4_drift_aware__dirichlet_a0.1__low_norm__seed46,46,dirichlet_a0.1,low_norm,c4_drift_aware
18,0.2334654181533913,0.020780675199378512,0.34129841983048637,0.5474922308884818,False,c4_drift_aware__dirichlet_a0.1__low_norm__seed46,46,dirichlet_a0.1,low_norm,c4_drift_aware
19,0.24221681148081703,0.018062190582540882,0.33594332463267995,0.5474922308884818,False,c4_drift_aware__dirichlet_a0.1__low_norm__seed46,46,dirichlet_a0.1,low_norm,c4_drift_aware
20,0.2425169937532449,0.007065432228726659,0.2791802281313304,0.5474922308884818,False,c4_drift_aware__dirichlet_a0.1__low_norm__seed46,46,dirichlet_a0.1,low_norm,c4_drift_aware
21,0.2148712198204465,0.052443363317444425,0.48700507641099733,0.5474922308884818,False,c4_drift_aware__dirichlet_a0.1__low_norm__seed46,46,dirichlet_a0.1,low_norm,c4_drift_aware
22,0.23528864096936797,0.023855607842520388,0.3590777756249905,0.5474922308884818,False,c4_drift_aware__dirichlet_a0.1__low_norm__seed46,46,dirichlet_a0.1,low_norm,c4_drift_aware
23,0.2482991589375972,0.00662342584917025,0.2826687780115265,0.5474922308884818,False,c4_drift_aware__dirichlet_a0.1__low_norm__seed46,46,dirichlet_a0.1,low_norm,c4_drift_aware
24,0.2371650979999251,0.030675668575364662,0.39634420980434987,0.5474922308884818,False,c4_drift_aware__dirichlet_a0.1__low_norm__seed46,46,dirichlet_a0.1,low_norm,c4_drift_aware
0,0.5294696612839462,0.19291141435041725,1.5305062814896964,0.5474922308884818,False,c4_drift_aware__dirichlet_a0.1__no_attack__seed47,47,dirichlet_a0.1,no_attack,c4_drift_aware
1,0.46426459408108656,0.023519710840148755,0.5863107256017025,0.5474922308884818,False,c4_drift_aware__dirichlet_a0.1__no_attack__seed47,47,dirichlet_a0.1,no_attack,c4_drift_aware
2,0.3468002324876679,0.02448643301090031,0.4738627820245307,0.5474922308884818,False,c4_drift_aware__dirichlet_a0.1__no_attack__seed47,47,dirichlet_a0.1,no_attack,c4_drift_aware
3,0.3193960461641691,0.04668342852038593,0.5616410250993037,0.5474922308884818,False,c4_drift_aware__dirichlet_a0.1__no_attack__seed47,47,dirichlet_a0.1,no_attack,c4_drift_aware
4,0.28156177315933845,0.01023387507698037,0.3346663743212973,0.5474922308884818,False,c4_drift_aware__dirichlet_a0.1__no_attack__seed47,47,dirichlet_a0.1,no_attack,c4_drift_aware
5,0.2765734173225975,0.03310843132452718,0.4483763783087015,0.5474922308884818,False,c4_drift_aware__dirichlet_a0.1__no_attack__seed47,47,dirichlet_a0.1,no_attack,c4_drift_aware
6,0.2659406022118041,0.023205525651643272,0.3863563953707462,0.5474922308884818,False,c4_drift_aware__dirichlet_a0.1__no_attack__seed47,47,dirichlet_a0.1,no_attack,c4_drift_aware
7,0.2716677012835767,0.003398750133503381,0.2893041556013391,0.5474922308884818,False,c4_drift_aware__dirichlet_a0.1__no_attack__seed47,47,dirichlet_a0.1,no_attack,c4_drift_aware
8,0.2541697692524687,0.004921056326883999,0.27970562263830245,0.5474922308884818,False,c4_drift_aware__dirichlet_a0.1__no_attack__seed47,47,dirichlet_a0.1,no_attack,c4_drift_aware
9,0.25188479620724985,0.021019448674204688,0.3609568173225654,0.5474922308884818,False,c4_drift_aware__dirichlet_a0.1__no_attack__seed47,47,dirichlet_a0.1,no_attack,c4_drift_aware
10,0.2506498713168295,0.014322565087052375,0.32497109381005296,0.5474922308884818,False,c4_drift_aware__dirichlet_a0.1__no_attack__seed47,47,dirichlet_a0.1,no_attack,c4_drift_aware
11,0.2476248054770064,0.01897971654917166,0.34611245262231305,0.5474922308884818,False,c4_drift_aware__dirichlet_a0.1__no_attack__seed47,47,dirichlet_a0.1,no_attack,c4_drift_aware
12,0.24463559825038544,0.0076251624069456625,0.28420332849626717,0.5474922308884818,False,c4_drift_aware__dirichlet_a0.1__no_attack__seed47,47,dirichlet_a0.1,no_attack,c4_drift_aware
13,0.25118199441626105,0.012434823140802631,0.3157075351762,0.5474922308884818,False,c4_drift_aware__dirichlet_a0.1__no_attack__seed47,47,dirichlet_a0.1,no_attack,c4_drift_aware
14,0.23719117858998537,0.01664354481872135,0.32355619700881233,0.5474922308884818,False,c4_drift_aware__dirichlet_a0.1__no_attack__seed47,47,dirichlet_a0.1,no_attack,c4_drift_aware
15,0.24439629721270764,0.008063342175801763,0.28623778609716055,0.5474922308884818,False,c4_drift_aware__dirichlet_a0.1__no_attack__seed47,47,dirichlet_a0.1,no_attack,c4_drift_aware
16,0.23868873019535689,0.017645750303853985,0.3302542930970856,0.5474922308884818,False,c4_drift_aware__dirichlet_a0.1__no_attack__seed47,47,dirichlet_a0.1,no_attack,c4_drift_aware
17,0.23707673018901113,0.017255035073144104,0.3266148326870632,0.5474922308884818,False,c4_drift_aware__dirichlet_a0.1__no_attack__seed47,47,dirichlet_a0.1,no_attack,c4_drift_aware
18,0.24072585980139627,0.015384031165647072,0.3205551359230555,0.5474922308884818,False,c4_drift_aware__dirichlet_a0.1__no_attack__seed47,47,dirichlet_a0.1,no_attack,c4_drift_aware
19,0.23365631236675735,0.014402931284331871,0.30839456309428387,0.5474922308884818,False,c4_drift_aware__dirichlet_a0.1__no_attack__seed47,47,dirichlet_a0.1,no_attack,c4_drift_aware
20,0.2413000762862673,0.02178315524766422,0.3543350471819217,0.5474922308884818,False,c4_drift_aware__dirichlet_a0.1__no_attack__seed47,47,dirichlet_a0.1,no_attack,c4_drift_aware
21,0.22765203369977427,0.012073466772197089,0.2903024601273822,0.5474922308884818,False,c4_drift_aware__dirichlet_a0.1__no_attack__seed47,47,dirichlet_a0.1,no_attack,c4_drift_aware
22,0.22198008058762156,0.01978148473595623,0.324628183030972,0.5474922308884818,False,c4_drift_aware__dirichlet_a0.1__no_attack__seed47,47,dirichlet_a0.1,no_attack,c4_drift_aware
23,0.2256139067853908,0.030068744953647836,0.3816436312243648,0.5474922308884818,False,c4_drift_aware__dirichlet_a0.1__no_attack__seed47,47,dirichlet_a0.1,no_attack,c4_drift_aware
24,0.21984154872788053,0.02635616111540831,0.3566063043718458,0.5474922308884818,False,c4_drift_aware__dirichlet_a0.1__no_attack__seed47,47,dirichlet_a0.1,no_attack,c4_drift_aware
0,0.529469645767128,0.19291140848179122,1.5305062355199908,0.5474922308884818,False,c4_drift_aware__dirichlet_a0.1__large_norm__seed47,47,dirichlet_a0.1,large_norm,c4_drift_aware
1,0.46426474848645793,0.023519941128595567,0.5863120749968532,0.5474922308884818,False,c4_drift_aware__dirichlet_a0.1__large_norm__seed47,47,dirichlet_a0.1,large_norm,c4_drift_aware
2,0.3463185488842599,0.024092313554439082,0.47133597314959974,0.5474922308884818,False,c4_drift_aware__dirichlet_a0.1__large_norm__seed47,47,dirichlet_a0.1,large_norm,c4_drift_aware
3,0.31892521598997264,0.04638611608628168,0.5596274109732969,0.5474922308884818,False,c4_drift_aware__dirichlet_a0.1__large_norm__seed47,47,dirichlet_a0.1,large_norm,c4_drift_aware
4,0.28074193512047124,0.012251278316756375,0.34431504343395175,0.5474922308884818,False,c4_drift_aware__dirichlet_a0.1__large_norm__seed47,47,dirichlet_a0.1,large_norm,c4_drift_aware
5,0.27698990360609077,0.033458603767634265,0.45060994441672175,0.5474922308884818,False,c4_drift_aware__dirichlet_a0.1__large_norm__seed47,47,dirichlet_a0.1,large_norm,c4_drift_aware
6,0.26567851522414315,0.02300805864793551,0.38506963235414526,0.5474922308884818,False,c4_drift_aware__dirichlet_a0.1__large_norm__seed47,47,dirichlet_a0.1,large_norm,c4_drift_aware
7,0.27171061009332814,0.0041739880035129295,0.2933698512423571,0.5474922308884818,False,c4_drift_aware__dirichlet_a0.1__large_norm__seed47,47,dirichlet_a0.1,large_norm,c4_drift_aware
8,0.2546185804770474,0.00444573919260477,0.2776879657213928,0.5474922308884818,False,c4_drift_aware__dirichlet_a0.1__large_norm__seed47,47,dirichlet_a0.1,large_norm,c4_drift_aware
9,0.25177175265678864,0.019865906781529996,0.35485792953682593,0.5474922308884818,False,c4_drift_aware__dirichlet_a0.1__large_norm__seed47,47,dirichlet_a0.1,large_norm,c4_drift_aware
10,0.24960118076502608,0.02987604607480554,0.4046309714517995,0.5474922308884818,False,c4_drift_aware__dirichlet_a0.1__large_norm__seed47,47,dirichlet_a0.1,large_norm,c4_drift_aware
11,0.35722042705583557,0.15212835871998398,1.1466296932897044,0.5474922308884818,False,c4_drift_aware__dirichlet_a0.1__large_norm__seed47,47,dirichlet_a0.1,large_norm,c4_drift_aware
12,0.31792044950361326,0.11204626553495806,0.899339725991064,0.5474922308884818,False,c4_drift_aware__dirichlet_a0.1__large_norm__seed47,47,dirichlet_a0.1,large_norm,c4_drift_aware
13,0.354992788034564,0.1451846398989014,1.1083704029339532,0.5474922308884818,False,c4_drift_aware__dirichlet_a0.1__large_norm__seed47,47,dirichlet_a0.1,large_norm,c4_drift_aware
14,0.3262048609176117,0.12435510660487559,0.9714959446009716,0.5474922308884818,False,c4_drift_aware__dirichlet_a0.1__large_norm__seed47,47,dirichlet_a0.1,large_norm,c4_drift_aware
15,0.36161162001571373,0.16152669271809053,1.1997897811991574,0.5474922308884818,False,c4_drift_aware__dirichlet_a0.1__large_norm__seed47,47,dirichlet_a0.1,large_norm,c4_drift_aware
16,0.33276591576345915,0.13233451190474807,1.0194629314883872,0.5474922308884818,False,c4_drift_aware__dirichlet_a0.1__large_norm__seed47,47,dirichlet_a0.1,large_norm,c4_drift_aware
17,0.3571891544776331,0.150923085963021,1.1403441398483454,0.5474922308884818,False,c4_drift_aware__dirichlet_a0.1__large_norm__seed47,47,dirichlet_a0.1,large_norm,c4_drift_aware
18,0.31301756867027947,0.11813734711197457,0.9260440765690268,0.5474922308884818,False,c4_drift_aware__dirichlet_a0.1__large_norm__seed47,47,dirichlet_a0.1,large_norm,c4_drift_aware
19,0.38454398744703,0.04431916833658467,0.6145205838624015,0.5474922308884818,False,c4_drift_aware__dirichlet_a0.1__large_norm__seed47,47,dirichlet_a0.1,large_norm,c4_drift_aware
20,0.40588476741596624,0.07155159265541167,0.7771731368641629,0.5474922308884818,False,c4_drift_aware__dirichlet_a0.1__large_norm__seed47,47,dirichlet_a0.1,large_norm,c4_drift_aware
21,0.4038071569037871,0.07521581536156341,0.7941095443964759,0.5474922308884818,False,c4_drift_aware__dirichlet_a0.1__large_norm__seed47,47,dirichlet_a0.1,large_norm,c4_drift_aware
22,0.41758124055825074,0.08651802959596061,0.8665319479346499,0.5474922308884818,False,c4_drift_aware__dirichlet_a0.1__large_norm__seed47,47,dirichlet_a0.1,large_norm,c4_drift_aware
23,0.39872517254267936,0.07130758375786089,0.7687473554205952,0.5474922308884818,False,c4_drift_aware__dirichlet_a0.1__large_norm__seed47,47,dirichlet_a0.1,large_norm,c4_drift_aware
24,0.322833566560402,0.1140237901918224,0.9145144162447876,0.5474922308884818,False,c4_drift_aware__dirichlet_a0.1__large_norm__seed47,47,dirichlet_a0.1,large_norm,c4_drift_aware
0,0.5294696419190823,0.19291142988981158,1.5305063427603036,0.5474922308884818,False,c4_drift_aware__dirichlet_a0.1__directional_poisoning__seed47,47,dirichlet_a0.1,directional_poisoning,c4_drift_aware
1,0.46426401468695977,0.02351912306939724,0.586307096206369,0.5474922308884818,False,c4_drift_aware__dirichlet_a0.1__directional_poisoning__seed47,47,dirichlet_a0.1,directional_poisoning,c4_drift_aware
2,0.34665405058468807,0.024341488239607523,0.47296446720883545,0.5474922308884818,False,c4_drift_aware__dirichlet_a0.1__directional_poisoning__seed47,47,dirichlet_a0.1,directional_poisoning,c4_drift_aware
3,0.3194801788851476,0.04679908595251925,0.5623253158013652,0.5474922308884818,False,c4_drift_aware__dirichlet_a0.1__directional_poisoning__seed47,47,dirichlet_a0.1,directional_poisoning,c4_drift_aware
4,0.2816819538288008,0.01017516940259422,0.33448192537580246,0.5474922308884818,False,c4_drift_aware__dirichlet_a0.1__directional_poisoning__seed47,47,dirichlet_a0.1,directional_poisoning,c4_drift_aware
5,0.27670608003162767,0.03314365632525018,0.44869182706898336,0.5474922308884818,False,c4_drift_aware__dirichlet_a0.1__directional_poisoning__seed47,47,dirichlet_a0.1,directional_poisoning,c4_drift_aware
6,0.26566687282836293,0.02316140564291394,0.38585372285000763,0.5474922308884818,False,c4_drift_aware__dirichlet_a0.1__directional_poisoning__seed47,47,dirichlet_a0.1,directional_poisoning,c4_drift_aware
7,0.2716289319635468,0.0038949798195623275,0.2918403717452377,0.5474922308884818,False,c4_drift_aware__dirichlet_a0.1__directional_poisoning__seed47,47,dirichlet_a0.1,directional_poisoning,c4_drift_aware
8,0.25437237133008744,0.004832842468860954,0.2794504741852538,0.5474922308884818,False,c4_drift_aware__dirichlet_a0.1__directional_poisoning__seed47,47,dirichlet_a0.1,directional_poisoning,c4_drift_aware
9,0.25191081193164766,0.020571915179596056,0.35866053699008954,0.5474922308884818,False,c4_drift_aware__dirichlet_a0.1__directional_poisoning__seed47,47,dirichlet_a0.1,directional_poisoning,c4_drift_aware
10,0.25021661748658075,0.015213455481397797,0.329160759325102,0.5474922308884818,False,c4_drift_aware__dirichlet_a0.1__directional_poisoning__seed47,47,dirichlet_a0.1,directional_poisoning,c4_drift_aware
11,0.2515352630825357,0.04563372524945386,0.48833322677447677,0.5474922308884818,False,c4_drift_aware__dirichlet_a0.1__directional_poisoning__seed47,47,dirichlet_a0.1,directional_poisoning,c4_drift_aware
12,0.27603399977368476,0.04833603268154546,0.5268545069614923,0.5474922308884818,False,c4_drift_aware__dirichlet_a0.1__directional_poisoning__seed47,47,dirichlet_a0.1,directional_poisoning,c4_drift_aware
13,0.2683963270241663,0.04809289176121423,0.5179551516622831,0.5474922308884818,False,c4_drift_aware__dirichlet_a0.1__directional_poisoning__seed47,47,dirichlet_a0.1,directional_poisoning,c4_drift_aware
14,0.2603144113481747,0.03373710838417271,0.4353796404644853,0.5474922308884818,False,c4_drift_aware__dirichlet_a0.1__directional_poisoning__seed47,47,dirichlet_a0.1,directional_poisoning,c4_drift_aware
15,0.2766883857727389,0.013816595833206047,0.3483840832108284,0.5474922308884818,False,c4_drift_aware__dirichlet_a0.1__directional_poisoning__seed47,47,dirichlet_a0.1,directional_poisoning,c4_drift_aware
16,0.27341001090364764,0.04509997804060625,0.5074383069541575,0.5474922308884818,False,c4_drift_aware__dirichlet_a0.1__directional_poisoning__seed47,47,dirichlet_a0.1,directional_poisoning,c4_drift_aware
17,0.2766770571656155,0.047214729796854704,0.5216790115544743,0.5474922308884818,False,c4_drift_aware__dirichlet_a0.1__directional_poisoning__seed47,47,dirichlet_a0.1,directional_poisoning,c4_drift_aware
18,0.2615180833596254,0.03846549892863593,0.4611194038502101,0.5474922308884818,False,c4_drift_aware__dirichlet_a0.1__directional_poisoning__seed47,47,dirichlet_a0.1,directional_poisoning,c4_drift_aware
19,0.25541056144705887,0.04999733257973865,0.5148517199365807,0.5474922308884818,False,c4_drift_aware__dirichlet_a0.1__directional_poisoning__seed47,47,dirichlet_a0.1,directional_poisoning,c4_drift_aware
20,0.26876569358759383,0.025530250615873717,0.4012447170584241,0.5474922308884818,False,c4_drift_aware__dirichlet_a0.1__directional_poisoning__seed47,47,dirichlet_a0.1,directional_poisoning,c4_drift_aware
21,0.2628237397291194,0.006437491166189302,0.2962285251395923,0.5474922308884818,False,c4_drift_aware__dirichlet_a0.1__directional_poisoning__seed47,47,dirichlet_a0.1,directional_poisoning,c4_drift_aware
22,0.25511585421403954,0.029175050891049215,0.40650811079278304,0.5474922308884818,False,c4_drift_aware__dirichlet_a0.1__directional_poisoning__seed47,47,dirichlet_a0.1,directional_poisoning,c4_drift_aware
23,0.24712163564068765,0.0299361582469356,0.40246335439986114,0.5474922308884818,False,c4_drift_aware__dirichlet_a0.1__directional_poisoning__seed47,47,dirichlet_a0.1,directional_poisoning,c4_drift_aware
24,0.2593657941561435,0.030501591946236695,0.41764160492436037,0.5474922308884818,False,c4_drift_aware__dirichlet_a0.1__directional_poisoning__seed47,47,dirichlet_a0.1,directional_poisoning,c4_drift_aware
0,0.5294696458077256,0.19291140542809515,1.530506219714654,0.5474922308884818,False,c4_drift_aware__dirichlet_a0.1__sparse_coordinate_attack__seed47,47,dirichlet_a0.1,sparse_coordinate_attack,c4_drift_aware
1,0.464264581922126,0.02351969098152107,0.586310610394337,0.5474922308884818,False,c4_drift_aware__dirichlet_a0.1__sparse_coordinate_attack__seed47,47,dirichlet_a0.1,sparse_coordinate_attack,c4_drift_aware
2,0.346799256297267,0.024485333033730072,0.4738560979425957,0.5474922308884818,False,c4_drift_aware__dirichlet_a0.1__sparse_coordinate_attack__seed47,47,dirichlet_a0.1,sparse_coordinate_attack,c4_drift_aware
3,0.3193419287235977,0.046669975413893006,0.5615170981438299,0.5474922308884818,False,c4_drift_aware__dirichlet_a0.1__sparse_coordinate_attack__seed47,47,dirichlet_a0.1,sparse_coordinate_attack,c4_drift_aware
4,0.2813981489558828,0.011230311100377421,0.33967335628685125,0.5474922308884818,False,c4_drift_aware__dirichlet_a0.1__sparse_coordinate_attack__seed47,47,dirichlet_a0.1,sparse_coordinate_attack,c4_drift_aware
5,0.2765657022510966,0.033034535902608936,0.4479852125033246,0.5474922308884818,False,c4_drift_aware__dirichlet_a0.1__sparse_coordinate_attack__seed47,47,dirichlet_a0.1,sparse_coordinate_attack,c4_drift_aware
6,0.26628740935551914,0.023973095259751803,0.3906861979678972,0.5474922308884818,False,c4_drift_aware__dirichlet_a0.1__sparse_coordinate_attack__seed47,47,dirichlet_a0.1,sparse_coordinate_attack,c4_drift_aware
7,0.27165988985840805,0.0030083748198903026,0.28727064763630084,0.5474922308884818,False,c4_drift_aware__dirichlet_a0.1__sparse_coordinate_attack__seed47,47,dirichlet_a0.1,sparse_coordinate_attack,c4_drift_aware
8,0.25661038010473897,0.004516377265557814,0.280046313373445,0.5474922308884818,False,c4_drift_aware__dirichlet_a0.1__sparse_coordinate_attack__seed47,47,dirichlet_a0.1,sparse_coordinate_attack,c4_drift_aware
9,0.2518483255354219,0.019335838593282084,0.352183925579822,0.5474922308884818,False,c4_drift_aware__dirichlet_a0.1__sparse_coordinate_attack__seed47,47,dirichlet_a0.1,sparse_coordinate_attack,c4_drift_aware
10,0.2537171575140597,0.03248027050088309,0.4222605291701922,0.5474922308884818,False,c4_drift_aware__dirichlet_a0.1__sparse_coordinate_attack__seed47,47,dirichlet_a0.1,sparse_coordinate_attack,c4_drift_aware
11,0.27599772647252774,0.041668569151713714,0.49222009865768535,0.5474922308884818,False,c4_drift_aware__dirichlet_a0.1__sparse_coordinate_attack__seed47,47,dirichlet_a0.1,sparse_coordinate_attack,c4_drift_aware
12,0.28402460714351,0.028655943840708464,0.43272316532733035,0.5474922308884818,False,c4_drift_aware__dirichlet_a0.1__sparse_coordinate_attack__seed47,47,dirichlet_a0.1,sparse_coordinate_attack,c4_drift_aware
13,0.2729398833408734,0.022158721313782215,0.38792370411022065,0.5474922308884818,False,c4_drift_aware__dirichlet_a0.1__sparse_coordinate_attack__seed47,47,dirichlet_a0.1,sparse_coordinate_attack,c4_drift_aware
14,0.2671879065799089,0.054233470413497464,0.5486108079025885,0.5474922308884818,False,c4_drift_aware__dirichlet_a0.1__sparse_coordinate_attack__seed47,47,dirichlet_a0.1,sparse_coordinate_attack,c4_drift_aware
15,0.27429211558352856,0.014512123076035277,0.3495969734373832,0.5474922308884818,False,c4_drift_aware__dirichlet_a0.1__sparse_coordinate_attack__seed47,47,dirichlet_a0.1,sparse_coordinate_attack,c4_drift_aware
16,0.2688357580879183,0.04454952126494721,0.5000076788838559,0.5474922308884818,False,c4_drift_aware__dirichlet_a0.1__sparse_coordinate_attack__seed47,47,dirichlet_a0.1,sparse_coordinate_attack,c4_drift_aware
17,0.27496906995376547,0.021714560595818555,0.3876480963415275,0.5474922308884818,False,c4_drift_aware__dirichlet_a0.1__sparse_coordinate_attack__seed47,47,dirichlet_a0.1,sparse_coordinate_attack,c4_drift_aware
18,0.25917948231583793,0.0467834876462046,0.5019436780607582,0.5474922308884818,False,c4_drift_aware__dirichlet_a0.1__sparse_coordinate_attack__seed47,47,dirichlet_a0.1,sparse_coordinate_attack,c4_drift_aware
19,0.26760283192875783,0.020512951655027506,0.3740465893618611,0.5474922308884818,False,c4_drift_aware__dirichlet_a0.1__sparse_coordinate_attack__seed47,47,dirichlet_a0.1,sparse_coordinate_attack,c4_drift_aware
20,0.25181934355495283,0.04540376386369405,0.4874240146200476,0.5474922308884818,False,c4_drift_aware__dirichlet_a0.1__sparse_coordinate_attack__seed47,47,dirichlet_a0.1,sparse_coordinate_attack,c4_drift_aware
21,0.2703371972864276,0.026015770411486505,0.4053356315286722,0.5474922308884818,False,c4_drift_aware__dirichlet_a0.1__sparse_coordinate_attack__seed47,47,dirichlet_a0.1,sparse_coordinate_attack,c4_drift_aware
22,0.25003604918307654,0.04904727620334087,0.5045472701298326,0.5474922308884818,False,c4_drift_aware__dirichlet_a0.1__sparse_coordinate_attack__seed47,47,dirichlet_a0.1,sparse_coordinate_attack,c4_drift_aware
23,0.2423462822025326,0.03296944963424667,0.41342805329960197,0.5474922308884818,False,c4_drift_aware__dirichlet_a0.1__sparse_coordinate_attack__seed47,47,dirichlet_a0.1,sparse_coordinate_attack,c4_drift_aware
24,0.2609818056682333,0.03582342315975823,0.44687313078653473,0.5474922308884818,False,c4_drift_aware__dirichlet_a0.1__sparse_coordinate_attack__seed47,47,dirichlet_a0.1,sparse_coordinate_attack,c4_drift_aware
0,0.5294696838783406,0.19291137142518344,1.53050608134076,0.5474922308884818,False,c4_drift_aware__dirichlet_a0.1__full_sign_flip__seed47,47,dirichlet_a0.1,full_sign_flip,c4_drift_aware
1,0.4642647712499798,0.02351994190353468,0.5863121017816115,0.5474922308884818,False,c4_drift_aware__dirichlet_a0.1__full_sign_flip__seed47,47,dirichlet_a0.1,full_sign_flip,c4_drift_aware
2,0.34624548678164924,0.02402917187135939,0.4709352625393202,0.5474922308884818,False,c4_drift_aware__dirichlet_a0.1__full_sign_flip__seed47,47,dirichlet_a0.1,full_sign_flip,c4_drift_aware
3,0.31888704387462297,0.04619410990384093,0.5585928995766439,0.5474922308884818,False,c4_drift_aware__dirichlet_a0.1__full_sign_flip__seed47,47,dirichlet_a0.1,full_sign_flip,c4_drift_aware
4,0.28093928210070823,0.011654865772511291,0.34141754608084657,0.5474922308884818,False,c4_drift_aware__dirichlet_a0.1__full_sign_flip__seed47,47,dirichlet_a0.1,full_sign_flip,c4_drift_aware
5,0.2762151727984727,0.03258582245749278,0.44530626411264845,0.5474922308884818,False,c4_drift_aware__dirichlet_a0.1__full_sign_flip__seed47,47,dirichlet_a0.1,full_sign_flip,c4_drift_aware
6,0.2660709232033838,0.023521606135087497,0.38812688959896635,0.5474922308884818,False,c4_drift_aware__dirichlet_a0.1__full_sign_flip__seed47,47,dirichlet_a0.1,full_sign_flip,c4_drift_aware
7,0.27166541031855596,0.003799585937792227,0.2913818417083536,0.5474922308884818,False,c4_drift_aware__dirichlet_a0.1__full_sign_flip__seed47,47,dirichlet_a0.1,full_sign_flip,c4_drift_aware
8,0.25420530717367457,0.004835827175815488,0.2792988979716987,0.5474922308884818,False,c4_drift_aware__dirichlet_a0.1__full_sign_flip__seed47,47,dirichlet_a0.1,full_sign_flip,c4_drift_aware
9,0.2516211286741484,0.020497982914689405,0.3579872118167632,0.5474922308884818,False,c4_drift_aware__dirichlet_a0.1__full_sign_flip__seed47,47,dirichlet_a0.1,full_sign_flip,c4_drift_aware
10,0.25041831003823156,0.014355443782363142,0.32491014336929214,0.5474922308884818,False,c4_drift_aware__dirichlet_a0.1__full_sign_flip__seed47,47,dirichlet_a0.1,full_sign_flip,c4_drift_aware
11,0.24928068006232668,0.044824487601509505,0.48187942867531963,0.5474922308884818,False,c4_drift_aware__dirichlet_a0.1__full_sign_flip__seed47,47,dirichlet_a0.1,full_sign_flip,c4_drift_aware
12,0.2744384369053305,0.05081408324839776,0.5381177962895913,0.5474922308884818,False,c4_drift_aware__dirichlet_a0.1__full_sign_flip__seed47,47,dirichlet_a0.1,full_sign_flip,c4_drift_aware
13,0.26942238246017636,0.04521024674191437,0.5040228738286442,0.5474922308884818,False,c4_drift_aware__dirichlet_a0.1__full_sign_flip__seed47,47,dirichlet_a0.1,full_sign_flip,c4_drift_aware
14,0.2607390333599668,0.033036526416942824,0.4321688725901248,0.5474922308884818,False,c4_drift_aware__dirichlet_a0.1__full_sign_flip__seed47,47,dirichlet_a0.1,full_sign_flip,c4_drift_aware
15,0.2770731364294879,0.012369023862251083,0.341257238153095,0.5474922308884818,False,c4_drift_aware__dirichlet_a0.1__full_sign_flip__seed47,47,dirichlet_a0.1,full_sign_flip,c4_drift_aware
16,0.27250974346735757,0.04358819914120399,0.4986932676309792,0.5474922308884818,False,c4_drift_aware__dirichlet_a0.1__full_sign_flip__seed47,47,dirichlet_a0.1,full_sign_flip,c4_drift_aware
17,0.2771039771354521,0.04872344622138161,0.5299348119228233,0.5474922308884818,False,c4_drift_aware__dirichlet_a0.1__full_sign_flip__seed47,47,dirichlet_a0.1,full_sign_flip,c4_drift_aware
18,0.2619391709943835,0.03899260916959632,0.4642757192363358,0.5474922308884818,False,c4_drift_aware__dirichlet_a0.1__full_sign_flip__seed47,47,dirichlet_a0.1,full_sign_flip,c4_drift_aware
19,0.2566553985003217,0.048211551556003485,0.5068299606795794,0.5474922308884818,False,c4_drift_aware__dirichlet_a0.1__full_sign_flip__seed47,47,dirichlet_a0.1,full_sign_flip,c4_drift_aware
20,0.2693765679397444,0.026848655867714982,0.40869692810290426,0.5474922308884818,False,c4_drift_aware__dirichlet_a0.1__full_sign_flip__seed47,47,dirichlet_a0.1,full_sign_flip,c4_drift_aware
21,0.26129233992121215,0.007273941581036614,0.2990375501793692,0.5474922308884818,False,c4_drift_aware__dirichlet_a0.1__full_sign_flip__seed47,47,dirichlet_a0.1,full_sign_flip,c4_drift_aware
22,0.2569522623430271,0.03059443266912512,0.41570983290638425,0.5474922308884818,False,c4_drift_aware__dirichlet_a0.1__full_sign_flip__seed47,47,dirichlet_a0.1,full_sign_flip,c4_drift_aware
23,0.24581915257387163,0.03182416749741632,0.41095794013471465,0.5474922308884818,False,c4_drift_aware__dirichlet_a0.1__full_sign_flip__seed47,47,dirichlet_a0.1,full_sign_flip,c4_drift_aware
24,0.2567858889496521,0.03305687606978869,0.42832132456339256,0.5474922308884818,False,c4_drift_aware__dirichlet_a0.1__full_sign_flip__seed47,47,dirichlet_a0.1,full_sign_flip,c4_drift_aware
0,0.5294696413170316,0.19291141758111174,1.5305062782871786,0.5474922308884818,False,c4_drift_aware__dirichlet_a0.1__low_norm__seed47,47,dirichlet_a0.1,low_norm,c4_drift_aware
1,0.46426457495701773,0.023519689524284293,0.5863105958674814,0.5474922308884818,False,c4_drift_aware__dirichlet_a0.1__low_norm__seed47,47,dirichlet_a0.1,low_norm,c4_drift_aware
2,0.3467992328341843,0.02448527320158206,0.47385576400451374,0.5474922308884818,False,c4_drift_aware__dirichlet_a0.1__low_norm__seed47,47,dirichlet_a0.1,low_norm,c4_drift_aware
3,0.31944472061474427,0.046761325919009666,0.5620939169410774,0.5474922308884818,False,c4_drift_aware__dirichlet_a0.1__low_norm__seed47,47,dirichlet_a0.1,low_norm,c4_drift_aware
4,0.2804733724732888,0.011739357078685841,0.3413900702902975,0.5474922308884818,False,c4_drift_aware__dirichlet_a0.1__low_norm__seed47,47,dirichlet_a0.1,low_norm,c4_drift_aware
5,0.27673140001386903,0.03315790260248372,0.4487910724084173,0.5474922308884818,False,c4_drift_aware__dirichlet_a0.1__low_norm__seed47,47,dirichlet_a0.1,low_norm,c4_drift_aware
6,0.2661761537942642,0.023521415918912186,0.3882311331390914,0.5474922308884818,False,c4_drift_aware__dirichlet_a0.1__low_norm__seed47,47,dirichlet_a0.1,low_norm,c4_drift_aware
7,0.27182459254629604,0.003858526045448618,0.29184687004873344,0.5474922308884818,False,c4_drift_aware__dirichlet_a0.1__low_norm__seed47,47,dirichlet_a0.1,low_norm,c4_drift_aware
8,0.25429570808091795,0.0047658099835006795,0.2790259726663013,0.5474922308884818,False,c4_drift_aware__dirichlet_a0.1__low_norm__seed47,47,dirichlet_a0.1,low_norm,c4_drift_aware
9,0.2520400288626914,0.01988928966617548,0.3552475418694426,0.5474922308884818,False,c4_drift_aware__dirichlet_a0.1__low_norm__seed47,47,dirichlet_a0.1,low_norm,c4_drift_aware
10,0.2503132744131744,0.036661633902434404,0.4405541588962968,0.5474922308884818,False,c4_drift_aware__dirichlet_a0.1__low_norm__seed47,47,dirichlet_a0.1,low_norm,c4_drift_aware
11,0.23887802334849542,0.029152655968419233,0.3901540704342197,0.5474922308884818,False,c4_drift_aware__dirichlet_a0.1__low_norm__seed47,47,dirichlet_a0.1,low_norm,c4_drift_aware
12,0.2603583622551474,0.032229924812707644,0.4276026651007686,0.5474922308884818,False,c4_drift_aware__dirichlet_a0.1__low_norm__seed47,47,dirichlet_a0.1,low_norm,c4_drift_aware
13,0.2577091399412453,0.013681707490002026,0.3287048882776148,0.5474922308884818,False,c4_drift_aware__dirichlet_a0.1__low_norm__seed47,47,dirichlet_a0.1,low_norm,c4_drift_aware
14,0.2576805975424882,0.03641406114898876,0.4466368022507058,0.5474922308884818,False,c4_drift_aware__dirichlet_a0.1__low_norm__seed47,47,dirichlet_a0.1,low_norm,c4_drift_aware
15,0.25048653295670226,0.01365914537285029,0.3213652042109597,0.5474922308884818,False,c4_drift_aware__dirichlet_a0.1__low_norm__seed47,47,dirichlet_a0.1,low_norm,c4_drift_aware
16,0.2526846909952735,0.037775187433263024,0.44870391610521865,0.5474922308884818,False,c4_drift_aware__dirichlet_a0.1__low_norm__seed47,47,dirichlet_a0.1,low_norm,c4_drift_aware
17,0.25432099752072124,0.016748534860525466,0.3412308197654739,0.5474922308884818,False,c4_drift_aware__dirichlet_a0.1__low_norm__seed47,47,dirichlet_a0.1,low_norm,c4_drift_aware
18,0.245541982510206,0.031055158806719524,0.4066903070741543,0.5474922308884818,False,c4_drift_aware__dirichlet_a0.1__low_norm__seed47,47,dirichlet_a0.1,low_norm,c4_drift_aware
19,0.24881215520942776,0.010184559349766392,0.30166085213130056,0.5474922308884818,False,c4_drift_aware__dirichlet_a0.1__low_norm__seed47,47,dirichlet_a0.1,low_norm,c4_drift_aware
20,0.24637746122864868,0.033280929438193885,0.41907553217638055,0.5474922308884818,False,c4_drift_aware__dirichlet_a0.1__low_norm__seed47,47,dirichlet_a0.1,low_norm,c4_drift_aware
21,0.2437237256976233,0.022834742969880528,0.36221549044263035,0.5474922308884818,False,c4_drift_aware__dirichlet_a0.1__low_norm__seed47,47,dirichlet_a0.1,low_norm,c4_drift_aware
22,0.24135711073029903,0.0476171783596851,0.488447410956541,0.5474922308884818,False,c4_drift_aware__dirichlet_a0.1__low_norm__seed47,47,dirichlet_a0.1,low_norm,c4_drift_aware
23,0.23020930999041742,0.013950620915158946,0.3026004769812687,0.5474922308884818,False,c4_drift_aware__dirichlet_a0.1__low_norm__seed47,47,dirichlet_a0.1,low_norm,c4_drift_aware
24,0.23956012836556398,0.034177068585325904,0.4169083549616786,0.5474922308884818,False,c4_drift_aware__dirichlet_a0.1__low_norm__seed47,47,dirichlet_a0.1,low_norm,c4_drift_aware
0,0.574975439019541,0.03251816620600756,0.7437154552791347,0.5474922308884818,False,c4_drift_aware__dirichlet_a0.1__no_attack__seed48,48,dirichlet_a0.1,no_attack,c4_drift_aware
1,0.37702079138961964,0.02774469846280958,0.5209908061829849,0.5474922308884818,False,c4_drift_aware__dirichlet_a0.1__no_attack__seed48,48,dirichlet_a0.1,no_attack,c4_drift_aware
2,0.3261119870088187,0.03879251681247953,0.5274102360004562,0.5474922308884818,False,c4_drift_aware__dirichlet_a0.1__no_attack__seed48,48,dirichlet_a0.1,no_attack,c4_drift_aware
3,0.3117521021600315,0.020242329992964048,0.41679157672652123,0.5474922308884818,False,c4_drift_aware__dirichlet_a0.1__no_attack__seed48,48,dirichlet_a0.1,no_attack,c4_drift_aware
4,0.3168720423480392,0.018858308512547328,0.4147296910504985,0.5474922308884818,False,c4_drift_aware__dirichlet_a0.1__no_attack__seed48,48,dirichlet_a0.1,no_attack,c4_drift_aware
5,0.30102686408424445,0.00570216173080651,0.3306159515215725,0.5474922308884818,False,c4_drift_aware__dirichlet_a0.1__no_attack__seed48,48,dirichlet_a0.1,no_attack,c4_drift_aware
6,0.30060823952868654,0.021291383833145605,0.4110913593772624,0.5474922308884818,False,c4_drift_aware__dirichlet_a0.1__no_attack__seed48,48,dirichlet_a0.1,no_attack,c4_drift_aware
7,0.3043517823518174,0.005975683988121205,0.3353602041345772,0.5474922308884818,False,c4_drift_aware__dirichlet_a0.1__no_attack__seed48,48,dirichlet_a0.1,no_attack,c4_drift_aware
8,0.30056308035226537,0.010970520755044566,0.35749020960226713,0.5474922308884818,False,c4_drift_aware__dirichlet_a0.1__no_attack__seed48,48,dirichlet_a0.1,no_attack,c4_drift_aware
9,0.3016537633708144,0.006024900894797625,0.3329175766040088,0.5474922308884818,False,c4_drift_aware__dirichlet_a0.1__no_attack__seed48,48,dirichlet_a0.1,no_attack,c4_drift_aware
10,0.2903648436595875,0.012619755993681814,0.35585001948640177,0.5474922308884818,False,c4_drift_aware__dirichlet_a0.1__no_attack__seed48,48,dirichlet_a0.1,no_attack,c4_drift_aware
11,0.28747378232414406,0.018805427422455945,0.3850570257620102,0.5474922308884818,False,c4_drift_aware__dirichlet_a0.1__no_attack__seed48,48,dirichlet_a0.1,no_attack,c4_drift_aware
12,0.28758256059058634,0.010801803909628649,0.34363420125804034,0.5474922308884818,False,c4_drift_aware__dirichlet_a0.1__no_attack__seed48,48,dirichlet_a0.1,no_attack,c4_drift_aware
13,0.27768664553622685,0.016042211248737726,0.36093128392705176,0.5474922308884818,False,c4_drift_aware__dirichlet_a0.1__no_attack__seed48,48,dirichlet_a0.1,no_attack,c4_drift_aware
14,0.28868736441717957,0.018843606322384354,0.3864687219846642,0.5474922308884818,False,c4_drift_aware__dirichlet_a0.1__no_attack__seed48,48,dirichlet_a0.1,no_attack,c4_drift_aware
15,0.28635726174021253,0.0040867161323073775,0.3075636404223687,0.5474922308884818,False,c4_drift_aware__dirichlet_a0.1__no_attack__seed48,48,dirichlet_a0.1,no_attack,c4_drift_aware
16,0.2824213915607126,0.011796163038773011,0.34363286118520964,0.5474922308884818,False,c4_drift_aware__dirichlet_a0.1__no_attack__seed48,48,dirichlet_a0.1,no_attack,c4_drift_aware
17,0.2705131018024273,0.010187280496297801,0.32337591902576623,0.5474922308884818,False,c4_drift_aware__dirichlet_a0.1__no_attack__seed48,48,dirichlet_a0.1,no_attack,c4_drift_aware
18,0.26378652278267073,0.009011009677164394,0.3105455530984445,0.5474922308884818,False,c4_drift_aware__dirichlet_a0.1__no_attack__seed48,48,dirichlet_a0.1,no_attack,c4_drift_aware
19,0.2549385514918139,0.007571202178603964,0.29422627671680773,0.5474922308884818,False,c4_drift_aware__dirichlet_a0.1__no_attack__seed48,48,dirichlet_a0.1,no_attack,c4_drift_aware
20,0.26534409041170376,0.014491372978422734,0.34054127393403716,0.5474922308884818,False,c4_drift_aware__dirichlet_a0.1__no_attack__seed48,48,dirichlet_a0.1,no_attack,c4_drift_aware
21,0.26221469300169986,0.005552647374833186,0.2910279354944467,0.5474922308884818,False,c4_drift_aware__dirichlet_a0.1__no_attack__seed48,48,dirichlet_a0.1,no_attack,c4_drift_aware
22,0.26313754943008544,0.013052700577088683,0.33086931799465635,0.5474922308884818,False,c4_drift_aware__dirichlet_a0.1__no_attack__seed48,48,dirichlet_a0.1,no_attack,c4_drift_aware
23,0.2609873129082437,0.008513908913554746,0.3051668376515706,0.5474922308884818,False,c4_drift_aware__dirichlet_a0.1__no_attack__seed48,48,dirichlet_a0.1,no_attack,c4_drift_aware
24,0.27157417124847577,0.01875996004738051,0.36892147993033797,0.5474922308884818,False,c4_drift_aware__dirichlet_a0.1__no_attack__seed48,48,dirichlet_a0.1,no_attack,c4_drift_aware
0,0.5749755625713842,0.03251798856445154,0.7437146570311797,0.5474922308884818,False,c4_drift_aware__dirichlet_a0.1__large_norm__seed48,48,dirichlet_a0.1,large_norm,c4_drift_aware
1,0.37702031323226687,0.02774519829334482,0.5209929216962624,0.5474922308884818,False,c4_drift_aware__dirichlet_a0.1__large_norm__seed48,48,dirichlet_a0.1,large_norm,c4_drift_aware
2,0.32611193851678233,0.03879307113489988,0.5274130639428913,0.5474922308884818,False,c4_drift_aware__dirichlet_a0.1__large_norm__seed48,48,dirichlet_a0.1,large_norm,c4_drift_aware
3,0.3116976462870002,0.020296450374658326,0.41701795692613974,0.5474922308884818,False,c4_drift_aware__dirichlet_a0.1__large_norm__seed48,48,dirichlet_a0.1,large_norm,c4_drift_aware
4,0.3168579962135748,0.018877330660352076,0.41481435274320777,0.5474922308884818,False,c4_drift_aware__dirichlet_a0.1__large_norm__seed48,48,dirichlet_a0.1,large_norm,c4_drift_aware
5,0.30109069369724234,0.005669629614628968,0.3305109687305135,0.5474922308884818,False,c4_drift_aware__dirichlet_a0.1__large_norm__seed48,48,dirichlet_a0.1,large_norm,c4_drift_aware
6,0.30059018201279153,0.02120394840167572,0.410619590663927,0.5474922308884818,False,c4_drift_aware__dirichlet_a0.1__large_norm__seed48,48,dirichlet_a0.1,large_norm,c4_drift_aware
7,0.30409294938048503,0.006397311529505345,0.33728923863824123,0.5474922308884818,False,c4_drift_aware__dirichlet_a0.1__large_norm__seed48,48,dirichlet_a0.1,large_norm,c4_drift_aware
8,0.3005681191399781,0.010966314704901003,0.3574734227751799,0.5474922308884818,False,c4_drift_aware__dirichlet_a0.1__large_norm__seed48,48,dirichlet_a0.1,large_norm,c4_drift_aware
9,0.3025475092289261,0.0050160230612042445,0.32857615449582106,0.5474922308884818,False,c4_drift_aware__dirichlet_a0.1__large_norm__seed48,48,dirichlet_a0.1,large_norm,c4_drift_aware
10,0.2957064227521472,0.013441968603303822,0.3654581420315511,0.5474922308884818,False,c4_drift_aware__dirichlet_a0.1__large_norm__seed48,48,dirichlet_a0.1,large_norm,c4_drift_aware
11,0.3905176711444229,0.1744705615704061,1.2958628621894173,0.5474922308884818,False,c4_drift_aware__dirichlet_a0.1__large_norm__seed48,48,dirichlet_a0.1,large_norm,c4_drift_aware
12,0.28444283420829086,0.018914825959847448,0.38259375759653524,0.5474922308884818,False,c4_drift_aware__dirichlet_a0.1__large_norm__seed48,48,dirichlet_a0.1,large_norm,c4_drift_aware
13,0.39136572439740575,0.17135908774054393,1.2805651665918623,0.5474922308884818,False,c4_drift_aware__dirichlet_a0.1__large_norm__seed48,48,dirichlet_a0.1,large_norm,c4_drift_aware
14,0.30379518135859634,0.022934274209048255,0.42280342365676865,0.5474922308884818,False,c4_drift_aware__dirichlet_a0.1__large_norm__seed48,48,dirichlet_a0.1,large_norm,c4_drift_aware
15,0.3160438278864137,0.08859798178258546,0.7757876151544278,0.5474922308884818,False,c4_drift_aware__dirichlet_a0.1__large_norm__seed48,48,dirichlet_a0.1,large_norm,c4_drift_aware
16,0.32168651708660473,0.038514305983187,0.5215411022639604,0.5474922308884818,False,c4_drift_aware__dirichlet_a0.1__large_norm__seed48,48,dirichlet_a0.1,large_norm,c4_drift_aware
17,0.3198440758028295,0.08558552248725793,0.7639559105414595,0.5474922308884818,False,c4_drift_aware__dirichlet_a0.1__large_norm__seed48,48,dirichlet_a0.1,large_norm,c4_drift_aware
18,0.3309004532110491,0.04544747131603477,0.5667319266170852,0.5474922308884818,False,c4_drift_aware__dirichlet_a0.1__large_norm__seed48,48,dirichlet_a0.1,large_norm,c4_drift_aware
19,0.32743326487299396,0.08676124812120858,0.7776460574987574,0.5474922308884818,False,c4_drift_aware__dirichlet_a0.1__large_norm__seed48,48,dirichlet_a0.1,large_norm,c4_drift_aware
20,0.29814259085582123,0.049800486771491015,0.5565622967617653,0.5474922308884818,False,c4_drift_aware__dirichlet_a0.1__large_norm__seed48,48,dirichlet_a0.1,large_norm,c4_drift_aware
21,0.3372856105984339,0.07809997317918149,0.7425541814225246,0.5474922308884818,False,c4_drift_aware__dirichlet_a0.1__large_norm__seed48,48,dirichlet_a0.1,large_norm,c4_drift_aware
22,0.32094845994484006,0.008123778467961251,0.36310355879293776,0.5474922308884818,False,c4_drift_aware__dirichlet_a0.1__large_norm__seed48,48,dirichlet_a0.1,large_norm,c4_drift_aware
23,0.3255265294668096,0.02984937668648463,0.480417930030647,0.5474922308884818,False,c4_drift_aware__dirichlet_a0.1__large_norm__seed48,48,dirichlet_a0.1,large_norm,c4_drift_aware
24,0.32853889885577714,0.028382862683725585,0.47582041160789756,0.5474922308884818,False,c4_drift_aware__dirichlet_a0.1__large_norm__seed48,48,dirichlet_a0.1,large_norm,c4_drift_aware
0,0.5749754412917265,0.03251810625341467,0.7437151464513205,0.5474922308884818,False,c4_drift_aware__dirichlet_a0.1__directional_poisoning__seed48,48,dirichlet_a0.1,directional_poisoning,c4_drift_aware
1,0.3770202523571509,0.027745244407134384,0.5209931001102119,0.5474922308884818,False,c4_drift_aware__dirichlet_a0.1__directional_poisoning__seed48,48,dirichlet_a0.1,directional_poisoning,c4_drift_aware
2,0.3261127899642819,0.03879222750789407,0.527409537725495,0.5474922308884818,False,c4_drift_aware__dirichlet_a0.1__directional_poisoning__seed48,48,dirichlet_a0.1,directional_poisoning,c4_drift_aware
3,0.31175721344537244,0.020192521157650578,0.4165382249845371,0.5474922308884818,False,c4_drift_aware__dirichlet_a0.1__directional_poisoning__seed48,48,dirichlet_a0.1,directional_poisoning,c4_drift_aware
4,0.3168219616267737,0.018542505410006627,0.41304087644983906,0.5474922308884818,False,c4_drift_aware__dirichlet_a0.1__directional_poisoning__seed48,48,dirichlet_a0.1,directional_poisoning,c4_drift_aware
5,0.3010759287120857,0.005994921643989293,0.33218417661491056,0.5474922308884818,False,c4_drift_aware__dirichlet_a0.1__directional_poisoning__seed48,48,dirichlet_a0.1,directional_poisoning,c4_drift_aware
6,0.30071090411982054,0.02117047151585505,0.41056659786274396,0.5474922308884818,False,c4_drift_aware__dirichlet_a0.1__directional_poisoning__seed48,48,dirichlet_a0.1,directional_poisoning,c4_drift_aware
7,0.3038437106371112,0.006475653437588824,0.3374465238901033,0.5474922308884818,False,c4_drift_aware__dirichlet_a0.1__directional_poisoning__seed48,48,dirichlet_a0.1,directional_poisoning,c4_drift_aware
8,0.30116442974867197,0.010343681337085853,0.35483882657494414,0.5474922308884818,False,c4_drift_aware__dirichlet_a0.1__directional_poisoning__seed48,48,dirichlet_a0.1,directional_poisoning,c4_drift_aware
9,0.3031857979083955,0.0049512261046020245,0.3288782052877859,0.5474922308884818,False,c4_drift_aware__dirichlet_a0.1__directional_poisoning__seed48,48,dirichlet_a0.1,directional_poisoning,c4_drift_aware
10,0.28993792875407076,0.013421475268869054,0.35958330607175915,0.5474922308884818,False,c4_drift_aware__dirichlet_a0.1__directional_poisoning__seed48,48,dirichlet_a0.1,directional_poisoning,c4_drift_aware
11,0.29390551085510047,0.02683909075057872,0.4331762366689285,0.5474922308884818,False,c4_drift_aware__dirichlet_a0.1__directional_poisoning__seed48,48,dirichlet_a0.1,directional_poisoning,c4_drift_aware
12,0.2866429189491229,0.01484943374043185,0.3636981155715978,0.5474922308884818,False,c4_drift_aware__dirichlet_a0.1__directional_poisoning__seed48,48,dirichlet_a0.1,directional_poisoning,c4_drift_aware
13,0.2861030966197683,0.004056178280354594,0.3071510113343563,0.5474922308884818,False,c4_drift_aware__dirichlet_a0.1__directional_poisoning__seed48,48,dirichlet_a0.1,directional_poisoning,c4_drift_aware
14,0.2840618700371946,0.01696282490412032,0.37208366474716537,0.5474922308884818,False,c4_drift_aware__dirichlet_a0.1__directional_poisoning__seed48,48,dirichlet_a0.1,directional_poisoning,c4_drift_aware
15,0.2979752153985055,0.01607838505704401,0.3814075632980126,0.5474922308884818,False,c4_drift_aware__dirichlet_a0.1__directional_poisoning__seed48,48,dirichlet_a0.1,directional_poisoning,c4_drift_aware
16,0.2999001931354699,0.019352924145065342,0.40032445181662846,0.5474922308884818,False,c4_drift_aware__dirichlet_a0.1__directional_poisoning__seed48,48,dirichlet_a0.1,directional_poisoning,c4_drift_aware
17,0.3122748124510689,0.023090698163557577,0.4320947542915855,0.5474922308884818,False,c4_drift_aware__dirichlet_a0.1__directional_poisoning__seed48,48,dirichlet_a0.1,directional_poisoning,c4_drift_aware
18,0.2926571749562887,0.03662856423624805,0.4827264576346034,0.5474922308884818,False,c4_drift_aware__dirichlet_a0.1__directional_poisoning__seed48,48,dirichlet_a0.1,directional_poisoning,c4_drift_aware
19,0.32370051251703824,0.018163873816900378,0.41795467014031595,0.5474922308884818,False,c4_drift_aware__dirichlet_a0.1__directional_poisoning__seed48,48,dirichlet_a0.1,directional_poisoning,c4_drift_aware
20,0.30279493925159484,0.04085562696201417,0.5147988731201826,0.5474922308884818,False,c4_drift_aware__dirichlet_a0.1__directional_poisoning__seed48,48,dirichlet_a0.1,directional_poisoning,c4_drift_aware
21,0.3328779834307034,0.027980954015009996,0.4780739519099918,0.5474922308884818,False,c4_drift_aware__dirichlet_a0.1__directional_poisoning__seed48,48,dirichlet_a0.1,directional_poisoning,c4_drift_aware
22,0.3269866730445281,0.0208772172482527,0.4353206410674362,0.5474922308884818,False,c4_drift_aware__dirichlet_a0.1__directional_poisoning__seed48,48,dirichlet_a0.1,directional_poisoning,c4_drift_aware
23,0.3232868649444479,0.029381420090291988,0.4757499919349821,0.5474922308884818,False,c4_drift_aware__dirichlet_a0.1__directional_poisoning__seed48,48,dirichlet_a0.1,directional_poisoning,c4_drift_aware
24,0.3145250877350962,0.038128393268965166,0.5123771332470833,0.5474922308884818,False,c4_drift_aware__dirichlet_a0.1__directional_poisoning__seed48,48,dirichlet_a0.1,directional_poisoning,c4_drift_aware
0,0.5749754532705844,0.03251809698473862,0.7437151103340915,0.5474922308884818,False,c4_drift_aware__dirichlet_a0.1__sparse_coordinate_attack__seed48,48,dirichlet_a0.1,sparse_coordinate_attack,c4_drift_aware
1,0.37701982727302297,0.027745674990341418,0.5209949093654036,0.5474922308884818,False,c4_drift_aware__dirichlet_a0.1__sparse_coordinate_attack__seed48,48,dirichlet_a0.1,sparse_coordinate_attack,c4_drift_aware
2,0.32611228229173916,0.03879258467060309,0.5274108834059656,0.5474922308884818,False,c4_drift_aware__dirichlet_a0.1__sparse_coordinate_attack__seed48,48,dirichlet_a0.1,sparse_coordinate_attack,c4_drift_aware
3,0.31168109348962286,0.020256466251131422,0.4167939225133689,0.5474922308884818,False,c4_drift_aware__dirichlet_a0.1__sparse_coordinate_attack__seed48,48,dirichlet_a0.1,sparse_coordinate_attack,c4_drift_aware
4,0.31700458258630626,0.01841134801545352,0.4125429085732961,0.5474922308884818,False,c4_drift_aware__dirichlet_a0.1__sparse_coordinate_attack__seed48,48,dirichlet_a0.1,sparse_coordinate_attack,c4_drift_aware
5,0.30109722488706214,0.007315123748222907,0.33905613352896563,0.5474922308884818,False,c4_drift_aware__dirichlet_a0.1__sparse_coordinate_attack__seed48,48,dirichlet_a0.1,sparse_coordinate_attack,c4_drift_aware
6,0.3011147853143687,0.02095539450298667,0.40985442292981683,0.5474922308884818,False,c4_drift_aware__dirichlet_a0.1__sparse_coordinate_attack__seed48,48,dirichlet_a0.1,sparse_coordinate_attack,c4_drift_aware
7,0.3041024522959674,0.006324823938502033,0.3369225961952483,0.5474922308884818,False,c4_drift_aware__dirichlet_a0.1__sparse_coordinate_attack__seed48,48,dirichlet_a0.1,sparse_coordinate_attack,c4_drift_aware
8,0.30092316394883983,0.010458824879132023,0.3551950521291438,0.5474922308884818,False,c4_drift_aware__dirichlet_a0.1__sparse_coordinate_attack__seed48,48,dirichlet_a0.1,sparse_coordinate_attack,c4_drift_aware
9,0.30287197212239025,0.005030427252246561,0.3289753621770229,0.5474922308884818,False,c4_drift_aware__dirichlet_a0.1__sparse_coordinate_attack__seed48,48,dirichlet_a0.1,sparse_coordinate_attack,c4_drift_aware
10,0.2905076650632226,0.013568041362349959,0.3609135884965928,0.5474922308884818,False,c4_drift_aware__dirichlet_a0.1__sparse_coordinate_attack__seed48,48,dirichlet_a0.1,sparse_coordinate_attack,c4_drift_aware
11,0.2816213149852399,0.01338717616536228,0.3510887108249213,0.5474922308884818,False,c4_drift_aware__dirichlet_a0.1__sparse_coordinate_attack__seed48,48,dirichlet_a0.1,sparse_coordinate_attack,c4_drift_aware
12,0.27581440866977175,0.015563250590091726,0.3565736723068167,0.5474922308884818,False,c4_drift_aware__dirichlet_a0.1__sparse_coordinate_attack__seed48,48,dirichlet_a0.1,sparse_coordinate_attack,c4_drift_aware
13,0.28914593850525344,0.006679703270560722,0.3238075867465201,0.5474922308884818,False,c4_drift_aware__dirichlet_a0.1__sparse_coordinate_attack__seed48,48,dirichlet_a0.1,sparse_coordinate_attack,c4_drift_aware
14,0.2892147839526445,0.009951036647415201,0.3408517082197467,0.5474922308884818,False,c4_drift_aware__dirichlet_a0.1__sparse_coordinate_attack__seed48,48,dirichlet_a0.1,sparse_coordinate_attack,c4_drift_aware
15,0.28814746168394034,0.02630569674186578,0.42465035264715606,0.5474922308884818,False,c4_drift_aware__dirichlet_a0.1__sparse_coordinate_attack__seed48,48,dirichlet_a0.1,sparse_coordinate_attack,c4_drift_aware
16,0.30077636387661594,0.025860710663011377,0.43497017757804823,0.5474922308884818,False,c4_drift_aware__dirichlet_a0.1__sparse_coordinate_attack__seed48,48,dirichlet_a0.1,sparse_coordinate_attack,c4_drift_aware
17,0.2905916854522057,0.03391964342485071,0.4666041071480985,0.5474922308884818,False,c4_drift_aware__dirichlet_a0.1__sparse_coordinate_attack__seed48,48,dirichlet_a0.1,sparse_coordinate_attack,c4_drift_aware
18,0.2983113172468338,0.03576448490844675,0.4838968058852548,0.5474922308884818,False,c4_drift_aware__dirichlet_a0.1__sparse_coordinate_attack__seed48,48,dirichlet_a0.1,sparse_coordinate_attack,c4_drift_aware
19,0.2899917246622298,0.04440842198317185,0.5204314671751068,0.5474922308884818,False,c4_drift_aware__dirichlet_a0.1__sparse_coordinate_attack__seed48,48,dirichlet_a0.1,sparse_coordinate_attack,c4_drift_aware
20,0.2975172926578033,0.042258551882748296,0.5168011442325725,0.5474922308884818,False,c4_drift_aware__dirichlet_a0.1__sparse_coordinate_attack__seed48,48,dirichlet_a0.1,sparse_coordinate_attack,c4_drift_aware
21,0.30992852545541133,0.015134290722920662,0.3884618734457189,0.5474922308884818,False,c4_drift_aware__dirichlet_a0.1__sparse_coordinate_attack__seed48,48,dirichlet_a0.1,sparse_coordinate_attack,c4_drift_aware
22,0.31779625199064854,0.026221383432464718,0.4538616327600512,0.5474922308884818,False,c4_drift_aware__dirichlet_a0.1__sparse_coordinate_attack__seed48,48,dirichlet_a0.1,sparse_coordinate_attack,c4_drift_aware
23,0.3275483230029563,0.028331575650016816,0.47456370220845856,0.5474922308884818,False,c4_drift_aware__dirichlet_a0.1__sparse_coordinate_attack__seed48,48,dirichlet_a0.1,sparse_coordinate_attack,c4_drift_aware
24,0.3228227166538315,0.038903209221022805,0.5246953596226409,0.5474922308884818,False,c4_drift_aware__dirichlet_a0.1__sparse_coordinate_attack__seed48,48,dirichlet_a0.1,sparse_coordinate_attack,c4_drift_aware
0,0.5749755665895704,0.032518039139100785,0.7437149234862783,0.5474922308884818,False,c4_drift_aware__dirichlet_a0.1__full_sign_flip__seed48,48,dirichlet_a0.1,full_sign_flip,c4_drift_aware
1,0.3770206187538367,0.027744867515336835,0.520991510777671,0.5474922308884818,False,c4_drift_aware__dirichlet_a0.1__full_sign_flip__seed48,48,dirichlet_a0.1,full_sign_flip,c4_drift_aware
2,0.326111792679914,0.038793090959255205,0.5274130209765853,0.5474922308884818,False,c4_drift_aware__dirichlet_a0.1__full_sign_flip__seed48,48,dirichlet_a0.1,full_sign_flip,c4_drift_aware
3,0.31167117184775345,0.020387775488060755,0.4174653776328495,0.5474922308884818,False,c4_drift_aware__dirichlet_a0.1__full_sign_flip__seed48,48,dirichlet_a0.1,full_sign_flip,c4_drift_aware
4,0.3170548058739429,0.018397773699616038,0.41252269337862046,0.5474922308884818,False,c4_drift_aware__dirichlet_a0.1__full_sign_flip__seed48,48,dirichlet_a0.1,full_sign_flip,c4_drift_aware
5,0.30101851500684146,0.007404568949152812,0.3394415637408903,0.5474922308884818,False,c4_drift_aware__dirichlet_a0.1__full_sign_flip__seed48,48,dirichlet_a0.1,full_sign_flip,c4_drift_aware
6,0.3009879476347402,0.020931386017121523,0.40960300281618545,0.5474922308884818,False,c4_drift_aware__dirichlet_a0.1__full_sign_flip__seed48,48,dirichlet_a0.1,full_sign_flip,c4_drift_aware
7,0.30442994033353443,0.0060372421553033795,0.33575779360161917,0.5474922308884818,False,c4_drift_aware__dirichlet_a0.1__full_sign_flip__seed48,48,dirichlet_a0.1,full_sign_flip,c4_drift_aware
8,0.30022193990111457,0.011339204593062535,0.3590622064549754,0.5474922308884818,False,c4_drift_aware__dirichlet_a0.1__full_sign_flip__seed48,48,dirichlet_a0.1,full_sign_flip,c4_drift_aware
9,0.302402070256944,0.006388316732274968,0.33555168461239204,0.5474922308884818,False,c4_drift_aware__dirichlet_a0.1__full_sign_flip__seed48,48,dirichlet_a0.1,full_sign_flip,c4_drift_aware
10,0.29077385306825265,0.01244526754198716,0.3553535908703782,0.5474922308884818,False,c4_drift_aware__dirichlet_a0.1__full_sign_flip__seed48,48,dirichlet_a0.1,full_sign_flip,c4_drift_aware
11,0.2945041897874161,0.02604457146156014,0.42965207555859786,0.5474922308884818,False,c4_drift_aware__dirichlet_a0.1__full_sign_flip__seed48,48,dirichlet_a0.1,full_sign_flip,c4_drift_aware
12,0.2872495426576442,0.017098984824039654,0.3759778848080684,0.5474922308884818,False,c4_drift_aware__dirichlet_a0.1__full_sign_flip__seed48,48,dirichlet_a0.1,full_sign_flip,c4_drift_aware
13,0.28630366679982194,0.003536633421455382,0.30465561128709606,0.5474922308884818,False,c4_drift_aware__dirichlet_a0.1__full_sign_flip__seed48,48,dirichlet_a0.1,full_sign_flip,c4_drift_aware
14,0.2843461247635587,0.01624348339076337,0.3686351844265689,0.5474922308884818,False,c4_drift_aware__dirichlet_a0.1__full_sign_flip__seed48,48,dirichlet_a0.1,full_sign_flip,c4_drift_aware
15,0.29831282153137495,0.01643820231030546,0.383612297139781,0.5474922308884818,False,c4_drift_aware__dirichlet_a0.1__full_sign_flip__seed48,48,dirichlet_a0.1,full_sign_flip,c4_drift_aware
16,0.299789972802884,0.018668563936746152,0.39666301792705344,0.5474922308884818,False,c4_drift_aware__dirichlet_a0.1__full_sign_flip__seed48,48,dirichlet_a0.1,full_sign_flip,c4_drift_aware
17,0.3122896524213059,0.011054476590597606,0.36965243689757593,0.5474922308884818,False,c4_drift_aware__dirichlet_a0.1__full_sign_flip__seed48,48,dirichlet_a0.1,full_sign_flip,c4_drift_aware
18,0.2900559889259862,0.03483930259744916,0.4708406140344097,0.5474922308884818,False,c4_drift_aware__dirichlet_a0.1__full_sign_flip__seed48,48,dirichlet_a0.1,full_sign_flip,c4_drift_aware
19,0.3233141451026724,0.018006244258599424,0.4167503471849707,0.5474922308884818,False,c4_drift_aware__dirichlet_a0.1__full_sign_flip__seed48,48,dirichlet_a0.1,full_sign_flip,c4_drift_aware
20,0.30279523819085524,0.040833900538908674,0.5146864314773062,0.5474922308884818,False,c4_drift_aware__dirichlet_a0.1__full_sign_flip__seed48,48,dirichlet_a0.1,full_sign_flip,c4_drift_aware
21,0.33374055813777753,0.02897436891308225,0.48409145586465263,0.5474922308884818,False,c4_drift_aware__dirichlet_a0.1__full_sign_flip__seed48,48,dirichlet_a0.1,full_sign_flip,c4_drift_aware
22,0.3247229829641151,0.01694679240311997,0.41266158342314496,0.5474922308884818,False,c4_drift_aware__dirichlet_a0.1__full_sign_flip__seed48,48,dirichlet_a0.1,full_sign_flip,c4_drift_aware
23,0.3233605795305671,0.029761072497569374,0.47779376082770436,0.5474922308884818,False,c4_drift_aware__dirichlet_a0.1__full_sign_flip__seed48,48,dirichlet_a0.1,full_sign_flip,c4_drift_aware
24,0.3170166771760242,0.041465705948539267,0.5321863719135893,0.5474922308884818,False,c4_drift_aware__dirichlet_a0.1__full_sign_flip__seed48,48,dirichlet_a0.1,full_sign_flip,c4_drift_aware
0,0.5749754501720881,0.0325181435930646,0.7437153490908596,0.5474922308884818,False,c4_drift_aware__dirichlet_a0.1__low_norm__seed48,48,dirichlet_a0.1,low_norm,c4_drift_aware
1,0.3770193391625706,0.027746164610727875,0.5209969619440986,0.5474922308884818,False,c4_drift_aware__dirichlet_a0.1__low_norm__seed48,48,dirichlet_a0.1,low_norm,c4_drift_aware
2,0.32679594841611326,0.038098086159042144,0.5244907273039988,0.5474922308884818,False,c4_drift_aware__dirichlet_a0.1__low_norm__seed48,48,dirichlet_a0.1,low_norm,c4_drift_aware
3,0.3118646875871616,0.020298584761144545,0.4171960737712168,0.5474922308884818,False,c4_drift_aware__dirichlet_a0.1__low_norm__seed48,48,dirichlet_a0.1,low_norm,c4_drift_aware
4,0.31622243702182523,0.019414809546656864,0.41696782524038234,0.5474922308884818,False,c4_drift_aware__dirichlet_a0.1__low_norm__seed48,48,dirichlet_a0.1,low_norm,c4_drift_aware
5,0.30105371311992457,0.006946102080328143,0.33709773142495536,0.5474922308884818,False,c4_drift_aware__dirichlet_a0.1__low_norm__seed48,48,dirichlet_a0.1,low_norm,c4_drift_aware
6,0.30074768196760904,0.021256313066243593,0.41104881609965366,0.5474922308884818,False,c4_drift_aware__dirichlet_a0.1__low_norm__seed48,48,dirichlet_a0.1,low_norm,c4_drift_aware
7,0.30381151039232496,0.006314506165414402,0.33657811433527685,0.5474922308884818,False,c4_drift_aware__dirichlet_a0.1__low_norm__seed48,48,dirichlet_a0.1,low_norm,c4_drift_aware
8,0.30098536535067416,0.011908833660382756,0.36278149409776633,0.5474922308884818,False,c4_drift_aware__dirichlet_a0.1__low_norm__seed48,48,dirichlet_a0.1,low_norm,c4_drift_aware
9,0.3033181588030701,0.005304442039085644,0.33084343898808943,0.5474922308884818,False,c4_drift_aware__dirichlet_a0.1__low_norm__seed48,48,dirichlet_a0.1,low_norm,c4_drift_aware
10,0.26777778080896125,0.030675372357376496,0.4269553555086236,0.5474922308884818,False,c4_drift_aware__dirichlet_a0.1__low_norm__seed48,48,dirichlet_a0.1,low_norm,c4_drift_aware
11,0.2755764667497312,0.026183377216386416,0.411444629463282,0.5474922308884818,False,c4_drift_aware__dirichlet_a0.1__low_norm__seed48,48,dirichlet_a0.1,low_norm,c4_drift_aware
12,0.27060821349322967,0.025574319553192393,0.4033159150867003,0.5474922308884818,False,c4_drift_aware__dirichlet_a0.1__low_norm__seed48,48,dirichlet_a0.1,low_norm,c4_drift_aware
13,0.2822459777652136,0.00788459773260669,0.323159943859483,0.5474922308884818,False,c4_drift_aware__dirichlet_a0.1__low_norm__seed48,48,dirichlet_a0.1,low_norm,c4_drift_aware
14,0.2798637914977924,0.014353418920649008,0.35434511761893217,0.5474922308884818,False,c4_drift_aware__dirichlet_a0.1__low_norm__seed48,48,dirichlet_a0.1,low_norm,c4_drift_aware
15,0.2808354179910028,0.016959987874802074,0.36884249107213823,0.5474922308884818,False,c4_drift_aware__dirichlet_a0.1__low_norm__seed48,48,dirichlet_a0.1,low_norm,c4_drift_aware
16,0.2863806234014827,0.019641631879861787,0.3883030153892735,0.5474922308884818,False,c4_drift_aware__dirichlet_a0.1__low_norm__seed48,48,dirichlet_a0.1,low_norm,c4_drift_aware
17,0.290499622628896,0.027150861987339958,0.4313881605674018,0.5474922308884818,False,c4_drift_aware__dirichlet_a0.1__low_norm__seed48,48,dirichlet_a0.1,low_norm,c4_drift_aware
18,0.2844263439143564,0.033641566269869694,0.4589957954453372,0.5474922308884818,False,c4_drift_aware__dirichlet_a0.1__low_norm__seed48,48,dirichlet_a0.1,low_norm,c4_drift_aware
19,0.281895407814759,0.040917045608955926,0.4942180491841922,0.5474922308884818,False,c4_drift_aware__dirichlet_a0.1__low_norm__seed48,48,dirichlet_a0.1,low_norm,c4_drift_aware
20,0.2843440979306299,0.04258956821361276,0.5053456263478879,0.5474922308884818,False,c4_drift_aware__dirichlet_a0.1__low_norm__seed48,48,dirichlet_a0.1,low_norm,c4_drift_aware
21,0.2851908045156543,0.03861011787398269,0.4855425671755379,0.5474922308884818,False,c4_drift_aware__dirichlet_a0.1__low_norm__seed48,48,dirichlet_a0.1,low_norm,c4_drift_aware
22,0.29953216237782604,0.043607841271681214,0.525817611520707,0.5474922308884818,False,c4_drift_aware__dirichlet_a0.1__low_norm__seed48,48,dirichlet_a0.1,low_norm,c4_drift_aware
23,0.2956304460290101,0.038565744298139915,0.49575194976648795,0.5474922308884818,False,c4_drift_aware__dirichlet_a0.1__low_norm__seed48,48,dirichlet_a0.1,low_norm,c4_drift_aware
24,0.2986183150429925,0.03326004183651021,0.4712079981368277,0.5474922308884818,False,c4_drift_aware__dirichlet_a0.1__low_norm__seed48,48,dirichlet_a0.1,low_norm,c4_drift_aware
0,0.5629441708201608,0.04766958516688058,0.8103064152096208,0.5474922308884818,False,c4_drift_aware__dirichlet_a0.1__no_attack__seed49,49,dirichlet_a0.1,no_attack,c4_drift_aware
1,0.3332260099476473,0.027065599264233464,0.47367211108968116,0.5474922308884818,False,c4_drift_aware__dirichlet_a0.1__no_attack__seed49,49,dirichlet_a0.1,no_attack,c4_drift_aware
2,0.32789860578776314,0.004715756636507806,0.3523691385502658,0.5474922308884818,False,c4_drift_aware__dirichlet_a0.1__no_attack__seed49,49,dirichlet_a0.1,no_attack,c4_drift_aware
3,0.24985830244053692,0.017735712324052022,0.34189068726127525,0.5474922308884818,False,c4_drift_aware__dirichlet_a0.1__no_attack__seed49,49,dirichlet_a0.1,no_attack,c4_drift_aware
4,0.22897241420486036,0.001217347522073392,0.2352893522316514,0.5474922308884818,False,c4_drift_aware__dirichlet_a0.1__no_attack__seed49,49,dirichlet_a0.1,no_attack,c4_drift_aware
5,0.26467908393208267,0.09708519731666143,0.7684638813279705,0.5474922308884818,False,c4_drift_aware__dirichlet_a0.1__no_attack__seed49,49,dirichlet_a0.1,no_attack,c4_drift_aware
6,0.28158456666210746,0.01133970259478767,0.34042741739672017,0.5474922308884818,False,c4_drift_aware__dirichlet_a0.1__no_attack__seed49,49,dirichlet_a0.1,no_attack,c4_drift_aware
7,0.22496859696939686,0.01165794635375686,0.2854628463936766,0.5474922308884818,False,c4_drift_aware__dirichlet_a0.1__no_attack__seed49,49,dirichlet_a0.1,no_attack,c4_drift_aware
8,0.21207424864353105,0.005025698259617767,0.23815309948251362,0.5474922308884818,False,c4_drift_aware__dirichlet_a0.1__no_attack__seed49,49,dirichlet_a0.1,no_attack,c4_drift_aware
9,0.2225653708253766,0.023295548863732085,0.34344830343416877,0.5474922308884818,False,c4_drift_aware__dirichlet_a0.1__no_attack__seed49,49,dirichlet_a0.1,no_attack,c4_drift_aware
10,0.22999865000153497,0.02481703976907587,0.3587767510672466,0.5474922308884818,False,c4_drift_aware__dirichlet_a0.1__no_attack__seed49,49,dirichlet_a0.1,no_attack,c4_drift_aware
11,0.22225414671896204,0.02718059145757004,0.36329695385143873,0.5474922308884818,False,c4_drift_aware__dirichlet_a0.1__no_attack__seed49,49,dirichlet_a0.1,no_attack,c4_drift_aware
12,0.2116959353179257,0.019458363324285105,0.3126673284439735,0.5474922308884818,False,c4_drift_aware__dirichlet_a0.1__no_attack__seed49,49,dirichlet_a0.1,no_attack,c4_drift_aware
13,0.21078459215407477,0.017198030830174654,0.3000268939349341,0.5474922308884818,False,c4_drift_aware__dirichlet_a0.1__no_attack__seed49,49,dirichlet_a0.1,no_attack,c4_drift_aware
14,0.22944721531066153,0.027599917795315287,0.37266594874233205,0.5474922308884818,False,c4_drift_aware__dirichlet_a0.1__no_attack__seed49,49,dirichlet_a0.1,no_attack,c4_drift_aware
15,0.21801502217563762,0.024567305436837245,0.34549722681792977,0.5474922308884818,False,c4_drift_aware__dirichlet_a0.1__no_attack__seed49,49,dirichlet_a0.1,no_attack,c4_drift_aware
16,0.22193969185817083,0.029526532399051092,0.37515582113008683,0.5474922308884818,False,c4_drift_aware__dirichlet_a0.1__no_attack__seed49,49,dirichlet_a0.1,no_attack,c4_drift_aware
17,0.2125979385654476,0.014536221244143804,0.2880278442234342,0.5474922308884818,False,c4_drift_aware__dirichlet_a0.1__no_attack__seed49,49,dirichlet_a0.1,no_attack,c4_drift_aware
18,0.22304135270758224,0.025641109698650605,0.3560956350448501,0.5474922308884818,False,c4_drift_aware__dirichlet_a0.1__no_attack__seed49,49,dirichlet_a0.1,no_attack,c4_drift_aware
19,0.23083627507501323,0.020078475809165525,0.33502549389635405,0.5474922308884818,False,c4_drift_aware__dirichlet_a0.1__no_attack__seed49,49,dirichlet_a0.1,no_attack,c4_drift_aware
20,0.23063328297099642,0.021480529429640544,0.34209789823434417,0.5474922308884818,False,c4_drift_aware__dirichlet_a0.1__no_attack__seed49,49,dirichlet_a0.1,no_attack,c4_drift_aware
21,0.23750548157352952,0.03485268498049718,0.4183595492058274,0.5474922308884818,False,c4_drift_aware__dirichlet_a0.1__no_attack__seed49,49,dirichlet_a0.1,no_attack,c4_drift_aware
22,0.24240070474753,0.034802114204480955,0.4229923555660021,0.5474922308884818,False,c4_drift_aware__dirichlet_a0.1__no_attack__seed49,49,dirichlet_a0.1,no_attack,c4_drift_aware
23,0.2588095738205229,0.04407414967287249,0.4875147438880255,0.5474922308884818,False,c4_drift_aware__dirichlet_a0.1__no_attack__seed49,49,dirichlet_a0.1,no_attack,c4_drift_aware
24,0.27081821638288933,0.057907300838780956,0.5713049911654076,0.5474922308884818,False,c4_drift_aware__dirichlet_a0.1__no_attack__seed49,49,dirichlet_a0.1,no_attack,c4_drift_aware
0,0.5628640176559181,0.04774973280153727,0.8106421561363751,0.5474922308884818,False,c4_drift_aware__dirichlet_a0.1__large_norm__seed49,49,dirichlet_a0.1,large_norm,c4_drift_aware
1,0.33309655117330766,0.02693152284714495,0.47284691637942755,0.5474922308884818,False,c4_drift_aware__dirichlet_a0.1__large_norm__seed49,49,dirichlet_a0.1,large_norm,c4_drift_aware
2,0.32828990072306036,0.004978344351851238,0.3541230273992516,0.5474922308884818,False,c4_drift_aware__dirichlet_a0.1__large_norm__seed49,49,dirichlet_a0.1,large_norm,c4_drift_aware
3,0.2500471607973035,0.0176378059242506,0.34157149951883226,0.5474922308884818,False,c4_drift_aware__dirichlet_a0.1__large_norm__seed49,49,dirichlet_a0.1,large_norm,c4_drift_aware
4,0.22904347108769807,0.001504205882477988,0.2368489458324646,0.5474922308884818,False,c4_drift_aware__dirichlet_a0.1__large_norm__seed49,49,dirichlet_a0.1,large_norm,c4_drift_aware
5,0.2648537445571821,0.09697164500034178,0.7680493076284556,0.5474922308884818,False,c4_drift_aware__dirichlet_a0.1__large_norm__seed49,49,dirichlet_a0.1,large_norm,c4_drift_aware
6,0.2820768622074688,0.010892169240291294,0.33859741761226436,0.5474922308884818,False,c4_drift_aware__dirichlet_a0.1__large_norm__seed49,49,dirichlet_a0.1,large_norm,c4_drift_aware
7,0.22508443712076778,0.012031197777727126,0.2875155255091716,0.5474922308884818,False,c4_drift_aware__dirichlet_a0.1__large_norm__seed49,49,dirichlet_a0.1,large_norm,c4_drift_aware
8,0.2120786541302406,0.004939878827344896,0.237712179353216,0.5474922308884818,False,c4_drift_aware__dirichlet_a0.1__large_norm__seed49,49,dirichlet_a0.1,large_norm,c4_drift_aware
9,0.22253370024522748,0.023239185039883675,0.34312415533568785,0.5474922308884818,False,c4_drift_aware__dirichlet_a0.1__large_norm__seed49,49,dirichlet_a0.1,large_norm,c4_drift_aware
10,0.26177340518521863,0.05317877082562944,0.5377233648764923,0.5474922308884818,False,c4_drift_aware__dirichlet_a0.1__large_norm__seed49,49,dirichlet_a0.1,large_norm,c4_drift_aware
11,0.34733940356443527,0.134616054379325,1.0458755713441907,0.5474922308884818,False,c4_drift_aware__dirichlet_a0.1__large_norm__seed49,49,dirichlet_a0.1,large_norm,c4_drift_aware
12,0.42926456886277675,0.26699962623004847,1.8147523293331211,0.5474922308884818,False,c4_drift_aware__dirichlet_a0.1__large_norm__seed49,49,dirichlet_a0.1,large_norm,c4_drift_aware
13,0.43741025837522984,0.09387747480693853,0.9245498628959146,0.5474922308884818,False,c4_drift_aware__dirichlet_a0.1__large_norm__seed49,49,dirichlet_a0.1,large_norm,c4_drift_aware
14,0.474892759078419,0.27003493948243923,1.8761310635467443,0.5474922308884818,False,c4_drift_aware__dirichlet_a0.1__large_norm__seed49,49,dirichlet_a0.1,large_norm,c4_drift_aware
15,0.38107651251248476,0.10996438101844963,0.9516926820553218,0.5474922308884818,False,c4_drift_aware__dirichlet_a0.1__large_norm__seed49,49,dirichlet_a0.1,large_norm,c4_drift_aware
16,0.4632648588371268,0.23244678952189884,1.669454494345212,0.5474922308884818,False,c4_drift_aware__dirichlet_a0.1__large_norm__seed49,49,dirichlet_a0.1,large_norm,c4_drift_aware
17,0.36672023798731745,0.06567272229495247,0.7075025612480552,0.5474922308884818,False,c4_drift_aware__dirichlet_a0.1__large_norm__seed49,49,dirichlet_a0.1,large_norm,c4_drift_aware
18,0.4785784838956904,0.24254769259972253,1.7371827155649104,0.5474922308884818,False,c4_drift_aware__dirichlet_a0.1__large_norm__seed49,49,dirichlet_a0.1,large_norm,c4_drift_aware
19,0.38090516174573136,0.08499100349165556,0.8219319779642812,0.5474922308884818,False,c4_drift_aware__dirichlet_a0.1__large_norm__seed49,49,dirichlet_a0.1,large_norm,c4_drift_aware
20,0.4900598993485938,0.2750673873175616,1.9174120788781526,0.5474922308884818,False,c4_drift_aware__dirichlet_a0.1__large_norm__seed49,49,dirichlet_a0.1,large_norm,c4_drift_aware
21,0.30239458361360644,0.02340118438214056,0.423825669490972,0.5474922308884818,False,c4_drift_aware__dirichlet_a0.1__large_norm__seed49,49,dirichlet_a0.1,large_norm,c4_drift_aware
22,0.4943490298728077,0.28266468743604745,1.9611243594472014,0.5474922308884818,False,c4_drift_aware__dirichlet_a0.1__large_norm__seed49,49,dirichlet_a0.1,large_norm,c4_drift_aware
23,0.30526937353057826,0.027047542119786883,0.44562177434436434,0.5474922308884818,False,c4_drift_aware__dirichlet_a0.1__large_norm__seed49,49,dirichlet_a0.1,large_norm,c4_drift_aware
24,0.4929262546898761,0.23473859751016285,1.711008311029862,0.5474922308884818,False,c4_drift_aware__dirichlet_a0.1__large_norm__seed49,49,dirichlet_a0.1,large_norm,c4_drift_aware
0,0.5628640613191476,0.0477496902802067,0.8106419791521682,0.5474922308884818,False,c4_drift_aware__dirichlet_a0.1__directional_poisoning__seed49,49,dirichlet_a0.1,directional_poisoning,c4_drift_aware
1,0.3330964781548087,0.026930462556336965,0.47284134140589684,0.5474922308884818,False,c4_drift_aware__dirichlet_a0.1__directional_poisoning__seed49,49,dirichlet_a0.1,directional_poisoning,c4_drift_aware
2,0.3279964241662587,0.004769049077831822,0.3527434967360358,0.5474922308884818,False,c4_drift_aware__dirichlet_a0.1__directional_poisoning__seed49,49,dirichlet_a0.1,directional_poisoning,c4_drift_aware
3,0.24991799679532772,0.017703900906699377,0.3417853089902815,0.5474922308884818,False,c4_drift_aware__dirichlet_a0.1__directional_poisoning__seed49,49,dirichlet_a0.1,directional_poisoning,c4_drift_aware
4,0.22904363402717878,0.001343385274800435,0.23601459455664572,0.5474922308884818,False,c4_drift_aware__dirichlet_a0.1__directional_poisoning__seed49,49,dirichlet_a0.1,directional_poisoning,c4_drift_aware
5,0.26470227189253603,0.09716159266626984,0.7688834923970769,0.5474922308884818,False,c4_drift_aware__dirichlet_a0.1__directional_poisoning__seed49,49,dirichlet_a0.1,directional_poisoning,c4_drift_aware
6,0.2818945101897528,0.010963642617950964,0.33878594809856216,0.5474922308884818,False,c4_drift_aware__dirichlet_a0.1__directional_poisoning__seed49,49,dirichlet_a0.1,directional_poisoning,c4_drift_aware
7,0.22501557787313264,0.01189133516726995,0.28672090518961313,0.5474922308884818,False,c4_drift_aware__dirichlet_a0.1__directional_poisoning__seed49,49,dirichlet_a0.1,directional_poisoning,c4_drift_aware
8,0.21209891271095047,0.00501206149524952,0.23810700101594975,0.5474922308884818,False,c4_drift_aware__dirichlet_a0.1__directional_poisoning__seed49,49,dirichlet_a0.1,directional_poisoning,c4_drift_aware
9,0.2223239294033564,0.022996044419644757,0.34165270350133503,0.5474922308884818,False,c4_drift_aware__dirichlet_a0.1__directional_poisoning__seed49,49,dirichlet_a0.1,directional_poisoning,c4_drift_aware
10,0.2300307836742946,0.024891370619004455,0.3591945949533706,0.5474922308884818,False,c4_drift_aware__dirichlet_a0.1__directional_poisoning__seed49,49,dirichlet_a0.1,directional_poisoning,c4_drift_aware
11,0.41727926056787334,0.020403732096924754,0.5231562667920255,0.5474922308884818,False,c4_drift_aware__dirichlet_a0.1__directional_poisoning__seed49,49,dirichlet_a0.1,directional_poisoning,c4_drift_aware
12,0.2663274347455088,0.02244276887733987,0.3827852067269131,0.5474922308884818,False,c4_drift_aware__dirichlet_a0.1__directional_poisoning__seed49,49,dirichlet_a0.1,directional_poisoning,c4_drift_aware
13,0.29707357388482597,0.108942538763451,0.8623873017822496,0.5474922308884818,False,c4_drift_aware__dirichlet_a0.1__directional_poisoning__seed49,49,dirichlet_a0.1,directional_poisoning,c4_drift_aware
14,0.2753931193745059,0.009593070627155253,0.3251725221658772,0.5474922308884818,False,c4_drift_aware__dirichlet_a0.1__directional_poisoning__seed49,49,dirichlet_a0.1,directional_poisoning,c4_drift_aware
15,0.2846484891523955,0.046638576208348714,0.5266607249551378,0.5474922308884818,False,c4_drift_aware__dirichlet_a0.1__directional_poisoning__seed49,49,dirichlet_a0.1,directional_poisoning,c4_drift_aware
16,0.26347755058222116,0.023032411163133593,0.3829950353488377,0.5474922308884818,False,c4_drift_aware__dirichlet_a0.1__directional_poisoning__seed49,49,dirichlet_a0.1,directional_poisoning,c4_drift_aware
17,0.291427818931848,0.05460338099787973,0.5747702232679457,0.5474922308884818,False,c4_drift_aware__dirichlet_a0.1__directional_poisoning__seed49,49,dirichlet_a0.1,directional_poisoning,c4_drift_aware
18,0.2619940727913984,0.014156932082216578,0.33545580905922845,0.5474922308884818,False,c4_drift_aware__dirichlet_a0.1__directional_poisoning__seed49,49,dirichlet_a0.1,directional_poisoning,c4_drift_aware
19,0.33230711696973886,0.08608703136344828,0.7790213314178083,0.5474922308884818,False,c4_drift_aware__dirichlet_a0.1__directional_poisoning__seed49,49,dirichlet_a0.1,directional_poisoning,c4_drift_aware
20,0.27632864425252673,0.004380134276485703,0.2990575990266387,0.5474922308884818,False,c4_drift_aware__dirichlet_a0.1__directional_poisoning__seed49,49,dirichlet_a0.1,directional_poisoning,c4_drift_aware
21,0.2790763740347303,0.02745021064026304,0.42151826206811926,0.5474922308884818,False,c4_drift_aware__dirichlet_a0.1__directional_poisoning__seed49,49,dirichlet_a0.1,directional_poisoning,c4_drift_aware
22,0.38345361665244093,0.06981776084245578,0.7457449594400283,0.5474922308884818,False,c4_drift_aware__dirichlet_a0.1__directional_poisoning__seed49,49,dirichlet_a0.1,directional_poisoning,c4_drift_aware
23,0.29108716587168293,0.02173220073154236,0.4038577286877294,0.5474922308884818,False,c4_drift_aware__dirichlet_a0.1__directional_poisoning__seed49,49,dirichlet_a0.1,directional_poisoning,c4_drift_aware
24,0.3354639904071613,0.0625288548772504,0.6599324712507013,0.5474922308884818,False,c4_drift_aware__dirichlet_a0.1__directional_poisoning__seed49,49,dirichlet_a0.1,directional_poisoning,c4_drift_aware
0,0.562944171101232,0.047669581037002695,0.8103063940603427,0.5474922308884818,False,c4_drift_aware__dirichlet_a0.1__sparse_coordinate_attack__seed49,49,dirichlet_a0.1,sparse_coordinate_attack,c4_drift_aware
1,0.3332586341548795,0.02706231356715011,0.4736876854861781,0.5474922308884818,False,c4_drift_aware__dirichlet_a0.1__sparse_coordinate_attack__seed49,49,dirichlet_a0.1,sparse_coordinate_attack,c4_drift_aware
2,0.32808710775491323,0.004598838671928729,0.35195094150741857,0.5474922308884818,False,c4_drift_aware__dirichlet_a0.1__sparse_coordinate_attack__seed49,49,dirichlet_a0.1,sparse_coordinate_attack,c4_drift_aware
3,0.24971662107089357,0.017044995321876644,0.33816480629564366,0.5474922308884818,False,c4_drift_aware__dirichlet_a0.1__sparse_coordinate_attack__seed49,49,dirichlet_a0.1,sparse_coordinate_attack,c4_drift_aware
4,0.2785422999767446,0.0053173375746431994,0.30613449638532564,0.5474922308884818,False,c4_drift_aware__dirichlet_a0.1__sparse_coordinate_attack__seed49,49,dirichlet_a0.1,sparse_coordinate_attack,c4_drift_aware
5,0.23913954951797756,0.023956976711979716,0.3634546973741115,0.5474922308884818,False,c4_drift_aware__dirichlet_a0.1__sparse_coordinate_attack__seed49,49,dirichlet_a0.1,sparse_coordinate_attack,c4_drift_aware
6,0.23074554336860395,0.009579075990383518,0.28045232659030306,0.5474922308884818,False,c4_drift_aware__dirichlet_a0.1__sparse_coordinate_attack__seed49,49,dirichlet_a0.1,sparse_coordinate_attack,c4_drift_aware
7,0.2808041168413063,0.09590036386132814,0.778440694954124,0.5474922308884818,False,c4_drift_aware__dirichlet_a0.1__sparse_coordinate_attack__seed49,49,dirichlet_a0.1,sparse_coordinate_attack,c4_drift_aware
8,0.27801316754509753,0.014469666527364033,0.3530977141222422,0.5474922308884818,False,c4_drift_aware__dirichlet_a0.1__sparse_coordinate_attack__seed49,49,dirichlet_a0.1,sparse_coordinate_attack,c4_drift_aware
9,0.22147078190408792,0.005870916488296518,0.25193555465350737,0.5474922308884818,False,c4_drift_aware__dirichlet_a0.1__sparse_coordinate_attack__seed49,49,dirichlet_a0.1,sparse_coordinate_attack,c4_drift_aware
10,0.35356832778175407,0.08627562372528164,0.801261166854613,0.5474922308884818,False,c4_drift_aware__dirichlet_a0.1__sparse_coordinate_attack__seed49,49,dirichlet_a0.1,sparse_coordinate_attack,c4_drift_aware
11,0.26274994434632454,0.021260108786782583,0.37307077485181805,0.5474922308884818,False,c4_drift_aware__dirichlet_a0.1__sparse_coordinate_attack__seed49,49,dirichlet_a0.1,sparse_coordinate_attack,c4_drift_aware
12,0.2622625554471699,0.01498514444466692,0.340021968484991,0.5474922308884818,False,c4_drift_aware__dirichlet_a0.1__sparse_coordinate_attack__seed49,49,dirichlet_a0.1,sparse_coordinate_attack,c4_drift_aware
13,0.25787070347085717,0.0167874088826091,0.344982246903604,0.5474922308884818,False,c4_drift_aware__dirichlet_a0.1__sparse_coordinate_attack__seed49,49,dirichlet_a0.1,sparse_coordinate_attack,c4_drift_aware
14,0.2608591716078636,0.01730668465194285,0.3506652889352602,0.5474922308884818,False,c4_drift_aware__dirichlet_a0.1__sparse_coordinate_attack__seed49,49,dirichlet_a0.1,sparse_coordinate_attack,c4_drift_aware
15,0.26064920270316516,0.023964822854874612,0.385005064979395,0.5474922308884818,False,c4_drift_aware__dirichlet_a0.1__sparse_coordinate_attack__seed49,49,dirichlet_a0.1,sparse_coordinate_attack,c4_drift_aware
16,0.25315637411391045,0.031457857262078226,0.4163943412325606,0.5474922308884818,False,c4_drift_aware__dirichlet_a0.1__sparse_coordinate_attack__seed49,49,dirichlet_a0.1,sparse_coordinate_attack,c4_drift_aware
17,0.25408485936644687,0.020787687290338697,0.36195424748474336,0.5474922308884818,False,c4_drift_aware__dirichlet_a0.1__sparse_coordinate_attack__seed49,49,dirichlet_a0.1,sparse_coordinate_attack,c4_drift_aware
18,0.2529140485870029,0.004697520486692669,0.2772899521444998,0.5474922308884818,False,c4_drift_aware__dirichlet_a0.1__sparse_coordinate_attack__seed49,49,dirichlet_a0.1,sparse_coordinate_attack,c4_drift_aware
19,0.25810057971197,0.050126363244584915,0.5182112912244455,0.5474922308884818,False,c4_drift_aware__dirichlet_a0.1__sparse_coordinate_attack__seed49,49,dirichlet_a0.1,sparse_coordinate_attack,c4_drift_aware
20,0.25999993733534427,0.01330897416140639,0.32906153515629816,0.5474922308884818,False,c4_drift_aware__dirichlet_a0.1__sparse_coordinate_attack__seed49,49,dirichlet_a0.1,sparse_coordinate_attack,c4_drift_aware
21,0.2677847840950247,0.04781922039185729,0.5159235006304114,0.5474922308884818,False,c4_drift_aware__dirichlet_a0.1__sparse_coordinate_attack__seed49,49,dirichlet_a0.1,sparse_coordinate_attack,c4_drift_aware
22,0.274327680383751,0.020640875971580597,0.38143524988787986,0.5474922308884818,False,c4_drift_aware__dirichlet_a0.1__sparse_coordinate_attack__seed49,49,dirichlet_a0.1,sparse_coordinate_attack,c4_drift_aware
23,0.27352249177829113,0.011435714943862696,0.33286356019348906,0.5474922308884818,False,c4_drift_aware__dirichlet_a0.1__sparse_coordinate_attack__seed49,49,dirichlet_a0.1,sparse_coordinate_attack,c4_drift_aware
24,0.2898364473933846,0.06407533686564382,0.6223297779228969,0.5474922308884818,False,c4_drift_aware__dirichlet_a0.1__sparse_coordinate_attack__seed49,49,dirichlet_a0.1,sparse_coordinate_attack,c4_drift_aware
0,0.5628639922452101,0.047749758020078414,0.810642261587199,0.5474922308884818,False,c4_drift_aware__dirichlet_a0.1__full_sign_flip__seed49,49,dirichlet_a0.1,full_sign_flip,c4_drift_aware
1,0.33309647509853285,0.026936741008174114,0.47287391786404914,0.5474922308884818,False,c4_drift_aware__dirichlet_a0.1__full_sign_flip__seed49,49,dirichlet_a0.1,full_sign_flip,c4_drift_aware
2,0.32811842978609634,0.004796141174364499,0.3530060859539912,0.5474922308884818,False,c4_drift_aware__dirichlet_a0.1__full_sign_flip__seed49,49,dirichlet_a0.1,full_sign_flip,c4_drift_aware
3,0.2500151170754012,0.017589540445696245,0.34128900140216356,0.5474922308884818,False,c4_drift_aware__dirichlet_a0.1__full_sign_flip__seed49,49,dirichlet_a0.1,full_sign_flip,c4_drift_aware
4,0.22907003701338471,0.0012670271335907812,0.23564476751230062,0.5474922308884818,False,c4_drift_aware__dirichlet_a0.1__full_sign_flip__seed49,49,dirichlet_a0.1,full_sign_flip,c4_drift_aware
5,0.26488250042150896,0.09688755994042986,0.7676417377083935,0.5474922308884818,False,c4_drift_aware__dirichlet_a0.1__full_sign_flip__seed49,49,dirichlet_a0.1,full_sign_flip,c4_drift_aware
6,0.2818787183279327,0.01093458989353191,0.3386193987444591,0.5474922308884818,False,c4_drift_aware__dirichlet_a0.1__full_sign_flip__seed49,49,dirichlet_a0.1,full_sign_flip,c4_drift_aware
7,0.22487123105838774,0.011605271949036433,0.2850921477291327,0.5474922308884818,False,c4_drift_aware__dirichlet_a0.1__full_sign_flip__seed49,49,dirichlet_a0.1,full_sign_flip,c4_drift_aware
8,0.21197187574695928,0.00497027012112361,0.2377631044324818,0.5474922308884818,False,c4_drift_aware__dirichlet_a0.1__full_sign_flip__seed49,49,dirichlet_a0.1,full_sign_flip,c4_drift_aware
9,0.2221711731370878,0.022980069723476243,0.3414170529391784,0.5474922308884818,False,c4_drift_aware__dirichlet_a0.1__full_sign_flip__seed49,49,dirichlet_a0.1,full_sign_flip,c4_drift_aware
10,0.22964835562667227,0.024491817974289093,0.3567388482770558,0.5474922308884818,False,c4_drift_aware__dirichlet_a0.1__full_sign_flip__seed49,49,dirichlet_a0.1,full_sign_flip,c4_drift_aware
11,0.41725025052792586,0.020438895345133212,0.5233097223633566,0.5474922308884818,False,c4_drift_aware__dirichlet_a0.1__full_sign_flip__seed49,49,dirichlet_a0.1,full_sign_flip,c4_drift_aware
12,0.26618440634739643,0.022482676471768492,0.38284926282705034,0.5474922308884818,False,c4_drift_aware__dirichlet_a0.1__full_sign_flip__seed49,49,dirichlet_a0.1,full_sign_flip,c4_drift_aware
13,0.2969498648965118,0.10886486106543813,0.8618605154511769,0.5474922308884818,False,c4_drift_aware__dirichlet_a0.1__full_sign_flip__seed49,49,dirichlet_a0.1,full_sign_flip,c4_drift_aware
14,0.2754642558175621,0.008562174510993559,0.3198942355725588,0.5474922308884818,False,c4_drift_aware__dirichlet_a0.1__full_sign_flip__seed49,49,dirichlet_a0.1,full_sign_flip,c4_drift_aware
15,0.2838636205154169,0.0462583080907456,0.5239026070291048,0.5474922308884818,False,c4_drift_aware__dirichlet_a0.1__full_sign_flip__seed49,49,dirichlet_a0.1,full_sign_flip,c4_drift_aware
16,0.26402217951968715,0.022548714997939867,0.3810297165154969,0.5474922308884818,False,c4_drift_aware__dirichlet_a0.1__full_sign_flip__seed49,49,dirichlet_a0.1,full_sign_flip,c4_drift_aware
17,0.292206484142171,0.05550035765036182,0.5802033900256636,0.5474922308884818,False,c4_drift_aware__dirichlet_a0.1__full_sign_flip__seed49,49,dirichlet_a0.1,full_sign_flip,c4_drift_aware
18,0.2623205686575334,0.014350131132815663,0.33678483411882715,0.5474922308884818,False,c4_drift_aware__dirichlet_a0.1__full_sign_flip__seed49,49,dirichlet_a0.1,full_sign_flip,c4_drift_aware
19,0.3324918829948294,0.08617067042626164,0.7796401089037437,0.5474922308884818,False,c4_drift_aware__dirichlet_a0.1__full_sign_flip__seed49,49,dirichlet_a0.1,full_sign_flip,c4_drift_aware
20,0.27640874284183364,0.00460599207923712,0.300309696340203,0.5474922308884818,False,c4_drift_aware__dirichlet_a0.1__full_sign_flip__seed49,49,dirichlet_a0.1,full_sign_flip,c4_drift_aware
21,0.2791621204047106,0.027429527456108937,0.4214966813272055,0.5474922308884818,False,c4_drift_aware__dirichlet_a0.1__full_sign_flip__seed49,49,dirichlet_a0.1,full_sign_flip,c4_drift_aware
22,0.3842132471180085,0.06713347183818502,0.7325755458335343,0.5474922308884818,False,c4_drift_aware__dirichlet_a0.1__full_sign_flip__seed49,49,dirichlet_a0.1,full_sign_flip,c4_drift_aware
23,0.2905354711798435,0.020627304117168288,0.39757261497424146,0.5474922308884818,False,c4_drift_aware__dirichlet_a0.1__full_sign_flip__seed49,49,dirichlet_a0.1,full_sign_flip,c4_drift_aware
24,0.3499439599418914,0.09581996565754186,0.8471633437354419,0.5474922308884818,False,c4_drift_aware__dirichlet_a0.1__full_sign_flip__seed49,49,dirichlet_a0.1,full_sign_flip,c4_drift_aware
0,0.5628639704170472,0.04774978522559259,0.8106423809311697,0.5474922308884818,False,c4_drift_aware__dirichlet_a0.1__low_norm__seed49,49,dirichlet_a0.1,low_norm,c4_drift_aware
1,0.3330933296989679,0.02692830551465758,0.47282699984507753,0.5474922308884818,False,c4_drift_aware__dirichlet_a0.1__low_norm__seed49,49,dirichlet_a0.1,low_norm,c4_drift_aware
2,0.3279939714371783,0.00474976815131517,0.35264099335116783,0.5474922308884818,False,c4_drift_aware__dirichlet_a0.1__low_norm__seed49,49,dirichlet_a0.1,low_norm,c4_drift_aware
3,0.24989272786413003,0.017739769032827896,0.34194616335237726,0.5474922308884818,False,c4_drift_aware__dirichlet_a0.1__low_norm__seed49,49,dirichlet_a0.1,low_norm,c4_drift_aware
4,0.22905041931823195,0.0011607828249040053,0.23507383747494132,0.5474922308884818,False,c4_drift_aware__dirichlet_a0.1__low_norm__seed49,49,dirichlet_a0.1,low_norm,c4_drift_aware
5,0.2648507484904639,0.09683275022291882,0.7673255726722119,0.5474922308884818,False,c4_drift_aware__dirichlet_a0.1__low_norm__seed49,49,dirichlet_a0.1,low_norm,c4_drift_aware
6,0.2818833073931821,0.01103000972457896,0.3391191308549948,0.5474922308884818,False,c4_drift_aware__dirichlet_a0.1__low_norm__seed49,49,dirichlet_a0.1,low_norm,c4_drift_aware
7,0.22503825460331267,0.011861775975053473,0.2865901963154627,0.5474922308884818,False,c4_drift_aware__dirichlet_a0.1__low_norm__seed49,49,dirichlet_a0.1,low_norm,c4_drift_aware
8,0.21219272435967412,0.004963643477515184,0.23794956672884815,0.5474922308884818,False,c4_drift_aware__dirichlet_a0.1__low_norm__seed49,49,dirichlet_a0.1,low_norm,c4_drift_aware
9,0.22249852311128335,0.02318637962987899,0.3428149656486884,0.5474922308884818,False,c4_drift_aware__dirichlet_a0.1__low_norm__seed49,49,dirichlet_a0.1,low_norm,c4_drift_aware
10,0.22953988714982806,0.030837136862762654,0.38955687404438977,0.5474922308884818,False,c4_drift_aware__dirichlet_a0.1__low_norm__seed49,49,dirichlet_a0.1,low_norm,c4_drift_aware
11,0.24937508144532033,0.054357373855856456,0.531440930120745,0.5474922308884818,False,c4_drift_aware__dirichlet_a0.1__low_norm__seed49,49,dirichlet_a0.1,low_norm,c4_drift_aware
12,0.2502982965634532,0.04021287421087871,0.4589669221311239,0.5474922308884818,False,c4_drift_aware__dirichlet_a0.1__low_norm__seed49,49,dirichlet_a0.1,low_norm,c4_drift_aware
13,0.25420452320949843,0.025583069739768094,0.38695763039612907,0.5474922308884818,False,c4_drift_aware__dirichlet_a0.1__low_norm__seed49,49,dirichlet_a0.1,low_norm,c4_drift_aware
14,0.2523301612541511,0.03191303537038853,0.41793009309463425,0.5474922308884818,False,c4_drift_aware__dirichlet_a0.1__low_norm__seed49,49,dirichlet_a0.1,low_norm,c4_drift_aware
15,0.2502797285694631,0.036574669016389616,0.44006934356241045,0.5474922308884818,False,c4_drift_aware__dirichlet_a0.1__low_norm__seed49,49,dirichlet_a0.1,low_norm,c4_drift_aware
16,0.25057072326434743,0.03312309775564981,0.4224497898281898,0.5474922308884818,False,c4_drift_aware__dirichlet_a0.1__low_norm__seed49,49,dirichlet_a0.1,low_norm,c4_drift_aware
17,0.2476106644649322,0.03531311177594232,0.4308539327814745,0.5474922308884818,False,c4_drift_aware__dirichlet_a0.1__low_norm__seed49,49,dirichlet_a0.1,low_norm,c4_drift_aware
18,0.2481578096565979,0.01739763122166066,0.3384358578289172,0.5474922308884818,False,c4_drift_aware__dirichlet_a0.1__low_norm__seed49,49,dirichlet_a0.1,low_norm,c4_drift_aware
19,0.24277993567980985,0.010993570183617574,0.29982667071961977,0.5474922308884818,False,c4_drift_aware__dirichlet_a0.1__low_norm__seed49,49,dirichlet_a0.1,low_norm,c4_drift_aware
20,0.23423792545830405,0.022332320051919236,0.35012256743971815,0.5474922308884818,False,c4_drift_aware__dirichlet_a0.1__low_norm__seed49,49,dirichlet_a0.1,low_norm,c4_drift_aware
21,0.24279976148968033,0.03409251339155517,0.41970922272979927,0.5474922308884818,False,c4_drift_aware__dirichlet_a0.1__low_norm__seed49,49,dirichlet_a0.1,low_norm,c4_drift_aware
22,0.24807859033330404,0.009536991127860439,0.29756699099488465,0.5474922308884818,False,c4_drift_aware__dirichlet_a0.1__low_norm__seed49,49,dirichlet_a0.1,low_norm,c4_drift_aware
23,0.2526945681052631,0.03546002563433301,0.4367001871243805,0.5474922308884818,False,c4_drift_aware__dirichlet_a0.1__low_norm__seed49,49,dirichlet_a0.1,low_norm,c4_drift_aware
24,0.25611676403808664,0.009279497101818912,0.30426900244913513,0.5474922308884818,False,c4_drift_aware__dirichlet_a0.1__low_norm__seed49,49,dirichlet_a0.1,low_norm,c4_drift_aware
