round,accuracy,loss,runtime_s,n_accepted,n_rejected,n_malicious_role,n_attack_active,diverged,run_id,seed,partition,attack,candidate
0,0.0586351007223129,2.194195508956909,2.286754086999281,5,0,1,0,False,c4_drift_aware__iid__no_attack__seed42,42,iid,no_attack,c4_drift_aware
1,0.1608635187149047,2.1918318271636963,2.179924183001276,5,0,1,0,False,c4_drift_aware__iid__no_attack__seed42,42,iid,no_attack,c4_drift_aware
2,0.1717270165681839,2.1901180744171143,2.1815405449997343,4,1,1,0,False,c4_drift_aware__iid__no_attack__seed42,42,iid,no_attack,c4_drift_aware
3,0.1717270165681839,2.189007043838501,2.134133898998698,5,0,1,0,False,c4_drift_aware__iid__no_attack__seed42,42,iid,no_attack,c4_drift_aware
4,0.1717270165681839,2.187020063400269,2.209787596000752,5,0,1,0,False,c4_drift_aware__iid__no_attack__seed42,42,iid,no_attack,c4_drift_aware
5,0.1717270165681839,2.185713529586792,2.2233719949999795,5,0,1,0,False,c4_drift_aware__iid__no_attack__seed42,42,iid,no_attack,c4_drift_aware
6,0.1717270165681839,2.184509754180908,2.261697455000103,5,0,1,0,False,c4_drift_aware__iid__no_attack__seed42,42,iid,no_attack,c4_drift_aware
7,0.1717270165681839,2.1818058490753174,2.0372350990001,5,0,1,0,False,c4_drift_aware__iid__no_attack__seed42,42,iid,no_attack,c4_drift_aware
8,0.1717270165681839,2.18009090423584,2.160726275998968,5,0,1,0,False,c4_drift_aware__iid__no_attack__seed42,42,iid,no_attack,c4_drift_aware
9,0.1717270165681839,2.176994562149048,2.2843062979991373,5,0,1,0,False,c4_drift_aware__iid__no_attack__seed42,42,iid,no_attack,c4_drift_aware
10,0.1717270165681839,2.174032211303711,2.2806382329999906,5,0,1,1,False,c4_drift_aware__iid__no_attack__seed42,42,iid,no_attack,c4_drift_aware
11,0.1689415127038955,2.1713545322418213,2.225912776999394,5,0,1,1,False,c4_drift_aware__iid__no_attack__seed42,42,iid,no_attack,c4_drift_aware
12,0.1729805022478103,2.1663153171539307,2.293677617000867,5,0,1,1,False,c4_drift_aware__iid__no_attack__seed42,42,iid,no_attack,c4_drift_aware
13,0.169359341263771,2.160861015319824,2.2365544619988214,3,2,1,1,False,c4_drift_aware__iid__no_attack__seed42,42,iid,no_attack,c4_drift_aware
14,0.1738161593675613,2.1539008617401123,2.0294994129999395,5,0,1,1,False,c4_drift_aware__iid__no_attack__seed42,42,iid,no_attack,c4_drift_aware
15,0.1806406676769256,2.148499011993408,2.170036662000712,4,1,1,1,False,c4_drift_aware__iid__no_attack__seed42,42,iid,no_attack,c4_drift_aware
16,0.2683843970298767,2.1363213062286377,2.046924119000323,5,0,1,1,False,c4_drift_aware__iid__no_attack__seed42,42,iid,no_attack,c4_drift_aware
17,0.3238161504268646,2.1254146099090576,2.16140695499962,4,1,1,1,False,c4_drift_aware__iid__no_attack__seed42,42,iid,no_attack,c4_drift_aware
18,0.3548746705055237,2.1070704460144043,2.1340617919995566,5,0,1,1,False,c4_drift_aware__iid__no_attack__seed42,42,iid,no_attack,c4_drift_aware
19,0.3543175458908081,2.0870823860168457,2.14126546999978,5,0,1,1,False,c4_drift_aware__iid__no_attack__seed42,42,iid,no_attack,c4_drift_aware
20,0.3988858163356781,2.0531651973724365,2.222657504999006,5,0,1,1,False,c4_drift_aware__iid__no_attack__seed42,42,iid,no_attack,c4_drift_aware
21,0.4224234223365783,2.011338949203491,2.1616999760008184,5,0,1,1,False,c4_drift_aware__iid__no_attack__seed42,42,iid,no_attack,c4_drift_aware
22,0.4206128120422363,1.9472205638885496,2.1765267080008925,5,0,1,1,False,c4_drift_aware__iid__no_attack__seed42,42,iid,no_attack,c4_drift_aware
23,0.4171309173107147,1.8737603425979608,1.9431533539991503,5,0,1,1,False,c4_drift_aware__iid__no_attack__seed42,42,iid,no_attack,c4_drift_aware
24,0.4605849683284759,1.807459712028504,2.111974614001156,4,1,1,1,False,c4_drift_aware__iid__no_attack__seed42,42,iid,no_attack,c4_drift_aware
0,0.0586351007223129,2.194195508956909,2.1878622459989856,5,0,1,0,False,c4_drift_aware__iid__large_norm__seed42,42,iid,large_norm,c4_drift_aware
1,0.1608635187149047,2.1918318271636963,2.165801252000165,5,0,1,0,False,c4_drift_aware__iid__large_norm__seed42,42,iid,large_norm,c4_drift_aware
2,0.1717270165681839,2.1901168823242188,2.110458332999769,4,1,1,0,False,c4_drift_aware__iid__large_norm__seed42,42,iid,large_norm,c4_drift_aware
3,0.1717270165681839,2.1890065670013428,2.1035659499993926,5,0,1,0,False,c4_drift_aware__iid__large_norm__seed42,42,iid,large_norm,c4_drift_aware
4,0.1717270165681839,2.1870179176330566,2.150396446000741,5,0,1,0,False,c4_drift_aware__iid__large_norm__seed42,42,iid,large_norm,c4_drift_aware
5,0.1717270165681839,2.185718774795532,2.1091577609986416,5,0,1,0,False,c4_drift_aware__iid__large_norm__seed42,42,iid,large_norm,c4_drift_aware
6,0.1717270165681839,2.184512138366699,2.08480273799978,5,0,1,0,False,c4_drift_aware__iid__large_norm__seed42,42,iid,large_norm,c4_drift_aware
7,0.1717270165681839,2.181807279586792,2.0795973619988217,5,0,1,0,False,c4_drift_aware__iid__large_norm__seed42,42,iid,large_norm,c4_drift_aware
8,0.1717270165681839,2.180091619491577,2.113961720999214,5,0,1,0,False,c4_drift_aware__iid__large_norm__seed42,42,iid,large_norm,c4_drift_aware
9,0.1717270165681839,2.176993131637573,2.1173580680006125,5,0,1,0,False,c4_drift_aware__iid__large_norm__seed42,42,iid,large_norm,c4_drift_aware
10,0.1713092029094696,2.173835039138794,2.096627566999814,4,1,1,1,False,c4_drift_aware__iid__large_norm__seed42,42,iid,large_norm,c4_drift_aware
11,0.1717270165681839,2.170072078704834,2.1219337359998462,4,1,1,1,False,c4_drift_aware__iid__large_norm__seed42,42,iid,large_norm,c4_drift_aware
12,0.1714484691619873,2.164435386657715,1.8701570220000576,4,1,1,1,False,c4_drift_aware__iid__large_norm__seed42,42,iid,large_norm,c4_drift_aware
13,0.1707520931959152,2.1591835021972656,2.104768186000001,4,1,1,1,False,c4_drift_aware__iid__large_norm__seed42,42,iid,large_norm,c4_drift_aware
14,0.1717270165681839,2.151385307312012,2.1354546069997014,4,1,1,1,False,c4_drift_aware__iid__large_norm__seed42,42,iid,large_norm,c4_drift_aware
15,0.2575208842754364,2.1419289112091064,2.0942365739992965,4,1,1,1,False,c4_drift_aware__iid__large_norm__seed42,42,iid,large_norm,c4_drift_aware
16,0.336490273475647,2.131054639816284,2.0999947220007016,4,1,1,1,False,c4_drift_aware__iid__large_norm__seed42,42,iid,large_norm,c4_drift_aware
17,0.3532033562660217,2.118002414703369,2.1284354219988018,4,1,1,1,False,c4_drift_aware__iid__large_norm__seed42,42,iid,large_norm,c4_drift_aware
18,0.3516713082790375,2.099588632583618,2.129665890000979,4,1,1,1,False,c4_drift_aware__iid__large_norm__seed42,42,iid,large_norm,c4_drift_aware
19,0.3498607277870178,2.0770626068115234,2.0902912769997783,4,1,1,1,False,c4_drift_aware__iid__large_norm__seed42,42,iid,large_norm,c4_drift_aware
20,0.4183844029903412,2.0441224575042725,2.0836834060010005,4,1,1,1,False,c4_drift_aware__iid__large_norm__seed42,42,iid,large_norm,c4_drift_aware
21,0.4157381653785705,1.9911835193634035,2.182679661998918,4,1,1,1,False,c4_drift_aware__iid__large_norm__seed42,42,iid,large_norm,c4_drift_aware
22,0.4168523848056793,1.9300127029418943,2.090076525000768,4,1,1,1,False,c4_drift_aware__iid__large_norm__seed42,42,iid,large_norm,c4_drift_aware
23,0.4193593561649322,1.850900411605835,2.0116592310005217,4,1,1,1,False,c4_drift_aware__iid__large_norm__seed42,42,iid,large_norm,c4_drift_aware
24,0.4601671397686004,1.7909154891967771,2.1253355360004207,4,1,1,1,False,c4_drift_aware__iid__large_norm__seed42,42,iid,large_norm,c4_drift_aware
0,0.0586351007223129,2.1941959857940674,2.091226292999636,5,0,1,0,False,c4_drift_aware__iid__directional_poisoning__seed42,42,iid,directional_poisoning,c4_drift_aware
1,0.1608635187149047,2.191831350326538,2.0956321350004146,5,0,1,0,False,c4_drift_aware__iid__directional_poisoning__seed42,42,iid,directional_poisoning,c4_drift_aware
2,0.1717270165681839,2.190117597579956,2.0865681569994194,4,1,1,0,False,c4_drift_aware__iid__directional_poisoning__seed42,42,iid,directional_poisoning,c4_drift_aware
3,0.1717270165681839,2.189006090164185,2.0967346920006094,5,0,1,0,False,c4_drift_aware__iid__directional_poisoning__seed42,42,iid,directional_poisoning,c4_drift_aware
4,0.1717270165681839,2.1870179176330566,2.177435212999626,5,0,1,0,False,c4_drift_aware__iid__directional_poisoning__seed42,42,iid,directional_poisoning,c4_drift_aware
5,0.1717270165681839,2.185713291168213,2.125335706001352,5,0,1,0,False,c4_drift_aware__iid__directional_poisoning__seed42,42,iid,directional_poisoning,c4_drift_aware
6,0.1717270165681839,2.1845197677612305,2.0954846659988107,5,0,1,0,False,c4_drift_aware__iid__directional_poisoning__seed42,42,iid,directional_poisoning,c4_drift_aware
7,0.1717270165681839,2.181810140609741,2.1513714070006245,5,0,1,0,False,c4_drift_aware__iid__directional_poisoning__seed42,42,iid,directional_poisoning,c4_drift_aware
8,0.1717270165681839,2.1800944805145264,2.1849355029989965,5,0,1,0,False,c4_drift_aware__iid__directional_poisoning__seed42,42,iid,directional_poisoning,c4_drift_aware
9,0.1717270165681839,2.17699933052063,2.0856513710004947,5,0,1,0,False,c4_drift_aware__iid__directional_poisoning__seed42,42,iid,directional_poisoning,c4_drift_aware
10,0.1717270165681839,2.1737060546875,2.1317138419999537,4,1,1,1,False,c4_drift_aware__iid__directional_poisoning__seed42,42,iid,directional_poisoning,c4_drift_aware
11,0.1714484691619873,2.1707379817962646,2.086646322000888,4,1,1,1,False,c4_drift_aware__iid__directional_poisoning__seed42,42,iid,directional_poisoning,c4_drift_aware
12,0.1701949834823608,2.164955377578736,2.0132523629999923,4,1,1,1,False,c4_drift_aware__iid__directional_poisoning__seed42,42,iid,directional_poisoning,c4_drift_aware
13,0.1715877503156662,2.1588134765625,2.1123471559985774,2,3,1,1,False,c4_drift_aware__iid__directional_poisoning__seed42,42,iid,directional_poisoning,c4_drift_aware
14,0.1715877503156662,2.150641202926636,2.100000860000364,4,1,1,1,False,c4_drift_aware__iid__directional_poisoning__seed42,42,iid,directional_poisoning,c4_drift_aware
15,0.1707520931959152,2.145135402679444,2.118061802999364,3,2,1,1,False,c4_drift_aware__iid__directional_poisoning__seed42,42,iid,directional_poisoning,c4_drift_aware
16,0.3231197893619537,2.1335344314575195,2.097765845001049,4,1,1,1,False,c4_drift_aware__iid__directional_poisoning__seed42,42,iid,directional_poisoning,c4_drift_aware
17,0.3472144901752472,2.1225547790527344,2.12793620499906,3,2,1,1,False,c4_drift_aware__iid__directional_poisoning__seed42,42,iid,directional_poisoning,c4_drift_aware
18,0.3511142134666443,2.1030964851379395,2.122076775000096,4,1,1,1,False,c4_drift_aware__iid__directional_poisoning__seed42,42,iid,directional_poisoning,c4_drift_aware
19,0.3511142134666443,2.0835251808166504,2.085677023000244,4,1,1,1,False,c4_drift_aware__iid__directional_poisoning__seed42,42,iid,directional_poisoning,c4_drift_aware
20,0.4112813472747803,2.047026872634888,2.064149412000916,4,1,1,1,False,c4_drift_aware__iid__directional_poisoning__seed42,42,iid,directional_poisoning,c4_drift_aware
21,0.4183844029903412,2.0019876956939697,2.142730081000991,4,1,1,1,False,c4_drift_aware__iid__directional_poisoning__seed42,42,iid,directional_poisoning,c4_drift_aware
22,0.4168523848056793,1.9361872673034668,2.06005063900011,4,1,1,1,False,c4_drift_aware__iid__directional_poisoning__seed42,42,iid,directional_poisoning,c4_drift_aware
23,0.4193593561649322,1.8650420904159544,2.171222758999648,4,1,1,1,False,c4_drift_aware__iid__directional_poisoning__seed42,42,iid,directional_poisoning,c4_drift_aware
24,0.4601671397686004,1.7938889265060425,2.0703711789992667,4,1,1,1,False,c4_drift_aware__iid__directional_poisoning__seed42,42,iid,directional_poisoning,c4_drift_aware
0,0.0586351007223129,2.194195508956909,2.103789509001217,5,0,1,0,False,c4_drift_aware__iid__sparse_coordinate_attack__seed42,42,iid,sparse_coordinate_attack,c4_drift_aware
1,0.1608635187149047,2.1918320655822754,2.089268028999868,5,0,1,0,False,c4_drift_aware__iid__sparse_coordinate_attack__seed42,42,iid,sparse_coordinate_attack,c4_drift_aware
2,0.1717270165681839,2.19011664390564,2.069784138999239,4,1,1,0,False,c4_drift_aware__iid__sparse_coordinate_attack__seed42,42,iid,sparse_coordinate_attack,c4_drift_aware
3,0.1717270165681839,2.1890039443969727,2.0886852589992486,5,0,1,0,False,c4_drift_aware__iid__sparse_coordinate_attack__seed42,42,iid,sparse_coordinate_attack,c4_drift_aware
4,0.1717270165681839,2.1870179176330566,2.1190845189994434,5,0,1,0,False,c4_drift_aware__iid__sparse_coordinate_attack__seed42,42,iid,sparse_coordinate_attack,c4_drift_aware
5,0.1717270165681839,2.1857142448425293,2.134662065998782,5,0,1,0,False,c4_drift_aware__iid__sparse_coordinate_attack__seed42,42,iid,sparse_coordinate_attack,c4_drift_aware
6,0.1717270165681839,2.184502363204956,2.0955866490003245,5,0,1,0,False,c4_drift_aware__iid__sparse_coordinate_attack__seed42,42,iid,sparse_coordinate_attack,c4_drift_aware
7,0.1717270165681839,2.1818017959594727,2.0912139829997614,5,0,1,0,False,c4_drift_aware__iid__sparse_coordinate_attack__seed42,42,iid,sparse_coordinate_attack,c4_drift_aware
8,0.1717270165681839,2.180084466934204,2.1099875710006017,5,0,1,0,False,c4_drift_aware__iid__sparse_coordinate_attack__seed42,42,iid,sparse_coordinate_attack,c4_drift_aware
9,0.1717270165681839,2.176989316940308,2.084450606000246,5,0,1,0,False,c4_drift_aware__iid__sparse_coordinate_attack__seed42,42,iid,sparse_coordinate_attack,c4_drift_aware
10,0.1717270165681839,2.1739494800567627,2.1171022439993976,4,1,1,1,False,c4_drift_aware__iid__sparse_coordinate_attack__seed42,42,iid,sparse_coordinate_attack,c4_drift_aware
11,0.1713092029094696,2.169951200485229,2.0817437289988447,4,1,1,1,False,c4_drift_aware__iid__sparse_coordinate_attack__seed42,42,iid,sparse_coordinate_attack,c4_drift_aware
12,0.1717270165681839,2.1639676094055176,2.1187850650003384,4,1,1,1,False,c4_drift_aware__iid__sparse_coordinate_attack__seed42,42,iid,sparse_coordinate_attack,c4_drift_aware
13,0.1707520931959152,2.1584489345550537,2.144815510999252,3,2,1,1,False,c4_drift_aware__iid__sparse_coordinate_attack__seed42,42,iid,sparse_coordinate_attack,c4_drift_aware
14,0.1701949834823608,2.1502881050109863,2.1338377880001644,4,1,1,1,False,c4_drift_aware__iid__sparse_coordinate_attack__seed42,42,iid,sparse_coordinate_attack,c4_drift_aware
15,0.1799442917108535,2.144585371017456,2.201761042000726,3,2,1,1,False,c4_drift_aware__iid__sparse_coordinate_attack__seed42,42,iid,sparse_coordinate_attack,c4_drift_aware
16,0.274651825428009,2.134360313415528,2.094958902000144,4,1,1,1,False,c4_drift_aware__iid__sparse_coordinate_attack__seed42,42,iid,sparse_coordinate_attack,c4_drift_aware
17,0.3604456782341003,2.11970591545105,2.120588542000405,4,1,1,1,False,c4_drift_aware__iid__sparse_coordinate_attack__seed42,42,iid,sparse_coordinate_attack,c4_drift_aware
18,0.3557103276252746,2.101826429367065,2.105259894999108,4,1,1,1,False,c4_drift_aware__iid__sparse_coordinate_attack__seed42,42,iid,sparse_coordinate_attack,c4_drift_aware
19,0.3540390133857727,2.075265884399414,2.1387567809997563,4,1,1,1,False,c4_drift_aware__iid__sparse_coordinate_attack__seed42,42,iid,sparse_coordinate_attack,c4_drift_aware
20,0.4199164509773254,2.044174909591675,2.186481544000344,4,1,1,1,False,c4_drift_aware__iid__sparse_coordinate_attack__seed42,42,iid,sparse_coordinate_attack,c4_drift_aware
21,0.4168523848056793,1.994438648223877,2.102895576001174,4,1,1,1,False,c4_drift_aware__iid__sparse_coordinate_attack__seed42,42,iid,sparse_coordinate_attack,c4_drift_aware
22,0.4194986224174499,1.9262564182281487,2.0912690889999794,4,1,1,1,False,c4_drift_aware__iid__sparse_coordinate_attack__seed42,42,iid,sparse_coordinate_attack,c4_drift_aware
23,0.4211699366569519,1.8559547662734983,2.0612940230003005,4,1,1,1,False,c4_drift_aware__iid__sparse_coordinate_attack__seed42,42,iid,sparse_coordinate_attack,c4_drift_aware
24,0.4577994644641876,1.7898516654968262,2.122408612000072,4,1,1,1,False,c4_drift_aware__iid__sparse_coordinate_attack__seed42,42,iid,sparse_coordinate_attack,c4_drift_aware
0,0.1863509863615036,2.2221038341522217,2.117047730000195,5,0,1,0,False,c4_drift_aware__dirichlet_a0.1__no_attack__seed42,42,dirichlet_a0.1,no_attack,c4_drift_aware
1,0.1863509863615036,2.298741102218628,2.060673664000205,5,0,1,0,False,c4_drift_aware__dirichlet_a0.1__no_attack__seed42,42,dirichlet_a0.1,no_attack,c4_drift_aware
2,0.1863509863615036,2.3167266845703125,2.1304597670005023,5,0,1,0,False,c4_drift_aware__dirichlet_a0.1__no_attack__seed42,42,dirichlet_a0.1,no_attack,c4_drift_aware
3,0.1863509863615036,2.3211655616760254,2.1522293810012343,5,0,1,0,False,c4_drift_aware__dirichlet_a0.1__no_attack__seed42,42,dirichlet_a0.1,no_attack,c4_drift_aware
4,0.1863509863615036,2.3096683025360107,2.0988262649989338,5,0,1,0,False,c4_drift_aware__dirichlet_a0.1__no_attack__seed42,42,dirichlet_a0.1,no_attack,c4_drift_aware
5,0.1863509863615036,2.311119318008423,2.1468021269993187,5,0,1,0,False,c4_drift_aware__dirichlet_a0.1__no_attack__seed42,42,dirichlet_a0.1,no_attack,c4_drift_aware
6,0.1863509863615036,2.2867345809936523,2.136599101999309,5,0,1,0,False,c4_drift_aware__dirichlet_a0.1__no_attack__seed42,42,dirichlet_a0.1,no_attack,c4_drift_aware
7,0.1863509863615036,2.289591789245605,2.1354664609989413,5,0,1,0,False,c4_drift_aware__dirichlet_a0.1__no_attack__seed42,42,dirichlet_a0.1,no_attack,c4_drift_aware
8,0.1863509863615036,2.279683828353882,2.101451238000664,5,0,1,0,False,c4_drift_aware__dirichlet_a0.1__no_attack__seed42,42,dirichlet_a0.1,no_attack,c4_drift_aware
9,0.1863509863615036,2.278234004974365,2.102090063001014,5,0,1,0,False,c4_drift_aware__dirichlet_a0.1__no_attack__seed42,42,dirichlet_a0.1,no_attack,c4_drift_aware
10,0.1869080811738968,2.289498805999756,2.114418572000432,5,0,1,1,False,c4_drift_aware__dirichlet_a0.1__no_attack__seed42,42,dirichlet_a0.1,no_attack,c4_drift_aware
11,0.1863509863615036,2.280773162841797,2.0829660719991807,5,0,1,1,False,c4_drift_aware__dirichlet_a0.1__no_attack__seed42,42,dirichlet_a0.1,no_attack,c4_drift_aware
12,0.1884401142597198,2.262554883956909,1.7979537020000862,5,0,1,1,False,c4_drift_aware__dirichlet_a0.1__no_attack__seed42,42,dirichlet_a0.1,no_attack,c4_drift_aware
13,0.1884401142597198,2.2495241165161133,2.139977026001361,5,0,1,1,False,c4_drift_aware__dirichlet_a0.1__no_attack__seed42,42,dirichlet_a0.1,no_attack,c4_drift_aware
14,0.1884401142597198,2.227285146713257,2.0384644380010286,5,0,1,1,False,c4_drift_aware__dirichlet_a0.1__no_attack__seed42,42,dirichlet_a0.1,no_attack,c4_drift_aware
15,0.2086351066827774,2.2225208282470703,2.0846433929982595,5,0,1,1,False,c4_drift_aware__dirichlet_a0.1__no_attack__seed42,42,dirichlet_a0.1,no_attack,c4_drift_aware
16,0.2058495879173278,2.19941782951355,2.091583141998853,5,0,1,1,False,c4_drift_aware__dirichlet_a0.1__no_attack__seed42,42,dirichlet_a0.1,no_attack,c4_drift_aware
17,0.1040389984846115,2.207545757293701,2.109852763998788,4,1,1,1,False,c4_drift_aware__dirichlet_a0.1__no_attack__seed42,42,dirichlet_a0.1,no_attack,c4_drift_aware
18,0.105153203010559,2.1894681453704834,2.1788018950010155,4,1,1,1,False,c4_drift_aware__dirichlet_a0.1__no_attack__seed42,42,dirichlet_a0.1,no_attack,c4_drift_aware
19,0.1032033488154411,2.4877941608428955,2.108359961999668,3,2,1,1,False,c4_drift_aware__dirichlet_a0.1__no_attack__seed42,42,dirichlet_a0.1,no_attack,c4_drift_aware
20,0.225487470626831,2.0541439056396484,2.1009790000007342,5,0,1,1,False,c4_drift_aware__dirichlet_a0.1__no_attack__seed42,42,dirichlet_a0.1,no_attack,c4_drift_aware
21,0.227158784866333,2.0294268131256104,2.154936384999018,5,0,1,1,False,c4_drift_aware__dirichlet_a0.1__no_attack__seed42,42,dirichlet_a0.1,no_attack,c4_drift_aware
22,0.2335654646158218,2.010504007339477,2.1003653990010207,5,0,1,1,False,c4_drift_aware__dirichlet_a0.1__no_attack__seed42,42,dirichlet_a0.1,no_attack,c4_drift_aware
23,0.2335654646158218,1.948235988616944,2.10621300099956,5,0,1,1,False,c4_drift_aware__dirichlet_a0.1__no_attack__seed42,42,dirichlet_a0.1,no_attack,c4_drift_aware
24,0.2338440120220184,1.9275977611541748,2.1229359120006848,5,0,1,1,False,c4_drift_aware__dirichlet_a0.1__no_attack__seed42,42,dirichlet_a0.1,no_attack,c4_drift_aware
0,0.1863509863615036,2.222100019454956,2.0795115809996787,5,0,1,0,False,c4_drift_aware__dirichlet_a0.1__large_norm__seed42,42,dirichlet_a0.1,large_norm,c4_drift_aware
1,0.1863509863615036,2.2996315956115723,2.1126181349991384,5,0,1,0,False,c4_drift_aware__dirichlet_a0.1__large_norm__seed42,42,dirichlet_a0.1,large_norm,c4_drift_aware
2,0.1863509863615036,2.3177809715271,2.1429166340003576,5,0,1,0,False,c4_drift_aware__dirichlet_a0.1__large_norm__seed42,42,dirichlet_a0.1,large_norm,c4_drift_aware
3,0.1863509863615036,2.321763515472412,2.166587362000428,5,0,1,0,False,c4_drift_aware__dirichlet_a0.1__large_norm__seed42,42,dirichlet_a0.1,large_norm,c4_drift_aware
4,0.1863509863615036,2.3085055351257324,2.1184035450005467,5,0,1,0,False,c4_drift_aware__dirichlet_a0.1__large_norm__seed42,42,dirichlet_a0.1,large_norm,c4_drift_aware
5,0.1863509863615036,2.310960292816162,2.060720154000592,5,0,1,0,False,c4_drift_aware__dirichlet_a0.1__large_norm__seed42,42,dirichlet_a0.1,large_norm,c4_drift_aware
6,0.1863509863615036,2.2863330841064453,2.091452532000403,5,0,1,0,False,c4_drift_aware__dirichlet_a0.1__large_norm__seed42,42,dirichlet_a0.1,large_norm,c4_drift_aware
7,0.1863509863615036,2.2893941402435303,2.065749938999943,5,0,1,0,False,c4_drift_aware__dirichlet_a0.1__large_norm__seed42,42,dirichlet_a0.1,large_norm,c4_drift_aware
8,0.1863509863615036,2.279979705810547,2.035242902000391,5,0,1,0,False,c4_drift_aware__dirichlet_a0.1__large_norm__seed42,42,dirichlet_a0.1,large_norm,c4_drift_aware
9,0.1863509863615036,2.2791168689727783,2.1315405269997427,5,0,1,0,False,c4_drift_aware__dirichlet_a0.1__large_norm__seed42,42,dirichlet_a0.1,large_norm,c4_drift_aware
10,0.1013927608728408,2.280379295349121,2.105575637000584,4,1,1,1,False,c4_drift_aware__dirichlet_a0.1__large_norm__seed42,42,dirichlet_a0.1,large_norm,c4_drift_aware
11,0.0824512541294097,2.3856492042541504,2.091314920999139,3,2,1,1,False,c4_drift_aware__dirichlet_a0.1__large_norm__seed42,42,dirichlet_a0.1,large_norm,c4_drift_aware
12,0.1032033488154411,2.610296726226806,2.0988866730003792,3,2,1,1,False,c4_drift_aware__dirichlet_a0.1__large_norm__seed42,42,dirichlet_a0.1,large_norm,c4_drift_aware
13,0.0824512541294097,2.3527181148529053,2.0528349819996947,3,2,1,1,False,c4_drift_aware__dirichlet_a0.1__large_norm__seed42,42,dirichlet_a0.1,large_norm,c4_drift_aware
14,0.1032033488154411,2.621006727218628,2.100155755999367,3,2,1,1,False,c4_drift_aware__dirichlet_a0.1__large_norm__seed42,42,dirichlet_a0.1,large_norm,c4_drift_aware
15,0.2747910916805267,2.293899774551392,2.0813556209996023,3,2,1,1,False,c4_drift_aware__dirichlet_a0.1__large_norm__seed42,42,dirichlet_a0.1,large_norm,c4_drift_aware
16,0.1032033488154411,2.2462527751922607,2.11913124000057,4,1,1,1,False,c4_drift_aware__dirichlet_a0.1__large_norm__seed42,42,dirichlet_a0.1,large_norm,c4_drift_aware
17,0.2651810646057129,2.3354666233062744,2.062576890000855,3,2,1,1,False,c4_drift_aware__dirichlet_a0.1__large_norm__seed42,42,dirichlet_a0.1,large_norm,c4_drift_aware
18,0.1032033488154411,2.182866334915161,2.012289943999349,4,1,1,1,False,c4_drift_aware__dirichlet_a0.1__large_norm__seed42,42,dirichlet_a0.1,large_norm,c4_drift_aware
19,0.1824512630701065,2.29548716545105,2.0939862100003666,3,2,1,1,False,c4_drift_aware__dirichlet_a0.1__large_norm__seed42,42,dirichlet_a0.1,large_norm,c4_drift_aware
20,0.2972144782543182,2.107689142227173,2.0646024150009907,4,1,1,1,False,c4_drift_aware__dirichlet_a0.1__large_norm__seed42,42,dirichlet_a0.1,large_norm,c4_drift_aware
21,0.2463788390159607,2.128800630569458,2.0781435270000657,4,1,1,1,False,c4_drift_aware__dirichlet_a0.1__large_norm__seed42,42,dirichlet_a0.1,large_norm,c4_drift_aware
22,0.1179665774106979,2.2971556186676025,2.180288773999564,2,3,1,1,False,c4_drift_aware__dirichlet_a0.1__large_norm__seed42,42,dirichlet_a0.1,large_norm,c4_drift_aware
23,0.2827298045158386,2.021721601486206,2.122483035998812,4,1,1,1,False,c4_drift_aware__dirichlet_a0.1__large_norm__seed42,42,dirichlet_a0.1,large_norm,c4_drift_aware
24,0.3270195126533508,1.9340627193450928,1.867307112001072,4,1,1,1,False,c4_drift_aware__dirichlet_a0.1__large_norm__seed42,42,dirichlet_a0.1,large_norm,c4_drift_aware
0,0.1863509863615036,2.222099781036377,2.265600688000632,5,0,1,0,False,c4_drift_aware__dirichlet_a0.1__directional_poisoning__seed42,42,dirichlet_a0.1,directional_poisoning,c4_drift_aware
1,0.1863509863615036,2.299334526062012,2.116774350999549,5,0,1,0,False,c4_drift_aware__dirichlet_a0.1__directional_poisoning__seed42,42,dirichlet_a0.1,directional_poisoning,c4_drift_aware
2,0.1863509863615036,2.317302942276001,2.056790954000462,5,0,1,0,False,c4_drift_aware__dirichlet_a0.1__directional_poisoning__seed42,42,dirichlet_a0.1,directional_poisoning,c4_drift_aware
3,0.1863509863615036,2.321253061294556,2.0251366190004774,5,0,1,0,False,c4_drift_aware__dirichlet_a0.1__directional_poisoning__seed42,42,dirichlet_a0.1,directional_poisoning,c4_drift_aware
4,0.1863509863615036,2.307525157928467,2.0795096559995727,5,0,1,0,False,c4_drift_aware__dirichlet_a0.1__directional_poisoning__seed42,42,dirichlet_a0.1,directional_poisoning,c4_drift_aware
5,0.1863509863615036,2.3112547397613525,2.035771499000475,5,0,1,0,False,c4_drift_aware__dirichlet_a0.1__directional_poisoning__seed42,42,dirichlet_a0.1,directional_poisoning,c4_drift_aware
6,0.1863509863615036,2.286083221435547,2.1440177249987755,5,0,1,0,False,c4_drift_aware__dirichlet_a0.1__directional_poisoning__seed42,42,dirichlet_a0.1,directional_poisoning,c4_drift_aware
7,0.1863509863615036,2.2880778312683105,2.117368921000889,5,0,1,0,False,c4_drift_aware__dirichlet_a0.1__directional_poisoning__seed42,42,dirichlet_a0.1,directional_poisoning,c4_drift_aware
8,0.1863509863615036,2.2799384593963623,2.0564484960013942,5,0,1,0,False,c4_drift_aware__dirichlet_a0.1__directional_poisoning__seed42,42,dirichlet_a0.1,directional_poisoning,c4_drift_aware
9,0.1863509863615036,2.280086040496826,2.1074834470000496,5,0,1,0,False,c4_drift_aware__dirichlet_a0.1__directional_poisoning__seed42,42,dirichlet_a0.1,directional_poisoning,c4_drift_aware
10,0.1030640676617622,2.3559763431549072,2.073887313999876,5,0,1,1,False,c4_drift_aware__dirichlet_a0.1__directional_poisoning__seed42,42,dirichlet_a0.1,directional_poisoning,c4_drift_aware
11,0.1263231188058853,2.235200881958008,2.111472449998473,4,1,1,1,False,c4_drift_aware__dirichlet_a0.1__directional_poisoning__seed42,42,dirichlet_a0.1,directional_poisoning,c4_drift_aware
12,0.1032033488154411,2.235068321228028,2.0629568219992507,4,1,1,1,False,c4_drift_aware__dirichlet_a0.1__directional_poisoning__seed42,42,dirichlet_a0.1,directional_poisoning,c4_drift_aware
13,0.1032033488154411,2.255866527557373,2.090222155000447,4,1,1,1,False,c4_drift_aware__dirichlet_a0.1__directional_poisoning__seed42,42,dirichlet_a0.1,directional_poisoning,c4_drift_aware
14,0.1029247939586639,2.2554609775543213,2.143639099000211,4,1,1,1,False,c4_drift_aware__dirichlet_a0.1__directional_poisoning__seed42,42,dirichlet_a0.1,directional_poisoning,c4_drift_aware
15,0.1072423458099365,2.2534220218658447,2.072025002000373,4,1,1,1,False,c4_drift_aware__dirichlet_a0.1__directional_poisoning__seed42,42,dirichlet_a0.1,directional_poisoning,c4_drift_aware
16,0.1444289684295654,2.194201946258545,1.9854482190003184,4,1,1,1,False,c4_drift_aware__dirichlet_a0.1__directional_poisoning__seed42,42,dirichlet_a0.1,directional_poisoning,c4_drift_aware
17,0.1069637909531593,2.232553720474243,2.124229364999337,4,1,1,1,False,c4_drift_aware__dirichlet_a0.1__directional_poisoning__seed42,42,dirichlet_a0.1,directional_poisoning,c4_drift_aware
18,0.1032033488154411,2.2511794567108154,2.130762946999312,4,1,1,1,False,c4_drift_aware__dirichlet_a0.1__directional_poisoning__seed42,42,dirichlet_a0.1,directional_poisoning,c4_drift_aware
19,0.1232590526342392,2.19464111328125,2.089741895999396,4,1,1,1,False,c4_drift_aware__dirichlet_a0.1__directional_poisoning__seed42,42,dirichlet_a0.1,directional_poisoning,c4_drift_aware
20,0.3298050165176391,2.1498172283172607,2.106848772999001,4,1,1,1,False,c4_drift_aware__dirichlet_a0.1__directional_poisoning__seed42,42,dirichlet_a0.1,directional_poisoning,c4_drift_aware
21,0.1505571007728576,2.173161506652832,2.154881487000239,4,1,1,1,False,c4_drift_aware__dirichlet_a0.1__directional_poisoning__seed42,42,dirichlet_a0.1,directional_poisoning,c4_drift_aware
22,0.3253481984138489,2.058962821960449,2.0084552700009226,4,1,1,1,False,c4_drift_aware__dirichlet_a0.1__directional_poisoning__seed42,42,dirichlet_a0.1,directional_poisoning,c4_drift_aware
23,0.3036211729049682,2.050066471099853,2.072977699999683,4,1,1,1,False,c4_drift_aware__dirichlet_a0.1__directional_poisoning__seed42,42,dirichlet_a0.1,directional_poisoning,c4_drift_aware
24,0.1033426225185394,2.406044244766236,2.15593677400102,3,2,1,1,False,c4_drift_aware__dirichlet_a0.1__directional_poisoning__seed42,42,dirichlet_a0.1,directional_poisoning,c4_drift_aware
0,0.1863509863615036,2.2220993041992188,2.083020484000372,5,0,1,0,False,c4_drift_aware__dirichlet_a0.1__sparse_coordinate_attack__seed42,42,dirichlet_a0.1,sparse_coordinate_attack,c4_drift_aware
1,0.1863509863615036,2.299204111099243,2.0905155339987687,5,0,1,0,False,c4_drift_aware__dirichlet_a0.1__sparse_coordinate_attack__seed42,42,dirichlet_a0.1,sparse_coordinate_attack,c4_drift_aware
2,0.1863509863615036,2.3176045417785645,2.1315141720006068,5,0,1,0,False,c4_drift_aware__dirichlet_a0.1__sparse_coordinate_attack__seed42,42,dirichlet_a0.1,sparse_coordinate_attack,c4_drift_aware
3,0.1863509863615036,2.320754289627075,2.182452753999314,5,0,1,0,False,c4_drift_aware__dirichlet_a0.1__sparse_coordinate_attack__seed42,42,dirichlet_a0.1,sparse_coordinate_attack,c4_drift_aware
4,0.1863509863615036,2.309399127960205,2.070755836999524,5,0,1,0,False,c4_drift_aware__dirichlet_a0.1__sparse_coordinate_attack__seed42,42,dirichlet_a0.1,sparse_coordinate_attack,c4_drift_aware
5,0.1863509863615036,2.3111014366149902,2.082042743000784,5,0,1,0,False,c4_drift_aware__dirichlet_a0.1__sparse_coordinate_attack__seed42,42,dirichlet_a0.1,sparse_coordinate_attack,c4_drift_aware
6,0.1863509863615036,2.2859551906585693,2.097462687999723,5,0,1,0,False,c4_drift_aware__dirichlet_a0.1__sparse_coordinate_attack__seed42,42,dirichlet_a0.1,sparse_coordinate_attack,c4_drift_aware
7,0.1863509863615036,2.288372755050659,2.089685136001208,5,0,1,0,False,c4_drift_aware__dirichlet_a0.1__sparse_coordinate_attack__seed42,42,dirichlet_a0.1,sparse_coordinate_attack,c4_drift_aware
8,0.1863509863615036,2.2786903381347656,2.0656857049998507,5,0,1,0,False,c4_drift_aware__dirichlet_a0.1__sparse_coordinate_attack__seed42,42,dirichlet_a0.1,sparse_coordinate_attack,c4_drift_aware
9,0.1863509863615036,2.278557062149048,2.0606516619991453,5,0,1,0,False,c4_drift_aware__dirichlet_a0.1__sparse_coordinate_attack__seed42,42,dirichlet_a0.1,sparse_coordinate_attack,c4_drift_aware
10,0.1032033488154411,2.253692388534546,2.083575067999845,4,1,1,1,False,c4_drift_aware__dirichlet_a0.1__sparse_coordinate_attack__seed42,42,dirichlet_a0.1,sparse_coordinate_attack,c4_drift_aware
11,0.1032033488154411,2.2594082355499268,2.0690744740004448,4,1,1,1,False,c4_drift_aware__dirichlet_a0.1__sparse_coordinate_attack__seed42,42,dirichlet_a0.1,sparse_coordinate_attack,c4_drift_aware
12,0.1025069653987884,2.2497012615203857,2.089857053999367,4,1,1,1,False,c4_drift_aware__dirichlet_a0.1__sparse_coordinate_attack__seed42,42,dirichlet_a0.1,sparse_coordinate_attack,c4_drift_aware
13,0.0902507007122039,2.244554042816162,2.097884917000556,4,1,1,1,False,c4_drift_aware__dirichlet_a0.1__sparse_coordinate_attack__seed42,42,dirichlet_a0.1,sparse_coordinate_attack,c4_drift_aware
14,0.1041782721877098,2.2461812496185303,2.105027329998848,4,1,1,1,False,c4_drift_aware__dirichlet_a0.1__sparse_coordinate_attack__seed42,42,dirichlet_a0.1,sparse_coordinate_attack,c4_drift_aware
15,0.1032033488154411,2.2103774547576904,2.1108633000003465,4,1,1,1,False,c4_drift_aware__dirichlet_a0.1__sparse_coordinate_attack__seed42,42,dirichlet_a0.1,sparse_coordinate_attack,c4_drift_aware
16,0.1281337141990661,2.215238809585572,2.077544128000227,4,1,1,1,False,c4_drift_aware__dirichlet_a0.1__sparse_coordinate_attack__seed42,42,dirichlet_a0.1,sparse_coordinate_attack,c4_drift_aware
17,0.1855153292417526,2.1879687309265137,2.1174725880009646,4,1,1,1,False,c4_drift_aware__dirichlet_a0.1__sparse_coordinate_attack__seed42,42,dirichlet_a0.1,sparse_coordinate_attack,c4_drift_aware
18,0.1516713201999664,2.172856092453003,2.058367630001157,4,1,1,1,False,c4_drift_aware__dirichlet_a0.1__sparse_coordinate_attack__seed42,42,dirichlet_a0.1,sparse_coordinate_attack,c4_drift_aware
19,0.1338440179824829,2.185495376586914,2.129276431000108,4,1,1,1,False,c4_drift_aware__dirichlet_a0.1__sparse_coordinate_attack__seed42,42,dirichlet_a0.1,sparse_coordinate_attack,c4_drift_aware
20,0.1410863548517227,2.1601948738098145,2.146043618999101,4,1,1,1,False,c4_drift_aware__dirichlet_a0.1__sparse_coordinate_attack__seed42,42,dirichlet_a0.1,sparse_coordinate_attack,c4_drift_aware
21,0.3257660269737243,2.0988357067108154,2.069871477000561,4,1,1,1,False,c4_drift_aware__dirichlet_a0.1__sparse_coordinate_attack__seed42,42,dirichlet_a0.1,sparse_coordinate_attack,c4_drift_aware
22,0.1032033488154411,2.4999654293060303,2.0666901810000127,3,2,1,1,False,c4_drift_aware__dirichlet_a0.1__sparse_coordinate_attack__seed42,42,dirichlet_a0.1,sparse_coordinate_attack,c4_drift_aware
23,0.2628133893013,2.0757436752319336,2.115597538999282,4,1,1,1,False,c4_drift_aware__dirichlet_a0.1__sparse_coordinate_attack__seed42,42,dirichlet_a0.1,sparse_coordinate_attack,c4_drift_aware
24,0.3200557231903076,1.988635420799256,2.1479669410000497,4,1,1,1,False,c4_drift_aware__dirichlet_a0.1__sparse_coordinate_attack__seed42,42,dirichlet_a0.1,sparse_coordinate_attack,c4_drift_aware
0,0.0824512541294097,2.1853957176208496,2.0665924419990915,5,0,1,0,False,c4_drift_aware__iid__no_attack__seed43,43,iid,no_attack,c4_drift_aware
1,0.0824512541294097,2.184307098388672,2.073341969999092,5,0,1,0,False,c4_drift_aware__iid__no_attack__seed43,43,iid,no_attack,c4_drift_aware
2,0.0824512541294097,2.182337045669556,2.090164954001011,5,0,1,0,False,c4_drift_aware__iid__no_attack__seed43,43,iid,no_attack,c4_drift_aware
3,0.0977715924382209,2.179577589035034,1.8303161330004516,5,0,1,0,False,c4_drift_aware__iid__no_attack__seed43,43,iid,no_attack,c4_drift_aware
4,0.115877442061901,2.1752779483795166,2.163192906000404,5,0,1,0,False,c4_drift_aware__iid__no_attack__seed43,43,iid,no_attack,c4_drift_aware
5,0.1778551638126373,2.169466018676758,2.095658304000608,5,0,1,0,False,c4_drift_aware__iid__no_attack__seed43,43,iid,no_attack,c4_drift_aware
6,0.1699164360761642,2.162672758102417,2.07818565100024,5,0,1,0,False,c4_drift_aware__iid__no_attack__seed43,43,iid,no_attack,c4_drift_aware
7,0.2721448540687561,2.153388023376465,2.16759736899985,4,1,1,0,False,c4_drift_aware__iid__no_attack__seed43,43,iid,no_attack,c4_drift_aware
8,0.3526462614536285,2.138252019882202,2.182892126000297,5,0,1,0,False,c4_drift_aware__iid__no_attack__seed43,43,iid,no_attack,c4_drift_aware
9,0.3532033562660217,2.1195194721221924,2.1508746219988097,5,0,1,0,False,c4_drift_aware__iid__no_attack__seed43,43,iid,no_attack,c4_drift_aware
10,0.3696379065513611,2.088597536087036,2.09999976600011,5,0,1,1,False,c4_drift_aware__iid__no_attack__seed43,43,iid,no_attack,c4_drift_aware
11,0.2810584902763366,2.036595582962036,2.2441448099998524,5,0,1,1,False,c4_drift_aware__iid__no_attack__seed43,43,iid,no_attack,c4_drift_aware
12,0.2880222797393799,1.967729091644287,2.1060695970008965,5,0,1,1,False,c4_drift_aware__iid__no_attack__seed43,43,iid,no_attack,c4_drift_aware
13,0.3463788330554962,1.889234185218811,2.126461891000872,5,0,1,1,False,c4_drift_aware__iid__no_attack__seed43,43,iid,no_attack,c4_drift_aware
14,0.2965181171894073,1.799776911735535,2.1385114880013134,5,0,1,1,False,c4_drift_aware__iid__no_attack__seed43,43,iid,no_attack,c4_drift_aware
15,0.3264624178409576,1.749662160873413,1.977815920001376,4,1,1,1,False,c4_drift_aware__iid__no_attack__seed43,43,iid,no_attack,c4_drift_aware
16,0.374233990907669,1.712414026260376,2.100889323000956,5,0,1,1,False,c4_drift_aware__iid__no_attack__seed43,43,iid,no_attack,c4_drift_aware
17,0.4349582195281982,1.6669206619262695,2.128914552000424,5,0,1,1,False,c4_drift_aware__iid__no_attack__seed43,43,iid,no_attack,c4_drift_aware
18,0.4548746645450592,1.6542372703552246,2.10457162000057,5,0,1,1,False,c4_drift_aware__iid__no_attack__seed43,43,iid,no_attack,c4_drift_aware
19,0.417827308177948,1.6327393054962158,2.057626771998912,5,0,1,1,False,c4_drift_aware__iid__no_attack__seed43,43,iid,no_attack,c4_drift_aware
20,0.4350975155830383,1.6088687181472778,2.084374955000385,5,0,1,1,False,c4_drift_aware__iid__no_attack__seed43,43,iid,no_attack,c4_drift_aware
21,0.4547353982925415,1.5783214569091797,2.0231566919992474,5,0,1,1,False,c4_drift_aware__iid__no_attack__seed43,43,iid,no_attack,c4_drift_aware
22,0.4608635306358337,1.563921332359314,2.207722156999808,5,0,1,1,False,c4_drift_aware__iid__no_attack__seed43,43,iid,no_attack,c4_drift_aware
23,0.4612813591957092,1.5636842250823977,2.089623530999233,5,0,1,1,False,c4_drift_aware__iid__no_attack__seed43,43,iid,no_attack,c4_drift_aware
24,0.4292479157447815,1.553233981132507,2.108289015999617,5,0,1,1,False,c4_drift_aware__iid__no_attack__seed43,43,iid,no_attack,c4_drift_aware
0,0.0824512541294097,2.1853952407836914,2.1385644870006217,5,0,1,0,False,c4_drift_aware__iid__large_norm__seed43,43,iid,large_norm,c4_drift_aware
1,0.0824512541294097,2.184307098388672,2.1877451180007483,5,0,1,0,False,c4_drift_aware__iid__large_norm__seed43,43,iid,large_norm,c4_drift_aware
2,0.0824512541294097,2.18233585357666,1.953177387998949,5,0,1,0,False,c4_drift_aware__iid__large_norm__seed43,43,iid,large_norm,c4_drift_aware
3,0.0977715924382209,2.1795804500579834,2.045510260999436,5,0,1,0,False,c4_drift_aware__iid__large_norm__seed43,43,iid,large_norm,c4_drift_aware
4,0.1160167157649993,2.17527437210083,2.024680881999302,5,0,1,0,False,c4_drift_aware__iid__large_norm__seed43,43,iid,large_norm,c4_drift_aware
5,0.1777158826589584,2.169463872909546,2.244439835998492,5,0,1,0,False,c4_drift_aware__iid__large_norm__seed43,43,iid,large_norm,c4_drift_aware
6,0.1699164360761642,2.1626694202423096,2.0661499919988278,5,0,1,0,False,c4_drift_aware__iid__large_norm__seed43,43,iid,large_norm,c4_drift_aware
7,0.2718662917613983,2.1533913612365723,2.0935813970008894,4,1,1,0,False,c4_drift_aware__iid__large_norm__seed43,43,iid,large_norm,c4_drift_aware
8,0.3526462614536285,2.1382486820220947,2.044122427001639,5,0,1,0,False,c4_drift_aware__iid__large_norm__seed43,43,iid,large_norm,c4_drift_aware
9,0.3532033562660217,2.1195104122161865,2.087147845999425,5,0,1,0,False,c4_drift_aware__iid__large_norm__seed43,43,iid,large_norm,c4_drift_aware
10,0.3621169924736023,2.086413860321045,2.107081636999282,4,1,1,1,False,c4_drift_aware__iid__large_norm__seed43,43,iid,large_norm,c4_drift_aware
11,0.3561281561851501,2.039442300796509,2.034697633998803,4,1,1,1,False,c4_drift_aware__iid__large_norm__seed43,43,iid,large_norm,c4_drift_aware
12,0.3532033562660217,1.973909616470337,2.0312576280011854,4,1,1,1,False,c4_drift_aware__iid__large_norm__seed43,43,iid,large_norm,c4_drift_aware
13,0.3077994585037231,1.8833589553833008,2.048574936001387,4,1,1,1,False,c4_drift_aware__iid__large_norm__seed43,43,iid,large_norm,c4_drift_aware
14,0.2915041744709015,1.8003674745559692,2.055348473999402,4,1,1,1,False,c4_drift_aware__iid__large_norm__seed43,43,iid,large_norm,c4_drift_aware
15,0.3357938826084137,1.749503254890442,2.101474328999757,4,1,1,1,False,c4_drift_aware__iid__large_norm__seed43,43,iid,large_norm,c4_drift_aware
16,0.3612813353538513,1.7112698554992676,2.0897226550005144,4,1,1,1,False,c4_drift_aware__iid__large_norm__seed43,43,iid,large_norm,c4_drift_aware
17,0.398746520280838,1.6773279905319214,1.8408525419999933,4,1,1,1,False,c4_drift_aware__iid__large_norm__seed43,43,iid,large_norm,c4_drift_aware
18,0.4603064060211181,1.6378968954086304,2.046508207999068,4,1,1,1,False,c4_drift_aware__iid__large_norm__seed43,43,iid,large_norm,c4_drift_aware
19,0.4452646374702453,1.6239742040634155,2.168425730000308,4,1,1,1,False,c4_drift_aware__iid__large_norm__seed43,43,iid,large_norm,c4_drift_aware
20,0.4339832961559295,1.6031646728515625,1.925516905999757,4,1,1,1,False,c4_drift_aware__iid__large_norm__seed43,43,iid,large_norm,c4_drift_aware
21,0.4527855217456817,1.5882529020309448,2.043558227000176,4,1,1,1,False,c4_drift_aware__iid__large_norm__seed43,43,iid,large_norm,c4_drift_aware
22,0.452646255493164,1.558930516242981,2.1163769160011725,4,1,1,1,False,c4_drift_aware__iid__large_norm__seed43,43,iid,large_norm,c4_drift_aware
23,0.4213092029094696,1.5993139743804932,2.156767890999617,4,1,1,1,False,c4_drift_aware__iid__large_norm__seed43,43,iid,large_norm,c4_drift_aware
24,0.4383008480072021,1.5496060848236084,2.1885980759998347,4,1,1,1,False,c4_drift_aware__iid__large_norm__seed43,43,iid,large_norm,c4_drift_aware
0,0.0824512541294097,2.1853959560394287,2.0984303960012767,5,0,1,0,False,c4_drift_aware__iid__directional_poisoning__seed43,43,iid,directional_poisoning,c4_drift_aware
1,0.0824512541294097,2.1843101978302,2.097618310999678,5,0,1,0,False,c4_drift_aware__iid__directional_poisoning__seed43,43,iid,directional_poisoning,c4_drift_aware
2,0.0824512541294097,2.1823413372039795,2.1137275929995667,5,0,1,0,False,c4_drift_aware__iid__directional_poisoning__seed43,43,iid,directional_poisoning,c4_drift_aware
3,0.0977715924382209,2.1795809268951416,2.0891901280010643,5,0,1,0,False,c4_drift_aware__iid__directional_poisoning__seed43,43,iid,directional_poisoning,c4_drift_aware
4,0.1161559894680976,2.175277709960937,1.844927308999104,5,0,1,0,False,c4_drift_aware__iid__directional_poisoning__seed43,43,iid,directional_poisoning,c4_drift_aware
5,0.1778551638126373,2.1694703102111816,2.0893676260002394,5,0,1,0,False,c4_drift_aware__iid__directional_poisoning__seed43,43,iid,directional_poisoning,c4_drift_aware
6,0.1699164360761642,2.162678003311157,2.0762602489994606,5,0,1,0,False,c4_drift_aware__iid__directional_poisoning__seed43,43,iid,directional_poisoning,c4_drift_aware
7,0.2720055878162384,2.1533970832824707,2.0857340740003565,4,1,1,0,False,c4_drift_aware__iid__directional_poisoning__seed43,43,iid,directional_poisoning,c4_drift_aware
8,0.3526462614536285,2.138255834579468,2.1280370080003195,5,0,1,0,False,c4_drift_aware__iid__directional_poisoning__seed43,43,iid,directional_poisoning,c4_drift_aware
9,0.3532033562660217,2.1195273399353027,2.1286398180000106,5,0,1,0,False,c4_drift_aware__iid__directional_poisoning__seed43,43,iid,directional_poisoning,c4_drift_aware
10,0.3554317653179168,2.086692571640014,2.090058255000258,4,1,1,1,False,c4_drift_aware__iid__directional_poisoning__seed43,43,iid,directional_poisoning,c4_drift_aware
11,0.2802228629589081,2.033254146575928,2.0855233519996546,4,1,1,1,False,c4_drift_aware__iid__directional_poisoning__seed43,43,iid,directional_poisoning,c4_drift_aware
12,0.2894150614738464,1.9621952772140503,2.1113712639998994,4,1,1,1,False,c4_drift_aware__iid__directional_poisoning__seed43,43,iid,directional_poisoning,c4_drift_aware
13,0.3431755006313324,1.878692626953125,2.091723744999399,4,1,1,1,False,c4_drift_aware__iid__directional_poisoning__seed43,43,iid,directional_poisoning,c4_drift_aware
14,0.2947075366973877,1.8027751445770264,2.0466735840000183,4,1,1,1,False,c4_drift_aware__iid__directional_poisoning__seed43,43,iid,directional_poisoning,c4_drift_aware
15,0.3122562766075134,1.758336901664734,1.8893252479992952,3,2,1,1,False,c4_drift_aware__iid__directional_poisoning__seed43,43,iid,directional_poisoning,c4_drift_aware
16,0.3591922223567962,1.7052353620529177,2.0605715670008067,4,1,1,1,False,c4_drift_aware__iid__directional_poisoning__seed43,43,iid,directional_poisoning,c4_drift_aware
17,0.4278551638126373,1.669050693511963,2.096238350999556,4,1,1,1,False,c4_drift_aware__iid__directional_poisoning__seed43,43,iid,directional_poisoning,c4_drift_aware
18,0.454317569732666,1.6505109071731567,1.9054399730011935,4,1,1,1,False,c4_drift_aware__iid__directional_poisoning__seed43,43,iid,directional_poisoning,c4_drift_aware
19,0.4307799637317657,1.622486233711243,2.129821337000976,4,1,1,1,False,c4_drift_aware__iid__directional_poisoning__seed43,43,iid,directional_poisoning,c4_drift_aware
20,0.409749299287796,1.6370009183883667,1.9757051010001303,4,1,1,1,False,c4_drift_aware__iid__directional_poisoning__seed43,43,iid,directional_poisoning,c4_drift_aware
21,0.4338440299034118,1.5918173789978027,2.104671404000328,4,1,1,1,False,c4_drift_aware__iid__directional_poisoning__seed43,43,iid,directional_poisoning,c4_drift_aware
22,0.4512535035610199,1.5689643621444702,2.156063901999005,4,1,1,1,False,c4_drift_aware__iid__directional_poisoning__seed43,43,iid,directional_poisoning,c4_drift_aware
23,0.4662952721118927,1.5627334117889404,2.0420952160002344,4,1,1,1,False,c4_drift_aware__iid__directional_poisoning__seed43,43,iid,directional_poisoning,c4_drift_aware
24,0.4313370585441589,1.552255392074585,2.1084267949991045,4,1,1,1,False,c4_drift_aware__iid__directional_poisoning__seed43,43,iid,directional_poisoning,c4_drift_aware
0,0.0824512541294097,2.1853926181793213,2.0933937019999576,5,0,1,0,False,c4_drift_aware__iid__sparse_coordinate_attack__seed43,43,iid,sparse_coordinate_attack,c4_drift_aware
1,0.0824512541294097,2.1843085289001465,2.1861902390010077,5,0,1,0,False,c4_drift_aware__iid__sparse_coordinate_attack__seed43,43,iid,sparse_coordinate_attack,c4_drift_aware
2,0.0824512541294097,2.1823341846466064,2.118137754001509,5,0,1,0,False,c4_drift_aware__iid__sparse_coordinate_attack__seed43,43,iid,sparse_coordinate_attack,c4_drift_aware
3,0.097632311284542,2.1795785427093506,2.0971488369996223,5,0,1,0,False,c4_drift_aware__iid__sparse_coordinate_attack__seed43,43,iid,sparse_coordinate_attack,c4_drift_aware
4,0.1160167157649993,2.1752684116363525,2.1050422999996954,5,0,1,0,False,c4_drift_aware__iid__sparse_coordinate_attack__seed43,43,iid,sparse_coordinate_attack,c4_drift_aware
5,0.1777158826589584,2.169469118118286,2.1096624009987863,5,0,1,0,False,c4_drift_aware__iid__sparse_coordinate_attack__seed43,43,iid,sparse_coordinate_attack,c4_drift_aware
6,0.1696378886699676,2.1626808643341064,2.0553667710009904,5,0,1,0,False,c4_drift_aware__iid__sparse_coordinate_attack__seed43,43,iid,sparse_coordinate_attack,c4_drift_aware
7,0.2714484632015228,2.1534018516540527,2.083300866999707,4,1,1,0,False,c4_drift_aware__iid__sparse_coordinate_attack__seed43,43,iid,sparse_coordinate_attack,c4_drift_aware
8,0.3523676991462707,2.138259172439575,2.0785774369996943,5,0,1,0,False,c4_drift_aware__iid__sparse_coordinate_attack__seed43,43,iid,sparse_coordinate_attack,c4_drift_aware
9,0.3532033562660217,2.1195316314697266,2.148595180000484,5,0,1,0,False,c4_drift_aware__iid__sparse_coordinate_attack__seed43,43,iid,sparse_coordinate_attack,c4_drift_aware
10,0.3690807819366455,2.0882973670959477,1.8373134579996984,4,1,1,1,False,c4_drift_aware__iid__sparse_coordinate_attack__seed43,43,iid,sparse_coordinate_attack,c4_drift_aware
11,0.3115598857402801,2.0362625122070312,2.128510443999403,4,1,1,1,False,c4_drift_aware__iid__sparse_coordinate_attack__seed43,43,iid,sparse_coordinate_attack,c4_drift_aware
12,0.3178273141384125,1.966266751289368,2.087435077999544,4,1,1,1,False,c4_drift_aware__iid__sparse_coordinate_attack__seed43,43,iid,sparse_coordinate_attack,c4_drift_aware
13,0.3143454194068908,1.876521110534668,2.1255400010013545,4,1,1,1,False,c4_drift_aware__iid__sparse_coordinate_attack__seed43,43,iid,sparse_coordinate_attack,c4_drift_aware
14,0.3172701895236969,1.8108057975769043,1.882131512000342,4,1,1,1,False,c4_drift_aware__iid__sparse_coordinate_attack__seed43,43,iid,sparse_coordinate_attack,c4_drift_aware
15,0.2860724329948425,1.7571884393692017,2.0694876079996902,4,1,1,1,False,c4_drift_aware__iid__sparse_coordinate_attack__seed43,43,iid,sparse_coordinate_attack,c4_drift_aware
16,0.3610028028488159,1.7142094373703003,2.0596235749999323,4,1,1,1,False,c4_drift_aware__iid__sparse_coordinate_attack__seed43,43,iid,sparse_coordinate_attack,c4_drift_aware
17,0.4405292570590973,1.6789653301239014,2.1286637949997385,4,1,1,1,False,c4_drift_aware__iid__sparse_coordinate_attack__seed43,43,iid,sparse_coordinate_attack,c4_drift_aware
18,0.4455431997776031,1.6509809494018557,2.11555627800044,4,1,1,1,False,c4_drift_aware__iid__sparse_coordinate_attack__seed43,43,iid,sparse_coordinate_attack,c4_drift_aware
19,0.4075208902359009,1.6480205059051514,2.0644073790008406,4,1,1,1,False,c4_drift_aware__iid__sparse_coordinate_attack__seed43,43,iid,sparse_coordinate_attack,c4_drift_aware
20,0.4573816359043121,1.5985597372055054,2.0644321650015627,4,1,1,1,False,c4_drift_aware__iid__sparse_coordinate_attack__seed43,43,iid,sparse_coordinate_attack,c4_drift_aware
21,0.4541782736778259,1.57749605178833,2.063987625999289,4,1,1,1,False,c4_drift_aware__iid__sparse_coordinate_attack__seed43,43,iid,sparse_coordinate_attack,c4_drift_aware
22,0.4559888839721679,1.5741920471191406,1.8871748550009213,4,1,1,1,False,c4_drift_aware__iid__sparse_coordinate_attack__seed43,43,iid,sparse_coordinate_attack,c4_drift_aware
23,0.4512535035610199,1.5560615062713623,2.1560901579996425,4,1,1,1,False,c4_drift_aware__iid__sparse_coordinate_attack__seed43,43,iid,sparse_coordinate_attack,c4_drift_aware
24,0.4284122586250305,1.5460845232009888,2.163166487998751,4,1,1,1,False,c4_drift_aware__iid__sparse_coordinate_attack__seed43,43,iid,sparse_coordinate_attack,c4_drift_aware
0,0.0824512541294097,2.187810182571411,2.2085608029992727,5,0,1,0,False,c4_drift_aware__iid__no_attack__seed44,44,iid,no_attack,c4_drift_aware
1,0.0824512541294097,2.1882126331329346,2.03222191399982,5,0,1,0,False,c4_drift_aware__iid__no_attack__seed44,44,iid,no_attack,c4_drift_aware
2,0.0908078029751777,2.1842269897460938,2.118984886999897,4,1,1,0,False,c4_drift_aware__iid__no_attack__seed44,44,iid,no_attack,c4_drift_aware
3,0.0980501398444175,2.180267810821533,2.131555342000865,5,0,1,0,False,c4_drift_aware__iid__no_attack__seed44,44,iid,no_attack,c4_drift_aware
4,0.0910863503813743,2.176780462265014,2.109535243000209,5,0,1,0,False,c4_drift_aware__iid__no_attack__seed44,44,iid,no_attack,c4_drift_aware
5,0.0883008390665054,2.171428680419922,2.0755345360012143,5,0,1,0,False,c4_drift_aware__iid__no_attack__seed44,44,iid,no_attack,c4_drift_aware
6,0.0828690826892852,2.167630195617676,2.142649186998824,4,1,1,0,False,c4_drift_aware__iid__no_attack__seed44,44,iid,no_attack,c4_drift_aware
7,0.0987465232610702,2.1608481407165527,2.1815480800014484,5,0,1,0,False,c4_drift_aware__iid__no_attack__seed44,44,iid,no_attack,c4_drift_aware
8,0.1281337141990661,2.153592824935913,2.162057941000967,5,0,1,0,False,c4_drift_aware__iid__no_attack__seed44,44,iid,no_attack,c4_drift_aware
9,0.1448467969894409,2.1444263458251958,2.131650087001617,4,1,1,0,False,c4_drift_aware__iid__no_attack__seed44,44,iid,no_attack,c4_drift_aware
10,0.2701950073242187,2.128530502319336,2.153296604999923,5,0,1,1,False,c4_drift_aware__iid__no_attack__seed44,44,iid,no_attack,c4_drift_aware
11,0.3098886013031006,2.107990026473999,2.082269152999288,5,0,1,1,False,c4_drift_aware__iid__no_attack__seed44,44,iid,no_attack,c4_drift_aware
12,0.3030640780925751,2.0746564865112305,1.9468816230000807,5,0,1,1,False,c4_drift_aware__iid__no_attack__seed44,44,iid,no_attack,c4_drift_aware
13,0.3097493052482605,2.03185510635376,2.0739202049990126,5,0,1,1,False,c4_drift_aware__iid__no_attack__seed44,44,iid,no_attack,c4_drift_aware
14,0.3176880180835724,1.9670281410217283,2.0690231839998887,4,1,1,1,False,c4_drift_aware__iid__no_attack__seed44,44,iid,no_attack,c4_drift_aware
15,0.3207520842552185,1.8867424726486208,2.12963200500053,5,0,1,1,False,c4_drift_aware__iid__no_attack__seed44,44,iid,no_attack,c4_drift_aware
16,0.3268802165985107,1.8138298988342283,2.086879939000937,5,0,1,1,False,c4_drift_aware__iid__no_attack__seed44,44,iid,no_attack,c4_drift_aware
17,0.3100278675556183,1.7435426712036133,2.248263418001443,5,0,1,1,False,c4_drift_aware__iid__no_attack__seed44,44,iid,no_attack,c4_drift_aware
18,0.3317548930644989,1.7355414628982544,2.113033266999992,4,1,1,1,False,c4_drift_aware__iid__no_attack__seed44,44,iid,no_attack,c4_drift_aware
19,0.4185236990451813,1.6737033128738403,2.1640262799992342,5,0,1,1,False,c4_drift_aware__iid__no_attack__seed44,44,iid,no_attack,c4_drift_aware
20,0.4317548871040344,1.6500898599624634,2.0992430570004217,5,0,1,1,False,c4_drift_aware__iid__no_attack__seed44,44,iid,no_attack,c4_drift_aware
21,0.4318941533565521,1.6435655355453491,2.1441747160006344,5,0,1,1,False,c4_drift_aware__iid__no_attack__seed44,44,iid,no_attack,c4_drift_aware
22,0.445403903722763,1.6146057844161987,2.0912190380004176,5,0,1,1,False,c4_drift_aware__iid__no_attack__seed44,44,iid,no_attack,c4_drift_aware
23,0.4810585081577301,1.5816917419433594,2.080937070999425,5,0,1,1,False,c4_drift_aware__iid__no_attack__seed44,44,iid,no_attack,c4_drift_aware
24,0.4688022434711456,1.599471926689148,2.1382191510001576,4,1,1,1,False,c4_drift_aware__iid__no_attack__seed44,44,iid,no_attack,c4_drift_aware
0,0.0824512541294097,2.187808990478516,2.065573746000154,5,0,1,0,False,c4_drift_aware__iid__large_norm__seed44,44,iid,large_norm,c4_drift_aware
1,0.0824512541294097,2.188227415084839,2.0651741110013973,5,0,1,0,False,c4_drift_aware__iid__large_norm__seed44,44,iid,large_norm,c4_drift_aware
2,0.0908078029751777,2.1842174530029297,2.103927140999076,4,1,1,0,False,c4_drift_aware__iid__large_norm__seed44,44,iid,large_norm,c4_drift_aware
3,0.0981894209980964,2.180259943008423,2.0381273539987887,5,0,1,0,False,c4_drift_aware__iid__large_norm__seed44,44,iid,large_norm,c4_drift_aware
4,0.0910863503813743,2.17676854133606,2.11316903199986,5,0,1,0,False,c4_drift_aware__iid__large_norm__seed44,44,iid,large_norm,c4_drift_aware
5,0.0883008390665054,2.17142105102539,2.209041142999922,5,0,1,0,False,c4_drift_aware__iid__large_norm__seed44,44,iid,large_norm,c4_drift_aware
6,0.0828690826892852,2.1676366329193115,2.086987148000844,4,1,1,0,False,c4_drift_aware__iid__large_norm__seed44,44,iid,large_norm,c4_drift_aware
7,0.0988857969641685,2.1608362197875977,2.0170297259992367,5,0,1,0,False,c4_drift_aware__iid__large_norm__seed44,44,iid,large_norm,c4_drift_aware
8,0.1278551518917083,2.153578519821167,2.11277003000032,5,0,1,0,False,c4_drift_aware__iid__large_norm__seed44,44,iid,large_norm,c4_drift_aware
9,0.1463788300752639,2.144414186477661,2.130977458000416,4,1,1,0,False,c4_drift_aware__iid__large_norm__seed44,44,iid,large_norm,c4_drift_aware
10,0.2927576601505279,2.129808187484741,2.1188078630002565,4,1,1,1,False,c4_drift_aware__iid__large_norm__seed44,44,iid,large_norm,c4_drift_aware
11,0.2881615757942199,2.112473964691162,2.1150722819984367,4,1,1,1,False,c4_drift_aware__iid__large_norm__seed44,44,iid,large_norm,c4_drift_aware
12,0.3026462495326996,2.073802709579468,2.0934038439991127,4,1,1,1,False,c4_drift_aware__iid__large_norm__seed44,44,iid,large_norm,c4_drift_aware
13,0.3185236752033233,2.031843900680542,2.069312311999965,3,2,1,1,False,c4_drift_aware__iid__large_norm__seed44,44,iid,large_norm,c4_drift_aware
14,0.3172701895236969,1.9715341329574585,2.0446925279993597,4,1,1,1,False,c4_drift_aware__iid__large_norm__seed44,44,iid,large_norm,c4_drift_aware
15,0.3299443125724792,1.8947674036026,2.072546651999801,4,1,1,1,False,c4_drift_aware__iid__large_norm__seed44,44,iid,large_norm,c4_drift_aware
16,0.3292479217052459,1.8203922510147093,2.1209116769987304,4,1,1,1,False,c4_drift_aware__iid__large_norm__seed44,44,iid,large_norm,c4_drift_aware
17,0.3196378946304321,1.768120288848877,2.132001280999248,4,1,1,1,False,c4_drift_aware__iid__large_norm__seed44,44,iid,large_norm,c4_drift_aware
18,0.3452646434307098,1.740123987197876,1.971116869999605,4,1,1,1,False,c4_drift_aware__iid__large_norm__seed44,44,iid,large_norm,c4_drift_aware
19,0.3876044750213623,1.6716246604919434,2.111579165999501,4,1,1,1,False,c4_drift_aware__iid__large_norm__seed44,44,iid,large_norm,c4_drift_aware
20,0.434401124715805,1.647467017173767,2.071162041000207,4,1,1,1,False,c4_drift_aware__iid__large_norm__seed44,44,iid,large_norm,c4_drift_aware
21,0.4419220089912414,1.6196403503417969,2.083523977000368,4,1,1,1,False,c4_drift_aware__iid__large_norm__seed44,44,iid,large_norm,c4_drift_aware
22,0.454317569732666,1.630112648010254,2.05244015199969,4,1,1,1,False,c4_drift_aware__iid__large_norm__seed44,44,iid,large_norm,c4_drift_aware
23,0.4642061293125152,1.5868990421295166,2.0461842420008907,4,1,1,1,False,c4_drift_aware__iid__large_norm__seed44,44,iid,large_norm,c4_drift_aware
24,0.4770195186138153,1.5578584671020508,2.078016088000368,4,1,1,1,False,c4_drift_aware__iid__large_norm__seed44,44,iid,large_norm,c4_drift_aware
0,0.0824512541294097,2.187808036804199,2.069826944998568,5,0,1,0,False,c4_drift_aware__iid__directional_poisoning__seed44,44,iid,directional_poisoning,c4_drift_aware
1,0.0824512541294097,2.1882224082946777,2.0740220440002304,5,0,1,0,False,c4_drift_aware__iid__directional_poisoning__seed44,44,iid,directional_poisoning,c4_drift_aware
2,0.0906685292720794,2.184220790863037,2.180048963000445,4,1,1,0,False,c4_drift_aware__iid__directional_poisoning__seed44,44,iid,directional_poisoning,c4_drift_aware
3,0.0986072421073913,2.180262565612793,2.1051646510004502,5,0,1,0,False,c4_drift_aware__iid__directional_poisoning__seed44,44,iid,directional_poisoning,c4_drift_aware
4,0.090947076678276,2.1767683029174805,2.124910700000328,5,0,1,0,False,c4_drift_aware__iid__directional_poisoning__seed44,44,iid,directional_poisoning,c4_drift_aware
5,0.0883008390665054,2.171427011489868,1.959273292000944,5,0,1,0,False,c4_drift_aware__iid__directional_poisoning__seed44,44,iid,directional_poisoning,c4_drift_aware
6,0.0828690826892852,2.1676230430603027,2.016399354999521,4,1,1,0,False,c4_drift_aware__iid__directional_poisoning__seed44,44,iid,directional_poisoning,c4_drift_aware
7,0.0988857969641685,2.160846471786499,2.0664828999997558,5,0,1,0,False,c4_drift_aware__iid__directional_poisoning__seed44,44,iid,directional_poisoning,c4_drift_aware
8,0.1282729804515838,2.153559923171997,2.072194242000478,5,0,1,0,False,c4_drift_aware__iid__directional_poisoning__seed44,44,iid,directional_poisoning,c4_drift_aware
9,0.1462395638227462,2.1443734169006348,1.9118934489997628,4,1,1,0,False,c4_drift_aware__iid__directional_poisoning__seed44,44,iid,directional_poisoning,c4_drift_aware
10,0.2469359338283538,2.130011558532715,2.1141094979993795,4,1,1,1,False,c4_drift_aware__iid__directional_poisoning__seed44,44,iid,directional_poisoning,c4_drift_aware
11,0.3069638013839721,2.1114752292633057,2.127390961999481,4,1,1,1,False,c4_drift_aware__iid__directional_poisoning__seed44,44,iid,directional_poisoning,c4_drift_aware
12,0.3052924871444702,2.079190969467163,2.0601996919995145,4,1,1,1,False,c4_drift_aware__iid__directional_poisoning__seed44,44,iid,directional_poisoning,c4_drift_aware
13,0.3091922104358673,2.0377628803253174,2.0970235999993747,4,1,1,1,False,c4_drift_aware__iid__directional_poisoning__seed44,44,iid,directional_poisoning,c4_drift_aware
14,0.3172701895236969,1.969760060310364,2.075479060998987,4,1,1,1,False,c4_drift_aware__iid__directional_poisoning__seed44,44,iid,directional_poisoning,c4_drift_aware
15,0.3243732750415802,1.893913984298706,2.090203099000064,4,1,1,1,False,c4_drift_aware__iid__directional_poisoning__seed44,44,iid,directional_poisoning,c4_drift_aware
16,0.3217270374298095,1.8115843534469604,2.143912131001344,4,1,1,1,False,c4_drift_aware__iid__directional_poisoning__seed44,44,iid,directional_poisoning,c4_drift_aware
17,0.3114206194877624,1.7494522333145142,2.2126494250005635,4,1,1,1,False,c4_drift_aware__iid__directional_poisoning__seed44,44,iid,directional_poisoning,c4_drift_aware
18,0.3314763307571411,1.739302396774292,2.094322334000026,3,2,1,1,False,c4_drift_aware__iid__directional_poisoning__seed44,44,iid,directional_poisoning,c4_drift_aware
19,0.4119777381420135,1.6736254692077637,1.8863060800013045,4,1,1,1,False,c4_drift_aware__iid__directional_poisoning__seed44,44,iid,directional_poisoning,c4_drift_aware
20,0.4356546103954315,1.6463148593902588,2.1082129859987617,4,1,1,1,False,c4_drift_aware__iid__directional_poisoning__seed44,44,iid,directional_poisoning,c4_drift_aware
21,0.4299443066120147,1.6413204669952393,2.088426731001164,4,1,1,1,False,c4_drift_aware__iid__directional_poisoning__seed44,44,iid,directional_poisoning,c4_drift_aware
22,0.4490250945091247,1.6083984375,2.0292080489998625,4,1,1,1,False,c4_drift_aware__iid__directional_poisoning__seed44,44,iid,directional_poisoning,c4_drift_aware
23,0.4842618405818939,1.5851168632507324,2.076414854000177,4,1,1,1,False,c4_drift_aware__iid__directional_poisoning__seed44,44,iid,directional_poisoning,c4_drift_aware
24,0.440668523311615,1.6135021448135376,2.151490050000575,3,2,1,1,False,c4_drift_aware__iid__directional_poisoning__seed44,44,iid,directional_poisoning,c4_drift_aware
0,0.0824512541294097,2.1878066062927246,2.1837141509986395,5,0,1,0,False,c4_drift_aware__iid__sparse_coordinate_attack__seed44,44,iid,sparse_coordinate_attack,c4_drift_aware
1,0.0824512541294097,2.188192129135132,2.0784752609997668,5,0,1,0,False,c4_drift_aware__iid__sparse_coordinate_attack__seed44,44,iid,sparse_coordinate_attack,c4_drift_aware
2,0.0905292481184005,2.184232711791992,2.1513571929990576,4,1,1,0,False,c4_drift_aware__iid__sparse_coordinate_attack__seed44,44,iid,sparse_coordinate_attack,c4_drift_aware
3,0.0981894209980964,2.180261611938477,2.074816862001171,5,0,1,0,False,c4_drift_aware__iid__sparse_coordinate_attack__seed44,44,iid,sparse_coordinate_attack,c4_drift_aware
4,0.0910863503813743,2.176780462265014,2.088821542000005,5,0,1,0,False,c4_drift_aware__iid__sparse_coordinate_attack__seed44,44,iid,sparse_coordinate_attack,c4_drift_aware
5,0.0883008390665054,2.1714460849761963,2.0184000139997806,5,0,1,0,False,c4_drift_aware__iid__sparse_coordinate_attack__seed44,44,iid,sparse_coordinate_attack,c4_drift_aware
6,0.0828690826892852,2.1676464080810547,2.0840123589987343,4,1,1,0,False,c4_drift_aware__iid__sparse_coordinate_attack__seed44,44,iid,sparse_coordinate_attack,c4_drift_aware
7,0.0988857969641685,2.1608614921569824,2.1336034840005595,5,0,1,0,False,c4_drift_aware__iid__sparse_coordinate_attack__seed44,44,iid,sparse_coordinate_attack,c4_drift_aware
8,0.1282729804515838,2.15360426902771,2.173407453001346,5,0,1,0,False,c4_drift_aware__iid__sparse_coordinate_attack__seed44,44,iid,sparse_coordinate_attack,c4_drift_aware
9,0.1452646255493164,2.144458532333374,1.991957848000311,4,1,1,0,False,c4_drift_aware__iid__sparse_coordinate_attack__seed44,44,iid,sparse_coordinate_attack,c4_drift_aware
10,0.2338440120220184,2.1338276863098145,2.1338450490002288,4,1,1,1,False,c4_drift_aware__iid__sparse_coordinate_attack__seed44,44,iid,sparse_coordinate_attack,c4_drift_aware
11,0.2986072599887848,2.110844850540161,2.1075169190007728,4,1,1,1,False,c4_drift_aware__iid__sparse_coordinate_attack__seed44,44,iid,sparse_coordinate_attack,c4_drift_aware
12,0.3065459728240967,2.0779125690460205,2.045221517000755,4,1,1,1,False,c4_drift_aware__iid__sparse_coordinate_attack__seed44,44,iid,sparse_coordinate_attack,c4_drift_aware
13,0.3097493052482605,2.0307841300964355,2.139492304000669,4,1,1,1,False,c4_drift_aware__iid__sparse_coordinate_attack__seed44,44,iid,sparse_coordinate_attack,c4_drift_aware
14,0.3264624178409576,1.9664273262023928,2.0871035079999274,4,1,1,1,False,c4_drift_aware__iid__sparse_coordinate_attack__seed44,44,iid,sparse_coordinate_attack,c4_drift_aware
15,0.3178273141384125,1.890156626701355,2.090242162999857,4,1,1,1,False,c4_drift_aware__iid__sparse_coordinate_attack__seed44,44,iid,sparse_coordinate_attack,c4_drift_aware
16,0.3309192359447479,1.8185245990753172,2.1887194869996165,4,1,1,1,False,c4_drift_aware__iid__sparse_coordinate_attack__seed44,44,iid,sparse_coordinate_attack,c4_drift_aware
17,0.3246518075466156,1.7707711458206177,2.136865272999785,4,1,1,1,False,c4_drift_aware__iid__sparse_coordinate_attack__seed44,44,iid,sparse_coordinate_attack,c4_drift_aware
18,0.3520891368389129,1.7052234411239624,2.0394819640005157,4,1,1,1,False,c4_drift_aware__iid__sparse_coordinate_attack__seed44,44,iid,sparse_coordinate_attack,c4_drift_aware
19,0.4302228391170501,1.6790871620178225,2.1140576230009174,4,1,1,1,False,c4_drift_aware__iid__sparse_coordinate_attack__seed44,44,iid,sparse_coordinate_attack,c4_drift_aware
20,0.4289693832397461,1.6500704288482666,2.141213363000133,4,1,1,1,False,c4_drift_aware__iid__sparse_coordinate_attack__seed44,44,iid,sparse_coordinate_attack,c4_drift_aware
21,0.4445682466030121,1.6339704990386963,2.102455610998732,4,1,1,1,False,c4_drift_aware__iid__sparse_coordinate_attack__seed44,44,iid,sparse_coordinate_attack,c4_drift_aware
22,0.4529247879981994,1.60688054561615,2.081870230000277,4,1,1,1,False,c4_drift_aware__iid__sparse_coordinate_attack__seed44,44,iid,sparse_coordinate_attack,c4_drift_aware
23,0.4596100449562073,1.6071659326553345,2.0776385640001536,4,1,1,1,False,c4_drift_aware__iid__sparse_coordinate_attack__seed44,44,iid,sparse_coordinate_attack,c4_drift_aware
24,0.4701949954032898,1.61079740524292,2.111732964000112,4,1,1,1,False,c4_drift_aware__iid__sparse_coordinate_attack__seed44,44,iid,sparse_coordinate_attack,c4_drift_aware
0,0.060863509774208,2.1976983547210693,2.099965768999027,5,0,1,0,False,c4_drift_aware__dirichlet_a1.0__no_attack__seed42,42,dirichlet_a1.0,no_attack,c4_drift_aware
1,0.1530640721321106,2.200434446334839,2.0881643180000538,5,0,1,0,False,c4_drift_aware__dirichlet_a1.0__no_attack__seed42,42,dirichlet_a1.0,no_attack,c4_drift_aware
2,0.1715877503156662,2.2067770957946777,2.00128008899992,5,0,1,0,False,c4_drift_aware__dirichlet_a1.0__no_attack__seed42,42,dirichlet_a1.0,no_attack,c4_drift_aware
3,0.1717270165681839,2.2095680236816406,2.088570403999256,5,0,1,0,False,c4_drift_aware__dirichlet_a1.0__no_attack__seed42,42,dirichlet_a1.0,no_attack,c4_drift_aware
4,0.1715877503156662,2.224327802658081,2.1095011580000573,5,0,1,0,False,c4_drift_aware__dirichlet_a1.0__no_attack__seed42,42,dirichlet_a1.0,no_attack,c4_drift_aware
5,0.1717270165681839,2.2251012325286865,2.113577575999443,5,0,1,0,False,c4_drift_aware__dirichlet_a1.0__no_attack__seed42,42,dirichlet_a1.0,no_attack,c4_drift_aware
6,0.1706128120422363,2.234591245651245,2.0568714490000275,5,0,1,0,False,c4_drift_aware__dirichlet_a1.0__no_attack__seed42,42,dirichlet_a1.0,no_attack,c4_drift_aware
7,0.1717270165681839,2.2201149463653564,2.095403899998928,5,0,1,0,False,c4_drift_aware__dirichlet_a1.0__no_attack__seed42,42,dirichlet_a1.0,no_attack,c4_drift_aware
8,0.1611420661211013,2.23177170753479,2.1207885230014654,5,0,1,0,False,c4_drift_aware__dirichlet_a1.0__no_attack__seed42,42,dirichlet_a1.0,no_attack,c4_drift_aware
9,0.1718662977218628,2.236652374267578,1.820860891000848,5,0,1,0,False,c4_drift_aware__dirichlet_a1.0__no_attack__seed42,42,dirichlet_a1.0,no_attack,c4_drift_aware
10,0.0902507007122039,2.2303812503814697,2.0157451380000566,5,0,1,1,False,c4_drift_aware__dirichlet_a1.0__no_attack__seed42,42,dirichlet_a1.0,no_attack,c4_drift_aware
11,0.1635097563266754,2.225441694259644,2.0711484479998035,5,0,1,1,False,c4_drift_aware__dirichlet_a1.0__no_attack__seed42,42,dirichlet_a1.0,no_attack,c4_drift_aware
12,0.1681058555841446,2.1979100704193115,2.0657017160010582,5,0,1,1,False,c4_drift_aware__dirichlet_a1.0__no_attack__seed42,42,dirichlet_a1.0,no_attack,c4_drift_aware
13,0.1658774465322494,2.201503276824951,2.059509124999749,5,0,1,1,False,c4_drift_aware__dirichlet_a1.0__no_attack__seed42,42,dirichlet_a1.0,no_attack,c4_drift_aware
14,0.1717270165681839,2.164543867111206,2.05822911299947,5,0,1,1,False,c4_drift_aware__dirichlet_a1.0__no_attack__seed42,42,dirichlet_a1.0,no_attack,c4_drift_aware
15,0.1689415127038955,2.181039810180664,2.1676670920005563,5,0,1,1,False,c4_drift_aware__dirichlet_a1.0__no_attack__seed42,42,dirichlet_a1.0,no_attack,c4_drift_aware
16,0.166991651058197,2.159853935241699,2.157095444999868,5,0,1,1,False,c4_drift_aware__dirichlet_a1.0__no_attack__seed42,42,dirichlet_a1.0,no_attack,c4_drift_aware
17,0.3153203427791595,2.083004236221313,2.115820847000577,5,0,1,1,False,c4_drift_aware__dirichlet_a1.0__no_attack__seed42,42,dirichlet_a1.0,no_attack,c4_drift_aware
18,0.2995821833610534,2.033371925354004,2.1213817090010707,5,0,1,1,False,c4_drift_aware__dirichlet_a1.0__no_attack__seed42,42,dirichlet_a1.0,no_attack,c4_drift_aware
19,0.4323119819164276,1.958497405052185,2.093615453000893,5,0,1,1,False,c4_drift_aware__dirichlet_a1.0__no_attack__seed42,42,dirichlet_a1.0,no_attack,c4_drift_aware
20,0.4438718855381012,1.9517078399658203,2.132265787999131,5,0,1,1,False,c4_drift_aware__dirichlet_a1.0__no_attack__seed42,42,dirichlet_a1.0,no_attack,c4_drift_aware
21,0.3577994406223297,1.9578070640563965,2.090500463000353,5,0,1,1,False,c4_drift_aware__dirichlet_a1.0__no_attack__seed42,42,dirichlet_a1.0,no_attack,c4_drift_aware
22,0.4037604629993438,1.813353896141052,2.19852007100053,5,0,1,1,False,c4_drift_aware__dirichlet_a1.0__no_attack__seed42,42,dirichlet_a1.0,no_attack,c4_drift_aware
23,0.4298050105571747,1.808682322502136,2.154354141001022,5,0,1,1,False,c4_drift_aware__dirichlet_a1.0__no_attack__seed42,42,dirichlet_a1.0,no_attack,c4_drift_aware
24,0.4772980511188507,1.665980577468872,2.14680760400006,5,0,1,1,False,c4_drift_aware__dirichlet_a1.0__no_attack__seed42,42,dirichlet_a1.0,no_attack,c4_drift_aware
0,0.060863509774208,2.1976983547210693,2.1112567899999704,5,0,1,0,False,c4_drift_aware__dirichlet_a1.0__large_norm__seed42,42,dirichlet_a1.0,large_norm,c4_drift_aware
1,0.1530640721321106,2.200438976287842,2.219009159000052,5,0,1,0,False,c4_drift_aware__dirichlet_a1.0__large_norm__seed42,42,dirichlet_a1.0,large_norm,c4_drift_aware
2,0.1715877503156662,2.206772327423096,2.0732074930001545,5,0,1,0,False,c4_drift_aware__dirichlet_a1.0__large_norm__seed42,42,dirichlet_a1.0,large_norm,c4_drift_aware
3,0.1717270165681839,2.209541320800781,2.134916078999595,5,0,1,0,False,c4_drift_aware__dirichlet_a1.0__large_norm__seed42,42,dirichlet_a1.0,large_norm,c4_drift_aware
4,0.1715877503156662,2.224407434463501,2.1320113530000526,5,0,1,0,False,c4_drift_aware__dirichlet_a1.0__large_norm__seed42,42,dirichlet_a1.0,large_norm,c4_drift_aware
5,0.1717270165681839,2.2249648571014404,2.0895605060013622,5,0,1,0,False,c4_drift_aware__dirichlet_a1.0__large_norm__seed42,42,dirichlet_a1.0,large_norm,c4_drift_aware
6,0.1704735457897186,2.234636783599853,2.0327282170001126,5,0,1,0,False,c4_drift_aware__dirichlet_a1.0__large_norm__seed42,42,dirichlet_a1.0,large_norm,c4_drift_aware
7,0.1718662977218628,2.2202041149139404,2.1415015799993853,5,0,1,0,False,c4_drift_aware__dirichlet_a1.0__large_norm__seed42,42,dirichlet_a1.0,large_norm,c4_drift_aware
8,0.1612813472747802,2.232135772705078,2.170331998999245,5,0,1,0,False,c4_drift_aware__dirichlet_a1.0__large_norm__seed42,42,dirichlet_a1.0,large_norm,c4_drift_aware
9,0.1718662977218628,2.236644744873047,2.0711813449997862,5,0,1,0,False,c4_drift_aware__dirichlet_a1.0__large_norm__seed42,42,dirichlet_a1.0,large_norm,c4_drift_aware
10,0.1467966586351394,2.2711730003356934,2.039884515999802,3,2,1,1,False,c4_drift_aware__dirichlet_a1.0__large_norm__seed42,42,dirichlet_a1.0,large_norm,c4_drift_aware
11,0.0884401127696037,2.297603845596313,2.0909066240001266,4,1,1,1,False,c4_drift_aware__dirichlet_a1.0__large_norm__seed42,42,dirichlet_a1.0,large_norm,c4_drift_aware
12,0.2071030735969543,2.332280397415161,2.0830148180011747,4,1,1,1,False,c4_drift_aware__dirichlet_a1.0__large_norm__seed42,42,dirichlet_a1.0,large_norm,c4_drift_aware
13,0.1958217322826385,2.2492146492004395,2.065269385000647,3,2,1,1,False,c4_drift_aware__dirichlet_a1.0__large_norm__seed42,42,dirichlet_a1.0,large_norm,c4_drift_aware
14,0.088579386472702,2.3304216861724854,2.2038528510001925,4,1,1,1,False,c4_drift_aware__dirichlet_a1.0__large_norm__seed42,42,dirichlet_a1.0,large_norm,c4_drift_aware
15,0.1923398375511169,2.2674107551574707,2.094139939001252,4,1,1,1,False,c4_drift_aware__dirichlet_a1.0__large_norm__seed42,42,dirichlet_a1.0,large_norm,c4_drift_aware
16,0.3724234104156494,2.1510138511657715,2.13923444700049,3,2,1,1,False,c4_drift_aware__dirichlet_a1.0__large_norm__seed42,42,dirichlet_a1.0,large_norm,c4_drift_aware
17,0.2383008450269699,2.1988470554351807,2.094270737999977,4,1,1,1,False,c4_drift_aware__dirichlet_a1.0__large_norm__seed42,42,dirichlet_a1.0,large_norm,c4_drift_aware
18,0.2441504299640655,2.095407247543335,2.1038355540003977,4,1,1,1,False,c4_drift_aware__dirichlet_a1.0__large_norm__seed42,42,dirichlet_a1.0,large_norm,c4_drift_aware
19,0.4164345562458038,1.9849038124084477,2.139341736999995,4,1,1,1,False,c4_drift_aware__dirichlet_a1.0__large_norm__seed42,42,dirichlet_a1.0,large_norm,c4_drift_aware
20,0.4267409443855285,1.9813110828399656,2.1644371969996428,4,1,1,1,False,c4_drift_aware__dirichlet_a1.0__large_norm__seed42,42,dirichlet_a1.0,large_norm,c4_drift_aware
21,0.3952646255493164,1.871605396270752,2.07771990800029,4,1,1,1,False,c4_drift_aware__dirichlet_a1.0__large_norm__seed42,42,dirichlet_a1.0,large_norm,c4_drift_aware
22,0.4615598917007446,1.8696609735488887,2.031621255999198,4,1,1,1,False,c4_drift_aware__dirichlet_a1.0__large_norm__seed42,42,dirichlet_a1.0,large_norm,c4_drift_aware
23,0.4423398375511169,1.9045252799987795,2.1156573879998177,4,1,1,1,False,c4_drift_aware__dirichlet_a1.0__large_norm__seed42,42,dirichlet_a1.0,large_norm,c4_drift_aware
24,0.4949860870838165,1.820637583732605,2.0990508229988336,4,1,1,1,False,c4_drift_aware__dirichlet_a1.0__large_norm__seed42,42,dirichlet_a1.0,large_norm,c4_drift_aware
0,0.060863509774208,2.1976981163024902,1.887546008001664,5,0,1,0,False,c4_drift_aware__dirichlet_a1.0__directional_poisoning__seed42,42,dirichlet_a1.0,directional_poisoning,c4_drift_aware
1,0.1530640721321106,2.2004408836364746,2.084197823000068,5,0,1,0,False,c4_drift_aware__dirichlet_a1.0__directional_poisoning__seed42,42,dirichlet_a1.0,directional_poisoning,c4_drift_aware
2,0.1714484691619873,2.20678448677063,2.0996796250001357,5,0,1,0,False,c4_drift_aware__dirichlet_a1.0__directional_poisoning__seed42,42,dirichlet_a1.0,directional_poisoning,c4_drift_aware
3,0.1717270165681839,2.209550380706787,2.146630784000081,5,0,1,0,False,c4_drift_aware__dirichlet_a1.0__directional_poisoning__seed42,42,dirichlet_a1.0,directional_poisoning,c4_drift_aware
4,0.1715877503156662,2.224299907684326,2.157421597001303,5,0,1,0,False,c4_drift_aware__dirichlet_a1.0__directional_poisoning__seed42,42,dirichlet_a1.0,directional_poisoning,c4_drift_aware
5,0.1717270165681839,2.2252132892608643,2.1148128599998017,5,0,1,0,False,c4_drift_aware__dirichlet_a1.0__directional_poisoning__seed42,42,dirichlet_a1.0,directional_poisoning,c4_drift_aware
6,0.1704735457897186,2.2348337173461914,1.9638566199992056,5,0,1,0,False,c4_drift_aware__dirichlet_a1.0__directional_poisoning__seed42,42,dirichlet_a1.0,directional_poisoning,c4_drift_aware
7,0.1718662977218628,2.2204418182373047,2.0471219909995853,5,0,1,0,False,c4_drift_aware__dirichlet_a1.0__directional_poisoning__seed42,42,dirichlet_a1.0,directional_poisoning,c4_drift_aware
8,0.1591922044754028,2.231572151184082,2.07091357399986,5,0,1,0,False,c4_drift_aware__dirichlet_a1.0__directional_poisoning__seed42,42,dirichlet_a1.0,directional_poisoning,c4_drift_aware
9,0.1718662977218628,2.2369072437286377,2.0679456609996123,5,0,1,0,False,c4_drift_aware__dirichlet_a1.0__directional_poisoning__seed42,42,dirichlet_a1.0,directional_poisoning,c4_drift_aware
10,0.082590527832508,2.4174067974090576,1.905640217999462,5,0,1,1,False,c4_drift_aware__dirichlet_a1.0__directional_poisoning__seed42,42,dirichlet_a1.0,directional_poisoning,c4_drift_aware
11,0.0883008390665054,2.324322462081909,2.0632181450000644,4,1,1,1,False,c4_drift_aware__dirichlet_a1.0__directional_poisoning__seed42,42,dirichlet_a1.0,directional_poisoning,c4_drift_aware
12,0.1026462391018867,2.298840045928955,1.8851044370003365,4,1,1,1,False,c4_drift_aware__dirichlet_a1.0__directional_poisoning__seed42,42,dirichlet_a1.0,directional_poisoning,c4_drift_aware
13,0.0903899744153022,2.315086841583252,2.0571554100006324,4,1,1,1,False,c4_drift_aware__dirichlet_a1.0__directional_poisoning__seed42,42,dirichlet_a1.0,directional_poisoning,c4_drift_aware
14,0.1664345413446426,2.267662286758423,2.091106335999939,4,1,1,1,False,c4_drift_aware__dirichlet_a1.0__directional_poisoning__seed42,42,dirichlet_a1.0,directional_poisoning,c4_drift_aware
15,0.2018105834722519,2.295997381210327,2.0739113449999422,4,1,1,1,False,c4_drift_aware__dirichlet_a1.0__directional_poisoning__seed42,42,dirichlet_a1.0,directional_poisoning,c4_drift_aware
16,0.2040390074253082,2.291567325592041,2.079771961000006,4,1,1,1,False,c4_drift_aware__dirichlet_a1.0__directional_poisoning__seed42,42,dirichlet_a1.0,directional_poisoning,c4_drift_aware
17,0.2786908149719238,2.2220234870910645,2.139800988999923,4,1,1,1,False,c4_drift_aware__dirichlet_a1.0__directional_poisoning__seed42,42,dirichlet_a1.0,directional_poisoning,c4_drift_aware
18,0.2516713142395019,2.181431293487549,2.0607739850001963,4,1,1,1,False,c4_drift_aware__dirichlet_a1.0__directional_poisoning__seed42,42,dirichlet_a1.0,directional_poisoning,c4_drift_aware
19,0.2637883126735687,2.11765718460083,2.044386863000909,4,1,1,1,False,c4_drift_aware__dirichlet_a1.0__directional_poisoning__seed42,42,dirichlet_a1.0,directional_poisoning,c4_drift_aware
20,0.3587743937969208,2.052529573440552,1.986607622999145,4,1,1,1,False,c4_drift_aware__dirichlet_a1.0__directional_poisoning__seed42,42,dirichlet_a1.0,directional_poisoning,c4_drift_aware
21,0.4862117171287536,1.9918437004089355,2.107047530998898,4,1,1,1,False,c4_drift_aware__dirichlet_a1.0__directional_poisoning__seed42,42,dirichlet_a1.0,directional_poisoning,c4_drift_aware
22,0.3679665923118591,2.027857542037964,2.0830203109999275,4,1,1,1,False,c4_drift_aware__dirichlet_a1.0__directional_poisoning__seed42,42,dirichlet_a1.0,directional_poisoning,c4_drift_aware
23,0.4884401261806488,1.8676139116287231,2.070210625999607,4,1,1,1,False,c4_drift_aware__dirichlet_a1.0__directional_poisoning__seed42,42,dirichlet_a1.0,directional_poisoning,c4_drift_aware
24,0.4292479157447815,1.7578520774841309,2.137341605999609,4,1,1,1,False,c4_drift_aware__dirichlet_a1.0__directional_poisoning__seed42,42,dirichlet_a1.0,directional_poisoning,c4_drift_aware
0,0.060863509774208,2.197697877883911,2.1341147359999013,5,0,1,0,False,c4_drift_aware__dirichlet_a1.0__sparse_coordinate_attack__seed42,42,dirichlet_a1.0,sparse_coordinate_attack,c4_drift_aware
1,0.1530640721321106,2.200451612472534,2.022934505999729,5,0,1,0,False,c4_drift_aware__dirichlet_a1.0__sparse_coordinate_attack__seed42,42,dirichlet_a1.0,sparse_coordinate_attack,c4_drift_aware
2,0.1714484691619873,2.2067673206329346,2.093743646999428,5,0,1,0,False,c4_drift_aware__dirichlet_a1.0__sparse_coordinate_attack__seed42,42,dirichlet_a1.0,sparse_coordinate_attack,c4_drift_aware
3,0.1717270165681839,2.2095980644226074,2.0953861950001738,5,0,1,0,False,c4_drift_aware__dirichlet_a1.0__sparse_coordinate_attack__seed42,42,dirichlet_a1.0,sparse_coordinate_attack,c4_drift_aware
4,0.1715877503156662,2.2245280742645264,2.151137454999116,5,0,1,0,False,c4_drift_aware__dirichlet_a1.0__sparse_coordinate_attack__seed42,42,dirichlet_a1.0,sparse_coordinate_attack,c4_drift_aware
5,0.1717270165681839,2.2255213260650635,2.07233971900132,5,0,1,0,False,c4_drift_aware__dirichlet_a1.0__sparse_coordinate_attack__seed42,42,dirichlet_a1.0,sparse_coordinate_attack,c4_drift_aware
6,0.1704735457897186,2.234780550003052,2.046069293999608,5,0,1,0,False,c4_drift_aware__dirichlet_a1.0__sparse_coordinate_attack__seed42,42,dirichlet_a1.0,sparse_coordinate_attack,c4_drift_aware
7,0.1718662977218628,2.2203285694122314,2.119411946001492,5,0,1,0,False,c4_drift_aware__dirichlet_a1.0__sparse_coordinate_attack__seed42,42,dirichlet_a1.0,sparse_coordinate_attack,c4_drift_aware
8,0.1591922044754028,2.231773614883423,2.1207068109997635,5,0,1,0,False,c4_drift_aware__dirichlet_a1.0__sparse_coordinate_attack__seed42,42,dirichlet_a1.0,sparse_coordinate_attack,c4_drift_aware
9,0.1718662977218628,2.236780881881714,2.0427610739989177,5,0,1,0,False,c4_drift_aware__dirichlet_a1.0__sparse_coordinate_attack__seed42,42,dirichlet_a1.0,sparse_coordinate_attack,c4_drift_aware
10,0.0923398360610008,2.311445713043213,2.095463556999676,4,1,1,1,False,c4_drift_aware__dirichlet_a1.0__sparse_coordinate_attack__seed42,42,dirichlet_a1.0,sparse_coordinate_attack,c4_drift_aware
11,0.1750696450471878,2.325760126113892,2.138363046999075,4,1,1,1,False,c4_drift_aware__dirichlet_a1.0__sparse_coordinate_attack__seed42,42,dirichlet_a1.0,sparse_coordinate_attack,c4_drift_aware
12,0.1564066857099533,2.301225185394287,2.045892123000158,4,1,1,1,False,c4_drift_aware__dirichlet_a1.0__sparse_coordinate_attack__seed42,42,dirichlet_a1.0,sparse_coordinate_attack,c4_drift_aware
13,0.1069637909531593,2.2852628231048584,2.0480406770002446,4,1,1,1,False,c4_drift_aware__dirichlet_a1.0__sparse_coordinate_attack__seed42,42,dirichlet_a1.0,sparse_coordinate_attack,c4_drift_aware
14,0.2409470826387405,2.2655270099639893,2.0691041219997715,4,1,1,1,False,c4_drift_aware__dirichlet_a1.0__sparse_coordinate_attack__seed42,42,dirichlet_a1.0,sparse_coordinate_attack,c4_drift_aware
15,0.2147632390260696,2.3098459243774414,2.067591910999909,4,1,1,1,False,c4_drift_aware__dirichlet_a1.0__sparse_coordinate_attack__seed42,42,dirichlet_a1.0,sparse_coordinate_attack,c4_drift_aware
16,0.3220055699348449,2.2308497428894043,2.061411185999532,4,1,1,1,False,c4_drift_aware__dirichlet_a1.0__sparse_coordinate_attack__seed42,42,dirichlet_a1.0,sparse_coordinate_attack,c4_drift_aware
17,0.1572423428297042,2.224212408065796,2.099331412999163,4,1,1,1,False,c4_drift_aware__dirichlet_a1.0__sparse_coordinate_attack__seed42,42,dirichlet_a1.0,sparse_coordinate_attack,c4_drift_aware
18,0.25640669465065,2.1739017963409424,2.1113362519990915,4,1,1,1,False,c4_drift_aware__dirichlet_a1.0__sparse_coordinate_attack__seed42,42,dirichlet_a1.0,sparse_coordinate_attack,c4_drift_aware
19,0.2688022255897522,2.1520583629608154,2.079395320999538,4,1,1,1,False,c4_drift_aware__dirichlet_a1.0__sparse_coordinate_attack__seed42,42,dirichlet_a1.0,sparse_coordinate_attack,c4_drift_aware
20,0.3036211729049682,2.0502195358276367,2.066618838000068,4,1,1,1,False,c4_drift_aware__dirichlet_a1.0__sparse_coordinate_attack__seed42,42,dirichlet_a1.0,sparse_coordinate_attack,c4_drift_aware
21,0.4071030616760254,2.024284839630127,2.0775665319997643,4,1,1,1,False,c4_drift_aware__dirichlet_a1.0__sparse_coordinate_attack__seed42,42,dirichlet_a1.0,sparse_coordinate_attack,c4_drift_aware
22,0.3827298283576965,1.8505585193634035,2.0210771769998246,4,1,1,1,False,c4_drift_aware__dirichlet_a1.0__sparse_coordinate_attack__seed42,42,dirichlet_a1.0,sparse_coordinate_attack,c4_drift_aware
23,0.5119777321815491,1.8595396280288696,2.10749872300039,4,1,1,1,False,c4_drift_aware__dirichlet_a1.0__sparse_coordinate_attack__seed42,42,dirichlet_a1.0,sparse_coordinate_attack,c4_drift_aware
24,0.4305014014244079,1.882118582725525,2.176936494999609,4,1,1,1,False,c4_drift_aware__dirichlet_a1.0__sparse_coordinate_attack__seed42,42,dirichlet_a1.0,sparse_coordinate_attack,c4_drift_aware
0,0.0824512541294097,2.18296480178833,2.059666876000847,5,0,1,0,False,c4_drift_aware__dirichlet_a1.0__no_attack__seed43,43,dirichlet_a1.0,no_attack,c4_drift_aware
1,0.1717270165681839,2.2009050846099854,2.0775243770003726,5,0,1,0,False,c4_drift_aware__dirichlet_a1.0__no_attack__seed43,43,dirichlet_a1.0,no_attack,c4_drift_aware
2,0.1281337141990661,2.180934429168701,2.128911599998901,4,1,1,0,False,c4_drift_aware__dirichlet_a1.0__no_attack__seed43,43,dirichlet_a1.0,no_attack,c4_drift_aware
3,0.1717270165681839,2.2132277488708496,2.108274194999467,5,0,1,0,False,c4_drift_aware__dirichlet_a1.0__no_attack__seed43,43,dirichlet_a1.0,no_attack,c4_drift_aware
4,0.1717270165681839,2.2306296825408936,2.101826842999799,5,0,1,0,False,c4_drift_aware__dirichlet_a1.0__no_attack__seed43,43,dirichlet_a1.0,no_attack,c4_drift_aware
5,0.1717270165681839,2.214565753936768,2.138647043000674,5,0,1,0,False,c4_drift_aware__dirichlet_a1.0__no_attack__seed43,43,dirichlet_a1.0,no_attack,c4_drift_aware
6,0.1717270165681839,2.2977747917175293,2.089431186999718,4,1,1,0,False,c4_drift_aware__dirichlet_a1.0__no_attack__seed43,43,dirichlet_a1.0,no_attack,c4_drift_aware
7,0.1717270165681839,2.182949542999268,2.0812054500001977,5,0,1,0,False,c4_drift_aware__dirichlet_a1.0__no_attack__seed43,43,dirichlet_a1.0,no_attack,c4_drift_aware
8,0.1717270165681839,2.1870720386505127,2.125094217999504,5,0,1,0,False,c4_drift_aware__dirichlet_a1.0__no_attack__seed43,43,dirichlet_a1.0,no_attack,c4_drift_aware
9,0.1717270165681839,2.1063733100891118,2.0739270180001768,5,0,1,0,False,c4_drift_aware__dirichlet_a1.0__no_attack__seed43,43,dirichlet_a1.0,no_attack,c4_drift_aware
10,0.1717270165681839,2.073885679244995,2.0689788999989105,5,0,1,1,False,c4_drift_aware__dirichlet_a1.0__no_attack__seed43,43,dirichlet_a1.0,no_attack,c4_drift_aware
11,0.2392757683992386,1.998431205749512,2.138116109999828,5,0,1,1,False,c4_drift_aware__dirichlet_a1.0__no_attack__seed43,43,dirichlet_a1.0,no_attack,c4_drift_aware
12,0.2196378856897354,1.9673292636871336,2.0843393779996404,5,0,1,1,False,c4_drift_aware__dirichlet_a1.0__no_attack__seed43,43,dirichlet_a1.0,no_attack,c4_drift_aware
13,0.3664345443248749,1.8194265365600584,2.067660419001186,5,0,1,1,False,c4_drift_aware__dirichlet_a1.0__no_attack__seed43,43,dirichlet_a1.0,no_attack,c4_drift_aware
14,0.3866295218467712,1.7657147645950315,2.034811636000086,5,0,1,1,False,c4_drift_aware__dirichlet_a1.0__no_attack__seed43,43,dirichlet_a1.0,no_attack,c4_drift_aware
15,0.4286908209323883,1.7495872974395752,2.068709907000084,5,0,1,1,False,c4_drift_aware__dirichlet_a1.0__no_attack__seed43,43,dirichlet_a1.0,no_attack,c4_drift_aware
16,0.436908096075058,1.7029081583023071,2.052145094001389,5,0,1,1,False,c4_drift_aware__dirichlet_a1.0__no_attack__seed43,43,dirichlet_a1.0,no_attack,c4_drift_aware
17,0.458913654088974,1.6539771556854248,2.106064878000325,5,0,1,1,False,c4_drift_aware__dirichlet_a1.0__no_attack__seed43,43,dirichlet_a1.0,no_attack,c4_drift_aware
18,0.471727043390274,1.598609447479248,2.0817546580001363,5,0,1,1,False,c4_drift_aware__dirichlet_a1.0__no_attack__seed43,43,dirichlet_a1.0,no_attack,c4_drift_aware
19,0.4428969323635101,1.5871466398239136,2.0817626449988893,4,1,1,1,False,c4_drift_aware__dirichlet_a1.0__no_attack__seed43,43,dirichlet_a1.0,no_attack,c4_drift_aware
20,0.4331476390361786,1.565351128578186,2.060315525999613,4,1,1,1,False,c4_drift_aware__dirichlet_a1.0__no_attack__seed43,43,dirichlet_a1.0,no_attack,c4_drift_aware
21,0.4533426165580749,1.595178723335266,2.128140507998978,5,0,1,1,False,c4_drift_aware__dirichlet_a1.0__no_attack__seed43,43,dirichlet_a1.0,no_attack,c4_drift_aware
22,0.4605849683284759,1.5450693368911743,2.165583054998933,4,1,1,1,False,c4_drift_aware__dirichlet_a1.0__no_attack__seed43,43,dirichlet_a1.0,no_attack,c4_drift_aware
23,0.4935933351516723,1.5248762369155884,2.090346666998812,5,0,1,1,False,c4_drift_aware__dirichlet_a1.0__no_attack__seed43,43,dirichlet_a1.0,no_attack,c4_drift_aware
24,0.4917827546596527,1.517082452774048,2.091067049999765,5,0,1,1,False,c4_drift_aware__dirichlet_a1.0__no_attack__seed43,43,dirichlet_a1.0,no_attack,c4_drift_aware
0,0.0824512541294097,2.1829583644866943,2.0619675269990694,5,0,1,0,False,c4_drift_aware__dirichlet_a1.0__large_norm__seed43,43,dirichlet_a1.0,large_norm,c4_drift_aware
1,0.1717270165681839,2.200927734375,2.054788379000456,5,0,1,0,False,c4_drift_aware__dirichlet_a1.0__large_norm__seed43,43,dirichlet_a1.0,large_norm,c4_drift_aware
2,0.1272980570793151,2.1810619831085205,2.0991407390010863,4,1,1,0,False,c4_drift_aware__dirichlet_a1.0__large_norm__seed43,43,dirichlet_a1.0,large_norm,c4_drift_aware
3,0.1717270165681839,2.2135744094848637,2.066017077000652,5,0,1,0,False,c4_drift_aware__dirichlet_a1.0__large_norm__seed43,43,dirichlet_a1.0,large_norm,c4_drift_aware
4,0.1717270165681839,2.2306902408599854,2.130147391999344,5,0,1,0,False,c4_drift_aware__dirichlet_a1.0__large_norm__seed43,43,dirichlet_a1.0,large_norm,c4_drift_aware
5,0.1717270165681839,2.214497804641724,2.0942659930005902,5,0,1,0,False,c4_drift_aware__dirichlet_a1.0__large_norm__seed43,43,dirichlet_a1.0,large_norm,c4_drift_aware
6,0.1717270165681839,2.29795503616333,2.0971341819986264,4,1,1,0,False,c4_drift_aware__dirichlet_a1.0__large_norm__seed43,43,dirichlet_a1.0,large_norm,c4_drift_aware
7,0.1717270165681839,2.1829991340637207,2.09123847400042,5,0,1,0,False,c4_drift_aware__dirichlet_a1.0__large_norm__seed43,43,dirichlet_a1.0,large_norm,c4_drift_aware
8,0.1717270165681839,2.187426805496216,2.1280038220011197,5,0,1,0,False,c4_drift_aware__dirichlet_a1.0__large_norm__seed43,43,dirichlet_a1.0,large_norm,c4_drift_aware
9,0.1717270165681839,2.106331586837769,2.1200818689994776,5,0,1,0,False,c4_drift_aware__dirichlet_a1.0__large_norm__seed43,43,dirichlet_a1.0,large_norm,c4_drift_aware
10,0.2041782736778259,2.061725616455078,2.064708089001215,4,1,1,1,False,c4_drift_aware__dirichlet_a1.0__large_norm__seed43,43,dirichlet_a1.0,large_norm,c4_drift_aware
11,0.3513927757740021,1.9605391025543213,2.1076048649993027,4,1,1,1,False,c4_drift_aware__dirichlet_a1.0__large_norm__seed43,43,dirichlet_a1.0,large_norm,c4_drift_aware
12,0.2649025022983551,1.958903193473816,2.1154004269992583,4,1,1,1,False,c4_drift_aware__dirichlet_a1.0__large_norm__seed43,43,dirichlet_a1.0,large_norm,c4_drift_aware
13,0.397910863161087,1.780542254447937,2.048033471000963,4,1,1,1,False,c4_drift_aware__dirichlet_a1.0__large_norm__seed43,43,dirichlet_a1.0,large_norm,c4_drift_aware
14,0.3990250825881958,1.7824164628982544,2.0569419080002262,4,1,1,1,False,c4_drift_aware__dirichlet_a1.0__large_norm__seed43,43,dirichlet_a1.0,large_norm,c4_drift_aware
15,0.4055710434913635,1.694365620613098,2.0988087669993547,4,1,1,1,False,c4_drift_aware__dirichlet_a1.0__large_norm__seed43,43,dirichlet_a1.0,large_norm,c4_drift_aware
16,0.4100278615951538,1.788246750831604,2.079463352998573,4,1,1,1,False,c4_drift_aware__dirichlet_a1.0__large_norm__seed43,43,dirichlet_a1.0,large_norm,c4_drift_aware
17,0.4282729923725128,1.6611194610595703,2.065864779000549,4,1,1,1,False,c4_drift_aware__dirichlet_a1.0__large_norm__seed43,43,dirichlet_a1.0,large_norm,c4_drift_aware
18,0.4380222856998443,1.6916110515594482,2.0551223450002,4,1,1,1,False,c4_drift_aware__dirichlet_a1.0__large_norm__seed43,43,dirichlet_a1.0,large_norm,c4_drift_aware
19,0.3426184058189392,1.665302276611328,2.068121945998428,3,2,1,1,False,c4_drift_aware__dirichlet_a1.0__large_norm__seed43,43,dirichlet_a1.0,large_norm,c4_drift_aware
20,0.4530640840530395,1.5895954370498655,2.139972922999732,4,1,1,1,False,c4_drift_aware__dirichlet_a1.0__large_norm__seed43,43,dirichlet_a1.0,large_norm,c4_drift_aware
21,0.4660167098045349,1.5449683666229248,2.115724995999699,4,1,1,1,False,c4_drift_aware__dirichlet_a1.0__large_norm__seed43,43,dirichlet_a1.0,large_norm,c4_drift_aware
22,0.4371866285800934,1.5536798238754272,1.8706652649998432,4,1,1,1,False,c4_drift_aware__dirichlet_a1.0__large_norm__seed43,43,dirichlet_a1.0,large_norm,c4_drift_aware
23,0.4472144842147827,1.5387414693832395,2.199735606000104,4,1,1,1,False,c4_drift_aware__dirichlet_a1.0__large_norm__seed43,43,dirichlet_a1.0,large_norm,c4_drift_aware
24,0.4409470856189728,1.5350617170333862,2.1866403939984598,4,1,1,1,False,c4_drift_aware__dirichlet_a1.0__large_norm__seed43,43,dirichlet_a1.0,large_norm,c4_drift_aware
0,0.0824512541294097,2.1829583644866943,2.1290943849999167,5,0,1,0,False,c4_drift_aware__dirichlet_a1.0__directional_poisoning__seed43,43,dirichlet_a1.0,directional_poisoning,c4_drift_aware
1,0.1717270165681839,2.200972318649292,2.0802933579998357,5,0,1,0,False,c4_drift_aware__dirichlet_a1.0__directional_poisoning__seed43,43,dirichlet_a1.0,directional_poisoning,c4_drift_aware
2,0.1268802285194397,2.181168794631958,2.158637253998677,4,1,1,0,False,c4_drift_aware__dirichlet_a1.0__directional_poisoning__seed43,43,dirichlet_a1.0,directional_poisoning,c4_drift_aware
3,0.1717270165681839,2.2135567665100098,2.1083917150008347,5,0,1,0,False,c4_drift_aware__dirichlet_a1.0__directional_poisoning__seed43,43,dirichlet_a1.0,directional_poisoning,c4_drift_aware
4,0.1717270165681839,2.2307658195495605,2.075087507999342,5,0,1,0,False,c4_drift_aware__dirichlet_a1.0__directional_poisoning__seed43,43,dirichlet_a1.0,directional_poisoning,c4_drift_aware
5,0.1717270165681839,2.2144715785980225,2.1028244479985005,5,0,1,0,False,c4_drift_aware__dirichlet_a1.0__directional_poisoning__seed43,43,dirichlet_a1.0,directional_poisoning,c4_drift_aware
6,0.1717270165681839,2.297891855239868,2.0232828070002142,4,1,1,0,False,c4_drift_aware__dirichlet_a1.0__directional_poisoning__seed43,43,dirichlet_a1.0,directional_poisoning,c4_drift_aware
7,0.1717270165681839,2.182786226272583,2.166032465000171,5,0,1,0,False,c4_drift_aware__dirichlet_a1.0__directional_poisoning__seed43,43,dirichlet_a1.0,directional_poisoning,c4_drift_aware
8,0.1717270165681839,2.187349796295166,2.067169555000873,5,0,1,0,False,c4_drift_aware__dirichlet_a1.0__directional_poisoning__seed43,43,dirichlet_a1.0,directional_poisoning,c4_drift_aware
9,0.1717270165681839,2.10637640953064,2.087801708999905,5,0,1,0,False,c4_drift_aware__dirichlet_a1.0__directional_poisoning__seed43,43,dirichlet_a1.0,directional_poisoning,c4_drift_aware
10,0.0852367728948593,2.132354497909546,2.0902050829990912,5,0,1,1,False,c4_drift_aware__dirichlet_a1.0__directional_poisoning__seed43,43,dirichlet_a1.0,directional_poisoning,c4_drift_aware
11,0.2033426165580749,2.026714324951172,2.0967051930001617,4,1,1,1,False,c4_drift_aware__dirichlet_a1.0__directional_poisoning__seed43,43,dirichlet_a1.0,directional_poisoning,c4_drift_aware
12,0.1818941533565521,2.0553674697875977,2.09975243900044,4,1,1,1,False,c4_drift_aware__dirichlet_a1.0__directional_poisoning__seed43,43,dirichlet_a1.0,directional_poisoning,c4_drift_aware
13,0.2850975096225738,1.803189754486084,2.108993936000843,4,1,1,1,False,c4_drift_aware__dirichlet_a1.0__directional_poisoning__seed43,43,dirichlet_a1.0,directional_poisoning,c4_drift_aware
14,0.3892757892608642,1.7888740301132202,2.034119514000849,4,1,1,1,False,c4_drift_aware__dirichlet_a1.0__directional_poisoning__seed43,43,dirichlet_a1.0,directional_poisoning,c4_drift_aware
15,0.3944289684295654,1.7465463876724243,1.8842010870012016,4,1,1,1,False,c4_drift_aware__dirichlet_a1.0__directional_poisoning__seed43,43,dirichlet_a1.0,directional_poisoning,c4_drift_aware
16,0.3944289684295654,1.743444800376892,2.0913066399989475,4,1,1,1,False,c4_drift_aware__dirichlet_a1.0__directional_poisoning__seed43,43,dirichlet_a1.0,directional_poisoning,c4_drift_aware
17,0.363231211900711,1.6995642185211182,2.0941076609997253,4,1,1,1,False,c4_drift_aware__dirichlet_a1.0__directional_poisoning__seed43,43,dirichlet_a1.0,directional_poisoning,c4_drift_aware
18,0.4065459668636322,1.6655231714248655,2.078541718999986,4,1,1,1,False,c4_drift_aware__dirichlet_a1.0__directional_poisoning__seed43,43,dirichlet_a1.0,directional_poisoning,c4_drift_aware
19,0.4201949834823608,1.6122409105300903,2.0373735430002853,4,1,1,1,False,c4_drift_aware__dirichlet_a1.0__directional_poisoning__seed43,43,dirichlet_a1.0,directional_poisoning,c4_drift_aware
20,0.4490250945091247,1.5880359411239624,2.059492200998648,4,1,1,1,False,c4_drift_aware__dirichlet_a1.0__directional_poisoning__seed43,43,dirichlet_a1.0,directional_poisoning,c4_drift_aware
21,0.412395566701889,1.6247183084487915,2.088877786000012,4,1,1,1,False,c4_drift_aware__dirichlet_a1.0__directional_poisoning__seed43,43,dirichlet_a1.0,directional_poisoning,c4_drift_aware
22,0.4155988991260528,1.5598115921020508,2.077433695001673,4,1,1,1,False,c4_drift_aware__dirichlet_a1.0__directional_poisoning__seed43,43,dirichlet_a1.0,directional_poisoning,c4_drift_aware
23,0.4307799637317657,1.5445587635040283,2.0845569749999413,4,1,1,1,False,c4_drift_aware__dirichlet_a1.0__directional_poisoning__seed43,43,dirichlet_a1.0,directional_poisoning,c4_drift_aware
24,0.4455431997776031,1.5324724912643433,2.0440717640012736,4,1,1,1,False,c4_drift_aware__dirichlet_a1.0__directional_poisoning__seed43,43,dirichlet_a1.0,directional_poisoning,c4_drift_aware
0,0.0824512541294097,2.182959079742432,2.0861077539993857,5,0,1,0,False,c4_drift_aware__dirichlet_a1.0__sparse_coordinate_attack__seed43,43,dirichlet_a1.0,sparse_coordinate_attack,c4_drift_aware
1,0.1717270165681839,2.200910806655884,2.141798134000055,5,0,1,0,False,c4_drift_aware__dirichlet_a1.0__sparse_coordinate_attack__seed43,43,dirichlet_a1.0,sparse_coordinate_attack,c4_drift_aware
2,0.1267409473657608,2.181131601333618,2.10874793199946,4,1,1,0,False,c4_drift_aware__dirichlet_a1.0__sparse_coordinate_attack__seed43,43,dirichlet_a1.0,sparse_coordinate_attack,c4_drift_aware
3,0.1717270165681839,2.2133936882019043,1.8881398419998727,5,0,1,0,False,c4_drift_aware__dirichlet_a1.0__sparse_coordinate_attack__seed43,43,dirichlet_a1.0,sparse_coordinate_attack,c4_drift_aware
4,0.1717270165681839,2.2309303283691406,2.1082513140008814,5,0,1,0,False,c4_drift_aware__dirichlet_a1.0__sparse_coordinate_attack__seed43,43,dirichlet_a1.0,sparse_coordinate_attack,c4_drift_aware
5,0.1717270165681839,2.214455366134644,2.096866141999272,5,0,1,0,False,c4_drift_aware__dirichlet_a1.0__sparse_coordinate_attack__seed43,43,dirichlet_a1.0,sparse_coordinate_attack,c4_drift_aware
6,0.1717270165681839,2.297855854034424,2.171617433999927,4,1,1,0,False,c4_drift_aware__dirichlet_a1.0__sparse_coordinate_attack__seed43,43,dirichlet_a1.0,sparse_coordinate_attack,c4_drift_aware
7,0.1717270165681839,2.1830997467041016,2.078547398999945,5,0,1,0,False,c4_drift_aware__dirichlet_a1.0__sparse_coordinate_attack__seed43,43,dirichlet_a1.0,sparse_coordinate_attack,c4_drift_aware
8,0.1717270165681839,2.187316656112671,2.045434990999638,5,0,1,0,False,c4_drift_aware__dirichlet_a1.0__sparse_coordinate_attack__seed43,43,dirichlet_a1.0,sparse_coordinate_attack,c4_drift_aware
9,0.1717270165681839,2.106616497039795,2.081355045998862,5,0,1,0,False,c4_drift_aware__dirichlet_a1.0__sparse_coordinate_attack__seed43,43,dirichlet_a1.0,sparse_coordinate_attack,c4_drift_aware
10,0.1530640721321106,2.0820586681365967,1.8054154620003828,4,1,1,1,False,c4_drift_aware__dirichlet_a1.0__sparse_coordinate_attack__seed43,43,dirichlet_a1.0,sparse_coordinate_attack,c4_drift_aware
11,0.1384401172399521,2.0572354793548584,2.033451189001425,4,1,1,1,False,c4_drift_aware__dirichlet_a1.0__sparse_coordinate_attack__seed43,43,dirichlet_a1.0,sparse_coordinate_attack,c4_drift_aware
12,0.1920612901449203,2.0515432357788086,1.8823295139991387,4,1,1,1,False,c4_drift_aware__dirichlet_a1.0__sparse_coordinate_attack__seed43,43,dirichlet_a1.0,sparse_coordinate_attack,c4_drift_aware
13,0.3587743937969208,1.8218131065368648,2.004368142001113,4,1,1,1,False,c4_drift_aware__dirichlet_a1.0__sparse_coordinate_attack__seed43,43,dirichlet_a1.0,sparse_coordinate_attack,c4_drift_aware
14,0.3928969502449035,1.744870901107788,2.0277083499986475,4,1,1,1,False,c4_drift_aware__dirichlet_a1.0__sparse_coordinate_attack__seed43,43,dirichlet_a1.0,sparse_coordinate_attack,c4_drift_aware
15,0.4077994525432586,1.6646140813827517,2.09229225800118,4,1,1,1,False,c4_drift_aware__dirichlet_a1.0__sparse_coordinate_attack__seed43,43,dirichlet_a1.0,sparse_coordinate_attack,c4_drift_aware
16,0.4196378886699676,1.6465020179748535,2.125105301000076,4,1,1,1,False,c4_drift_aware__dirichlet_a1.0__sparse_coordinate_attack__seed43,43,dirichlet_a1.0,sparse_coordinate_attack,c4_drift_aware
17,0.4261838495731354,1.6724555492401123,2.079741147999812,4,1,1,1,False,c4_drift_aware__dirichlet_a1.0__sparse_coordinate_attack__seed43,43,dirichlet_a1.0,sparse_coordinate_attack,c4_drift_aware
18,0.4337047338485718,1.624590277671814,2.0768158940009016,4,1,1,1,False,c4_drift_aware__dirichlet_a1.0__sparse_coordinate_attack__seed43,43,dirichlet_a1.0,sparse_coordinate_attack,c4_drift_aware
19,0.4183844029903412,1.6001057624816897,2.1359772449995944,4,1,1,1,False,c4_drift_aware__dirichlet_a1.0__sparse_coordinate_attack__seed43,43,dirichlet_a1.0,sparse_coordinate_attack,c4_drift_aware
20,0.3948467969894409,1.5878989696502686,2.066414999000699,4,1,1,1,False,c4_drift_aware__dirichlet_a1.0__sparse_coordinate_attack__seed43,43,dirichlet_a1.0,sparse_coordinate_attack,c4_drift_aware
21,0.4448468089103699,1.5332812070846558,2.075437617999341,3,2,1,1,False,c4_drift_aware__dirichlet_a1.0__sparse_coordinate_attack__seed43,43,dirichlet_a1.0,sparse_coordinate_attack,c4_drift_aware
22,0.4447075426578522,1.5811302661895752,2.1129056560002937,4,1,1,1,False,c4_drift_aware__dirichlet_a1.0__sparse_coordinate_attack__seed43,43,dirichlet_a1.0,sparse_coordinate_attack,c4_drift_aware
23,0.4317548871040344,1.5525450706481934,2.1251174629996967,4,1,1,1,False,c4_drift_aware__dirichlet_a1.0__sparse_coordinate_attack__seed43,43,dirichlet_a1.0,sparse_coordinate_attack,c4_drift_aware
24,0.4121170043945312,1.5613335371017456,2.08066430100007,4,1,1,1,False,c4_drift_aware__dirichlet_a1.0__sparse_coordinate_attack__seed43,43,dirichlet_a1.0,sparse_coordinate_attack,c4_drift_aware
0,0.0837047398090362,2.190095901489258,1.8603560119991016,5,0,1,0,False,c4_drift_aware__dirichlet_a1.0__no_attack__seed44,44,dirichlet_a1.0,no_attack,c4_drift_aware
1,0.1973537653684616,2.1804888248443604,2.0115760610005964,5,0,1,0,False,c4_drift_aware__dirichlet_a1.0__no_attack__seed44,44,dirichlet_a1.0,no_attack,c4_drift_aware
2,0.2672702074050903,2.1767220497131348,1.8796822060012344,5,0,1,0,False,c4_drift_aware__dirichlet_a1.0__no_attack__seed44,44,dirichlet_a1.0,no_attack,c4_drift_aware
3,0.1944289803504943,2.165636777877808,2.1053219929999614,5,0,1,0,False,c4_drift_aware__dirichlet_a1.0__no_attack__seed44,44,dirichlet_a1.0,no_attack,c4_drift_aware
4,0.1863509863615036,2.1632678508758545,1.8409324699987335,5,0,1,0,False,c4_drift_aware__dirichlet_a1.0__no_attack__seed44,44,dirichlet_a1.0,no_attack,c4_drift_aware
5,0.1863509863615036,2.159217119216919,2.174505652999869,5,0,1,0,False,c4_drift_aware__dirichlet_a1.0__no_attack__seed44,44,dirichlet_a1.0,no_attack,c4_drift_aware
6,0.2576601803302765,2.152791738510132,2.1269620879993454,5,0,1,0,False,c4_drift_aware__dirichlet_a1.0__no_attack__seed44,44,dirichlet_a1.0,no_attack,c4_drift_aware
7,0.2603064179420471,2.139501571655273,2.0737795120003284,5,0,1,0,False,c4_drift_aware__dirichlet_a1.0__no_attack__seed44,44,dirichlet_a1.0,no_attack,c4_drift_aware
8,0.2654596269130707,2.136868953704834,2.164027269000144,5,0,1,0,False,c4_drift_aware__dirichlet_a1.0__no_attack__seed44,44,dirichlet_a1.0,no_attack,c4_drift_aware
9,0.3133704960346222,2.1234114170074463,2.108500469999853,5,0,1,0,False,c4_drift_aware__dirichlet_a1.0__no_attack__seed44,44,dirichlet_a1.0,no_attack,c4_drift_aware
10,0.3041782677173614,2.0990562438964844,2.090092160000495,5,0,1,1,False,c4_drift_aware__dirichlet_a1.0__no_attack__seed44,44,dirichlet_a1.0,no_attack,c4_drift_aware
11,0.3438718616962433,2.060662269592285,2.0682901539985323,5,0,1,1,False,c4_drift_aware__dirichlet_a1.0__no_attack__seed44,44,dirichlet_a1.0,no_attack,c4_drift_aware
12,0.3206128180027008,1.9981529712677,2.194650213999921,5,0,1,1,False,c4_drift_aware__dirichlet_a1.0__no_attack__seed44,44,dirichlet_a1.0,no_attack,c4_drift_aware
13,0.3359331488609314,1.92261004447937,2.0905597080000007,5,0,1,1,False,c4_drift_aware__dirichlet_a1.0__no_attack__seed44,44,dirichlet_a1.0,no_attack,c4_drift_aware
14,0.3633704781532287,1.8534458875656128,2.143201347998911,5,0,1,1,False,c4_drift_aware__dirichlet_a1.0__no_attack__seed44,44,dirichlet_a1.0,no_attack,c4_drift_aware
15,0.3782729804515838,1.8155531883239744,2.1918627170016407,5,0,1,1,False,c4_drift_aware__dirichlet_a1.0__no_attack__seed44,44,dirichlet_a1.0,no_attack,c4_drift_aware
16,0.3951253592967987,1.7607344388961792,2.1026696549997723,5,0,1,1,False,c4_drift_aware__dirichlet_a1.0__no_attack__seed44,44,dirichlet_a1.0,no_attack,c4_drift_aware
17,0.4281337261199951,1.7706269025802612,2.0987113319988566,5,0,1,1,False,c4_drift_aware__dirichlet_a1.0__no_attack__seed44,44,dirichlet_a1.0,no_attack,c4_drift_aware
18,0.4313370585441589,1.6823948621749878,2.117012415999852,5,0,1,1,False,c4_drift_aware__dirichlet_a1.0__no_attack__seed44,44,dirichlet_a1.0,no_attack,c4_drift_aware
19,0.4339832961559295,1.6544370651245115,2.17594884600112,5,0,1,1,False,c4_drift_aware__dirichlet_a1.0__no_attack__seed44,44,dirichlet_a1.0,no_attack,c4_drift_aware
20,0.4530640840530395,1.698032021522522,2.123142579001069,4,1,1,1,False,c4_drift_aware__dirichlet_a1.0__no_attack__seed44,44,dirichlet_a1.0,no_attack,c4_drift_aware
21,0.4441504180431366,1.638580083847046,2.131929485000001,5,0,1,1,False,c4_drift_aware__dirichlet_a1.0__no_attack__seed44,44,dirichlet_a1.0,no_attack,c4_drift_aware
22,0.4364902675151825,1.6091229915618896,2.09729390999928,5,0,1,1,False,c4_drift_aware__dirichlet_a1.0__no_attack__seed44,44,dirichlet_a1.0,no_attack,c4_drift_aware
23,0.4820334315299988,1.584858536720276,1.9801538760002584,5,0,1,1,False,c4_drift_aware__dirichlet_a1.0__no_attack__seed44,44,dirichlet_a1.0,no_attack,c4_drift_aware
24,0.4337047338485718,1.5774409770965576,2.126535945999421,5,0,1,1,False,c4_drift_aware__dirichlet_a1.0__no_attack__seed44,44,dirichlet_a1.0,no_attack,c4_drift_aware
0,0.0838440135121345,2.190089702606201,2.117948287999752,5,0,1,0,False,c4_drift_aware__dirichlet_a1.0__large_norm__seed44,44,dirichlet_a1.0,large_norm,c4_drift_aware
1,0.2004178315401077,2.180458068847656,2.2191127269998105,5,0,1,0,False,c4_drift_aware__dirichlet_a1.0__large_norm__seed44,44,dirichlet_a1.0,large_norm,c4_drift_aware
2,0.2685236930847168,2.176525592803955,2.1324650009992183,5,0,1,0,False,c4_drift_aware__dirichlet_a1.0__large_norm__seed44,44,dirichlet_a1.0,large_norm,c4_drift_aware
3,0.1937325894832611,2.165539026260376,2.082825753999714,5,0,1,0,False,c4_drift_aware__dirichlet_a1.0__large_norm__seed44,44,dirichlet_a1.0,large_norm,c4_drift_aware
4,0.1863509863615036,2.163347721099853,2.166811054999925,5,0,1,0,False,c4_drift_aware__dirichlet_a1.0__large_norm__seed44,44,dirichlet_a1.0,large_norm,c4_drift_aware
5,0.1863509863615036,2.1591475009918213,2.068688868001118,5,0,1,0,False,c4_drift_aware__dirichlet_a1.0__large_norm__seed44,44,dirichlet_a1.0,large_norm,c4_drift_aware
6,0.2577994465827942,2.1527833938598637,2.135775194999951,5,0,1,0,False,c4_drift_aware__dirichlet_a1.0__large_norm__seed44,44,dirichlet_a1.0,large_norm,c4_drift_aware
7,0.2604456841945648,2.139503002166748,2.1662174049997702,5,0,1,0,False,c4_drift_aware__dirichlet_a1.0__large_norm__seed44,44,dirichlet_a1.0,large_norm,c4_drift_aware
8,0.2655988931655884,2.136975049972534,2.1018245960003696,5,0,1,0,False,c4_drift_aware__dirichlet_a1.0__large_norm__seed44,44,dirichlet_a1.0,large_norm,c4_drift_aware
9,0.3116991817951202,2.123278856277466,2.097754229998827,5,0,1,0,False,c4_drift_aware__dirichlet_a1.0__large_norm__seed44,44,dirichlet_a1.0,large_norm,c4_drift_aware
10,0.1908078044652938,2.220100164413452,2.044381899000655,2,3,1,1,False,c4_drift_aware__dirichlet_a1.0__large_norm__seed44,44,dirichlet_a1.0,large_norm,c4_drift_aware
11,0.292896956205368,2.034135103225708,1.9038807729994005,4,1,1,1,False,c4_drift_aware__dirichlet_a1.0__large_norm__seed44,44,dirichlet_a1.0,large_norm,c4_drift_aware
12,0.3245125412940979,1.982399344444275,1.8897462120003183,4,1,1,1,False,c4_drift_aware__dirichlet_a1.0__large_norm__seed44,44,dirichlet_a1.0,large_norm,c4_drift_aware
13,0.3747910857200622,1.9579100608825684,2.058683403998657,4,1,1,1,False,c4_drift_aware__dirichlet_a1.0__large_norm__seed44,44,dirichlet_a1.0,large_norm,c4_drift_aware
14,0.4246518313884735,1.856624245643616,2.119862886000192,4,1,1,1,False,c4_drift_aware__dirichlet_a1.0__large_norm__seed44,44,dirichlet_a1.0,large_norm,c4_drift_aware
15,0.4405292570590973,1.7684611082077026,2.030719145999683,4,1,1,1,False,c4_drift_aware__dirichlet_a1.0__large_norm__seed44,44,dirichlet_a1.0,large_norm,c4_drift_aware
16,0.4267409443855285,1.720570087432861,2.045663087999856,4,1,1,1,False,c4_drift_aware__dirichlet_a1.0__large_norm__seed44,44,dirichlet_a1.0,large_norm,c4_drift_aware
17,0.4323119819164276,1.6926623582839966,2.028994899001191,4,1,1,1,False,c4_drift_aware__dirichlet_a1.0__large_norm__seed44,44,dirichlet_a1.0,large_norm,c4_drift_aware
18,0.4792479276657104,1.652938723564148,2.12251206899964,4,1,1,1,False,c4_drift_aware__dirichlet_a1.0__large_norm__seed44,44,dirichlet_a1.0,large_norm,c4_drift_aware
19,0.454317569732666,1.6526474952697754,2.085318408000603,4,1,1,1,False,c4_drift_aware__dirichlet_a1.0__large_norm__seed44,44,dirichlet_a1.0,large_norm,c4_drift_aware
20,0.4405292570590973,1.6153326034545898,2.084217658999478,4,1,1,1,False,c4_drift_aware__dirichlet_a1.0__large_norm__seed44,44,dirichlet_a1.0,large_norm,c4_drift_aware
21,0.4433147609233856,1.5789778232574463,2.073718124000152,4,1,1,1,False,c4_drift_aware__dirichlet_a1.0__large_norm__seed44,44,dirichlet_a1.0,large_norm,c4_drift_aware
22,0.4433147609233856,1.5597269535064695,2.168848417000845,4,1,1,1,False,c4_drift_aware__dirichlet_a1.0__large_norm__seed44,44,dirichlet_a1.0,large_norm,c4_drift_aware
23,0.4175487458705902,1.5663994550704956,2.0308811759987293,4,1,1,1,False,c4_drift_aware__dirichlet_a1.0__large_norm__seed44,44,dirichlet_a1.0,large_norm,c4_drift_aware
24,0.3894150555133819,1.611339807510376,2.057703538999704,4,1,1,1,False,c4_drift_aware__dirichlet_a1.0__large_norm__seed44,44,dirichlet_a1.0,large_norm,c4_drift_aware
0,0.0837047398090362,2.190096139907837,2.116006116999415,5,0,1,0,False,c4_drift_aware__dirichlet_a1.0__directional_poisoning__seed44,44,dirichlet_a1.0,directional_poisoning,c4_drift_aware
1,0.2033426165580749,2.180367946624756,2.0648117050004657,5,0,1,0,False,c4_drift_aware__dirichlet_a1.0__directional_poisoning__seed44,44,dirichlet_a1.0,directional_poisoning,c4_drift_aware
2,0.2685236930847168,2.176657199859619,2.0983790310001496,5,0,1,0,False,c4_drift_aware__dirichlet_a1.0__directional_poisoning__seed44,44,dirichlet_a1.0,directional_poisoning,c4_drift_aware
3,0.1935933232307434,2.1655099391937256,2.1039234649997525,5,0,1,0,False,c4_drift_aware__dirichlet_a1.0__directional_poisoning__seed44,44,dirichlet_a1.0,directional_poisoning,c4_drift_aware
4,0.1863509863615036,2.163271188735962,2.138965833999464,5,0,1,0,False,c4_drift_aware__dirichlet_a1.0__directional_poisoning__seed44,44,dirichlet_a1.0,directional_poisoning,c4_drift_aware
5,0.1863509863615036,2.1591763496398926,2.0851887150001858,5,0,1,0,False,c4_drift_aware__dirichlet_a1.0__directional_poisoning__seed44,44,dirichlet_a1.0,directional_poisoning,c4_drift_aware
6,0.2576601803302765,2.1527931690216064,2.1310537779991137,5,0,1,0,False,c4_drift_aware__dirichlet_a1.0__directional_poisoning__seed44,44,dirichlet_a1.0,directional_poisoning,c4_drift_aware
7,0.2605849504470825,2.1394805908203125,2.086708984001234,5,0,1,0,False,c4_drift_aware__dirichlet_a1.0__directional_poisoning__seed44,44,dirichlet_a1.0,directional_poisoning,c4_drift_aware
8,0.2654596269130707,2.1368725299835205,2.069060854000781,5,0,1,0,False,c4_drift_aware__dirichlet_a1.0__directional_poisoning__seed44,44,dirichlet_a1.0,directional_poisoning,c4_drift_aware
9,0.3118384480476379,2.123321533203125,2.1524181599997974,5,0,1,0,False,c4_drift_aware__dirichlet_a1.0__directional_poisoning__seed44,44,dirichlet_a1.0,directional_poisoning,c4_drift_aware
10,0.2551532089710235,2.0829031467437744,2.094723549000264,5,0,1,1,False,c4_drift_aware__dirichlet_a1.0__directional_poisoning__seed44,44,dirichlet_a1.0,directional_poisoning,c4_drift_aware
11,0.2742339968681335,2.0399672985076904,2.083084506000887,4,1,1,1,False,c4_drift_aware__dirichlet_a1.0__directional_poisoning__seed44,44,dirichlet_a1.0,directional_poisoning,c4_drift_aware
12,0.2757660150527954,1.983234524726868,2.0863090490001923,4,1,1,1,False,c4_drift_aware__dirichlet_a1.0__directional_poisoning__seed44,44,dirichlet_a1.0,directional_poisoning,c4_drift_aware
13,0.3224233984947204,1.8981072902679443,2.063619758000641,4,1,1,1,False,c4_drift_aware__dirichlet_a1.0__directional_poisoning__seed44,44,dirichlet_a1.0,directional_poisoning,c4_drift_aware
14,0.4071030616760254,1.831303596496582,1.8821362689996024,4,1,1,1,False,c4_drift_aware__dirichlet_a1.0__directional_poisoning__seed44,44,dirichlet_a1.0,directional_poisoning,c4_drift_aware
15,0.4044568240642547,1.779491662979126,2.045243633001519,4,1,1,1,False,c4_drift_aware__dirichlet_a1.0__directional_poisoning__seed44,44,dirichlet_a1.0,directional_poisoning,c4_drift_aware
16,0.3746518194675445,1.7730677127838137,2.159363521001069,4,1,1,1,False,c4_drift_aware__dirichlet_a1.0__directional_poisoning__seed44,44,dirichlet_a1.0,directional_poisoning,c4_drift_aware
17,0.395821750164032,1.7619174718856812,2.0862413960003323,5,0,1,1,False,c4_drift_aware__dirichlet_a1.0__directional_poisoning__seed44,44,dirichlet_a1.0,directional_poisoning,c4_drift_aware
18,0.4196378886699676,1.687044382095337,2.107760109998708,4,1,1,1,False,c4_drift_aware__dirichlet_a1.0__directional_poisoning__seed44,44,dirichlet_a1.0,directional_poisoning,c4_drift_aware
19,0.4129526615142822,1.6498425006866455,2.0310565609997866,4,1,1,1,False,c4_drift_aware__dirichlet_a1.0__directional_poisoning__seed44,44,dirichlet_a1.0,directional_poisoning,c4_drift_aware
20,0.4270195066928863,1.651964545249939,2.135550659000728,4,1,1,1,False,c4_drift_aware__dirichlet_a1.0__directional_poisoning__seed44,44,dirichlet_a1.0,directional_poisoning,c4_drift_aware
21,0.458077996969223,1.6124120950698853,1.8477333289993112,4,1,1,1,False,c4_drift_aware__dirichlet_a1.0__directional_poisoning__seed44,44,dirichlet_a1.0,directional_poisoning,c4_drift_aware
22,0.3930362164974212,1.620659589767456,2.0414570169996296,4,1,1,1,False,c4_drift_aware__dirichlet_a1.0__directional_poisoning__seed44,44,dirichlet_a1.0,directional_poisoning,c4_drift_aware
23,0.4268802404403686,1.5658572912216189,2.083656427999813,4,1,1,1,False,c4_drift_aware__dirichlet_a1.0__directional_poisoning__seed44,44,dirichlet_a1.0,directional_poisoning,c4_drift_aware
24,0.4391365051269531,1.5479217767715454,2.074237451999579,4,1,1,1,False,c4_drift_aware__dirichlet_a1.0__directional_poisoning__seed44,44,dirichlet_a1.0,directional_poisoning,c4_drift_aware
0,0.0838440135121345,2.190089702606201,2.1005921400010266,5,0,1,0,False,c4_drift_aware__dirichlet_a1.0__sparse_coordinate_attack__seed44,44,dirichlet_a1.0,sparse_coordinate_attack,c4_drift_aware
1,0.2004178315401077,2.180419683456421,2.106585831999837,5,0,1,0,False,c4_drift_aware__dirichlet_a1.0__sparse_coordinate_attack__seed44,44,dirichlet_a1.0,sparse_coordinate_attack,c4_drift_aware
2,0.2681058645248413,2.176680088043213,2.095124182998916,5,0,1,0,False,c4_drift_aware__dirichlet_a1.0__sparse_coordinate_attack__seed44,44,dirichlet_a1.0,sparse_coordinate_attack,c4_drift_aware
3,0.1944289803504943,2.1656291484832764,1.8618365759994049,5,0,1,0,False,c4_drift_aware__dirichlet_a1.0__sparse_coordinate_attack__seed44,44,dirichlet_a1.0,sparse_coordinate_attack,c4_drift_aware
4,0.1863509863615036,2.1632275581359863,1.9248951280005715,5,0,1,0,False,c4_drift_aware__dirichlet_a1.0__sparse_coordinate_attack__seed44,44,dirichlet_a1.0,sparse_coordinate_attack,c4_drift_aware
5,0.1863509863615036,2.159165382385254,2.1049046730004197,5,0,1,0,False,c4_drift_aware__dirichlet_a1.0__sparse_coordinate_attack__seed44,44,dirichlet_a1.0,sparse_coordinate_attack,c4_drift_aware
6,0.2575208842754364,2.1528332233428955,2.139693107001221,5,0,1,0,False,c4_drift_aware__dirichlet_a1.0__sparse_coordinate_attack__seed44,44,dirichlet_a1.0,sparse_coordinate_attack,c4_drift_aware
7,0.2590529322624206,2.139459609985352,2.1210588789999747,5,0,1,0,False,c4_drift_aware__dirichlet_a1.0__sparse_coordinate_attack__seed44,44,dirichlet_a1.0,sparse_coordinate_attack,c4_drift_aware
8,0.2654596269130707,2.1368370056152344,2.065099098999781,5,0,1,0,False,c4_drift_aware__dirichlet_a1.0__sparse_coordinate_attack__seed44,44,dirichlet_a1.0,sparse_coordinate_attack,c4_drift_aware
9,0.3133704960346222,2.1233348846435547,2.100436376000289,5,0,1,0,False,c4_drift_aware__dirichlet_a1.0__sparse_coordinate_attack__seed44,44,dirichlet_a1.0,sparse_coordinate_attack,c4_drift_aware
10,0.2577994465827942,2.0697691440582275,2.1017003710003337,4,1,1,1,False,c4_drift_aware__dirichlet_a1.0__sparse_coordinate_attack__seed44,44,dirichlet_a1.0,sparse_coordinate_attack,c4_drift_aware
11,0.2614206075668335,2.028613805770874,2.098136312999486,4,1,1,1,False,c4_drift_aware__dirichlet_a1.0__sparse_coordinate_attack__seed44,44,dirichlet_a1.0,sparse_coordinate_attack,c4_drift_aware
12,0.3188022375106811,1.9674042463302608,2.1598222210013773,4,1,1,1,False,c4_drift_aware__dirichlet_a1.0__sparse_coordinate_attack__seed44,44,dirichlet_a1.0,sparse_coordinate_attack,c4_drift_aware
13,0.4090529382228851,1.9182380437850952,2.0791427019994444,4,1,1,1,False,c4_drift_aware__dirichlet_a1.0__sparse_coordinate_attack__seed44,44,dirichlet_a1.0,sparse_coordinate_attack,c4_drift_aware
14,0.3973537683486938,1.8246697187423704,2.068330228999912,4,1,1,1,False,c4_drift_aware__dirichlet_a1.0__sparse_coordinate_attack__seed44,44,dirichlet_a1.0,sparse_coordinate_attack,c4_drift_aware
15,0.4465181231498718,1.7604752779006958,2.075621844000125,4,1,1,1,False,c4_drift_aware__dirichlet_a1.0__sparse_coordinate_attack__seed44,44,dirichlet_a1.0,sparse_coordinate_attack,c4_drift_aware
16,0.4647632539272308,1.7156909704208374,2.137831718999223,4,1,1,1,False,c4_drift_aware__dirichlet_a1.0__sparse_coordinate_attack__seed44,44,dirichlet_a1.0,sparse_coordinate_attack,c4_drift_aware
17,0.4079387187957763,1.6911544799804688,2.1091337540001405,4,1,1,1,False,c4_drift_aware__dirichlet_a1.0__sparse_coordinate_attack__seed44,44,dirichlet_a1.0,sparse_coordinate_attack,c4_drift_aware
18,0.3373259007930755,1.7811235189437866,2.0797266680001485,4,1,1,1,False,c4_drift_aware__dirichlet_a1.0__sparse_coordinate_attack__seed44,44,dirichlet_a1.0,sparse_coordinate_attack,c4_drift_aware
19,0.4518105983734131,1.6347025632858276,2.103211186000408,4,1,1,1,False,c4_drift_aware__dirichlet_a1.0__sparse_coordinate_attack__seed44,44,dirichlet_a1.0,sparse_coordinate_attack,c4_drift_aware
20,0.4061281383037567,1.6398860216140747,2.1484515910015034,4,1,1,1,False,c4_drift_aware__dirichlet_a1.0__sparse_coordinate_attack__seed44,44,dirichlet_a1.0,sparse_coordinate_attack,c4_drift_aware
21,0.4222841262817383,1.6010617017745972,2.122833505000017,4,1,1,1,False,c4_drift_aware__dirichlet_a1.0__sparse_coordinate_attack__seed44,44,dirichlet_a1.0,sparse_coordinate_attack,c4_drift_aware
22,0.4396935999393463,1.594018816947937,2.133802913000181,4,1,1,1,False,c4_drift_aware__dirichlet_a1.0__sparse_coordinate_attack__seed44,44,dirichlet_a1.0,sparse_coordinate_attack,c4_drift_aware
23,0.4376044571399688,1.5450022220611572,2.1107303480002884,4,1,1,1,False,c4_drift_aware__dirichlet_a1.0__sparse_coordinate_attack__seed44,44,dirichlet_a1.0,sparse_coordinate_attack,c4_drift_aware
24,0.4211699366569519,1.5536314249038696,2.069311272998675,4,1,1,1,False,c4_drift_aware__dirichlet_a1.0__sparse_coordinate_attack__seed44,44,dirichlet_a1.0,sparse_coordinate_attack,c4_drift_aware
0,0.0597493052482605,2.214182615280152,2.21525248800026,5,0,1,0,False,c4_drift_aware__dirichlet_a0.5__no_attack__seed42,42,dirichlet_a0.5,no_attack,c4_drift_aware
1,0.1193593367934227,2.2250096797943115,2.0988275590007106,5,0,1,0,False,c4_drift_aware__dirichlet_a0.5__no_attack__seed42,42,dirichlet_a0.5,no_attack,c4_drift_aware
2,0.0824512541294097,2.264688491821289,2.1110265299994357,5,0,1,0,False,c4_drift_aware__dirichlet_a0.5__no_attack__seed42,42,dirichlet_a0.5,no_attack,c4_drift_aware
3,0.0824512541294097,2.2658727169036865,2.114292252999803,5,0,1,0,False,c4_drift_aware__dirichlet_a0.5__no_attack__seed42,42,dirichlet_a0.5,no_attack,c4_drift_aware
4,0.0824512541294097,2.262089967727661,2.123948503000065,5,0,1,0,False,c4_drift_aware__dirichlet_a0.5__no_attack__seed42,42,dirichlet_a0.5,no_attack,c4_drift_aware
5,0.0824512541294097,2.2664599418640137,2.1474039549993904,5,0,1,0,False,c4_drift_aware__dirichlet_a0.5__no_attack__seed42,42,dirichlet_a0.5,no_attack,c4_drift_aware
6,0.0824512541294097,2.252730369567871,2.078968681000333,5,0,1,0,False,c4_drift_aware__dirichlet_a0.5__no_attack__seed42,42,dirichlet_a0.5,no_attack,c4_drift_aware
7,0.0824512541294097,2.2331655025482178,2.052240252998672,5,0,1,0,False,c4_drift_aware__dirichlet_a0.5__no_attack__seed42,42,dirichlet_a0.5,no_attack,c4_drift_aware
8,0.0827298089861869,2.230225086212158,2.093762198999684,5,0,1,0,False,c4_drift_aware__dirichlet_a0.5__no_attack__seed42,42,dirichlet_a0.5,no_attack,c4_drift_aware
9,0.0827298089861869,2.233198642730713,2.0752380869998888,5,0,1,0,False,c4_drift_aware__dirichlet_a0.5__no_attack__seed42,42,dirichlet_a0.5,no_attack,c4_drift_aware
10,0.0824512541294097,2.218010663986206,2.0619762779988378,5,0,1,1,False,c4_drift_aware__dirichlet_a0.5__no_attack__seed42,42,dirichlet_a0.5,no_attack,c4_drift_aware
11,0.0824512541294097,2.238137006759644,2.1085946429993783,5,0,1,1,False,c4_drift_aware__dirichlet_a0.5__no_attack__seed42,42,dirichlet_a0.5,no_attack,c4_drift_aware
12,0.0839832872152328,2.2214815616607666,2.0942054760016617,5,0,1,1,False,c4_drift_aware__dirichlet_a0.5__no_attack__seed42,42,dirichlet_a0.5,no_attack,c4_drift_aware
13,0.1509749293327331,2.1846923828125,2.1713193529994896,5,0,1,1,False,c4_drift_aware__dirichlet_a0.5__no_attack__seed42,42,dirichlet_a0.5,no_attack,c4_drift_aware
14,0.2619777321815491,2.137629508972168,2.087518499998623,5,0,1,1,False,c4_drift_aware__dirichlet_a0.5__no_attack__seed42,42,dirichlet_a0.5,no_attack,c4_drift_aware
15,0.2667131125926971,2.11307144165039,1.876166767999166,5,0,1,1,False,c4_drift_aware__dirichlet_a0.5__no_attack__seed42,42,dirichlet_a0.5,no_attack,c4_drift_aware
16,0.2710306346416473,2.035828113555908,2.0630885219998163,5,0,1,1,False,c4_drift_aware__dirichlet_a0.5__no_attack__seed42,42,dirichlet_a0.5,no_attack,c4_drift_aware
17,0.1513927578926086,2.1413729190826416,2.1222258109992254,5,0,1,1,False,c4_drift_aware__dirichlet_a0.5__no_attack__seed42,42,dirichlet_a0.5,no_attack,c4_drift_aware
18,0.2830083668231964,2.0176680088043213,2.0488573319998977,5,0,1,1,False,c4_drift_aware__dirichlet_a0.5__no_attack__seed42,42,dirichlet_a0.5,no_attack,c4_drift_aware
19,0.2888579368591308,1.8690835237503047,2.0657241150001937,5,0,1,1,False,c4_drift_aware__dirichlet_a0.5__no_attack__seed42,42,dirichlet_a0.5,no_attack,c4_drift_aware
20,0.2871866226196289,1.850049376487732,2.1971831579994614,5,0,1,1,False,c4_drift_aware__dirichlet_a0.5__no_attack__seed42,42,dirichlet_a0.5,no_attack,c4_drift_aware
21,0.2701950073242187,1.8244719505310056,2.181620501998623,5,0,1,1,False,c4_drift_aware__dirichlet_a0.5__no_attack__seed42,42,dirichlet_a0.5,no_attack,c4_drift_aware
22,0.26908078789711,1.752106547355652,2.112469321999015,5,0,1,1,False,c4_drift_aware__dirichlet_a0.5__no_attack__seed42,42,dirichlet_a0.5,no_attack,c4_drift_aware
23,0.2895543277263641,1.733519434928894,2.2553751390005345,5,0,1,1,False,c4_drift_aware__dirichlet_a0.5__no_attack__seed42,42,dirichlet_a0.5,no_attack,c4_drift_aware
24,0.2701950073242187,1.7492538690567017,2.1168051550012024,5,0,1,1,False,c4_drift_aware__dirichlet_a0.5__no_attack__seed42,42,dirichlet_a0.5,no_attack,c4_drift_aware
0,0.0597493052482605,2.214185237884521,2.030648038000436,5,0,1,0,False,c4_drift_aware__dirichlet_a0.5__large_norm__seed42,42,dirichlet_a0.5,large_norm,c4_drift_aware
1,0.1179665774106979,2.225072860717773,1.8532773910010287,5,0,1,0,False,c4_drift_aware__dirichlet_a0.5__large_norm__seed42,42,dirichlet_a0.5,large_norm,c4_drift_aware
2,0.0824512541294097,2.264718532562256,2.166630964999058,5,0,1,0,False,c4_drift_aware__dirichlet_a0.5__large_norm__seed42,42,dirichlet_a0.5,large_norm,c4_drift_aware
3,0.0824512541294097,2.266491413116455,2.0837276359998214,5,0,1,0,False,c4_drift_aware__dirichlet_a0.5__large_norm__seed42,42,dirichlet_a0.5,large_norm,c4_drift_aware
4,0.0824512541294097,2.262422800064087,2.131452757999796,5,0,1,0,False,c4_drift_aware__dirichlet_a0.5__large_norm__seed42,42,dirichlet_a0.5,large_norm,c4_drift_aware
5,0.0824512541294097,2.2657837867736816,2.1054792890008684,5,0,1,0,False,c4_drift_aware__dirichlet_a0.5__large_norm__seed42,42,dirichlet_a0.5,large_norm,c4_drift_aware
6,0.0824512541294097,2.25229811668396,2.112852001000647,5,0,1,0,False,c4_drift_aware__dirichlet_a0.5__large_norm__seed42,42,dirichlet_a0.5,large_norm,c4_drift_aware
7,0.0824512541294097,2.2325804233551025,2.0607026729994686,5,0,1,0,False,c4_drift_aware__dirichlet_a0.5__large_norm__seed42,42,dirichlet_a0.5,large_norm,c4_drift_aware
8,0.0830083563923835,2.230081558227539,2.0661746059995494,5,0,1,0,False,c4_drift_aware__dirichlet_a0.5__large_norm__seed42,42,dirichlet_a0.5,large_norm,c4_drift_aware
9,0.082590527832508,2.233100891113281,2.075171896998654,5,0,1,0,False,c4_drift_aware__dirichlet_a0.5__large_norm__seed42,42,dirichlet_a0.5,large_norm,c4_drift_aware
10,0.1635097563266754,2.2477774620056152,2.0261897170003067,4,1,1,1,False,c4_drift_aware__dirichlet_a0.5__large_norm__seed42,42,dirichlet_a0.5,large_norm,c4_drift_aware
11,0.0908078029751777,2.2475240230560303,2.1475975470002595,3,2,1,1,False,c4_drift_aware__dirichlet_a0.5__large_norm__seed42,42,dirichlet_a0.5,large_norm,c4_drift_aware
12,0.1032033488154411,2.534184217453003,2.090421476001211,3,2,1,1,False,c4_drift_aware__dirichlet_a0.5__large_norm__seed42,42,dirichlet_a0.5,large_norm,c4_drift_aware
13,0.1690807789564132,2.210524797439575,2.115908980998938,4,1,1,1,False,c4_drift_aware__dirichlet_a0.5__large_norm__seed42,42,dirichlet_a0.5,large_norm,c4_drift_aware
14,0.1785515397787094,2.199362277984619,2.077977089000342,4,1,1,1,False,c4_drift_aware__dirichlet_a0.5__large_norm__seed42,42,dirichlet_a0.5,large_norm,c4_drift_aware
15,0.2097493112087249,2.1858274936676025,2.1193858530004945,4,1,1,1,False,c4_drift_aware__dirichlet_a0.5__large_norm__seed42,42,dirichlet_a0.5,large_norm,c4_drift_aware
16,0.0927576646208763,2.175375461578369,2.115599451000889,3,2,1,1,False,c4_drift_aware__dirichlet_a0.5__large_norm__seed42,42,dirichlet_a0.5,large_norm,c4_drift_aware
17,0.276323139667511,2.075392723083496,2.080299655001,4,1,1,1,False,c4_drift_aware__dirichlet_a0.5__large_norm__seed42,42,dirichlet_a0.5,large_norm,c4_drift_aware
18,0.1179665774106979,2.293390274047852,2.0822320300012507,2,3,1,1,False,c4_drift_aware__dirichlet_a0.5__large_norm__seed42,42,dirichlet_a0.5,large_norm,c4_drift_aware
19,0.3271587789058685,2.07678484916687,2.122681023000041,3,2,1,1,False,c4_drift_aware__dirichlet_a0.5__large_norm__seed42,42,dirichlet_a0.5,large_norm,c4_drift_aware
20,0.3317548930644989,1.987869143486023,2.047138582998741,4,1,1,1,False,c4_drift_aware__dirichlet_a0.5__large_norm__seed42,42,dirichlet_a0.5,large_norm,c4_drift_aware
21,0.365738183259964,1.84281861782074,2.072812596001313,4,1,1,1,False,c4_drift_aware__dirichlet_a0.5__large_norm__seed42,42,dirichlet_a0.5,large_norm,c4_drift_aware
22,0.3477715849876404,1.8573637008666992,2.044541999999637,4,1,1,1,False,c4_drift_aware__dirichlet_a0.5__large_norm__seed42,42,dirichlet_a0.5,large_norm,c4_drift_aware
23,0.3476323187351227,1.779123306274414,2.0646755329999,4,1,1,1,False,c4_drift_aware__dirichlet_a0.5__large_norm__seed42,42,dirichlet_a0.5,large_norm,c4_drift_aware
24,0.3488858044147491,1.7524250745773315,2.099658288001592,4,1,1,1,False,c4_drift_aware__dirichlet_a0.5__large_norm__seed42,42,dirichlet_a0.5,large_norm,c4_drift_aware
0,0.0597493052482605,2.214182138442993,2.095046194999668,5,0,1,0,False,c4_drift_aware__dirichlet_a0.5__directional_poisoning__seed42,42,dirichlet_a0.5,directional_poisoning,c4_drift_aware
1,0.1178273037075996,2.225013256072998,2.110032089000015,5,0,1,0,False,c4_drift_aware__dirichlet_a0.5__directional_poisoning__seed42,42,dirichlet_a0.5,directional_poisoning,c4_drift_aware
2,0.0824512541294097,2.263999462127685,2.1355648819990165,5,0,1,0,False,c4_drift_aware__dirichlet_a0.5__directional_poisoning__seed42,42,dirichlet_a0.5,directional_poisoning,c4_drift_aware
3,0.0824512541294097,2.265794277191162,2.105663628000912,5,0,1,0,False,c4_drift_aware__dirichlet_a0.5__directional_poisoning__seed42,42,dirichlet_a0.5,directional_poisoning,c4_drift_aware
4,0.0824512541294097,2.2620184421539307,2.0960304109994468,5,0,1,0,False,c4_drift_aware__dirichlet_a0.5__directional_poisoning__seed42,42,dirichlet_a0.5,directional_poisoning,c4_drift_aware
5,0.0824512541294097,2.26540207862854,2.139931624999008,5,0,1,0,False,c4_drift_aware__dirichlet_a0.5__directional_poisoning__seed42,42,dirichlet_a0.5,directional_poisoning,c4_drift_aware
6,0.0824512541294097,2.2522823810577397,2.05652912000005,5,0,1,0,False,c4_drift_aware__dirichlet_a0.5__directional_poisoning__seed42,42,dirichlet_a0.5,directional_poisoning,c4_drift_aware
7,0.0824512541294097,2.233204126358032,2.0704628729999968,5,0,1,0,False,c4_drift_aware__dirichlet_a0.5__directional_poisoning__seed42,42,dirichlet_a0.5,directional_poisoning,c4_drift_aware
8,0.082590527832508,2.2303383350372314,2.062392105000981,5,0,1,0,False,c4_drift_aware__dirichlet_a0.5__directional_poisoning__seed42,42,dirichlet_a0.5,directional_poisoning,c4_drift_aware
9,0.082590527832508,2.233228206634521,2.133029845999772,5,0,1,0,False,c4_drift_aware__dirichlet_a0.5__directional_poisoning__seed42,42,dirichlet_a0.5,directional_poisoning,c4_drift_aware
10,0.1717270165681839,2.2876534461975098,2.037852354000279,5,0,1,1,False,c4_drift_aware__dirichlet_a0.5__directional_poisoning__seed42,42,dirichlet_a0.5,directional_poisoning,c4_drift_aware
11,0.1615598946809768,2.242361545562744,2.0995780649991502,4,1,1,1,False,c4_drift_aware__dirichlet_a0.5__directional_poisoning__seed42,42,dirichlet_a0.5,directional_poisoning,c4_drift_aware
12,0.1676880270242691,2.2344024181365967,2.0975654370013217,4,1,1,1,False,c4_drift_aware__dirichlet_a0.5__directional_poisoning__seed42,42,dirichlet_a0.5,directional_poisoning,c4_drift_aware
13,0.1660167127847671,2.2197628021240234,2.069157592999545,4,1,1,1,False,c4_drift_aware__dirichlet_a0.5__directional_poisoning__seed42,42,dirichlet_a0.5,directional_poisoning,c4_drift_aware
14,0.1713092029094696,2.187649965286255,2.111483253000188,4,1,1,1,False,c4_drift_aware__dirichlet_a0.5__directional_poisoning__seed42,42,dirichlet_a0.5,directional_poisoning,c4_drift_aware
15,0.1711699217557907,2.1968588829040527,2.0608585170011797,4,1,1,1,False,c4_drift_aware__dirichlet_a0.5__directional_poisoning__seed42,42,dirichlet_a0.5,directional_poisoning,c4_drift_aware
16,0.1686629503965377,2.143748044967652,1.886106879999716,4,1,1,1,False,c4_drift_aware__dirichlet_a0.5__directional_poisoning__seed42,42,dirichlet_a0.5,directional_poisoning,c4_drift_aware
17,0.182033434510231,2.2289931774139404,2.082839921999039,4,1,1,1,False,c4_drift_aware__dirichlet_a0.5__directional_poisoning__seed42,42,dirichlet_a0.5,directional_poisoning,c4_drift_aware
18,0.1428969353437423,2.167277336120605,2.1086366289982834,4,1,1,1,False,c4_drift_aware__dirichlet_a0.5__directional_poisoning__seed42,42,dirichlet_a0.5,directional_poisoning,c4_drift_aware
19,0.2073816210031509,2.0914056301116943,2.0935447749998275,4,1,1,1,False,c4_drift_aware__dirichlet_a0.5__directional_poisoning__seed42,42,dirichlet_a0.5,directional_poisoning,c4_drift_aware
20,0.3366295397281647,1.9731345176696775,1.9499061400001665,4,1,1,1,False,c4_drift_aware__dirichlet_a0.5__directional_poisoning__seed42,42,dirichlet_a0.5,directional_poisoning,c4_drift_aware
21,0.1848189532756805,2.033556699752808,2.038784168000348,4,1,1,1,False,c4_drift_aware__dirichlet_a0.5__directional_poisoning__seed42,42,dirichlet_a0.5,directional_poisoning,c4_drift_aware
22,0.3484679758548736,1.8937530517578125,2.078333563000342,4,1,1,1,False,c4_drift_aware__dirichlet_a0.5__directional_poisoning__seed42,42,dirichlet_a0.5,directional_poisoning,c4_drift_aware
23,0.3502785563468933,1.815305233001709,2.091219529000228,4,1,1,1,False,c4_drift_aware__dirichlet_a0.5__directional_poisoning__seed42,42,dirichlet_a0.5,directional_poisoning,c4_drift_aware
24,0.3476323187351227,1.8411576747894287,2.077247258999705,4,1,1,1,False,c4_drift_aware__dirichlet_a0.5__directional_poisoning__seed42,42,dirichlet_a0.5,directional_poisoning,c4_drift_aware
0,0.0597493052482605,2.214182615280152,2.0328744529997493,5,0,1,0,False,c4_drift_aware__dirichlet_a0.5__sparse_coordinate_attack__seed42,42,dirichlet_a0.5,sparse_coordinate_attack,c4_drift_aware
1,0.1172702014446258,2.225058317184448,2.183316955000919,5,0,1,0,False,c4_drift_aware__dirichlet_a0.5__sparse_coordinate_attack__seed42,42,dirichlet_a0.5,sparse_coordinate_attack,c4_drift_aware
2,0.0824512541294097,2.264803647994995,2.17661111400048,5,0,1,0,False,c4_drift_aware__dirichlet_a0.5__sparse_coordinate_attack__seed42,42,dirichlet_a0.5,sparse_coordinate_attack,c4_drift_aware
3,0.0824512541294097,2.266565322875977,2.095941331001086,5,0,1,0,False,c4_drift_aware__dirichlet_a0.5__sparse_coordinate_attack__seed42,42,dirichlet_a0.5,sparse_coordinate_attack,c4_drift_aware
4,0.0824512541294097,2.262558460235596,2.082206477,5,0,1,0,False,c4_drift_aware__dirichlet_a0.5__sparse_coordinate_attack__seed42,42,dirichlet_a0.5,sparse_coordinate_attack,c4_drift_aware
5,0.0824512541294097,2.266261339187622,2.012717812000119,5,0,1,0,False,c4_drift_aware__dirichlet_a0.5__sparse_coordinate_attack__seed42,42,dirichlet_a0.5,sparse_coordinate_attack,c4_drift_aware
6,0.0824512541294097,2.2527968883514404,2.051368348000324,5,0,1,0,False,c4_drift_aware__dirichlet_a0.5__sparse_coordinate_attack__seed42,42,dirichlet_a0.5,sparse_coordinate_attack,c4_drift_aware
7,0.0824512541294097,2.2343685626983643,2.084559403001549,5,0,1,0,False,c4_drift_aware__dirichlet_a0.5__sparse_coordinate_attack__seed42,42,dirichlet_a0.5,sparse_coordinate_attack,c4_drift_aware
8,0.082590527832508,2.2308645248413086,2.104604816000574,5,0,1,0,False,c4_drift_aware__dirichlet_a0.5__sparse_coordinate_attack__seed42,42,dirichlet_a0.5,sparse_coordinate_attack,c4_drift_aware
9,0.082590527832508,2.2341904640197754,2.076567750000322,5,0,1,0,False,c4_drift_aware__dirichlet_a0.5__sparse_coordinate_attack__seed42,42,dirichlet_a0.5,sparse_coordinate_attack,c4_drift_aware
10,0.1668523699045181,2.250934600830078,2.2261108399998197,4,1,1,1,False,c4_drift_aware__dirichlet_a0.5__sparse_coordinate_attack__seed42,42,dirichlet_a0.5,sparse_coordinate_attack,c4_drift_aware
11,0.165320336818695,2.225320816040039,2.135762310001155,4,1,1,1,False,c4_drift_aware__dirichlet_a0.5__sparse_coordinate_attack__seed42,42,dirichlet_a0.5,sparse_coordinate_attack,c4_drift_aware
12,0.16211698949337,2.221893310546875,2.096217840000463,4,1,1,1,False,c4_drift_aware__dirichlet_a0.5__sparse_coordinate_attack__seed42,42,dirichlet_a0.5,sparse_coordinate_attack,c4_drift_aware
13,0.16211698949337,2.2268073558807373,2.08477043899984,4,1,1,1,False,c4_drift_aware__dirichlet_a0.5__sparse_coordinate_attack__seed42,42,dirichlet_a0.5,sparse_coordinate_attack,c4_drift_aware
14,0.1706128120422363,2.156824350357056,2.0867667900001834,4,1,1,1,False,c4_drift_aware__dirichlet_a0.5__sparse_coordinate_attack__seed42,42,dirichlet_a0.5,sparse_coordinate_attack,c4_drift_aware
15,0.1405292451381683,2.149840831756592,2.048451090000526,4,1,1,1,False,c4_drift_aware__dirichlet_a0.5__sparse_coordinate_attack__seed42,42,dirichlet_a0.5,sparse_coordinate_attack,c4_drift_aware
16,0.0916434526443481,2.143529891967773,2.115424609999536,4,1,1,1,False,c4_drift_aware__dirichlet_a0.5__sparse_coordinate_attack__seed42,42,dirichlet_a0.5,sparse_coordinate_attack,c4_drift_aware
17,0.1633704751729965,2.1559340953826904,2.108203407000474,4,1,1,1,False,c4_drift_aware__dirichlet_a0.5__sparse_coordinate_attack__seed42,42,dirichlet_a0.5,sparse_coordinate_attack,c4_drift_aware
18,0.152785524725914,2.110957622528076,2.107019261999085,4,1,1,1,False,c4_drift_aware__dirichlet_a0.5__sparse_coordinate_attack__seed42,42,dirichlet_a0.5,sparse_coordinate_attack,c4_drift_aware
19,0.1800835728645324,2.054098129272461,2.10487677799938,4,1,1,1,False,c4_drift_aware__dirichlet_a0.5__sparse_coordinate_attack__seed42,42,dirichlet_a0.5,sparse_coordinate_attack,c4_drift_aware
20,0.3738161623477936,1.9208896160125728,2.065315740999722,4,1,1,1,False,c4_drift_aware__dirichlet_a0.5__sparse_coordinate_attack__seed42,42,dirichlet_a0.5,sparse_coordinate_attack,c4_drift_aware
21,0.2743732631206512,1.991385817527771,2.184104148998813,4,1,1,1,False,c4_drift_aware__dirichlet_a0.5__sparse_coordinate_attack__seed42,42,dirichlet_a0.5,sparse_coordinate_attack,c4_drift_aware
22,0.3467966616153717,1.872952222824097,2.0796446170006675,4,1,1,1,False,c4_drift_aware__dirichlet_a0.5__sparse_coordinate_attack__seed42,42,dirichlet_a0.5,sparse_coordinate_attack,c4_drift_aware
23,0.3683844208717346,1.855539321899414,2.0964542959991377,4,1,1,1,False,c4_drift_aware__dirichlet_a0.5__sparse_coordinate_attack__seed42,42,dirichlet_a0.5,sparse_coordinate_attack,c4_drift_aware
24,0.3605849742889404,1.7434757947921753,2.117748640001082,4,1,1,1,False,c4_drift_aware__dirichlet_a0.5__sparse_coordinate_attack__seed42,42,dirichlet_a0.5,sparse_coordinate_attack,c4_drift_aware
0,0.0824512541294097,2.203404903411865,2.095878072999767,5,0,1,0,False,c4_drift_aware__dirichlet_a0.5__no_attack__seed43,43,dirichlet_a0.5,no_attack,c4_drift_aware
1,0.0824512541294097,2.2502100467681885,2.0652529670005606,5,0,1,0,False,c4_drift_aware__dirichlet_a0.5__no_attack__seed43,43,dirichlet_a0.5,no_attack,c4_drift_aware
2,0.0824512541294097,2.2876906394958496,2.100888732000385,5,0,1,0,False,c4_drift_aware__dirichlet_a0.5__no_attack__seed43,43,dirichlet_a0.5,no_attack,c4_drift_aware
3,0.0824512541294097,2.2957091331481934,2.107351933000245,5,0,1,0,False,c4_drift_aware__dirichlet_a0.5__no_attack__seed43,43,dirichlet_a0.5,no_attack,c4_drift_aware
4,0.0824512541294097,2.33227014541626,2.0717539039997064,4,1,1,0,False,c4_drift_aware__dirichlet_a0.5__no_attack__seed43,43,dirichlet_a0.5,no_attack,c4_drift_aware
5,0.0824512541294097,2.371723175048828,2.0985942980005348,4,1,1,0,False,c4_drift_aware__dirichlet_a0.5__no_attack__seed43,43,dirichlet_a0.5,no_attack,c4_drift_aware
6,0.0824512541294097,2.350666284561157,2.213518544000181,4,1,1,0,False,c4_drift_aware__dirichlet_a0.5__no_attack__seed43,43,dirichlet_a0.5,no_attack,c4_drift_aware
7,0.0584958232939243,2.2956185340881348,2.1130781350002508,5,0,1,0,False,c4_drift_aware__dirichlet_a0.5__no_attack__seed43,43,dirichlet_a0.5,no_attack,c4_drift_aware
8,0.0824512541294097,2.3244733810424805,2.148351334000836,4,1,1,0,False,c4_drift_aware__dirichlet_a0.5__no_attack__seed43,43,dirichlet_a0.5,no_attack,c4_drift_aware
9,0.0981894209980964,2.2291975021362305,2.0814096859994606,5,0,1,0,False,c4_drift_aware__dirichlet_a0.5__no_attack__seed43,43,dirichlet_a0.5,no_attack,c4_drift_aware
10,0.0586351007223129,2.1861021518707275,2.07538630199997,5,0,1,1,False,c4_drift_aware__dirichlet_a0.5__no_attack__seed43,43,dirichlet_a0.5,no_attack,c4_drift_aware
11,0.0880222842097282,2.167586326599121,2.06266459499966,5,0,1,1,False,c4_drift_aware__dirichlet_a0.5__no_attack__seed43,43,dirichlet_a0.5,no_attack,c4_drift_aware
12,0.2338440120220184,2.087746381759644,2.1084694609999133,5,0,1,1,False,c4_drift_aware__dirichlet_a0.5__no_attack__seed43,43,dirichlet_a0.5,no_attack,c4_drift_aware
13,0.2520891427993774,2.0604231357574463,2.0727151740011323,5,0,1,1,False,c4_drift_aware__dirichlet_a0.5__no_attack__seed43,43,dirichlet_a0.5,no_attack,c4_drift_aware
14,0.2601671516895294,2.0143632888793945,2.03795240799991,5,0,1,1,False,c4_drift_aware__dirichlet_a0.5__no_attack__seed43,43,dirichlet_a0.5,no_attack,c4_drift_aware
15,0.2828691005706787,1.8980612754821775,2.0773105699990992,5,0,1,1,False,c4_drift_aware__dirichlet_a0.5__no_attack__seed43,43,dirichlet_a0.5,no_attack,c4_drift_aware
16,0.2961002886295318,1.8295016288757324,2.0715241940015403,5,0,1,1,False,c4_drift_aware__dirichlet_a0.5__no_attack__seed43,43,dirichlet_a0.5,no_attack,c4_drift_aware
17,0.2866295278072357,1.8413773775100708,2.094649672999367,5,0,1,1,False,c4_drift_aware__dirichlet_a0.5__no_attack__seed43,43,dirichlet_a0.5,no_attack,c4_drift_aware
18,0.3172701895236969,1.736878752708435,2.073221096999987,5,0,1,1,False,c4_drift_aware__dirichlet_a0.5__no_attack__seed43,43,dirichlet_a0.5,no_attack,c4_drift_aware
19,0.3181058466434479,1.695193886756897,2.062196791999668,5,0,1,1,False,c4_drift_aware__dirichlet_a0.5__no_attack__seed43,43,dirichlet_a0.5,no_attack,c4_drift_aware
20,0.3032033443450928,1.73639976978302,2.096573939999871,5,0,1,1,False,c4_drift_aware__dirichlet_a0.5__no_attack__seed43,43,dirichlet_a0.5,no_attack,c4_drift_aware
21,0.353064090013504,1.762846827507019,2.1528456490013923,5,0,1,1,False,c4_drift_aware__dirichlet_a0.5__no_attack__seed43,43,dirichlet_a0.5,no_attack,c4_drift_aware
22,0.3845404088497162,1.6490734815597534,2.064224501000353,5,0,1,1,False,c4_drift_aware__dirichlet_a0.5__no_attack__seed43,43,dirichlet_a0.5,no_attack,c4_drift_aware
23,0.3973537683486938,1.6401698589324951,2.098310303999824,5,0,1,1,False,c4_drift_aware__dirichlet_a0.5__no_attack__seed43,43,dirichlet_a0.5,no_attack,c4_drift_aware
24,0.3619777262210846,1.640388011932373,2.0824523319988657,5,0,1,1,False,c4_drift_aware__dirichlet_a0.5__no_attack__seed43,43,dirichlet_a0.5,no_attack,c4_drift_aware
0,0.0824512541294097,2.203401803970337,2.091796685999725,5,0,1,0,False,c4_drift_aware__dirichlet_a0.5__large_norm__seed43,43,dirichlet_a0.5,large_norm,c4_drift_aware
1,0.0824512541294097,2.250288248062134,2.178056302998812,5,0,1,0,False,c4_drift_aware__dirichlet_a0.5__large_norm__seed43,43,dirichlet_a0.5,large_norm,c4_drift_aware
2,0.0823119804263114,2.287139415740967,2.096753542999068,5,0,1,0,False,c4_drift_aware__dirichlet_a0.5__large_norm__seed43,43,dirichlet_a0.5,large_norm,c4_drift_aware
3,0.0824512541294097,2.295574903488159,2.072877320999396,5,0,1,0,False,c4_drift_aware__dirichlet_a0.5__large_norm__seed43,43,dirichlet_a0.5,large_norm,c4_drift_aware
4,0.0824512541294097,2.331606864929199,2.0767805199993745,4,1,1,0,False,c4_drift_aware__dirichlet_a0.5__large_norm__seed43,43,dirichlet_a0.5,large_norm,c4_drift_aware
5,0.0824512541294097,2.371504545211792,2.1013644710001245,4,1,1,0,False,c4_drift_aware__dirichlet_a0.5__large_norm__seed43,43,dirichlet_a0.5,large_norm,c4_drift_aware
6,0.0824512541294097,2.349695444107056,2.106697794000865,4,1,1,0,False,c4_drift_aware__dirichlet_a0.5__large_norm__seed43,43,dirichlet_a0.5,large_norm,c4_drift_aware
7,0.0586351007223129,2.295863151550293,2.1044322819998342,5,0,1,0,False,c4_drift_aware__dirichlet_a0.5__large_norm__seed43,43,dirichlet_a0.5,large_norm,c4_drift_aware
8,0.0824512541294097,2.324633836746216,2.174689020999722,4,1,1,0,False,c4_drift_aware__dirichlet_a0.5__large_norm__seed43,43,dirichlet_a0.5,large_norm,c4_drift_aware
9,0.0980501398444175,2.229198455810547,2.0591656819997297,5,0,1,0,False,c4_drift_aware__dirichlet_a0.5__large_norm__seed43,43,dirichlet_a0.5,large_norm,c4_drift_aware
10,0.1430362164974212,2.2688119411468506,2.009433254999749,4,1,1,1,False,c4_drift_aware__dirichlet_a0.5__large_norm__seed43,43,dirichlet_a0.5,large_norm,c4_drift_aware
11,0.2845403850078583,2.315548181533813,2.0413380959998904,3,2,1,1,False,c4_drift_aware__dirichlet_a0.5__large_norm__seed43,43,dirichlet_a0.5,large_norm,c4_drift_aware
12,0.2683843970298767,2.051952362060547,2.074477420999756,4,1,1,1,False,c4_drift_aware__dirichlet_a0.5__large_norm__seed43,43,dirichlet_a0.5,large_norm,c4_drift_aware
13,0.267409473657608,1.9766438007354736,2.1372911340004066,4,1,1,1,False,c4_drift_aware__dirichlet_a0.5__large_norm__seed43,43,dirichlet_a0.5,large_norm,c4_drift_aware
14,0.2685236930847168,1.9186663627624512,2.119600463000097,4,1,1,1,False,c4_drift_aware__dirichlet_a0.5__large_norm__seed43,43,dirichlet_a0.5,large_norm,c4_drift_aware
15,0.2672702074050903,1.9132665395736692,2.170432011998855,4,1,1,1,False,c4_drift_aware__dirichlet_a0.5__large_norm__seed43,43,dirichlet_a0.5,large_norm,c4_drift_aware
16,0.2810584902763366,1.8721626996994016,2.101057596000828,4,1,1,1,False,c4_drift_aware__dirichlet_a0.5__large_norm__seed43,43,dirichlet_a0.5,large_norm,c4_drift_aware
17,0.3057103157043457,1.8250879049301147,2.0880846820000443,4,1,1,1,False,c4_drift_aware__dirichlet_a0.5__large_norm__seed43,43,dirichlet_a0.5,large_norm,c4_drift_aware
18,0.3352367877960205,1.941361665725708,2.085212751999279,3,2,1,1,False,c4_drift_aware__dirichlet_a0.5__large_norm__seed43,43,dirichlet_a0.5,large_norm,c4_drift_aware
19,0.2965181171894073,1.8347340822219849,2.219725855000433,4,1,1,1,False,c4_drift_aware__dirichlet_a0.5__large_norm__seed43,43,dirichlet_a0.5,large_norm,c4_drift_aware
20,0.2977716028690338,1.806319117546081,2.135813734001204,4,1,1,1,False,c4_drift_aware__dirichlet_a0.5__large_norm__seed43,43,dirichlet_a0.5,large_norm,c4_drift_aware
21,0.3346796631813049,1.7944499254226685,2.1474731500002235,4,1,1,1,False,c4_drift_aware__dirichlet_a0.5__large_norm__seed43,43,dirichlet_a0.5,large_norm,c4_drift_aware
22,0.2955431938171386,1.80560040473938,2.078526821000196,4,1,1,1,False,c4_drift_aware__dirichlet_a0.5__large_norm__seed43,43,dirichlet_a0.5,large_norm,c4_drift_aware
23,0.308495819568634,1.9198126792907717,1.869443514999148,3,2,1,1,False,c4_drift_aware__dirichlet_a0.5__large_norm__seed43,43,dirichlet_a0.5,large_norm,c4_drift_aware
24,0.3426184058189392,1.7502681016921997,2.183614663001208,4,1,1,1,False,c4_drift_aware__dirichlet_a0.5__large_norm__seed43,43,dirichlet_a0.5,large_norm,c4_drift_aware
0,0.0824512541294097,2.2034032344818115,2.0651261179991707,5,0,1,0,False,c4_drift_aware__dirichlet_a0.5__directional_poisoning__seed43,43,dirichlet_a0.5,directional_poisoning,c4_drift_aware
1,0.0824512541294097,2.249448776245117,2.130378887000916,5,0,1,0,False,c4_drift_aware__dirichlet_a0.5__directional_poisoning__seed43,43,dirichlet_a0.5,directional_poisoning,c4_drift_aware
2,0.0824512541294097,2.287090539932251,2.158228907001103,5,0,1,0,False,c4_drift_aware__dirichlet_a0.5__directional_poisoning__seed43,43,dirichlet_a0.5,directional_poisoning,c4_drift_aware
3,0.0824512541294097,2.295758008956909,2.095638771999802,5,0,1,0,False,c4_drift_aware__dirichlet_a0.5__directional_poisoning__seed43,43,dirichlet_a0.5,directional_poisoning,c4_drift_aware
4,0.0824512541294097,2.3309459686279297,2.0979198820004967,4,1,1,0,False,c4_drift_aware__dirichlet_a0.5__directional_poisoning__seed43,43,dirichlet_a0.5,directional_poisoning,c4_drift_aware
5,0.0824512541294097,2.371279716491699,2.172964981000405,4,1,1,0,False,c4_drift_aware__dirichlet_a0.5__directional_poisoning__seed43,43,dirichlet_a0.5,directional_poisoning,c4_drift_aware
6,0.0824512541294097,2.3498401641845703,2.1008447320000414,4,1,1,0,False,c4_drift_aware__dirichlet_a0.5__directional_poisoning__seed43,43,dirichlet_a0.5,directional_poisoning,c4_drift_aware
7,0.0584958232939243,2.295438289642334,2.091762895001011,5,0,1,0,False,c4_drift_aware__dirichlet_a0.5__directional_poisoning__seed43,43,dirichlet_a0.5,directional_poisoning,c4_drift_aware
8,0.0824512541294097,2.3218023777008057,2.0754396419997647,4,1,1,0,False,c4_drift_aware__dirichlet_a0.5__directional_poisoning__seed43,43,dirichlet_a0.5,directional_poisoning,c4_drift_aware
9,0.098467968404293,2.2277028560638428,2.1000549790005607,5,0,1,0,False,c4_drift_aware__dirichlet_a0.5__directional_poisoning__seed43,43,dirichlet_a0.5,directional_poisoning,c4_drift_aware
10,0.2703342735767364,2.302325487136841,2.109280820001004,5,0,1,1,False,c4_drift_aware__dirichlet_a0.5__directional_poisoning__seed43,43,dirichlet_a0.5,directional_poisoning,c4_drift_aware
11,0.2466573864221573,2.2103466987609863,2.073248017999504,4,1,1,1,False,c4_drift_aware__dirichlet_a0.5__directional_poisoning__seed43,43,dirichlet_a0.5,directional_poisoning,c4_drift_aware
12,0.2647632360458374,2.1196560859680176,2.025453383999775,4,1,1,1,False,c4_drift_aware__dirichlet_a0.5__directional_poisoning__seed43,43,dirichlet_a0.5,directional_poisoning,c4_drift_aware
13,0.2672702074050903,2.185737609863281,2.095769098001256,5,0,1,1,False,c4_drift_aware__dirichlet_a0.5__directional_poisoning__seed43,43,dirichlet_a0.5,directional_poisoning,c4_drift_aware
14,0.2611420750617981,2.0757510662078857,2.117330007000419,4,1,1,1,False,c4_drift_aware__dirichlet_a0.5__directional_poisoning__seed43,43,dirichlet_a0.5,directional_poisoning,c4_drift_aware
15,0.2672702074050903,1.9425678253173828,2.0833627009997144,4,1,1,1,False,c4_drift_aware__dirichlet_a0.5__directional_poisoning__seed43,43,dirichlet_a0.5,directional_poisoning,c4_drift_aware
16,0.2752089202404022,1.8818836212158203,2.1002042910004093,4,1,1,1,False,c4_drift_aware__dirichlet_a0.5__directional_poisoning__seed43,43,dirichlet_a0.5,directional_poisoning,c4_drift_aware
17,0.2912256419658661,1.8988407850265503,2.078417532999083,4,1,1,1,False,c4_drift_aware__dirichlet_a0.5__directional_poisoning__seed43,43,dirichlet_a0.5,directional_poisoning,c4_drift_aware
18,0.2962395548820495,1.8403812646865845,2.050122705999456,4,1,1,1,False,c4_drift_aware__dirichlet_a0.5__directional_poisoning__seed43,43,dirichlet_a0.5,directional_poisoning,c4_drift_aware
19,0.3278551697731018,1.7871787548065186,2.0497804419992462,4,1,1,1,False,c4_drift_aware__dirichlet_a0.5__directional_poisoning__seed43,43,dirichlet_a0.5,directional_poisoning,c4_drift_aware
20,0.2816156148910522,1.9959602355957031,2.058993693000957,3,2,1,1,False,c4_drift_aware__dirichlet_a0.5__directional_poisoning__seed43,43,dirichlet_a0.5,directional_poisoning,c4_drift_aware
21,0.2845403850078583,1.8673049211502075,2.065005229000235,4,1,1,1,False,c4_drift_aware__dirichlet_a0.5__directional_poisoning__seed43,43,dirichlet_a0.5,directional_poisoning,c4_drift_aware
22,0.3344011306762695,1.7845643758773804,2.1112243749994377,4,1,1,1,False,c4_drift_aware__dirichlet_a0.5__directional_poisoning__seed43,43,dirichlet_a0.5,directional_poisoning,c4_drift_aware
23,0.3254874646663666,1.9125736951828003,2.0683381340004416,3,2,1,1,False,c4_drift_aware__dirichlet_a0.5__directional_poisoning__seed43,43,dirichlet_a0.5,directional_poisoning,c4_drift_aware
24,0.309331476688385,1.8139781951904297,2.078642877000675,4,1,1,1,False,c4_drift_aware__dirichlet_a0.5__directional_poisoning__seed43,43,dirichlet_a0.5,directional_poisoning,c4_drift_aware
0,0.0824512541294097,2.203406810760498,2.1477398699989863,5,0,1,0,False,c4_drift_aware__dirichlet_a0.5__sparse_coordinate_attack__seed43,43,dirichlet_a0.5,sparse_coordinate_attack,c4_drift_aware
1,0.0824512541294097,2.249529361724853,2.0966801419999683,5,0,1,0,False,c4_drift_aware__dirichlet_a0.5__sparse_coordinate_attack__seed43,43,dirichlet_a0.5,sparse_coordinate_attack,c4_drift_aware
2,0.0824512541294097,2.287437915802002,2.1381000060009683,5,0,1,0,False,c4_drift_aware__dirichlet_a0.5__sparse_coordinate_attack__seed43,43,dirichlet_a0.5,sparse_coordinate_attack,c4_drift_aware
3,0.0824512541294097,2.2955029010772705,2.1667793319993507,5,0,1,0,False,c4_drift_aware__dirichlet_a0.5__sparse_coordinate_attack__seed43,43,dirichlet_a0.5,sparse_coordinate_attack,c4_drift_aware
4,0.0824512541294097,2.331839799880981,2.169254939000893,4,1,1,0,False,c4_drift_aware__dirichlet_a0.5__sparse_coordinate_attack__seed43,43,dirichlet_a0.5,sparse_coordinate_attack,c4_drift_aware
5,0.0824512541294097,2.371485471725464,2.17900863199975,4,1,1,0,False,c4_drift_aware__dirichlet_a0.5__sparse_coordinate_attack__seed43,43,dirichlet_a0.5,sparse_coordinate_attack,c4_drift_aware
6,0.0824512541294097,2.350477695465088,2.113396561000627,4,1,1,0,False,c4_drift_aware__dirichlet_a0.5__sparse_coordinate_attack__seed43,43,dirichlet_a0.5,sparse_coordinate_attack,c4_drift_aware
7,0.0584958232939243,2.2946672439575195,2.09803391099922,5,0,1,0,False,c4_drift_aware__dirichlet_a0.5__sparse_coordinate_attack__seed43,43,dirichlet_a0.5,sparse_coordinate_attack,c4_drift_aware
8,0.0824512541294097,2.324162244796753,1.8144027489997825,4,1,1,0,False,c4_drift_aware__dirichlet_a0.5__sparse_coordinate_attack__seed43,43,dirichlet_a0.5,sparse_coordinate_attack,c4_drift_aware
9,0.0981894209980964,2.229654312133789,2.0421634649992484,5,0,1,0,False,c4_drift_aware__dirichlet_a0.5__sparse_coordinate_attack__seed43,43,dirichlet_a0.5,sparse_coordinate_attack,c4_drift_aware
10,0.150278553366661,2.240321397781372,2.1778610370001843,4,1,1,1,False,c4_drift_aware__dirichlet_a0.5__sparse_coordinate_attack__seed43,43,dirichlet_a0.5,sparse_coordinate_attack,c4_drift_aware
11,0.2671309113502502,2.165562629699707,2.096068488999663,4,1,1,1,False,c4_drift_aware__dirichlet_a0.5__sparse_coordinate_attack__seed43,43,dirichlet_a0.5,sparse_coordinate_attack,c4_drift_aware
12,0.2647632360458374,2.1257424354553223,2.124775172998852,4,1,1,1,False,c4_drift_aware__dirichlet_a0.5__sparse_coordinate_attack__seed43,43,dirichlet_a0.5,sparse_coordinate_attack,c4_drift_aware
13,0.2834261953830719,1.9814094305038448,2.130246675000308,4,1,1,1,False,c4_drift_aware__dirichlet_a0.5__sparse_coordinate_attack__seed43,43,dirichlet_a0.5,sparse_coordinate_attack,c4_drift_aware
14,0.2686629593372345,1.9179389476776123,2.178087700000105,4,1,1,1,False,c4_drift_aware__dirichlet_a0.5__sparse_coordinate_attack__seed43,43,dirichlet_a0.5,sparse_coordinate_attack,c4_drift_aware
15,0.2681058645248413,1.9207284450531008,2.0915979930014146,4,1,1,1,False,c4_drift_aware__dirichlet_a0.5__sparse_coordinate_attack__seed43,43,dirichlet_a0.5,sparse_coordinate_attack,c4_drift_aware
16,0.3029248118400574,1.842099905014038,2.098083004000728,4,1,1,1,False,c4_drift_aware__dirichlet_a0.5__sparse_coordinate_attack__seed43,43,dirichlet_a0.5,sparse_coordinate_attack,c4_drift_aware
17,0.2941504120826721,1.9033015966415403,2.1304234219987848,4,1,1,1,False,c4_drift_aware__dirichlet_a0.5__sparse_coordinate_attack__seed43,43,dirichlet_a0.5,sparse_coordinate_attack,c4_drift_aware
18,0.2981894314289093,1.813889741897583,2.126484149999669,4,1,1,1,False,c4_drift_aware__dirichlet_a0.5__sparse_coordinate_attack__seed43,43,dirichlet_a0.5,sparse_coordinate_attack,c4_drift_aware
19,0.2798050343990326,1.838937878608704,2.1371497269992688,4,1,1,1,False,c4_drift_aware__dirichlet_a0.5__sparse_coordinate_attack__seed43,43,dirichlet_a0.5,sparse_coordinate_attack,c4_drift_aware
20,0.2859331667423248,1.858147144317627,2.1685429279987147,4,1,1,1,False,c4_drift_aware__dirichlet_a0.5__sparse_coordinate_attack__seed43,43,dirichlet_a0.5,sparse_coordinate_attack,c4_drift_aware
21,0.3196378946304321,1.777430534362793,2.1103687249997165,4,1,1,1,False,c4_drift_aware__dirichlet_a0.5__sparse_coordinate_attack__seed43,43,dirichlet_a0.5,sparse_coordinate_attack,c4_drift_aware
22,0.3415041863918304,1.907518029212952,2.155714575001184,3,2,1,1,False,c4_drift_aware__dirichlet_a0.5__sparse_coordinate_attack__seed43,43,dirichlet_a0.5,sparse_coordinate_attack,c4_drift_aware
23,0.3210306465625763,1.7682218551635742,2.153020306001053,4,1,1,1,False,c4_drift_aware__dirichlet_a0.5__sparse_coordinate_attack__seed43,43,dirichlet_a0.5,sparse_coordinate_attack,c4_drift_aware
24,0.3238161504268646,1.8004014492034912,2.110267490999832,4,1,1,1,False,c4_drift_aware__dirichlet_a0.5__sparse_coordinate_attack__seed43,43,dirichlet_a0.5,sparse_coordinate_attack,c4_drift_aware
0,0.0824512541294097,2.1843271255493164,2.0690685779991327,5,0,1,0,False,c4_drift_aware__dirichlet_a0.5__no_attack__seed44,44,dirichlet_a0.5,no_attack,c4_drift_aware
1,0.1664345413446426,2.153416633605957,1.8554444669989607,5,0,1,0,False,c4_drift_aware__dirichlet_a0.5__no_attack__seed44,44,dirichlet_a0.5,no_attack,c4_drift_aware
2,0.1643454134464264,2.134518623352051,2.0852768020013173,5,0,1,0,False,c4_drift_aware__dirichlet_a0.5__no_attack__seed44,44,dirichlet_a0.5,no_attack,c4_drift_aware
3,0.2554317712783813,2.132925033569336,2.15677222299928,5,0,1,0,False,c4_drift_aware__dirichlet_a0.5__no_attack__seed44,44,dirichlet_a0.5,no_attack,c4_drift_aware
4,0.2097493112087249,2.1249656677246094,2.041193847999238,5,0,1,0,False,c4_drift_aware__dirichlet_a0.5__no_attack__seed44,44,dirichlet_a0.5,no_attack,c4_drift_aware
5,0.2733983397483825,2.1171436309814453,2.0803619800008164,5,0,1,0,False,c4_drift_aware__dirichlet_a0.5__no_attack__seed44,44,dirichlet_a0.5,no_attack,c4_drift_aware
6,0.2958217263221741,2.1098973751068115,2.0563963249987864,5,0,1,0,False,c4_drift_aware__dirichlet_a0.5__no_attack__seed44,44,dirichlet_a0.5,no_attack,c4_drift_aware
7,0.2130919247865677,2.1066484451293945,2.1121059190008964,5,0,1,0,False,c4_drift_aware__dirichlet_a0.5__no_attack__seed44,44,dirichlet_a0.5,no_attack,c4_drift_aware
8,0.2174094766378402,2.1032397747039795,2.154835639999874,5,0,1,0,False,c4_drift_aware__dirichlet_a0.5__no_attack__seed44,44,dirichlet_a0.5,no_attack,c4_drift_aware
9,0.2816156148910522,2.084235429763794,2.1764457210010733,5,0,1,0,False,c4_drift_aware__dirichlet_a0.5__no_attack__seed44,44,dirichlet_a0.5,no_attack,c4_drift_aware
10,0.296657383441925,2.070353984832764,2.078720957999394,5,0,1,1,False,c4_drift_aware__dirichlet_a0.5__no_attack__seed44,44,dirichlet_a0.5,no_attack,c4_drift_aware
11,0.3158774375915527,2.053762435913086,2.097326798999348,5,0,1,1,False,c4_drift_aware__dirichlet_a0.5__no_attack__seed44,44,dirichlet_a0.5,no_attack,c4_drift_aware
12,0.3564066886901855,2.0450873374938965,2.1263347559997783,5,0,1,1,False,c4_drift_aware__dirichlet_a0.5__no_attack__seed44,44,dirichlet_a0.5,no_attack,c4_drift_aware
13,0.4052924811840057,2.01816987991333,2.0415294260001247,5,0,1,1,False,c4_drift_aware__dirichlet_a0.5__no_attack__seed44,44,dirichlet_a0.5,no_attack,c4_drift_aware
14,0.4066852331161499,1.958986520767212,2.04213898099988,5,0,1,1,False,c4_drift_aware__dirichlet_a0.5__no_attack__seed44,44,dirichlet_a0.5,no_attack,c4_drift_aware
15,0.4629526436328888,1.9048876762390137,2.0446155999998155,5,0,1,1,False,c4_drift_aware__dirichlet_a0.5__no_attack__seed44,44,dirichlet_a0.5,no_attack,c4_drift_aware
16,0.3699164390563965,1.918294072151184,2.060133519000374,4,1,1,1,False,c4_drift_aware__dirichlet_a0.5__no_attack__seed44,44,dirichlet_a0.5,no_attack,c4_drift_aware
17,0.4090529382228851,1.846235990524292,2.143524635999711,4,1,1,1,False,c4_drift_aware__dirichlet_a0.5__no_attack__seed44,44,dirichlet_a0.5,no_attack,c4_drift_aware
18,0.458077996969223,1.7817589044570925,2.189447188999111,4,1,1,1,False,c4_drift_aware__dirichlet_a0.5__no_attack__seed44,44,dirichlet_a0.5,no_attack,c4_drift_aware
19,0.4295264780521393,1.718673586845398,2.1276477960000197,4,1,1,1,False,c4_drift_aware__dirichlet_a0.5__no_attack__seed44,44,dirichlet_a0.5,no_attack,c4_drift_aware
20,0.4849582314491272,1.6406195163726809,2.0687043010002526,5,0,1,1,False,c4_drift_aware__dirichlet_a0.5__no_attack__seed44,44,dirichlet_a0.5,no_attack,c4_drift_aware
21,0.4949860870838165,1.610871434211731,2.060814660000688,5,0,1,1,False,c4_drift_aware__dirichlet_a0.5__no_attack__seed44,44,dirichlet_a0.5,no_attack,c4_drift_aware
22,0.4823119938373565,1.590689778327942,2.1771291040004144,5,0,1,1,False,c4_drift_aware__dirichlet_a0.5__no_attack__seed44,44,dirichlet_a0.5,no_attack,c4_drift_aware
23,0.5006964206695557,1.56541907787323,2.074298348001321,5,0,1,1,False,c4_drift_aware__dirichlet_a0.5__no_attack__seed44,44,dirichlet_a0.5,no_attack,c4_drift_aware
24,0.488997220993042,1.5535880327224731,2.0497922630001995,5,0,1,1,False,c4_drift_aware__dirichlet_a0.5__no_attack__seed44,44,dirichlet_a0.5,no_attack,c4_drift_aware
0,0.0824512541294097,2.1843276023864746,2.1158546549995663,5,0,1,0,False,c4_drift_aware__dirichlet_a0.5__large_norm__seed44,44,dirichlet_a0.5,large_norm,c4_drift_aware
1,0.1665738224983215,2.1534230709075928,2.0795738760007225,5,0,1,0,False,c4_drift_aware__dirichlet_a0.5__large_norm__seed44,44,dirichlet_a0.5,large_norm,c4_drift_aware
2,0.1649025082588195,2.1343483924865723,2.122205595000196,5,0,1,0,False,c4_drift_aware__dirichlet_a0.5__large_norm__seed44,44,dirichlet_a0.5,large_norm,c4_drift_aware
3,0.2481894195079803,2.133152961730957,2.0186556320004456,5,0,1,0,False,c4_drift_aware__dirichlet_a0.5__large_norm__seed44,44,dirichlet_a0.5,large_norm,c4_drift_aware
4,0.2208913713693618,2.1250007152557373,2.04243124399909,5,0,1,0,False,c4_drift_aware__dirichlet_a0.5__large_norm__seed44,44,dirichlet_a0.5,large_norm,c4_drift_aware
5,0.2706128060817718,2.1170878410339355,2.008169724000254,5,0,1,0,False,c4_drift_aware__dirichlet_a0.5__large_norm__seed44,44,dirichlet_a0.5,large_norm,c4_drift_aware
6,0.3006963729858398,2.10970401763916,2.0811056319998897,5,0,1,0,False,c4_drift_aware__dirichlet_a0.5__large_norm__seed44,44,dirichlet_a0.5,large_norm,c4_drift_aware
7,0.2122562676668167,2.10669493675232,2.127872125000067,5,0,1,0,False,c4_drift_aware__dirichlet_a0.5__large_norm__seed44,44,dirichlet_a0.5,large_norm,c4_drift_aware
8,0.2462395578622818,2.103224277496338,2.1057282040001155,5,0,1,0,False,c4_drift_aware__dirichlet_a0.5__large_norm__seed44,44,dirichlet_a0.5,large_norm,c4_drift_aware
9,0.2853760421276092,2.084122896194458,2.0768268700012413,5,0,1,0,False,c4_drift_aware__dirichlet_a0.5__large_norm__seed44,44,dirichlet_a0.5,large_norm,c4_drift_aware
10,0.3043175637722015,2.183712959289551,2.074989225000536,2,3,1,1,False,c4_drift_aware__dirichlet_a0.5__large_norm__seed44,44,dirichlet_a0.5,large_norm,c4_drift_aware
11,0.2440111488103866,2.1565182209014893,2.0655582409999624,1,4,1,1,False,c4_drift_aware__dirichlet_a0.5__large_norm__seed44,44,dirichlet_a0.5,large_norm,c4_drift_aware
12,0.3043175637722015,2.103355884552002,2.0457328299999062,2,3,1,1,False,c4_drift_aware__dirichlet_a0.5__large_norm__seed44,44,dirichlet_a0.5,large_norm,c4_drift_aware
13,0.3034819066524505,2.077369213104248,2.093614391000301,3,2,1,1,False,c4_drift_aware__dirichlet_a0.5__large_norm__seed44,44,dirichlet_a0.5,large_norm,c4_drift_aware
14,0.4591922163963318,1.908399224281311,2.0817283600008523,3,2,1,1,False,c4_drift_aware__dirichlet_a0.5__large_norm__seed44,44,dirichlet_a0.5,large_norm,c4_drift_aware
15,0.3591922223567962,1.9108662605285645,2.099353333000181,2,3,1,1,False,c4_drift_aware__dirichlet_a0.5__large_norm__seed44,44,dirichlet_a0.5,large_norm,c4_drift_aware
16,0.3389972150325775,1.920352935791016,2.163027955999496,3,2,1,1,False,c4_drift_aware__dirichlet_a0.5__large_norm__seed44,44,dirichlet_a0.5,large_norm,c4_drift_aware
17,0.3564066886901855,1.8910695314407349,2.1496321369995712,2,3,1,1,False,c4_drift_aware__dirichlet_a0.5__large_norm__seed44,44,dirichlet_a0.5,large_norm,c4_drift_aware
18,0.4193593561649322,1.7183595895767212,2.072512962999099,4,1,1,1,False,c4_drift_aware__dirichlet_a0.5__large_norm__seed44,44,dirichlet_a0.5,large_norm,c4_drift_aware
19,0.5032033324241638,1.6614171266555786,1.8757832510000296,3,2,1,1,False,c4_drift_aware__dirichlet_a0.5__large_norm__seed44,44,dirichlet_a0.5,large_norm,c4_drift_aware
20,0.4094707667827606,1.6522547006607056,2.0421650139996927,4,1,1,1,False,c4_drift_aware__dirichlet_a0.5__large_norm__seed44,44,dirichlet_a0.5,large_norm,c4_drift_aware
21,0.4091922044754028,1.6504402160644531,2.081598466000287,4,1,1,1,False,c4_drift_aware__dirichlet_a0.5__large_norm__seed44,44,dirichlet_a0.5,large_norm,c4_drift_aware
22,0.4433147609233856,1.6193150281906128,2.1077427300006093,4,1,1,1,False,c4_drift_aware__dirichlet_a0.5__large_norm__seed44,44,dirichlet_a0.5,large_norm,c4_drift_aware
23,0.4239554405212402,1.6303491592407229,1.8302499930014164,4,1,1,1,False,c4_drift_aware__dirichlet_a0.5__large_norm__seed44,44,dirichlet_a0.5,large_norm,c4_drift_aware
24,0.4045961201190948,1.6282169818878174,2.108345939999708,4,1,1,1,False,c4_drift_aware__dirichlet_a0.5__large_norm__seed44,44,dirichlet_a0.5,large_norm,c4_drift_aware
0,0.0824512541294097,2.1843271255493164,2.1771622950000165,5,0,1,0,False,c4_drift_aware__dirichlet_a0.5__directional_poisoning__seed44,44,dirichlet_a0.5,directional_poisoning,c4_drift_aware
1,0.1665738224983215,2.153468132019043,2.103569628001424,5,0,1,0,False,c4_drift_aware__dirichlet_a0.5__directional_poisoning__seed44,44,dirichlet_a0.5,directional_poisoning,c4_drift_aware
2,0.1647632420063018,2.1345646381378174,2.069030627000757,5,0,1,0,False,c4_drift_aware__dirichlet_a0.5__directional_poisoning__seed44,44,dirichlet_a0.5,directional_poisoning,c4_drift_aware
3,0.2534818947315216,2.133288860321045,2.231384833999982,5,0,1,0,False,c4_drift_aware__dirichlet_a0.5__directional_poisoning__seed44,44,dirichlet_a0.5,directional_poisoning,c4_drift_aware
4,0.2197771668434143,2.1251473426818848,2.209288806001496,5,0,1,0,False,c4_drift_aware__dirichlet_a0.5__directional_poisoning__seed44,44,dirichlet_a0.5,directional_poisoning,c4_drift_aware
5,0.2577994465827942,2.117727041244507,2.086203519998889,5,0,1,0,False,c4_drift_aware__dirichlet_a0.5__directional_poisoning__seed44,44,dirichlet_a0.5,directional_poisoning,c4_drift_aware
6,0.2944289743900299,2.110259294509888,2.1420329169995966,5,0,1,0,False,c4_drift_aware__dirichlet_a0.5__directional_poisoning__seed44,44,dirichlet_a0.5,directional_poisoning,c4_drift_aware
7,0.213649034500122,2.106759548187256,2.0980748960009805,5,0,1,0,False,c4_drift_aware__dirichlet_a0.5__directional_poisoning__seed44,44,dirichlet_a0.5,directional_poisoning,c4_drift_aware
8,0.2307799458503723,2.103397846221924,2.07679299099982,5,0,1,0,False,c4_drift_aware__dirichlet_a0.5__directional_poisoning__seed44,44,dirichlet_a0.5,directional_poisoning,c4_drift_aware
9,0.2839832901954651,2.084070444107056,2.131679399000859,5,0,1,0,False,c4_drift_aware__dirichlet_a0.5__directional_poisoning__seed44,44,dirichlet_a0.5,directional_poisoning,c4_drift_aware
10,0.1381615698337555,2.283957004547119,2.0982397429997945,5,0,1,1,False,c4_drift_aware__dirichlet_a0.5__directional_poisoning__seed44,44,dirichlet_a0.5,directional_poisoning,c4_drift_aware
11,0.3467966616153717,2.146071672439575,2.107740349998494,4,1,1,1,False,c4_drift_aware__dirichlet_a0.5__directional_poisoning__seed44,44,dirichlet_a0.5,directional_poisoning,c4_drift_aware
12,0.3442896902561188,2.112919569015503,2.160252480998679,4,1,1,1,False,c4_drift_aware__dirichlet_a0.5__directional_poisoning__seed44,44,dirichlet_a0.5,directional_poisoning,c4_drift_aware
13,0.3491643667221069,2.088819742202759,2.120544687999427,4,1,1,1,False,c4_drift_aware__dirichlet_a0.5__directional_poisoning__seed44,44,dirichlet_a0.5,directional_poisoning,c4_drift_aware
14,0.3433147668838501,2.0104739665985107,2.053018073000203,4,1,1,1,False,c4_drift_aware__dirichlet_a0.5__directional_poisoning__seed44,44,dirichlet_a0.5,directional_poisoning,c4_drift_aware
15,0.3498607277870178,1.9340193271636963,2.051529235999624,4,1,1,1,False,c4_drift_aware__dirichlet_a0.5__directional_poisoning__seed44,44,dirichlet_a0.5,directional_poisoning,c4_drift_aware
16,0.3550139367580414,1.876078009605408,2.125553570000193,3,2,1,1,False,c4_drift_aware__dirichlet_a0.5__directional_poisoning__seed44,44,dirichlet_a0.5,directional_poisoning,c4_drift_aware
17,0.4671309292316437,1.800868034362793,2.0676467350003804,3,2,1,1,False,c4_drift_aware__dirichlet_a0.5__directional_poisoning__seed44,44,dirichlet_a0.5,directional_poisoning,c4_drift_aware
18,0.4824512600898742,1.7575103044509888,2.0535079530000075,3,2,1,1,False,c4_drift_aware__dirichlet_a0.5__directional_poisoning__seed44,44,dirichlet_a0.5,directional_poisoning,c4_drift_aware
19,0.3189415037631988,1.784452199935913,1.9226820769999904,4,1,1,1,False,c4_drift_aware__dirichlet_a0.5__directional_poisoning__seed44,44,dirichlet_a0.5,directional_poisoning,c4_drift_aware
20,0.4210306406021118,1.69543194770813,2.111939431999417,4,1,1,1,False,c4_drift_aware__dirichlet_a0.5__directional_poisoning__seed44,44,dirichlet_a0.5,directional_poisoning,c4_drift_aware
21,0.4253481924533844,1.6672745943069458,2.149969604999569,4,1,1,1,False,c4_drift_aware__dirichlet_a0.5__directional_poisoning__seed44,44,dirichlet_a0.5,directional_poisoning,c4_drift_aware
22,0.4289693832397461,1.6462299823760986,2.0570756870001787,4,1,1,1,False,c4_drift_aware__dirichlet_a0.5__directional_poisoning__seed44,44,dirichlet_a0.5,directional_poisoning,c4_drift_aware
23,0.4299443066120147,1.635928511619568,2.1371163160001743,4,1,1,1,False,c4_drift_aware__dirichlet_a0.5__directional_poisoning__seed44,44,dirichlet_a0.5,directional_poisoning,c4_drift_aware
24,0.398746520280838,1.639041304588318,2.1083963900000526,4,1,1,1,False,c4_drift_aware__dirichlet_a0.5__directional_poisoning__seed44,44,dirichlet_a0.5,directional_poisoning,c4_drift_aware
0,0.0824512541294097,2.1843278408050537,2.0908334359992296,5,0,1,0,False,c4_drift_aware__dirichlet_a0.5__sparse_coordinate_attack__seed44,44,dirichlet_a0.5,sparse_coordinate_attack,c4_drift_aware
1,0.1665738224983215,2.153441905975342,2.071424620000471,5,0,1,0,False,c4_drift_aware__dirichlet_a0.5__sparse_coordinate_attack__seed44,44,dirichlet_a0.5,sparse_coordinate_attack,c4_drift_aware
2,0.1647632420063018,2.1342992782592773,2.079355358000612,5,0,1,0,False,c4_drift_aware__dirichlet_a0.5__sparse_coordinate_attack__seed44,44,dirichlet_a0.5,sparse_coordinate_attack,c4_drift_aware
3,0.2594707608222961,2.1329216957092285,2.0526953949993185,5,0,1,0,False,c4_drift_aware__dirichlet_a0.5__sparse_coordinate_attack__seed44,44,dirichlet_a0.5,sparse_coordinate_attack,c4_drift_aware
4,0.2143454104661941,2.1250574588775635,1.8019677949996549,5,0,1,0,False,c4_drift_aware__dirichlet_a0.5__sparse_coordinate_attack__seed44,44,dirichlet_a0.5,sparse_coordinate_attack,c4_drift_aware
5,0.2785515487194061,2.117302894592285,2.073233333001553,5,0,1,0,False,c4_drift_aware__dirichlet_a0.5__sparse_coordinate_attack__seed44,44,dirichlet_a0.5,sparse_coordinate_attack,c4_drift_aware
6,0.306406706571579,2.1097118854522705,2.120371344000887,5,0,1,0,False,c4_drift_aware__dirichlet_a0.5__sparse_coordinate_attack__seed44,44,dirichlet_a0.5,sparse_coordinate_attack,c4_drift_aware
7,0.2183844000101089,2.107003688812256,2.1134774279998965,5,0,1,0,False,c4_drift_aware__dirichlet_a0.5__sparse_coordinate_attack__seed44,44,dirichlet_a0.5,sparse_coordinate_attack,c4_drift_aware
8,0.2302228510379791,2.1034693717956543,2.09584205200008,5,0,1,0,False,c4_drift_aware__dirichlet_a0.5__sparse_coordinate_attack__seed44,44,dirichlet_a0.5,sparse_coordinate_attack,c4_drift_aware
9,0.2835654616355896,2.0843136310577397,2.1003256140029407,5,0,1,0,False,c4_drift_aware__dirichlet_a0.5__sparse_coordinate_attack__seed44,44,dirichlet_a0.5,sparse_coordinate_attack,c4_drift_aware
10,0.0991643443703651,2.15952205657959,2.1833756689993606,4,1,1,1,False,c4_drift_aware__dirichlet_a0.5__sparse_coordinate_attack__seed44,44,dirichlet_a0.5,sparse_coordinate_attack,c4_drift_aware
11,0.345821738243103,2.12280535697937,2.2012598870023794,4,1,1,1,False,c4_drift_aware__dirichlet_a0.5__sparse_coordinate_attack__seed44,44,dirichlet_a0.5,sparse_coordinate_attack,c4_drift_aware
12,0.3438718616962433,2.114210844039917,2.09865074100162,4,1,1,1,False,c4_drift_aware__dirichlet_a0.5__sparse_coordinate_attack__seed44,44,dirichlet_a0.5,sparse_coordinate_attack,c4_drift_aware
13,0.2600278556346893,2.0928311347961426,2.1721480740015977,4,1,1,1,False,c4_drift_aware__dirichlet_a0.5__sparse_coordinate_attack__seed44,44,dirichlet_a0.5,sparse_coordinate_attack,c4_drift_aware
14,0.3509749472141266,2.016209125518799,2.07277780000004,4,1,1,1,False,c4_drift_aware__dirichlet_a0.5__sparse_coordinate_attack__seed44,44,dirichlet_a0.5,sparse_coordinate_attack,c4_drift_aware
15,0.351253479719162,1.9317004680633545,2.09309469100117,4,1,1,1,False,c4_drift_aware__dirichlet_a0.5__sparse_coordinate_attack__seed44,44,dirichlet_a0.5,sparse_coordinate_attack,c4_drift_aware
16,0.4781337082386017,1.8460044860839844,2.085714574997837,3,2,1,1,False,c4_drift_aware__dirichlet_a0.5__sparse_coordinate_attack__seed44,44,dirichlet_a0.5,sparse_coordinate_attack,c4_drift_aware
17,0.4922005832195282,1.789418339729309,2.071772628998588,3,2,1,1,False,c4_drift_aware__dirichlet_a0.5__sparse_coordinate_attack__seed44,44,dirichlet_a0.5,sparse_coordinate_attack,c4_drift_aware
18,0.416155993938446,1.8217368125915527,2.0682961410020653,4,1,1,1,False,c4_drift_aware__dirichlet_a0.5__sparse_coordinate_attack__seed44,44,dirichlet_a0.5,sparse_coordinate_attack,c4_drift_aware
19,0.3661560118198395,1.7212467193603516,2.10732489899965,4,1,1,1,False,c4_drift_aware__dirichlet_a0.5__sparse_coordinate_attack__seed44,44,dirichlet_a0.5,sparse_coordinate_attack,c4_drift_aware
20,0.4207521080970764,1.6966632604599,2.094350117000431,4,1,1,1,False,c4_drift_aware__dirichlet_a0.5__sparse_coordinate_attack__seed44,44,dirichlet_a0.5,sparse_coordinate_attack,c4_drift_aware
21,0.4185236990451813,1.687875509262085,2.0817523229998187,4,1,1,1,False,c4_drift_aware__dirichlet_a0.5__sparse_coordinate_attack__seed44,44,dirichlet_a0.5,sparse_coordinate_attack,c4_drift_aware
22,0.4337047338485718,1.6440788507461548,2.1519898459991964,4,1,1,1,False,c4_drift_aware__dirichlet_a0.5__sparse_coordinate_attack__seed44,44,dirichlet_a0.5,sparse_coordinate_attack,c4_drift_aware
23,0.405988872051239,1.6372565031051636,1.8787878650000491,4,1,1,1,False,c4_drift_aware__dirichlet_a0.5__sparse_coordinate_attack__seed44,44,dirichlet_a0.5,sparse_coordinate_attack,c4_drift_aware
24,0.4084958434104919,1.6298893690109253,2.080392194002343,4,1,1,1,False,c4_drift_aware__dirichlet_a0.5__sparse_coordinate_attack__seed44,44,dirichlet_a0.5,sparse_coordinate_attack,c4_drift_aware
0,0.0586351007223129,2.2687363624572754,2.0460977660004573,5,0,1,0,False,c4_drift_aware__dirichlet_a0.1__no_attack__seed43,43,dirichlet_a0.1,no_attack,c4_drift_aware
1,0.0586351007223129,2.2149462699890137,2.105513931997848,4,1,1,0,False,c4_drift_aware__dirichlet_a0.1__no_attack__seed43,43,dirichlet_a0.1,no_attack,c4_drift_aware
2,0.0586351007223129,2.3550078868865967,1.897215562999918,4,1,1,0,False,c4_drift_aware__dirichlet_a0.1__no_attack__seed43,43,dirichlet_a0.1,no_attack,c4_drift_aware
3,0.0472144857048988,2.305753469467163,2.0668409789977886,3,2,1,0,False,c4_drift_aware__dirichlet_a0.1__no_attack__seed43,43,dirichlet_a0.1,no_attack,c4_drift_aware
4,0.0586351007223129,2.4132583141326904,2.0941410470004485,5,0,1,0,False,c4_drift_aware__dirichlet_a0.1__no_attack__seed43,43,dirichlet_a0.1,no_attack,c4_drift_aware
5,0.0586351007223129,2.376600503921509,2.085969756997656,5,0,1,0,False,c4_drift_aware__dirichlet_a0.1__no_attack__seed43,43,dirichlet_a0.1,no_attack,c4_drift_aware
6,0.0586351007223129,2.360050678253174,2.145075737997104,5,0,1,0,False,c4_drift_aware__dirichlet_a0.1__no_attack__seed43,43,dirichlet_a0.1,no_attack,c4_drift_aware
7,0.0586351007223129,2.358275413513184,2.078401048998785,5,0,1,0,False,c4_drift_aware__dirichlet_a0.1__no_attack__seed43,43,dirichlet_a0.1,no_attack,c4_drift_aware
8,0.0586351007223129,2.358280658721924,2.0499288169994543,5,0,1,0,False,c4_drift_aware__dirichlet_a0.1__no_attack__seed43,43,dirichlet_a0.1,no_attack,c4_drift_aware
9,0.0586351007223129,2.3413028717041016,2.078439258999424,5,0,1,0,False,c4_drift_aware__dirichlet_a0.1__no_attack__seed43,43,dirichlet_a0.1,no_attack,c4_drift_aware
10,0.0586351007223129,2.3704750537872314,2.061972412000614,5,0,1,1,False,c4_drift_aware__dirichlet_a0.1__no_attack__seed43,43,dirichlet_a0.1,no_attack,c4_drift_aware
11,0.0586351007223129,2.3595731258392334,2.1263009140020586,5,0,1,1,False,c4_drift_aware__dirichlet_a0.1__no_attack__seed43,43,dirichlet_a0.1,no_attack,c4_drift_aware
12,0.0586351007223129,2.271819829940796,2.0797133519990894,5,0,1,1,False,c4_drift_aware__dirichlet_a0.1__no_attack__seed43,43,dirichlet_a0.1,no_attack,c4_drift_aware
13,0.0798050165176391,2.22268009185791,2.035419671999989,5,0,1,1,False,c4_drift_aware__dirichlet_a0.1__no_attack__seed43,43,dirichlet_a0.1,no_attack,c4_drift_aware
14,0.0587743744254112,2.2357606887817383,2.075152927001909,5,0,1,1,False,c4_drift_aware__dirichlet_a0.1__no_attack__seed43,43,dirichlet_a0.1,no_attack,c4_drift_aware
15,0.2430362105369568,2.1302711963653564,2.148949544000061,5,0,1,1,False,c4_drift_aware__dirichlet_a0.1__no_attack__seed43,43,dirichlet_a0.1,no_attack,c4_drift_aware
16,0.162952646613121,2.1404411792755127,2.0853453679992526,5,0,1,1,False,c4_drift_aware__dirichlet_a0.1__no_attack__seed43,43,dirichlet_a0.1,no_attack,c4_drift_aware
17,0.2434540390968322,2.015123128890991,2.098957532998611,5,0,1,1,False,c4_drift_aware__dirichlet_a0.1__no_attack__seed43,43,dirichlet_a0.1,no_attack,c4_drift_aware
18,0.2419220060110092,1.9940353631973269,2.149454433998472,5,0,1,1,False,c4_drift_aware__dirichlet_a0.1__no_attack__seed43,43,dirichlet_a0.1,no_attack,c4_drift_aware
19,0.2423398345708847,1.9246002435684204,2.104592709001736,5,0,1,1,False,c4_drift_aware__dirichlet_a0.1__no_attack__seed43,43,dirichlet_a0.1,no_attack,c4_drift_aware
20,0.2433147728443145,1.8603137731552124,2.102196265001112,5,0,1,1,False,c4_drift_aware__dirichlet_a0.1__no_attack__seed43,43,dirichlet_a0.1,no_attack,c4_drift_aware
21,0.2399721443653106,1.94941520690918,2.089740855000855,5,0,1,1,False,c4_drift_aware__dirichlet_a0.1__no_attack__seed43,43,dirichlet_a0.1,no_attack,c4_drift_aware
22,0.2467966675758361,1.9211111068725584,2.0565596040032688,5,0,1,1,False,c4_drift_aware__dirichlet_a0.1__no_attack__seed43,43,dirichlet_a0.1,no_attack,c4_drift_aware
23,0.2441504299640655,1.8086209297180176,2.116494879002857,5,0,1,1,False,c4_drift_aware__dirichlet_a0.1__no_attack__seed43,43,dirichlet_a0.1,no_attack,c4_drift_aware
24,0.2540389895439148,1.809267282485962,2.099342366000201,5,0,1,1,False,c4_drift_aware__dirichlet_a0.1__no_attack__seed43,43,dirichlet_a0.1,no_attack,c4_drift_aware
0,0.0586351007223129,2.2687442302703857,2.0757508959977717,5,0,1,0,False,c4_drift_aware__dirichlet_a0.1__large_norm__seed43,43,dirichlet_a0.1,large_norm,c4_drift_aware
1,0.0586351007223129,2.2148923873901367,2.1868754269999044,4,1,1,0,False,c4_drift_aware__dirichlet_a0.1__large_norm__seed43,43,dirichlet_a0.1,large_norm,c4_drift_aware
2,0.0586351007223129,2.355763912200928,2.0404750340021565,4,1,1,0,False,c4_drift_aware__dirichlet_a0.1__large_norm__seed43,43,dirichlet_a0.1,large_norm,c4_drift_aware
3,0.0472144857048988,2.305783987045288,2.1479262539978663,3,2,1,0,False,c4_drift_aware__dirichlet_a0.1__large_norm__seed43,43,dirichlet_a0.1,large_norm,c4_drift_aware
4,0.0586351007223129,2.411996841430664,2.1103222189994995,5,0,1,0,False,c4_drift_aware__dirichlet_a0.1__large_norm__seed43,43,dirichlet_a0.1,large_norm,c4_drift_aware
5,0.0586351007223129,2.376315832138061,2.111900836000132,5,0,1,0,False,c4_drift_aware__dirichlet_a0.1__large_norm__seed43,43,dirichlet_a0.1,large_norm,c4_drift_aware
6,0.0586351007223129,2.360618352890014,2.069638005003071,5,0,1,0,False,c4_drift_aware__dirichlet_a0.1__large_norm__seed43,43,dirichlet_a0.1,large_norm,c4_drift_aware
7,0.0586351007223129,2.358013153076172,2.055028915998264,5,0,1,0,False,c4_drift_aware__dirichlet_a0.1__large_norm__seed43,43,dirichlet_a0.1,large_norm,c4_drift_aware
8,0.0586351007223129,2.3576173782348637,2.0922800059997826,5,0,1,0,False,c4_drift_aware__dirichlet_a0.1__large_norm__seed43,43,dirichlet_a0.1,large_norm,c4_drift_aware
9,0.0586351007223129,2.340757131576538,2.0957033160011638,5,0,1,0,False,c4_drift_aware__dirichlet_a0.1__large_norm__seed43,43,dirichlet_a0.1,large_norm,c4_drift_aware
10,0.0586351007223129,3.401222944259644,2.078237481000542,3,2,1,1,False,c4_drift_aware__dirichlet_a0.1__large_norm__seed43,43,dirichlet_a0.1,large_norm,c4_drift_aware
11,0.0586351007223129,2.800915002822876,2.124299234001228,3,2,1,1,False,c4_drift_aware__dirichlet_a0.1__large_norm__seed43,43,dirichlet_a0.1,large_norm,c4_drift_aware
12,0.0586351007223129,4.071910381317139,2.1317041570000583,2,3,1,1,False,c4_drift_aware__dirichlet_a0.1__large_norm__seed43,43,dirichlet_a0.1,large_norm,c4_drift_aware
13,0.0586351007223129,2.755399703979492,2.151398734000395,3,2,1,1,False,c4_drift_aware__dirichlet_a0.1__large_norm__seed43,43,dirichlet_a0.1,large_norm,c4_drift_aware
14,0.0586351007223129,3.51560378074646,2.0994308890003595,3,2,1,1,False,c4_drift_aware__dirichlet_a0.1__large_norm__seed43,43,dirichlet_a0.1,large_norm,c4_drift_aware
15,0.2430362105369568,2.665714740753174,1.949340201997984,3,2,1,1,False,c4_drift_aware__dirichlet_a0.1__large_norm__seed43,43,dirichlet_a0.1,large_norm,c4_drift_aware
16,0.0586351007223129,3.089310646057129,2.0896798750000016,3,2,1,1,False,c4_drift_aware__dirichlet_a0.1__large_norm__seed43,43,dirichlet_a0.1,large_norm,c4_drift_aware
17,0.0814763233065605,2.6055166721343994,2.1965723159992194,4,1,1,1,False,c4_drift_aware__dirichlet_a0.1__large_norm__seed43,43,dirichlet_a0.1,large_norm,c4_drift_aware
18,0.2240947186946869,2.423725128173828,2.075034615001641,4,1,1,1,False,c4_drift_aware__dirichlet_a0.1__large_norm__seed43,43,dirichlet_a0.1,large_norm,c4_drift_aware
19,0.0760445669293403,3.157413959503174,2.1148066010027837,3,2,1,1,False,c4_drift_aware__dirichlet_a0.1__large_norm__seed43,43,dirichlet_a0.1,large_norm,c4_drift_aware
20,0.240529254078865,2.3970143795013428,2.085306782999396,4,1,1,1,False,c4_drift_aware__dirichlet_a0.1__large_norm__seed43,43,dirichlet_a0.1,large_norm,c4_drift_aware
21,0.2440111488103866,2.2199935913085938,2.105469386999175,4,1,1,1,False,c4_drift_aware__dirichlet_a0.1__large_norm__seed43,43,dirichlet_a0.1,large_norm,c4_drift_aware
22,0.2314763218164444,2.439041376113892,2.0775266849996115,4,1,1,1,False,c4_drift_aware__dirichlet_a0.1__large_norm__seed43,43,dirichlet_a0.1,large_norm,c4_drift_aware
23,0.2388579398393631,2.4135396480560303,2.1382756240018352,4,1,1,1,False,c4_drift_aware__dirichlet_a0.1__large_norm__seed43,43,dirichlet_a0.1,large_norm,c4_drift_aware
24,0.2644846737384796,2.238940477371216,2.076109309997264,4,1,1,1,False,c4_drift_aware__dirichlet_a0.1__large_norm__seed43,43,dirichlet_a0.1,large_norm,c4_drift_aware
0,0.0586351007223129,2.2687413692474365,2.0846575510004186,5,0,1,0,False,c4_drift_aware__dirichlet_a0.1__directional_poisoning__seed43,43,dirichlet_a0.1,directional_poisoning,c4_drift_aware
1,0.0586351007223129,2.214970588684082,2.0793615609982226,4,1,1,0,False,c4_drift_aware__dirichlet_a0.1__directional_poisoning__seed43,43,dirichlet_a0.1,directional_poisoning,c4_drift_aware
2,0.0586351007223129,2.355088472366333,2.077314080001088,4,1,1,0,False,c4_drift_aware__dirichlet_a0.1__directional_poisoning__seed43,43,dirichlet_a0.1,directional_poisoning,c4_drift_aware
3,0.0472144857048988,2.306941509246826,2.0572861550026573,3,2,1,0,False,c4_drift_aware__dirichlet_a0.1__directional_poisoning__seed43,43,dirichlet_a0.1,directional_poisoning,c4_drift_aware
4,0.0586351007223129,2.412796974182129,2.0681535999974585,5,0,1,0,False,c4_drift_aware__dirichlet_a0.1__directional_poisoning__seed43,43,dirichlet_a0.1,directional_poisoning,c4_drift_aware
5,0.0586351007223129,2.375961303710937,2.1495781960002205,5,0,1,0,False,c4_drift_aware__dirichlet_a0.1__directional_poisoning__seed43,43,dirichlet_a0.1,directional_poisoning,c4_drift_aware
6,0.0586351007223129,2.3623950481414795,2.0534601069994096,5,0,1,0,False,c4_drift_aware__dirichlet_a0.1__directional_poisoning__seed43,43,dirichlet_a0.1,directional_poisoning,c4_drift_aware
7,0.0586351007223129,2.3589131832122803,2.0360925439999846,5,0,1,0,False,c4_drift_aware__dirichlet_a0.1__directional_poisoning__seed43,43,dirichlet_a0.1,directional_poisoning,c4_drift_aware
8,0.0586351007223129,2.357250690460205,2.0887317480010097,5,0,1,0,False,c4_drift_aware__dirichlet_a0.1__directional_poisoning__seed43,43,dirichlet_a0.1,directional_poisoning,c4_drift_aware
9,0.0586351007223129,2.340354681015014,1.9365908180006957,5,0,1,0,False,c4_drift_aware__dirichlet_a0.1__directional_poisoning__seed43,43,dirichlet_a0.1,directional_poisoning,c4_drift_aware
10,0.0586351007223129,3.2611424922943115,2.0658399909989384,5,0,1,1,False,c4_drift_aware__dirichlet_a0.1__directional_poisoning__seed43,43,dirichlet_a0.1,directional_poisoning,c4_drift_aware
11,0.0586351007223129,2.890306234359741,2.182548606997443,4,1,1,1,False,c4_drift_aware__dirichlet_a0.1__directional_poisoning__seed43,43,dirichlet_a0.1,directional_poisoning,c4_drift_aware
12,0.0586351007223129,2.7642056941986084,2.001088713997888,4,1,1,1,False,c4_drift_aware__dirichlet_a0.1__directional_poisoning__seed43,43,dirichlet_a0.1,directional_poisoning,c4_drift_aware
13,0.0586351007223129,2.683001756668091,2.1133505229990988,4,1,1,1,False,c4_drift_aware__dirichlet_a0.1__directional_poisoning__seed43,43,dirichlet_a0.1,directional_poisoning,c4_drift_aware
14,0.0586351007223129,2.7720284461975098,2.140501388999837,4,1,1,1,False,c4_drift_aware__dirichlet_a0.1__directional_poisoning__seed43,43,dirichlet_a0.1,directional_poisoning,c4_drift_aware
15,0.0586351007223129,2.624231576919556,2.1205118389989366,4,1,1,1,False,c4_drift_aware__dirichlet_a0.1__directional_poisoning__seed43,43,dirichlet_a0.1,directional_poisoning,c4_drift_aware
16,0.0596100278198719,2.5612502098083496,2.056779970000207,4,1,1,1,False,c4_drift_aware__dirichlet_a0.1__directional_poisoning__seed43,43,dirichlet_a0.1,directional_poisoning,c4_drift_aware
17,0.0740947127342224,2.567502498626709,2.056440123000357,4,1,1,1,False,c4_drift_aware__dirichlet_a0.1__directional_poisoning__seed43,43,dirichlet_a0.1,directional_poisoning,c4_drift_aware
18,0.2002785503864288,2.4957854747772217,2.101253821001592,4,1,1,1,False,c4_drift_aware__dirichlet_a0.1__directional_poisoning__seed43,43,dirichlet_a0.1,directional_poisoning,c4_drift_aware
19,0.2427576631307602,2.250202178955078,2.0846857100004854,4,1,1,1,False,c4_drift_aware__dirichlet_a0.1__directional_poisoning__seed43,43,dirichlet_a0.1,directional_poisoning,c4_drift_aware
20,0.242200568318367,2.291299343109131,2.0620274180000706,4,1,1,1,False,c4_drift_aware__dirichlet_a0.1__directional_poisoning__seed43,43,dirichlet_a0.1,directional_poisoning,c4_drift_aware
21,0.2433147728443145,2.335711717605591,1.993559644997731,4,1,1,1,False,c4_drift_aware__dirichlet_a0.1__directional_poisoning__seed43,43,dirichlet_a0.1,directional_poisoning,c4_drift_aware
22,0.239693596959114,2.3858461380004883,2.091549441996904,4,1,1,1,False,c4_drift_aware__dirichlet_a0.1__directional_poisoning__seed43,43,dirichlet_a0.1,directional_poisoning,c4_drift_aware
23,0.2474930435419082,2.327467679977417,2.085532447003061,4,1,1,1,False,c4_drift_aware__dirichlet_a0.1__directional_poisoning__seed43,43,dirichlet_a0.1,directional_poisoning,c4_drift_aware
24,0.2518105804920196,2.2917964458465576,2.054058972000348,4,1,1,1,False,c4_drift_aware__dirichlet_a0.1__directional_poisoning__seed43,43,dirichlet_a0.1,directional_poisoning,c4_drift_aware
0,0.0586351007223129,2.268731117248535,1.9741800560004776,5,0,1,0,False,c4_drift_aware__dirichlet_a0.1__sparse_coordinate_attack__seed43,43,dirichlet_a0.1,sparse_coordinate_attack,c4_drift_aware
1,0.0586351007223129,2.214740037918091,2.07110078900223,4,1,1,0,False,c4_drift_aware__dirichlet_a0.1__sparse_coordinate_attack__seed43,43,dirichlet_a0.1,sparse_coordinate_attack,c4_drift_aware
2,0.0586351007223129,2.356154203414917,2.04692156499732,4,1,1,0,False,c4_drift_aware__dirichlet_a0.1__sparse_coordinate_attack__seed43,43,dirichlet_a0.1,sparse_coordinate_attack,c4_drift_aware
3,0.0472144857048988,2.307366371154785,2.0714223129980383,3,2,1,0,False,c4_drift_aware__dirichlet_a0.1__sparse_coordinate_attack__seed43,43,dirichlet_a0.1,sparse_coordinate_attack,c4_drift_aware
4,0.0586351007223129,2.412506103515625,2.1006717549971654,5,0,1,0,False,c4_drift_aware__dirichlet_a0.1__sparse_coordinate_attack__seed43,43,dirichlet_a0.1,sparse_coordinate_attack,c4_drift_aware
5,0.0586351007223129,2.376535415649414,2.083519554002123,5,0,1,0,False,c4_drift_aware__dirichlet_a0.1__sparse_coordinate_attack__seed43,43,dirichlet_a0.1,sparse_coordinate_attack,c4_drift_aware
6,0.0586351007223129,2.36033296585083,2.1019590709984186,5,0,1,0,False,c4_drift_aware__dirichlet_a0.1__sparse_coordinate_attack__seed43,43,dirichlet_a0.1,sparse_coordinate_attack,c4_drift_aware
7,0.0586351007223129,2.357855319976806,2.113596402999974,5,0,1,0,False,c4_drift_aware__dirichlet_a0.1__sparse_coordinate_attack__seed43,43,dirichlet_a0.1,sparse_coordinate_attack,c4_drift_aware
8,0.0586351007223129,2.358234405517578,2.13099748699824,5,0,1,0,False,c4_drift_aware__dirichlet_a0.1__sparse_coordinate_attack__seed43,43,dirichlet_a0.1,sparse_coordinate_attack,c4_drift_aware
9,0.0586351007223129,2.3397879600524902,2.1626169189985376,5,0,1,0,False,c4_drift_aware__dirichlet_a0.1__sparse_coordinate_attack__seed43,43,dirichlet_a0.1,sparse_coordinate_attack,c4_drift_aware
10,0.0586351007223129,2.7675139904022217,2.188539327999024,4,1,1,1,False,c4_drift_aware__dirichlet_a0.1__sparse_coordinate_attack__seed43,43,dirichlet_a0.1,sparse_coordinate_attack,c4_drift_aware
11,0.0586351007223129,2.7614967823028564,2.236040492000029,4,1,1,1,False,c4_drift_aware__dirichlet_a0.1__sparse_coordinate_attack__seed43,43,dirichlet_a0.1,sparse_coordinate_attack,c4_drift_aware
12,0.0586351007223129,2.699697732925415,2.0541714210012287,4,1,1,1,False,c4_drift_aware__dirichlet_a0.1__sparse_coordinate_attack__seed43,43,dirichlet_a0.1,sparse_coordinate_attack,c4_drift_aware
13,0.0586351007223129,2.875260353088379,2.1291121439971903,4,1,1,1,False,c4_drift_aware__dirichlet_a0.1__sparse_coordinate_attack__seed43,43,dirichlet_a0.1,sparse_coordinate_attack,c4_drift_aware
14,0.0586351007223129,2.654550313949585,2.1499289059975126,4,1,1,1,False,c4_drift_aware__dirichlet_a0.1__sparse_coordinate_attack__seed43,43,dirichlet_a0.1,sparse_coordinate_attack,c4_drift_aware
15,0.0586351007223129,2.611836194992065,2.108410539000033,4,1,1,1,False,c4_drift_aware__dirichlet_a0.1__sparse_coordinate_attack__seed43,43,dirichlet_a0.1,sparse_coordinate_attack,c4_drift_aware
16,0.0586351007223129,2.7000162601470947,2.084663794001244,4,1,1,1,False,c4_drift_aware__dirichlet_a0.1__sparse_coordinate_attack__seed43,43,dirichlet_a0.1,sparse_coordinate_attack,c4_drift_aware
17,0.2186629623174667,2.443897485733032,2.0865678299996944,4,1,1,1,False,c4_drift_aware__dirichlet_a0.1__sparse_coordinate_attack__seed43,43,dirichlet_a0.1,sparse_coordinate_attack,c4_drift_aware
18,0.1903899759054184,2.4632482528686523,2.083549604001746,4,1,1,1,False,c4_drift_aware__dirichlet_a0.1__sparse_coordinate_attack__seed43,43,dirichlet_a0.1,sparse_coordinate_attack,c4_drift_aware
19,0.2380222827196121,2.391683340072632,2.118137345998548,4,1,1,1,False,c4_drift_aware__dirichlet_a0.1__sparse_coordinate_attack__seed43,43,dirichlet_a0.1,sparse_coordinate_attack,c4_drift_aware
20,0.2345404028892517,2.38183856010437,2.148724159997073,4,1,1,1,False,c4_drift_aware__dirichlet_a0.1__sparse_coordinate_attack__seed43,43,dirichlet_a0.1,sparse_coordinate_attack,c4_drift_aware
21,0.1749303638935089,2.5102574825286865,2.125316411998938,4,1,1,1,False,c4_drift_aware__dirichlet_a0.1__sparse_coordinate_attack__seed43,43,dirichlet_a0.1,sparse_coordinate_attack,c4_drift_aware
22,0.2416434586048126,2.374429225921631,2.087411583001085,4,1,1,1,False,c4_drift_aware__dirichlet_a0.1__sparse_coordinate_attack__seed43,43,dirichlet_a0.1,sparse_coordinate_attack,c4_drift_aware
23,0.2498607337474823,2.311100006103516,2.146105334002641,4,1,1,1,False,c4_drift_aware__dirichlet_a0.1__sparse_coordinate_attack__seed43,43,dirichlet_a0.1,sparse_coordinate_attack,c4_drift_aware
24,0.2416434586048126,2.387228012084961,2.073804953997751,4,1,1,1,False,c4_drift_aware__dirichlet_a0.1__sparse_coordinate_attack__seed43,43,dirichlet_a0.1,sparse_coordinate_attack,c4_drift_aware
0,0.1032033488154411,2.2605223655700684,2.06646354500117,5,0,1,0,False,c4_drift_aware__dirichlet_a0.1__no_attack__seed44,44,dirichlet_a0.1,no_attack,c4_drift_aware
1,0.1717270165681839,2.721020221710205,2.1003092710016062,3,2,1,0,False,c4_drift_aware__dirichlet_a0.1__no_attack__seed44,44,dirichlet_a0.1,no_attack,c4_drift_aware
2,0.1717270165681839,2.9266271591186523,2.160001172000193,3,2,1,0,False,c4_drift_aware__dirichlet_a0.1__no_attack__seed44,44,dirichlet_a0.1,no_attack,c4_drift_aware
3,0.1717270165681839,2.9342658519744877,2.1383964640008344,3,2,1,0,False,c4_drift_aware__dirichlet_a0.1__no_attack__seed44,44,dirichlet_a0.1,no_attack,c4_drift_aware
4,0.1032033488154411,2.7223989963531494,2.1317982750006195,4,1,1,0,False,c4_drift_aware__dirichlet_a0.1__no_attack__seed44,44,dirichlet_a0.1,no_attack,c4_drift_aware
5,0.1032033488154411,2.709724187850952,2.0916605639977206,4,1,1,0,False,c4_drift_aware__dirichlet_a0.1__no_attack__seed44,44,dirichlet_a0.1,no_attack,c4_drift_aware
6,0.1032033488154411,2.7745959758758545,2.143630975002452,4,1,1,0,False,c4_drift_aware__dirichlet_a0.1__no_attack__seed44,44,dirichlet_a0.1,no_attack,c4_drift_aware
7,0.1032033488154411,2.7255935668945312,2.205190351000056,4,1,1,0,False,c4_drift_aware__dirichlet_a0.1__no_attack__seed44,44,dirichlet_a0.1,no_attack,c4_drift_aware
8,0.1032033488154411,2.760817289352417,2.0246354390001216,4,1,1,0,False,c4_drift_aware__dirichlet_a0.1__no_attack__seed44,44,dirichlet_a0.1,no_attack,c4_drift_aware
9,0.1032033488154411,2.7044453620910645,2.105279953997524,4,1,1,0,False,c4_drift_aware__dirichlet_a0.1__no_attack__seed44,44,dirichlet_a0.1,no_attack,c4_drift_aware
10,0.1032033488154411,2.7322139739990234,2.098814465000032,4,1,1,1,False,c4_drift_aware__dirichlet_a0.1__no_attack__seed44,44,dirichlet_a0.1,no_attack,c4_drift_aware
11,0.1032033488154411,2.6982576847076416,2.167743755002448,4,1,1,1,False,c4_drift_aware__dirichlet_a0.1__no_attack__seed44,44,dirichlet_a0.1,no_attack,c4_drift_aware
12,0.1032033488154411,2.7540879249572754,2.115529988001072,4,1,1,1,False,c4_drift_aware__dirichlet_a0.1__no_attack__seed44,44,dirichlet_a0.1,no_attack,c4_drift_aware
13,0.1032033488154411,2.657032966613769,2.0960766219977813,4,1,1,1,False,c4_drift_aware__dirichlet_a0.1__no_attack__seed44,44,dirichlet_a0.1,no_attack,c4_drift_aware
14,0.1032033488154411,2.727612257003784,2.063891051999235,4,1,1,1,False,c4_drift_aware__dirichlet_a0.1__no_attack__seed44,44,dirichlet_a0.1,no_attack,c4_drift_aware
15,0.1033426225185394,2.661807060241699,2.137260121999134,4,1,1,1,False,c4_drift_aware__dirichlet_a0.1__no_attack__seed44,44,dirichlet_a0.1,no_attack,c4_drift_aware
16,0.1032033488154411,2.685314893722534,2.072490991999075,4,1,1,1,False,c4_drift_aware__dirichlet_a0.1__no_attack__seed44,44,dirichlet_a0.1,no_attack,c4_drift_aware
17,0.1032033488154411,2.538456916809082,2.0888217610008724,4,1,1,1,False,c4_drift_aware__dirichlet_a0.1__no_attack__seed44,44,dirichlet_a0.1,no_attack,c4_drift_aware
18,0.1033426225185394,2.561396360397339,2.078896578997956,4,1,1,1,False,c4_drift_aware__dirichlet_a0.1__no_attack__seed44,44,dirichlet_a0.1,no_attack,c4_drift_aware
19,0.1096100285649299,2.603342294692993,2.0887270090024685,4,1,1,1,False,c4_drift_aware__dirichlet_a0.1__no_attack__seed44,44,dirichlet_a0.1,no_attack,c4_drift_aware
20,0.1033426225185394,2.453667402267456,2.1279994789983903,4,1,1,1,False,c4_drift_aware__dirichlet_a0.1__no_attack__seed44,44,dirichlet_a0.1,no_attack,c4_drift_aware
21,0.1816156059503555,2.4540841579437256,2.137898185999802,4,1,1,1,False,c4_drift_aware__dirichlet_a0.1__no_attack__seed44,44,dirichlet_a0.1,no_attack,c4_drift_aware
22,0.1731197834014892,2.5733847618103027,2.071796770000219,4,1,1,1,False,c4_drift_aware__dirichlet_a0.1__no_attack__seed44,44,dirichlet_a0.1,no_attack,c4_drift_aware
23,0.1431754976511001,2.0747079849243164,2.0786292940028943,5,0,1,1,False,c4_drift_aware__dirichlet_a0.1__no_attack__seed44,44,dirichlet_a0.1,no_attack,c4_drift_aware
24,0.1566852480173111,2.3149526119232178,2.0858399889984867,4,1,1,1,False,c4_drift_aware__dirichlet_a0.1__no_attack__seed44,44,dirichlet_a0.1,no_attack,c4_drift_aware
0,0.1032033488154411,2.2605133056640625,2.092611620002572,5,0,1,0,False,c4_drift_aware__dirichlet_a0.1__large_norm__seed44,44,dirichlet_a0.1,large_norm,c4_drift_aware
1,0.1717270165681839,2.7235679626464844,2.063811652998993,3,2,1,0,False,c4_drift_aware__dirichlet_a0.1__large_norm__seed44,44,dirichlet_a0.1,large_norm,c4_drift_aware
2,0.1717270165681839,2.9262795448303223,2.129729555999802,3,2,1,0,False,c4_drift_aware__dirichlet_a0.1__large_norm__seed44,44,dirichlet_a0.1,large_norm,c4_drift_aware
3,0.1717270165681839,2.9318697452545166,2.055093885999668,3,2,1,0,False,c4_drift_aware__dirichlet_a0.1__large_norm__seed44,44,dirichlet_a0.1,large_norm,c4_drift_aware
4,0.1032033488154411,2.7212777137756348,2.1447839249995013,4,1,1,0,False,c4_drift_aware__dirichlet_a0.1__large_norm__seed44,44,dirichlet_a0.1,large_norm,c4_drift_aware
5,0.1032033488154411,2.7125043869018555,2.066687638001895,4,1,1,0,False,c4_drift_aware__dirichlet_a0.1__large_norm__seed44,44,dirichlet_a0.1,large_norm,c4_drift_aware
6,0.1032033488154411,2.7746801376342773,2.0554248119988188,4,1,1,0,False,c4_drift_aware__dirichlet_a0.1__large_norm__seed44,44,dirichlet_a0.1,large_norm,c4_drift_aware
7,0.1032033488154411,2.724324941635132,2.0453427610009385,4,1,1,0,False,c4_drift_aware__dirichlet_a0.1__large_norm__seed44,44,dirichlet_a0.1,large_norm,c4_drift_aware
8,0.1032033488154411,2.76171350479126,2.0757889929991507,4,1,1,0,False,c4_drift_aware__dirichlet_a0.1__large_norm__seed44,44,dirichlet_a0.1,large_norm,c4_drift_aware
9,0.1032033488154411,2.705328702926636,2.174795694998465,4,1,1,0,False,c4_drift_aware__dirichlet_a0.1__large_norm__seed44,44,dirichlet_a0.1,large_norm,c4_drift_aware
10,0.1179665774106979,2.456516027450561,2.069591540999681,2,3,1,1,False,c4_drift_aware__dirichlet_a0.1__large_norm__seed44,44,dirichlet_a0.1,large_norm,c4_drift_aware
11,0.1717270165681839,2.8680574893951416,2.058640879997256,3,2,1,1,False,c4_drift_aware__dirichlet_a0.1__large_norm__seed44,44,dirichlet_a0.1,large_norm,c4_drift_aware
12,0.1179665774106979,2.547568082809448,2.2269365069987543,2,3,1,1,False,c4_drift_aware__dirichlet_a0.1__large_norm__seed44,44,dirichlet_a0.1,large_norm,c4_drift_aware
13,0.1717270165681839,2.767554759979248,2.114019949000067,3,2,1,1,False,c4_drift_aware__dirichlet_a0.1__large_norm__seed44,44,dirichlet_a0.1,large_norm,c4_drift_aware
14,0.1179665774106979,2.497242212295532,2.117830547998892,2,3,1,1,False,c4_drift_aware__dirichlet_a0.1__large_norm__seed44,44,dirichlet_a0.1,large_norm,c4_drift_aware
15,0.1717270165681839,2.683422088623047,2.140296312001737,3,2,1,1,False,c4_drift_aware__dirichlet_a0.1__large_norm__seed44,44,dirichlet_a0.1,large_norm,c4_drift_aware
16,0.1619777232408523,2.2307231426239014,2.0895446020003874,2,3,1,1,False,c4_drift_aware__dirichlet_a0.1__large_norm__seed44,44,dirichlet_a0.1,large_norm,c4_drift_aware
17,0.3082172870635986,2.341531276702881,2.045757528001559,3,2,1,1,False,c4_drift_aware__dirichlet_a0.1__large_norm__seed44,44,dirichlet_a0.1,large_norm,c4_drift_aware
18,0.2100278586149215,2.097222328186035,2.021361368999351,2,3,1,1,False,c4_drift_aware__dirichlet_a0.1__large_norm__seed44,44,dirichlet_a0.1,large_norm,c4_drift_aware
19,0.3416434526443481,2.214205741882324,2.0881593199992494,3,2,1,1,False,c4_drift_aware__dirichlet_a0.1__large_norm__seed44,44,dirichlet_a0.1,large_norm,c4_drift_aware
20,0.3454039096832275,2.335362195968628,2.088589143997524,1,4,1,1,False,c4_drift_aware__dirichlet_a0.1__large_norm__seed44,44,dirichlet_a0.1,large_norm,c4_drift_aware
21,0.3625348210334778,1.838306665420532,2.11207456899865,4,1,1,1,False,c4_drift_aware__dirichlet_a0.1__large_norm__seed44,44,dirichlet_a0.1,large_norm,c4_drift_aware
22,0.3711699247360229,1.779321312904358,2.05957939399741,4,1,1,1,False,c4_drift_aware__dirichlet_a0.1__large_norm__seed44,44,dirichlet_a0.1,large_norm,c4_drift_aware
23,0.3589136600494385,1.814694166183472,2.0699764279997908,4,1,1,1,False,c4_drift_aware__dirichlet_a0.1__large_norm__seed44,44,dirichlet_a0.1,large_norm,c4_drift_aware
24,0.3661560118198395,1.7691357135772705,2.0003320229989185,4,1,1,1,False,c4_drift_aware__dirichlet_a0.1__large_norm__seed44,44,dirichlet_a0.1,large_norm,c4_drift_aware
0,0.1032033488154411,2.260514974594116,1.8566262409985936,5,0,1,0,False,c4_drift_aware__dirichlet_a0.1__directional_poisoning__seed44,44,dirichlet_a0.1,directional_poisoning,c4_drift_aware
1,0.1717270165681839,2.720977306365967,1.9833438810019288,3,2,1,0,False,c4_drift_aware__dirichlet_a0.1__directional_poisoning__seed44,44,dirichlet_a0.1,directional_poisoning,c4_drift_aware
2,0.1717270165681839,2.9268431663513184,2.083939033000206,3,2,1,0,False,c4_drift_aware__dirichlet_a0.1__directional_poisoning__seed44,44,dirichlet_a0.1,directional_poisoning,c4_drift_aware
3,0.1717270165681839,2.932112216949463,2.0838959829998203,3,2,1,0,False,c4_drift_aware__dirichlet_a0.1__directional_poisoning__seed44,44,dirichlet_a0.1,directional_poisoning,c4_drift_aware
4,0.1032033488154411,2.7208032608032227,2.043262854000204,4,1,1,0,False,c4_drift_aware__dirichlet_a0.1__directional_poisoning__seed44,44,dirichlet_a0.1,directional_poisoning,c4_drift_aware
5,0.1032033488154411,2.707403898239136,2.05100849000155,4,1,1,0,False,c4_drift_aware__dirichlet_a0.1__directional_poisoning__seed44,44,dirichlet_a0.1,directional_poisoning,c4_drift_aware
6,0.1032033488154411,2.774874687194824,1.8246236949999,4,1,1,0,False,c4_drift_aware__dirichlet_a0.1__directional_poisoning__seed44,44,dirichlet_a0.1,directional_poisoning,c4_drift_aware
7,0.1032033488154411,2.725759983062744,2.013703175001865,4,1,1,0,False,c4_drift_aware__dirichlet_a0.1__directional_poisoning__seed44,44,dirichlet_a0.1,directional_poisoning,c4_drift_aware
8,0.1032033488154411,2.760944128036499,2.0442946330003906,4,1,1,0,False,c4_drift_aware__dirichlet_a0.1__directional_poisoning__seed44,44,dirichlet_a0.1,directional_poisoning,c4_drift_aware
9,0.1032033488154411,2.7114405632019043,2.092286425999191,4,1,1,0,False,c4_drift_aware__dirichlet_a0.1__directional_poisoning__seed44,44,dirichlet_a0.1,directional_poisoning,c4_drift_aware
10,0.1717270165681839,3.153350830078125,2.175522527002613,4,1,1,1,False,c4_drift_aware__dirichlet_a0.1__directional_poisoning__seed44,44,dirichlet_a0.1,directional_poisoning,c4_drift_aware
11,0.1717270165681839,2.9415438175201416,2.0841020759980893,3,2,1,1,False,c4_drift_aware__dirichlet_a0.1__directional_poisoning__seed44,44,dirichlet_a0.1,directional_poisoning,c4_drift_aware
12,0.1717270165681839,3.587778091430664,2.0898238359986863,4,1,1,1,False,c4_drift_aware__dirichlet_a0.1__directional_poisoning__seed44,44,dirichlet_a0.1,directional_poisoning,c4_drift_aware
13,0.1717270165681839,2.8308801651000977,2.091414446997078,3,2,1,1,False,c4_drift_aware__dirichlet_a0.1__directional_poisoning__seed44,44,dirichlet_a0.1,directional_poisoning,c4_drift_aware
14,0.1717270165681839,2.773038625717163,2.092747530001361,5,0,1,1,False,c4_drift_aware__dirichlet_a0.1__directional_poisoning__seed44,44,dirichlet_a0.1,directional_poisoning,c4_drift_aware
15,0.1717270165681839,2.921888828277588,2.0918959170012386,3,2,1,1,False,c4_drift_aware__dirichlet_a0.1__directional_poisoning__seed44,44,dirichlet_a0.1,directional_poisoning,c4_drift_aware
16,0.1717270165681839,2.7523903846740723,2.048063121997984,5,0,1,1,False,c4_drift_aware__dirichlet_a0.1__directional_poisoning__seed44,44,dirichlet_a0.1,directional_poisoning,c4_drift_aware
17,0.1717270165681839,2.182973623275757,2.138323007002328,4,1,1,1,False,c4_drift_aware__dirichlet_a0.1__directional_poisoning__seed44,44,dirichlet_a0.1,directional_poisoning,c4_drift_aware
18,0.1717270165681839,2.4160478115081787,2.126397885000188,5,0,1,1,False,c4_drift_aware__dirichlet_a0.1__directional_poisoning__seed44,44,dirichlet_a0.1,directional_poisoning,c4_drift_aware
19,0.1717270165681839,2.2726798057556152,2.067030566999165,4,1,1,1,False,c4_drift_aware__dirichlet_a0.1__directional_poisoning__seed44,44,dirichlet_a0.1,directional_poisoning,c4_drift_aware
20,0.1717270165681839,2.4265615940093994,2.1017481820017565,5,0,1,1,False,c4_drift_aware__dirichlet_a0.1__directional_poisoning__seed44,44,dirichlet_a0.1,directional_poisoning,c4_drift_aware
21,0.2345404028892517,2.149243831634521,2.0983974690025207,4,1,1,1,False,c4_drift_aware__dirichlet_a0.1__directional_poisoning__seed44,44,dirichlet_a0.1,directional_poisoning,c4_drift_aware
22,0.1814763247966766,2.3278305530548096,2.1374367310017988,5,0,1,1,False,c4_drift_aware__dirichlet_a0.1__directional_poisoning__seed44,44,dirichlet_a0.1,directional_poisoning,c4_drift_aware
23,0.3491643667221069,2.055238723754883,2.060755779002648,4,1,1,1,False,c4_drift_aware__dirichlet_a0.1__directional_poisoning__seed44,44,dirichlet_a0.1,directional_poisoning,c4_drift_aware
24,0.3431755006313324,2.213042974472046,2.054887670001335,5,0,1,1,False,c4_drift_aware__dirichlet_a0.1__directional_poisoning__seed44,44,dirichlet_a0.1,directional_poisoning,c4_drift_aware
0,0.1032033488154411,2.260514974594116,2.0683755119971465,5,0,1,0,False,c4_drift_aware__dirichlet_a0.1__sparse_coordinate_attack__seed44,44,dirichlet_a0.1,sparse_coordinate_attack,c4_drift_aware
1,0.1717270165681839,2.721001625061035,2.1096798010003117,3,2,1,0,False,c4_drift_aware__dirichlet_a0.1__sparse_coordinate_attack__seed44,44,dirichlet_a0.1,sparse_coordinate_attack,c4_drift_aware
2,0.1717270165681839,2.9250054359436035,2.057931736999308,3,2,1,0,False,c4_drift_aware__dirichlet_a0.1__sparse_coordinate_attack__seed44,44,dirichlet_a0.1,sparse_coordinate_attack,c4_drift_aware
3,0.1717270165681839,2.9298408031463623,2.04760581100345,3,2,1,0,False,c4_drift_aware__dirichlet_a0.1__sparse_coordinate_attack__seed44,44,dirichlet_a0.1,sparse_coordinate_attack,c4_drift_aware
4,0.1032033488154411,2.721510410308838,2.094576285002404,4,1,1,0,False,c4_drift_aware__dirichlet_a0.1__sparse_coordinate_attack__seed44,44,dirichlet_a0.1,sparse_coordinate_attack,c4_drift_aware
5,0.1032033488154411,2.708700656890869,2.125980647000688,4,1,1,0,False,c4_drift_aware__dirichlet_a0.1__sparse_coordinate_attack__seed44,44,dirichlet_a0.1,sparse_coordinate_attack,c4_drift_aware
6,0.1032033488154411,2.7724978923797607,2.059296817998984,4,1,1,0,False,c4_drift_aware__dirichlet_a0.1__sparse_coordinate_attack__seed44,44,dirichlet_a0.1,sparse_coordinate_attack,c4_drift_aware
7,0.1032033488154411,2.72843861579895,2.0681272790025105,4,1,1,0,False,c4_drift_aware__dirichlet_a0.1__sparse_coordinate_attack__seed44,44,dirichlet_a0.1,sparse_coordinate_attack,c4_drift_aware
8,0.1032033488154411,2.762503147125244,2.049864303000504,4,1,1,0,False,c4_drift_aware__dirichlet_a0.1__sparse_coordinate_attack__seed44,44,dirichlet_a0.1,sparse_coordinate_attack,c4_drift_aware
9,0.1032033488154411,2.7069122791290283,2.045322282003326,4,1,1,0,False,c4_drift_aware__dirichlet_a0.1__sparse_coordinate_attack__seed44,44,dirichlet_a0.1,sparse_coordinate_attack,c4_drift_aware
10,0.1717270165681839,2.2777745723724365,2.079393585998332,4,1,1,1,False,c4_drift_aware__dirichlet_a0.1__sparse_coordinate_attack__seed44,44,dirichlet_a0.1,sparse_coordinate_attack,c4_drift_aware
11,0.1717270165681839,2.345244884490967,2.08133703799831,4,1,1,1,False,c4_drift_aware__dirichlet_a0.1__sparse_coordinate_attack__seed44,44,dirichlet_a0.1,sparse_coordinate_attack,c4_drift_aware
12,0.1717270165681839,2.7474365234375,2.092330300998583,3,2,1,1,False,c4_drift_aware__dirichlet_a0.1__sparse_coordinate_attack__seed44,44,dirichlet_a0.1,sparse_coordinate_attack,c4_drift_aware
13,0.1717270165681839,2.292062759399414,2.09408036899913,4,1,1,1,False,c4_drift_aware__dirichlet_a0.1__sparse_coordinate_attack__seed44,44,dirichlet_a0.1,sparse_coordinate_attack,c4_drift_aware
14,0.1717270165681839,2.2533695697784424,1.973443547001807,4,1,1,1,False,c4_drift_aware__dirichlet_a0.1__sparse_coordinate_attack__seed44,44,dirichlet_a0.1,sparse_coordinate_attack,c4_drift_aware
15,0.1717270165681839,2.2247345447540283,2.079062258999329,4,1,1,1,False,c4_drift_aware__dirichlet_a0.1__sparse_coordinate_attack__seed44,44,dirichlet_a0.1,sparse_coordinate_attack,c4_drift_aware
16,0.1717270165681839,2.211702823638916,2.09539153500009,4,1,1,1,False,c4_drift_aware__dirichlet_a0.1__sparse_coordinate_attack__seed44,44,dirichlet_a0.1,sparse_coordinate_attack,c4_drift_aware
17,0.1717270165681839,2.188864231109619,2.1673915249994025,4,1,1,1,False,c4_drift_aware__dirichlet_a0.1__sparse_coordinate_attack__seed44,44,dirichlet_a0.1,sparse_coordinate_attack,c4_drift_aware
18,0.1717270165681839,2.152024030685425,2.155012749997695,4,1,1,1,False,c4_drift_aware__dirichlet_a0.1__sparse_coordinate_attack__seed44,44,dirichlet_a0.1,sparse_coordinate_attack,c4_drift_aware
19,0.1717270165681839,2.156766653060913,2.07695725099984,4,1,1,1,False,c4_drift_aware__dirichlet_a0.1__sparse_coordinate_attack__seed44,44,dirichlet_a0.1,sparse_coordinate_attack,c4_drift_aware
20,0.1713092029094696,2.0744850635528564,2.0783823159981694,4,1,1,1,False,c4_drift_aware__dirichlet_a0.1__sparse_coordinate_attack__seed44,44,dirichlet_a0.1,sparse_coordinate_attack,c4_drift_aware
21,0.3108635246753692,2.021228790283203,2.0115574909978022,4,1,1,1,False,c4_drift_aware__dirichlet_a0.1__sparse_coordinate_attack__seed44,44,dirichlet_a0.1,sparse_coordinate_attack,c4_drift_aware
22,0.2669916450977325,1.986621856689453,2.131649513001321,4,1,1,1,False,c4_drift_aware__dirichlet_a0.1__sparse_coordinate_attack__seed44,44,dirichlet_a0.1,sparse_coordinate_attack,c4_drift_aware
23,0.2938718795776367,2.01951003074646,2.117077685001277,4,1,1,1,False,c4_drift_aware__dirichlet_a0.1__sparse_coordinate_attack__seed44,44,dirichlet_a0.1,sparse_coordinate_attack,c4_drift_aware
24,0.335654616355896,1.9093668460845947,1.9524492000018652,4,1,1,1,False,c4_drift_aware__dirichlet_a0.1__sparse_coordinate_attack__seed44,44,dirichlet_a0.1,sparse_coordinate_attack,c4_drift_aware
0,0.05863510072231293,2.1941957473754883,2.559378478999861,5,0,1,0,False,c4_drift_aware__iid__full_sign_flip__seed42,42,iid,full_sign_flip,c4_drift_aware
1,0.16086351871490479,2.1918323040008545,2.075558805001492,5,0,1,0,False,c4_drift_aware__iid__full_sign_flip__seed42,42,iid,full_sign_flip,c4_drift_aware
2,0.1717270165681839,2.190117120742798,2.1529146510001738,4,1,1,0,False,c4_drift_aware__iid__full_sign_flip__seed42,42,iid,full_sign_flip,c4_drift_aware
3,0.1717270165681839,2.189005136489868,2.0650512060019537,5,0,1,0,False,c4_drift_aware__iid__full_sign_flip__seed42,42,iid,full_sign_flip,c4_drift_aware
4,0.1717270165681839,2.1870169639587402,2.072811342000932,5,0,1,0,False,c4_drift_aware__iid__full_sign_flip__seed42,42,iid,full_sign_flip,c4_drift_aware
5,0.1717270165681839,2.1857128143310547,2.125234929997532,5,0,1,0,False,c4_drift_aware__iid__full_sign_flip__seed42,42,iid,full_sign_flip,c4_drift_aware
6,0.1717270165681839,2.1845083236694336,1.872349358000065,5,0,1,0,False,c4_drift_aware__iid__full_sign_flip__seed42,42,iid,full_sign_flip,c4_drift_aware
7,0.1717270165681839,2.1818037033081055,2.0519864989983034,5,0,1,0,False,c4_drift_aware__iid__full_sign_flip__seed42,42,iid,full_sign_flip,c4_drift_aware
8,0.1717270165681839,2.1800875663757324,2.065668827999616,5,0,1,0,False,c4_drift_aware__iid__full_sign_flip__seed42,42,iid,full_sign_flip,c4_drift_aware
9,0.1717270165681839,2.176992654800415,2.0670396059977065,5,0,1,0,False,c4_drift_aware__iid__full_sign_flip__seed42,42,iid,full_sign_flip,c4_drift_aware
10,0.1717270165681839,2.173704147338867,2.045684330001677,4,1,1,1,False,c4_drift_aware__iid__full_sign_flip__seed42,42,iid,full_sign_flip,c4_drift_aware
11,0.1714484691619873,2.1707305908203125,2.0465161520005495,4,1,1,1,False,c4_drift_aware__iid__full_sign_flip__seed42,42,iid,full_sign_flip,c4_drift_aware
12,0.17019498348236084,2.1649458408355713,2.0811743850026687,4,1,1,1,False,c4_drift_aware__iid__full_sign_flip__seed42,42,iid,full_sign_flip,c4_drift_aware
13,0.1715877503156662,2.1587932109832764,2.190558950002014,2,3,1,1,False,c4_drift_aware__iid__full_sign_flip__seed42,42,iid,full_sign_flip,c4_drift_aware
14,0.1715877503156662,2.1506187915802,2.116748614000244,4,1,1,1,False,c4_drift_aware__iid__full_sign_flip__seed42,42,iid,full_sign_flip,c4_drift_aware
15,0.17075209319591522,2.145118236541748,2.1244373499976064,3,2,1,1,False,c4_drift_aware__iid__full_sign_flip__seed42,42,iid,full_sign_flip,c4_drift_aware
16,0.32339832186698914,2.1335058212280273,2.0999670310011425,4,1,1,1,False,c4_drift_aware__iid__full_sign_flip__seed42,42,iid,full_sign_flip,c4_drift_aware
17,0.3472144901752472,2.122509241104126,2.1500658949989884,3,2,1,1,False,c4_drift_aware__iid__full_sign_flip__seed42,42,iid,full_sign_flip,c4_drift_aware
18,0.3511142134666443,2.1030325889587402,2.1306075700013025,4,1,1,1,False,c4_drift_aware__iid__full_sign_flip__seed42,42,iid,full_sign_flip,c4_drift_aware
19,0.3511142134666443,2.083436965942383,2.210816292998061,4,1,1,1,False,c4_drift_aware__iid__full_sign_flip__seed42,42,iid,full_sign_flip,c4_drift_aware
20,0.411420613527298,2.046889305114746,2.111913475997426,4,1,1,1,False,c4_drift_aware__iid__full_sign_flip__seed42,42,iid,full_sign_flip,c4_drift_aware
21,0.4183844029903412,2.001844882965088,2.058018682000693,4,1,1,1,False,c4_drift_aware__iid__full_sign_flip__seed42,42,iid,full_sign_flip,c4_drift_aware
22,0.41643455624580383,1.9360408782958984,2.100451778002025,4,1,1,1,False,c4_drift_aware__iid__full_sign_flip__seed42,42,iid,full_sign_flip,c4_drift_aware
23,0.41935935616493225,1.8648333549499512,2.0419743079983164,4,1,1,1,False,c4_drift_aware__iid__full_sign_flip__seed42,42,iid,full_sign_flip,c4_drift_aware
24,0.46016713976860046,1.7937641143798828,2.038172658998519,4,1,1,1,False,c4_drift_aware__iid__full_sign_flip__seed42,42,iid,full_sign_flip,c4_drift_aware
0,0.05863510072231293,2.1941957473754883,2.0494143089999852,5,0,1,0,False,c4_drift_aware__iid__low_norm__seed42,42,iid,low_norm,c4_drift_aware
1,0.16086351871490479,2.1918320655822754,2.0910070999998425,5,0,1,0,False,c4_drift_aware__iid__low_norm__seed42,42,iid,low_norm,c4_drift_aware
2,0.1717270165681839,2.190119504928589,2.180014186000335,4,1,1,0,False,c4_drift_aware__iid__low_norm__seed42,42,iid,low_norm,c4_drift_aware
3,0.1717270165681839,2.1890084743499756,2.1154105530004017,5,0,1,0,False,c4_drift_aware__iid__low_norm__seed42,42,iid,low_norm,c4_drift_aware
4,0.1717270165681839,2.1870176792144775,2.066880113998195,5,0,1,0,False,c4_drift_aware__iid__low_norm__seed42,42,iid,low_norm,c4_drift_aware
5,0.1717270165681839,2.1857187747955322,2.015410175001307,5,0,1,0,False,c4_drift_aware__iid__low_norm__seed42,42,iid,low_norm,c4_drift_aware
6,0.1717270165681839,2.1845173835754395,2.0409649519970117,5,0,1,0,False,c4_drift_aware__iid__low_norm__seed42,42,iid,low_norm,c4_drift_aware
7,0.1717270165681839,2.1818172931671143,2.014719648999744,5,0,1,0,False,c4_drift_aware__iid__low_norm__seed42,42,iid,low_norm,c4_drift_aware
8,0.1715877503156662,2.18005108833313,2.0777759900011006,5,0,1,0,False,c4_drift_aware__iid__low_norm__seed42,42,iid,low_norm,c4_drift_aware
9,0.1717270165681839,2.176811456680298,2.221598580999853,5,0,1,0,False,c4_drift_aware__iid__low_norm__seed42,42,iid,low_norm,c4_drift_aware
10,0.1717270165681839,2.174147844314575,2.0394637870012957,5,0,1,1,False,c4_drift_aware__iid__low_norm__seed42,42,iid,low_norm,c4_drift_aware
11,0.1714484691619873,2.171772003173828,2.0826449380001577,5,0,1,1,False,c4_drift_aware__iid__low_norm__seed42,42,iid,low_norm,c4_drift_aware
12,0.1711699217557907,2.1674575805664062,2.10833657799958,5,0,1,1,False,c4_drift_aware__iid__low_norm__seed42,42,iid,low_norm,c4_drift_aware
13,0.1717270165681839,2.1631858348846436,2.060556471002201,5,0,1,1,False,c4_drift_aware__iid__low_norm__seed42,42,iid,low_norm,c4_drift_aware
14,0.1715877503156662,2.157148599624634,2.1206020939971495,5,0,1,1,False,c4_drift_aware__iid__low_norm__seed42,42,iid,low_norm,c4_drift_aware
15,0.1713092029094696,2.1537015438079834,2.1358359250007197,4,1,1,1,False,c4_drift_aware__iid__low_norm__seed42,42,iid,low_norm,c4_drift_aware
16,0.18217270076274872,2.1462347507476807,2.1387972489974345,5,0,1,1,False,c4_drift_aware__iid__low_norm__seed42,42,iid,low_norm,c4_drift_aware
17,0.2643454074859619,2.138939380645752,2.0825746250011434,5,0,1,1,False,c4_drift_aware__iid__low_norm__seed42,42,iid,low_norm,c4_drift_aware
18,0.33342617750167847,2.1288042068481445,2.1225741879970883,5,0,1,1,False,c4_drift_aware__iid__low_norm__seed42,42,iid,low_norm,c4_drift_aware
19,0.3431755006313324,2.1189723014831543,2.0996361619982054,5,0,1,1,False,c4_drift_aware__iid__low_norm__seed42,42,iid,low_norm,c4_drift_aware
20,0.3538997173309326,2.1027441024780273,2.0727439039983437,5,0,1,1,False,c4_drift_aware__iid__low_norm__seed42,42,iid,low_norm,c4_drift_aware
21,0.351253479719162,2.0826754570007324,2.1072862289984187,5,0,1,1,False,c4_drift_aware__iid__low_norm__seed42,42,iid,low_norm,c4_drift_aware
22,0.3544568419456482,2.0555872917175293,2.080029882999952,5,0,1,1,False,c4_drift_aware__iid__low_norm__seed42,42,iid,low_norm,c4_drift_aware
23,0.4176880419254303,2.02144718170166,2.0562226270012616,5,0,1,1,False,c4_drift_aware__iid__low_norm__seed42,42,iid,low_norm,c4_drift_aware
24,0.41643455624580383,1.9838491678237915,2.0652045289971284,5,0,1,1,False,c4_drift_aware__iid__low_norm__seed42,42,iid,low_norm,c4_drift_aware
0,0.08245125412940979,2.1853959560394287,2.104477400000178,5,0,1,0,False,c4_drift_aware__iid__full_sign_flip__seed43,43,iid,full_sign_flip,c4_drift_aware
1,0.08245125412940979,2.1843128204345703,2.07535070099766,5,0,1,0,False,c4_drift_aware__iid__full_sign_flip__seed43,43,iid,full_sign_flip,c4_drift_aware
2,0.08245125412940979,2.1823384761810303,2.097270911999658,5,0,1,0,False,c4_drift_aware__iid__full_sign_flip__seed43,43,iid,full_sign_flip,c4_drift_aware
3,0.09777159243822098,2.179583787918091,2.0845210299994505,5,0,1,0,False,c4_drift_aware__iid__full_sign_flip__seed43,43,iid,full_sign_flip,c4_drift_aware
4,0.11615598946809769,2.1752750873565674,2.085571396000887,5,0,1,0,False,c4_drift_aware__iid__full_sign_flip__seed43,43,iid,full_sign_flip,c4_drift_aware
5,0.17785516381263733,2.1694672107696533,2.032086786999571,5,0,1,0,False,c4_drift_aware__iid__full_sign_flip__seed43,43,iid,full_sign_flip,c4_drift_aware
6,0.17005571722984314,2.1626667976379395,1.8212086060011643,5,0,1,0,False,c4_drift_aware__iid__full_sign_flip__seed43,43,iid,full_sign_flip,c4_drift_aware
7,0.2717270255088806,2.153386354446411,1.8381929309980478,4,1,1,0,False,c4_drift_aware__iid__full_sign_flip__seed43,43,iid,full_sign_flip,c4_drift_aware
8,0.35250696539878845,2.138256311416626,2.051908433997596,5,0,1,0,False,c4_drift_aware__iid__full_sign_flip__seed43,43,iid,full_sign_flip,c4_drift_aware
9,0.35320335626602173,2.11952543258667,2.100833149997925,5,0,1,0,False,c4_drift_aware__iid__full_sign_flip__seed43,43,iid,full_sign_flip,c4_drift_aware
10,0.3551532030105591,2.086696147918701,2.152609755001322,4,1,1,1,False,c4_drift_aware__iid__full_sign_flip__seed43,43,iid,full_sign_flip,c4_drift_aware
11,0.280083566904068,2.033249855041504,2.0966556780003884,4,1,1,1,False,c4_drift_aware__iid__full_sign_flip__seed43,43,iid,full_sign_flip,c4_drift_aware
12,0.28941506147384644,1.962216854095459,2.0756491319989436,4,1,1,1,False,c4_drift_aware__iid__full_sign_flip__seed43,43,iid,full_sign_flip,c4_drift_aware
13,0.3431755006313324,1.8786295652389526,2.142771412000002,4,1,1,1,False,c4_drift_aware__iid__full_sign_flip__seed43,43,iid,full_sign_flip,c4_drift_aware
14,0.2944289743900299,1.8028725385665894,2.066813181001635,4,1,1,1,False,c4_drift_aware__iid__full_sign_flip__seed43,43,iid,full_sign_flip,c4_drift_aware
15,0.3091922104358673,1.7692054510116577,2.0660591529995145,4,1,1,1,False,c4_drift_aware__iid__full_sign_flip__seed43,43,iid,full_sign_flip,c4_drift_aware
16,0.3615598976612091,1.704323410987854,2.104827570001362,4,1,1,1,False,c4_drift_aware__iid__full_sign_flip__seed43,43,iid,full_sign_flip,c4_drift_aware
17,0.4295264780521393,1.6686547994613647,2.069162783998763,4,1,1,1,False,c4_drift_aware__iid__full_sign_flip__seed43,43,iid,full_sign_flip,c4_drift_aware
18,0.4544568359851837,1.650307536125183,2.0895385180010635,4,1,1,1,False,c4_drift_aware__iid__full_sign_flip__seed43,43,iid,full_sign_flip,c4_drift_aware
19,0.43036213517189026,1.6221516132354736,2.1728991359996144,4,1,1,1,False,c4_drift_aware__iid__full_sign_flip__seed43,43,iid,full_sign_flip,c4_drift_aware
20,0.4103064239025116,1.6350339651107788,2.1098540729981323,4,1,1,1,False,c4_drift_aware__iid__full_sign_flip__seed43,43,iid,full_sign_flip,c4_drift_aware
21,0.4337047338485718,1.592160701751709,2.0251056909983163,4,1,1,1,False,c4_drift_aware__iid__full_sign_flip__seed43,43,iid,full_sign_flip,c4_drift_aware
22,0.4515320360660553,1.5688843727111816,2.111519630001567,4,1,1,1,False,c4_drift_aware__iid__full_sign_flip__seed43,43,iid,full_sign_flip,c4_drift_aware
23,0.4660167098045349,1.562321662902832,2.1078626310008985,4,1,1,1,False,c4_drift_aware__iid__full_sign_flip__seed43,43,iid,full_sign_flip,c4_drift_aware
24,0.4317548871040344,1.552039623260498,2.070551124001213,4,1,1,1,False,c4_drift_aware__iid__full_sign_flip__seed43,43,iid,full_sign_flip,c4_drift_aware
0,0.08245125412940979,2.1853959560394287,2.1025935239995306,5,0,1,0,False,c4_drift_aware__iid__low_norm__seed43,43,iid,low_norm,c4_drift_aware
1,0.08245125412940979,2.184309482574463,2.082312352998997,5,0,1,0,False,c4_drift_aware__iid__low_norm__seed43,43,iid,low_norm,c4_drift_aware
2,0.08245125412940979,2.1823391914367676,2.049299667000014,5,0,1,0,False,c4_drift_aware__iid__low_norm__seed43,43,iid,low_norm,c4_drift_aware
3,0.09777159243822098,2.1795825958251953,2.0933083149975573,5,0,1,0,False,c4_drift_aware__iid__low_norm__seed43,43,iid,low_norm,c4_drift_aware
4,0.11601671576499939,2.1752772331237793,2.1167745489983645,5,0,1,0,False,c4_drift_aware__iid__low_norm__seed43,43,iid,low_norm,c4_drift_aware
5,0.17785516381263733,2.1694681644439697,2.0665056879988697,5,0,1,0,False,c4_drift_aware__iid__low_norm__seed43,43,iid,low_norm,c4_drift_aware
6,0.16963788866996765,2.162672996520996,2.0589361530001042,5,0,1,0,False,c4_drift_aware__iid__low_norm__seed43,43,iid,low_norm,c4_drift_aware
7,0.2720055878162384,2.153391122817993,2.0863526510001975,4,1,1,0,False,c4_drift_aware__iid__low_norm__seed43,43,iid,low_norm,c4_drift_aware
8,0.35236769914627075,2.138260841369629,2.144206111002859,5,0,1,0,False,c4_drift_aware__iid__low_norm__seed43,43,iid,low_norm,c4_drift_aware
9,0.35320335626602173,2.11953067779541,2.0819650390003517,5,0,1,0,False,c4_drift_aware__iid__low_norm__seed43,43,iid,low_norm,c4_drift_aware
10,0.36782729625701904,2.0938990116119385,2.0750289229981718,5,0,1,1,False,c4_drift_aware__iid__low_norm__seed43,43,iid,low_norm,c4_drift_aware
11,0.28899723291397095,2.054426908493042,2.0988646320001862,5,0,1,1,False,c4_drift_aware__iid__low_norm__seed43,43,iid,low_norm,c4_drift_aware
12,0.29345405101776123,2.003596067428589,2.093246257001738,5,0,1,1,False,c4_drift_aware__iid__low_norm__seed43,43,iid,low_norm,c4_drift_aware
13,0.3398328721523285,1.9420808553695679,2.092427495997981,5,0,1,1,False,c4_drift_aware__iid__low_norm__seed43,43,iid,low_norm,c4_drift_aware
14,0.29554319381713867,1.8752458095550537,2.0618676980011514,5,0,1,1,False,c4_drift_aware__iid__low_norm__seed43,43,iid,low_norm,c4_drift_aware
15,0.2916434705257416,1.8208603858947754,2.144620080001914,5,0,1,1,False,c4_drift_aware__iid__low_norm__seed43,43,iid,low_norm,c4_drift_aware
16,0.31155988574028015,1.7630176544189453,2.057934328000556,5,0,1,1,False,c4_drift_aware__iid__low_norm__seed43,43,iid,low_norm,c4_drift_aware
17,0.3213092088699341,1.7265818119049072,2.090506488999381,5,0,1,1,False,c4_drift_aware__iid__low_norm__seed43,43,iid,low_norm,c4_drift_aware
18,0.3616991639137268,1.69364333152771,2.0752472589992976,5,0,1,1,False,c4_drift_aware__iid__low_norm__seed43,43,iid,low_norm,c4_drift_aware
19,0.43857941031455994,1.6637550592422485,2.151866132997384,5,0,1,1,False,c4_drift_aware__iid__low_norm__seed43,43,iid,low_norm,c4_drift_aware
20,0.4291086494922638,1.6695899963378906,2.046514813999238,5,0,1,1,False,c4_drift_aware__iid__low_norm__seed43,43,iid,low_norm,c4_drift_aware
21,0.4466573894023895,1.634129285812378,2.1054973890022666,5,0,1,1,False,c4_drift_aware__iid__low_norm__seed43,43,iid,low_norm,c4_drift_aware
22,0.455153226852417,1.6080124378204346,2.100400569001067,5,0,1,1,False,c4_drift_aware__iid__low_norm__seed43,43,iid,low_norm,c4_drift_aware
23,0.4651810824871063,1.5870729684829712,1.9284299159990042,5,0,1,1,False,c4_drift_aware__iid__low_norm__seed43,43,iid,low_norm,c4_drift_aware
24,0.44178274273872375,1.5802102088928223,2.140467721001187,5,0,1,1,False,c4_drift_aware__iid__low_norm__seed43,43,iid,low_norm,c4_drift_aware
0,0.08245125412940979,2.187807321548462,2.0305679560005956,5,0,1,0,False,c4_drift_aware__iid__full_sign_flip__seed44,44,iid,full_sign_flip,c4_drift_aware
1,0.08245125412940979,2.1882126331329346,2.01322263000111,5,0,1,0,False,c4_drift_aware__iid__full_sign_flip__seed44,44,iid,full_sign_flip,c4_drift_aware
2,0.09080780297517776,2.18422794342041,2.0805465209996328,4,1,1,0,False,c4_drift_aware__iid__full_sign_flip__seed44,44,iid,full_sign_flip,c4_drift_aware
3,0.09832869470119476,2.1802663803100586,2.097456597999553,5,0,1,0,False,c4_drift_aware__iid__full_sign_flip__seed44,44,iid,full_sign_flip,c4_drift_aware
4,0.09108635038137436,2.176781177520752,2.160091490000923,5,0,1,0,False,c4_drift_aware__iid__full_sign_flip__seed44,44,iid,full_sign_flip,c4_drift_aware
5,0.08830083906650543,2.171431303024292,2.0775450939981965,5,0,1,0,False,c4_drift_aware__iid__full_sign_flip__seed44,44,iid,full_sign_flip,c4_drift_aware
6,0.08286908268928528,2.1676313877105713,2.118875805001153,4,1,1,0,False,c4_drift_aware__iid__full_sign_flip__seed44,44,iid,full_sign_flip,c4_drift_aware
7,0.09916434437036514,2.1608495712280273,1.8100700420000067,5,0,1,0,False,c4_drift_aware__iid__full_sign_flip__seed44,44,iid,full_sign_flip,c4_drift_aware
8,0.12813371419906616,2.153611183166504,2.1195035450000432,5,0,1,0,False,c4_drift_aware__iid__full_sign_flip__seed44,44,iid,full_sign_flip,c4_drift_aware
9,0.1452646255493164,2.1444408893585205,2.072473471002013,4,1,1,0,False,c4_drift_aware__iid__full_sign_flip__seed44,44,iid,full_sign_flip,c4_drift_aware
10,0.24693593382835388,2.130056619644165,2.022740159998648,4,1,1,1,False,c4_drift_aware__iid__full_sign_flip__seed44,44,iid,full_sign_flip,c4_drift_aware
11,0.3061281442642212,2.111567974090576,1.98566022399973,4,1,1,1,False,c4_drift_aware__iid__full_sign_flip__seed44,44,iid,full_sign_flip,c4_drift_aware
12,0.304735392332077,2.0793240070343018,2.0563345800001116,4,1,1,1,False,c4_drift_aware__iid__full_sign_flip__seed44,44,iid,full_sign_flip,c4_drift_aware
13,0.3094707727432251,2.037942409515381,2.034706279002421,4,1,1,1,False,c4_drift_aware__iid__full_sign_flip__seed44,44,iid,full_sign_flip,c4_drift_aware
14,0.3172701895236969,1.9700576066970825,2.038400584999181,4,1,1,1,False,c4_drift_aware__iid__full_sign_flip__seed44,44,iid,full_sign_flip,c4_drift_aware
15,0.3243732750415802,1.894271731376648,1.9980924399969808,4,1,1,1,False,c4_drift_aware__iid__full_sign_flip__seed44,44,iid,full_sign_flip,c4_drift_aware
16,0.32172703742980957,1.8117954730987549,1.8361994110018713,4,1,1,1,False,c4_drift_aware__iid__full_sign_flip__seed44,44,iid,full_sign_flip,c4_drift_aware
17,0.31142061948776245,1.7496289014816284,2.0386256339988904,4,1,1,1,False,c4_drift_aware__iid__full_sign_flip__seed44,44,iid,full_sign_flip,c4_drift_aware
18,0.3309192359447479,1.7398056983947754,2.043329703999916,3,2,1,1,False,c4_drift_aware__iid__full_sign_flip__seed44,44,iid,full_sign_flip,c4_drift_aware
19,0.4112813472747803,1.6737394332885742,2.084021175000089,4,1,1,1,False,c4_drift_aware__iid__full_sign_flip__seed44,44,iid,full_sign_flip,c4_drift_aware
20,0.43509751558303833,1.6464914083480835,2.1209705830005987,4,1,1,1,False,c4_drift_aware__iid__full_sign_flip__seed44,44,iid,full_sign_flip,c4_drift_aware
21,0.429665744304657,1.6413161754608154,2.023426522999216,4,1,1,1,False,c4_drift_aware__iid__full_sign_flip__seed44,44,iid,full_sign_flip,c4_drift_aware
22,0.4474930465221405,1.6086280345916748,2.1443618110024545,4,1,1,1,False,c4_drift_aware__iid__full_sign_flip__seed44,44,iid,full_sign_flip,c4_drift_aware
23,0.4845404028892517,1.5851079225540161,2.0513198469998315,4,1,1,1,False,c4_drift_aware__iid__full_sign_flip__seed44,44,iid,full_sign_flip,c4_drift_aware
24,0.4410863518714905,1.6136364936828613,2.0440077540006314,3,2,1,1,False,c4_drift_aware__iid__full_sign_flip__seed44,44,iid,full_sign_flip,c4_drift_aware
0,0.08245125412940979,2.1878092288970947,2.034267846000148,5,0,1,0,False,c4_drift_aware__iid__low_norm__seed44,44,iid,low_norm,c4_drift_aware
1,0.08245125412940979,2.1882078647613525,2.0755488769973454,5,0,1,0,False,c4_drift_aware__iid__low_norm__seed44,44,iid,low_norm,c4_drift_aware
2,0.09080780297517776,2.1842217445373535,2.097705334999773,4,1,1,0,False,c4_drift_aware__iid__low_norm__seed44,44,iid,low_norm,c4_drift_aware
3,0.09832869470119476,2.18025803565979,2.0955909690019325,5,0,1,0,False,c4_drift_aware__iid__low_norm__seed44,44,iid,low_norm,c4_drift_aware
4,0.09108635038137436,2.1767737865448,2.0608340200014936,5,0,1,0,False,c4_drift_aware__iid__low_norm__seed44,44,iid,low_norm,c4_drift_aware
5,0.08830083906650543,2.171438694000244,2.128862318000756,5,0,1,0,False,c4_drift_aware__iid__low_norm__seed44,44,iid,low_norm,c4_drift_aware
6,0.08286908268928528,2.1676366329193115,2.162918305999483,4,1,1,0,False,c4_drift_aware__iid__low_norm__seed44,44,iid,low_norm,c4_drift_aware
7,0.09944289922714233,2.1608428955078125,2.0571613590000197,5,0,1,0,False,c4_drift_aware__iid__low_norm__seed44,44,iid,low_norm,c4_drift_aware
8,0.12813371419906616,2.1536083221435547,2.051667797000846,5,0,1,0,False,c4_drift_aware__iid__low_norm__seed44,44,iid,low_norm,c4_drift_aware
9,0.1451253443956375,2.144432544708252,2.107313961001637,4,1,1,0,False,c4_drift_aware__iid__low_norm__seed44,44,iid,low_norm,c4_drift_aware
10,0.23342618346214294,2.1330935955047607,2.1620650879995083,5,0,1,1,False,c4_drift_aware__iid__low_norm__seed44,44,iid,low_norm,c4_drift_aware
11,0.2940111458301544,2.1194663047790527,2.1109287289982603,5,0,1,1,False,c4_drift_aware__iid__low_norm__seed44,44,iid,low_norm,c4_drift_aware
12,0.30376043915748596,2.0975658893585205,2.0977024219973828,5,0,1,1,False,c4_drift_aware__iid__low_norm__seed44,44,iid,low_norm,c4_drift_aware
13,0.306406706571579,2.0714528560638428,2.1441763219991117,5,0,1,1,False,c4_drift_aware__iid__low_norm__seed44,44,iid,low_norm,c4_drift_aware
14,0.3122562766075134,2.030149221420288,1.8064361269971414,5,0,1,1,False,c4_drift_aware__iid__low_norm__seed44,44,iid,low_norm,c4_drift_aware
15,0.3208913803100586,1.9787501096725464,2.042887341001915,5,0,1,1,False,c4_drift_aware__iid__low_norm__seed44,44,iid,low_norm,c4_drift_aware
16,0.3214484751224518,1.913011908531189,2.113742238001578,5,0,1,1,False,c4_drift_aware__iid__low_norm__seed44,44,iid,low_norm,c4_drift_aware
17,0.3162952661514282,1.8456647396087646,2.074452769000345,5,0,1,1,False,c4_drift_aware__iid__low_norm__seed44,44,iid,low_norm,c4_drift_aware
18,0.33022284507751465,1.8225220441818237,2.118704511998658,5,0,1,1,False,c4_drift_aware__iid__low_norm__seed44,44,iid,low_norm,c4_drift_aware
19,0.32172703742980957,1.7456375360488892,2.0978387569994084,5,0,1,1,False,c4_drift_aware__iid__low_norm__seed44,44,iid,low_norm,c4_drift_aware
20,0.3359331488609314,1.7075741291046143,2.079421379999985,5,0,1,1,False,c4_drift_aware__iid__low_norm__seed44,44,iid,low_norm,c4_drift_aware
21,0.4103064239025116,1.6977558135986328,2.066087482002331,5,0,1,1,False,c4_drift_aware__iid__low_norm__seed44,44,iid,low_norm,c4_drift_aware
22,0.42353761196136475,1.677019715309143,2.1009827490015596,5,0,1,1,False,c4_drift_aware__iid__low_norm__seed44,44,iid,low_norm,c4_drift_aware
23,0.45334261655807495,1.6465102434158325,2.078281520996825,5,0,1,1,False,c4_drift_aware__iid__low_norm__seed44,44,iid,low_norm,c4_drift_aware
24,0.4433147609233856,1.6337966918945312,2.0618987589987228,5,0,1,1,False,c4_drift_aware__iid__low_norm__seed44,44,iid,low_norm,c4_drift_aware
0,0.18774373829364777,2.1827027797698975,2.079266828000982,5,0,1,0,False,c4_drift_aware__iid__no_attack__seed45,45,iid,no_attack,c4_drift_aware
1,0.1639275848865509,2.181143283843994,2.0735778319976816,5,0,1,0,False,c4_drift_aware__iid__no_attack__seed45,45,iid,no_attack,c4_drift_aware
2,0.1530640721321106,2.1787898540496826,2.1269898639984604,5,0,1,0,False,c4_drift_aware__iid__no_attack__seed45,45,iid,no_attack,c4_drift_aware
3,0.08885794132947922,2.1777596473693848,2.0631747570005246,5,0,1,0,False,c4_drift_aware__iid__no_attack__seed45,45,iid,no_attack,c4_drift_aware
4,0.10181058943271637,2.174503803253174,2.1024757499981206,5,0,1,0,False,c4_drift_aware__iid__no_attack__seed45,45,iid,no_attack,c4_drift_aware
5,0.11810585111379623,2.170881748199463,2.034620739003003,5,0,1,0,False,c4_drift_aware__iid__no_attack__seed45,45,iid,no_attack,c4_drift_aware
6,0.19261838495731354,2.163377523422241,2.0388848330003384,5,0,1,0,False,c4_drift_aware__iid__no_attack__seed45,45,iid,no_attack,c4_drift_aware
7,0.3206128180027008,2.152254343032837,2.0386107779995655,5,0,1,0,False,c4_drift_aware__iid__no_attack__seed45,45,iid,no_attack,c4_drift_aware
8,0.309331476688385,2.137793779373169,2.0190519140014658,5,0,1,0,False,c4_drift_aware__iid__no_attack__seed45,45,iid,no_attack,c4_drift_aware
9,0.35306409001350403,2.113579750061035,2.0001809959976526,5,0,1,0,False,c4_drift_aware__iid__no_attack__seed45,45,iid,no_attack,c4_drift_aware
10,0.30696380138397217,2.0812551975250244,2.053726292997453,5,0,1,1,False,c4_drift_aware__iid__no_attack__seed45,45,iid,no_attack,c4_drift_aware
11,0.3097493052482605,2.0331921577453613,2.1725190869983635,4,1,1,1,False,c4_drift_aware__iid__no_attack__seed45,45,iid,no_attack,c4_drift_aware
12,0.3176880180835724,1.965441346168518,2.097056971000711,4,1,1,1,False,c4_drift_aware__iid__no_attack__seed45,45,iid,no_attack,c4_drift_aware
13,0.3253481984138489,1.8796213865280151,1.8583099500028766,5,0,1,1,False,c4_drift_aware__iid__no_attack__seed45,45,iid,no_attack,c4_drift_aware
14,0.31922006607055664,1.8067891597747803,2.113474571000552,5,0,1,1,False,c4_drift_aware__iid__no_attack__seed45,45,iid,no_attack,c4_drift_aware
15,0.3625348210334778,1.7356014251708984,2.0289962379974895,5,0,1,1,False,c4_drift_aware__iid__no_attack__seed45,45,iid,no_attack,c4_drift_aware
16,0.43008357286453247,1.6963393688201904,2.0300974109995877,5,0,1,1,False,c4_drift_aware__iid__no_attack__seed45,45,iid,no_attack,c4_drift_aware
17,0.4438718855381012,1.6659812927246094,2.117873718998453,5,0,1,1,False,c4_drift_aware__iid__no_attack__seed45,45,iid,no_attack,c4_drift_aware
18,0.45000001788139343,1.6343857049942017,2.064980215000105,4,1,1,1,False,c4_drift_aware__iid__no_attack__seed45,45,iid,no_attack,c4_drift_aware
19,0.42799443006515503,1.621657133102417,2.092375128999265,5,0,1,1,False,c4_drift_aware__iid__no_attack__seed45,45,iid,no_attack,c4_drift_aware
20,0.4359331727027893,1.5995595455169678,2.0558958309993614,3,2,1,1,False,c4_drift_aware__iid__no_attack__seed45,45,iid,no_attack,c4_drift_aware
21,0.46142062544822693,1.583430290222168,2.077955918000953,5,0,1,1,False,c4_drift_aware__iid__no_attack__seed45,45,iid,no_attack,c4_drift_aware
22,0.4483287036418915,1.5802052021026611,2.0572139989999414,5,0,1,1,False,c4_drift_aware__iid__no_attack__seed45,45,iid,no_attack,c4_drift_aware
23,0.41545963287353516,1.5894443988800049,1.823529988003429,5,0,1,1,False,c4_drift_aware__iid__no_attack__seed45,45,iid,no_attack,c4_drift_aware
24,0.4334262013435364,1.5796271562576294,2.092641065002681,5,0,1,1,False,c4_drift_aware__iid__no_attack__seed45,45,iid,no_attack,c4_drift_aware
0,0.18760445713996887,2.1827025413513184,2.0310838029981824,5,0,1,0,False,c4_drift_aware__iid__large_norm__seed45,45,iid,large_norm,c4_drift_aware
1,0.163788303732872,2.181143045425415,2.034955456001626,5,0,1,0,False,c4_drift_aware__iid__large_norm__seed45,45,iid,large_norm,c4_drift_aware
2,0.1532033532857895,2.178788661956787,2.0698538340002415,5,0,1,0,False,c4_drift_aware__iid__large_norm__seed45,45,iid,large_norm,c4_drift_aware
3,0.08885794132947922,2.1777570247650146,2.076683723000315,5,0,1,0,False,c4_drift_aware__iid__large_norm__seed45,45,iid,large_norm,c4_drift_aware
4,0.10194986313581467,2.1745033264160156,2.140933380000206,5,0,1,0,False,c4_drift_aware__iid__large_norm__seed45,45,iid,large_norm,c4_drift_aware
5,0.11908078193664551,2.1708765029907227,2.0879358380007034,5,0,1,0,False,c4_drift_aware__iid__large_norm__seed45,45,iid,large_norm,c4_drift_aware
6,0.19247911870479584,2.163379192352295,2.125680029999785,5,0,1,0,False,c4_drift_aware__iid__large_norm__seed45,45,iid,large_norm,c4_drift_aware
7,0.3204735517501831,2.152266025543213,2.068693107001309,5,0,1,0,False,c4_drift_aware__iid__large_norm__seed45,45,iid,large_norm,c4_drift_aware
8,0.309331476688385,2.1378135681152344,2.0681637529996806,5,0,1,0,False,c4_drift_aware__iid__large_norm__seed45,45,iid,large_norm,c4_drift_aware
9,0.35292479395866394,2.1135904788970947,2.1243934690028254,5,0,1,0,False,c4_drift_aware__iid__large_norm__seed45,45,iid,large_norm,c4_drift_aware
10,0.28885793685913086,2.0796797275543213,2.1218813699997554,3,2,1,1,False,c4_drift_aware__iid__large_norm__seed45,45,iid,large_norm,c4_drift_aware
11,0.2912256419658661,2.031799554824829,2.131498530998215,4,1,1,1,False,c4_drift_aware__iid__large_norm__seed45,45,iid,large_norm,c4_drift_aware
12,0.2915041744709015,1.9600610733032227,2.0904169690002163,3,2,1,1,False,c4_drift_aware__iid__large_norm__seed45,45,iid,large_norm,c4_drift_aware
13,0.2984679639339447,1.8761930465698242,2.013752838000073,4,1,1,1,False,c4_drift_aware__iid__large_norm__seed45,45,iid,large_norm,c4_drift_aware
14,0.34164345264434814,1.792156457901001,2.009322500001872,4,1,1,1,False,c4_drift_aware__iid__large_norm__seed45,45,iid,large_norm,c4_drift_aware
15,0.4135097563266754,1.747568130493164,2.023399444999086,4,1,1,1,False,c4_drift_aware__iid__large_norm__seed45,45,iid,large_norm,c4_drift_aware
16,0.44554319977760315,1.6817573308944702,2.080540511000436,4,1,1,1,False,c4_drift_aware__iid__large_norm__seed45,45,iid,large_norm,c4_drift_aware
17,0.45738163590431213,1.6557174921035767,2.176942506001069,4,1,1,1,False,c4_drift_aware__iid__large_norm__seed45,45,iid,large_norm,c4_drift_aware
18,0.44164347648620605,1.6699846982955933,2.0393527199994423,4,1,1,1,False,c4_drift_aware__iid__large_norm__seed45,45,iid,large_norm,c4_drift_aware
19,0.45362117886543274,1.6245036125183105,2.1118467669984966,4,1,1,1,False,c4_drift_aware__iid__large_norm__seed45,45,iid,large_norm,c4_drift_aware
20,0.44261839985847473,1.5967481136322021,2.0492152429978887,4,1,1,1,False,c4_drift_aware__iid__large_norm__seed45,45,iid,large_norm,c4_drift_aware
21,0.3998607397079468,1.6405282020568848,2.1322434329995303,4,1,1,1,False,c4_drift_aware__iid__large_norm__seed45,45,iid,large_norm,c4_drift_aware
22,0.4557103216648102,1.5767343044281006,2.061578548000398,4,1,1,1,False,c4_drift_aware__iid__large_norm__seed45,45,iid,large_norm,c4_drift_aware
23,0.4441504180431366,1.5683422088623047,2.095916166999814,4,1,1,1,False,c4_drift_aware__iid__large_norm__seed45,45,iid,large_norm,c4_drift_aware
24,0.4474930465221405,1.5742814540863037,2.031597844001226,4,1,1,1,False,c4_drift_aware__iid__large_norm__seed45,45,iid,large_norm,c4_drift_aware
0,0.18774373829364777,2.18270206451416,2.053150658000959,5,0,1,0,False,c4_drift_aware__iid__directional_poisoning__seed45,45,iid,directional_poisoning,c4_drift_aware
1,0.163788303732872,2.181145429611206,2.029425049000565,5,0,1,0,False,c4_drift_aware__iid__directional_poisoning__seed45,45,iid,directional_poisoning,c4_drift_aware
2,0.1532033532857895,2.1787912845611572,2.051210859001003,5,0,1,0,False,c4_drift_aware__iid__directional_poisoning__seed45,45,iid,directional_poisoning,c4_drift_aware
3,0.08885794132947922,2.177760124206543,1.8259640770011174,5,0,1,0,False,c4_drift_aware__iid__directional_poisoning__seed45,45,iid,directional_poisoning,c4_drift_aware
4,0.10181058943271637,2.1745030879974365,2.056481775998691,5,0,1,0,False,c4_drift_aware__iid__directional_poisoning__seed45,45,iid,directional_poisoning,c4_drift_aware
5,0.11838440597057343,2.1708824634552,2.0826522470015334,5,0,1,0,False,c4_drift_aware__iid__directional_poisoning__seed45,45,iid,directional_poisoning,c4_drift_aware
6,0.19261838495731354,2.1633849143981934,1.998932803999196,5,0,1,0,False,c4_drift_aware__iid__directional_poisoning__seed45,45,iid,directional_poisoning,c4_drift_aware
7,0.3207520842552185,2.1522562503814697,2.0276272959999915,5,0,1,0,False,c4_drift_aware__iid__directional_poisoning__seed45,45,iid,directional_poisoning,c4_drift_aware
8,0.3090529441833496,2.1378183364868164,2.0899192430006224,5,0,1,0,False,c4_drift_aware__iid__directional_poisoning__seed45,45,iid,directional_poisoning,c4_drift_aware
9,0.35306409001350403,2.1135993003845215,1.9117015570009244,5,0,1,0,False,c4_drift_aware__iid__directional_poisoning__seed45,45,iid,directional_poisoning,c4_drift_aware
10,0.2981894314289093,2.0817973613739014,2.048695391997171,4,1,1,1,False,c4_drift_aware__iid__directional_poisoning__seed45,45,iid,directional_poisoning,c4_drift_aware
11,0.30738162994384766,2.033581256866455,2.096372609001264,4,1,1,1,False,c4_drift_aware__iid__directional_poisoning__seed45,45,iid,directional_poisoning,c4_drift_aware
12,0.31183844804763794,1.9659419059753418,2.103772933998698,3,2,1,1,False,c4_drift_aware__iid__directional_poisoning__seed45,45,iid,directional_poisoning,c4_drift_aware
13,0.3253481984138489,1.8817627429962158,2.0499495300027775,4,1,1,1,False,c4_drift_aware__iid__directional_poisoning__seed45,45,iid,directional_poisoning,c4_drift_aware
14,0.34874653816223145,1.812591314315796,2.14455192099922,4,1,1,1,False,c4_drift_aware__iid__directional_poisoning__seed45,45,iid,directional_poisoning,c4_drift_aware
15,0.3618384599685669,1.7400344610214233,2.1027109599999676,4,1,1,1,False,c4_drift_aware__iid__directional_poisoning__seed45,45,iid,directional_poisoning,c4_drift_aware
16,0.43481895327568054,1.6975433826446533,2.108953130998998,4,1,1,1,False,c4_drift_aware__iid__directional_poisoning__seed45,45,iid,directional_poisoning,c4_drift_aware
17,0.4513927698135376,1.663570761680603,2.0999940120018437,4,1,1,1,False,c4_drift_aware__iid__directional_poisoning__seed45,45,iid,directional_poisoning,c4_drift_aware
18,0.454317569732666,1.6303095817565918,2.116754664999462,3,2,1,1,False,c4_drift_aware__iid__directional_poisoning__seed45,45,iid,directional_poisoning,c4_drift_aware
19,0.4188022315502167,1.646018624305725,2.0297531959986372,4,1,1,1,False,c4_drift_aware__iid__directional_poisoning__seed45,45,iid,directional_poisoning,c4_drift_aware
20,0.4545961022377014,1.593976378440857,2.029947234001156,4,1,1,1,False,c4_drift_aware__iid__directional_poisoning__seed45,45,iid,directional_poisoning,c4_drift_aware
21,0.45626741647720337,1.5923337936401367,2.0635820950010384,4,1,1,1,False,c4_drift_aware__iid__directional_poisoning__seed45,45,iid,directional_poisoning,c4_drift_aware
22,0.46768802404403687,1.570888876914978,2.0972743809979875,4,1,1,1,False,c4_drift_aware__iid__directional_poisoning__seed45,45,iid,directional_poisoning,c4_drift_aware
23,0.4143454134464264,1.5885062217712402,2.0240718919994833,4,1,1,1,False,c4_drift_aware__iid__directional_poisoning__seed45,45,iid,directional_poisoning,c4_drift_aware
24,0.4208913743495941,1.6062216758728027,2.0609558109972568,4,1,1,1,False,c4_drift_aware__iid__directional_poisoning__seed45,45,iid,directional_poisoning,c4_drift_aware
0,0.18774373829364777,2.1827023029327393,2.1502729109997745,5,0,1,0,False,c4_drift_aware__iid__sparse_coordinate_attack__seed45,45,iid,sparse_coordinate_attack,c4_drift_aware
1,0.163788303732872,2.181143045425415,2.093324120000034,5,0,1,0,False,c4_drift_aware__iid__sparse_coordinate_attack__seed45,45,iid,sparse_coordinate_attack,c4_drift_aware
2,0.1532033532857895,2.178790330886841,2.1461776249998366,5,0,1,0,False,c4_drift_aware__iid__sparse_coordinate_attack__seed45,45,iid,sparse_coordinate_attack,c4_drift_aware
3,0.08885794132947922,2.177755832672119,2.1085929239998222,5,0,1,0,False,c4_drift_aware__iid__sparse_coordinate_attack__seed45,45,iid,sparse_coordinate_attack,c4_drift_aware
4,0.10181058943271637,2.174503803253174,1.8047950569998648,5,0,1,0,False,c4_drift_aware__iid__sparse_coordinate_attack__seed45,45,iid,sparse_coordinate_attack,c4_drift_aware
5,0.11852367967367172,2.1708784103393555,2.049504971000715,5,0,1,0,False,c4_drift_aware__iid__sparse_coordinate_attack__seed45,45,iid,sparse_coordinate_attack,c4_drift_aware
6,0.19247911870479584,2.163381814956665,2.0959695679994184,5,0,1,0,False,c4_drift_aware__iid__sparse_coordinate_attack__seed45,45,iid,sparse_coordinate_attack,c4_drift_aware
7,0.3204735517501831,2.152263879776001,2.0370595499989577,5,0,1,0,False,c4_drift_aware__iid__sparse_coordinate_attack__seed45,45,iid,sparse_coordinate_attack,c4_drift_aware
8,0.309331476688385,2.137802839279175,2.194429860999662,5,0,1,0,False,c4_drift_aware__iid__sparse_coordinate_attack__seed45,45,iid,sparse_coordinate_attack,c4_drift_aware
9,0.35306409001350403,2.1135823726654053,1.998148693000985,5,0,1,0,False,c4_drift_aware__iid__sparse_coordinate_attack__seed45,45,iid,sparse_coordinate_attack,c4_drift_aware
10,0.31908079981803894,2.0817089080810547,2.051960371001769,4,1,1,1,False,c4_drift_aware__iid__sparse_coordinate_attack__seed45,45,iid,sparse_coordinate_attack,c4_drift_aware
11,0.2798050343990326,2.0325610637664795,2.058440671000426,4,1,1,1,False,c4_drift_aware__iid__sparse_coordinate_attack__seed45,45,iid,sparse_coordinate_attack,c4_drift_aware
12,0.2942897081375122,1.9648641347885132,2.039904565001052,4,1,1,1,False,c4_drift_aware__iid__sparse_coordinate_attack__seed45,45,iid,sparse_coordinate_attack,c4_drift_aware
13,0.29665738344192505,1.873415231704712,2.0852345269995567,4,1,1,1,False,c4_drift_aware__iid__sparse_coordinate_attack__seed45,45,iid,sparse_coordinate_attack,c4_drift_aware
14,0.34470751881599426,1.799989104270935,2.0707496699978947,4,1,1,1,False,c4_drift_aware__iid__sparse_coordinate_attack__seed45,45,iid,sparse_coordinate_attack,c4_drift_aware
15,0.35696378350257874,1.7332855463027954,2.0727563230029773,4,1,1,1,False,c4_drift_aware__iid__sparse_coordinate_attack__seed45,45,iid,sparse_coordinate_attack,c4_drift_aware
16,0.44596102833747864,1.689050316810608,2.088870125997346,4,1,1,1,False,c4_drift_aware__iid__sparse_coordinate_attack__seed45,45,iid,sparse_coordinate_attack,c4_drift_aware
17,0.4555710554122925,1.6556919813156128,2.0919398840014765,4,1,1,1,False,c4_drift_aware__iid__sparse_coordinate_attack__seed45,45,iid,sparse_coordinate_attack,c4_drift_aware
18,0.4363509714603424,1.6536121368408203,2.0377866809976695,4,1,1,1,False,c4_drift_aware__iid__sparse_coordinate_attack__seed45,45,iid,sparse_coordinate_attack,c4_drift_aware
19,0.46392759680747986,1.6088429689407349,1.8755571610017796,4,1,1,1,False,c4_drift_aware__iid__sparse_coordinate_attack__seed45,45,iid,sparse_coordinate_attack,c4_drift_aware
20,0.41922006011009216,1.6075831651687622,2.0607959070002835,4,1,1,1,False,c4_drift_aware__iid__sparse_coordinate_attack__seed45,45,iid,sparse_coordinate_attack,c4_drift_aware
21,0.46852368116378784,1.5958399772644043,2.037702868001361,4,1,1,1,False,c4_drift_aware__iid__sparse_coordinate_attack__seed45,45,iid,sparse_coordinate_attack,c4_drift_aware
22,0.4630919396877289,1.5700358152389526,2.083617721000337,4,1,1,1,False,c4_drift_aware__iid__sparse_coordinate_attack__seed45,45,iid,sparse_coordinate_attack,c4_drift_aware
23,0.41155990958213806,1.5773870944976807,2.1112089740017836,4,1,1,1,False,c4_drift_aware__iid__sparse_coordinate_attack__seed45,45,iid,sparse_coordinate_attack,c4_drift_aware
24,0.4217270314693451,1.589072823524475,2.043085256998893,2,3,1,1,False,c4_drift_aware__iid__sparse_coordinate_attack__seed45,45,iid,sparse_coordinate_attack,c4_drift_aware
0,0.18774373829364777,2.182701826095581,2.078074259999994,5,0,1,0,False,c4_drift_aware__iid__full_sign_flip__seed45,45,iid,full_sign_flip,c4_drift_aware
1,0.163788303732872,2.1811435222625732,2.0578449739987263,5,0,1,0,False,c4_drift_aware__iid__full_sign_flip__seed45,45,iid,full_sign_flip,c4_drift_aware
2,0.1530640721321106,2.1787896156311035,2.061639115003345,5,0,1,0,False,c4_drift_aware__iid__full_sign_flip__seed45,45,iid,full_sign_flip,c4_drift_aware
3,0.08885794132947922,2.1777570247650146,2.0731154829991283,5,0,1,0,False,c4_drift_aware__iid__full_sign_flip__seed45,45,iid,full_sign_flip,c4_drift_aware
4,0.10153203457593918,2.174502372741699,2.1271852079989912,5,0,1,0,False,c4_drift_aware__iid__full_sign_flip__seed45,45,iid,full_sign_flip,c4_drift_aware
5,0.11894150823354721,2.170872688293457,2.002250790999824,5,0,1,0,False,c4_drift_aware__iid__full_sign_flip__seed45,45,iid,full_sign_flip,c4_drift_aware
6,0.19261838495731354,2.1633830070495605,2.0885614239996357,5,0,1,0,False,c4_drift_aware__iid__full_sign_flip__seed45,45,iid,full_sign_flip,c4_drift_aware
7,0.3206128180027008,2.152263879776001,2.057002162000572,5,0,1,0,False,c4_drift_aware__iid__full_sign_flip__seed45,45,iid,full_sign_flip,c4_drift_aware
8,0.3089136481285095,2.137812376022339,2.05360175199894,5,0,1,0,False,c4_drift_aware__iid__full_sign_flip__seed45,45,iid,full_sign_flip,c4_drift_aware
9,0.35292479395866394,2.1135923862457275,2.0614040609980293,5,0,1,0,False,c4_drift_aware__iid__full_sign_flip__seed45,45,iid,full_sign_flip,c4_drift_aware
10,0.2984679639339447,2.081784963607788,2.1383969110029284,4,1,1,1,False,c4_drift_aware__iid__full_sign_flip__seed45,45,iid,full_sign_flip,c4_drift_aware
11,0.30738162994384766,2.0335638523101807,2.0830724260013085,4,1,1,1,False,c4_drift_aware__iid__full_sign_flip__seed45,45,iid,full_sign_flip,c4_drift_aware
12,0.32311978936195374,1.9614777565002441,2.0590928760029783,4,1,1,1,False,c4_drift_aware__iid__full_sign_flip__seed45,45,iid,full_sign_flip,c4_drift_aware
13,0.3236768841743469,1.8811986446380615,2.0875995089991193,4,1,1,1,False,c4_drift_aware__iid__full_sign_flip__seed45,45,iid,full_sign_flip,c4_drift_aware
14,0.34818941354751587,1.8122248649597168,2.0810941490017285,4,1,1,1,False,c4_drift_aware__iid__full_sign_flip__seed45,45,iid,full_sign_flip,c4_drift_aware
15,0.3650417923927307,1.7396647930145264,2.069466579996515,4,1,1,1,False,c4_drift_aware__iid__full_sign_flip__seed45,45,iid,full_sign_flip,c4_drift_aware
16,0.43495821952819824,1.697245478630066,2.189648469997337,4,1,1,1,False,c4_drift_aware__iid__full_sign_flip__seed45,45,iid,full_sign_flip,c4_drift_aware
17,0.4515320360660553,1.6631237268447876,2.129240571997798,4,1,1,1,False,c4_drift_aware__iid__full_sign_flip__seed45,45,iid,full_sign_flip,c4_drift_aware
18,0.4544568359851837,1.6302310228347778,2.0475981310009956,3,2,1,1,False,c4_drift_aware__iid__full_sign_flip__seed45,45,iid,full_sign_flip,c4_drift_aware
19,0.4179665744304657,1.644749402999878,2.0907249670017336,4,1,1,1,False,c4_drift_aware__iid__full_sign_flip__seed45,45,iid,full_sign_flip,c4_drift_aware
20,0.4544568359851837,1.5939741134643555,2.1508487179999065,4,1,1,1,False,c4_drift_aware__iid__full_sign_flip__seed45,45,iid,full_sign_flip,c4_drift_aware
21,0.4554317593574524,1.592679738998413,2.064583772000333,4,1,1,1,False,c4_drift_aware__iid__full_sign_flip__seed45,45,iid,full_sign_flip,c4_drift_aware
22,0.46810585260391235,1.5707387924194336,2.073349138001504,4,1,1,1,False,c4_drift_aware__iid__full_sign_flip__seed45,45,iid,full_sign_flip,c4_drift_aware
23,0.4143454134464264,1.5879569053649902,2.1184898220017203,4,1,1,1,False,c4_drift_aware__iid__full_sign_flip__seed45,45,iid,full_sign_flip,c4_drift_aware
24,0.4215877652168274,1.6043647527694702,2.0515102760000445,4,1,1,1,False,c4_drift_aware__iid__full_sign_flip__seed45,45,iid,full_sign_flip,c4_drift_aware
0,0.18774373829364777,2.1827025413513184,1.7828743319987552,5,0,1,0,False,c4_drift_aware__iid__low_norm__seed45,45,iid,low_norm,c4_drift_aware
1,0.163788303732872,2.1811442375183105,2.105282112999703,5,0,1,0,False,c4_drift_aware__iid__low_norm__seed45,45,iid,low_norm,c4_drift_aware
2,0.1530640721321106,2.1787917613983154,2.037375678999524,5,0,1,0,False,c4_drift_aware__iid__low_norm__seed45,45,iid,low_norm,c4_drift_aware
3,0.08885794132947922,2.17775821685791,2.005873984999198,5,0,1,0,False,c4_drift_aware__iid__low_norm__seed45,45,iid,low_norm,c4_drift_aware
4,0.10194986313581467,2.174501419067383,2.11007591499947,5,0,1,0,False,c4_drift_aware__iid__low_norm__seed45,45,iid,low_norm,c4_drift_aware
5,0.11838440597057343,2.17087984085083,1.7713273629997275,5,0,1,0,False,c4_drift_aware__iid__low_norm__seed45,45,iid,low_norm,c4_drift_aware
6,0.19289694726467133,2.1633799076080322,1.9871586019980896,5,0,1,0,False,c4_drift_aware__iid__low_norm__seed45,45,iid,low_norm,c4_drift_aware
7,0.3206128180027008,2.1522583961486816,1.9501926270022523,5,0,1,0,False,c4_drift_aware__iid__low_norm__seed45,45,iid,low_norm,c4_drift_aware
8,0.3089136481285095,2.137826919555664,2.0219105079995643,5,0,1,0,False,c4_drift_aware__iid__low_norm__seed45,45,iid,low_norm,c4_drift_aware
9,0.35306409001350403,2.113588571548462,2.0266520069999387,5,0,1,0,False,c4_drift_aware__iid__low_norm__seed45,45,iid,low_norm,c4_drift_aware
10,0.3098886013031006,2.088595390319824,2.027553882002394,5,0,1,1,False,c4_drift_aware__iid__low_norm__seed45,45,iid,low_norm,c4_drift_aware
11,0.3126741051673889,2.056445598602295,2.020686553001724,4,1,1,1,False,c4_drift_aware__iid__low_norm__seed45,45,iid,low_norm,c4_drift_aware
12,0.3172701895236969,2.0067360401153564,2.0727707100013504,5,0,1,1,False,c4_drift_aware__iid__low_norm__seed45,45,iid,low_norm,c4_drift_aware
13,0.31908079981803894,1.947326421737671,2.016064757001004,5,0,1,1,False,c4_drift_aware__iid__low_norm__seed45,45,iid,low_norm,c4_drift_aware
14,0.320334255695343,1.8852055072784424,2.068939345997933,5,0,1,1,False,c4_drift_aware__iid__low_norm__seed45,45,iid,low_norm,c4_drift_aware
15,0.32660168409347534,1.8156071901321411,2.07422699000017,5,0,1,1,False,c4_drift_aware__iid__low_norm__seed45,45,iid,low_norm,c4_drift_aware
16,0.3463788330554962,1.7646329402923584,2.074717488998431,5,0,1,1,False,c4_drift_aware__iid__low_norm__seed45,45,iid,low_norm,c4_drift_aware
17,0.42311978340148926,1.7183586359024048,2.057287436000479,5,0,1,1,False,c4_drift_aware__iid__low_norm__seed45,45,iid,low_norm,c4_drift_aware
18,0.4408078193664551,1.6861703395843506,2.0676745339987974,5,0,1,1,False,c4_drift_aware__iid__low_norm__seed45,45,iid,low_norm,c4_drift_aware
19,0.4246518313884735,1.6852513551712036,2.0475102870004775,5,0,1,1,False,c4_drift_aware__iid__low_norm__seed45,45,iid,low_norm,c4_drift_aware
20,0.4538997411727905,1.6398379802703857,1.8461286919991835,5,0,1,1,False,c4_drift_aware__iid__low_norm__seed45,45,iid,low_norm,c4_drift_aware
21,0.4541782736778259,1.623335361480713,2.0006266109994613,5,0,1,1,False,c4_drift_aware__iid__low_norm__seed45,45,iid,low_norm,c4_drift_aware
22,0.458077996969223,1.5991857051849365,2.079292048001662,5,0,1,1,False,c4_drift_aware__iid__low_norm__seed45,45,iid,low_norm,c4_drift_aware
23,0.43871867656707764,1.6038193702697754,2.106678586998896,5,0,1,1,False,c4_drift_aware__iid__low_norm__seed45,45,iid,low_norm,c4_drift_aware
24,0.44582173228263855,1.6108109951019287,2.071980238000833,5,0,1,1,False,c4_drift_aware__iid__low_norm__seed45,45,iid,low_norm,c4_drift_aware
0,0.08245125412940979,2.197479486465454,2.070254529997328,4,1,1,0,False,c4_drift_aware__iid__no_attack__seed46,46,iid,no_attack,c4_drift_aware
1,0.08245125412940979,2.193514585494995,2.110589660998812,4,1,1,0,False,c4_drift_aware__iid__no_attack__seed46,46,iid,no_attack,c4_drift_aware
2,0.08245125412940979,2.1865572929382324,2.076747642000555,5,0,1,0,False,c4_drift_aware__iid__no_attack__seed46,46,iid,no_attack,c4_drift_aware
3,0.08913649618625641,2.1786139011383057,2.0919230639992747,5,0,1,0,False,c4_drift_aware__iid__no_attack__seed46,46,iid,no_attack,c4_drift_aware
4,0.10139276087284088,2.1734490394592285,2.104165885000839,4,1,1,0,False,c4_drift_aware__iid__no_attack__seed46,46,iid,no_attack,c4_drift_aware
5,0.11671309173107147,2.1653079986572266,1.9941844639979536,5,0,1,0,False,c4_drift_aware__iid__no_attack__seed46,46,iid,no_attack,c4_drift_aware
6,0.1715877503156662,2.153958797454834,2.0849218100011058,3,2,1,0,False,c4_drift_aware__iid__no_attack__seed46,46,iid,no_attack,c4_drift_aware
7,0.27729806303977966,2.1392602920532227,2.0886526290014444,5,0,1,0,False,c4_drift_aware__iid__no_attack__seed46,46,iid,no_attack,c4_drift_aware
8,0.34930363297462463,2.11728835105896,2.055400755998562,5,0,1,0,False,c4_drift_aware__iid__no_attack__seed46,46,iid,no_attack,c4_drift_aware
9,0.3513927757740021,2.0846340656280518,2.090371292000782,5,0,1,0,False,c4_drift_aware__iid__no_attack__seed46,46,iid,no_attack,c4_drift_aware
10,0.34554317593574524,2.0368642807006836,2.1421267109981272,5,0,1,1,False,c4_drift_aware__iid__no_attack__seed46,46,iid,no_attack,c4_drift_aware
11,0.3477715849876404,1.9639660120010376,2.0717742430024373,5,0,1,1,False,c4_drift_aware__iid__no_attack__seed46,46,iid,no_attack,c4_drift_aware
12,0.34540390968322754,1.881032943725586,2.0600152919978427,5,0,1,1,False,c4_drift_aware__iid__no_attack__seed46,46,iid,no_attack,c4_drift_aware
13,0.33774372935295105,1.805111050605774,2.2798235429982014,5,0,1,1,False,c4_drift_aware__iid__no_attack__seed46,46,iid,no_attack,c4_drift_aware
14,0.3179665803909302,1.7305264472961426,2.0899427530021057,5,0,1,1,False,c4_drift_aware__iid__no_attack__seed46,46,iid,no_attack,c4_drift_aware
15,0.4034819006919861,1.7362043857574463,2.091418211999553,5,0,1,1,False,c4_drift_aware__iid__no_attack__seed46,46,iid,no_attack,c4_drift_aware
16,0.4324512779712677,1.6588722467422485,2.075764765002532,5,0,1,1,False,c4_drift_aware__iid__no_attack__seed46,46,iid,no_attack,c4_drift_aware
17,0.45626741647720337,1.6378576755523682,2.0958077069990395,5,0,1,1,False,c4_drift_aware__iid__no_attack__seed46,46,iid,no_attack,c4_drift_aware
18,0.42381617426872253,1.6612584590911865,2.1394411499968555,4,1,1,1,False,c4_drift_aware__iid__no_attack__seed46,46,iid,no_attack,c4_drift_aware
19,0.4469359517097473,1.5986762046813965,2.0789053389999026,5,0,1,1,False,c4_drift_aware__iid__no_attack__seed46,46,iid,no_attack,c4_drift_aware
20,0.447075217962265,1.5909682512283325,2.1098551569994015,5,0,1,1,False,c4_drift_aware__iid__no_attack__seed46,46,iid,no_attack,c4_drift_aware
21,0.4465181231498718,1.578363060951233,2.1089824750015396,4,1,1,1,False,c4_drift_aware__iid__no_attack__seed46,46,iid,no_attack,c4_drift_aware
22,0.44623956084251404,1.571093201637268,2.096835481002927,5,0,1,1,False,c4_drift_aware__iid__no_attack__seed46,46,iid,no_attack,c4_drift_aware
23,0.44610029458999634,1.5583561658859253,2.119600737001747,4,1,1,1,False,c4_drift_aware__iid__no_attack__seed46,46,iid,no_attack,c4_drift_aware
24,0.4547353982925415,1.5683292150497437,2.072526347998064,4,1,1,1,False,c4_drift_aware__iid__no_attack__seed46,46,iid,no_attack,c4_drift_aware
0,0.08245125412940979,2.197479486465454,2.052066050000576,4,1,1,0,False,c4_drift_aware__iid__large_norm__seed46,46,iid,large_norm,c4_drift_aware
1,0.08245125412940979,2.1935179233551025,2.0769224089999625,4,1,1,0,False,c4_drift_aware__iid__large_norm__seed46,46,iid,large_norm,c4_drift_aware
2,0.08245125412940979,2.186556577682495,2.200481526000658,5,0,1,0,False,c4_drift_aware__iid__large_norm__seed46,46,iid,large_norm,c4_drift_aware
3,0.08913649618625641,2.1786069869995117,2.081170329998713,5,0,1,0,False,c4_drift_aware__iid__large_norm__seed46,46,iid,large_norm,c4_drift_aware
4,0.10139276087284088,2.173445224761963,2.0576038219987822,4,1,1,0,False,c4_drift_aware__iid__large_norm__seed46,46,iid,large_norm,c4_drift_aware
5,0.11671309173107147,2.1652867794036865,1.8190160839985765,5,0,1,0,False,c4_drift_aware__iid__large_norm__seed46,46,iid,large_norm,c4_drift_aware
6,0.1715877503156662,2.1539533138275146,2.041646125002444,3,2,1,0,False,c4_drift_aware__iid__large_norm__seed46,46,iid,large_norm,c4_drift_aware
7,0.27729806303977966,2.139238119125366,2.0193024190011784,5,0,1,0,False,c4_drift_aware__iid__large_norm__seed46,46,iid,large_norm,c4_drift_aware
8,0.34930363297462463,2.117258310317993,2.05749102000118,5,0,1,0,False,c4_drift_aware__iid__large_norm__seed46,46,iid,large_norm,c4_drift_aware
9,0.3513927757740021,2.0845861434936523,2.1014343579990964,5,0,1,0,False,c4_drift_aware__iid__large_norm__seed46,46,iid,large_norm,c4_drift_aware
10,0.3467966616153717,2.0334575176239014,2.1773105510001187,4,1,1,1,False,c4_drift_aware__iid__large_norm__seed46,46,iid,large_norm,c4_drift_aware
11,0.34484681487083435,1.9626294374465942,2.0771557570005825,4,1,1,1,False,c4_drift_aware__iid__large_norm__seed46,46,iid,large_norm,c4_drift_aware
12,0.34526464343070984,1.882099986076355,2.106256207000115,4,1,1,1,False,c4_drift_aware__iid__large_norm__seed46,46,iid,large_norm,c4_drift_aware
13,0.3388579487800598,1.8147037029266357,2.051564686000347,4,1,1,1,False,c4_drift_aware__iid__large_norm__seed46,46,iid,large_norm,c4_drift_aware
14,0.3286908268928528,1.7459019422531128,2.067318446999707,4,1,1,1,False,c4_drift_aware__iid__large_norm__seed46,46,iid,large_norm,c4_drift_aware
15,0.33816155791282654,1.6967047452926636,2.1400582700007362,4,1,1,1,False,c4_drift_aware__iid__large_norm__seed46,46,iid,large_norm,c4_drift_aware
16,0.40459612011909485,1.6733070611953735,1.8729173529973195,4,1,1,1,False,c4_drift_aware__iid__large_norm__seed46,46,iid,large_norm,c4_drift_aware
17,0.42353761196136475,1.6429507732391357,2.0619368060033594,4,1,1,1,False,c4_drift_aware__iid__large_norm__seed46,46,iid,large_norm,c4_drift_aware
18,0.436072438955307,1.6248575448989868,2.074161622000247,4,1,1,1,False,c4_drift_aware__iid__large_norm__seed46,46,iid,large_norm,c4_drift_aware
19,0.44540390372276306,1.6081775426864624,2.151853878000111,4,1,1,1,False,c4_drift_aware__iid__large_norm__seed46,46,iid,large_norm,c4_drift_aware
20,0.44610029458999634,1.5872442722320557,2.082061547000194,4,1,1,1,False,c4_drift_aware__iid__large_norm__seed46,46,iid,large_norm,c4_drift_aware
21,0.4704735577106476,1.5692440271377563,2.082020788999216,3,2,1,1,False,c4_drift_aware__iid__large_norm__seed46,46,iid,large_norm,c4_drift_aware
22,0.42298051714897156,1.5734816789627075,2.0757672850013478,4,1,1,1,False,c4_drift_aware__iid__large_norm__seed46,46,iid,large_norm,c4_drift_aware
23,0.4633704721927643,1.564518928527832,1.7694083659989701,3,2,1,1,False,c4_drift_aware__iid__large_norm__seed46,46,iid,large_norm,c4_drift_aware
24,0.42395544052124023,1.5563249588012695,1.9798756149975816,4,1,1,1,False,c4_drift_aware__iid__large_norm__seed46,46,iid,large_norm,c4_drift_aware
0,0.08245125412940979,2.197479486465454,2.054045942000812,4,1,1,0,False,c4_drift_aware__iid__directional_poisoning__seed46,46,iid,directional_poisoning,c4_drift_aware
1,0.08245125412940979,2.1935153007507324,2.094192018998001,4,1,1,0,False,c4_drift_aware__iid__directional_poisoning__seed46,46,iid,directional_poisoning,c4_drift_aware
2,0.08245125412940979,2.186556100845337,2.0651571919988783,5,0,1,0,False,c4_drift_aware__iid__directional_poisoning__seed46,46,iid,directional_poisoning,c4_drift_aware
3,0.08913649618625641,2.178615093231201,2.0934290639997926,5,0,1,0,False,c4_drift_aware__iid__directional_poisoning__seed46,46,iid,directional_poisoning,c4_drift_aware
4,0.10139276087284088,2.1734566688537598,2.0920774869991874,4,1,1,0,False,c4_drift_aware__iid__directional_poisoning__seed46,46,iid,directional_poisoning,c4_drift_aware
5,0.11671309173107147,2.165308952331543,1.7881009070006257,5,0,1,0,False,c4_drift_aware__iid__directional_poisoning__seed46,46,iid,directional_poisoning,c4_drift_aware
6,0.1715877503156662,2.153961658477783,2.1099226850019477,3,2,1,0,False,c4_drift_aware__iid__directional_poisoning__seed46,46,iid,directional_poisoning,c4_drift_aware
7,0.27729806303977966,2.139265537261963,2.0539340659997833,5,0,1,0,False,c4_drift_aware__iid__directional_poisoning__seed46,46,iid,directional_poisoning,c4_drift_aware
8,0.34930363297462463,2.1172871589660645,2.088361039997835,5,0,1,0,False,c4_drift_aware__iid__directional_poisoning__seed46,46,iid,directional_poisoning,c4_drift_aware
9,0.3513927757740021,2.0846338272094727,2.1070716770009312,5,0,1,0,False,c4_drift_aware__iid__directional_poisoning__seed46,46,iid,directional_poisoning,c4_drift_aware
10,0.3476323187351227,2.035998821258545,2.026188429001195,4,1,1,1,False,c4_drift_aware__iid__directional_poisoning__seed46,46,iid,directional_poisoning,c4_drift_aware
11,0.34832870960235596,1.9632282257080078,2.0589413460002106,4,1,1,1,False,c4_drift_aware__iid__directional_poisoning__seed46,46,iid,directional_poisoning,c4_drift_aware
12,0.34540390968322754,1.8811498880386353,2.095048571998632,4,1,1,1,False,c4_drift_aware__iid__directional_poisoning__seed46,46,iid,directional_poisoning,c4_drift_aware
13,0.33732590079307556,1.8029109239578247,2.089070302001346,4,1,1,1,False,c4_drift_aware__iid__directional_poisoning__seed46,46,iid,directional_poisoning,c4_drift_aware
14,0.3136490285396576,1.7307837009429932,2.192285864999576,4,1,1,1,False,c4_drift_aware__iid__directional_poisoning__seed46,46,iid,directional_poisoning,c4_drift_aware
15,0.4069637954235077,1.7582602500915527,2.09142594199875,4,1,1,1,False,c4_drift_aware__iid__directional_poisoning__seed46,46,iid,directional_poisoning,c4_drift_aware
16,0.439832866191864,1.658990502357483,2.0862241350005206,4,1,1,1,False,c4_drift_aware__iid__directional_poisoning__seed46,46,iid,directional_poisoning,c4_drift_aware
17,0.455153226852417,1.6415385007858276,2.0537408089985547,4,1,1,1,False,c4_drift_aware__iid__directional_poisoning__seed46,46,iid,directional_poisoning,c4_drift_aware
18,0.4246518313884735,1.6644608974456787,2.0831359349976992,4,1,1,1,False,c4_drift_aware__iid__directional_poisoning__seed46,46,iid,directional_poisoning,c4_drift_aware
19,0.4357938766479492,1.5993239879608154,2.109024674002285,4,1,1,1,False,c4_drift_aware__iid__directional_poisoning__seed46,46,iid,directional_poisoning,c4_drift_aware
20,0.4335654675960541,1.621375560760498,2.086420947998704,4,1,1,1,False,c4_drift_aware__iid__directional_poisoning__seed46,46,iid,directional_poisoning,c4_drift_aware
21,0.4554317593574524,1.583741545677185,2.098850495000079,4,1,1,1,False,c4_drift_aware__iid__directional_poisoning__seed46,46,iid,directional_poisoning,c4_drift_aware
22,0.44888579845428467,1.5740857124328613,2.0956296720032697,4,1,1,1,False,c4_drift_aware__iid__directional_poisoning__seed46,46,iid,directional_poisoning,c4_drift_aware
23,0.4208913743495941,1.5590623617172241,1.936954651002452,3,2,1,1,False,c4_drift_aware__iid__directional_poisoning__seed46,46,iid,directional_poisoning,c4_drift_aware
24,0.45320335030555725,1.5537405014038086,2.0866200889977335,3,2,1,1,False,c4_drift_aware__iid__directional_poisoning__seed46,46,iid,directional_poisoning,c4_drift_aware
0,0.08245125412940979,2.197479486465454,2.0452716479994706,4,1,1,0,False,c4_drift_aware__iid__sparse_coordinate_attack__seed46,46,iid,sparse_coordinate_attack,c4_drift_aware
1,0.08245125412940979,2.193514347076416,2.1221304740029154,4,1,1,0,False,c4_drift_aware__iid__sparse_coordinate_attack__seed46,46,iid,sparse_coordinate_attack,c4_drift_aware
2,0.08245125412940979,2.186558723449707,2.0853243179990386,5,0,1,0,False,c4_drift_aware__iid__sparse_coordinate_attack__seed46,46,iid,sparse_coordinate_attack,c4_drift_aware
3,0.08913649618625641,2.1786088943481445,2.085660867000115,5,0,1,0,False,c4_drift_aware__iid__sparse_coordinate_attack__seed46,46,iid,sparse_coordinate_attack,c4_drift_aware
4,0.10153203457593918,2.1734559535980225,2.0808880969998427,4,1,1,0,False,c4_drift_aware__iid__sparse_coordinate_attack__seed46,46,iid,sparse_coordinate_attack,c4_drift_aware
5,0.11671309173107147,2.1653058528900146,2.054802519000077,5,0,1,0,False,c4_drift_aware__iid__sparse_coordinate_attack__seed46,46,iid,sparse_coordinate_attack,c4_drift_aware
6,0.1715877503156662,2.1539573669433594,2.0500086020001618,3,2,1,0,False,c4_drift_aware__iid__sparse_coordinate_attack__seed46,46,iid,sparse_coordinate_attack,c4_drift_aware
7,0.27729806303977966,2.1392524242401123,2.0456488099989656,5,0,1,0,False,c4_drift_aware__iid__sparse_coordinate_attack__seed46,46,iid,sparse_coordinate_attack,c4_drift_aware
8,0.34930363297462463,2.117276668548584,1.996084486003383,5,0,1,0,False,c4_drift_aware__iid__sparse_coordinate_attack__seed46,46,iid,sparse_coordinate_attack,c4_drift_aware
9,0.3513927757740021,2.08461856842041,2.0742362950004463,5,0,1,0,False,c4_drift_aware__iid__sparse_coordinate_attack__seed46,46,iid,sparse_coordinate_attack,c4_drift_aware
10,0.3383008539676666,2.0387113094329834,2.109183223998116,4,1,1,1,False,c4_drift_aware__iid__sparse_coordinate_attack__seed46,46,iid,sparse_coordinate_attack,c4_drift_aware
11,0.34944289922714233,1.9660314321517944,2.0196036739980627,4,1,1,1,False,c4_drift_aware__iid__sparse_coordinate_attack__seed46,46,iid,sparse_coordinate_attack,c4_drift_aware
12,0.3435933291912079,1.876951813697815,2.0046272489998955,4,1,1,1,False,c4_drift_aware__iid__sparse_coordinate_attack__seed46,46,iid,sparse_coordinate_attack,c4_drift_aware
13,0.3440111577510834,1.809593677520752,2.036363302002428,4,1,1,1,False,c4_drift_aware__iid__sparse_coordinate_attack__seed46,46,iid,sparse_coordinate_attack,c4_drift_aware
14,0.33454039692878723,1.742805004119873,2.0795569399997476,4,1,1,1,False,c4_drift_aware__iid__sparse_coordinate_attack__seed46,46,iid,sparse_coordinate_attack,c4_drift_aware
15,0.3495821952819824,1.6929957866668701,2.053987645002053,4,1,1,1,False,c4_drift_aware__iid__sparse_coordinate_attack__seed46,46,iid,sparse_coordinate_attack,c4_drift_aware
16,0.43830084800720215,1.6817072629928589,1.888546212001529,4,1,1,1,False,c4_drift_aware__iid__sparse_coordinate_attack__seed46,46,iid,sparse_coordinate_attack,c4_drift_aware
17,0.4284122586250305,1.669561743736267,2.078044186000625,4,1,1,1,False,c4_drift_aware__iid__sparse_coordinate_attack__seed46,46,iid,sparse_coordinate_attack,c4_drift_aware
18,0.429665744304657,1.6567814350128174,2.096643906999816,4,1,1,1,False,c4_drift_aware__iid__sparse_coordinate_attack__seed46,46,iid,sparse_coordinate_attack,c4_drift_aware
19,0.45654597878456116,1.6025418043136597,2.0923737170014647,4,1,1,1,False,c4_drift_aware__iid__sparse_coordinate_attack__seed46,46,iid,sparse_coordinate_attack,c4_drift_aware
20,0.4538997411727905,1.5865799188613892,2.1116727230000834,4,1,1,1,False,c4_drift_aware__iid__sparse_coordinate_attack__seed46,46,iid,sparse_coordinate_attack,c4_drift_aware
21,0.4481894373893738,1.5878456830978394,2.0577651410021645,4,1,1,1,False,c4_drift_aware__iid__sparse_coordinate_attack__seed46,46,iid,sparse_coordinate_attack,c4_drift_aware
22,0.4619777202606201,1.5808082818984985,2.069969428001059,4,1,1,1,False,c4_drift_aware__iid__sparse_coordinate_attack__seed46,46,iid,sparse_coordinate_attack,c4_drift_aware
23,0.43816158175468445,1.558039665222168,2.092376251999667,4,1,1,1,False,c4_drift_aware__iid__sparse_coordinate_attack__seed46,46,iid,sparse_coordinate_attack,c4_drift_aware
24,0.44261839985847473,1.5595858097076416,2.0445722410004237,4,1,1,1,False,c4_drift_aware__iid__sparse_coordinate_attack__seed46,46,iid,sparse_coordinate_attack,c4_drift_aware
0,0.08245125412940979,2.197479486465454,2.0252288459996635,4,1,1,0,False,c4_drift_aware__iid__full_sign_flip__seed46,46,iid,full_sign_flip,c4_drift_aware
1,0.08245125412940979,2.193514823913574,2.0603757219978434,4,1,1,0,False,c4_drift_aware__iid__full_sign_flip__seed46,46,iid,full_sign_flip,c4_drift_aware
2,0.08245125412940979,2.186558723449707,2.0464268459982122,5,0,1,0,False,c4_drift_aware__iid__full_sign_flip__seed46,46,iid,full_sign_flip,c4_drift_aware
3,0.08913649618625641,2.178612232208252,2.013016887998674,5,0,1,0,False,c4_drift_aware__iid__full_sign_flip__seed46,46,iid,full_sign_flip,c4_drift_aware
4,0.10139276087284088,2.1734459400177,2.0269919769998523,4,1,1,0,False,c4_drift_aware__iid__full_sign_flip__seed46,46,iid,full_sign_flip,c4_drift_aware
5,0.11685237288475037,2.1653103828430176,2.032868292000785,5,0,1,0,False,c4_drift_aware__iid__full_sign_flip__seed46,46,iid,full_sign_flip,c4_drift_aware
6,0.1715877503156662,2.153984785079956,2.040603655997984,3,2,1,0,False,c4_drift_aware__iid__full_sign_flip__seed46,46,iid,full_sign_flip,c4_drift_aware
7,0.27729806303977966,2.1392695903778076,2.104147821002698,5,0,1,0,False,c4_drift_aware__iid__full_sign_flip__seed46,46,iid,full_sign_flip,c4_drift_aware
8,0.34930363297462463,2.1173107624053955,1.8114673790005327,5,0,1,0,False,c4_drift_aware__iid__full_sign_flip__seed46,46,iid,full_sign_flip,c4_drift_aware
9,0.3513927757740021,2.084644317626953,2.016074249000667,5,0,1,0,False,c4_drift_aware__iid__full_sign_flip__seed46,46,iid,full_sign_flip,c4_drift_aware
10,0.3476323187351227,2.036022663116455,2.0740223719985806,4,1,1,1,False,c4_drift_aware__iid__full_sign_flip__seed46,46,iid,full_sign_flip,c4_drift_aware
11,0.34832870960235596,1.9632445573806763,2.078339807998418,4,1,1,1,False,c4_drift_aware__iid__full_sign_flip__seed46,46,iid,full_sign_flip,c4_drift_aware
12,0.34540390968322754,1.8811849355697632,2.0946445609988587,4,1,1,1,False,c4_drift_aware__iid__full_sign_flip__seed46,46,iid,full_sign_flip,c4_drift_aware
13,0.33704736828804016,1.8028725385665894,2.094860802000767,4,1,1,1,False,c4_drift_aware__iid__full_sign_flip__seed46,46,iid,full_sign_flip,c4_drift_aware
14,0.3135097622871399,1.730824589729309,2.0983036020006693,4,1,1,1,False,c4_drift_aware__iid__full_sign_flip__seed46,46,iid,full_sign_flip,c4_drift_aware
15,0.40682452917099,1.7582498788833618,2.075839768000151,4,1,1,1,False,c4_drift_aware__iid__full_sign_flip__seed46,46,iid,full_sign_flip,c4_drift_aware
16,0.4395543336868286,1.6589914560317993,2.054875843001355,4,1,1,1,False,c4_drift_aware__iid__full_sign_flip__seed46,46,iid,full_sign_flip,c4_drift_aware
17,0.4555710554122925,1.6414343118667603,2.0831282079998346,4,1,1,1,False,c4_drift_aware__iid__full_sign_flip__seed46,46,iid,full_sign_flip,c4_drift_aware
18,0.4247910976409912,1.6635217666625977,2.171158570999978,4,1,1,1,False,c4_drift_aware__iid__full_sign_flip__seed46,46,iid,full_sign_flip,c4_drift_aware
19,0.4359331727027893,1.5993200540542603,2.064717107001343,4,1,1,1,False,c4_drift_aware__iid__full_sign_flip__seed46,46,iid,full_sign_flip,c4_drift_aware
20,0.43384402990341187,1.6212257146835327,2.092148472002009,4,1,1,1,False,c4_drift_aware__iid__full_sign_flip__seed46,46,iid,full_sign_flip,c4_drift_aware
21,0.4545961022377014,1.5830373764038086,2.06809056199927,4,1,1,1,False,c4_drift_aware__iid__full_sign_flip__seed46,46,iid,full_sign_flip,c4_drift_aware
22,0.44902509450912476,1.575716495513916,1.9504544269984763,4,1,1,1,False,c4_drift_aware__iid__full_sign_flip__seed46,46,iid,full_sign_flip,c4_drift_aware
23,0.4211699366569519,1.5587854385375977,2.094497161997424,3,2,1,1,False,c4_drift_aware__iid__full_sign_flip__seed46,46,iid,full_sign_flip,c4_drift_aware
24,0.46058496832847595,1.5588059425354004,2.037526837000769,3,2,1,1,False,c4_drift_aware__iid__full_sign_flip__seed46,46,iid,full_sign_flip,c4_drift_aware
0,0.08245125412940979,2.197479486465454,2.1190955649981333,4,1,1,0,False,c4_drift_aware__iid__low_norm__seed46,46,iid,low_norm,c4_drift_aware
1,0.08245125412940979,2.1935153007507324,2.0754402530001244,4,1,1,0,False,c4_drift_aware__iid__low_norm__seed46,46,iid,low_norm,c4_drift_aware
2,0.08245125412940979,2.186558485031128,2.0652790460007964,5,0,1,0,False,c4_drift_aware__iid__low_norm__seed46,46,iid,low_norm,c4_drift_aware
3,0.08913649618625641,2.178615093231201,2.0502483070013113,5,0,1,0,False,c4_drift_aware__iid__low_norm__seed46,46,iid,low_norm,c4_drift_aware
4,0.10139276087284088,2.1734511852264404,2.116869280998799,4,1,1,0,False,c4_drift_aware__iid__low_norm__seed46,46,iid,low_norm,c4_drift_aware
5,0.11671309173107147,2.1653096675872803,2.103909483001189,5,0,1,0,False,c4_drift_aware__iid__low_norm__seed46,46,iid,low_norm,c4_drift_aware
6,0.1715877503156662,2.1539645195007324,2.058902312997816,3,2,1,0,False,c4_drift_aware__iid__low_norm__seed46,46,iid,low_norm,c4_drift_aware
7,0.27729806303977966,2.1392662525177,2.0942727439978626,5,0,1,0,False,c4_drift_aware__iid__low_norm__seed46,46,iid,low_norm,c4_drift_aware
8,0.34930363297462463,2.1173012256622314,2.113273709997884,5,0,1,0,False,c4_drift_aware__iid__low_norm__seed46,46,iid,low_norm,c4_drift_aware
9,0.3513927757740021,2.084648609161377,2.026931375999993,5,0,1,0,False,c4_drift_aware__iid__low_norm__seed46,46,iid,low_norm,c4_drift_aware
10,0.3495821952819824,2.0494911670684814,2.148327489001531,4,1,1,1,False,c4_drift_aware__iid__low_norm__seed46,46,iid,low_norm,c4_drift_aware
11,0.34888580441474915,1.995877742767334,2.0748233100021025,5,0,1,1,False,c4_drift_aware__iid__low_norm__seed46,46,iid,low_norm,c4_drift_aware
12,0.3473537564277649,1.9347398281097412,2.066422044998035,5,0,1,1,False,c4_drift_aware__iid__low_norm__seed46,46,iid,low_norm,c4_drift_aware
13,0.3437325954437256,1.8671236038208008,2.081349516996852,5,0,1,1,False,c4_drift_aware__iid__low_norm__seed46,46,iid,low_norm,c4_drift_aware
14,0.3253481984138489,1.7942698001861572,1.9886514870013343,5,0,1,1,False,c4_drift_aware__iid__low_norm__seed46,46,iid,low_norm,c4_drift_aware
15,0.3277158737182617,1.7704036235809326,2.0366233499989903,5,0,1,1,False,c4_drift_aware__iid__low_norm__seed46,46,iid,low_norm,c4_drift_aware
16,0.345821738243103,1.7085157632827759,2.0556975639992743,5,0,1,1,False,c4_drift_aware__iid__low_norm__seed46,46,iid,low_norm,c4_drift_aware
17,0.3842618465423584,1.6795588731765747,2.093369198999426,5,0,1,1,False,c4_drift_aware__iid__low_norm__seed46,46,iid,low_norm,c4_drift_aware
18,0.424234002828598,1.6864111423492432,2.085517798001092,5,0,1,1,False,c4_drift_aware__iid__low_norm__seed46,46,iid,low_norm,c4_drift_aware
19,0.43467968702316284,1.6487659215927124,2.0876624129996344,5,0,1,1,False,c4_drift_aware__iid__low_norm__seed46,46,iid,low_norm,c4_drift_aware
20,0.4295264780521393,1.6641992330551147,2.1080463799989957,5,0,1,1,False,c4_drift_aware__iid__low_norm__seed46,46,iid,low_norm,c4_drift_aware
21,0.45292478799819946,1.6068601608276367,2.1028535069999634,5,0,1,1,False,c4_drift_aware__iid__low_norm__seed46,46,iid,low_norm,c4_drift_aware
22,0.4430362284183502,1.5972932577133179,2.0347729759996582,5,0,1,1,False,c4_drift_aware__iid__low_norm__seed46,46,iid,low_norm,c4_drift_aware
23,0.4538997411727905,1.5829496383666992,2.031532947999949,5,0,1,1,False,c4_drift_aware__iid__low_norm__seed46,46,iid,low_norm,c4_drift_aware
24,0.4632312059402466,1.5771827697753906,2.0770989829979953,5,0,1,1,False,c4_drift_aware__iid__low_norm__seed46,46,iid,low_norm,c4_drift_aware
0,0.1717270165681839,2.2006373405456543,2.0245123879976745,5,0,1,0,False,c4_drift_aware__iid__no_attack__seed47,47,iid,no_attack,c4_drift_aware
1,0.1717270165681839,2.1985931396484375,2.016876195997611,4,1,1,0,False,c4_drift_aware__iid__no_attack__seed47,47,iid,no_attack,c4_drift_aware
2,0.1717270165681839,2.1963658332824707,2.0371714390021225,5,0,1,0,False,c4_drift_aware__iid__no_attack__seed47,47,iid,no_attack,c4_drift_aware
3,0.1717270165681839,2.1942765712738037,2.032145203997061,4,1,1,0,False,c4_drift_aware__iid__no_attack__seed47,47,iid,no_attack,c4_drift_aware
4,0.1714484691619873,2.1914966106414795,2.0210441519993765,5,0,1,0,False,c4_drift_aware__iid__no_attack__seed47,47,iid,no_attack,c4_drift_aware
5,0.1713092029094696,2.1878340244293213,2.0817268499995407,5,0,1,0,False,c4_drift_aware__iid__no_attack__seed47,47,iid,no_attack,c4_drift_aware
6,0.17061281204223633,2.1857352256774902,2.0954853859984723,5,0,1,0,False,c4_drift_aware__iid__no_attack__seed47,47,iid,no_attack,c4_drift_aware
7,0.16991643607616425,2.181736946105957,2.021519824000279,5,0,1,0,False,c4_drift_aware__iid__no_attack__seed47,47,iid,no_attack,c4_drift_aware
8,0.17047354578971863,2.1777780055999756,2.0750242170033744,5,0,1,0,False,c4_drift_aware__iid__no_attack__seed47,47,iid,no_attack,c4_drift_aware
9,0.16309192776679993,2.173711061477661,2.059459046999109,5,0,1,0,False,c4_drift_aware__iid__no_attack__seed47,47,iid,no_attack,c4_drift_aware
10,0.16949860751628876,2.1693594455718994,2.095228448997659,5,0,1,1,False,c4_drift_aware__iid__no_attack__seed47,47,iid,no_attack,c4_drift_aware
11,0.20779944956302643,2.1649060249328613,2.084199212000385,4,1,1,1,False,c4_drift_aware__iid__no_attack__seed47,47,iid,no_attack,c4_drift_aware
12,0.2878830134868622,2.1596906185150146,2.0575112980004633,5,0,1,1,False,c4_drift_aware__iid__no_attack__seed47,47,iid,no_attack,c4_drift_aware
13,0.3318941593170166,2.1529183387756348,2.0534254589983902,5,0,1,1,False,c4_drift_aware__iid__no_attack__seed47,47,iid,no_attack,c4_drift_aware
14,0.32966575026512146,2.1470601558685303,2.0194729780014313,5,0,1,1,False,c4_drift_aware__iid__no_attack__seed47,47,iid,no_attack,c4_drift_aware
15,0.3367688059806824,2.136761426925659,2.071173230000568,5,0,1,1,False,c4_drift_aware__iid__no_attack__seed47,47,iid,no_attack,c4_drift_aware
16,0.3395543396472931,2.125455856323242,1.995521691002068,5,0,1,1,False,c4_drift_aware__iid__no_attack__seed47,47,iid,no_attack,c4_drift_aware
17,0.335654616355896,2.1117026805877686,2.0789676919994236,5,0,1,1,False,c4_drift_aware__iid__no_attack__seed47,47,iid,no_attack,c4_drift_aware
18,0.3357938826084137,2.09478497505188,2.068572749998566,5,0,1,1,False,c4_drift_aware__iid__no_attack__seed47,47,iid,no_attack,c4_drift_aware
19,0.33370473980903625,2.063943862915039,2.077397147000738,5,0,1,1,False,c4_drift_aware__iid__no_attack__seed47,47,iid,no_attack,c4_drift_aware
20,0.34206128120422363,2.0327749252319336,1.9985781399991538,5,0,1,1,False,c4_drift_aware__iid__no_attack__seed47,47,iid,no_attack,c4_drift_aware
21,0.33788302540779114,1.9765095710754395,2.0261456449989055,5,0,1,1,False,c4_drift_aware__iid__no_attack__seed47,47,iid,no_attack,c4_drift_aware
22,0.3388579487800598,1.9167470932006836,2.0600734399995417,5,0,1,1,False,c4_drift_aware__iid__no_attack__seed47,47,iid,no_attack,c4_drift_aware
23,0.33426183462142944,1.844473958015442,2.065495873997861,5,0,1,1,False,c4_drift_aware__iid__no_attack__seed47,47,iid,no_attack,c4_drift_aware
24,0.3391365110874176,1.7978849411010742,2.058707880998554,5,0,1,1,False,c4_drift_aware__iid__no_attack__seed47,47,iid,no_attack,c4_drift_aware
0,0.1717270165681839,2.2006373405456543,2.08328900700144,5,0,1,0,False,c4_drift_aware__iid__large_norm__seed47,47,iid,large_norm,c4_drift_aware
1,0.1717270165681839,2.1985936164855957,2.0663016509970475,4,1,1,0,False,c4_drift_aware__iid__large_norm__seed47,47,iid,large_norm,c4_drift_aware
2,0.1717270165681839,2.1963694095611572,2.080536743000266,5,0,1,0,False,c4_drift_aware__iid__large_norm__seed47,47,iid,large_norm,c4_drift_aware
3,0.1717270165681839,2.1942813396453857,2.103975669000647,4,1,1,0,False,c4_drift_aware__iid__large_norm__seed47,47,iid,large_norm,c4_drift_aware
4,0.1714484691619873,2.1915013790130615,2.0573987050011056,5,0,1,0,False,c4_drift_aware__iid__large_norm__seed47,47,iid,large_norm,c4_drift_aware
5,0.1713092029094696,2.1878392696380615,2.0525419479999982,5,0,1,0,False,c4_drift_aware__iid__large_norm__seed47,47,iid,large_norm,c4_drift_aware
6,0.17061281204223633,2.1857399940490723,2.060126587999548,5,0,1,0,False,c4_drift_aware__iid__large_norm__seed47,47,iid,large_norm,c4_drift_aware
7,0.16991643607616425,2.1817448139190674,2.0634677150010248,5,0,1,0,False,c4_drift_aware__iid__large_norm__seed47,47,iid,large_norm,c4_drift_aware
8,0.1643454134464264,2.178670644760132,2.017379876000632,4,1,1,0,False,c4_drift_aware__iid__large_norm__seed47,47,iid,large_norm,c4_drift_aware
9,0.1530640721321106,2.1743226051330566,2.014464197000052,5,0,1,0,False,c4_drift_aware__iid__large_norm__seed47,47,iid,large_norm,c4_drift_aware
10,0.13718663156032562,2.168462038040161,2.0248141670017503,1,4,1,1,False,c4_drift_aware__iid__large_norm__seed47,47,iid,large_norm,c4_drift_aware
11,0.20584958791732788,2.164422035217285,2.114759766998759,1,4,1,1,False,c4_drift_aware__iid__large_norm__seed47,47,iid,large_norm,c4_drift_aware
12,0.28941506147384644,2.156707763671875,2.1400331810000353,1,4,1,1,False,c4_drift_aware__iid__large_norm__seed47,47,iid,large_norm,c4_drift_aware
13,0.2988857924938202,2.15134334564209,2.0689264979992004,2,3,1,1,False,c4_drift_aware__iid__large_norm__seed47,47,iid,large_norm,c4_drift_aware
14,0.26699164509773254,2.1449787616729736,2.068115657999442,1,4,1,1,False,c4_drift_aware__iid__large_norm__seed47,47,iid,large_norm,c4_drift_aware
15,0.30027854442596436,2.141270399093628,2.1189593320013955,1,4,1,1,False,c4_drift_aware__iid__large_norm__seed47,47,iid,large_norm,c4_drift_aware
16,0.317409485578537,2.1256580352783203,2.0844710589990427,2,3,1,1,False,c4_drift_aware__iid__large_norm__seed47,47,iid,large_norm,c4_drift_aware
17,0.3201949894428253,2.110229730606079,2.052017050998984,1,4,1,1,False,c4_drift_aware__iid__large_norm__seed47,47,iid,large_norm,c4_drift_aware
18,0.3367688059806824,2.0952274799346924,2.0745566960031283,3,2,1,1,False,c4_drift_aware__iid__large_norm__seed47,47,iid,large_norm,c4_drift_aware
19,0.33440113067626953,2.070065975189209,2.0895653770021454,4,1,1,1,False,c4_drift_aware__iid__large_norm__seed47,47,iid,large_norm,c4_drift_aware
20,0.3313370645046234,2.029498338699341,2.0500337129997206,4,1,1,1,False,c4_drift_aware__iid__large_norm__seed47,47,iid,large_norm,c4_drift_aware
21,0.3278551697731018,1.9734416007995605,2.0555984470011026,4,1,1,1,False,c4_drift_aware__iid__large_norm__seed47,47,iid,large_norm,c4_drift_aware
22,0.33077993988990784,1.9145891666412354,2.046953326000221,4,1,1,1,False,c4_drift_aware__iid__large_norm__seed47,47,iid,large_norm,c4_drift_aware
23,0.336490273475647,1.8649637699127197,2.0415118479977536,4,1,1,1,False,c4_drift_aware__iid__large_norm__seed47,47,iid,large_norm,c4_drift_aware
24,0.3328690826892853,1.7926865816116333,2.086175385000388,4,1,1,1,False,c4_drift_aware__iid__large_norm__seed47,47,iid,large_norm,c4_drift_aware
0,0.1717270165681839,2.2006375789642334,2.041335792000609,5,0,1,0,False,c4_drift_aware__iid__directional_poisoning__seed47,47,iid,directional_poisoning,c4_drift_aware
1,0.1717270165681839,2.1985929012298584,1.7915273930011608,4,1,1,0,False,c4_drift_aware__iid__directional_poisoning__seed47,47,iid,directional_poisoning,c4_drift_aware
2,0.1717270165681839,2.196364641189575,2.0355633219987794,5,0,1,0,False,c4_drift_aware__iid__directional_poisoning__seed47,47,iid,directional_poisoning,c4_drift_aware
3,0.1717270165681839,2.1942760944366455,2.1400059560000955,4,1,1,0,False,c4_drift_aware__iid__directional_poisoning__seed47,47,iid,directional_poisoning,c4_drift_aware
4,0.1714484691619873,2.191495895385742,2.0812326410014066,5,0,1,0,False,c4_drift_aware__iid__directional_poisoning__seed47,47,iid,directional_poisoning,c4_drift_aware
5,0.1713092029094696,2.187833547592163,2.0613613940004143,5,0,1,0,False,c4_drift_aware__iid__directional_poisoning__seed47,47,iid,directional_poisoning,c4_drift_aware
6,0.17061281204223633,2.1857378482818604,2.1098817569982202,5,0,1,0,False,c4_drift_aware__iid__directional_poisoning__seed47,47,iid,directional_poisoning,c4_drift_aware
7,0.16991643607616425,2.181739091873169,2.157528249997995,5,0,1,0,False,c4_drift_aware__iid__directional_poisoning__seed47,47,iid,directional_poisoning,c4_drift_aware
8,0.1643454134464264,2.1786680221557617,2.073584892001236,4,1,1,0,False,c4_drift_aware__iid__directional_poisoning__seed47,47,iid,directional_poisoning,c4_drift_aware
9,0.1532033532857895,2.1743149757385254,2.090690839999297,5,0,1,0,False,c4_drift_aware__iid__directional_poisoning__seed47,47,iid,directional_poisoning,c4_drift_aware
10,0.16225627064704895,2.171149492263794,2.0929254690017842,4,1,1,1,False,c4_drift_aware__iid__directional_poisoning__seed47,47,iid,directional_poisoning,c4_drift_aware
11,0.16350975632667542,2.1667299270629883,2.099394968001434,3,2,1,1,False,c4_drift_aware__iid__directional_poisoning__seed47,47,iid,directional_poisoning,c4_drift_aware
12,0.20779944956302643,2.1621243953704834,2.0870189419983944,4,1,1,1,False,c4_drift_aware__iid__directional_poisoning__seed47,47,iid,directional_poisoning,c4_drift_aware
13,0.3022284209728241,2.1551589965820312,2.0763624149985844,4,1,1,1,False,c4_drift_aware__iid__directional_poisoning__seed47,47,iid,directional_poisoning,c4_drift_aware
14,0.3048746585845947,2.148838520050049,2.0896626990033838,4,1,1,1,False,c4_drift_aware__iid__directional_poisoning__seed47,47,iid,directional_poisoning,c4_drift_aware
15,0.3238161504268646,2.1386656761169434,2.085333932998765,4,1,1,1,False,c4_drift_aware__iid__directional_poisoning__seed47,47,iid,directional_poisoning,c4_drift_aware
16,0.32966575026512146,2.1277341842651367,2.05685372500011,4,1,1,1,False,c4_drift_aware__iid__directional_poisoning__seed47,47,iid,directional_poisoning,c4_drift_aware
17,0.328412264585495,2.1134376525878906,1.8859330790000968,4,1,1,1,False,c4_drift_aware__iid__directional_poisoning__seed47,47,iid,directional_poisoning,c4_drift_aware
18,0.3277158737182617,2.097707509994507,2.0143564409991086,4,1,1,1,False,c4_drift_aware__iid__directional_poisoning__seed47,47,iid,directional_poisoning,c4_drift_aware
19,0.32715877890586853,2.0703084468841553,1.850045818999206,4,1,1,1,False,c4_drift_aware__iid__directional_poisoning__seed47,47,iid,directional_poisoning,c4_drift_aware
20,0.3325905501842499,2.035529613494873,2.1061459810007364,4,1,1,1,False,c4_drift_aware__iid__directional_poisoning__seed47,47,iid,directional_poisoning,c4_drift_aware
21,0.3321727216243744,1.9830149412155151,2.099691896997683,4,1,1,1,False,c4_drift_aware__iid__directional_poisoning__seed47,47,iid,directional_poisoning,c4_drift_aware
22,0.33746519684791565,1.9322662353515625,2.097823039999639,4,1,1,1,False,c4_drift_aware__iid__directional_poisoning__seed47,47,iid,directional_poisoning,c4_drift_aware
23,0.3309192359447479,1.8499577045440674,2.129812751998543,4,1,1,1,False,c4_drift_aware__iid__directional_poisoning__seed47,47,iid,directional_poisoning,c4_drift_aware
24,0.33760446310043335,1.8039751052856445,2.16093036300299,4,1,1,1,False,c4_drift_aware__iid__directional_poisoning__seed47,47,iid,directional_poisoning,c4_drift_aware
0,0.1717270165681839,2.2006373405456543,2.1054701800021576,5,0,1,0,False,c4_drift_aware__iid__sparse_coordinate_attack__seed47,47,iid,sparse_coordinate_attack,c4_drift_aware
1,0.1717270165681839,2.1985931396484375,2.0723149569967063,4,1,1,0,False,c4_drift_aware__iid__sparse_coordinate_attack__seed47,47,iid,sparse_coordinate_attack,c4_drift_aware
2,0.1717270165681839,2.196366786956787,2.065400587001932,5,0,1,0,False,c4_drift_aware__iid__sparse_coordinate_attack__seed47,47,iid,sparse_coordinate_attack,c4_drift_aware
3,0.1717270165681839,2.1942784786224365,1.8193501819987432,4,1,1,0,False,c4_drift_aware__iid__sparse_coordinate_attack__seed47,47,iid,sparse_coordinate_attack,c4_drift_aware
4,0.1714484691619873,2.1914992332458496,2.028966803001822,5,0,1,0,False,c4_drift_aware__iid__sparse_coordinate_attack__seed47,47,iid,sparse_coordinate_attack,c4_drift_aware
5,0.1713092029094696,2.1878364086151123,2.075017068997113,5,0,1,0,False,c4_drift_aware__iid__sparse_coordinate_attack__seed47,47,iid,sparse_coordinate_attack,c4_drift_aware
6,0.17061281204223633,2.185739040374756,2.0318033790026675,5,0,1,0,False,c4_drift_aware__iid__sparse_coordinate_attack__seed47,47,iid,sparse_coordinate_attack,c4_drift_aware
7,0.16991643607616425,2.1817402839660645,2.05659043599735,5,0,1,0,False,c4_drift_aware__iid__sparse_coordinate_attack__seed47,47,iid,sparse_coordinate_attack,c4_drift_aware
8,0.17047354578971863,2.1777830123901367,2.029494867001631,5,0,1,0,False,c4_drift_aware__iid__sparse_coordinate_attack__seed47,47,iid,sparse_coordinate_attack,c4_drift_aware
9,0.16309192776679993,2.1737167835235596,2.0280220519998693,5,0,1,0,False,c4_drift_aware__iid__sparse_coordinate_attack__seed47,47,iid,sparse_coordinate_attack,c4_drift_aware
10,0.15752089023590088,2.16981840133667,2.075012812998466,4,1,1,1,False,c4_drift_aware__iid__sparse_coordinate_attack__seed47,47,iid,sparse_coordinate_attack,c4_drift_aware
11,0.2874651849269867,2.162926435470581,2.066535429999931,4,1,1,1,False,c4_drift_aware__iid__sparse_coordinate_attack__seed47,47,iid,sparse_coordinate_attack,c4_drift_aware
12,0.33050140738487244,2.1584153175354004,2.046744885999942,4,1,1,1,False,c4_drift_aware__iid__sparse_coordinate_attack__seed47,47,iid,sparse_coordinate_attack,c4_drift_aware
13,0.34192201495170593,2.1528289318084717,2.0332119730010163,4,1,1,1,False,c4_drift_aware__iid__sparse_coordinate_attack__seed47,47,iid,sparse_coordinate_attack,c4_drift_aware
14,0.3323119878768921,2.1471476554870605,2.075646101999155,4,1,1,1,False,c4_drift_aware__iid__sparse_coordinate_attack__seed47,47,iid,sparse_coordinate_attack,c4_drift_aware
15,0.3321727216243744,2.1380343437194824,2.0645453889992496,4,1,1,1,False,c4_drift_aware__iid__sparse_coordinate_attack__seed47,47,iid,sparse_coordinate_attack,c4_drift_aware
16,0.33384400606155396,2.125612258911133,2.0742210799980967,4,1,1,1,False,c4_drift_aware__iid__sparse_coordinate_attack__seed47,47,iid,sparse_coordinate_attack,c4_drift_aware
17,0.3278551697731018,2.112499713897705,1.93458759799978,4,1,1,1,False,c4_drift_aware__iid__sparse_coordinate_attack__seed47,47,iid,sparse_coordinate_attack,c4_drift_aware
18,0.3247911036014557,2.091806411743164,2.0464265509981487,4,1,1,1,False,c4_drift_aware__iid__sparse_coordinate_attack__seed47,47,iid,sparse_coordinate_attack,c4_drift_aware
19,0.3384401202201843,2.0680253505706787,2.149999517998367,4,1,1,1,False,c4_drift_aware__iid__sparse_coordinate_attack__seed47,47,iid,sparse_coordinate_attack,c4_drift_aware
20,0.328412264585495,2.0238876342773438,2.0870958089981286,4,1,1,1,False,c4_drift_aware__iid__sparse_coordinate_attack__seed47,47,iid,sparse_coordinate_attack,c4_drift_aware
21,0.32325905561447144,1.9722367525100708,2.0656768980006746,4,1,1,1,False,c4_drift_aware__iid__sparse_coordinate_attack__seed47,47,iid,sparse_coordinate_attack,c4_drift_aware
22,0.3320334255695343,1.9242587089538574,2.0625943429986364,4,1,1,1,False,c4_drift_aware__iid__sparse_coordinate_attack__seed47,47,iid,sparse_coordinate_attack,c4_drift_aware
23,0.3278551697731018,1.8431795835494995,1.9081527909984288,4,1,1,1,False,c4_drift_aware__iid__sparse_coordinate_attack__seed47,47,iid,sparse_coordinate_attack,c4_drift_aware
24,0.3367688059806824,1.8019330501556396,1.8100794419988233,4,1,1,1,False,c4_drift_aware__iid__sparse_coordinate_attack__seed47,47,iid,sparse_coordinate_attack,c4_drift_aware
0,0.1717270165681839,2.2006373405456543,2.1435455909995653,5,0,1,0,False,c4_drift_aware__iid__full_sign_flip__seed47,47,iid,full_sign_flip,c4_drift_aware
1,0.1717270165681839,2.1985933780670166,2.093016771999828,4,1,1,0,False,c4_drift_aware__iid__full_sign_flip__seed47,47,iid,full_sign_flip,c4_drift_aware
2,0.1717270165681839,2.1963675022125244,2.056862289999117,5,0,1,0,False,c4_drift_aware__iid__full_sign_flip__seed47,47,iid,full_sign_flip,c4_drift_aware
3,0.1717270165681839,2.1942787170410156,2.110950448000949,4,1,1,0,False,c4_drift_aware__iid__full_sign_flip__seed47,47,iid,full_sign_flip,c4_drift_aware
4,0.1714484691619873,2.191500186920166,2.070593194999674,5,0,1,0,False,c4_drift_aware__iid__full_sign_flip__seed47,47,iid,full_sign_flip,c4_drift_aware
5,0.1713092029094696,2.187838315963745,2.124301171999832,5,0,1,0,False,c4_drift_aware__iid__full_sign_flip__seed47,47,iid,full_sign_flip,c4_drift_aware
6,0.17061281204223633,2.1857388019561768,2.085204155999236,5,0,1,0,False,c4_drift_aware__iid__full_sign_flip__seed47,47,iid,full_sign_flip,c4_drift_aware
7,0.16991643607616425,2.1817402839660645,2.066003414001898,5,0,1,0,False,c4_drift_aware__iid__full_sign_flip__seed47,47,iid,full_sign_flip,c4_drift_aware
8,0.17047354578971863,2.177772045135498,2.101339750999614,5,0,1,0,False,c4_drift_aware__iid__full_sign_flip__seed47,47,iid,full_sign_flip,c4_drift_aware
9,0.16309192776679993,2.173710823059082,2.0546582770002715,5,0,1,0,False,c4_drift_aware__iid__full_sign_flip__seed47,47,iid,full_sign_flip,c4_drift_aware
10,0.167827308177948,2.170712471008301,2.089682278001419,4,1,1,1,False,c4_drift_aware__iid__full_sign_flip__seed47,47,iid,full_sign_flip,c4_drift_aware
11,0.16922006011009216,2.1663827896118164,2.0982924310010276,3,2,1,1,False,c4_drift_aware__iid__full_sign_flip__seed47,47,iid,full_sign_flip,c4_drift_aware
12,0.2242339849472046,2.1618356704711914,2.0898423140024533,4,1,1,1,False,c4_drift_aware__iid__full_sign_flip__seed47,47,iid,full_sign_flip,c4_drift_aware
13,0.30696380138397217,2.1549251079559326,2.052489575002255,4,1,1,1,False,c4_drift_aware__iid__full_sign_flip__seed47,47,iid,full_sign_flip,c4_drift_aware
14,0.3089136481285095,2.148618459701538,2.1099608029981027,4,1,1,1,False,c4_drift_aware__iid__full_sign_flip__seed47,47,iid,full_sign_flip,c4_drift_aware
15,0.3240947127342224,2.138468027114868,2.154315340998437,4,1,1,1,False,c4_drift_aware__iid__full_sign_flip__seed47,47,iid,full_sign_flip,c4_drift_aware
16,0.3286908268928528,2.127512216567993,2.0611989830031234,4,1,1,1,False,c4_drift_aware__iid__full_sign_flip__seed47,47,iid,full_sign_flip,c4_drift_aware
17,0.3285515308380127,2.1131792068481445,2.0819509430002654,4,1,1,1,False,c4_drift_aware__iid__full_sign_flip__seed47,47,iid,full_sign_flip,c4_drift_aware
18,0.3274373412132263,2.0974068641662598,2.0785637440021674,4,1,1,1,False,c4_drift_aware__iid__full_sign_flip__seed47,47,iid,full_sign_flip,c4_drift_aware
19,0.32729804515838623,2.0698933601379395,2.0813153169983707,4,1,1,1,False,c4_drift_aware__iid__full_sign_flip__seed47,47,iid,full_sign_flip,c4_drift_aware
20,0.3327298164367676,2.034952163696289,2.056337738002185,4,1,1,1,False,c4_drift_aware__iid__full_sign_flip__seed47,47,iid,full_sign_flip,c4_drift_aware
21,0.3321727216243744,1.982302188873291,2.106489937999868,4,1,1,1,False,c4_drift_aware__iid__full_sign_flip__seed47,47,iid,full_sign_flip,c4_drift_aware
22,0.33746519684791565,1.9315733909606934,2.037861872002395,4,1,1,1,False,c4_drift_aware__iid__full_sign_flip__seed47,47,iid,full_sign_flip,c4_drift_aware
23,0.3309192359447479,1.849130630493164,2.0568922349993954,4,1,1,1,False,c4_drift_aware__iid__full_sign_flip__seed47,47,iid,full_sign_flip,c4_drift_aware
24,0.33760446310043335,1.8032463788986206,2.0773405880026985,4,1,1,1,False,c4_drift_aware__iid__full_sign_flip__seed47,47,iid,full_sign_flip,c4_drift_aware
0,0.1717270165681839,2.2006375789642334,2.041590382999857,5,0,1,0,False,c4_drift_aware__iid__low_norm__seed47,47,iid,low_norm,c4_drift_aware
1,0.1717270165681839,2.1985933780670166,2.1530532830001903,4,1,1,0,False,c4_drift_aware__iid__low_norm__seed47,47,iid,low_norm,c4_drift_aware
2,0.1717270165681839,2.196366310119629,2.082496341998194,5,0,1,0,False,c4_drift_aware__iid__low_norm__seed47,47,iid,low_norm,c4_drift_aware
3,0.1717270165681839,2.194277763366699,2.0367939569987357,4,1,1,0,False,c4_drift_aware__iid__low_norm__seed47,47,iid,low_norm,c4_drift_aware
4,0.1714484691619873,2.1914985179901123,1.8099156089992903,5,0,1,0,False,c4_drift_aware__iid__low_norm__seed47,47,iid,low_norm,c4_drift_aware
5,0.1713092029094696,2.1878371238708496,2.052692465000291,5,0,1,0,False,c4_drift_aware__iid__low_norm__seed47,47,iid,low_norm,c4_drift_aware
6,0.17061281204223633,2.185739040374756,2.0339916960001574,5,0,1,0,False,c4_drift_aware__iid__low_norm__seed47,47,iid,low_norm,c4_drift_aware
7,0.16991643607616425,2.1817398071289062,2.0140516049978032,5,0,1,0,False,c4_drift_aware__iid__low_norm__seed47,47,iid,low_norm,c4_drift_aware
8,0.17047354578971863,2.1777830123901367,2.041661919996841,5,0,1,0,False,c4_drift_aware__iid__low_norm__seed47,47,iid,low_norm,c4_drift_aware
9,0.16309192776679993,2.1737141609191895,2.04766440000094,5,0,1,0,False,c4_drift_aware__iid__low_norm__seed47,47,iid,low_norm,c4_drift_aware
10,0.16685236990451813,2.1713149547576904,2.05593464499907,5,0,1,1,False,c4_drift_aware__iid__low_norm__seed47,47,iid,low_norm,c4_drift_aware
11,0.16490250825881958,2.1682655811309814,2.064430137997988,4,1,1,1,False,c4_drift_aware__iid__low_norm__seed47,47,iid,low_norm,c4_drift_aware
12,0.15961003303527832,2.164804458618164,2.0806871659988246,5,0,1,1,False,c4_drift_aware__iid__low_norm__seed47,47,iid,low_norm,c4_drift_aware
13,0.2639275789260864,2.1598095893859863,2.0900614699967264,5,0,1,1,False,c4_drift_aware__iid__low_norm__seed47,47,iid,low_norm,c4_drift_aware
14,0.27437326312065125,2.1554455757141113,2.0851309369973023,5,0,1,1,False,c4_drift_aware__iid__low_norm__seed47,47,iid,low_norm,c4_drift_aware
15,0.32256269454956055,2.14882230758667,2.14211389400225,5,0,1,1,False,c4_drift_aware__iid__low_norm__seed47,47,iid,low_norm,c4_drift_aware
16,0.3277158737182617,2.142061233520508,2.077567017000547,5,0,1,1,False,c4_drift_aware__iid__low_norm__seed47,47,iid,low_norm,c4_drift_aware
17,0.32938718795776367,2.1335904598236084,2.1222818679998454,5,0,1,1,False,c4_drift_aware__iid__low_norm__seed47,47,iid,low_norm,c4_drift_aware
18,0.32910865545272827,2.125609874725342,2.1171622189976915,5,0,1,1,False,c4_drift_aware__iid__low_norm__seed47,47,iid,low_norm,c4_drift_aware
19,0.3279944360256195,2.1125659942626953,2.064580780999677,5,0,1,1,False,c4_drift_aware__iid__low_norm__seed47,47,iid,low_norm,c4_drift_aware
20,0.33077993988990784,2.098783493041992,2.04338887799895,5,0,1,1,False,c4_drift_aware__iid__low_norm__seed47,47,iid,low_norm,c4_drift_aware
21,0.32980501651763916,2.0772247314453125,2.0632261450009537,5,0,1,1,False,c4_drift_aware__iid__low_norm__seed47,47,iid,low_norm,c4_drift_aware
22,0.33008357882499695,2.05122447013855,2.1126610360006453,5,0,1,1,False,c4_drift_aware__iid__low_norm__seed47,47,iid,low_norm,c4_drift_aware
23,0.33022284507751465,2.0123836994171143,2.0496883560008428,5,0,1,1,False,c4_drift_aware__iid__low_norm__seed47,47,iid,low_norm,c4_drift_aware
24,0.33454039692878723,1.9731031656265259,2.06094757900064,5,0,1,1,False,c4_drift_aware__iid__low_norm__seed47,47,iid,low_norm,c4_drift_aware
0,0.14275766909122467,2.1970267295837402,2.053233540002111,5,0,1,0,False,c4_drift_aware__iid__no_attack__seed48,48,iid,no_attack,c4_drift_aware
1,0.1717270165681839,2.1894447803497314,2.012174989999039,5,0,1,0,False,c4_drift_aware__iid__no_attack__seed48,48,iid,no_attack,c4_drift_aware
2,0.1717270165681839,2.184215545654297,2.0355374660030066,5,0,1,0,False,c4_drift_aware__iid__no_attack__seed48,48,iid,no_attack,c4_drift_aware
3,0.1717270165681839,2.1783077716827393,1.991394347998721,4,1,1,0,False,c4_drift_aware__iid__no_attack__seed48,48,iid,no_attack,c4_drift_aware
4,0.16587744653224945,2.17266845703125,2.0960496139996394,4,1,1,0,False,c4_drift_aware__iid__no_attack__seed48,48,iid,no_attack,c4_drift_aware
5,0.17075209319591522,2.1668856143951416,2.0848879689983733,5,0,1,0,False,c4_drift_aware__iid__no_attack__seed48,48,iid,no_attack,c4_drift_aware
6,0.17033426463603973,2.160444974899292,2.123086879000766,5,0,1,0,False,c4_drift_aware__iid__no_attack__seed48,48,iid,no_attack,c4_drift_aware
7,0.1675487458705902,2.155210018157959,2.014938472999347,5,0,1,0,False,c4_drift_aware__iid__no_attack__seed48,48,iid,no_attack,c4_drift_aware
8,0.2644846737384796,2.142232894897461,2.101317710999865,5,0,1,0,False,c4_drift_aware__iid__no_attack__seed48,48,iid,no_attack,c4_drift_aware
9,0.34526464343070984,2.1302194595336914,2.0796635760016215,5,0,1,0,False,c4_drift_aware__iid__no_attack__seed48,48,iid,no_attack,c4_drift_aware
10,0.3437325954437256,2.113568067550659,2.059674249001546,5,0,1,1,False,c4_drift_aware__iid__no_attack__seed48,48,iid,no_attack,c4_drift_aware
11,0.34052926301956177,2.095093250274658,2.0441216279978107,5,0,1,1,False,c4_drift_aware__iid__no_attack__seed48,48,iid,no_attack,c4_drift_aware
12,0.34052926301956177,2.06248140335083,2.1285992420016555,5,0,1,1,False,c4_drift_aware__iid__no_attack__seed48,48,iid,no_attack,c4_drift_aware
13,0.3461003005504608,2.0208609104156494,1.8376227319968166,5,0,1,1,False,c4_drift_aware__iid__no_attack__seed48,48,iid,no_attack,c4_drift_aware
14,0.40501394867897034,1.9661448001861572,2.0124401800021587,5,0,1,1,False,c4_drift_aware__iid__no_attack__seed48,48,iid,no_attack,c4_drift_aware
15,0.40473538637161255,1.8968300819396973,2.0621454730026016,5,0,1,1,False,c4_drift_aware__iid__no_attack__seed48,48,iid,no_attack,c4_drift_aware
16,0.418662965297699,1.8275959491729736,2.063591792997613,4,1,1,1,False,c4_drift_aware__iid__no_attack__seed48,48,iid,no_attack,c4_drift_aware
17,0.44874653220176697,1.758742332458496,2.0456291359987517,5,0,1,1,False,c4_drift_aware__iid__no_attack__seed48,48,iid,no_attack,c4_drift_aware
18,0.4519498646259308,1.7179865837097168,2.0373655280018284,5,0,1,1,False,c4_drift_aware__iid__no_attack__seed48,48,iid,no_attack,c4_drift_aware
19,0.44972145557403564,1.6630076169967651,2.0669811080006184,5,0,1,1,False,c4_drift_aware__iid__no_attack__seed48,48,iid,no_attack,c4_drift_aware
20,0.45250698924064636,1.6432013511657715,2.021905829999014,5,0,1,1,False,c4_drift_aware__iid__no_attack__seed48,48,iid,no_attack,c4_drift_aware
21,0.4538997411727905,1.6247731447219849,2.057604726000136,4,1,1,1,False,c4_drift_aware__iid__no_attack__seed48,48,iid,no_attack,c4_drift_aware
22,0.4784122705459595,1.5870810747146606,2.07064341899968,5,0,1,1,False,c4_drift_aware__iid__no_attack__seed48,48,iid,no_attack,c4_drift_aware
23,0.4655989110469818,1.5752201080322266,2.010338359999878,4,1,1,1,False,c4_drift_aware__iid__no_attack__seed48,48,iid,no_attack,c4_drift_aware
24,0.4781337082386017,1.5557973384857178,2.1488453349993506,5,0,1,1,False,c4_drift_aware__iid__no_attack__seed48,48,iid,no_attack,c4_drift_aware
0,0.14275766909122467,2.1970269680023193,2.0399507450019883,5,0,1,0,False,c4_drift_aware__iid__large_norm__seed48,48,iid,large_norm,c4_drift_aware
1,0.1717270165681839,2.1894493103027344,1.7930602500018722,5,0,1,0,False,c4_drift_aware__iid__large_norm__seed48,48,iid,large_norm,c4_drift_aware
2,0.1717270165681839,2.1842167377471924,1.7989003660004528,5,0,1,0,False,c4_drift_aware__iid__large_norm__seed48,48,iid,large_norm,c4_drift_aware
3,0.1717270165681839,2.1783106327056885,2.032797305000713,4,1,1,0,False,c4_drift_aware__iid__large_norm__seed48,48,iid,large_norm,c4_drift_aware
4,0.16573816537857056,2.1726737022399902,2.067740865997621,4,1,1,0,False,c4_drift_aware__iid__large_norm__seed48,48,iid,large_norm,c4_drift_aware
5,0.17075209319591522,2.1668853759765625,2.050327949000348,5,0,1,0,False,c4_drift_aware__iid__large_norm__seed48,48,iid,large_norm,c4_drift_aware
6,0.17033426463603973,2.1604490280151367,2.1249419419982587,5,0,1,0,False,c4_drift_aware__iid__large_norm__seed48,48,iid,large_norm,c4_drift_aware
7,0.16727019846439362,2.1552112102508545,2.073730568998144,5,0,1,0,False,c4_drift_aware__iid__large_norm__seed48,48,iid,large_norm,c4_drift_aware
8,0.2644846737384796,2.142230987548828,2.062660946001415,5,0,1,0,False,c4_drift_aware__iid__large_norm__seed48,48,iid,large_norm,c4_drift_aware
9,0.34526464343070984,2.130215644836426,2.089372172998992,5,0,1,0,False,c4_drift_aware__iid__large_norm__seed48,48,iid,large_norm,c4_drift_aware
10,0.34470751881599426,2.112617015838623,2.0850721819988394,4,1,1,1,False,c4_drift_aware__iid__large_norm__seed48,48,iid,large_norm,c4_drift_aware
11,0.34108635783195496,2.0925323963165283,2.066521687000204,4,1,1,1,False,c4_drift_aware__iid__large_norm__seed48,48,iid,large_norm,c4_drift_aware
12,0.34052926301956177,2.063619613647461,2.024710323999898,4,1,1,1,False,c4_drift_aware__iid__large_norm__seed48,48,iid,large_norm,c4_drift_aware
13,0.3984679877758026,2.017622947692871,2.0721260119971703,4,1,1,1,False,c4_drift_aware__iid__large_norm__seed48,48,iid,large_norm,c4_drift_aware
14,0.41155990958213806,1.9698816537857056,1.8984662780021608,4,1,1,1,False,c4_drift_aware__iid__large_norm__seed48,48,iid,large_norm,c4_drift_aware
15,0.4065459668636322,1.8964248895645142,2.1547137750021648,4,1,1,1,False,c4_drift_aware__iid__large_norm__seed48,48,iid,large_norm,c4_drift_aware
16,0.4094707667827606,1.8163020610809326,2.193968331001088,4,1,1,1,False,c4_drift_aware__iid__large_norm__seed48,48,iid,large_norm,c4_drift_aware
17,0.45027855038642883,1.777847170829773,2.101978438000515,4,1,1,1,False,c4_drift_aware__iid__large_norm__seed48,48,iid,large_norm,c4_drift_aware
18,0.4261838495731354,1.706839919090271,2.09594713000115,4,1,1,1,False,c4_drift_aware__iid__large_norm__seed48,48,iid,large_norm,c4_drift_aware
19,0.44136491417884827,1.67667555809021,2.118347185998573,4,1,1,1,False,c4_drift_aware__iid__large_norm__seed48,48,iid,large_norm,c4_drift_aware
20,0.46810585260391235,1.6309809684753418,2.1055816210027842,4,1,1,1,False,c4_drift_aware__iid__large_norm__seed48,48,iid,large_norm,c4_drift_aware
21,0.4558495879173279,1.6384193897247314,2.1079031189983652,4,1,1,1,False,c4_drift_aware__iid__large_norm__seed48,48,iid,large_norm,c4_drift_aware
22,0.4655989110469818,1.6367096900939941,2.1452739509986714,4,1,1,1,False,c4_drift_aware__iid__large_norm__seed48,48,iid,large_norm,c4_drift_aware
23,0.45320335030555725,1.5652908086776733,2.180369633002556,4,1,1,1,False,c4_drift_aware__iid__large_norm__seed48,48,iid,large_norm,c4_drift_aware
24,0.45738163590431213,1.5607932806015015,2.116137192999304,4,1,1,1,False,c4_drift_aware__iid__large_norm__seed48,48,iid,large_norm,c4_drift_aware
0,0.14275766909122467,2.197026014328003,2.0716029640025226,5,0,1,0,False,c4_drift_aware__iid__directional_poisoning__seed48,48,iid,directional_poisoning,c4_drift_aware
1,0.1717270165681839,2.1894497871398926,2.227057378000609,5,0,1,0,False,c4_drift_aware__iid__directional_poisoning__seed48,48,iid,directional_poisoning,c4_drift_aware
2,0.1717270165681839,2.1842145919799805,2.009237510003004,5,0,1,0,False,c4_drift_aware__iid__directional_poisoning__seed48,48,iid,directional_poisoning,c4_drift_aware
3,0.1717270165681839,2.1783082485198975,2.036362882001413,4,1,1,0,False,c4_drift_aware__iid__directional_poisoning__seed48,48,iid,directional_poisoning,c4_drift_aware
4,0.16615599393844604,2.172677755355835,2.127283850997628,4,1,1,0,False,c4_drift_aware__iid__directional_poisoning__seed48,48,iid,directional_poisoning,c4_drift_aware
5,0.17075209319591522,2.1669225692749023,2.061589812998136,5,0,1,0,False,c4_drift_aware__iid__directional_poisoning__seed48,48,iid,directional_poisoning,c4_drift_aware
6,0.17033426463603973,2.1604669094085693,2.090905017001205,5,0,1,0,False,c4_drift_aware__iid__directional_poisoning__seed48,48,iid,directional_poisoning,c4_drift_aware
7,0.1675487458705902,2.15518856048584,2.0825147689974983,5,0,1,0,False,c4_drift_aware__iid__directional_poisoning__seed48,48,iid,directional_poisoning,c4_drift_aware
8,0.2644846737384796,2.142235040664673,2.067869722002797,5,0,1,0,False,c4_drift_aware__iid__directional_poisoning__seed48,48,iid,directional_poisoning,c4_drift_aware
9,0.34540390968322754,2.1302125453948975,1.9884453840022616,5,0,1,0,False,c4_drift_aware__iid__directional_poisoning__seed48,48,iid,directional_poisoning,c4_drift_aware
10,0.3433147668838501,2.1130850315093994,2.075484795997909,4,1,1,1,False,c4_drift_aware__iid__directional_poisoning__seed48,48,iid,directional_poisoning,c4_drift_aware
11,0.3433147668838501,2.0954596996307373,2.087633816001471,4,1,1,1,False,c4_drift_aware__iid__directional_poisoning__seed48,48,iid,directional_poisoning,c4_drift_aware
12,0.3395543396472931,2.0621533393859863,1.999674856000638,4,1,1,1,False,c4_drift_aware__iid__directional_poisoning__seed48,48,iid,directional_poisoning,c4_drift_aware
13,0.3442896902561188,2.0211739540100098,2.017233192000276,4,1,1,1,False,c4_drift_aware__iid__directional_poisoning__seed48,48,iid,directional_poisoning,c4_drift_aware
14,0.40459612011909485,1.9678903818130493,2.0578685969994694,4,1,1,1,False,c4_drift_aware__iid__directional_poisoning__seed48,48,iid,directional_poisoning,c4_drift_aware
15,0.4058496057987213,1.8996151685714722,2.088775980999344,4,1,1,1,False,c4_drift_aware__iid__directional_poisoning__seed48,48,iid,directional_poisoning,c4_drift_aware
16,0.41267409920692444,1.831845998764038,2.0851137219979137,3,2,1,1,False,c4_drift_aware__iid__directional_poisoning__seed48,48,iid,directional_poisoning,c4_drift_aware
17,0.4477716088294983,1.7634367942810059,2.087488883000333,4,1,1,1,False,c4_drift_aware__iid__directional_poisoning__seed48,48,iid,directional_poisoning,c4_drift_aware
18,0.4515320360660553,1.713554859161377,2.033455534998211,4,1,1,1,False,c4_drift_aware__iid__directional_poisoning__seed48,48,iid,directional_poisoning,c4_drift_aware
19,0.4505571126937866,1.6666984558105469,2.1525198649978847,4,1,1,1,False,c4_drift_aware__iid__directional_poisoning__seed48,48,iid,directional_poisoning,c4_drift_aware
20,0.454317569732666,1.6478562355041504,2.10698575099741,4,1,1,1,False,c4_drift_aware__iid__directional_poisoning__seed48,48,iid,directional_poisoning,c4_drift_aware
21,0.44596102833747864,1.6591802835464478,2.0984065330012527,3,2,1,1,False,c4_drift_aware__iid__directional_poisoning__seed48,48,iid,directional_poisoning,c4_drift_aware
22,0.4805014133453369,1.590998888015747,2.0298326600022847,4,1,1,1,False,c4_drift_aware__iid__directional_poisoning__seed48,48,iid,directional_poisoning,c4_drift_aware
23,0.4664345383644104,1.5754917860031128,2.011538130002009,4,1,1,1,False,c4_drift_aware__iid__directional_poisoning__seed48,48,iid,directional_poisoning,c4_drift_aware
24,0.47910866141319275,1.5543276071548462,2.0663741409989598,4,1,1,1,False,c4_drift_aware__iid__directional_poisoning__seed48,48,iid,directional_poisoning,c4_drift_aware
0,0.14275766909122467,2.1970267295837402,2.055980503999308,5,0,1,0,False,c4_drift_aware__iid__sparse_coordinate_attack__seed48,48,iid,sparse_coordinate_attack,c4_drift_aware
1,0.1717270165681839,2.1894428730010986,2.0847566229967924,5,0,1,0,False,c4_drift_aware__iid__sparse_coordinate_attack__seed48,48,iid,sparse_coordinate_attack,c4_drift_aware
2,0.1717270165681839,2.1842095851898193,2.124854409001273,5,0,1,0,False,c4_drift_aware__iid__sparse_coordinate_attack__seed48,48,iid,sparse_coordinate_attack,c4_drift_aware
3,0.1717270165681839,2.1783087253570557,2.0496439630005625,4,1,1,0,False,c4_drift_aware__iid__sparse_coordinate_attack__seed48,48,iid,sparse_coordinate_attack,c4_drift_aware
4,0.16573816537857056,2.1726720333099365,2.093648846999713,4,1,1,0,False,c4_drift_aware__iid__sparse_coordinate_attack__seed48,48,iid,sparse_coordinate_attack,c4_drift_aware
5,0.17075209319591522,2.166870355606079,2.0990308740001637,5,0,1,0,False,c4_drift_aware__iid__sparse_coordinate_attack__seed48,48,iid,sparse_coordinate_attack,c4_drift_aware
6,0.17033426463603973,2.160426139831543,2.0535298510003486,5,0,1,0,False,c4_drift_aware__iid__sparse_coordinate_attack__seed48,48,iid,sparse_coordinate_attack,c4_drift_aware
7,0.1676880270242691,2.155197858810425,2.050621950002096,5,0,1,0,False,c4_drift_aware__iid__sparse_coordinate_attack__seed48,48,iid,sparse_coordinate_attack,c4_drift_aware
8,0.2643454074859619,2.1422386169433594,2.1160182759995223,5,0,1,0,False,c4_drift_aware__iid__sparse_coordinate_attack__seed48,48,iid,sparse_coordinate_attack,c4_drift_aware
9,0.34526464343070984,2.1302266120910645,2.0793956050001725,5,0,1,0,False,c4_drift_aware__iid__sparse_coordinate_attack__seed48,48,iid,sparse_coordinate_attack,c4_drift_aware
10,0.33398330211639404,2.1181039810180664,2.100319382003363,4,1,1,1,False,c4_drift_aware__iid__sparse_coordinate_attack__seed48,48,iid,sparse_coordinate_attack,c4_drift_aware
11,0.34164345264434814,2.0950019359588623,2.081578706998698,4,1,1,1,False,c4_drift_aware__iid__sparse_coordinate_attack__seed48,48,iid,sparse_coordinate_attack,c4_drift_aware
12,0.3403899669647217,2.064645528793335,2.1007685670010687,4,1,1,1,False,c4_drift_aware__iid__sparse_coordinate_attack__seed48,48,iid,sparse_coordinate_attack,c4_drift_aware
13,0.40153205394744873,2.024946451187134,2.080184634000034,4,1,1,1,False,c4_drift_aware__iid__sparse_coordinate_attack__seed48,48,iid,sparse_coordinate_attack,c4_drift_aware
14,0.40515321493148804,1.960631012916565,2.071234861999983,4,1,1,1,False,c4_drift_aware__iid__sparse_coordinate_attack__seed48,48,iid,sparse_coordinate_attack,c4_drift_aware
15,0.405988872051239,1.9036873579025269,1.8640564050001558,4,1,1,1,False,c4_drift_aware__iid__sparse_coordinate_attack__seed48,48,iid,sparse_coordinate_attack,c4_drift_aware
16,0.40445682406425476,1.8167105913162231,2.062196810999012,4,1,1,1,False,c4_drift_aware__iid__sparse_coordinate_attack__seed48,48,iid,sparse_coordinate_attack,c4_drift_aware
17,0.44916436076164246,1.7826215028762817,2.035876342000847,4,1,1,1,False,c4_drift_aware__iid__sparse_coordinate_attack__seed48,48,iid,sparse_coordinate_attack,c4_drift_aware
18,0.4183844029903412,1.7014539241790771,2.1197665949985094,4,1,1,1,False,c4_drift_aware__iid__sparse_coordinate_attack__seed48,48,iid,sparse_coordinate_attack,c4_drift_aware
19,0.440668523311615,1.6658117771148682,2.055060640999727,4,1,1,1,False,c4_drift_aware__iid__sparse_coordinate_attack__seed48,48,iid,sparse_coordinate_attack,c4_drift_aware
20,0.4596100449562073,1.6416198015213013,2.0677019430004293,4,1,1,1,False,c4_drift_aware__iid__sparse_coordinate_attack__seed48,48,iid,sparse_coordinate_attack,c4_drift_aware
21,0.45724233984947205,1.6313669681549072,2.0989632409982732,4,1,1,1,False,c4_drift_aware__iid__sparse_coordinate_attack__seed48,48,iid,sparse_coordinate_attack,c4_drift_aware
22,0.4806406795978546,1.5794004201889038,2.1116191580003942,4,1,1,1,False,c4_drift_aware__iid__sparse_coordinate_attack__seed48,48,iid,sparse_coordinate_attack,c4_drift_aware
23,0.44958218932151794,1.5782601833343506,2.028488435997133,4,1,1,1,False,c4_drift_aware__iid__sparse_coordinate_attack__seed48,48,iid,sparse_coordinate_attack,c4_drift_aware
24,0.4700557291507721,1.5905791521072388,2.086018211000919,4,1,1,1,False,c4_drift_aware__iid__sparse_coordinate_attack__seed48,48,iid,sparse_coordinate_attack,c4_drift_aware
0,0.14275766909122467,2.1970269680023193,2.08895425800074,5,0,1,0,False,c4_drift_aware__iid__full_sign_flip__seed48,48,iid,full_sign_flip,c4_drift_aware
1,0.1717270165681839,2.1894516944885254,2.0184877760002564,5,0,1,0,False,c4_drift_aware__iid__full_sign_flip__seed48,48,iid,full_sign_flip,c4_drift_aware
2,0.1717270165681839,2.1842141151428223,2.0601842899995972,5,0,1,0,False,c4_drift_aware__iid__full_sign_flip__seed48,48,iid,full_sign_flip,c4_drift_aware
3,0.1717270165681839,2.1783018112182617,2.15822517199922,4,1,1,0,False,c4_drift_aware__iid__full_sign_flip__seed48,48,iid,full_sign_flip,c4_drift_aware
4,0.16601671278476715,2.172673463821411,2.101001377999637,4,1,1,0,False,c4_drift_aware__iid__full_sign_flip__seed48,48,iid,full_sign_flip,c4_drift_aware
5,0.17075209319591522,2.1669297218322754,2.1706854260010005,5,0,1,0,False,c4_drift_aware__iid__full_sign_flip__seed48,48,iid,full_sign_flip,c4_drift_aware
6,0.17033426463603973,2.160461902618408,2.0530448680001427,5,0,1,0,False,c4_drift_aware__iid__full_sign_flip__seed48,48,iid,full_sign_flip,c4_drift_aware
7,0.1676880270242691,2.1552000045776367,2.042515895998804,5,0,1,0,False,c4_drift_aware__iid__full_sign_flip__seed48,48,iid,full_sign_flip,c4_drift_aware
8,0.2653203308582306,2.142258644104004,2.013283156000398,5,0,1,0,False,c4_drift_aware__iid__full_sign_flip__seed48,48,iid,full_sign_flip,c4_drift_aware
9,0.34540390968322754,2.1302366256713867,2.0989485059981234,5,0,1,0,False,c4_drift_aware__iid__full_sign_flip__seed48,48,iid,full_sign_flip,c4_drift_aware
10,0.3433147668838501,2.1131138801574707,2.100207286999648,4,1,1,1,False,c4_drift_aware__iid__full_sign_flip__seed48,48,iid,full_sign_flip,c4_drift_aware
11,0.3434540331363678,2.095499277114868,2.1249822239988134,4,1,1,1,False,c4_drift_aware__iid__full_sign_flip__seed48,48,iid,full_sign_flip,c4_drift_aware
12,0.3395543396472931,2.062178134918213,2.071296567002719,4,1,1,1,False,c4_drift_aware__iid__full_sign_flip__seed48,48,iid,full_sign_flip,c4_drift_aware
13,0.3442896902561188,2.021221160888672,2.064159373003349,4,1,1,1,False,c4_drift_aware__iid__full_sign_flip__seed48,48,iid,full_sign_flip,c4_drift_aware
14,0.40459612011909485,1.967930555343628,2.065059945998655,4,1,1,1,False,c4_drift_aware__iid__full_sign_flip__seed48,48,iid,full_sign_flip,c4_drift_aware
15,0.4058496057987213,1.899680495262146,2.0594476609985577,4,1,1,1,False,c4_drift_aware__iid__full_sign_flip__seed48,48,iid,full_sign_flip,c4_drift_aware
16,0.41267409920692444,1.8318372964859009,2.0808468319992244,3,2,1,1,False,c4_drift_aware__iid__full_sign_flip__seed48,48,iid,full_sign_flip,c4_drift_aware
17,0.4477716088294983,1.7634961605072021,2.066688183000224,4,1,1,1,False,c4_drift_aware__iid__full_sign_flip__seed48,48,iid,full_sign_flip,c4_drift_aware
18,0.4515320360660553,1.713626742362976,2.0831843320011103,4,1,1,1,False,c4_drift_aware__iid__full_sign_flip__seed48,48,iid,full_sign_flip,c4_drift_aware
19,0.4508356750011444,1.6665900945663452,2.084465858002659,4,1,1,1,False,c4_drift_aware__iid__full_sign_flip__seed48,48,iid,full_sign_flip,c4_drift_aware
20,0.454317569732666,1.6478066444396973,2.0990904879981827,4,1,1,1,False,c4_drift_aware__iid__full_sign_flip__seed48,48,iid,full_sign_flip,c4_drift_aware
21,0.44582173228263855,1.6587737798690796,2.061721205998765,3,2,1,1,False,c4_drift_aware__iid__full_sign_flip__seed48,48,iid,full_sign_flip,c4_drift_aware
22,0.4800835847854614,1.5910789966583252,2.0767442569995183,4,1,1,1,False,c4_drift_aware__iid__full_sign_flip__seed48,48,iid,full_sign_flip,c4_drift_aware
23,0.4665738344192505,1.575682520866394,2.061960105998878,4,1,1,1,False,c4_drift_aware__iid__full_sign_flip__seed48,48,iid,full_sign_flip,c4_drift_aware
24,0.47980502247810364,1.554787039756775,2.1863097220011696,4,1,1,1,False,c4_drift_aware__iid__full_sign_flip__seed48,48,iid,full_sign_flip,c4_drift_aware
0,0.14275766909122467,2.1970267295837402,2.0797947550017852,5,0,1,0,False,c4_drift_aware__iid__low_norm__seed48,48,iid,low_norm,c4_drift_aware
1,0.1717270165681839,2.1894474029541016,2.112569569999323,5,0,1,0,False,c4_drift_aware__iid__low_norm__seed48,48,iid,low_norm,c4_drift_aware
2,0.1717270165681839,2.184213638305664,2.152010183002858,5,0,1,0,False,c4_drift_aware__iid__low_norm__seed48,48,iid,low_norm,c4_drift_aware
3,0.1717270165681839,2.1783089637756348,2.0488510680006584,4,1,1,0,False,c4_drift_aware__iid__low_norm__seed48,48,iid,low_norm,c4_drift_aware
4,0.16573816537857056,2.1726882457733154,2.132098980000592,4,1,1,0,False,c4_drift_aware__iid__low_norm__seed48,48,iid,low_norm,c4_drift_aware
5,0.17075209319591522,2.166893243789673,2.056270865999977,5,0,1,0,False,c4_drift_aware__iid__low_norm__seed48,48,iid,low_norm,c4_drift_aware
6,0.17033426463603973,2.160428047180176,2.044367313999828,5,0,1,0,False,c4_drift_aware__iid__low_norm__seed48,48,iid,low_norm,c4_drift_aware
7,0.167827308177948,2.155200719833374,2.0971301030003815,5,0,1,0,False,c4_drift_aware__iid__low_norm__seed48,48,iid,low_norm,c4_drift_aware
8,0.2644846737384796,2.1422388553619385,2.064066670998727,5,0,1,0,False,c4_drift_aware__iid__low_norm__seed48,48,iid,low_norm,c4_drift_aware
9,0.34526464343070984,2.1302309036254883,2.1835177130014927,5,0,1,0,False,c4_drift_aware__iid__low_norm__seed48,48,iid,low_norm,c4_drift_aware
10,0.3427576720714569,2.11661958694458,2.082659984000202,5,0,1,1,False,c4_drift_aware__iid__low_norm__seed48,48,iid,low_norm,c4_drift_aware
11,0.3434540331363678,2.103337287902832,2.1596071569983906,5,0,1,1,False,c4_drift_aware__iid__low_norm__seed48,48,iid,low_norm,c4_drift_aware
12,0.34108635783195496,2.080453872680664,2.118965574001777,5,0,1,1,False,c4_drift_aware__iid__low_norm__seed48,48,iid,low_norm,c4_drift_aware
13,0.34150418639183044,2.053175687789917,2.0914153730009275,5,0,1,1,False,c4_drift_aware__iid__low_norm__seed48,48,iid,low_norm,c4_drift_aware
14,0.37534821033477783,2.019538164138794,2.100478658998327,5,0,1,1,False,c4_drift_aware__iid__low_norm__seed48,48,iid,low_norm,c4_drift_aware
15,0.4055710434913635,1.974286437034607,2.0491262290015584,5,0,1,1,False,c4_drift_aware__iid__low_norm__seed48,48,iid,low_norm,c4_drift_aware
16,0.4072423577308655,1.9273940324783325,1.981894917000318,4,1,1,1,False,c4_drift_aware__iid__low_norm__seed48,48,iid,low_norm,c4_drift_aware
17,0.4069637954235077,1.8697140216827393,2.0551587649970315,5,0,1,1,False,c4_drift_aware__iid__low_norm__seed48,48,iid,low_norm,c4_drift_aware
18,0.4142061471939087,1.8105392456054688,2.0605556709997472,5,0,1,1,False,c4_drift_aware__iid__low_norm__seed48,48,iid,low_norm,c4_drift_aware
19,0.4222841262817383,1.7507284879684448,1.9035578639995947,5,0,1,1,False,c4_drift_aware__iid__low_norm__seed48,48,iid,low_norm,c4_drift_aware
20,0.4448468089103699,1.7258635759353638,2.0507490529998904,5,0,1,1,False,c4_drift_aware__iid__low_norm__seed48,48,iid,low_norm,c4_drift_aware
21,0.4434540569782257,1.699143886566162,2.0485381610014883,5,0,1,1,False,c4_drift_aware__iid__low_norm__seed48,48,iid,low_norm,c4_drift_aware
22,0.4552924931049347,1.6566030979156494,2.0541697529988596,5,0,1,1,False,c4_drift_aware__iid__low_norm__seed48,48,iid,low_norm,c4_drift_aware
23,0.4660167098045349,1.6359059810638428,2.1013533629993617,5,0,1,1,False,c4_drift_aware__iid__low_norm__seed48,48,iid,low_norm,c4_drift_aware
24,0.4781337082386017,1.6064181327819824,2.073020085997996,5,0,1,1,False,c4_drift_aware__iid__low_norm__seed48,48,iid,low_norm,c4_drift_aware
0,0.1717270165681839,2.1933040618896484,2.0665824440002325,5,0,1,0,False,c4_drift_aware__iid__no_attack__seed49,49,iid,no_attack,c4_drift_aware
1,0.15459610521793365,2.1936089992523193,2.03829607499938,5,0,1,0,False,c4_drift_aware__iid__no_attack__seed49,49,iid,no_attack,c4_drift_aware
2,0.1571030616760254,2.1943931579589844,2.0642175010034407,5,0,1,0,False,c4_drift_aware__iid__no_attack__seed49,49,iid,no_attack,c4_drift_aware
3,0.1717270165681839,2.192866086959839,2.055643853997026,5,0,1,0,False,c4_drift_aware__iid__no_attack__seed49,49,iid,no_attack,c4_drift_aware
4,0.1566852480173111,2.1905770301818848,2.046925040998758,5,0,1,0,False,c4_drift_aware__iid__no_attack__seed49,49,iid,no_attack,c4_drift_aware
5,0.16253481805324554,2.1896252632141113,2.07537733099889,5,0,1,0,False,c4_drift_aware__iid__no_attack__seed49,49,iid,no_attack,c4_drift_aware
6,0.16532033681869507,2.1862006187438965,2.0133654000019305,4,1,1,0,False,c4_drift_aware__iid__no_attack__seed49,49,iid,no_attack,c4_drift_aware
7,0.16253481805324554,2.183318853378296,2.016819692998979,5,0,1,0,False,c4_drift_aware__iid__no_attack__seed49,49,iid,no_attack,c4_drift_aware
8,0.16267409920692444,2.17887020111084,2.0747609549980552,5,0,1,0,False,c4_drift_aware__iid__no_attack__seed49,49,iid,no_attack,c4_drift_aware
9,0.13147632777690887,2.172410249710083,2.0834921989990107,4,1,1,0,False,c4_drift_aware__iid__no_attack__seed49,49,iid,no_attack,c4_drift_aware
10,0.09777159243822098,2.1654701232910156,2.0804264359976514,5,0,1,1,False,c4_drift_aware__iid__no_attack__seed49,49,iid,no_attack,c4_drift_aware
11,0.31448468565940857,2.1484007835388184,2.1844163149980886,5,0,1,1,False,c4_drift_aware__iid__no_attack__seed49,49,iid,no_attack,c4_drift_aware
12,0.31490251421928406,2.1336464881896973,2.0922840339990216,4,1,1,1,False,c4_drift_aware__iid__no_attack__seed49,49,iid,no_attack,c4_drift_aware
13,0.34484681487083435,2.1037721633911133,2.079127470999083,5,0,1,1,False,c4_drift_aware__iid__no_attack__seed49,49,iid,no_attack,c4_drift_aware
14,0.339415043592453,2.0603044033050537,2.0971384209988173,5,0,1,1,False,c4_drift_aware__iid__no_attack__seed49,49,iid,no_attack,c4_drift_aware
15,0.32980501651763916,1.9930555820465088,1.851663847999589,5,0,1,1,False,c4_drift_aware__iid__no_attack__seed49,49,iid,no_attack,c4_drift_aware
16,0.3325905501842499,1.9229909181594849,2.0382517110010667,5,0,1,1,False,c4_drift_aware__iid__no_attack__seed49,49,iid,no_attack,c4_drift_aware
17,0.3325905501842499,1.849244236946106,2.1306455839985574,5,0,1,1,False,c4_drift_aware__iid__no_attack__seed49,49,iid,no_attack,c4_drift_aware
18,0.35640668869018555,1.784126877784729,1.890994100998796,4,1,1,1,False,c4_drift_aware__iid__no_attack__seed49,49,iid,no_attack,c4_drift_aware
19,0.33454039692878723,1.7583425045013428,2.0775963380001485,5,0,1,1,False,c4_drift_aware__iid__no_attack__seed49,49,iid,no_attack,c4_drift_aware
20,0.3954039216041565,1.7069214582443237,2.053005159999884,5,0,1,1,False,c4_drift_aware__iid__no_attack__seed49,49,iid,no_attack,c4_drift_aware
21,0.3575209081172943,1.7268673181533813,2.10066690000167,5,0,1,1,False,c4_drift_aware__iid__no_attack__seed49,49,iid,no_attack,c4_drift_aware
22,0.4252089262008667,1.715673804283142,1.7971455080005398,5,0,1,1,False,c4_drift_aware__iid__no_attack__seed49,49,iid,no_attack,c4_drift_aware
23,0.35988858342170715,1.6677170991897583,2.0157405539976025,5,0,1,1,False,c4_drift_aware__iid__no_attack__seed49,49,iid,no_attack,c4_drift_aware
24,0.4317548871040344,1.6325573921203613,2.028595204003068,4,1,1,1,False,c4_drift_aware__iid__no_attack__seed49,49,iid,no_attack,c4_drift_aware
0,0.1717270165681839,2.1933040618896484,2.0180040230006853,5,0,1,0,False,c4_drift_aware__iid__large_norm__seed49,49,iid,large_norm,c4_drift_aware
1,0.15473538637161255,2.1936185359954834,1.9929767210014688,5,0,1,0,False,c4_drift_aware__iid__large_norm__seed49,49,iid,large_norm,c4_drift_aware
2,0.1571030616760254,2.1943893432617188,2.0931554019989562,5,0,1,0,False,c4_drift_aware__iid__large_norm__seed49,49,iid,large_norm,c4_drift_aware
3,0.1717270165681839,2.1928658485412598,2.081234924000455,5,0,1,0,False,c4_drift_aware__iid__large_norm__seed49,49,iid,large_norm,c4_drift_aware
4,0.1569637954235077,2.1905717849731445,2.025478719999228,5,0,1,0,False,c4_drift_aware__iid__large_norm__seed49,49,iid,large_norm,c4_drift_aware
5,0.16253481805324554,2.1896286010742188,2.0917942189989844,5,0,1,0,False,c4_drift_aware__iid__large_norm__seed49,49,iid,large_norm,c4_drift_aware
6,0.16532033681869507,2.186215400695801,1.9991631819975737,4,1,1,0,False,c4_drift_aware__iid__large_norm__seed49,49,iid,large_norm,c4_drift_aware
7,0.16267409920692444,2.1833293437957764,2.065378462000808,5,0,1,0,False,c4_drift_aware__iid__large_norm__seed49,49,iid,large_norm,c4_drift_aware
8,0.16281338036060333,2.178859233856201,2.0876729909978167,5,0,1,0,False,c4_drift_aware__iid__large_norm__seed49,49,iid,large_norm,c4_drift_aware
9,0.13147632777690887,2.172395706176758,2.053368857999885,4,1,1,0,False,c4_drift_aware__iid__large_norm__seed49,49,iid,large_norm,c4_drift_aware
10,0.19289694726467133,2.159977912902832,2.0935609890002524,2,3,1,1,False,c4_drift_aware__iid__large_norm__seed49,49,iid,large_norm,c4_drift_aware
11,0.22270195186138153,2.1540026664733887,2.1012145159984357,1,4,1,1,False,c4_drift_aware__iid__large_norm__seed49,49,iid,large_norm,c4_drift_aware
12,0.3477715849876404,2.1207635402679443,2.048725333999755,2,3,1,1,False,c4_drift_aware__iid__large_norm__seed49,49,iid,large_norm,c4_drift_aware
13,0.3051532208919525,2.0934715270996094,2.0568765999996685,1,4,1,1,False,c4_drift_aware__iid__large_norm__seed49,49,iid,large_norm,c4_drift_aware
14,0.34554317593574524,2.055438756942749,2.053624126001523,2,3,1,1,False,c4_drift_aware__iid__large_norm__seed49,49,iid,large_norm,c4_drift_aware
15,0.3129526674747467,1.983573317527771,2.0601844690027065,1,4,1,1,False,c4_drift_aware__iid__large_norm__seed49,49,iid,large_norm,c4_drift_aware
16,0.2688022255897522,1.8876502513885498,2.0563376490026712,1,4,1,1,False,c4_drift_aware__iid__large_norm__seed49,49,iid,large_norm,c4_drift_aware
17,0.27089136838912964,1.8257791996002197,2.0871718589987722,1,4,1,1,False,c4_drift_aware__iid__large_norm__seed49,49,iid,large_norm,c4_drift_aware
18,0.3718663156032562,1.799935221672058,2.080869959998381,3,2,1,1,False,c4_drift_aware__iid__large_norm__seed49,49,iid,large_norm,c4_drift_aware
19,0.37827298045158386,1.8593302965164185,2.0162437350008986,3,2,1,1,False,c4_drift_aware__iid__large_norm__seed49,49,iid,large_norm,c4_drift_aware
20,0.336490273475647,1.7104042768478394,2.0351404130015,4,1,1,1,False,c4_drift_aware__iid__large_norm__seed49,49,iid,large_norm,c4_drift_aware
21,0.3469359278678894,1.6787633895874023,2.099734471001284,4,1,1,1,False,c4_drift_aware__iid__large_norm__seed49,49,iid,large_norm,c4_drift_aware
22,0.32339832186698914,1.6799647808074951,2.0470309350021125,4,1,1,1,False,c4_drift_aware__iid__large_norm__seed49,49,iid,large_norm,c4_drift_aware
23,0.33788302540779114,1.6631653308868408,2.0423892959988734,4,1,1,1,False,c4_drift_aware__iid__large_norm__seed49,49,iid,large_norm,c4_drift_aware
24,0.39665737748146057,1.6345535516738892,2.107473359999858,4,1,1,1,False,c4_drift_aware__iid__large_norm__seed49,49,iid,large_norm,c4_drift_aware
0,0.1717270165681839,2.1933040618896484,2.1023868230004155,5,0,1,0,False,c4_drift_aware__iid__directional_poisoning__seed49,49,iid,directional_poisoning,c4_drift_aware
1,0.15459610521793365,2.1936166286468506,2.1053287190006813,5,0,1,0,False,c4_drift_aware__iid__directional_poisoning__seed49,49,iid,directional_poisoning,c4_drift_aware
2,0.15738162398338318,2.194392204284668,2.1016079839973827,5,0,1,0,False,c4_drift_aware__iid__directional_poisoning__seed49,49,iid,directional_poisoning,c4_drift_aware
3,0.1717270165681839,2.192873954772949,1.8227733530002297,5,0,1,0,False,c4_drift_aware__iid__directional_poisoning__seed49,49,iid,directional_poisoning,c4_drift_aware
4,0.1561281383037567,2.190584659576416,2.011381745000108,5,0,1,0,False,c4_drift_aware__iid__directional_poisoning__seed49,49,iid,directional_poisoning,c4_drift_aware
5,0.16267409920692444,2.1896255016326904,2.068813838999631,5,0,1,0,False,c4_drift_aware__iid__directional_poisoning__seed49,49,iid,directional_poisoning,c4_drift_aware
6,0.16532033681869507,2.186229705810547,2.0809902129985858,4,1,1,0,False,c4_drift_aware__iid__directional_poisoning__seed49,49,iid,directional_poisoning,c4_drift_aware
7,0.16267409920692444,2.1833083629608154,2.1556418599975586,5,0,1,0,False,c4_drift_aware__iid__directional_poisoning__seed49,49,iid,directional_poisoning,c4_drift_aware
8,0.16295264661312103,2.178872585296631,2.076810373000626,5,0,1,0,False,c4_drift_aware__iid__directional_poisoning__seed49,49,iid,directional_poisoning,c4_drift_aware
9,0.1306406706571579,2.172401189804077,2.107258402000298,4,1,1,0,False,c4_drift_aware__iid__directional_poisoning__seed49,49,iid,directional_poisoning,c4_drift_aware
10,0.12841226160526276,2.163511276245117,2.066901129001053,4,1,1,1,False,c4_drift_aware__iid__directional_poisoning__seed49,49,iid,directional_poisoning,c4_drift_aware
11,0.33384400606155396,2.1470706462860107,2.0550124509973102,4,1,1,1,False,c4_drift_aware__iid__directional_poisoning__seed49,49,iid,directional_poisoning,c4_drift_aware
12,0.33440113067626953,2.1317858695983887,2.1512262979995285,4,1,1,1,False,c4_drift_aware__iid__directional_poisoning__seed49,49,iid,directional_poisoning,c4_drift_aware
13,0.34456825256347656,2.1020312309265137,2.0581629360021907,4,1,1,1,False,c4_drift_aware__iid__directional_poisoning__seed49,49,iid,directional_poisoning,c4_drift_aware
14,0.3383008539676666,2.05985164642334,2.030237194001529,4,1,1,1,False,c4_drift_aware__iid__directional_poisoning__seed49,49,iid,directional_poisoning,c4_drift_aware
15,0.3313370645046234,1.9867559671401978,2.098206917002244,4,1,1,1,False,c4_drift_aware__iid__directional_poisoning__seed49,49,iid,directional_poisoning,c4_drift_aware
16,0.32701951265335083,1.9204142093658447,1.8306116959975043,4,1,1,1,False,c4_drift_aware__iid__directional_poisoning__seed49,49,iid,directional_poisoning,c4_drift_aware
17,0.33036211133003235,1.8537517786026,2.0447350860013103,4,1,1,1,False,c4_drift_aware__iid__directional_poisoning__seed49,49,iid,directional_poisoning,c4_drift_aware
18,0.35668525099754333,1.7859874963760376,2.072090259000106,3,2,1,1,False,c4_drift_aware__iid__directional_poisoning__seed49,49,iid,directional_poisoning,c4_drift_aware
19,0.31949862837791443,1.7641804218292236,2.0888710809995246,4,1,1,1,False,c4_drift_aware__iid__directional_poisoning__seed49,49,iid,directional_poisoning,c4_drift_aware
20,0.39289695024490356,1.7091524600982666,2.0712077089992817,4,1,1,1,False,c4_drift_aware__iid__directional_poisoning__seed49,49,iid,directional_poisoning,c4_drift_aware
21,0.3693593442440033,1.743794560432434,2.0654332880003494,4,1,1,1,False,c4_drift_aware__iid__directional_poisoning__seed49,49,iid,directional_poisoning,c4_drift_aware
22,0.3876044750213623,1.720232367515564,2.0981443989985564,4,1,1,1,False,c4_drift_aware__iid__directional_poisoning__seed49,49,iid,directional_poisoning,c4_drift_aware
23,0.37437325716018677,1.6471647024154663,2.0425619010020455,4,1,1,1,False,c4_drift_aware__iid__directional_poisoning__seed49,49,iid,directional_poisoning,c4_drift_aware
24,0.4449860751628876,1.628395438194275,2.0461433279997436,3,2,1,1,False,c4_drift_aware__iid__directional_poisoning__seed49,49,iid,directional_poisoning,c4_drift_aware
0,0.1717270165681839,2.1933040618896484,2.098766800001613,5,0,1,0,False,c4_drift_aware__iid__sparse_coordinate_attack__seed49,49,iid,sparse_coordinate_attack,c4_drift_aware
1,0.15459610521793365,2.1936161518096924,2.1214097699994454,5,0,1,0,False,c4_drift_aware__iid__sparse_coordinate_attack__seed49,49,iid,sparse_coordinate_attack,c4_drift_aware
2,0.15724234282970428,2.194398880004883,2.0730793090006046,5,0,1,0,False,c4_drift_aware__iid__sparse_coordinate_attack__seed49,49,iid,sparse_coordinate_attack,c4_drift_aware
3,0.1717270165681839,2.192868709564209,2.0491897860010795,5,0,1,0,False,c4_drift_aware__iid__sparse_coordinate_attack__seed49,49,iid,sparse_coordinate_attack,c4_drift_aware
4,0.1565459668636322,2.1905813217163086,2.1113185309986875,5,0,1,0,False,c4_drift_aware__iid__sparse_coordinate_attack__seed49,49,iid,sparse_coordinate_attack,c4_drift_aware
5,0.16253481805324554,2.1896331310272217,2.051942449998023,5,0,1,0,False,c4_drift_aware__iid__sparse_coordinate_attack__seed49,49,iid,sparse_coordinate_attack,c4_drift_aware
6,0.16532033681869507,2.1862034797668457,2.0348749959994166,4,1,1,0,False,c4_drift_aware__iid__sparse_coordinate_attack__seed49,49,iid,sparse_coordinate_attack,c4_drift_aware
7,0.16267409920692444,2.1833252906799316,2.022542673999851,5,0,1,0,False,c4_drift_aware__iid__sparse_coordinate_attack__seed49,49,iid,sparse_coordinate_attack,c4_drift_aware
8,0.16281338036060333,2.178853750228882,1.9915737040028034,5,0,1,0,False,c4_drift_aware__iid__sparse_coordinate_attack__seed49,49,iid,sparse_coordinate_attack,c4_drift_aware
9,0.13189415633678436,2.1723947525024414,2.081476688999828,4,1,1,0,False,c4_drift_aware__iid__sparse_coordinate_attack__seed49,49,iid,sparse_coordinate_attack,c4_drift_aware
10,0.15041783452033997,2.163182497024536,2.098002448998159,4,1,1,1,False,c4_drift_aware__iid__sparse_coordinate_attack__seed49,49,iid,sparse_coordinate_attack,c4_drift_aware
11,0.27743732929229736,2.149738073348999,2.0660157599995728,4,1,1,1,False,c4_drift_aware__iid__sparse_coordinate_attack__seed49,49,iid,sparse_coordinate_attack,c4_drift_aware
12,0.261838436126709,2.1339972019195557,2.114090644998214,4,1,1,1,False,c4_drift_aware__iid__sparse_coordinate_attack__seed49,49,iid,sparse_coordinate_attack,c4_drift_aware
13,0.2841225564479828,2.1045584678649902,2.080371494997962,4,1,1,1,False,c4_drift_aware__iid__sparse_coordinate_attack__seed49,49,iid,sparse_coordinate_attack,c4_drift_aware
14,0.3139275908470154,2.055635452270508,2.065722525003366,4,1,1,1,False,c4_drift_aware__iid__sparse_coordinate_attack__seed49,49,iid,sparse_coordinate_attack,c4_drift_aware
15,0.3317548930644989,1.984560251235962,2.1247965639995527,4,1,1,1,False,c4_drift_aware__iid__sparse_coordinate_attack__seed49,49,iid,sparse_coordinate_attack,c4_drift_aware
16,0.33328691124916077,1.8915587663650513,2.0915686400003324,4,1,1,1,False,c4_drift_aware__iid__sparse_coordinate_attack__seed49,49,iid,sparse_coordinate_attack,c4_drift_aware
17,0.32200556993484497,1.8324280977249146,2.0948948039986135,4,1,1,1,False,c4_drift_aware__iid__sparse_coordinate_attack__seed49,49,iid,sparse_coordinate_attack,c4_drift_aware
18,0.3508356511592865,1.757944941520691,2.0209894239997084,4,1,1,1,False,c4_drift_aware__iid__sparse_coordinate_attack__seed49,49,iid,sparse_coordinate_attack,c4_drift_aware
19,0.3384401202201843,1.736572504043579,2.076920114999666,4,1,1,1,False,c4_drift_aware__iid__sparse_coordinate_attack__seed49,49,iid,sparse_coordinate_attack,c4_drift_aware
20,0.3369080722332001,1.6974568367004395,2.0152030809986172,4,1,1,1,False,c4_drift_aware__iid__sparse_coordinate_attack__seed49,49,iid,sparse_coordinate_attack,c4_drift_aware
21,0.3586350977420807,1.7474522590637207,1.8170441670008586,4,1,1,1,False,c4_drift_aware__iid__sparse_coordinate_attack__seed49,49,iid,sparse_coordinate_attack,c4_drift_aware
22,0.31545960903167725,1.6967964172363281,2.0125953480019234,4,1,1,1,False,c4_drift_aware__iid__sparse_coordinate_attack__seed49,49,iid,sparse_coordinate_attack,c4_drift_aware
23,0.43077996373176575,1.6403344869613647,2.0125301750013023,3,2,1,1,False,c4_drift_aware__iid__sparse_coordinate_attack__seed49,49,iid,sparse_coordinate_attack,c4_drift_aware
24,0.44275766611099243,1.628143072128296,2.016562277000048,4,1,1,1,False,c4_drift_aware__iid__sparse_coordinate_attack__seed49,49,iid,sparse_coordinate_attack,c4_drift_aware
0,0.1717270165681839,2.1933040618896484,2.0613821070000995,5,0,1,0,False,c4_drift_aware__iid__full_sign_flip__seed49,49,iid,full_sign_flip,c4_drift_aware
1,0.15459610521793365,2.193607807159424,2.027874357998371,5,0,1,0,False,c4_drift_aware__iid__full_sign_flip__seed49,49,iid,full_sign_flip,c4_drift_aware
2,0.15738162398338318,2.1943881511688232,2.0237223459989764,5,0,1,0,False,c4_drift_aware__iid__full_sign_flip__seed49,49,iid,full_sign_flip,c4_drift_aware
3,0.1717270165681839,2.192866563796997,2.0467290050000884,5,0,1,0,False,c4_drift_aware__iid__full_sign_flip__seed49,49,iid,full_sign_flip,c4_drift_aware
4,0.1569637954235077,2.190575122833252,2.0524871140005416,5,0,1,0,False,c4_drift_aware__iid__full_sign_flip__seed49,49,iid,full_sign_flip,c4_drift_aware
5,0.16253481805324554,2.1896331310272217,2.052266241000325,5,0,1,0,False,c4_drift_aware__iid__full_sign_flip__seed49,49,iid,full_sign_flip,c4_drift_aware
6,0.16518105566501617,2.186204433441162,2.09645306099992,4,1,1,0,False,c4_drift_aware__iid__full_sign_flip__seed49,49,iid,full_sign_flip,c4_drift_aware
7,0.16253481805324554,2.183335781097412,2.088983380999707,5,0,1,0,False,c4_drift_aware__iid__full_sign_flip__seed49,49,iid,full_sign_flip,c4_drift_aware
8,0.16267409920692444,2.1788530349731445,2.0886040219993447,5,0,1,0,False,c4_drift_aware__iid__full_sign_flip__seed49,49,iid,full_sign_flip,c4_drift_aware
9,0.13147632777690887,2.1723861694335938,2.0862488160018984,4,1,1,0,False,c4_drift_aware__iid__full_sign_flip__seed49,49,iid,full_sign_flip,c4_drift_aware
10,0.12827298045158386,2.16349458694458,2.102328810000472,4,1,1,1,False,c4_drift_aware__iid__full_sign_flip__seed49,49,iid,full_sign_flip,c4_drift_aware
11,0.33384400606155396,2.1470415592193604,2.0719319000018004,4,1,1,1,False,c4_drift_aware__iid__full_sign_flip__seed49,49,iid,full_sign_flip,c4_drift_aware
12,0.33384400606155396,2.1317501068115234,2.03857853700174,4,1,1,1,False,c4_drift_aware__iid__full_sign_flip__seed49,49,iid,full_sign_flip,c4_drift_aware
13,0.3442896902561188,2.1019608974456787,2.165702551999857,4,1,1,1,False,c4_drift_aware__iid__full_sign_flip__seed49,49,iid,full_sign_flip,c4_drift_aware
14,0.33816155791282654,2.0597054958343506,2.047027769000124,4,1,1,1,False,c4_drift_aware__iid__full_sign_flip__seed49,49,iid,full_sign_flip,c4_drift_aware
15,0.3313370645046234,1.9866575002670288,2.060990711001068,4,1,1,1,False,c4_drift_aware__iid__full_sign_flip__seed49,49,iid,full_sign_flip,c4_drift_aware
16,0.32688021659851074,1.9203747510910034,2.0828178519986977,4,1,1,1,False,c4_drift_aware__iid__full_sign_flip__seed49,49,iid,full_sign_flip,c4_drift_aware
17,0.33036211133003235,1.8536995649337769,2.0152380439976696,4,1,1,1,False,c4_drift_aware__iid__full_sign_flip__seed49,49,iid,full_sign_flip,c4_drift_aware
18,0.3572423458099365,1.78559148311615,2.015312603001803,3,2,1,1,False,c4_drift_aware__iid__full_sign_flip__seed49,49,iid,full_sign_flip,c4_drift_aware
19,0.31949862837791443,1.7640810012817383,2.0241609969998535,4,1,1,1,False,c4_drift_aware__iid__full_sign_flip__seed49,49,iid,full_sign_flip,c4_drift_aware
20,0.3926183879375458,1.7091772556304932,2.055390379999153,4,1,1,1,False,c4_drift_aware__iid__full_sign_flip__seed49,49,iid,full_sign_flip,c4_drift_aware
21,0.3700557053089142,1.74336576461792,2.00893158100007,4,1,1,1,False,c4_drift_aware__iid__full_sign_flip__seed49,49,iid,full_sign_flip,c4_drift_aware
22,0.3874651789665222,1.7205915451049805,2.0776338130017393,4,1,1,1,False,c4_drift_aware__iid__full_sign_flip__seed49,49,iid,full_sign_flip,c4_drift_aware
23,0.37437325716018677,1.6469218730926514,2.121906715001387,4,1,1,1,False,c4_drift_aware__iid__full_sign_flip__seed49,49,iid,full_sign_flip,c4_drift_aware
24,0.44526463747024536,1.6282531023025513,2.093709492997732,3,2,1,1,False,c4_drift_aware__iid__full_sign_flip__seed49,49,iid,full_sign_flip,c4_drift_aware
0,0.1717270165681839,2.1933038234710693,2.0801063510007225,5,0,1,0,False,c4_drift_aware__iid__low_norm__seed49,49,iid,low_norm,c4_drift_aware
1,0.15459610521793365,2.1936089992523193,2.0270764240012795,5,0,1,0,False,c4_drift_aware__iid__low_norm__seed49,49,iid,low_norm,c4_drift_aware
2,0.1571030616760254,2.194390296936035,1.8057456389979052,5,0,1,0,False,c4_drift_aware__iid__low_norm__seed49,49,iid,low_norm,c4_drift_aware
3,0.1717270165681839,2.192863941192627,2.042528873000265,5,0,1,0,False,c4_drift_aware__iid__low_norm__seed49,49,iid,low_norm,c4_drift_aware
4,0.1566852480173111,2.1905786991119385,2.0738669889979064,5,0,1,0,False,c4_drift_aware__iid__low_norm__seed49,49,iid,low_norm,c4_drift_aware
5,0.16253481805324554,2.1896345615386963,2.081528601000173,5,0,1,0,False,c4_drift_aware__iid__low_norm__seed49,49,iid,low_norm,c4_drift_aware
6,0.16532033681869507,2.1862354278564453,2.118842334999499,4,1,1,0,False,c4_drift_aware__iid__low_norm__seed49,49,iid,low_norm,c4_drift_aware
7,0.16267409920692444,2.183342456817627,1.781587629000569,5,0,1,0,False,c4_drift_aware__iid__low_norm__seed49,49,iid,low_norm,c4_drift_aware
8,0.16253481805324554,2.178872585296631,1.979532183999254,5,0,1,0,False,c4_drift_aware__iid__low_norm__seed49,49,iid,low_norm,c4_drift_aware
9,0.1310584992170334,2.172393560409546,2.0350907609972637,4,1,1,0,False,c4_drift_aware__iid__low_norm__seed49,49,iid,low_norm,c4_drift_aware
10,0.1267409473657608,2.165508508682251,2.109063347001211,5,0,1,1,False,c4_drift_aware__iid__low_norm__seed49,49,iid,low_norm,c4_drift_aware
11,0.2941504120826721,2.1532037258148193,2.036747166999703,5,0,1,1,False,c4_drift_aware__iid__low_norm__seed49,49,iid,low_norm,c4_drift_aware
12,0.33050140738487244,2.1427671909332275,2.032865593999304,5,0,1,1,False,c4_drift_aware__iid__low_norm__seed49,49,iid,low_norm,c4_drift_aware
13,0.34540390968322754,2.124905586242676,2.0423313789979147,5,0,1,1,False,c4_drift_aware__iid__low_norm__seed49,49,iid,low_norm,c4_drift_aware
14,0.3392757773399353,2.101149082183838,2.084792704998108,5,0,1,1,False,c4_drift_aware__iid__low_norm__seed49,49,iid,low_norm,c4_drift_aware
15,0.3362117111682892,2.0627970695495605,2.0787159350002185,5,0,1,1,False,c4_drift_aware__iid__low_norm__seed49,49,iid,low_norm,c4_drift_aware
16,0.32632312178611755,2.014298677444458,2.122894465999707,5,0,1,1,False,c4_drift_aware__iid__low_norm__seed49,49,iid,low_norm,c4_drift_aware
17,0.3281337022781372,1.9512828588485718,2.055171182997583,5,0,1,1,False,c4_drift_aware__iid__low_norm__seed49,49,iid,low_norm,c4_drift_aware
18,0.33467966318130493,1.867977499961853,2.093746698999894,5,0,1,1,False,c4_drift_aware__iid__low_norm__seed49,49,iid,low_norm,c4_drift_aware
19,0.32674095034599304,1.822611689567566,2.090331139999762,5,0,1,1,False,c4_drift_aware__iid__low_norm__seed49,49,iid,low_norm,c4_drift_aware
20,0.34108635783195496,1.7701778411865234,2.069971715001884,5,0,1,1,False,c4_drift_aware__iid__low_norm__seed49,49,iid,low_norm,c4_drift_aware
21,0.3798050284385681,1.7786345481872559,2.0353454800024338,5,0,1,1,False,c4_drift_aware__iid__low_norm__seed49,49,iid,low_norm,c4_drift_aware
22,0.39428970217704773,1.7645304203033447,2.0199908200011123,5,0,1,1,False,c4_drift_aware__iid__low_norm__seed49,49,iid,low_norm,c4_drift_aware
23,0.37103065848350525,1.6978294849395752,2.056586167000205,5,0,1,1,False,c4_drift_aware__iid__low_norm__seed49,49,iid,low_norm,c4_drift_aware
24,0.4176880419254303,1.672936201095581,1.991759173997707,5,0,1,1,False,c4_drift_aware__iid__low_norm__seed49,49,iid,low_norm,c4_drift_aware
0,0.06086350977420807,2.1976985931396484,2.1063160950034217,5,0,1,0,False,c4_drift_aware__dirichlet_a1.0__full_sign_flip__seed42,42,dirichlet_a1.0,full_sign_flip,c4_drift_aware
1,0.1529247909784317,2.2004339694976807,2.028023177997966,5,0,1,0,False,c4_drift_aware__dirichlet_a1.0__full_sign_flip__seed42,42,dirichlet_a1.0,full_sign_flip,c4_drift_aware
2,0.1715877503156662,2.2067654132843018,2.0021391689988377,5,0,1,0,False,c4_drift_aware__dirichlet_a1.0__full_sign_flip__seed42,42,dirichlet_a1.0,full_sign_flip,c4_drift_aware
3,0.1717270165681839,2.2095818519592285,2.0274954560009064,5,0,1,0,False,c4_drift_aware__dirichlet_a1.0__full_sign_flip__seed42,42,dirichlet_a1.0,full_sign_flip,c4_drift_aware
4,0.1715877503156662,2.2243120670318604,2.113211379000859,5,0,1,0,False,c4_drift_aware__dirichlet_a1.0__full_sign_flip__seed42,42,dirichlet_a1.0,full_sign_flip,c4_drift_aware
5,0.1717270165681839,2.225174903869629,2.02744397999777,5,0,1,0,False,c4_drift_aware__dirichlet_a1.0__full_sign_flip__seed42,42,dirichlet_a1.0,full_sign_flip,c4_drift_aware
6,0.17061281204223633,2.234454870223999,2.02543227699789,5,0,1,0,False,c4_drift_aware__dirichlet_a1.0__full_sign_flip__seed42,42,dirichlet_a1.0,full_sign_flip,c4_drift_aware
7,0.1717270165681839,2.2202272415161133,2.120747801000107,5,0,1,0,False,c4_drift_aware__dirichlet_a1.0__full_sign_flip__seed42,42,dirichlet_a1.0,full_sign_flip,c4_drift_aware
8,0.16128134727478027,2.2316129207611084,2.10173878400019,5,0,1,0,False,c4_drift_aware__dirichlet_a1.0__full_sign_flip__seed42,42,dirichlet_a1.0,full_sign_flip,c4_drift_aware
9,0.1718662977218628,2.2366535663604736,2.016406177997851,5,0,1,0,False,c4_drift_aware__dirichlet_a1.0__full_sign_flip__seed42,42,dirichlet_a1.0,full_sign_flip,c4_drift_aware
10,0.08245125412940979,2.4170215129852295,2.0753804699998,5,0,1,1,False,c4_drift_aware__dirichlet_a1.0__full_sign_flip__seed42,42,dirichlet_a1.0,full_sign_flip,c4_drift_aware
11,0.08830083906650543,2.3242998123168945,2.0754331959979027,4,1,1,1,False,c4_drift_aware__dirichlet_a1.0__full_sign_flip__seed42,42,dirichlet_a1.0,full_sign_flip,c4_drift_aware
12,0.10292479395866394,2.2987709045410156,2.056421141998726,4,1,1,1,False,c4_drift_aware__dirichlet_a1.0__full_sign_flip__seed42,42,dirichlet_a1.0,full_sign_flip,c4_drift_aware
13,0.08997214585542679,2.3148088455200195,2.0479389850006555,4,1,1,1,False,c4_drift_aware__dirichlet_a1.0__full_sign_flip__seed42,42,dirichlet_a1.0,full_sign_flip,c4_drift_aware
14,0.1674094796180725,2.267843246459961,2.119636339997669,4,1,1,1,False,c4_drift_aware__dirichlet_a1.0__full_sign_flip__seed42,42,dirichlet_a1.0,full_sign_flip,c4_drift_aware
15,0.20264624059200287,2.2960150241851807,2.048804193000251,4,1,1,1,False,c4_drift_aware__dirichlet_a1.0__full_sign_flip__seed42,42,dirichlet_a1.0,full_sign_flip,c4_drift_aware
16,0.20403900742530823,2.2909650802612305,1.8018378670021775,4,1,1,1,False,c4_drift_aware__dirichlet_a1.0__full_sign_flip__seed42,42,dirichlet_a1.0,full_sign_flip,c4_drift_aware
17,0.2789693772792816,2.2219982147216797,2.077166389000922,4,1,1,1,False,c4_drift_aware__dirichlet_a1.0__full_sign_flip__seed42,42,dirichlet_a1.0,full_sign_flip,c4_drift_aware
18,0.2538997232913971,2.1811025142669678,1.7686017339983664,4,1,1,1,False,c4_drift_aware__dirichlet_a1.0__full_sign_flip__seed42,42,dirichlet_a1.0,full_sign_flip,c4_drift_aware
19,0.2643454074859619,2.117532968521118,1.9661444989978918,4,1,1,1,False,c4_drift_aware__dirichlet_a1.0__full_sign_flip__seed42,42,dirichlet_a1.0,full_sign_flip,c4_drift_aware
20,0.3589136600494385,2.0522561073303223,2.0585967430015444,4,1,1,1,False,c4_drift_aware__dirichlet_a1.0__full_sign_flip__seed42,42,dirichlet_a1.0,full_sign_flip,c4_drift_aware
21,0.48676881194114685,1.9895415306091309,2.007285523999599,4,1,1,1,False,c4_drift_aware__dirichlet_a1.0__full_sign_flip__seed42,42,dirichlet_a1.0,full_sign_flip,c4_drift_aware
22,0.36768803000450134,2.0278091430664062,2.0216433350033185,4,1,1,1,False,c4_drift_aware__dirichlet_a1.0__full_sign_flip__seed42,42,dirichlet_a1.0,full_sign_flip,c4_drift_aware
23,0.4477716088294983,1.802255630493164,2.1013436610010103,4,1,1,1,False,c4_drift_aware__dirichlet_a1.0__full_sign_flip__seed42,42,dirichlet_a1.0,full_sign_flip,c4_drift_aware
24,0.4260445833206177,1.7540345191955566,2.1203439480013913,4,1,1,1,False,c4_drift_aware__dirichlet_a1.0__full_sign_flip__seed42,42,dirichlet_a1.0,full_sign_flip,c4_drift_aware
0,0.06086350977420807,2.1976981163024902,2.062751452001976,5,0,1,0,False,c4_drift_aware__dirichlet_a1.0__low_norm__seed42,42,dirichlet_a1.0,low_norm,c4_drift_aware
1,0.1530640721321106,2.200439929962158,2.0804859659983777,5,0,1,0,False,c4_drift_aware__dirichlet_a1.0__low_norm__seed42,42,dirichlet_a1.0,low_norm,c4_drift_aware
2,0.1715877503156662,2.206756591796875,2.081216367001616,5,0,1,0,False,c4_drift_aware__dirichlet_a1.0__low_norm__seed42,42,dirichlet_a1.0,low_norm,c4_drift_aware
3,0.1717270165681839,2.209678888320923,2.1313932689990907,5,0,1,0,False,c4_drift_aware__dirichlet_a1.0__low_norm__seed42,42,dirichlet_a1.0,low_norm,c4_drift_aware
4,0.1715877503156662,2.2243008613586426,1.8549815619990113,5,0,1,0,False,c4_drift_aware__dirichlet_a1.0__low_norm__seed42,42,dirichlet_a1.0,low_norm,c4_drift_aware
5,0.1717270165681839,2.22493052482605,1.8900899509972078,5,0,1,0,False,c4_drift_aware__dirichlet_a1.0__low_norm__seed42,42,dirichlet_a1.0,low_norm,c4_drift_aware
6,0.17061281204223633,2.2345223426818848,2.073303475001012,5,0,1,0,False,c4_drift_aware__dirichlet_a1.0__low_norm__seed42,42,dirichlet_a1.0,low_norm,c4_drift_aware
7,0.1717270165681839,2.220010757446289,2.086083622001752,5,0,1,0,False,c4_drift_aware__dirichlet_a1.0__low_norm__seed42,42,dirichlet_a1.0,low_norm,c4_drift_aware
8,0.16100278496742249,2.231869697570801,2.042731851001008,5,0,1,0,False,c4_drift_aware__dirichlet_a1.0__low_norm__seed42,42,dirichlet_a1.0,low_norm,c4_drift_aware
9,0.1718662977218628,2.2366249561309814,2.036400953998964,5,0,1,0,False,c4_drift_aware__dirichlet_a1.0__low_norm__seed42,42,dirichlet_a1.0,low_norm,c4_drift_aware
10,0.14233984053134918,2.3070590496063232,2.0448315240028023,5,0,1,1,False,c4_drift_aware__dirichlet_a1.0__low_norm__seed42,42,dirichlet_a1.0,low_norm,c4_drift_aware
11,0.08844011276960373,2.3177855014801025,2.0758142890008457,5,0,1,1,False,c4_drift_aware__dirichlet_a1.0__low_norm__seed42,42,dirichlet_a1.0,low_norm,c4_drift_aware
12,0.1083565503358841,2.3006670475006104,2.0156497640018642,5,0,1,1,False,c4_drift_aware__dirichlet_a1.0__low_norm__seed42,42,dirichlet_a1.0,low_norm,c4_drift_aware
13,0.09206128120422363,2.3119208812713623,2.1194355999978143,5,0,1,1,False,c4_drift_aware__dirichlet_a1.0__low_norm__seed42,42,dirichlet_a1.0,low_norm,c4_drift_aware
14,0.16350975632667542,2.2786102294921875,2.0968180270028824,5,0,1,1,False,c4_drift_aware__dirichlet_a1.0__low_norm__seed42,42,dirichlet_a1.0,low_norm,c4_drift_aware
15,0.1568245142698288,2.2968661785125732,2.0979262970031414,5,0,1,1,False,c4_drift_aware__dirichlet_a1.0__low_norm__seed42,42,dirichlet_a1.0,low_norm,c4_drift_aware
16,0.1642061322927475,2.300729751586914,2.0441722700015816,5,0,1,1,False,c4_drift_aware__dirichlet_a1.0__low_norm__seed42,42,dirichlet_a1.0,low_norm,c4_drift_aware
17,0.22506964206695557,2.2547638416290283,2.0849933469980897,5,0,1,1,False,c4_drift_aware__dirichlet_a1.0__low_norm__seed42,42,dirichlet_a1.0,low_norm,c4_drift_aware
18,0.21295265853405,2.2224674224853516,2.055200095001055,5,0,1,1,False,c4_drift_aware__dirichlet_a1.0__low_norm__seed42,42,dirichlet_a1.0,low_norm,c4_drift_aware
19,0.1676880270242691,2.2014970779418945,2.0635307429984096,5,0,1,1,False,c4_drift_aware__dirichlet_a1.0__low_norm__seed42,42,dirichlet_a1.0,low_norm,c4_drift_aware
20,0.23398329317569733,2.141847848892212,2.1053879510000115,5,0,1,1,False,c4_drift_aware__dirichlet_a1.0__low_norm__seed42,42,dirichlet_a1.0,low_norm,c4_drift_aware
21,0.39777159690856934,2.1020407676696777,1.9953079909973894,5,0,1,1,False,c4_drift_aware__dirichlet_a1.0__low_norm__seed42,42,dirichlet_a1.0,low_norm,c4_drift_aware
22,0.27841225266456604,2.1269567012786865,2.0696515170020575,5,0,1,1,False,c4_drift_aware__dirichlet_a1.0__low_norm__seed42,42,dirichlet_a1.0,low_norm,c4_drift_aware
23,0.4392757713794708,2.0168309211730957,2.0815829889979796,5,0,1,1,False,c4_drift_aware__dirichlet_a1.0__low_norm__seed42,42,dirichlet_a1.0,low_norm,c4_drift_aware
24,0.44178274273872375,1.9230362176895142,2.0178685409991886,5,0,1,1,False,c4_drift_aware__dirichlet_a1.0__low_norm__seed42,42,dirichlet_a1.0,low_norm,c4_drift_aware
0,0.08245125412940979,2.1829476356506348,1.9996239540014358,5,0,1,0,False,c4_drift_aware__dirichlet_a1.0__full_sign_flip__seed43,43,dirichlet_a1.0,full_sign_flip,c4_drift_aware
1,0.1717270165681839,2.2008984088897705,2.074928591999196,5,0,1,0,False,c4_drift_aware__dirichlet_a1.0__full_sign_flip__seed43,43,dirichlet_a1.0,full_sign_flip,c4_drift_aware
2,0.12869080901145935,2.1809592247009277,2.1438865780000924,4,1,1,0,False,c4_drift_aware__dirichlet_a1.0__full_sign_flip__seed43,43,dirichlet_a1.0,full_sign_flip,c4_drift_aware
3,0.1717270165681839,2.2129292488098145,2.0872054479987128,5,0,1,0,False,c4_drift_aware__dirichlet_a1.0__full_sign_flip__seed43,43,dirichlet_a1.0,full_sign_flip,c4_drift_aware
4,0.1717270165681839,2.2305569648742676,2.0893854039968573,5,0,1,0,False,c4_drift_aware__dirichlet_a1.0__full_sign_flip__seed43,43,dirichlet_a1.0,full_sign_flip,c4_drift_aware
5,0.1717270165681839,2.2145471572875977,2.1054011849992094,5,0,1,0,False,c4_drift_aware__dirichlet_a1.0__full_sign_flip__seed43,43,dirichlet_a1.0,full_sign_flip,c4_drift_aware
6,0.1717270165681839,2.2978358268737793,2.1691981039984967,4,1,1,0,False,c4_drift_aware__dirichlet_a1.0__full_sign_flip__seed43,43,dirichlet_a1.0,full_sign_flip,c4_drift_aware
7,0.1717270165681839,2.182809591293335,2.0766858419992786,5,0,1,0,False,c4_drift_aware__dirichlet_a1.0__full_sign_flip__seed43,43,dirichlet_a1.0,full_sign_flip,c4_drift_aware
8,0.1717270165681839,2.1868789196014404,2.0907038360019214,5,0,1,0,False,c4_drift_aware__dirichlet_a1.0__full_sign_flip__seed43,43,dirichlet_a1.0,full_sign_flip,c4_drift_aware
9,0.1717270165681839,2.1061043739318848,2.111280806002469,5,0,1,0,False,c4_drift_aware__dirichlet_a1.0__full_sign_flip__seed43,43,dirichlet_a1.0,full_sign_flip,c4_drift_aware
10,0.08523677289485931,2.132911205291748,2.0586911080026766,5,0,1,1,False,c4_drift_aware__dirichlet_a1.0__full_sign_flip__seed43,43,dirichlet_a1.0,full_sign_flip,c4_drift_aware
11,0.205710306763649,2.0251123905181885,2.074260162000428,4,1,1,1,False,c4_drift_aware__dirichlet_a1.0__full_sign_flip__seed43,43,dirichlet_a1.0,full_sign_flip,c4_drift_aware
12,0.1860724240541458,2.0537827014923096,2.0843563960006577,4,1,1,1,False,c4_drift_aware__dirichlet_a1.0__full_sign_flip__seed43,43,dirichlet_a1.0,full_sign_flip,c4_drift_aware
13,0.28593316674232483,1.8030425310134888,2.0959534009998606,4,1,1,1,False,c4_drift_aware__dirichlet_a1.0__full_sign_flip__seed43,43,dirichlet_a1.0,full_sign_flip,c4_drift_aware
14,0.38969361782073975,1.7844685316085815,2.068553986002371,4,1,1,1,False,c4_drift_aware__dirichlet_a1.0__full_sign_flip__seed43,43,dirichlet_a1.0,full_sign_flip,c4_drift_aware
15,0.39749303460121155,1.7645373344421387,2.1019652289978694,4,1,1,1,False,c4_drift_aware__dirichlet_a1.0__full_sign_flip__seed43,43,dirichlet_a1.0,full_sign_flip,c4_drift_aware
16,0.3947075307369232,1.744695782661438,2.08833010500166,4,1,1,1,False,c4_drift_aware__dirichlet_a1.0__full_sign_flip__seed43,43,dirichlet_a1.0,full_sign_flip,c4_drift_aware
17,0.3653203547000885,1.7001936435699463,2.1064800880012626,4,1,1,1,False,c4_drift_aware__dirichlet_a1.0__full_sign_flip__seed43,43,dirichlet_a1.0,full_sign_flip,c4_drift_aware
18,0.4061281383037567,1.6662278175354004,2.0886354819995177,4,1,1,1,False,c4_drift_aware__dirichlet_a1.0__full_sign_flip__seed43,43,dirichlet_a1.0,full_sign_flip,c4_drift_aware
19,0.4220055937767029,1.6127897500991821,2.088646535001317,4,1,1,1,False,c4_drift_aware__dirichlet_a1.0__full_sign_flip__seed43,43,dirichlet_a1.0,full_sign_flip,c4_drift_aware
20,0.37130919098854065,1.5878748893737793,1.8323049980026553,3,2,1,1,False,c4_drift_aware__dirichlet_a1.0__full_sign_flip__seed43,43,dirichlet_a1.0,full_sign_flip,c4_drift_aware
21,0.4327298104763031,1.5683470964431763,2.07438813400222,4,1,1,1,False,c4_drift_aware__dirichlet_a1.0__full_sign_flip__seed43,43,dirichlet_a1.0,full_sign_flip,c4_drift_aware
22,0.4185236990451813,1.5654751062393188,2.0634799219988054,4,1,1,1,False,c4_drift_aware__dirichlet_a1.0__full_sign_flip__seed43,43,dirichlet_a1.0,full_sign_flip,c4_drift_aware
23,0.4298050105571747,1.5476654767990112,2.0749409520030895,4,1,1,1,False,c4_drift_aware__dirichlet_a1.0__full_sign_flip__seed43,43,dirichlet_a1.0,full_sign_flip,c4_drift_aware
24,0.4484679698944092,1.5426591634750366,2.0624780479993206,4,1,1,1,False,c4_drift_aware__dirichlet_a1.0__full_sign_flip__seed43,43,dirichlet_a1.0,full_sign_flip,c4_drift_aware
0,0.08245125412940979,2.1829566955566406,2.0298979799990775,5,0,1,0,False,c4_drift_aware__dirichlet_a1.0__low_norm__seed43,43,dirichlet_a1.0,low_norm,c4_drift_aware
1,0.1717270165681839,2.2009222507476807,2.0978013559979445,5,0,1,0,False,c4_drift_aware__dirichlet_a1.0__low_norm__seed43,43,dirichlet_a1.0,low_norm,c4_drift_aware
2,0.12757660448551178,2.1810269355773926,2.101041620000615,4,1,1,0,False,c4_drift_aware__dirichlet_a1.0__low_norm__seed43,43,dirichlet_a1.0,low_norm,c4_drift_aware
3,0.1717270165681839,2.2133285999298096,2.229981881999265,5,0,1,0,False,c4_drift_aware__dirichlet_a1.0__low_norm__seed43,43,dirichlet_a1.0,low_norm,c4_drift_aware
4,0.1717270165681839,2.2307732105255127,1.8083496170002036,5,0,1,0,False,c4_drift_aware__dirichlet_a1.0__low_norm__seed43,43,dirichlet_a1.0,low_norm,c4_drift_aware
5,0.1717270165681839,2.214529275894165,2.058621193998988,5,0,1,0,False,c4_drift_aware__dirichlet_a1.0__low_norm__seed43,43,dirichlet_a1.0,low_norm,c4_drift_aware
6,0.1717270165681839,2.2979488372802734,2.065587525998126,4,1,1,0,False,c4_drift_aware__dirichlet_a1.0__low_norm__seed43,43,dirichlet_a1.0,low_norm,c4_drift_aware
7,0.1717270165681839,2.1827495098114014,2.0654264009972394,5,0,1,0,False,c4_drift_aware__dirichlet_a1.0__low_norm__seed43,43,dirichlet_a1.0,low_norm,c4_drift_aware
8,0.1717270165681839,2.186967611312866,2.0643279859978065,5,0,1,0,False,c4_drift_aware__dirichlet_a1.0__low_norm__seed43,43,dirichlet_a1.0,low_norm,c4_drift_aware
9,0.1717270165681839,2.1062374114990234,2.07249539699842,5,0,1,0,False,c4_drift_aware__dirichlet_a1.0__low_norm__seed43,43,dirichlet_a1.0,low_norm,c4_drift_aware
10,0.1676880270242691,2.0939013957977295,2.035372518999793,5,0,1,1,False,c4_drift_aware__dirichlet_a1.0__low_norm__seed43,43,dirichlet_a1.0,low_norm,c4_drift_aware
11,0.20961003005504608,2.0350115299224854,2.0426172059997043,5,0,1,1,False,c4_drift_aware__dirichlet_a1.0__low_norm__seed43,43,dirichlet_a1.0,low_norm,c4_drift_aware
12,0.17339833080768585,2.0531890392303467,2.0550054680024914,5,0,1,1,False,c4_drift_aware__dirichlet_a1.0__low_norm__seed43,43,dirichlet_a1.0,low_norm,c4_drift_aware
13,0.29206129908561707,1.8834561109542847,2.099441090002074,5,0,1,1,False,c4_drift_aware__dirichlet_a1.0__low_norm__seed43,43,dirichlet_a1.0,low_norm,c4_drift_aware
14,0.38635098934173584,1.8386443853378296,2.064098538001417,5,0,1,1,False,c4_drift_aware__dirichlet_a1.0__low_norm__seed43,43,dirichlet_a1.0,low_norm,c4_drift_aware
15,0.3906685411930084,1.8215855360031128,2.0421757850017457,5,0,1,1,False,c4_drift_aware__dirichlet_a1.0__low_norm__seed43,43,dirichlet_a1.0,low_norm,c4_drift_aware
16,0.3917827308177948,1.7925375699996948,2.044808106998971,5,0,1,1,False,c4_drift_aware__dirichlet_a1.0__low_norm__seed43,43,dirichlet_a1.0,low_norm,c4_drift_aware
17,0.3731198012828827,1.74884033203125,2.058665011998528,5,0,1,1,False,c4_drift_aware__dirichlet_a1.0__low_norm__seed43,43,dirichlet_a1.0,low_norm,c4_drift_aware
18,0.4032033383846283,1.7194627523422241,2.1129148440013523,5,0,1,1,False,c4_drift_aware__dirichlet_a1.0__low_norm__seed43,43,dirichlet_a1.0,low_norm,c4_drift_aware
19,0.41183844208717346,1.6787141561508179,2.196003668999765,5,0,1,1,False,c4_drift_aware__dirichlet_a1.0__low_norm__seed43,43,dirichlet_a1.0,low_norm,c4_drift_aware
20,0.4366295337677002,1.6261239051818848,2.0763479819979693,5,0,1,1,False,c4_drift_aware__dirichlet_a1.0__low_norm__seed43,43,dirichlet_a1.0,low_norm,c4_drift_aware
21,0.4253481924533844,1.67088782787323,1.8488194439996732,5,0,1,1,False,c4_drift_aware__dirichlet_a1.0__low_norm__seed43,43,dirichlet_a1.0,low_norm,c4_drift_aware
22,0.41225627064704895,1.596940517425537,2.0680771279985493,5,0,1,1,False,c4_drift_aware__dirichlet_a1.0__low_norm__seed43,43,dirichlet_a1.0,low_norm,c4_drift_aware
23,0.3589136600494385,1.575282096862793,2.056424105001497,4,1,1,1,False,c4_drift_aware__dirichlet_a1.0__low_norm__seed43,43,dirichlet_a1.0,low_norm,c4_drift_aware
24,0.43064066767692566,1.5612106323242188,2.0164610059982806,5,0,1,1,False,c4_drift_aware__dirichlet_a1.0__low_norm__seed43,43,dirichlet_a1.0,low_norm,c4_drift_aware
0,0.08370473980903625,2.190095901489258,2.0797470360012085,5,0,1,0,False,c4_drift_aware__dirichlet_a1.0__full_sign_flip__seed44,44,dirichlet_a1.0,full_sign_flip,c4_drift_aware
1,0.19623956084251404,2.180457353591919,2.08018341999923,5,0,1,0,False,c4_drift_aware__dirichlet_a1.0__full_sign_flip__seed44,44,dirichlet_a1.0,full_sign_flip,c4_drift_aware
2,0.2685236930847168,2.176619529724121,2.1192136429999664,5,0,1,0,False,c4_drift_aware__dirichlet_a1.0__full_sign_flip__seed44,44,dirichlet_a1.0,full_sign_flip,c4_drift_aware
3,0.19498607516288757,2.1656177043914795,2.1788920010003494,5,0,1,0,False,c4_drift_aware__dirichlet_a1.0__full_sign_flip__seed44,44,dirichlet_a1.0,full_sign_flip,c4_drift_aware
4,0.1863509863615036,2.1632556915283203,2.0788779060021625,5,0,1,0,False,c4_drift_aware__dirichlet_a1.0__full_sign_flip__seed44,44,dirichlet_a1.0,full_sign_flip,c4_drift_aware
5,0.1863509863615036,2.1591897010803223,2.1059395230004156,5,0,1,0,False,c4_drift_aware__dirichlet_a1.0__full_sign_flip__seed44,44,dirichlet_a1.0,full_sign_flip,c4_drift_aware
6,0.2577994465827942,2.1527650356292725,2.067097183000442,5,0,1,0,False,c4_drift_aware__dirichlet_a1.0__full_sign_flip__seed44,44,dirichlet_a1.0,full_sign_flip,c4_drift_aware
7,0.25891366600990295,2.139380693435669,2.0783656160019746,5,0,1,0,False,c4_drift_aware__dirichlet_a1.0__full_sign_flip__seed44,44,dirichlet_a1.0,full_sign_flip,c4_drift_aware
8,0.2655988931655884,2.136950731277466,2.0433666890021414,5,0,1,0,False,c4_drift_aware__dirichlet_a1.0__full_sign_flip__seed44,44,dirichlet_a1.0,full_sign_flip,c4_drift_aware
9,0.3129526674747467,2.1234428882598877,2.0490086909994716,5,0,1,0,False,c4_drift_aware__dirichlet_a1.0__full_sign_flip__seed44,44,dirichlet_a1.0,full_sign_flip,c4_drift_aware
10,0.25515320897102356,2.0827956199645996,2.0631367409987433,5,0,1,1,False,c4_drift_aware__dirichlet_a1.0__full_sign_flip__seed44,44,dirichlet_a1.0,full_sign_flip,c4_drift_aware
11,0.2753481864929199,2.0398707389831543,2.1033801040030085,4,1,1,1,False,c4_drift_aware__dirichlet_a1.0__full_sign_flip__seed44,44,dirichlet_a1.0,full_sign_flip,c4_drift_aware
12,0.2768802344799042,1.9831078052520752,2.1017402479992597,4,1,1,1,False,c4_drift_aware__dirichlet_a1.0__full_sign_flip__seed44,44,dirichlet_a1.0,full_sign_flip,c4_drift_aware
13,0.32242339849472046,1.8981393575668335,2.0754953780015057,4,1,1,1,False,c4_drift_aware__dirichlet_a1.0__full_sign_flip__seed44,44,dirichlet_a1.0,full_sign_flip,c4_drift_aware
14,0.4058496057987213,1.8338288068771362,2.034911088001536,4,1,1,1,False,c4_drift_aware__dirichlet_a1.0__full_sign_flip__seed44,44,dirichlet_a1.0,full_sign_flip,c4_drift_aware
15,0.4019498825073242,1.780956745147705,2.0164112129969,4,1,1,1,False,c4_drift_aware__dirichlet_a1.0__full_sign_flip__seed44,44,dirichlet_a1.0,full_sign_flip,c4_drift_aware
16,0.37465181946754456,1.7715822458267212,2.0359493490032037,4,1,1,1,False,c4_drift_aware__dirichlet_a1.0__full_sign_flip__seed44,44,dirichlet_a1.0,full_sign_flip,c4_drift_aware
17,0.39623957872390747,1.7598237991333008,1.865190001000883,5,0,1,1,False,c4_drift_aware__dirichlet_a1.0__full_sign_flip__seed44,44,dirichlet_a1.0,full_sign_flip,c4_drift_aware
18,0.4221448600292206,1.6861941814422607,2.016627329001494,4,1,1,1,False,c4_drift_aware__dirichlet_a1.0__full_sign_flip__seed44,44,dirichlet_a1.0,full_sign_flip,c4_drift_aware
19,0.4132311940193176,1.6493319272994995,2.014704826000525,4,1,1,1,False,c4_drift_aware__dirichlet_a1.0__full_sign_flip__seed44,44,dirichlet_a1.0,full_sign_flip,c4_drift_aware
20,0.4254874885082245,1.6521166563034058,2.0370898129986017,4,1,1,1,False,c4_drift_aware__dirichlet_a1.0__full_sign_flip__seed44,44,dirichlet_a1.0,full_sign_flip,c4_drift_aware
21,0.458077996969223,1.6132651567459106,2.075446409999131,4,1,1,1,False,c4_drift_aware__dirichlet_a1.0__full_sign_flip__seed44,44,dirichlet_a1.0,full_sign_flip,c4_drift_aware
22,0.3947075307369232,1.6169981956481934,2.1064653799985535,4,1,1,1,False,c4_drift_aware__dirichlet_a1.0__full_sign_flip__seed44,44,dirichlet_a1.0,full_sign_flip,c4_drift_aware
23,0.4298050105571747,1.5639337301254272,2.1352930539978843,4,1,1,1,False,c4_drift_aware__dirichlet_a1.0__full_sign_flip__seed44,44,dirichlet_a1.0,full_sign_flip,c4_drift_aware
24,0.43816158175468445,1.5474334955215454,2.058035739999468,4,1,1,1,False,c4_drift_aware__dirichlet_a1.0__full_sign_flip__seed44,44,dirichlet_a1.0,full_sign_flip,c4_drift_aware
0,0.08370473980903625,2.190096139907837,1.8802873630011163,5,0,1,0,False,c4_drift_aware__dirichlet_a1.0__low_norm__seed44,44,dirichlet_a1.0,low_norm,c4_drift_aware
1,0.19832868874073029,2.180398941040039,2.153706870998576,5,0,1,0,False,c4_drift_aware__dirichlet_a1.0__low_norm__seed44,44,dirichlet_a1.0,low_norm,c4_drift_aware
2,0.26685237884521484,2.1766245365142822,2.0391187660025025,5,0,1,0,False,c4_drift_aware__dirichlet_a1.0__low_norm__seed44,44,dirichlet_a1.0,low_norm,c4_drift_aware
3,0.19442898035049438,2.165574073791504,2.024189652998757,5,0,1,0,False,c4_drift_aware__dirichlet_a1.0__low_norm__seed44,44,dirichlet_a1.0,low_norm,c4_drift_aware
4,0.1863509863615036,2.1633450984954834,2.0470045230031246,5,0,1,0,False,c4_drift_aware__dirichlet_a1.0__low_norm__seed44,44,dirichlet_a1.0,low_norm,c4_drift_aware
5,0.1863509863615036,2.1591625213623047,2.067279899998539,5,0,1,0,False,c4_drift_aware__dirichlet_a1.0__low_norm__seed44,44,dirichlet_a1.0,low_norm,c4_drift_aware
6,0.2577994465827942,2.152844190597534,2.0280085129998042,5,0,1,0,False,c4_drift_aware__dirichlet_a1.0__low_norm__seed44,44,dirichlet_a1.0,low_norm,c4_drift_aware
7,0.25974932312965393,2.139483690261841,2.0863067540012707,5,0,1,0,False,c4_drift_aware__dirichlet_a1.0__low_norm__seed44,44,dirichlet_a1.0,low_norm,c4_drift_aware
8,0.2654596269130707,2.1368367671966553,2.1007086829995387,5,0,1,0,False,c4_drift_aware__dirichlet_a1.0__low_norm__seed44,44,dirichlet_a1.0,low_norm,c4_drift_aware
9,0.31142061948776245,2.1233694553375244,2.0682762560027186,5,0,1,0,False,c4_drift_aware__dirichlet_a1.0__low_norm__seed44,44,dirichlet_a1.0,low_norm,c4_drift_aware
10,0.2019498646259308,2.0767738819122314,2.0862973290022637,5,0,1,1,False,c4_drift_aware__dirichlet_a1.0__low_norm__seed44,44,dirichlet_a1.0,low_norm,c4_drift_aware
11,0.27353760600090027,2.04390549659729,2.098024644998077,5,0,1,1,False,c4_drift_aware__dirichlet_a1.0__low_norm__seed44,44,dirichlet_a1.0,low_norm,c4_drift_aware
12,0.2720055878162384,2.0010550022125244,2.0526097860019945,5,0,1,1,False,c4_drift_aware__dirichlet_a1.0__low_norm__seed44,44,dirichlet_a1.0,low_norm,c4_drift_aware
13,0.3289693593978882,1.9362773895263672,2.0420491069999116,5,0,1,1,False,c4_drift_aware__dirichlet_a1.0__low_norm__seed44,44,dirichlet_a1.0,low_norm,c4_drift_aware
14,0.4033426344394684,1.8879064321517944,2.1047404279997863,5,0,1,1,False,c4_drift_aware__dirichlet_a1.0__low_norm__seed44,44,dirichlet_a1.0,low_norm,c4_drift_aware
15,0.399582177400589,1.836283564567566,2.1092928329999268,5,0,1,1,False,c4_drift_aware__dirichlet_a1.0__low_norm__seed44,44,dirichlet_a1.0,low_norm,c4_drift_aware
16,0.39623957872390747,1.7927948236465454,2.067842035998183,5,0,1,1,False,c4_drift_aware__dirichlet_a1.0__low_norm__seed44,44,dirichlet_a1.0,low_norm,c4_drift_aware
17,0.40473538637161255,1.7724310159683228,2.0502449400009937,5,0,1,1,False,c4_drift_aware__dirichlet_a1.0__low_norm__seed44,44,dirichlet_a1.0,low_norm,c4_drift_aware
18,0.43454039096832275,1.720054030418396,2.0434509049991902,5,0,1,1,False,c4_drift_aware__dirichlet_a1.0__low_norm__seed44,44,dirichlet_a1.0,low_norm,c4_drift_aware
19,0.40821728110313416,1.684545636177063,2.026271391998307,5,0,1,1,False,c4_drift_aware__dirichlet_a1.0__low_norm__seed44,44,dirichlet_a1.0,low_norm,c4_drift_aware
20,0.4363509714603424,1.6761231422424316,1.8771440450000227,5,0,1,1,False,c4_drift_aware__dirichlet_a1.0__low_norm__seed44,44,dirichlet_a1.0,low_norm,c4_drift_aware
21,0.45752090215682983,1.6563303470611572,2.0398463679994165,5,0,1,1,False,c4_drift_aware__dirichlet_a1.0__low_norm__seed44,44,dirichlet_a1.0,low_norm,c4_drift_aware
22,0.4405292570590973,1.6289266347885132,2.0381878030020744,5,0,1,1,False,c4_drift_aware__dirichlet_a1.0__low_norm__seed44,44,dirichlet_a1.0,low_norm,c4_drift_aware
23,0.4655989110469818,1.6044702529907227,2.041134802002489,5,0,1,1,False,c4_drift_aware__dirichlet_a1.0__low_norm__seed44,44,dirichlet_a1.0,low_norm,c4_drift_aware
24,0.4587743878364563,1.5865840911865234,2.0278554709984746,5,0,1,1,False,c4_drift_aware__dirichlet_a1.0__low_norm__seed44,44,dirichlet_a1.0,low_norm,c4_drift_aware
0,0.20222841203212738,2.1880462169647217,1.8785091490026389,5,0,1,0,False,c4_drift_aware__dirichlet_a1.0__no_attack__seed45,45,dirichlet_a1.0,no_attack,c4_drift_aware
1,0.28217270970344543,2.2021234035491943,2.0533970469987253,5,0,1,0,False,c4_drift_aware__dirichlet_a1.0__no_attack__seed45,45,dirichlet_a1.0,no_attack,c4_drift_aware
2,0.18718662858009338,2.213283061981201,2.0922947379986,5,0,1,0,False,c4_drift_aware__dirichlet_a1.0__no_attack__seed45,45,dirichlet_a1.0,no_attack,c4_drift_aware
3,0.1863509863615036,2.2139928340911865,2.0816740650006977,5,0,1,0,False,c4_drift_aware__dirichlet_a1.0__no_attack__seed45,45,dirichlet_a1.0,no_attack,c4_drift_aware
4,0.1863509863615036,2.2184157371520996,2.0124440050021803,5,0,1,0,False,c4_drift_aware__dirichlet_a1.0__no_attack__seed45,45,dirichlet_a1.0,no_attack,c4_drift_aware
5,0.1863509863615036,2.2081360816955566,2.048027414999524,5,0,1,0,False,c4_drift_aware__dirichlet_a1.0__no_attack__seed45,45,dirichlet_a1.0,no_attack,c4_drift_aware
6,0.1863509863615036,2.195451259613037,2.017112460001954,5,0,1,0,False,c4_drift_aware__dirichlet_a1.0__no_attack__seed45,45,dirichlet_a1.0,no_attack,c4_drift_aware
7,0.1863509863615036,2.182103157043457,2.090969597997173,5,0,1,0,False,c4_drift_aware__dirichlet_a1.0__no_attack__seed45,45,dirichlet_a1.0,no_attack,c4_drift_aware
8,0.18816156685352325,2.1744394302368164,2.0822613480013388,5,0,1,0,False,c4_drift_aware__dirichlet_a1.0__no_attack__seed45,45,dirichlet_a1.0,no_attack,c4_drift_aware
9,0.2676880359649658,2.155212879180908,2.1208149240010243,5,0,1,0,False,c4_drift_aware__dirichlet_a1.0__no_attack__seed45,45,dirichlet_a1.0,no_attack,c4_drift_aware
10,0.2054317593574524,2.100275754928589,2.1195431140004075,5,0,1,1,False,c4_drift_aware__dirichlet_a1.0__no_attack__seed45,45,dirichlet_a1.0,no_attack,c4_drift_aware
11,0.29233983159065247,2.032121181488037,2.0993993090014555,5,0,1,1,False,c4_drift_aware__dirichlet_a1.0__no_attack__seed45,45,dirichlet_a1.0,no_attack,c4_drift_aware
12,0.2941504120826721,1.9550666809082031,2.089210019999882,5,0,1,1,False,c4_drift_aware__dirichlet_a1.0__no_attack__seed45,45,dirichlet_a1.0,no_attack,c4_drift_aware
13,0.2844011187553406,1.902180790901184,2.0878835169969534,5,0,1,1,False,c4_drift_aware__dirichlet_a1.0__no_attack__seed45,45,dirichlet_a1.0,no_attack,c4_drift_aware
14,0.2867688238620758,1.8418257236480713,2.073617928999738,5,0,1,1,False,c4_drift_aware__dirichlet_a1.0__no_attack__seed45,45,dirichlet_a1.0,no_attack,c4_drift_aware
15,0.2898328900337219,1.802384376525879,2.067088364998199,5,0,1,1,False,c4_drift_aware__dirichlet_a1.0__no_attack__seed45,45,dirichlet_a1.0,no_attack,c4_drift_aware
16,0.2759053111076355,1.7615336179733276,2.066732552997564,5,0,1,1,False,c4_drift_aware__dirichlet_a1.0__no_attack__seed45,45,dirichlet_a1.0,no_attack,c4_drift_aware
17,0.35947075486183167,1.7277251482009888,2.074192027001118,5,0,1,1,False,c4_drift_aware__dirichlet_a1.0__no_attack__seed45,45,dirichlet_a1.0,no_attack,c4_drift_aware
18,0.4292479157447815,1.6925910711288452,2.0954088580001553,5,0,1,1,False,c4_drift_aware__dirichlet_a1.0__no_attack__seed45,45,dirichlet_a1.0,no_attack,c4_drift_aware
19,0.3551532030105591,1.703015685081482,2.0710076720024517,5,0,1,1,False,c4_drift_aware__dirichlet_a1.0__no_attack__seed45,45,dirichlet_a1.0,no_attack,c4_drift_aware
20,0.3369080722332001,1.6761622428894043,2.0944572829976096,5,0,1,1,False,c4_drift_aware__dirichlet_a1.0__no_attack__seed45,45,dirichlet_a1.0,no_attack,c4_drift_aware
21,0.34930363297462463,1.663328766822815,2.166623458000686,5,0,1,1,False,c4_drift_aware__dirichlet_a1.0__no_attack__seed45,45,dirichlet_a1.0,no_attack,c4_drift_aware
22,0.35682451725006104,1.6447906494140625,2.1608163460005017,5,0,1,1,False,c4_drift_aware__dirichlet_a1.0__no_attack__seed45,45,dirichlet_a1.0,no_attack,c4_drift_aware
23,0.33788302540779114,1.6405616998672485,2.102599725996697,5,0,1,1,False,c4_drift_aware__dirichlet_a1.0__no_attack__seed45,45,dirichlet_a1.0,no_attack,c4_drift_aware
24,0.35250696539878845,1.6116381883621216,2.0673862869989534,5,0,1,1,False,c4_drift_aware__dirichlet_a1.0__no_attack__seed45,45,dirichlet_a1.0,no_attack,c4_drift_aware
0,0.20236769318580627,2.188044786453247,2.055462473999796,5,0,1,0,False,c4_drift_aware__dirichlet_a1.0__large_norm__seed45,45,dirichlet_a1.0,large_norm,c4_drift_aware
1,0.28217270970344543,2.2021660804748535,2.0351035479980055,5,0,1,0,False,c4_drift_aware__dirichlet_a1.0__large_norm__seed45,45,dirichlet_a1.0,large_norm,c4_drift_aware
2,0.18718662858009338,2.2133307456970215,2.124662107002223,5,0,1,0,False,c4_drift_aware__dirichlet_a1.0__large_norm__seed45,45,dirichlet_a1.0,large_norm,c4_drift_aware
3,0.1863509863615036,2.214219808578491,1.9804721219989005,5,0,1,0,False,c4_drift_aware__dirichlet_a1.0__large_norm__seed45,45,dirichlet_a1.0,large_norm,c4_drift_aware
4,0.1863509863615036,2.218536376953125,1.8030793480029388,5,0,1,0,False,c4_drift_aware__dirichlet_a1.0__large_norm__seed45,45,dirichlet_a1.0,large_norm,c4_drift_aware
5,0.1863509863615036,2.208310127258301,2.065569449998293,5,0,1,0,False,c4_drift_aware__dirichlet_a1.0__large_norm__seed45,45,dirichlet_a1.0,large_norm,c4_drift_aware
6,0.1863509863615036,2.195666790008545,2.0929253840004094,5,0,1,0,False,c4_drift_aware__dirichlet_a1.0__large_norm__seed45,45,dirichlet_a1.0,large_norm,c4_drift_aware
7,0.1863509863615036,2.18216872215271,2.0519198660003894,5,0,1,0,False,c4_drift_aware__dirichlet_a1.0__large_norm__seed45,45,dirichlet_a1.0,large_norm,c4_drift_aware
8,0.18816156685352325,2.1740856170654297,2.018507444001443,5,0,1,0,False,c4_drift_aware__dirichlet_a1.0__large_norm__seed45,45,dirichlet_a1.0,large_norm,c4_drift_aware
9,0.2676880359649658,2.155137538909912,2.0361677200016857,5,0,1,0,False,c4_drift_aware__dirichlet_a1.0__large_norm__seed45,45,dirichlet_a1.0,large_norm,c4_drift_aware
10,0.34874653816223145,2.0783562660217285,1.9995897900007549,2,3,1,1,False,c4_drift_aware__dirichlet_a1.0__large_norm__seed45,45,dirichlet_a1.0,large_norm,c4_drift_aware
11,0.12813371419906616,2.18696665763855,2.0095251009988715,1,4,1,1,False,c4_drift_aware__dirichlet_a1.0__large_norm__seed45,45,dirichlet_a1.0,large_norm,c4_drift_aware
12,0.35278552770614624,1.9860416650772095,2.139140301002044,2,3,1,1,False,c4_drift_aware__dirichlet_a1.0__large_norm__seed45,45,dirichlet_a1.0,large_norm,c4_drift_aware
13,0.29275766015052795,2.072998523712158,2.1106378990007215,1,4,1,1,False,c4_drift_aware__dirichlet_a1.0__large_norm__seed45,45,dirichlet_a1.0,large_norm,c4_drift_aware
14,0.35292479395866394,1.8901437520980835,2.0677797889984504,2,3,1,1,False,c4_drift_aware__dirichlet_a1.0__large_norm__seed45,45,dirichlet_a1.0,large_norm,c4_drift_aware
15,0.28189414739608765,1.914056420326233,2.0868938569983584,1,4,1,1,False,c4_drift_aware__dirichlet_a1.0__large_norm__seed45,45,dirichlet_a1.0,large_norm,c4_drift_aware
16,0.35181060433387756,1.8521051406860352,2.0687329639986274,3,2,1,1,False,c4_drift_aware__dirichlet_a1.0__large_norm__seed45,45,dirichlet_a1.0,large_norm,c4_drift_aware
17,0.31573817133903503,1.7253329753875732,2.0938769719978154,3,2,1,1,False,c4_drift_aware__dirichlet_a1.0__large_norm__seed45,45,dirichlet_a1.0,large_norm,c4_drift_aware
18,0.35348188877105713,1.8865362405776978,2.08237717999873,3,2,1,1,False,c4_drift_aware__dirichlet_a1.0__large_norm__seed45,45,dirichlet_a1.0,large_norm,c4_drift_aware
19,0.3701950013637543,1.6845070123672485,2.06008299899986,3,2,1,1,False,c4_drift_aware__dirichlet_a1.0__large_norm__seed45,45,dirichlet_a1.0,large_norm,c4_drift_aware
20,0.3650417923927307,1.7898235321044922,2.0565341479996277,3,2,1,1,False,c4_drift_aware__dirichlet_a1.0__large_norm__seed45,45,dirichlet_a1.0,large_norm,c4_drift_aware
21,0.36016714572906494,1.6932616233825684,2.121787759999279,3,2,1,1,False,c4_drift_aware__dirichlet_a1.0__large_norm__seed45,45,dirichlet_a1.0,large_norm,c4_drift_aware
22,0.35974931716918945,1.7195122241973877,2.0615940309980942,3,2,1,1,False,c4_drift_aware__dirichlet_a1.0__large_norm__seed45,45,dirichlet_a1.0,large_norm,c4_drift_aware
23,0.364902526140213,1.6462197303771973,2.055023400000209,3,2,1,1,False,c4_drift_aware__dirichlet_a1.0__large_norm__seed45,45,dirichlet_a1.0,large_norm,c4_drift_aware
24,0.39373260736465454,1.6972789764404297,2.083211624001706,3,2,1,1,False,c4_drift_aware__dirichlet_a1.0__large_norm__seed45,45,dirichlet_a1.0,large_norm,c4_drift_aware
0,0.20222841203212738,2.1880342960357666,2.0930983430007473,5,0,1,0,False,c4_drift_aware__dirichlet_a1.0__directional_poisoning__seed45,45,dirichlet_a1.0,directional_poisoning,c4_drift_aware
1,0.28203344345092773,2.2021644115448,2.066636405997997,5,0,1,0,False,c4_drift_aware__dirichlet_a1.0__directional_poisoning__seed45,45,dirichlet_a1.0,directional_poisoning,c4_drift_aware
2,0.18718662858009338,2.213261365890503,2.012448271998437,5,0,1,0,False,c4_drift_aware__dirichlet_a1.0__directional_poisoning__seed45,45,dirichlet_a1.0,directional_poisoning,c4_drift_aware
3,0.1863509863615036,2.214083671569824,2.0633436649986834,5,0,1,0,False,c4_drift_aware__dirichlet_a1.0__directional_poisoning__seed45,45,dirichlet_a1.0,directional_poisoning,c4_drift_aware
4,0.1863509863615036,2.218569278717041,2.075892589000432,5,0,1,0,False,c4_drift_aware__dirichlet_a1.0__directional_poisoning__seed45,45,dirichlet_a1.0,directional_poisoning,c4_drift_aware
5,0.1863509863615036,2.2082648277282715,2.039894891997392,5,0,1,0,False,c4_drift_aware__dirichlet_a1.0__directional_poisoning__seed45,45,dirichlet_a1.0,directional_poisoning,c4_drift_aware
6,0.1863509863615036,2.195694923400879,2.0580093980024685,5,0,1,0,False,c4_drift_aware__dirichlet_a1.0__directional_poisoning__seed45,45,dirichlet_a1.0,directional_poisoning,c4_drift_aware
7,0.1863509863615036,2.182220935821533,2.1555105049992562,5,0,1,0,False,c4_drift_aware__dirichlet_a1.0__directional_poisoning__seed45,45,dirichlet_a1.0,directional_poisoning,c4_drift_aware
8,0.18802228569984436,2.1741809844970703,2.100031553000008,5,0,1,0,False,c4_drift_aware__dirichlet_a1.0__directional_poisoning__seed45,45,dirichlet_a1.0,directional_poisoning,c4_drift_aware
9,0.26740947365760803,2.1552951335906982,2.1087719629977073,5,0,1,0,False,c4_drift_aware__dirichlet_a1.0__directional_poisoning__seed45,45,dirichlet_a1.0,directional_poisoning,c4_drift_aware
10,0.25473538041114807,2.1114213466644287,2.0714830180004355,5,0,1,1,False,c4_drift_aware__dirichlet_a1.0__directional_poisoning__seed45,45,dirichlet_a1.0,directional_poisoning,c4_drift_aware
11,0.2497214525938034,2.047550916671753,2.0182050080002227,4,1,1,1,False,c4_drift_aware__dirichlet_a1.0__directional_poisoning__seed45,45,dirichlet_a1.0,directional_poisoning,c4_drift_aware
12,0.2313370555639267,1.9774302244186401,1.8217074979984318,4,1,1,1,False,c4_drift_aware__dirichlet_a1.0__directional_poisoning__seed45,45,dirichlet_a1.0,directional_poisoning,c4_drift_aware
13,0.24136491119861603,1.9169423580169678,2.020052528998349,4,1,1,1,False,c4_drift_aware__dirichlet_a1.0__directional_poisoning__seed45,45,dirichlet_a1.0,directional_poisoning,c4_drift_aware
14,0.24094708263874054,1.8528177738189697,2.0284581410014653,4,1,1,1,False,c4_drift_aware__dirichlet_a1.0__directional_poisoning__seed45,45,dirichlet_a1.0,directional_poisoning,c4_drift_aware
15,0.25459611415863037,1.801426887512207,1.8947483859992644,4,1,1,1,False,c4_drift_aware__dirichlet_a1.0__directional_poisoning__seed45,45,dirichlet_a1.0,directional_poisoning,c4_drift_aware
16,0.27548748254776,1.8311436176300049,2.0632691560022067,5,0,1,1,False,c4_drift_aware__dirichlet_a1.0__directional_poisoning__seed45,45,dirichlet_a1.0,directional_poisoning,c4_drift_aware
17,0.2543175518512726,1.758691430091858,2.008843624000292,4,1,1,1,False,c4_drift_aware__dirichlet_a1.0__directional_poisoning__seed45,45,dirichlet_a1.0,directional_poisoning,c4_drift_aware
18,0.2575208842754364,1.7414747476577759,1.826750833002734,5,0,1,1,False,c4_drift_aware__dirichlet_a1.0__directional_poisoning__seed45,45,dirichlet_a1.0,directional_poisoning,c4_drift_aware
19,0.35626742243766785,1.7355403900146484,2.090123271998891,3,2,1,1,False,c4_drift_aware__dirichlet_a1.0__directional_poisoning__seed45,45,dirichlet_a1.0,directional_poisoning,c4_drift_aware
20,0.24080780148506165,1.7019305229187012,2.0606556269995053,4,1,1,1,False,c4_drift_aware__dirichlet_a1.0__directional_poisoning__seed45,45,dirichlet_a1.0,directional_poisoning,c4_drift_aware
21,0.23732590675354004,1.6899362802505493,2.0684063469998364,4,1,1,1,False,c4_drift_aware__dirichlet_a1.0__directional_poisoning__seed45,45,dirichlet_a1.0,directional_poisoning,c4_drift_aware
22,0.2566852569580078,1.6728873252868652,2.0853869799975655,4,1,1,1,False,c4_drift_aware__dirichlet_a1.0__directional_poisoning__seed45,45,dirichlet_a1.0,directional_poisoning,c4_drift_aware
23,0.2986072599887848,1.6743507385253906,2.1008224340002926,4,1,1,1,False,c4_drift_aware__dirichlet_a1.0__directional_poisoning__seed45,45,dirichlet_a1.0,directional_poisoning,c4_drift_aware
24,0.30403900146484375,1.6318438053131104,2.025837645000138,4,1,1,1,False,c4_drift_aware__dirichlet_a1.0__directional_poisoning__seed45,45,dirichlet_a1.0,directional_poisoning,c4_drift_aware
0,0.20236769318580627,2.1880455017089844,2.0806996900028025,5,0,1,0,False,c4_drift_aware__dirichlet_a1.0__sparse_coordinate_attack__seed45,45,dirichlet_a1.0,sparse_coordinate_attack,c4_drift_aware
1,0.28203344345092773,2.202120065689087,1.9692385639973509,5,0,1,0,False,c4_drift_aware__dirichlet_a1.0__sparse_coordinate_attack__seed45,45,dirichlet_a1.0,sparse_coordinate_attack,c4_drift_aware
2,0.18718662858009338,2.2133285999298096,2.027175219001947,5,0,1,0,False,c4_drift_aware__dirichlet_a1.0__sparse_coordinate_attack__seed45,45,dirichlet_a1.0,sparse_coordinate_attack,c4_drift_aware
3,0.1863509863615036,2.2141127586364746,2.0367680370000016,5,0,1,0,False,c4_drift_aware__dirichlet_a1.0__sparse_coordinate_attack__seed45,45,dirichlet_a1.0,sparse_coordinate_attack,c4_drift_aware
4,0.1863509863615036,2.2185475826263428,2.0834150219998264,5,0,1,0,False,c4_drift_aware__dirichlet_a1.0__sparse_coordinate_attack__seed45,45,dirichlet_a1.0,sparse_coordinate_attack,c4_drift_aware
5,0.1863509863615036,2.208177089691162,2.052132041000732,5,0,1,0,False,c4_drift_aware__dirichlet_a1.0__sparse_coordinate_attack__seed45,45,dirichlet_a1.0,sparse_coordinate_attack,c4_drift_aware
6,0.1863509863615036,2.1953470706939697,2.0735765769968566,5,0,1,0,False,c4_drift_aware__dirichlet_a1.0__sparse_coordinate_attack__seed45,45,dirichlet_a1.0,sparse_coordinate_attack,c4_drift_aware
7,0.1863509863615036,2.1820194721221924,2.0896675969997887,5,0,1,0,False,c4_drift_aware__dirichlet_a1.0__sparse_coordinate_attack__seed45,45,dirichlet_a1.0,sparse_coordinate_attack,c4_drift_aware
8,0.18816156685352325,2.1741671562194824,1.8046077260005404,5,0,1,0,False,c4_drift_aware__dirichlet_a1.0__sparse_coordinate_attack__seed45,45,dirichlet_a1.0,sparse_coordinate_attack,c4_drift_aware
9,0.26740947365760803,2.1552469730377197,2.0596815739991143,5,0,1,0,False,c4_drift_aware__dirichlet_a1.0__sparse_coordinate_attack__seed45,45,dirichlet_a1.0,sparse_coordinate_attack,c4_drift_aware
10,0.2494429051876068,2.106820821762085,2.0562826029999997,4,1,1,1,False,c4_drift_aware__dirichlet_a1.0__sparse_coordinate_attack__seed45,45,dirichlet_a1.0,sparse_coordinate_attack,c4_drift_aware
11,0.25459611415863037,2.0392374992370605,2.052846022997983,4,1,1,1,False,c4_drift_aware__dirichlet_a1.0__sparse_coordinate_attack__seed45,45,dirichlet_a1.0,sparse_coordinate_attack,c4_drift_aware
12,0.25598886609077454,1.961593747138977,2.0497810380002193,4,1,1,1,False,c4_drift_aware__dirichlet_a1.0__sparse_coordinate_attack__seed45,45,dirichlet_a1.0,sparse_coordinate_attack,c4_drift_aware
13,0.25933149456977844,1.9354567527770996,2.0544450970010075,4,1,1,1,False,c4_drift_aware__dirichlet_a1.0__sparse_coordinate_attack__seed45,45,dirichlet_a1.0,sparse_coordinate_attack,c4_drift_aware
14,0.23760446906089783,1.8326351642608643,2.086029662998044,4,1,1,1,False,c4_drift_aware__dirichlet_a1.0__sparse_coordinate_attack__seed45,45,dirichlet_a1.0,sparse_coordinate_attack,c4_drift_aware
15,0.2612813413143158,1.8010987043380737,2.0779266099998495,4,1,1,1,False,c4_drift_aware__dirichlet_a1.0__sparse_coordinate_attack__seed45,45,dirichlet_a1.0,sparse_coordinate_attack,c4_drift_aware
16,0.23676881194114685,1.77174973487854,2.0969437070016284,4,1,1,1,False,c4_drift_aware__dirichlet_a1.0__sparse_coordinate_attack__seed45,45,dirichlet_a1.0,sparse_coordinate_attack,c4_drift_aware
17,0.24456825852394104,1.7278412580490112,2.220123171002342,4,1,1,1,False,c4_drift_aware__dirichlet_a1.0__sparse_coordinate_attack__seed45,45,dirichlet_a1.0,sparse_coordinate_attack,c4_drift_aware
18,0.24052925407886505,1.711966872215271,2.1029178539974964,4,1,1,1,False,c4_drift_aware__dirichlet_a1.0__sparse_coordinate_attack__seed45,45,dirichlet_a1.0,sparse_coordinate_attack,c4_drift_aware
19,0.24150417745113373,1.6831247806549072,2.0913369360023353,4,1,1,1,False,c4_drift_aware__dirichlet_a1.0__sparse_coordinate_attack__seed45,45,dirichlet_a1.0,sparse_coordinate_attack,c4_drift_aware
20,0.2383008450269699,1.6714274883270264,2.086209354998573,4,1,1,1,False,c4_drift_aware__dirichlet_a1.0__sparse_coordinate_attack__seed45,45,dirichlet_a1.0,sparse_coordinate_attack,c4_drift_aware
21,0.2644846737384796,1.6917612552642822,2.1761535780024133,4,1,1,1,False,c4_drift_aware__dirichlet_a1.0__sparse_coordinate_attack__seed45,45,dirichlet_a1.0,sparse_coordinate_attack,c4_drift_aware
22,0.29721447825431824,1.6455705165863037,2.066035962998285,4,1,1,1,False,c4_drift_aware__dirichlet_a1.0__sparse_coordinate_attack__seed45,45,dirichlet_a1.0,sparse_coordinate_attack,c4_drift_aware
23,0.310167133808136,1.6291722059249878,2.1217167140021047,4,1,1,1,False,c4_drift_aware__dirichlet_a1.0__sparse_coordinate_attack__seed45,45,dirichlet_a1.0,sparse_coordinate_attack,c4_drift_aware
24,0.31559890508651733,1.6322683095932007,2.0666672899969853,4,1,1,1,False,c4_drift_aware__dirichlet_a1.0__sparse_coordinate_attack__seed45,45,dirichlet_a1.0,sparse_coordinate_attack,c4_drift_aware
0,0.20222841203212738,2.1880342960357666,1.8916325690006488,5,0,1,0,False,c4_drift_aware__dirichlet_a1.0__full_sign_flip__seed45,45,dirichlet_a1.0,full_sign_flip,c4_drift_aware
1,0.28175488114356995,2.2021729946136475,2.083826237001631,5,0,1,0,False,c4_drift_aware__dirichlet_a1.0__full_sign_flip__seed45,45,dirichlet_a1.0,full_sign_flip,c4_drift_aware
2,0.18718662858009338,2.2134053707122803,2.102684716999647,5,0,1,0,False,c4_drift_aware__dirichlet_a1.0__full_sign_flip__seed45,45,dirichlet_a1.0,full_sign_flip,c4_drift_aware
3,0.1863509863615036,2.2141377925872803,2.0697490329985158,5,0,1,0,False,c4_drift_aware__dirichlet_a1.0__full_sign_flip__seed45,45,dirichlet_a1.0,full_sign_flip,c4_drift_aware
4,0.1863509863615036,2.2186567783355713,2.1028296040021814,5,0,1,0,False,c4_drift_aware__dirichlet_a1.0__full_sign_flip__seed45,45,dirichlet_a1.0,full_sign_flip,c4_drift_aware
5,0.1863509863615036,2.208467483520508,2.166893394998624,5,0,1,0,False,c4_drift_aware__dirichlet_a1.0__full_sign_flip__seed45,45,dirichlet_a1.0,full_sign_flip,c4_drift_aware
6,0.1863509863615036,2.1956844329833984,2.095607432001998,5,0,1,0,False,c4_drift_aware__dirichlet_a1.0__full_sign_flip__seed45,45,dirichlet_a1.0,full_sign_flip,c4_drift_aware
7,0.1863509863615036,2.18232798576355,2.0794195150010637,5,0,1,0,False,c4_drift_aware__dirichlet_a1.0__full_sign_flip__seed45,45,dirichlet_a1.0,full_sign_flip,c4_drift_aware
8,0.18816156685352325,2.1747031211853027,2.0920928379964607,5,0,1,0,False,c4_drift_aware__dirichlet_a1.0__full_sign_flip__seed45,45,dirichlet_a1.0,full_sign_flip,c4_drift_aware
9,0.26727020740509033,2.1556289196014404,2.0442830979991413,5,0,1,0,False,c4_drift_aware__dirichlet_a1.0__full_sign_flip__seed45,45,dirichlet_a1.0,full_sign_flip,c4_drift_aware
10,0.25501394271850586,2.110924482345581,2.0690786779996415,5,0,1,1,False,c4_drift_aware__dirichlet_a1.0__full_sign_flip__seed45,45,dirichlet_a1.0,full_sign_flip,c4_drift_aware
11,0.2498607337474823,2.0480194091796875,2.0679099780027173,4,1,1,1,False,c4_drift_aware__dirichlet_a1.0__full_sign_flip__seed45,45,dirichlet_a1.0,full_sign_flip,c4_drift_aware
12,0.2313370555639267,1.9775233268737793,2.1805995590002567,4,1,1,1,False,c4_drift_aware__dirichlet_a1.0__full_sign_flip__seed45,45,dirichlet_a1.0,full_sign_flip,c4_drift_aware
13,0.24136491119861603,1.917482614517212,1.7958028890025162,4,1,1,1,False,c4_drift_aware__dirichlet_a1.0__full_sign_flip__seed45,45,dirichlet_a1.0,full_sign_flip,c4_drift_aware
14,0.24094708263874054,1.8529942035675049,2.0249097579981026,4,1,1,1,False,c4_drift_aware__dirichlet_a1.0__full_sign_flip__seed45,45,dirichlet_a1.0,full_sign_flip,c4_drift_aware
15,0.2544568181037903,1.8014752864837646,2.1930556499974045,4,1,1,1,False,c4_drift_aware__dirichlet_a1.0__full_sign_flip__seed45,45,dirichlet_a1.0,full_sign_flip,c4_drift_aware
16,0.2637883126735687,1.7965779304504395,2.058178683000733,5,0,1,1,False,c4_drift_aware__dirichlet_a1.0__full_sign_flip__seed45,45,dirichlet_a1.0,full_sign_flip,c4_drift_aware
17,0.25194987654685974,1.7500008344650269,2.1942655100028787,4,1,1,1,False,c4_drift_aware__dirichlet_a1.0__full_sign_flip__seed45,45,dirichlet_a1.0,full_sign_flip,c4_drift_aware
18,0.258078008890152,1.7426776885986328,2.054694989001291,5,0,1,1,False,c4_drift_aware__dirichlet_a1.0__full_sign_flip__seed45,45,dirichlet_a1.0,full_sign_flip,c4_drift_aware
19,0.24052925407886505,1.9560402631759644,2.055503879000753,4,1,1,1,False,c4_drift_aware__dirichlet_a1.0__full_sign_flip__seed45,45,dirichlet_a1.0,full_sign_flip,c4_drift_aware
20,0.2426183968782425,1.7014883756637573,2.08065446999899,4,1,1,1,False,c4_drift_aware__dirichlet_a1.0__full_sign_flip__seed45,45,dirichlet_a1.0,full_sign_flip,c4_drift_aware
21,0.23816156387329102,1.6914068460464478,2.0348600119978073,4,1,1,1,False,c4_drift_aware__dirichlet_a1.0__full_sign_flip__seed45,45,dirichlet_a1.0,full_sign_flip,c4_drift_aware
22,0.2465181052684784,1.6732484102249146,2.0533190879978065,4,1,1,1,False,c4_drift_aware__dirichlet_a1.0__full_sign_flip__seed45,45,dirichlet_a1.0,full_sign_flip,c4_drift_aware
23,0.30069637298583984,1.6855272054672241,2.1536898899976222,4,1,1,1,False,c4_drift_aware__dirichlet_a1.0__full_sign_flip__seed45,45,dirichlet_a1.0,full_sign_flip,c4_drift_aware
24,0.3066852390766144,1.6290725469589233,2.0535001950011065,4,1,1,1,False,c4_drift_aware__dirichlet_a1.0__full_sign_flip__seed45,45,dirichlet_a1.0,full_sign_flip,c4_drift_aware
0,0.20250697433948517,2.1880455017089844,2.0565821929994854,5,0,1,0,False,c4_drift_aware__dirichlet_a1.0__low_norm__seed45,45,dirichlet_a1.0,low_norm,c4_drift_aware
1,0.28203344345092773,2.2021596431732178,2.0800048929995683,5,0,1,0,False,c4_drift_aware__dirichlet_a1.0__low_norm__seed45,45,dirichlet_a1.0,low_norm,c4_drift_aware
2,0.18718662858009338,2.2133822441101074,1.7736305520011229,5,0,1,0,False,c4_drift_aware__dirichlet_a1.0__low_norm__seed45,45,dirichlet_a1.0,low_norm,c4_drift_aware
3,0.1863509863615036,2.214324951171875,1.999194037001871,5,0,1,0,False,c4_drift_aware__dirichlet_a1.0__low_norm__seed45,45,dirichlet_a1.0,low_norm,c4_drift_aware
4,0.1863509863615036,2.218689441680908,2.0244130909995874,5,0,1,0,False,c4_drift_aware__dirichlet_a1.0__low_norm__seed45,45,dirichlet_a1.0,low_norm,c4_drift_aware
5,0.1863509863615036,2.2080745697021484,2.0884000660007587,5,0,1,0,False,c4_drift_aware__dirichlet_a1.0__low_norm__seed45,45,dirichlet_a1.0,low_norm,c4_drift_aware
6,0.1863509863615036,2.1954917907714844,2.0884371629981615,5,0,1,0,False,c4_drift_aware__dirichlet_a1.0__low_norm__seed45,45,dirichlet_a1.0,low_norm,c4_drift_aware
7,0.1863509863615036,2.18212628364563,2.148681865000981,5,0,1,0,False,c4_drift_aware__dirichlet_a1.0__low_norm__seed45,45,dirichlet_a1.0,low_norm,c4_drift_aware
8,0.18816156685352325,2.1740224361419678,2.0960248449991923,5,0,1,0,False,c4_drift_aware__dirichlet_a1.0__low_norm__seed45,45,dirichlet_a1.0,low_norm,c4_drift_aware
9,0.26754873991012573,2.1552200317382812,2.092621252002573,5,0,1,0,False,c4_drift_aware__dirichlet_a1.0__low_norm__seed45,45,dirichlet_a1.0,low_norm,c4_drift_aware
10,0.24888579547405243,2.0990707874298096,2.0845835949985485,5,0,1,1,False,c4_drift_aware__dirichlet_a1.0__low_norm__seed45,45,dirichlet_a1.0,low_norm,c4_drift_aware
11,0.25250697135925293,2.047214984893799,2.1692218450007204,5,0,1,1,False,c4_drift_aware__dirichlet_a1.0__low_norm__seed45,45,dirichlet_a1.0,low_norm,c4_drift_aware
12,0.23746518790721893,1.9887382984161377,2.048207061998255,5,0,1,1,False,c4_drift_aware__dirichlet_a1.0__low_norm__seed45,45,dirichlet_a1.0,low_norm,c4_drift_aware
13,0.2430362105369568,1.9398490190505981,2.0506494750006823,5,0,1,1,False,c4_drift_aware__dirichlet_a1.0__low_norm__seed45,45,dirichlet_a1.0,low_norm,c4_drift_aware
14,0.23732590675354004,1.883683204650879,2.08116618799977,5,0,1,1,False,c4_drift_aware__dirichlet_a1.0__low_norm__seed45,45,dirichlet_a1.0,low_norm,c4_drift_aware
15,0.2544568181037903,1.8355109691619873,2.0342975439998554,5,0,1,1,False,c4_drift_aware__dirichlet_a1.0__low_norm__seed45,45,dirichlet_a1.0,low_norm,c4_drift_aware
16,0.24415042996406555,1.7997682094573975,2.1035431870004686,5,0,1,1,False,c4_drift_aware__dirichlet_a1.0__low_norm__seed45,45,dirichlet_a1.0,low_norm,c4_drift_aware
17,0.25153204798698425,1.7740552425384521,2.081639903000905,5,0,1,1,False,c4_drift_aware__dirichlet_a1.0__low_norm__seed45,45,dirichlet_a1.0,low_norm,c4_drift_aware
18,0.24470752477645874,1.7341766357421875,2.0510753730013676,5,0,1,1,False,c4_drift_aware__dirichlet_a1.0__low_norm__seed45,45,dirichlet_a1.0,low_norm,c4_drift_aware
19,0.2456824630498886,1.7224409580230713,2.013984184999572,5,0,1,1,False,c4_drift_aware__dirichlet_a1.0__low_norm__seed45,45,dirichlet_a1.0,low_norm,c4_drift_aware
20,0.24136491119861603,1.7145980596542358,2.098044097001548,5,0,1,1,False,c4_drift_aware__dirichlet_a1.0__low_norm__seed45,45,dirichlet_a1.0,low_norm,c4_drift_aware
21,0.23816156387329102,1.7054548263549805,2.0680123079982877,5,0,1,1,False,c4_drift_aware__dirichlet_a1.0__low_norm__seed45,45,dirichlet_a1.0,low_norm,c4_drift_aware
22,0.24094708263874054,1.690471887588501,2.0447877299993706,5,0,1,1,False,c4_drift_aware__dirichlet_a1.0__low_norm__seed45,45,dirichlet_a1.0,low_norm,c4_drift_aware
23,0.24192200601100922,1.6767780780792236,2.135191671000939,5,0,1,1,False,c4_drift_aware__dirichlet_a1.0__low_norm__seed45,45,dirichlet_a1.0,low_norm,c4_drift_aware
24,0.2566852569580078,1.6512693166732788,2.156127964000916,5,0,1,1,False,c4_drift_aware__dirichlet_a1.0__low_norm__seed45,45,dirichlet_a1.0,low_norm,c4_drift_aware
0,0.08245125412940979,2.2177248001098633,2.0880329530009476,5,0,1,0,False,c4_drift_aware__dirichlet_a1.0__no_attack__seed46,46,dirichlet_a1.0,no_attack,c4_drift_aware
1,0.08245125412940979,2.212430715560913,2.048766372998216,5,0,1,0,False,c4_drift_aware__dirichlet_a1.0__no_attack__seed46,46,dirichlet_a1.0,no_attack,c4_drift_aware
2,0.08245125412940979,2.224289894104004,2.089508075001504,4,1,1,0,False,c4_drift_aware__dirichlet_a1.0__no_attack__seed46,46,dirichlet_a1.0,no_attack,c4_drift_aware
3,0.08245125412940979,2.1991305351257324,2.0825187910013483,5,0,1,0,False,c4_drift_aware__dirichlet_a1.0__no_attack__seed46,46,dirichlet_a1.0,no_attack,c4_drift_aware
4,0.08245125412940979,2.2061028480529785,2.0897452870012785,5,0,1,0,False,c4_drift_aware__dirichlet_a1.0__no_attack__seed46,46,dirichlet_a1.0,no_attack,c4_drift_aware
5,0.08245125412940979,2.204660415649414,2.0413513200001034,5,0,1,0,False,c4_drift_aware__dirichlet_a1.0__no_attack__seed46,46,dirichlet_a1.0,no_attack,c4_drift_aware
6,0.26253482699394226,2.210829019546509,2.0972595540006296,4,1,1,0,False,c4_drift_aware__dirichlet_a1.0__no_attack__seed46,46,dirichlet_a1.0,no_attack,c4_drift_aware
7,0.2646239697933197,2.1512398719787598,2.13648567600103,5,0,1,0,False,c4_drift_aware__dirichlet_a1.0__no_attack__seed46,46,dirichlet_a1.0,no_attack,c4_drift_aware
8,0.21476323902606964,2.172569751739502,2.034849605999625,3,2,1,0,False,c4_drift_aware__dirichlet_a1.0__no_attack__seed46,46,dirichlet_a1.0,no_attack,c4_drift_aware
9,0.250835657119751,2.125295877456665,1.904776157996821,5,0,1,0,False,c4_drift_aware__dirichlet_a1.0__no_attack__seed46,46,dirichlet_a1.0,no_attack,c4_drift_aware
10,0.26699164509773254,2.050595283508301,1.9967890450025152,5,0,1,1,False,c4_drift_aware__dirichlet_a1.0__no_attack__seed46,46,dirichlet_a1.0,no_attack,c4_drift_aware
11,0.268245130777359,1.9586464166641235,2.024044417001278,5,0,1,1,False,c4_drift_aware__dirichlet_a1.0__no_attack__seed46,46,dirichlet_a1.0,no_attack,c4_drift_aware
12,0.2912256419658661,1.8767428398132324,1.9948947580014647,5,0,1,1,False,c4_drift_aware__dirichlet_a1.0__no_attack__seed46,46,dirichlet_a1.0,no_attack,c4_drift_aware
13,0.27061280608177185,1.8159791231155396,2.0474129309986893,5,0,1,1,False,c4_drift_aware__dirichlet_a1.0__no_attack__seed46,46,dirichlet_a1.0,no_attack,c4_drift_aware
14,0.26991644501686096,1.7551190853118896,2.028217984003277,5,0,1,1,False,c4_drift_aware__dirichlet_a1.0__no_attack__seed46,46,dirichlet_a1.0,no_attack,c4_drift_aware
15,0.29610028862953186,1.870279312133789,2.1007036810005957,5,0,1,1,False,c4_drift_aware__dirichlet_a1.0__no_attack__seed46,46,dirichlet_a1.0,no_attack,c4_drift_aware
16,0.28217270970344543,1.7162867784500122,2.0797609589972126,5,0,1,1,False,c4_drift_aware__dirichlet_a1.0__no_attack__seed46,46,dirichlet_a1.0,no_attack,c4_drift_aware
17,0.32576602697372437,1.7499486207962036,2.066043405000528,4,1,1,1,False,c4_drift_aware__dirichlet_a1.0__no_attack__seed46,46,dirichlet_a1.0,no_attack,c4_drift_aware
18,0.3441504240036011,1.6656949520111084,2.083699932001764,5,0,1,1,False,c4_drift_aware__dirichlet_a1.0__no_attack__seed46,46,dirichlet_a1.0,no_attack,c4_drift_aware
19,0.3796657621860504,1.6541725397109985,2.1721582200007106,5,0,1,1,False,c4_drift_aware__dirichlet_a1.0__no_attack__seed46,46,dirichlet_a1.0,no_attack,c4_drift_aware
20,0.3610028028488159,1.660170555114746,2.0644810869998764,5,0,1,1,False,c4_drift_aware__dirichlet_a1.0__no_attack__seed46,46,dirichlet_a1.0,no_attack,c4_drift_aware
21,0.34512534737586975,1.628595232963562,2.0622689920019184,5,0,1,1,False,c4_drift_aware__dirichlet_a1.0__no_attack__seed46,46,dirichlet_a1.0,no_attack,c4_drift_aware
22,0.3367688059806824,1.6164201498031616,2.098713414001395,5,0,1,1,False,c4_drift_aware__dirichlet_a1.0__no_attack__seed46,46,dirichlet_a1.0,no_attack,c4_drift_aware
23,0.3993036448955536,1.5866643190383911,2.1212046500004362,5,0,1,1,False,c4_drift_aware__dirichlet_a1.0__no_attack__seed46,46,dirichlet_a1.0,no_attack,c4_drift_aware
24,0.38565459847450256,1.5880333185195923,2.0681338570029766,5,0,1,1,False,c4_drift_aware__dirichlet_a1.0__no_attack__seed46,46,dirichlet_a1.0,no_attack,c4_drift_aware
0,0.08245125412940979,2.2177257537841797,2.0935229850001633,5,0,1,0,False,c4_drift_aware__dirichlet_a1.0__large_norm__seed46,46,dirichlet_a1.0,large_norm,c4_drift_aware
1,0.08245125412940979,2.2124388217926025,1.8688356330021634,5,0,1,0,False,c4_drift_aware__dirichlet_a1.0__large_norm__seed46,46,dirichlet_a1.0,large_norm,c4_drift_aware
2,0.08245125412940979,2.224330186843872,2.1416959979978856,4,1,1,0,False,c4_drift_aware__dirichlet_a1.0__large_norm__seed46,46,dirichlet_a1.0,large_norm,c4_drift_aware
3,0.08245125412940979,2.1990997791290283,2.14336207100132,5,0,1,0,False,c4_drift_aware__dirichlet_a1.0__large_norm__seed46,46,dirichlet_a1.0,large_norm,c4_drift_aware
4,0.08245125412940979,2.206129789352417,2.147361389001162,5,0,1,0,False,c4_drift_aware__dirichlet_a1.0__large_norm__seed46,46,dirichlet_a1.0,large_norm,c4_drift_aware
5,0.08245125412940979,2.204712390899658,2.074707910000143,5,0,1,0,False,c4_drift_aware__dirichlet_a1.0__large_norm__seed46,46,dirichlet_a1.0,large_norm,c4_drift_aware
6,0.26253482699394226,2.210900068283081,2.0967728670002543,4,1,1,0,False,c4_drift_aware__dirichlet_a1.0__large_norm__seed46,46,dirichlet_a1.0,large_norm,c4_drift_aware
7,0.2646239697933197,2.151268720626831,2.0837545989998034,5,0,1,0,False,c4_drift_aware__dirichlet_a1.0__large_norm__seed46,46,dirichlet_a1.0,large_norm,c4_drift_aware
8,0.21559889614582062,2.1725270748138428,2.0476789139975153,3,2,1,0,False,c4_drift_aware__dirichlet_a1.0__large_norm__seed46,46,dirichlet_a1.0,large_norm,c4_drift_aware
9,0.2506963908672333,2.1254758834838867,2.0652736839983845,5,0,1,0,False,c4_drift_aware__dirichlet_a1.0__large_norm__seed46,46,dirichlet_a1.0,large_norm,c4_drift_aware
10,0.1564066857099533,2.057957172393799,2.0482726330010337,2,3,1,1,False,c4_drift_aware__dirichlet_a1.0__large_norm__seed46,46,dirichlet_a1.0,large_norm,c4_drift_aware
11,0.3516713082790375,2.00813627243042,2.128846675001114,2,3,1,1,False,c4_drift_aware__dirichlet_a1.0__large_norm__seed46,46,dirichlet_a1.0,large_norm,c4_drift_aware
12,0.3442896902561188,1.8438386917114258,2.111530712001695,2,3,1,1,False,c4_drift_aware__dirichlet_a1.0__large_norm__seed46,46,dirichlet_a1.0,large_norm,c4_drift_aware
13,0.27033427357673645,2.1532206535339355,2.2180011489981553,1,4,1,1,False,c4_drift_aware__dirichlet_a1.0__large_norm__seed46,46,dirichlet_a1.0,large_norm,c4_drift_aware
14,0.31462395191192627,1.7749131917953491,2.105786880998494,2,3,1,1,False,c4_drift_aware__dirichlet_a1.0__large_norm__seed46,46,dirichlet_a1.0,large_norm,c4_drift_aware
15,0.34944289922714233,1.779480218887329,1.8048786719991767,2,3,1,1,False,c4_drift_aware__dirichlet_a1.0__large_norm__seed46,46,dirichlet_a1.0,large_norm,c4_drift_aware
16,0.3431755006313324,1.726889967918396,2.0573976090017823,2,3,1,1,False,c4_drift_aware__dirichlet_a1.0__large_norm__seed46,46,dirichlet_a1.0,large_norm,c4_drift_aware
17,0.3318941593170166,1.684170126914978,2.064896840998699,4,1,1,1,False,c4_drift_aware__dirichlet_a1.0__large_norm__seed46,46,dirichlet_a1.0,large_norm,c4_drift_aware
18,0.31197771430015564,1.6958744525909424,2.0399513820011634,3,2,1,1,False,c4_drift_aware__dirichlet_a1.0__large_norm__seed46,46,dirichlet_a1.0,large_norm,c4_drift_aware
19,0.3720055818557739,1.6147363185882568,2.042731527999422,4,1,1,1,False,c4_drift_aware__dirichlet_a1.0__large_norm__seed46,46,dirichlet_a1.0,large_norm,c4_drift_aware
20,0.32688021659851074,1.683063268661499,2.0423806559992954,3,2,1,1,False,c4_drift_aware__dirichlet_a1.0__large_norm__seed46,46,dirichlet_a1.0,large_norm,c4_drift_aware
21,0.35682451725006104,1.6305979490280151,2.0745476560005045,4,1,1,1,False,c4_drift_aware__dirichlet_a1.0__large_norm__seed46,46,dirichlet_a1.0,large_norm,c4_drift_aware
22,0.3771587908267975,1.670072078704834,2.0755283430007694,3,2,1,1,False,c4_drift_aware__dirichlet_a1.0__large_norm__seed46,46,dirichlet_a1.0,large_norm,c4_drift_aware
23,0.41155990958213806,1.6236064434051514,2.0908645359995717,4,1,1,1,False,c4_drift_aware__dirichlet_a1.0__large_norm__seed46,46,dirichlet_a1.0,large_norm,c4_drift_aware
24,0.4445682466030121,1.571385145187378,2.040675211999769,4,1,1,1,False,c4_drift_aware__dirichlet_a1.0__large_norm__seed46,46,dirichlet_a1.0,large_norm,c4_drift_aware
0,0.08245125412940979,2.217725992202759,2.198571559998527,5,0,1,0,False,c4_drift_aware__dirichlet_a1.0__directional_poisoning__seed46,46,dirichlet_a1.0,directional_poisoning,c4_drift_aware
1,0.08245125412940979,2.212432384490967,2.0772073629996157,5,0,1,0,False,c4_drift_aware__dirichlet_a1.0__directional_poisoning__seed46,46,dirichlet_a1.0,directional_poisoning,c4_drift_aware
2,0.08245125412940979,2.2241995334625244,2.1043745610004407,4,1,1,0,False,c4_drift_aware__dirichlet_a1.0__directional_poisoning__seed46,46,dirichlet_a1.0,directional_poisoning,c4_drift_aware
3,0.08245125412940979,2.1991689205169678,2.031596877000993,5,0,1,0,False,c4_drift_aware__dirichlet_a1.0__directional_poisoning__seed46,46,dirichlet_a1.0,directional_poisoning,c4_drift_aware
4,0.08245125412940979,2.2061688899993896,2.076483504999487,5,0,1,0,False,c4_drift_aware__dirichlet_a1.0__directional_poisoning__seed46,46,dirichlet_a1.0,directional_poisoning,c4_drift_aware
5,0.08245125412940979,2.204678535461426,2.0487144559992885,5,0,1,0,False,c4_drift_aware__dirichlet_a1.0__directional_poisoning__seed46,46,dirichlet_a1.0,directional_poisoning,c4_drift_aware
6,0.26253482699394226,2.2108230590820312,2.089221088001068,4,1,1,0,False,c4_drift_aware__dirichlet_a1.0__directional_poisoning__seed46,46,dirichlet_a1.0,directional_poisoning,c4_drift_aware
7,0.2644846737384796,2.1513521671295166,2.1540024189998803,5,0,1,0,False,c4_drift_aware__dirichlet_a1.0__directional_poisoning__seed46,46,dirichlet_a1.0,directional_poisoning,c4_drift_aware
8,0.21532033383846283,2.1726152896881104,2.08609460000298,3,2,1,0,False,c4_drift_aware__dirichlet_a1.0__directional_poisoning__seed46,46,dirichlet_a1.0,directional_poisoning,c4_drift_aware
9,0.2505570948123932,2.125685453414917,2.08744458900037,5,0,1,0,False,c4_drift_aware__dirichlet_a1.0__directional_poisoning__seed46,46,dirichlet_a1.0,directional_poisoning,c4_drift_aware
10,0.3097493052482605,2.060168981552124,2.1035369880009966,4,1,1,1,False,c4_drift_aware__dirichlet_a1.0__directional_poisoning__seed46,46,dirichlet_a1.0,directional_poisoning,c4_drift_aware
11,0.2688022255897522,1.9479094743728638,2.1269819110020762,4,1,1,1,False,c4_drift_aware__dirichlet_a1.0__directional_poisoning__seed46,46,dirichlet_a1.0,directional_poisoning,c4_drift_aware
12,0.3435933291912079,1.868664026260376,1.8631244710013561,4,1,1,1,False,c4_drift_aware__dirichlet_a1.0__directional_poisoning__seed46,46,dirichlet_a1.0,directional_poisoning,c4_drift_aware
13,0.3462395668029785,1.8484281301498413,2.045090108997101,5,0,1,1,False,c4_drift_aware__dirichlet_a1.0__directional_poisoning__seed46,46,dirichlet_a1.0,directional_poisoning,c4_drift_aware
14,0.30459609627723694,1.7635233402252197,2.119631918001687,4,1,1,1,False,c4_drift_aware__dirichlet_a1.0__directional_poisoning__seed46,46,dirichlet_a1.0,directional_poisoning,c4_drift_aware
15,0.3392757773399353,1.954474925994873,2.014774347000639,5,0,1,1,False,c4_drift_aware__dirichlet_a1.0__directional_poisoning__seed46,46,dirichlet_a1.0,directional_poisoning,c4_drift_aware
16,0.30710306763648987,1.7276194095611572,2.076926818001084,4,1,1,1,False,c4_drift_aware__dirichlet_a1.0__directional_poisoning__seed46,46,dirichlet_a1.0,directional_poisoning,c4_drift_aware
17,0.32618385553359985,1.7937129735946655,1.898456074999558,4,1,1,1,False,c4_drift_aware__dirichlet_a1.0__directional_poisoning__seed46,46,dirichlet_a1.0,directional_poisoning,c4_drift_aware
18,0.33077993988990784,1.7063517570495605,2.0388373649984715,4,1,1,1,False,c4_drift_aware__dirichlet_a1.0__directional_poisoning__seed46,46,dirichlet_a1.0,directional_poisoning,c4_drift_aware
19,0.35696378350257874,1.6929407119750977,2.078266022999742,4,1,1,1,False,c4_drift_aware__dirichlet_a1.0__directional_poisoning__seed46,46,dirichlet_a1.0,directional_poisoning,c4_drift_aware
20,0.33342617750167847,1.7037545442581177,2.149941769999714,4,1,1,1,False,c4_drift_aware__dirichlet_a1.0__directional_poisoning__seed46,46,dirichlet_a1.0,directional_poisoning,c4_drift_aware
21,0.3285515308380127,1.6509963274002075,2.0867016470001545,4,1,1,1,False,c4_drift_aware__dirichlet_a1.0__directional_poisoning__seed46,46,dirichlet_a1.0,directional_poisoning,c4_drift_aware
22,0.31922006607055664,1.6374670267105103,2.0771331730029488,4,1,1,1,False,c4_drift_aware__dirichlet_a1.0__directional_poisoning__seed46,46,dirichlet_a1.0,directional_poisoning,c4_drift_aware
23,0.369498610496521,1.606184720993042,2.0551450700004352,4,1,1,1,False,c4_drift_aware__dirichlet_a1.0__directional_poisoning__seed46,46,dirichlet_a1.0,directional_poisoning,c4_drift_aware
24,0.4298050105571747,1.581291913986206,2.0677025619988854,4,1,1,1,False,c4_drift_aware__dirichlet_a1.0__directional_poisoning__seed46,46,dirichlet_a1.0,directional_poisoning,c4_drift_aware
0,0.08245125412940979,2.217726469039917,2.139754255000298,5,0,1,0,False,c4_drift_aware__dirichlet_a1.0__sparse_coordinate_attack__seed46,46,dirichlet_a1.0,sparse_coordinate_attack,c4_drift_aware
1,0.08245125412940979,2.2124507427215576,2.007207231999928,5,0,1,0,False,c4_drift_aware__dirichlet_a1.0__sparse_coordinate_attack__seed46,46,dirichlet_a1.0,sparse_coordinate_attack,c4_drift_aware
2,0.08245125412940979,2.224264144897461,2.1261992039981124,4,1,1,0,False,c4_drift_aware__dirichlet_a1.0__sparse_coordinate_attack__seed46,46,dirichlet_a1.0,sparse_coordinate_attack,c4_drift_aware
3,0.08245125412940979,2.1990838050842285,2.062870779001969,5,0,1,0,False,c4_drift_aware__dirichlet_a1.0__sparse_coordinate_attack__seed46,46,dirichlet_a1.0,sparse_coordinate_attack,c4_drift_aware
4,0.08245125412940979,2.206022024154663,2.015978958999767,5,0,1,0,False,c4_drift_aware__dirichlet_a1.0__sparse_coordinate_attack__seed46,46,dirichlet_a1.0,sparse_coordinate_attack,c4_drift_aware
5,0.08245125412940979,2.204620361328125,2.053157677000854,5,0,1,0,False,c4_drift_aware__dirichlet_a1.0__sparse_coordinate_attack__seed46,46,dirichlet_a1.0,sparse_coordinate_attack,c4_drift_aware
6,0.26253482699394226,2.2108540534973145,2.055021948999638,4,1,1,0,False,c4_drift_aware__dirichlet_a1.0__sparse_coordinate_attack__seed46,46,dirichlet_a1.0,sparse_coordinate_attack,c4_drift_aware
7,0.2646239697933197,2.151146411895752,2.0305015410012857,5,0,1,0,False,c4_drift_aware__dirichlet_a1.0__sparse_coordinate_attack__seed46,46,dirichlet_a1.0,sparse_coordinate_attack,c4_drift_aware
8,0.21545961499214172,2.1724021434783936,2.090071270999033,3,2,1,0,False,c4_drift_aware__dirichlet_a1.0__sparse_coordinate_attack__seed46,46,dirichlet_a1.0,sparse_coordinate_attack,c4_drift_aware
9,0.25111421942710876,2.125112771987915,2.07786356699944,5,0,1,0,False,c4_drift_aware__dirichlet_a1.0__sparse_coordinate_attack__seed46,46,dirichlet_a1.0,sparse_coordinate_attack,c4_drift_aware
10,0.2657381594181061,2.0508837699890137,2.1503258729972003,4,1,1,1,False,c4_drift_aware__dirichlet_a1.0__sparse_coordinate_attack__seed46,46,dirichlet_a1.0,sparse_coordinate_attack,c4_drift_aware
11,0.3136490285396576,1.94627845287323,2.116303219998372,4,1,1,1,False,c4_drift_aware__dirichlet_a1.0__sparse_coordinate_attack__seed46,46,dirichlet_a1.0,sparse_coordinate_attack,c4_drift_aware
12,0.3355153203010559,1.9319058656692505,2.0888649320004333,4,1,1,1,False,c4_drift_aware__dirichlet_a1.0__sparse_coordinate_attack__seed46,46,dirichlet_a1.0,sparse_coordinate_attack,c4_drift_aware
13,0.2827298045158386,1.8272150754928589,2.1197627239998837,4,1,1,1,False,c4_drift_aware__dirichlet_a1.0__sparse_coordinate_attack__seed46,46,dirichlet_a1.0,sparse_coordinate_attack,c4_drift_aware
14,0.3025069832801819,1.7686700820922852,2.070969258002151,4,1,1,1,False,c4_drift_aware__dirichlet_a1.0__sparse_coordinate_attack__seed46,46,dirichlet_a1.0,sparse_coordinate_attack,c4_drift_aware
15,0.304735392332077,1.7293967008590698,2.127515666998079,4,1,1,1,False,c4_drift_aware__dirichlet_a1.0__sparse_coordinate_attack__seed46,46,dirichlet_a1.0,sparse_coordinate_attack,c4_drift_aware
16,0.3065459728240967,1.720268726348877,1.8609215130018129,4,1,1,1,False,c4_drift_aware__dirichlet_a1.0__sparse_coordinate_attack__seed46,46,dirichlet_a1.0,sparse_coordinate_attack,c4_drift_aware
17,0.31838440895080566,1.7092344760894775,2.059799570000905,4,1,1,1,False,c4_drift_aware__dirichlet_a1.0__sparse_coordinate_attack__seed46,46,dirichlet_a1.0,sparse_coordinate_attack,c4_drift_aware
18,0.3692200779914856,1.652246356010437,2.0606018990001758,4,1,1,1,False,c4_drift_aware__dirichlet_a1.0__sparse_coordinate_attack__seed46,46,dirichlet_a1.0,sparse_coordinate_attack,c4_drift_aware
19,0.3171309232711792,1.6653140783309937,2.043329233001714,4,1,1,1,False,c4_drift_aware__dirichlet_a1.0__sparse_coordinate_attack__seed46,46,dirichlet_a1.0,sparse_coordinate_attack,c4_drift_aware
20,0.3204735517501831,1.6911187171936035,2.100527835998946,4,1,1,1,False,c4_drift_aware__dirichlet_a1.0__sparse_coordinate_attack__seed46,46,dirichlet_a1.0,sparse_coordinate_attack,c4_drift_aware
21,0.32715877890586853,1.6714938879013062,2.0593897629987623,4,1,1,1,False,c4_drift_aware__dirichlet_a1.0__sparse_coordinate_attack__seed46,46,dirichlet_a1.0,sparse_coordinate_attack,c4_drift_aware
22,0.3722841441631317,1.6093617677688599,2.081780107000668,4,1,1,1,False,c4_drift_aware__dirichlet_a1.0__sparse_coordinate_attack__seed46,46,dirichlet_a1.0,sparse_coordinate_attack,c4_drift_aware
23,0.4144846796989441,1.6070562601089478,2.0619552739990468,4,1,1,1,False,c4_drift_aware__dirichlet_a1.0__sparse_coordinate_attack__seed46,46,dirichlet_a1.0,sparse_coordinate_attack,c4_drift_aware
24,0.3774373233318329,1.6260496377944946,2.1309250499980408,4,1,1,1,False,c4_drift_aware__dirichlet_a1.0__sparse_coordinate_attack__seed46,46,dirichlet_a1.0,sparse_coordinate_attack,c4_drift_aware
0,0.08245125412940979,2.217724561691284,2.0390606929977366,5,0,1,0,False,c4_drift_aware__dirichlet_a1.0__full_sign_flip__seed46,46,dirichlet_a1.0,full_sign_flip,c4_drift_aware
1,0.08245125412940979,2.2124183177948,2.017866252001113,5,0,1,0,False,c4_drift_aware__dirichlet_a1.0__full_sign_flip__seed46,46,dirichlet_a1.0,full_sign_flip,c4_drift_aware
2,0.08245125412940979,2.2243142127990723,2.0502646759996423,4,1,1,0,False,c4_drift_aware__dirichlet_a1.0__full_sign_flip__seed46,46,dirichlet_a1.0,full_sign_flip,c4_drift_aware
3,0.08245125412940979,2.1991634368896484,2.0304165739980817,5,0,1,0,False,c4_drift_aware__dirichlet_a1.0__full_sign_flip__seed46,46,dirichlet_a1.0,full_sign_flip,c4_drift_aware
4,0.08245125412940979,2.2061710357666016,2.0173885760013945,5,0,1,0,False,c4_drift_aware__dirichlet_a1.0__full_sign_flip__seed46,46,dirichlet_a1.0,full_sign_flip,c4_drift_aware
5,0.08245125412940979,2.2047743797302246,2.0419095309989643,5,0,1,0,False,c4_drift_aware__dirichlet_a1.0__full_sign_flip__seed46,46,dirichlet_a1.0,full_sign_flip,c4_drift_aware
6,0.26253482699394226,2.2108445167541504,2.0840753319971554,4,1,1,0,False,c4_drift_aware__dirichlet_a1.0__full_sign_flip__seed46,46,dirichlet_a1.0,full_sign_flip,c4_drift_aware
7,0.2644846737384796,2.151366949081421,1.8148608839983353,5,0,1,0,False,c4_drift_aware__dirichlet_a1.0__full_sign_flip__seed46,46,dirichlet_a1.0,full_sign_flip,c4_drift_aware
8,0.21532033383846283,2.1725094318389893,2.0183539479985484,3,2,1,0,False,c4_drift_aware__dirichlet_a1.0__full_sign_flip__seed46,46,dirichlet_a1.0,full_sign_flip,c4_drift_aware
9,0.2506963908672333,2.1255228519439697,2.0634006559994305,5,0,1,0,False,c4_drift_aware__dirichlet_a1.0__full_sign_flip__seed46,46,dirichlet_a1.0,full_sign_flip,c4_drift_aware
10,0.3094707727432251,2.060025215148926,2.1289059329974407,4,1,1,1,False,c4_drift_aware__dirichlet_a1.0__full_sign_flip__seed46,46,dirichlet_a1.0,full_sign_flip,c4_drift_aware
11,0.2688022255897522,1.9477229118347168,2.0662828879976587,4,1,1,1,False,c4_drift_aware__dirichlet_a1.0__full_sign_flip__seed46,46,dirichlet_a1.0,full_sign_flip,c4_drift_aware
12,0.3433147668838501,1.8683911561965942,2.0809640619991114,4,1,1,1,False,c4_drift_aware__dirichlet_a1.0__full_sign_flip__seed46,46,dirichlet_a1.0,full_sign_flip,c4_drift_aware
13,0.3462395668029785,1.8482582569122314,1.8230757259989332,5,0,1,1,False,c4_drift_aware__dirichlet_a1.0__full_sign_flip__seed46,46,dirichlet_a1.0,full_sign_flip,c4_drift_aware
14,0.30403900146484375,1.763321042060852,2.0625276130012935,4,1,1,1,False,c4_drift_aware__dirichlet_a1.0__full_sign_flip__seed46,46,dirichlet_a1.0,full_sign_flip,c4_drift_aware
15,0.34052926301956177,1.9471971988677979,2.137823274002585,5,0,1,1,False,c4_drift_aware__dirichlet_a1.0__full_sign_flip__seed46,46,dirichlet_a1.0,full_sign_flip,c4_drift_aware
16,0.30710306763648987,1.7275065183639526,2.1422207449977577,4,1,1,1,False,c4_drift_aware__dirichlet_a1.0__full_sign_flip__seed46,46,dirichlet_a1.0,full_sign_flip,c4_drift_aware
17,0.32646241784095764,1.7951226234436035,2.088678976997471,4,1,1,1,False,c4_drift_aware__dirichlet_a1.0__full_sign_flip__seed46,46,dirichlet_a1.0,full_sign_flip,c4_drift_aware
18,0.3310585021972656,1.7058075666427612,2.1048041979993286,4,1,1,1,False,c4_drift_aware__dirichlet_a1.0__full_sign_flip__seed46,46,dirichlet_a1.0,full_sign_flip,c4_drift_aware
19,0.35682451725006104,1.692861557006836,2.039919329999975,4,1,1,1,False,c4_drift_aware__dirichlet_a1.0__full_sign_flip__seed46,46,dirichlet_a1.0,full_sign_flip,c4_drift_aware
20,0.3327298164367676,1.7048472166061401,2.1763252169985208,4,1,1,1,False,c4_drift_aware__dirichlet_a1.0__full_sign_flip__seed46,46,dirichlet_a1.0,full_sign_flip,c4_drift_aware
21,0.3279944360256195,1.6512088775634766,2.0731956780000473,4,1,1,1,False,c4_drift_aware__dirichlet_a1.0__full_sign_flip__seed46,46,dirichlet_a1.0,full_sign_flip,c4_drift_aware
22,0.31949862837791443,1.637131690979004,2.07742184000017,4,1,1,1,False,c4_drift_aware__dirichlet_a1.0__full_sign_flip__seed46,46,dirichlet_a1.0,full_sign_flip,c4_drift_aware
23,0.369498610496521,1.606370210647583,2.0717938089983363,4,1,1,1,False,c4_drift_aware__dirichlet_a1.0__full_sign_flip__seed46,46,dirichlet_a1.0,full_sign_flip,c4_drift_aware
24,0.4295264780521393,1.581304907798767,2.1243945240021276,4,1,1,1,False,c4_drift_aware__dirichlet_a1.0__full_sign_flip__seed46,46,dirichlet_a1.0,full_sign_flip,c4_drift_aware
0,0.08245125412940979,2.217724084854126,2.0770048890008184,5,0,1,0,False,c4_drift_aware__dirichlet_a1.0__low_norm__seed46,46,dirichlet_a1.0,low_norm,c4_drift_aware
1,0.08245125412940979,2.2124202251434326,2.028043415000866,5,0,1,0,False,c4_drift_aware__dirichlet_a1.0__low_norm__seed46,46,dirichlet_a1.0,low_norm,c4_drift_aware
2,0.08245125412940979,2.224306106567383,2.0540568539981905,4,1,1,0,False,c4_drift_aware__dirichlet_a1.0__low_norm__seed46,46,dirichlet_a1.0,low_norm,c4_drift_aware
3,0.08245125412940979,2.199098825454712,2.0830038690000947,5,0,1,0,False,c4_drift_aware__dirichlet_a1.0__low_norm__seed46,46,dirichlet_a1.0,low_norm,c4_drift_aware
4,0.08245125412940979,2.2060463428497314,2.0223215090009035,5,0,1,0,False,c4_drift_aware__dirichlet_a1.0__low_norm__seed46,46,dirichlet_a1.0,low_norm,c4_drift_aware
5,0.08245125412940979,2.204622507095337,2.0272650820006675,5,0,1,0,False,c4_drift_aware__dirichlet_a1.0__low_norm__seed46,46,dirichlet_a1.0,low_norm,c4_drift_aware
6,0.26239556074142456,2.210777521133423,2.046041683999647,4,1,1,0,False,c4_drift_aware__dirichlet_a1.0__low_norm__seed46,46,dirichlet_a1.0,low_norm,c4_drift_aware
7,0.2644846737384796,2.1512935161590576,2.091106365001906,5,0,1,0,False,c4_drift_aware__dirichlet_a1.0__low_norm__seed46,46,dirichlet_a1.0,low_norm,c4_drift_aware
8,0.21448469161987305,2.172654628753662,2.0599102979977033,3,2,1,0,False,c4_drift_aware__dirichlet_a1.0__low_norm__seed46,46,dirichlet_a1.0,low_norm,c4_drift_aware
9,0.2506963908672333,2.1254687309265137,2.119939661999524,5,0,1,0,False,c4_drift_aware__dirichlet_a1.0__low_norm__seed46,46,dirichlet_a1.0,low_norm,c4_drift_aware
10,0.27367687225341797,2.0704398155212402,2.1284135749992856,5,0,1,1,False,c4_drift_aware__dirichlet_a1.0__low_norm__seed46,46,dirichlet_a1.0,low_norm,c4_drift_aware
11,0.2685236930847168,1.9832855463027954,2.0545655229980184,5,0,1,1,False,c4_drift_aware__dirichlet_a1.0__low_norm__seed46,46,dirichlet_a1.0,low_norm,c4_drift_aware
12,0.33774372935295105,1.9116414785385132,2.0494199009990552,5,0,1,1,False,c4_drift_aware__dirichlet_a1.0__low_norm__seed46,46,dirichlet_a1.0,low_norm,c4_drift_aware
13,0.31504178047180176,1.8564742803573608,2.09577122400151,5,0,1,1,False,c4_drift_aware__dirichlet_a1.0__low_norm__seed46,46,dirichlet_a1.0,low_norm,c4_drift_aware
14,0.3050139248371124,1.7912620306015015,2.0531196250012727,5,0,1,1,False,c4_drift_aware__dirichlet_a1.0__low_norm__seed46,46,dirichlet_a1.0,low_norm,c4_drift_aware
15,0.31949862837791443,1.9809484481811523,2.049908212000446,5,0,1,1,False,c4_drift_aware__dirichlet_a1.0__low_norm__seed46,46,dirichlet_a1.0,low_norm,c4_drift_aware
16,0.31559890508651733,1.7592153549194336,2.0531199620018015,5,0,1,1,False,c4_drift_aware__dirichlet_a1.0__low_norm__seed46,46,dirichlet_a1.0,low_norm,c4_drift_aware
17,0.32660168409347534,1.8072105646133423,1.9896795099994051,5,0,1,1,False,c4_drift_aware__dirichlet_a1.0__low_norm__seed46,46,dirichlet_a1.0,low_norm,c4_drift_aware
18,0.32910865545272827,1.7309764623641968,2.005402471000707,5,0,1,1,False,c4_drift_aware__dirichlet_a1.0__low_norm__seed46,46,dirichlet_a1.0,low_norm,c4_drift_aware
19,0.3383008539676666,1.709884762763977,2.101059143002203,5,0,1,1,False,c4_drift_aware__dirichlet_a1.0__low_norm__seed46,46,dirichlet_a1.0,low_norm,c4_drift_aware
20,0.3286908268928528,1.7107577323913574,2.06591921600193,5,0,1,1,False,c4_drift_aware__dirichlet_a1.0__low_norm__seed46,46,dirichlet_a1.0,low_norm,c4_drift_aware
21,0.31866297125816345,1.6730607748031616,2.0646337750004022,5,0,1,1,False,c4_drift_aware__dirichlet_a1.0__low_norm__seed46,46,dirichlet_a1.0,low_norm,c4_drift_aware
22,0.32270196080207825,1.6539111137390137,2.1018304669996724,5,0,1,1,False,c4_drift_aware__dirichlet_a1.0__low_norm__seed46,46,dirichlet_a1.0,low_norm,c4_drift_aware
23,0.3463788330554962,1.6305869817733765,2.037054980999528,5,0,1,1,False,c4_drift_aware__dirichlet_a1.0__low_norm__seed46,46,dirichlet_a1.0,low_norm,c4_drift_aware
24,0.3577994406223297,1.6053540706634521,2.1532902540020586,5,0,1,1,False,c4_drift_aware__dirichlet_a1.0__low_norm__seed46,46,dirichlet_a1.0,low_norm,c4_drift_aware
0,0.16894151270389557,2.2000319957733154,2.051000829000259,5,0,1,0,False,c4_drift_aware__dirichlet_a1.0__no_attack__seed47,47,dirichlet_a1.0,no_attack,c4_drift_aware
1,0.11225627362728119,2.1959707736968994,2.1001505490021373,5,0,1,0,False,c4_drift_aware__dirichlet_a1.0__no_attack__seed47,47,dirichlet_a1.0,no_attack,c4_drift_aware
2,0.08245125412940979,2.192073345184326,2.0158890610000526,5,0,1,0,False,c4_drift_aware__dirichlet_a1.0__no_attack__seed47,47,dirichlet_a1.0,no_attack,c4_drift_aware
3,0.08245125412940979,2.1919353008270264,2.0268018290007603,5,0,1,0,False,c4_drift_aware__dirichlet_a1.0__no_attack__seed47,47,dirichlet_a1.0,no_attack,c4_drift_aware
4,0.08245125412940979,2.195606231689453,2.038461364001705,4,1,1,0,False,c4_drift_aware__dirichlet_a1.0__no_attack__seed47,47,dirichlet_a1.0,no_attack,c4_drift_aware
5,0.08245125412940979,2.202514886856079,2.0290624359986396,5,0,1,0,False,c4_drift_aware__dirichlet_a1.0__no_attack__seed47,47,dirichlet_a1.0,no_attack,c4_drift_aware
6,0.08245125412940979,2.190941333770752,1.9998439889968722,5,0,1,0,False,c4_drift_aware__dirichlet_a1.0__no_attack__seed47,47,dirichlet_a1.0,no_attack,c4_drift_aware
7,0.08245125412940979,2.191305160522461,2.025267053999414,5,0,1,0,False,c4_drift_aware__dirichlet_a1.0__no_attack__seed47,47,dirichlet_a1.0,no_attack,c4_drift_aware
8,0.08245125412940979,2.199476718902588,2.0913555170009204,4,1,1,0,False,c4_drift_aware__dirichlet_a1.0__no_attack__seed47,47,dirichlet_a1.0,no_attack,c4_drift_aware
9,0.08245125412940979,2.1910932064056396,2.0949598229999538,5,0,1,0,False,c4_drift_aware__dirichlet_a1.0__no_attack__seed47,47,dirichlet_a1.0,no_attack,c4_drift_aware
10,0.08245125412940979,2.1932146549224854,2.1639789750006457,5,0,1,1,False,c4_drift_aware__dirichlet_a1.0__no_attack__seed47,47,dirichlet_a1.0,no_attack,c4_drift_aware
11,0.08245125412940979,2.1880271434783936,2.0921319469998707,5,0,1,1,False,c4_drift_aware__dirichlet_a1.0__no_attack__seed47,47,dirichlet_a1.0,no_attack,c4_drift_aware
12,0.08481894433498383,2.1783971786499023,2.100814117999107,5,0,1,1,False,c4_drift_aware__dirichlet_a1.0__no_attack__seed47,47,dirichlet_a1.0,no_attack,c4_drift_aware
13,0.08245125412940979,2.1937334537506104,2.0417191999986244,5,0,1,1,False,c4_drift_aware__dirichlet_a1.0__no_attack__seed47,47,dirichlet_a1.0,no_attack,c4_drift_aware
14,0.08245125412940979,2.1842920780181885,2.0787621489980666,5,0,1,1,False,c4_drift_aware__dirichlet_a1.0__no_attack__seed47,47,dirichlet_a1.0,no_attack,c4_drift_aware
15,0.08272980898618698,2.1810967922210693,2.1586794100003317,5,0,1,1,False,c4_drift_aware__dirichlet_a1.0__no_attack__seed47,47,dirichlet_a1.0,no_attack,c4_drift_aware
16,0.08245125412940979,2.180258274078369,2.041876355000568,5,0,1,1,False,c4_drift_aware__dirichlet_a1.0__no_attack__seed47,47,dirichlet_a1.0,no_attack,c4_drift_aware
17,0.08272980898618698,2.1617982387542725,2.1357331720028014,5,0,1,1,False,c4_drift_aware__dirichlet_a1.0__no_attack__seed47,47,dirichlet_a1.0,no_attack,c4_drift_aware
18,0.08467967063188553,2.168771505355835,2.092674503001035,5,0,1,1,False,c4_drift_aware__dirichlet_a1.0__no_attack__seed47,47,dirichlet_a1.0,no_attack,c4_drift_aware
19,0.08272980898618698,2.140660524368286,2.1259082990000024,5,0,1,1,False,c4_drift_aware__dirichlet_a1.0__no_attack__seed47,47,dirichlet_a1.0,no_attack,c4_drift_aware
20,0.24164345860481262,2.1243784427642822,2.087224763999984,5,0,1,1,False,c4_drift_aware__dirichlet_a1.0__no_attack__seed47,47,dirichlet_a1.0,no_attack,c4_drift_aware
21,0.18941505253314972,2.122009754180908,2.0673300580019713,5,0,1,1,False,c4_drift_aware__dirichlet_a1.0__no_attack__seed47,47,dirichlet_a1.0,no_attack,c4_drift_aware
22,0.26295265555381775,2.08758544921875,2.045498306000809,5,0,1,1,False,c4_drift_aware__dirichlet_a1.0__no_attack__seed47,47,dirichlet_a1.0,no_attack,c4_drift_aware
23,0.13621170818805695,2.087263345718384,2.0517947879998246,5,0,1,1,False,c4_drift_aware__dirichlet_a1.0__no_attack__seed47,47,dirichlet_a1.0,no_attack,c4_drift_aware
24,0.2456824630498886,2.039226531982422,2.1133338270010427,5,0,1,1,False,c4_drift_aware__dirichlet_a1.0__no_attack__seed47,47,dirichlet_a1.0,no_attack,c4_drift_aware
0,0.16894151270389557,2.2000319957733154,2.0823872520013538,5,0,1,0,False,c4_drift_aware__dirichlet_a1.0__large_norm__seed47,47,dirichlet_a1.0,large_norm,c4_drift_aware
1,0.1121169924736023,2.1959738731384277,2.0655568900001526,5,0,1,0,False,c4_drift_aware__dirichlet_a1.0__large_norm__seed47,47,dirichlet_a1.0,large_norm,c4_drift_aware
2,0.08245125412940979,2.1919991970062256,2.1295661089970963,5,0,1,0,False,c4_drift_aware__dirichlet_a1.0__large_norm__seed47,47,dirichlet_a1.0,large_norm,c4_drift_aware
3,0.08245125412940979,2.191835403442383,2.13329850500304,5,0,1,0,False,c4_drift_aware__dirichlet_a1.0__large_norm__seed47,47,dirichlet_a1.0,large_norm,c4_drift_aware
4,0.08245125412940979,2.195528268814087,2.0439758760003315,4,1,1,0,False,c4_drift_aware__dirichlet_a1.0__large_norm__seed47,47,dirichlet_a1.0,large_norm,c4_drift_aware
5,0.08245125412940979,2.202524423599243,2.07920218900108,5,0,1,0,False,c4_drift_aware__dirichlet_a1.0__large_norm__seed47,47,dirichlet_a1.0,large_norm,c4_drift_aware
6,0.08245125412940979,2.1909542083740234,2.0553805559975444,5,0,1,0,False,c4_drift_aware__dirichlet_a1.0__large_norm__seed47,47,dirichlet_a1.0,large_norm,c4_drift_aware
7,0.08245125412940979,2.1912782192230225,2.0633372269985557,5,0,1,0,False,c4_drift_aware__dirichlet_a1.0__large_norm__seed47,47,dirichlet_a1.0,large_norm,c4_drift_aware
8,0.08245125412940979,2.199563503265381,1.8318401469987293,4,1,1,0,False,c4_drift_aware__dirichlet_a1.0__large_norm__seed47,47,dirichlet_a1.0,large_norm,c4_drift_aware
9,0.08245125412940979,2.1912100315093994,2.059739594998973,5,0,1,0,False,c4_drift_aware__dirichlet_a1.0__large_norm__seed47,47,dirichlet_a1.0,large_norm,c4_drift_aware
10,0.047214485704898834,2.52297306060791,2.055650827001955,1,4,1,1,False,c4_drift_aware__dirichlet_a1.0__large_norm__seed47,47,dirichlet_a1.0,large_norm,c4_drift_aware
11,0.06155988946557045,2.2421510219573975,2.055224122999789,2,3,1,1,False,c4_drift_aware__dirichlet_a1.0__large_norm__seed47,47,dirichlet_a1.0,large_norm,c4_drift_aware
12,0.08259052783250809,2.383836030960083,2.069809612003155,2,3,1,1,False,c4_drift_aware__dirichlet_a1.0__large_norm__seed47,47,dirichlet_a1.0,large_norm,c4_drift_aware
13,0.16587744653224945,2.2545979022979736,2.042892360001133,2,3,1,1,False,c4_drift_aware__dirichlet_a1.0__large_norm__seed47,47,dirichlet_a1.0,large_norm,c4_drift_aware
14,0.047214485704898834,2.3892018795013428,2.08315973900244,2,3,1,1,False,c4_drift_aware__dirichlet_a1.0__large_norm__seed47,47,dirichlet_a1.0,large_norm,c4_drift_aware
15,0.12520891427993774,2.254180908203125,2.07820054900003,2,3,1,1,False,c4_drift_aware__dirichlet_a1.0__large_norm__seed47,47,dirichlet_a1.0,large_norm,c4_drift_aware
16,0.047214485704898834,2.378734588623047,2.007331389999308,2,3,1,1,False,c4_drift_aware__dirichlet_a1.0__large_norm__seed47,47,dirichlet_a1.0,large_norm,c4_drift_aware
17,0.1717270165681839,2.601027250289917,2.0549862990010297,1,4,1,1,False,c4_drift_aware__dirichlet_a1.0__large_norm__seed47,47,dirichlet_a1.0,large_norm,c4_drift_aware
18,0.047214485704898834,2.4682679176330566,2.069440039998881,1,4,1,1,False,c4_drift_aware__dirichlet_a1.0__large_norm__seed47,47,dirichlet_a1.0,large_norm,c4_drift_aware
19,0.05863510072231293,2.2156975269317627,2.031239480002114,2,3,1,1,False,c4_drift_aware__dirichlet_a1.0__large_norm__seed47,47,dirichlet_a1.0,large_norm,c4_drift_aware
20,0.047214485704898834,2.3681368827819824,2.0683462000015425,2,3,1,1,False,c4_drift_aware__dirichlet_a1.0__large_norm__seed47,47,dirichlet_a1.0,large_norm,c4_drift_aware
21,0.1603064090013504,2.1994497776031494,2.0981686129998707,2,3,1,1,False,c4_drift_aware__dirichlet_a1.0__large_norm__seed47,47,dirichlet_a1.0,large_norm,c4_drift_aware
22,0.11657381802797318,2.309180974960327,2.0897372149993316,2,3,1,1,False,c4_drift_aware__dirichlet_a1.0__large_norm__seed47,47,dirichlet_a1.0,large_norm,c4_drift_aware
23,0.2463788390159607,2.221290111541748,2.0605839540003217,1,4,1,1,False,c4_drift_aware__dirichlet_a1.0__large_norm__seed47,47,dirichlet_a1.0,large_norm,c4_drift_aware
24,0.27089136838912964,2.1397576332092285,2.077198821996717,1,4,1,1,False,c4_drift_aware__dirichlet_a1.0__large_norm__seed47,47,dirichlet_a1.0,large_norm,c4_drift_aware
0,0.16894151270389557,2.2000317573547363,2.0686829059995944,5,0,1,0,False,c4_drift_aware__dirichlet_a1.0__directional_poisoning__seed47,47,dirichlet_a1.0,directional_poisoning,c4_drift_aware
1,0.11225627362728119,2.195970296859741,2.049745438998798,5,0,1,0,False,c4_drift_aware__dirichlet_a1.0__directional_poisoning__seed47,47,dirichlet_a1.0,directional_poisoning,c4_drift_aware
2,0.08245125412940979,2.192047119140625,2.077614875001018,5,0,1,0,False,c4_drift_aware__dirichlet_a1.0__directional_poisoning__seed47,47,dirichlet_a1.0,directional_poisoning,c4_drift_aware
3,0.08245125412940979,2.1919021606445312,2.0355205569976533,5,0,1,0,False,c4_drift_aware__dirichlet_a1.0__directional_poisoning__seed47,47,dirichlet_a1.0,directional_poisoning,c4_drift_aware
4,0.08245125412940979,2.195614814758301,2.077565602001414,4,1,1,0,False,c4_drift_aware__dirichlet_a1.0__directional_poisoning__seed47,47,dirichlet_a1.0,directional_poisoning,c4_drift_aware
5,0.08245125412940979,2.202643632888794,2.064620537999872,5,0,1,0,False,c4_drift_aware__dirichlet_a1.0__directional_poisoning__seed47,47,dirichlet_a1.0,directional_poisoning,c4_drift_aware
6,0.08245125412940979,2.1909120082855225,2.0958553590025986,5,0,1,0,False,c4_drift_aware__dirichlet_a1.0__directional_poisoning__seed47,47,dirichlet_a1.0,directional_poisoning,c4_drift_aware
7,0.08245125412940979,2.191493511199951,2.017099201999372,5,0,1,0,False,c4_drift_aware__dirichlet_a1.0__directional_poisoning__seed47,47,dirichlet_a1.0,directional_poisoning,c4_drift_aware
8,0.08245125412940979,2.1994338035583496,2.0490787050002837,4,1,1,0,False,c4_drift_aware__dirichlet_a1.0__directional_poisoning__seed47,47,dirichlet_a1.0,directional_poisoning,c4_drift_aware
9,0.08245125412940979,2.191129446029663,2.1418047890001617,5,0,1,0,False,c4_drift_aware__dirichlet_a1.0__directional_poisoning__seed47,47,dirichlet_a1.0,directional_poisoning,c4_drift_aware
10,0.07256267219781876,2.310847282409668,2.045117718000256,5,0,1,1,False,c4_drift_aware__dirichlet_a1.0__directional_poisoning__seed47,47,dirichlet_a1.0,directional_poisoning,c4_drift_aware
11,0.08857938647270203,2.249439001083374,2.0861462889988616,4,1,1,1,False,c4_drift_aware__dirichlet_a1.0__directional_poisoning__seed47,47,dirichlet_a1.0,directional_poisoning,c4_drift_aware
12,0.1603064090013504,2.2346572875976562,2.1109513449991937,4,1,1,1,False,c4_drift_aware__dirichlet_a1.0__directional_poisoning__seed47,47,dirichlet_a1.0,directional_poisoning,c4_drift_aware
13,0.08802228420972824,2.2575833797454834,2.0766075879982964,4,1,1,1,False,c4_drift_aware__dirichlet_a1.0__directional_poisoning__seed47,47,dirichlet_a1.0,directional_poisoning,c4_drift_aware
14,0.062116991728544235,2.24368953704834,2.0560092619998613,4,1,1,1,False,c4_drift_aware__dirichlet_a1.0__directional_poisoning__seed47,47,dirichlet_a1.0,directional_poisoning,c4_drift_aware
15,0.10167130827903748,2.2524685859680176,1.929929556001298,4,1,1,1,False,c4_drift_aware__dirichlet_a1.0__directional_poisoning__seed47,47,dirichlet_a1.0,directional_poisoning,c4_drift_aware
16,0.08412256836891174,2.244934558868408,2.067546821999713,4,1,1,1,False,c4_drift_aware__dirichlet_a1.0__directional_poisoning__seed47,47,dirichlet_a1.0,directional_poisoning,c4_drift_aware
17,0.10000000149011612,2.204026937484741,2.0327297170006204,4,1,1,1,False,c4_drift_aware__dirichlet_a1.0__directional_poisoning__seed47,47,dirichlet_a1.0,directional_poisoning,c4_drift_aware
18,0.15013927221298218,2.236666440963745,2.005365557000914,4,1,1,1,False,c4_drift_aware__dirichlet_a1.0__directional_poisoning__seed47,47,dirichlet_a1.0,directional_poisoning,c4_drift_aware
19,0.12033426761627197,2.2198989391326904,2.0492718440000317,4,1,1,1,False,c4_drift_aware__dirichlet_a1.0__directional_poisoning__seed47,47,dirichlet_a1.0,directional_poisoning,c4_drift_aware
20,0.10487465560436249,2.188089370727539,1.8365374349996273,4,1,1,1,False,c4_drift_aware__dirichlet_a1.0__directional_poisoning__seed47,47,dirichlet_a1.0,directional_poisoning,c4_drift_aware
21,0.10988858342170715,2.199371814727783,1.9450608269980876,4,1,1,1,False,c4_drift_aware__dirichlet_a1.0__directional_poisoning__seed47,47,dirichlet_a1.0,directional_poisoning,c4_drift_aware
22,0.13579387962818146,2.1599690914154053,2.029330696001125,4,1,1,1,False,c4_drift_aware__dirichlet_a1.0__directional_poisoning__seed47,47,dirichlet_a1.0,directional_poisoning,c4_drift_aware
23,0.14303621649742126,2.174258232116699,2.0280855870005325,4,1,1,1,False,c4_drift_aware__dirichlet_a1.0__directional_poisoning__seed47,47,dirichlet_a1.0,directional_poisoning,c4_drift_aware
24,0.25529247522354126,2.128020763397217,1.8725463060000038,4,1,1,1,False,c4_drift_aware__dirichlet_a1.0__directional_poisoning__seed47,47,dirichlet_a1.0,directional_poisoning,c4_drift_aware
0,0.16894151270389557,2.2000317573547363,2.0201569870005187,5,0,1,0,False,c4_drift_aware__dirichlet_a1.0__sparse_coordinate_attack__seed47,47,dirichlet_a1.0,sparse_coordinate_attack,c4_drift_aware
1,0.11253482103347778,2.1959643363952637,2.10080341000139,5,0,1,0,False,c4_drift_aware__dirichlet_a1.0__sparse_coordinate_attack__seed47,47,dirichlet_a1.0,sparse_coordinate_attack,c4_drift_aware
2,0.08245125412940979,2.192030429840088,2.0683905449986923,5,0,1,0,False,c4_drift_aware__dirichlet_a1.0__sparse_coordinate_attack__seed47,47,dirichlet_a1.0,sparse_coordinate_attack,c4_drift_aware
3,0.08245125412940979,2.192042589187622,2.122394443002122,5,0,1,0,False,c4_drift_aware__dirichlet_a1.0__sparse_coordinate_attack__seed47,47,dirichlet_a1.0,sparse_coordinate_attack,c4_drift_aware
4,0.08245125412940979,2.195568323135376,2.0624809700020705,4,1,1,0,False,c4_drift_aware__dirichlet_a1.0__sparse_coordinate_attack__seed47,47,dirichlet_a1.0,sparse_coordinate_attack,c4_drift_aware
5,0.08245125412940979,2.202566385269165,2.067740545000561,5,0,1,0,False,c4_drift_aware__dirichlet_a1.0__sparse_coordinate_attack__seed47,47,dirichlet_a1.0,sparse_coordinate_attack,c4_drift_aware
6,0.08245125412940979,2.190962553024292,2.0191339070006507,5,0,1,0,False,c4_drift_aware__dirichlet_a1.0__sparse_coordinate_attack__seed47,47,dirichlet_a1.0,sparse_coordinate_attack,c4_drift_aware
7,0.08245125412940979,2.191356897354126,2.0473317530013446,5,0,1,0,False,c4_drift_aware__dirichlet_a1.0__sparse_coordinate_attack__seed47,47,dirichlet_a1.0,sparse_coordinate_attack,c4_drift_aware
8,0.08245125412940979,2.199445962905884,2.0949785439988773,4,1,1,0,False,c4_drift_aware__dirichlet_a1.0__sparse_coordinate_attack__seed47,47,dirichlet_a1.0,sparse_coordinate_attack,c4_drift_aware
9,0.08245125412940979,2.1910293102264404,2.1601598099987314,5,0,1,0,False,c4_drift_aware__dirichlet_a1.0__sparse_coordinate_attack__seed47,47,dirichlet_a1.0,sparse_coordinate_attack,c4_drift_aware
10,0.08440111577510834,2.2527999877929688,1.992723721999937,4,1,1,1,False,c4_drift_aware__dirichlet_a1.0__sparse_coordinate_attack__seed47,47,dirichlet_a1.0,sparse_coordinate_attack,c4_drift_aware
11,0.09442897140979767,2.2500455379486084,2.04539412899976,4,1,1,1,False,c4_drift_aware__dirichlet_a1.0__sparse_coordinate_attack__seed47,47,dirichlet_a1.0,sparse_coordinate_attack,c4_drift_aware
12,0.16545961797237396,2.2562172412872314,2.094762004999211,4,1,1,1,False,c4_drift_aware__dirichlet_a1.0__sparse_coordinate_attack__seed47,47,dirichlet_a1.0,sparse_coordinate_attack,c4_drift_aware
13,0.08746518194675446,2.245767831802368,2.0260002779978095,4,1,1,1,False,c4_drift_aware__dirichlet_a1.0__sparse_coordinate_attack__seed47,47,dirichlet_a1.0,sparse_coordinate_attack,c4_drift_aware
14,0.1341225653886795,2.2471120357513428,2.0715350020000187,4,1,1,1,False,c4_drift_aware__dirichlet_a1.0__sparse_coordinate_attack__seed47,47,dirichlet_a1.0,sparse_coordinate_attack,c4_drift_aware
15,0.08871866762638092,2.2276453971862793,2.0475411670013273,4,1,1,1,False,c4_drift_aware__dirichlet_a1.0__sparse_coordinate_attack__seed47,47,dirichlet_a1.0,sparse_coordinate_attack,c4_drift_aware
16,0.06155988946557045,2.2276127338409424,2.055580618998647,4,1,1,1,False,c4_drift_aware__dirichlet_a1.0__sparse_coordinate_attack__seed47,47,dirichlet_a1.0,sparse_coordinate_attack,c4_drift_aware
17,0.0967966616153717,2.203809976577759,2.0454616419992817,4,1,1,1,False,c4_drift_aware__dirichlet_a1.0__sparse_coordinate_attack__seed47,47,dirichlet_a1.0,sparse_coordinate_attack,c4_drift_aware
18,0.152785524725914,2.2324435710906982,2.096283814000344,4,1,1,1,False,c4_drift_aware__dirichlet_a1.0__sparse_coordinate_attack__seed47,47,dirichlet_a1.0,sparse_coordinate_attack,c4_drift_aware
19,0.09066852927207947,2.23953914642334,2.0709679380015587,4,1,1,1,False,c4_drift_aware__dirichlet_a1.0__sparse_coordinate_attack__seed47,47,dirichlet_a1.0,sparse_coordinate_attack,c4_drift_aware
20,0.08370473980903625,2.1880404949188232,2.0082508790001157,4,1,1,1,False,c4_drift_aware__dirichlet_a1.0__sparse_coordinate_attack__seed47,47,dirichlet_a1.0,sparse_coordinate_attack,c4_drift_aware
21,0.13607242703437805,2.1893932819366455,2.0144484669981466,4,1,1,1,False,c4_drift_aware__dirichlet_a1.0__sparse_coordinate_attack__seed47,47,dirichlet_a1.0,sparse_coordinate_attack,c4_drift_aware
22,0.07743732631206512,2.1778383255004883,2.0258125639993523,4,1,1,1,False,c4_drift_aware__dirichlet_a1.0__sparse_coordinate_attack__seed47,47,dirichlet_a1.0,sparse_coordinate_attack,c4_drift_aware
23,0.13245125114917755,2.157735824584961,2.069209019999107,4,1,1,1,False,c4_drift_aware__dirichlet_a1.0__sparse_coordinate_attack__seed47,47,dirichlet_a1.0,sparse_coordinate_attack,c4_drift_aware
24,0.26615598797798157,2.116811752319336,2.06831776800027,4,1,1,1,False,c4_drift_aware__dirichlet_a1.0__sparse_coordinate_attack__seed47,47,dirichlet_a1.0,sparse_coordinate_attack,c4_drift_aware
0,0.16894151270389557,2.2000317573547363,2.1738938599992252,5,0,1,0,False,c4_drift_aware__dirichlet_a1.0__full_sign_flip__seed47,47,dirichlet_a1.0,full_sign_flip,c4_drift_aware
1,0.11225627362728119,2.1959681510925293,2.1112748400009878,5,0,1,0,False,c4_drift_aware__dirichlet_a1.0__full_sign_flip__seed47,47,dirichlet_a1.0,full_sign_flip,c4_drift_aware
2,0.08245125412940979,2.1920154094696045,2.0334732999981497,5,0,1,0,False,c4_drift_aware__dirichlet_a1.0__full_sign_flip__seed47,47,dirichlet_a1.0,full_sign_flip,c4_drift_aware
3,0.08245125412940979,2.191880226135254,2.090033827997104,5,0,1,0,False,c4_drift_aware__dirichlet_a1.0__full_sign_flip__seed47,47,dirichlet_a1.0,full_sign_flip,c4_drift_aware
4,0.08245125412940979,2.1955456733703613,2.0392603619984584,4,1,1,0,False,c4_drift_aware__dirichlet_a1.0__full_sign_flip__seed47,47,dirichlet_a1.0,full_sign_flip,c4_drift_aware
5,0.08245125412940979,2.2025535106658936,2.0083996870016563,5,0,1,0,False,c4_drift_aware__dirichlet_a1.0__full_sign_flip__seed47,47,dirichlet_a1.0,full_sign_flip,c4_drift_aware
6,0.08245125412940979,2.1909103393554688,2.0900981900012994,5,0,1,0,False,c4_drift_aware__dirichlet_a1.0__full_sign_flip__seed47,47,dirichlet_a1.0,full_sign_flip,c4_drift_aware
7,0.08245125412940979,2.1912107467651367,2.067249797997647,5,0,1,0,False,c4_drift_aware__dirichlet_a1.0__full_sign_flip__seed47,47,dirichlet_a1.0,full_sign_flip,c4_drift_aware
8,0.08245125412940979,2.199523448944092,2.0709831540007144,4,1,1,0,False,c4_drift_aware__dirichlet_a1.0__full_sign_flip__seed47,47,dirichlet_a1.0,full_sign_flip,c4_drift_aware
9,0.08245125412940979,2.1912357807159424,2.0869908639979258,5,0,1,0,False,c4_drift_aware__dirichlet_a1.0__full_sign_flip__seed47,47,dirichlet_a1.0,full_sign_flip,c4_drift_aware
10,0.07339832931756973,2.31076717376709,2.0649610049986222,5,0,1,1,False,c4_drift_aware__dirichlet_a1.0__full_sign_flip__seed47,47,dirichlet_a1.0,full_sign_flip,c4_drift_aware
11,0.08844011276960373,2.2495574951171875,2.135897770000156,4,1,1,1,False,c4_drift_aware__dirichlet_a1.0__full_sign_flip__seed47,47,dirichlet_a1.0,full_sign_flip,c4_drift_aware
12,0.160584956407547,2.2347025871276855,2.036599146998924,4,1,1,1,False,c4_drift_aware__dirichlet_a1.0__full_sign_flip__seed47,47,dirichlet_a1.0,full_sign_flip,c4_drift_aware
13,0.08885794132947922,2.257639169692993,2.1233738270020694,4,1,1,1,False,c4_drift_aware__dirichlet_a1.0__full_sign_flip__seed47,47,dirichlet_a1.0,full_sign_flip,c4_drift_aware
14,0.06114206463098526,2.2441673278808594,2.0225830959971063,4,1,1,1,False,c4_drift_aware__dirichlet_a1.0__full_sign_flip__seed47,47,dirichlet_a1.0,full_sign_flip,c4_drift_aware
15,0.1009749323129654,2.252755880355835,2.040298301002622,4,1,1,1,False,c4_drift_aware__dirichlet_a1.0__full_sign_flip__seed47,47,dirichlet_a1.0,full_sign_flip,c4_drift_aware
16,0.08398328721523285,2.245072841644287,2.06490265499815,4,1,1,1,False,c4_drift_aware__dirichlet_a1.0__full_sign_flip__seed47,47,dirichlet_a1.0,full_sign_flip,c4_drift_aware
17,0.09986072778701782,2.2042126655578613,2.041710987999977,4,1,1,1,False,c4_drift_aware__dirichlet_a1.0__full_sign_flip__seed47,47,dirichlet_a1.0,full_sign_flip,c4_drift_aware
18,0.14986072480678558,2.2371132373809814,2.085026534001372,4,1,1,1,False,c4_drift_aware__dirichlet_a1.0__full_sign_flip__seed47,47,dirichlet_a1.0,full_sign_flip,c4_drift_aware
19,0.12186630070209503,2.219841718673706,2.098906294999324,4,1,1,1,False,c4_drift_aware__dirichlet_a1.0__full_sign_flip__seed47,47,dirichlet_a1.0,full_sign_flip,c4_drift_aware
20,0.104456827044487,2.1883621215820312,2.1033309279991954,4,1,1,1,False,c4_drift_aware__dirichlet_a1.0__full_sign_flip__seed47,47,dirichlet_a1.0,full_sign_flip,c4_drift_aware
21,0.10919220000505447,2.1989951133728027,2.0032630899986543,4,1,1,1,False,c4_drift_aware__dirichlet_a1.0__full_sign_flip__seed47,47,dirichlet_a1.0,full_sign_flip,c4_drift_aware
22,0.1268802285194397,2.160142660140991,2.0571446899994044,4,1,1,1,False,c4_drift_aware__dirichlet_a1.0__full_sign_flip__seed47,47,dirichlet_a1.0,full_sign_flip,c4_drift_aware
23,0.14303621649742126,2.174356698989868,2.1036305609995907,4,1,1,1,False,c4_drift_aware__dirichlet_a1.0__full_sign_flip__seed47,47,dirichlet_a1.0,full_sign_flip,c4_drift_aware
24,0.25459611415863037,2.128211259841919,2.061055670001224,4,1,1,1,False,c4_drift_aware__dirichlet_a1.0__full_sign_flip__seed47,47,dirichlet_a1.0,full_sign_flip,c4_drift_aware
0,0.16894151270389557,2.2000315189361572,2.016927502998442,5,0,1,0,False,c4_drift_aware__dirichlet_a1.0__low_norm__seed47,47,dirichlet_a1.0,low_norm,c4_drift_aware
1,0.11225627362728119,2.195962905883789,2.056517085999076,5,0,1,0,False,c4_drift_aware__dirichlet_a1.0__low_norm__seed47,47,dirichlet_a1.0,low_norm,c4_drift_aware
2,0.08245125412940979,2.192030906677246,2.018954681996547,5,0,1,0,False,c4_drift_aware__dirichlet_a1.0__low_norm__seed47,47,dirichlet_a1.0,low_norm,c4_drift_aware
3,0.08245125412940979,2.1918258666992188,2.0242914629998268,5,0,1,0,False,c4_drift_aware__dirichlet_a1.0__low_norm__seed47,47,dirichlet_a1.0,low_norm,c4_drift_aware
4,0.08245125412940979,2.1955912113189697,2.0608690269982617,4,1,1,0,False,c4_drift_aware__dirichlet_a1.0__low_norm__seed47,47,dirichlet_a1.0,low_norm,c4_drift_aware
5,0.08245125412940979,2.202610492706299,1.8037670939993404,5,0,1,0,False,c4_drift_aware__dirichlet_a1.0__low_norm__seed47,47,dirichlet_a1.0,low_norm,c4_drift_aware
6,0.08245125412940979,2.1909921169281006,1.9923485840008652,5,0,1,0,False,c4_drift_aware__dirichlet_a1.0__low_norm__seed47,47,dirichlet_a1.0,low_norm,c4_drift_aware
7,0.08245125412940979,2.1910691261291504,2.021513727999263,5,0,1,0,False,c4_drift_aware__dirichlet_a1.0__low_norm__seed47,47,dirichlet_a1.0,low_norm,c4_drift_aware
8,0.08245125412940979,2.199533224105835,2.048987317997671,4,1,1,0,False,c4_drift_aware__dirichlet_a1.0__low_norm__seed47,47,dirichlet_a1.0,low_norm,c4_drift_aware
9,0.08245125412940979,2.1910977363586426,2.0170848950001528,5,0,1,0,False,c4_drift_aware__dirichlet_a1.0__low_norm__seed47,47,dirichlet_a1.0,low_norm,c4_drift_aware
10,0.10362116992473602,2.2356836795806885,2.01940602799732,5,0,1,1,False,c4_drift_aware__dirichlet_a1.0__low_norm__seed47,47,dirichlet_a1.0,low_norm,c4_drift_aware
11,0.05863510072231293,2.2451066970825195,1.989935867000895,4,1,1,1,False,c4_drift_aware__dirichlet_a1.0__low_norm__seed47,47,dirichlet_a1.0,low_norm,c4_drift_aware
12,0.14108635485172272,2.2325093746185303,1.998670126999059,5,0,1,1,False,c4_drift_aware__dirichlet_a1.0__low_norm__seed47,47,dirichlet_a1.0,low_norm,c4_drift_aware
13,0.09150417894124985,2.251971960067749,2.0287466400004632,5,0,1,1,False,c4_drift_aware__dirichlet_a1.0__low_norm__seed47,47,dirichlet_a1.0,low_norm,c4_drift_aware
14,0.06685236841440201,2.244982957839966,2.014290836999862,5,0,1,1,False,c4_drift_aware__dirichlet_a1.0__low_norm__seed47,47,dirichlet_a1.0,low_norm,c4_drift_aware
15,0.09888579696416855,2.2509286403656006,2.049547080998309,5,0,1,1,False,c4_drift_aware__dirichlet_a1.0__low_norm__seed47,47,dirichlet_a1.0,low_norm,c4_drift_aware
16,0.08412256836891174,2.247396945953369,2.143495891999919,5,0,1,1,False,c4_drift_aware__dirichlet_a1.0__low_norm__seed47,47,dirichlet_a1.0,low_norm,c4_drift_aware
17,0.09094707667827606,2.214684009552002,2.141855019999639,5,0,1,1,False,c4_drift_aware__dirichlet_a1.0__low_norm__seed47,47,dirichlet_a1.0,low_norm,c4_drift_aware
18,0.14373259246349335,2.2353618144989014,2.0386246220004978,5,0,1,1,False,c4_drift_aware__dirichlet_a1.0__low_norm__seed47,47,dirichlet_a1.0,low_norm,c4_drift_aware
19,0.11671309173107147,2.2284584045410156,2.075632146999851,5,0,1,1,False,c4_drift_aware__dirichlet_a1.0__low_norm__seed47,47,dirichlet_a1.0,low_norm,c4_drift_aware
20,0.10208913683891296,2.2069623470306396,2.0408292569991318,5,0,1,1,False,c4_drift_aware__dirichlet_a1.0__low_norm__seed47,47,dirichlet_a1.0,low_norm,c4_drift_aware
21,0.10417827218770981,2.214662551879883,2.058641889001592,5,0,1,1,False,c4_drift_aware__dirichlet_a1.0__low_norm__seed47,47,dirichlet_a1.0,low_norm,c4_drift_aware
22,0.1338440179824829,2.1924662590026855,2.0948176000019885,5,0,1,1,False,c4_drift_aware__dirichlet_a1.0__low_norm__seed47,47,dirichlet_a1.0,low_norm,c4_drift_aware
23,0.15013927221298218,2.2018089294433594,2.0980484310020984,5,0,1,1,False,c4_drift_aware__dirichlet_a1.0__low_norm__seed47,47,dirichlet_a1.0,low_norm,c4_drift_aware
24,0.1341225653886795,2.1877317428588867,2.072163159999036,5,0,1,1,False,c4_drift_aware__dirichlet_a1.0__low_norm__seed47,47,dirichlet_a1.0,low_norm,c4_drift_aware
0,0.03941504284739494,2.2041163444519043,2.054968373999145,5,0,1,0,False,c4_drift_aware__dirichlet_a1.0__no_attack__seed48,48,dirichlet_a1.0,no_attack,c4_drift_aware
1,0.08245125412940979,2.204899787902832,2.0903190039971378,5,0,1,0,False,c4_drift_aware__dirichlet_a1.0__no_attack__seed48,48,dirichlet_a1.0,no_attack,c4_drift_aware
2,0.08245125412940979,2.216937780380249,2.0580749589971674,5,0,1,0,False,c4_drift_aware__dirichlet_a1.0__no_attack__seed48,48,dirichlet_a1.0,no_attack,c4_drift_aware
3,0.08245125412940979,2.2263708114624023,2.0687349139989237,5,0,1,0,False,c4_drift_aware__dirichlet_a1.0__no_attack__seed48,48,dirichlet_a1.0,no_attack,c4_drift_aware
4,0.08259052783250809,2.2277488708496094,2.159318672001973,5,0,1,0,False,c4_drift_aware__dirichlet_a1.0__no_attack__seed48,48,dirichlet_a1.0,no_attack,c4_drift_aware
5,0.08231198042631149,2.226933479309082,2.037346537999838,5,0,1,0,False,c4_drift_aware__dirichlet_a1.0__no_attack__seed48,48,dirichlet_a1.0,no_attack,c4_drift_aware
6,0.08245125412940979,2.230001211166382,2.046740267000132,5,0,1,0,False,c4_drift_aware__dirichlet_a1.0__no_attack__seed48,48,dirichlet_a1.0,no_attack,c4_drift_aware
7,0.08245125412940979,2.216672420501709,1.7988256530006765,5,0,1,0,False,c4_drift_aware__dirichlet_a1.0__no_attack__seed48,48,dirichlet_a1.0,no_attack,c4_drift_aware
8,0.08245125412940979,2.216571807861328,2.0203134519979358,5,0,1,0,False,c4_drift_aware__dirichlet_a1.0__no_attack__seed48,48,dirichlet_a1.0,no_attack,c4_drift_aware
9,0.08245125412940979,2.198122978210449,2.1019042670013732,5,0,1,0,False,c4_drift_aware__dirichlet_a1.0__no_attack__seed48,48,dirichlet_a1.0,no_attack,c4_drift_aware
10,0.08259052783250809,2.1916139125823975,2.0632336199996644,5,0,1,1,False,c4_drift_aware__dirichlet_a1.0__no_attack__seed48,48,dirichlet_a1.0,no_attack,c4_drift_aware
11,0.0857938751578331,2.153536558151245,2.123251259999961,5,0,1,1,False,c4_drift_aware__dirichlet_a1.0__no_attack__seed48,48,dirichlet_a1.0,no_attack,c4_drift_aware
12,0.334818959236145,2.093352794647217,1.7790695520016016,5,0,1,1,False,c4_drift_aware__dirichlet_a1.0__no_attack__seed48,48,dirichlet_a1.0,no_attack,c4_drift_aware
13,0.40125349164009094,2.0424952507019043,2.0319317820030847,4,1,1,1,False,c4_drift_aware__dirichlet_a1.0__no_attack__seed48,48,dirichlet_a1.0,no_attack,c4_drift_aware
14,0.3661560118198395,1.9666298627853394,2.0869286710003507,4,1,1,1,False,c4_drift_aware__dirichlet_a1.0__no_attack__seed48,48,dirichlet_a1.0,no_attack,c4_drift_aware
15,0.34512534737586975,1.9410068988800049,2.0658128120012407,4,1,1,1,False,c4_drift_aware__dirichlet_a1.0__no_attack__seed48,48,dirichlet_a1.0,no_attack,c4_drift_aware
16,0.37855154275894165,1.8004263639450073,1.8000911790004466,4,1,1,1,False,c4_drift_aware__dirichlet_a1.0__no_attack__seed48,48,dirichlet_a1.0,no_attack,c4_drift_aware
17,0.3389972150325775,1.7663230895996094,1.9919050160024199,4,1,1,1,False,c4_drift_aware__dirichlet_a1.0__no_attack__seed48,48,dirichlet_a1.0,no_attack,c4_drift_aware
18,0.3207520842552185,1.7892695665359497,2.0107761879989994,5,0,1,1,False,c4_drift_aware__dirichlet_a1.0__no_attack__seed48,48,dirichlet_a1.0,no_attack,c4_drift_aware
19,0.3206128180027008,1.7290174961090088,1.8185075140027038,3,2,1,1,False,c4_drift_aware__dirichlet_a1.0__no_attack__seed48,48,dirichlet_a1.0,no_attack,c4_drift_aware
20,0.3647632300853729,1.7084065675735474,2.024345714999072,5,0,1,1,False,c4_drift_aware__dirichlet_a1.0__no_attack__seed48,48,dirichlet_a1.0,no_attack,c4_drift_aware
21,0.35334262251853943,1.6751155853271484,2.1064661580021493,5,0,1,1,False,c4_drift_aware__dirichlet_a1.0__no_attack__seed48,48,dirichlet_a1.0,no_attack,c4_drift_aware
22,0.32994431257247925,1.7051362991333008,1.8654869540005166,4,1,1,1,False,c4_drift_aware__dirichlet_a1.0__no_attack__seed48,48,dirichlet_a1.0,no_attack,c4_drift_aware
23,0.36420613527297974,1.6939505338668823,2.100942713001132,4,1,1,1,False,c4_drift_aware__dirichlet_a1.0__no_attack__seed48,48,dirichlet_a1.0,no_attack,c4_drift_aware
24,0.3611420691013336,1.6536641120910645,2.0956503840025107,4,1,1,1,False,c4_drift_aware__dirichlet_a1.0__no_attack__seed48,48,dirichlet_a1.0,no_attack,c4_drift_aware
0,0.03941504284739494,2.2041163444519043,2.0883487169994623,5,0,1,0,False,c4_drift_aware__dirichlet_a1.0__large_norm__seed48,48,dirichlet_a1.0,large_norm,c4_drift_aware
1,0.08245125412940979,2.2049596309661865,2.15789342700009,5,0,1,0,False,c4_drift_aware__dirichlet_a1.0__large_norm__seed48,48,dirichlet_a1.0,large_norm,c4_drift_aware
2,0.08245125412940979,2.2168986797332764,2.044318423999357,5,0,1,0,False,c4_drift_aware__dirichlet_a1.0__large_norm__seed48,48,dirichlet_a1.0,large_norm,c4_drift_aware
3,0.08245125412940979,2.2263412475585938,2.109622929001489,5,0,1,0,False,c4_drift_aware__dirichlet_a1.0__large_norm__seed48,48,dirichlet_a1.0,large_norm,c4_drift_aware
4,0.08259052783250809,2.2274394035339355,2.1088975880011276,5,0,1,0,False,c4_drift_aware__dirichlet_a1.0__large_norm__seed48,48,dirichlet_a1.0,large_norm,c4_drift_aware
5,0.08245125412940979,2.227266311645508,2.0288786359997175,5,0,1,0,False,c4_drift_aware__dirichlet_a1.0__large_norm__seed48,48,dirichlet_a1.0,large_norm,c4_drift_aware
6,0.08245125412940979,2.2299208641052246,2.005929513998126,5,0,1,0,False,c4_drift_aware__dirichlet_a1.0__large_norm__seed48,48,dirichlet_a1.0,large_norm,c4_drift_aware
7,0.08245125412940979,2.216900587081909,2.0662060970025777,5,0,1,0,False,c4_drift_aware__dirichlet_a1.0__large_norm__seed48,48,dirichlet_a1.0,large_norm,c4_drift_aware
8,0.08245125412940979,2.216632843017578,1.9756878610023705,5,0,1,0,False,c4_drift_aware__dirichlet_a1.0__large_norm__seed48,48,dirichlet_a1.0,large_norm,c4_drift_aware
9,0.08245125412940979,2.1983609199523926,2.047770788998605,5,0,1,0,False,c4_drift_aware__dirichlet_a1.0__large_norm__seed48,48,dirichlet_a1.0,large_norm,c4_drift_aware
10,0.28077995777130127,2.1881096363067627,2.0399642289994517,4,1,1,1,False,c4_drift_aware__dirichlet_a1.0__large_norm__seed48,48,dirichlet_a1.0,large_norm,c4_drift_aware
11,0.22465181350708008,2.1565284729003906,2.0141607510013273,4,1,1,1,False,c4_drift_aware__dirichlet_a1.0__large_norm__seed48,48,dirichlet_a1.0,large_norm,c4_drift_aware
12,0.3509749472141266,2.109477996826172,2.0161697319999803,4,1,1,1,False,c4_drift_aware__dirichlet_a1.0__large_norm__seed48,48,dirichlet_a1.0,large_norm,c4_drift_aware
13,0.31935933232307434,2.0679688453674316,2.0523471619999327,4,1,1,1,False,c4_drift_aware__dirichlet_a1.0__large_norm__seed48,48,dirichlet_a1.0,large_norm,c4_drift_aware
14,0.4594707489013672,1.956194519996643,1.7998112089990173,4,1,1,1,False,c4_drift_aware__dirichlet_a1.0__large_norm__seed48,48,dirichlet_a1.0,large_norm,c4_drift_aware
15,0.37493038177490234,1.9370405673980713,2.0203685289998248,4,1,1,1,False,c4_drift_aware__dirichlet_a1.0__large_norm__seed48,48,dirichlet_a1.0,large_norm,c4_drift_aware
16,0.3625348210334778,1.8074531555175781,2.0330926259994158,4,1,1,1,False,c4_drift_aware__dirichlet_a1.0__large_norm__seed48,48,dirichlet_a1.0,large_norm,c4_drift_aware
17,0.3848189413547516,1.7953331470489502,2.0743558579997625,4,1,1,1,False,c4_drift_aware__dirichlet_a1.0__large_norm__seed48,48,dirichlet_a1.0,large_norm,c4_drift_aware
18,0.3798050284385681,1.714705467224121,2.1287195260010776,4,1,1,1,False,c4_drift_aware__dirichlet_a1.0__large_norm__seed48,48,dirichlet_a1.0,large_norm,c4_drift_aware
19,0.3955431878566742,1.7124706506729126,2.0460567659974913,4,1,1,1,False,c4_drift_aware__dirichlet_a1.0__large_norm__seed48,48,dirichlet_a1.0,large_norm,c4_drift_aware
20,0.3537604510784149,1.7203644514083862,2.036216989999957,4,1,1,1,False,c4_drift_aware__dirichlet_a1.0__large_norm__seed48,48,dirichlet_a1.0,large_norm,c4_drift_aware
21,0.30752089619636536,1.6858352422714233,2.041635844998382,3,2,1,1,False,c4_drift_aware__dirichlet_a1.0__large_norm__seed48,48,dirichlet_a1.0,large_norm,c4_drift_aware
22,0.3988858163356781,1.6896108388900757,2.112160811000649,4,1,1,1,False,c4_drift_aware__dirichlet_a1.0__large_norm__seed48,48,dirichlet_a1.0,large_norm,c4_drift_aware
23,0.4128133952617645,1.6844033002853394,2.1102870290014835,4,1,1,1,False,c4_drift_aware__dirichlet_a1.0__large_norm__seed48,48,dirichlet_a1.0,large_norm,c4_drift_aware
24,0.3572423458099365,1.6134659051895142,2.03025159200115,3,2,1,1,False,c4_drift_aware__dirichlet_a1.0__large_norm__seed48,48,dirichlet_a1.0,large_norm,c4_drift_aware
0,0.03941504284739494,2.2041172981262207,2.00023855100153,5,0,1,0,False,c4_drift_aware__dirichlet_a1.0__directional_poisoning__seed48,48,dirichlet_a1.0,directional_poisoning,c4_drift_aware
1,0.08245125412940979,2.204857110977173,2.022377946999768,5,0,1,0,False,c4_drift_aware__dirichlet_a1.0__directional_poisoning__seed48,48,dirichlet_a1.0,directional_poisoning,c4_drift_aware
2,0.08245125412940979,2.2170097827911377,2.0421612239988463,5,0,1,0,False,c4_drift_aware__dirichlet_a1.0__directional_poisoning__seed48,48,dirichlet_a1.0,directional_poisoning,c4_drift_aware
3,0.08245125412940979,2.226379156112671,2.0552377330022864,5,0,1,0,False,c4_drift_aware__dirichlet_a1.0__directional_poisoning__seed48,48,dirichlet_a1.0,directional_poisoning,c4_drift_aware
4,0.08259052783250809,2.227654218673706,2.203200469000876,5,0,1,0,False,c4_drift_aware__dirichlet_a1.0__directional_poisoning__seed48,48,dirichlet_a1.0,directional_poisoning,c4_drift_aware
5,0.08245125412940979,2.227304697036743,2.074203755997587,5,0,1,0,False,c4_drift_aware__dirichlet_a1.0__directional_poisoning__seed48,48,dirichlet_a1.0,directional_poisoning,c4_drift_aware
6,0.08245125412940979,2.229994297027588,2.0757303059981496,5,0,1,0,False,c4_drift_aware__dirichlet_a1.0__directional_poisoning__seed48,48,dirichlet_a1.0,directional_poisoning,c4_drift_aware
7,0.08245125412940979,2.216701030731201,2.1167444309976418,5,0,1,0,False,c4_drift_aware__dirichlet_a1.0__directional_poisoning__seed48,48,dirichlet_a1.0,directional_poisoning,c4_drift_aware
8,0.08245125412940979,2.216778039932251,2.1395370900027046,5,0,1,0,False,c4_drift_aware__dirichlet_a1.0__directional_poisoning__seed48,48,dirichlet_a1.0,directional_poisoning,c4_drift_aware
9,0.08245125412940979,2.19793701171875,2.034738362999633,5,0,1,0,False,c4_drift_aware__dirichlet_a1.0__directional_poisoning__seed48,48,dirichlet_a1.0,directional_poisoning,c4_drift_aware
10,0.24052925407886505,2.2315547466278076,2.0475939710013336,5,0,1,1,False,c4_drift_aware__dirichlet_a1.0__directional_poisoning__seed48,48,dirichlet_a1.0,directional_poisoning,c4_drift_aware
11,0.2717270255088806,2.1675846576690674,2.05363831700015,4,1,1,1,False,c4_drift_aware__dirichlet_a1.0__directional_poisoning__seed48,48,dirichlet_a1.0,directional_poisoning,c4_drift_aware
12,0.3252089321613312,2.138730764389038,1.9431195789984486,4,1,1,1,False,c4_drift_aware__dirichlet_a1.0__directional_poisoning__seed48,48,dirichlet_a1.0,directional_poisoning,c4_drift_aware
13,0.36754876375198364,2.078897714614868,2.1021982380007103,4,1,1,1,False,c4_drift_aware__dirichlet_a1.0__directional_poisoning__seed48,48,dirichlet_a1.0,directional_poisoning,c4_drift_aware
14,0.37479108572006226,1.9914931058883667,1.8925456149991078,4,1,1,1,False,c4_drift_aware__dirichlet_a1.0__directional_poisoning__seed48,48,dirichlet_a1.0,directional_poisoning,c4_drift_aware
15,0.34554317593574524,1.9845306873321533,2.042478442999709,4,1,1,1,False,c4_drift_aware__dirichlet_a1.0__directional_poisoning__seed48,48,dirichlet_a1.0,directional_poisoning,c4_drift_aware
16,0.375905305147171,1.8352304697036743,2.0437349239982723,4,1,1,1,False,c4_drift_aware__dirichlet_a1.0__directional_poisoning__seed48,48,dirichlet_a1.0,directional_poisoning,c4_drift_aware
17,0.3387186825275421,1.7833837270736694,2.122635394000099,4,1,1,1,False,c4_drift_aware__dirichlet_a1.0__directional_poisoning__seed48,48,dirichlet_a1.0,directional_poisoning,c4_drift_aware
18,0.32284122705459595,1.8642642498016357,2.0492398949972994,4,1,1,1,False,c4_drift_aware__dirichlet_a1.0__directional_poisoning__seed48,48,dirichlet_a1.0,directional_poisoning,c4_drift_aware
19,0.40473538637161255,1.700387954711914,2.041683600000397,4,1,1,1,False,c4_drift_aware__dirichlet_a1.0__directional_poisoning__seed48,48,dirichlet_a1.0,directional_poisoning,c4_drift_aware
20,0.40125349164009094,1.7164864540100098,2.0592798569996376,4,1,1,1,False,c4_drift_aware__dirichlet_a1.0__directional_poisoning__seed48,48,dirichlet_a1.0,directional_poisoning,c4_drift_aware
21,0.33050140738487244,1.6904067993164062,2.0258099079983367,3,2,1,1,False,c4_drift_aware__dirichlet_a1.0__directional_poisoning__seed48,48,dirichlet_a1.0,directional_poisoning,c4_drift_aware
22,0.3610028028488159,1.707674264907837,2.021286498002155,4,1,1,1,False,c4_drift_aware__dirichlet_a1.0__directional_poisoning__seed48,48,dirichlet_a1.0,directional_poisoning,c4_drift_aware
23,0.4062674343585968,1.6240698099136353,2.09024421399954,4,1,1,1,False,c4_drift_aware__dirichlet_a1.0__directional_poisoning__seed48,48,dirichlet_a1.0,directional_poisoning,c4_drift_aware
24,0.36323121190071106,1.6192281246185303,2.0641730399984226,3,2,1,1,False,c4_drift_aware__dirichlet_a1.0__directional_poisoning__seed48,48,dirichlet_a1.0,directional_poisoning,c4_drift_aware
0,0.03941504284739494,2.2041172981262207,2.0345657949983433,5,0,1,0,False,c4_drift_aware__dirichlet_a1.0__sparse_coordinate_attack__seed48,48,dirichlet_a1.0,sparse_coordinate_attack,c4_drift_aware
1,0.08245125412940979,2.2048428058624268,2.0409055130003253,5,0,1,0,False,c4_drift_aware__dirichlet_a1.0__sparse_coordinate_attack__seed48,48,dirichlet_a1.0,sparse_coordinate_attack,c4_drift_aware
2,0.08245125412940979,2.2170393466949463,2.0261557159974473,5,0,1,0,False,c4_drift_aware__dirichlet_a1.0__sparse_coordinate_attack__seed48,48,dirichlet_a1.0,sparse_coordinate_attack,c4_drift_aware
3,0.08245125412940979,2.226452350616455,1.7920968319995154,5,0,1,0,False,c4_drift_aware__dirichlet_a1.0__sparse_coordinate_attack__seed48,48,dirichlet_a1.0,sparse_coordinate_attack,c4_drift_aware
4,0.08259052783250809,2.2273950576782227,2.0439855820004595,5,0,1,0,False,c4_drift_aware__dirichlet_a1.0__sparse_coordinate_attack__seed48,48,dirichlet_a1.0,sparse_coordinate_attack,c4_drift_aware
5,0.08231198042631149,2.226977825164795,2.073697973999515,5,0,1,0,False,c4_drift_aware__dirichlet_a1.0__sparse_coordinate_attack__seed48,48,dirichlet_a1.0,sparse_coordinate_attack,c4_drift_aware
6,0.08245125412940979,2.2302701473236084,1.942178993998823,5,0,1,0,False,c4_drift_aware__dirichlet_a1.0__sparse_coordinate_attack__seed48,48,dirichlet_a1.0,sparse_coordinate_attack,c4_drift_aware
7,0.08245125412940979,2.217106819152832,2.110259684999619,5,0,1,0,False,c4_drift_aware__dirichlet_a1.0__sparse_coordinate_attack__seed48,48,dirichlet_a1.0,sparse_coordinate_attack,c4_drift_aware
8,0.08245125412940979,2.216700553894043,1.791525915999955,5,0,1,0,False,c4_drift_aware__dirichlet_a1.0__sparse_coordinate_attack__seed48,48,dirichlet_a1.0,sparse_coordinate_attack,c4_drift_aware
9,0.08245125412940979,2.1977360248565674,2.0866076960010105,5,0,1,0,False,c4_drift_aware__dirichlet_a1.0__sparse_coordinate_attack__seed48,48,dirichlet_a1.0,sparse_coordinate_attack,c4_drift_aware
10,0.2729805111885071,2.1065406799316406,2.0238173409998126,3,2,1,1,False,c4_drift_aware__dirichlet_a1.0__sparse_coordinate_attack__seed48,48,dirichlet_a1.0,sparse_coordinate_attack,c4_drift_aware
11,0.39401113986968994,2.131193161010742,2.0013730169994233,4,1,1,1,False,c4_drift_aware__dirichlet_a1.0__sparse_coordinate_attack__seed48,48,dirichlet_a1.0,sparse_coordinate_attack,c4_drift_aware
12,0.44164347648620605,2.0950191020965576,2.0133682010018674,4,1,1,1,False,c4_drift_aware__dirichlet_a1.0__sparse_coordinate_attack__seed48,48,dirichlet_a1.0,sparse_coordinate_attack,c4_drift_aware
13,0.4335654675960541,2.0179877281188965,2.055876624999655,4,1,1,1,False,c4_drift_aware__dirichlet_a1.0__sparse_coordinate_attack__seed48,48,dirichlet_a1.0,sparse_coordinate_attack,c4_drift_aware
14,0.380501389503479,1.9311437606811523,1.9648090310001862,4,1,1,1,False,c4_drift_aware__dirichlet_a1.0__sparse_coordinate_attack__seed48,48,dirichlet_a1.0,sparse_coordinate_attack,c4_drift_aware
15,0.34498608112335205,1.9244002103805542,2.0431488800022635,4,1,1,1,False,c4_drift_aware__dirichlet_a1.0__sparse_coordinate_attack__seed48,48,dirichlet_a1.0,sparse_coordinate_attack,c4_drift_aware
16,0.3431755006313324,1.8009703159332275,2.0935096710018115,4,1,1,1,False,c4_drift_aware__dirichlet_a1.0__sparse_coordinate_attack__seed48,48,dirichlet_a1.0,sparse_coordinate_attack,c4_drift_aware
17,0.3689415156841278,1.819483757019043,2.063715822001541,4,1,1,1,False,c4_drift_aware__dirichlet_a1.0__sparse_coordinate_attack__seed48,48,dirichlet_a1.0,sparse_coordinate_attack,c4_drift_aware
18,0.3650417923927307,1.7178593873977661,1.8115242889980436,4,1,1,1,False,c4_drift_aware__dirichlet_a1.0__sparse_coordinate_attack__seed48,48,dirichlet_a1.0,sparse_coordinate_attack,c4_drift_aware
19,0.36281338334083557,1.7961394786834717,2.095928658000048,4,1,1,1,False,c4_drift_aware__dirichlet_a1.0__sparse_coordinate_attack__seed48,48,dirichlet_a1.0,sparse_coordinate_attack,c4_drift_aware
20,0.3207520842552185,1.6953489780426025,2.027502019998792,3,2,1,1,False,c4_drift_aware__dirichlet_a1.0__sparse_coordinate_attack__seed48,48,dirichlet_a1.0,sparse_coordinate_attack,c4_drift_aware
21,0.43147632479667664,1.7028902769088745,2.011323998998705,4,1,1,1,False,c4_drift_aware__dirichlet_a1.0__sparse_coordinate_attack__seed48,48,dirichlet_a1.0,sparse_coordinate_attack,c4_drift_aware
22,0.3350974917411804,1.6809475421905518,2.060418295001,3,2,1,1,False,c4_drift_aware__dirichlet_a1.0__sparse_coordinate_attack__seed48,48,dirichlet_a1.0,sparse_coordinate_attack,c4_drift_aware
23,0.46880224347114563,1.6016796827316284,2.070035276003182,4,1,1,1,False,c4_drift_aware__dirichlet_a1.0__sparse_coordinate_attack__seed48,48,dirichlet_a1.0,sparse_coordinate_attack,c4_drift_aware
24,0.4213092029094696,1.6581134796142578,2.0334449379988655,4,1,1,1,False,c4_drift_aware__dirichlet_a1.0__sparse_coordinate_attack__seed48,48,dirichlet_a1.0,sparse_coordinate_attack,c4_drift_aware
0,0.03941504284739494,2.2041163444519043,2.0384967809986847,5,0,1,0,False,c4_drift_aware__dirichlet_a1.0__full_sign_flip__seed48,48,dirichlet_a1.0,full_sign_flip,c4_drift_aware
1,0.08245125412940979,2.2048985958099365,2.036020382998686,5,0,1,0,False,c4_drift_aware__dirichlet_a1.0__full_sign_flip__seed48,48,dirichlet_a1.0,full_sign_flip,c4_drift_aware
2,0.08245125412940979,2.2170259952545166,2.038850665998325,5,0,1,0,False,c4_drift_aware__dirichlet_a1.0__full_sign_flip__seed48,48,dirichlet_a1.0,full_sign_flip,c4_drift_aware
3,0.08245125412940979,2.2262420654296875,2.150329078998766,5,0,1,0,False,c4_drift_aware__dirichlet_a1.0__full_sign_flip__seed48,48,dirichlet_a1.0,full_sign_flip,c4_drift_aware
4,0.08259052783250809,2.2274298667907715,2.0900130279987934,5,0,1,0,False,c4_drift_aware__dirichlet_a1.0__full_sign_flip__seed48,48,dirichlet_a1.0,full_sign_flip,c4_drift_aware
5,0.08245125412940979,2.22705078125,2.0147622270014836,5,0,1,0,False,c4_drift_aware__dirichlet_a1.0__full_sign_flip__seed48,48,dirichlet_a1.0,full_sign_flip,c4_drift_aware
6,0.08245125412940979,2.229997158050537,1.9969836970012693,5,0,1,0,False,c4_drift_aware__dirichlet_a1.0__full_sign_flip__seed48,48,dirichlet_a1.0,full_sign_flip,c4_drift_aware
7,0.08245125412940979,2.2169792652130127,2.0028415359993232,5,0,1,0,False,c4_drift_aware__dirichlet_a1.0__full_sign_flip__seed48,48,dirichlet_a1.0,full_sign_flip,c4_drift_aware
8,0.08245125412940979,2.216731309890747,2.0718360030004987,5,0,1,0,False,c4_drift_aware__dirichlet_a1.0__full_sign_flip__seed48,48,dirichlet_a1.0,full_sign_flip,c4_drift_aware
9,0.08245125412940979,2.1984243392944336,2.0499292379972758,5,0,1,0,False,c4_drift_aware__dirichlet_a1.0__full_sign_flip__seed48,48,dirichlet_a1.0,full_sign_flip,c4_drift_aware
10,0.24052925407886505,2.231269598007202,2.006149926000944,5,0,1,1,False,c4_drift_aware__dirichlet_a1.0__full_sign_flip__seed48,48,dirichlet_a1.0,full_sign_flip,c4_drift_aware
11,0.2715877592563629,2.167564868927002,2.0426976080016175,4,1,1,1,False,c4_drift_aware__dirichlet_a1.0__full_sign_flip__seed48,48,dirichlet_a1.0,full_sign_flip,c4_drift_aware
12,0.32562676072120667,2.138577699661255,2.075436262999574,4,1,1,1,False,c4_drift_aware__dirichlet_a1.0__full_sign_flip__seed48,48,dirichlet_a1.0,full_sign_flip,c4_drift_aware
13,0.3692200779914856,2.0783820152282715,2.0661158680013614,4,1,1,1,False,c4_drift_aware__dirichlet_a1.0__full_sign_flip__seed48,48,dirichlet_a1.0,full_sign_flip,c4_drift_aware
14,0.3721448481082916,1.9910262823104858,2.041227853998862,4,1,1,1,False,c4_drift_aware__dirichlet_a1.0__full_sign_flip__seed48,48,dirichlet_a1.0,full_sign_flip,c4_drift_aware
15,0.34484681487083435,1.9845772981643677,2.037697809999372,4,1,1,1,False,c4_drift_aware__dirichlet_a1.0__full_sign_flip__seed48,48,dirichlet_a1.0,full_sign_flip,c4_drift_aware
16,0.37130919098854065,1.834743857383728,2.0349036869993142,4,1,1,1,False,c4_drift_aware__dirichlet_a1.0__full_sign_flip__seed48,48,dirichlet_a1.0,full_sign_flip,c4_drift_aware
17,0.33774372935295105,1.783552646636963,2.0603787319996627,4,1,1,1,False,c4_drift_aware__dirichlet_a1.0__full_sign_flip__seed48,48,dirichlet_a1.0,full_sign_flip,c4_drift_aware
18,0.32200556993484497,1.8627322912216187,2.0579063199984375,4,1,1,1,False,c4_drift_aware__dirichlet_a1.0__full_sign_flip__seed48,48,dirichlet_a1.0,full_sign_flip,c4_drift_aware
19,0.4069637954235077,1.699734091758728,2.0919784430006985,4,1,1,1,False,c4_drift_aware__dirichlet_a1.0__full_sign_flip__seed48,48,dirichlet_a1.0,full_sign_flip,c4_drift_aware
20,0.40027856826782227,1.7200137376785278,2.0543200630017964,4,1,1,1,False,c4_drift_aware__dirichlet_a1.0__full_sign_flip__seed48,48,dirichlet_a1.0,full_sign_flip,c4_drift_aware
21,0.33370473980903625,1.687718391418457,2.0378111409991106,3,2,1,1,False,c4_drift_aware__dirichlet_a1.0__full_sign_flip__seed48,48,dirichlet_a1.0,full_sign_flip,c4_drift_aware
22,0.36281338334083557,1.7069907188415527,2.068372908997844,4,1,1,1,False,c4_drift_aware__dirichlet_a1.0__full_sign_flip__seed48,48,dirichlet_a1.0,full_sign_flip,c4_drift_aware
23,0.40529248118400574,1.6231385469436646,2.0594339899980696,4,1,1,1,False,c4_drift_aware__dirichlet_a1.0__full_sign_flip__seed48,48,dirichlet_a1.0,full_sign_flip,c4_drift_aware
24,0.36364904046058655,1.6183216571807861,1.9984696270003042,3,2,1,1,False,c4_drift_aware__dirichlet_a1.0__full_sign_flip__seed48,48,dirichlet_a1.0,full_sign_flip,c4_drift_aware
0,0.03941504284739494,2.2041172981262207,2.06517474499924,5,0,1,0,False,c4_drift_aware__dirichlet_a1.0__low_norm__seed48,48,dirichlet_a1.0,low_norm,c4_drift_aware
1,0.08245125412940979,2.2048819065093994,2.0926910739981395,5,0,1,0,False,c4_drift_aware__dirichlet_a1.0__low_norm__seed48,48,dirichlet_a1.0,low_norm,c4_drift_aware
2,0.08245125412940979,2.216975212097168,2.16304870300155,5,0,1,0,False,c4_drift_aware__dirichlet_a1.0__low_norm__seed48,48,dirichlet_a1.0,low_norm,c4_drift_aware
3,0.08245125412940979,2.2266042232513428,2.0791073569998844,5,0,1,0,False,c4_drift_aware__dirichlet_a1.0__low_norm__seed48,48,dirichlet_a1.0,low_norm,c4_drift_aware
4,0.08259052783250809,2.227522373199463,2.0616566720018454,5,0,1,0,False,c4_drift_aware__dirichlet_a1.0__low_norm__seed48,48,dirichlet_a1.0,low_norm,c4_drift_aware
5,0.08245125412940979,2.227775812149048,2.034714334000455,5,0,1,0,False,c4_drift_aware__dirichlet_a1.0__low_norm__seed48,48,dirichlet_a1.0,low_norm,c4_drift_aware
6,0.08245125412940979,2.2298576831817627,2.0299765069976274,5,0,1,0,False,c4_drift_aware__dirichlet_a1.0__low_norm__seed48,48,dirichlet_a1.0,low_norm,c4_drift_aware
7,0.08245125412940979,2.2169885635375977,2.052156912999635,5,0,1,0,False,c4_drift_aware__dirichlet_a1.0__low_norm__seed48,48,dirichlet_a1.0,low_norm,c4_drift_aware
8,0.08245125412940979,2.2165002822875977,2.0359500869999465,5,0,1,0,False,c4_drift_aware__dirichlet_a1.0__low_norm__seed48,48,dirichlet_a1.0,low_norm,c4_drift_aware
9,0.08245125412940979,2.1981592178344727,2.009426448003069,5,0,1,0,False,c4_drift_aware__dirichlet_a1.0__low_norm__seed48,48,dirichlet_a1.0,low_norm,c4_drift_aware
10,0.2392757683992386,2.189894437789917,1.8806796479984769,5,0,1,1,False,c4_drift_aware__dirichlet_a1.0__low_norm__seed48,48,dirichlet_a1.0,low_norm,c4_drift_aware
11,0.26323121786117554,2.1674211025238037,2.01068415500049,5,0,1,1,False,c4_drift_aware__dirichlet_a1.0__low_norm__seed48,48,dirichlet_a1.0,low_norm,c4_drift_aware
12,0.3018105924129486,2.1446893215179443,2.0371733279971522,5,0,1,1,False,c4_drift_aware__dirichlet_a1.0__low_norm__seed48,48,dirichlet_a1.0,low_norm,c4_drift_aware
13,0.35334262251853943,2.099733352661133,2.0812293119997776,5,0,1,1,False,c4_drift_aware__dirichlet_a1.0__low_norm__seed48,48,dirichlet_a1.0,low_norm,c4_drift_aware
14,0.3880223035812378,2.032048225402832,2.074220262999006,5,0,1,1,False,c4_drift_aware__dirichlet_a1.0__low_norm__seed48,48,dirichlet_a1.0,low_norm,c4_drift_aware
15,0.34526464343070984,2.0276525020599365,2.0350366159982514,5,0,1,1,False,c4_drift_aware__dirichlet_a1.0__low_norm__seed48,48,dirichlet_a1.0,low_norm,c4_drift_aware
16,0.3850975036621094,1.9156348705291748,2.1059497200003534,5,0,1,1,False,c4_drift_aware__dirichlet_a1.0__low_norm__seed48,48,dirichlet_a1.0,low_norm,c4_drift_aware
17,0.3467966616153717,1.8481553792953491,1.8390245360023982,5,0,1,1,False,c4_drift_aware__dirichlet_a1.0__low_norm__seed48,48,dirichlet_a1.0,low_norm,c4_drift_aware
18,0.33022284507751465,1.8908785581588745,2.0421879290006473,5,0,1,1,False,c4_drift_aware__dirichlet_a1.0__low_norm__seed48,48,dirichlet_a1.0,low_norm,c4_drift_aware
19,0.370334267616272,1.7631192207336426,2.06594900699929,5,0,1,1,False,c4_drift_aware__dirichlet_a1.0__low_norm__seed48,48,dirichlet_a1.0,low_norm,c4_drift_aware
20,0.38272982835769653,1.774943470954895,2.058059189002961,5,0,1,1,False,c4_drift_aware__dirichlet_a1.0__low_norm__seed48,48,dirichlet_a1.0,low_norm,c4_drift_aware
21,0.40445682406425476,1.7163197994232178,2.067266775000462,5,0,1,1,False,c4_drift_aware__dirichlet_a1.0__low_norm__seed48,48,dirichlet_a1.0,low_norm,c4_drift_aware
22,0.4176880419254303,1.7446590662002563,2.0689953770015563,5,0,1,1,False,c4_drift_aware__dirichlet_a1.0__low_norm__seed48,48,dirichlet_a1.0,low_norm,c4_drift_aware
23,0.37883010506629944,1.667365550994873,2.1199709079992317,5,0,1,1,False,c4_drift_aware__dirichlet_a1.0__low_norm__seed48,48,dirichlet_a1.0,low_norm,c4_drift_aware
24,0.35654598474502563,1.6524540185928345,2.0742047970015847,4,1,1,1,False,c4_drift_aware__dirichlet_a1.0__low_norm__seed48,48,dirichlet_a1.0,low_norm,c4_drift_aware
0,0.16852368414402008,2.177327871322632,2.0816473430022597,5,0,1,0,False,c4_drift_aware__dirichlet_a1.0__no_attack__seed49,49,dirichlet_a1.0,no_attack,c4_drift_aware
1,0.23621170222759247,2.169891357421875,2.0754002860012406,5,0,1,0,False,c4_drift_aware__dirichlet_a1.0__no_attack__seed49,49,dirichlet_a1.0,no_attack,c4_drift_aware
2,0.1867688000202179,2.1730988025665283,2.081481369001267,5,0,1,0,False,c4_drift_aware__dirichlet_a1.0__no_attack__seed49,49,dirichlet_a1.0,no_attack,c4_drift_aware
3,0.1896935999393463,2.180743455886841,2.0601766889994906,5,0,1,0,False,c4_drift_aware__dirichlet_a1.0__no_attack__seed49,49,dirichlet_a1.0,no_attack,c4_drift_aware
4,0.19610027968883514,2.1727302074432373,2.1071123750007246,5,0,1,0,False,c4_drift_aware__dirichlet_a1.0__no_attack__seed49,49,dirichlet_a1.0,no_attack,c4_drift_aware
5,0.25919219851493835,2.1681580543518066,2.144277952000266,5,0,1,0,False,c4_drift_aware__dirichlet_a1.0__no_attack__seed49,49,dirichlet_a1.0,no_attack,c4_drift_aware
6,0.1866295337677002,2.1587376594543457,2.0738401769995107,5,0,1,0,False,c4_drift_aware__dirichlet_a1.0__no_attack__seed49,49,dirichlet_a1.0,no_attack,c4_drift_aware
7,0.1867688000202179,2.1645851135253906,2.109293533998425,5,0,1,0,False,c4_drift_aware__dirichlet_a1.0__no_attack__seed49,49,dirichlet_a1.0,no_attack,c4_drift_aware
8,0.21880222856998444,2.1675539016723633,2.099559752001369,5,0,1,0,False,c4_drift_aware__dirichlet_a1.0__no_attack__seed49,49,dirichlet_a1.0,no_attack,c4_drift_aware
9,0.2012534886598587,2.1562533378601074,2.0864548019999347,5,0,1,0,False,c4_drift_aware__dirichlet_a1.0__no_attack__seed49,49,dirichlet_a1.0,no_attack,c4_drift_aware
10,0.263649046421051,2.158994197845459,2.1497696279984666,5,0,1,1,False,c4_drift_aware__dirichlet_a1.0__no_attack__seed49,49,dirichlet_a1.0,no_attack,c4_drift_aware
11,0.2681058645248413,2.135068655014038,1.9047646399994846,5,0,1,1,False,c4_drift_aware__dirichlet_a1.0__no_attack__seed49,49,dirichlet_a1.0,no_attack,c4_drift_aware
12,0.24178273975849152,2.1052780151367188,2.0524580880010035,5,0,1,1,False,c4_drift_aware__dirichlet_a1.0__no_attack__seed49,49,dirichlet_a1.0,no_attack,c4_drift_aware
13,0.2607242465019226,2.0878376960754395,2.0041554939998605,5,0,1,1,False,c4_drift_aware__dirichlet_a1.0__no_attack__seed49,49,dirichlet_a1.0,no_attack,c4_drift_aware
14,0.2685236930847168,2.0328872203826904,2.050257161998161,5,0,1,1,False,c4_drift_aware__dirichlet_a1.0__no_attack__seed49,49,dirichlet_a1.0,no_attack,c4_drift_aware
15,0.2649025022983551,1.96665620803833,2.09805309299918,5,0,1,1,False,c4_drift_aware__dirichlet_a1.0__no_attack__seed49,49,dirichlet_a1.0,no_attack,c4_drift_aware
16,0.2683843970298767,1.918802261352539,2.0645838790005655,5,0,1,1,False,c4_drift_aware__dirichlet_a1.0__no_attack__seed49,49,dirichlet_a1.0,no_attack,c4_drift_aware
17,0.2713091969490051,1.8303874731063843,2.069178549998469,5,0,1,1,False,c4_drift_aware__dirichlet_a1.0__no_attack__seed49,49,dirichlet_a1.0,no_attack,c4_drift_aware
18,0.27395543456077576,1.7440288066864014,1.79224030000114,5,0,1,1,False,c4_drift_aware__dirichlet_a1.0__no_attack__seed49,49,dirichlet_a1.0,no_attack,c4_drift_aware
19,0.29303622245788574,1.754847764968872,2.0343564819995663,5,0,1,1,False,c4_drift_aware__dirichlet_a1.0__no_attack__seed49,49,dirichlet_a1.0,no_attack,c4_drift_aware
20,0.30334264039993286,1.7017942667007446,2.0240771770004358,5,0,1,1,False,c4_drift_aware__dirichlet_a1.0__no_attack__seed49,49,dirichlet_a1.0,no_attack,c4_drift_aware
21,0.3030640780925751,1.6720306873321533,2.0443706049991306,5,0,1,1,False,c4_drift_aware__dirichlet_a1.0__no_attack__seed49,49,dirichlet_a1.0,no_attack,c4_drift_aware
22,0.3104456961154938,1.6575381755828857,2.0613113090003026,5,0,1,1,False,c4_drift_aware__dirichlet_a1.0__no_attack__seed49,49,dirichlet_a1.0,no_attack,c4_drift_aware
23,0.3097493052482605,1.6444408893585205,2.1028315990006377,5,0,1,1,False,c4_drift_aware__dirichlet_a1.0__no_attack__seed49,49,dirichlet_a1.0,no_attack,c4_drift_aware
24,0.35222843289375305,1.6212702989578247,2.106000421998033,4,1,1,1,False,c4_drift_aware__dirichlet_a1.0__no_attack__seed49,49,dirichlet_a1.0,no_attack,c4_drift_aware
0,0.16852368414402008,2.177325487136841,2.0065722559993446,5,0,1,0,False,c4_drift_aware__dirichlet_a1.0__large_norm__seed49,49,dirichlet_a1.0,large_norm,c4_drift_aware
1,0.23774373531341553,2.169895648956299,2.0820830870034115,5,0,1,0,False,c4_drift_aware__dirichlet_a1.0__large_norm__seed49,49,dirichlet_a1.0,large_norm,c4_drift_aware
2,0.1869080811738968,2.173293113708496,2.074982304002333,5,0,1,0,False,c4_drift_aware__dirichlet_a1.0__large_norm__seed49,49,dirichlet_a1.0,large_norm,c4_drift_aware
3,0.18927577137947083,2.180999279022217,2.1163504400028614,5,0,1,0,False,c4_drift_aware__dirichlet_a1.0__large_norm__seed49,49,dirichlet_a1.0,large_norm,c4_drift_aware
4,0.19707521796226501,2.1727542877197266,2.079653770000732,5,0,1,0,False,c4_drift_aware__dirichlet_a1.0__large_norm__seed49,49,dirichlet_a1.0,large_norm,c4_drift_aware
5,0.2583565413951874,2.16839337348938,2.091866872000537,5,0,1,0,False,c4_drift_aware__dirichlet_a1.0__large_norm__seed49,49,dirichlet_a1.0,large_norm,c4_drift_aware
6,0.1867688000202179,2.1587882041931152,2.0906460659971344,5,0,1,0,False,c4_drift_aware__dirichlet_a1.0__large_norm__seed49,49,dirichlet_a1.0,large_norm,c4_drift_aware
7,0.1867688000202179,2.164490222930908,2.0765242269990267,5,0,1,0,False,c4_drift_aware__dirichlet_a1.0__large_norm__seed49,49,dirichlet_a1.0,large_norm,c4_drift_aware
8,0.22298051416873932,2.167759895324707,2.0912609490005707,5,0,1,0,False,c4_drift_aware__dirichlet_a1.0__large_norm__seed49,49,dirichlet_a1.0,large_norm,c4_drift_aware
9,0.2012534886598587,2.156425952911377,2.07217762000073,5,0,1,0,False,c4_drift_aware__dirichlet_a1.0__large_norm__seed49,49,dirichlet_a1.0,large_norm,c4_drift_aware
10,0.18802228569984436,2.1879985332489014,2.048321845999453,1,4,1,1,False,c4_drift_aware__dirichlet_a1.0__large_norm__seed49,49,dirichlet_a1.0,large_norm,c4_drift_aware
11,0.1717270165681839,2.1378321647644043,2.1146800730020914,1,4,1,1,False,c4_drift_aware__dirichlet_a1.0__large_norm__seed49,49,dirichlet_a1.0,large_norm,c4_drift_aware
12,0.204874649643898,2.1230547428131104,2.0724376429971016,1,4,1,1,False,c4_drift_aware__dirichlet_a1.0__large_norm__seed49,49,dirichlet_a1.0,large_norm,c4_drift_aware
13,0.2093314826488495,2.051851987838745,2.069334493000497,1,4,1,1,False,c4_drift_aware__dirichlet_a1.0__large_norm__seed49,49,dirichlet_a1.0,large_norm,c4_drift_aware
14,0.3090529441833496,2.014753580093384,2.0957660829990346,2,3,1,1,False,c4_drift_aware__dirichlet_a1.0__large_norm__seed49,49,dirichlet_a1.0,large_norm,c4_drift_aware
15,0.2465181052684784,1.9517178535461426,2.03971005099811,1,4,1,1,False,c4_drift_aware__dirichlet_a1.0__large_norm__seed49,49,dirichlet_a1.0,large_norm,c4_drift_aware
16,0.31587743759155273,1.8274376392364502,2.0133836780005367,2,3,1,1,False,c4_drift_aware__dirichlet_a1.0__large_norm__seed49,49,dirichlet_a1.0,large_norm,c4_drift_aware
17,0.3463788330554962,1.7120612859725952,2.0509667670012277,2,3,1,1,False,c4_drift_aware__dirichlet_a1.0__large_norm__seed49,49,dirichlet_a1.0,large_norm,c4_drift_aware
18,0.27799442410469055,1.7817996740341187,2.0820185970005696,3,2,1,1,False,c4_drift_aware__dirichlet_a1.0__large_norm__seed49,49,dirichlet_a1.0,large_norm,c4_drift_aware
19,0.3511142134666443,1.663901448249817,2.0408053250030207,3,2,1,1,False,c4_drift_aware__dirichlet_a1.0__large_norm__seed49,49,dirichlet_a1.0,large_norm,c4_drift_aware
20,0.3501392900943756,1.775301218032837,2.061784493002051,2,3,1,1,False,c4_drift_aware__dirichlet_a1.0__large_norm__seed49,49,dirichlet_a1.0,large_norm,c4_drift_aware
21,0.3764623999595642,1.6266666650772095,2.136486067000078,4,1,1,1,False,c4_drift_aware__dirichlet_a1.0__large_norm__seed49,49,dirichlet_a1.0,large_norm,c4_drift_aware
22,0.3650417923927307,1.6189806461334229,2.0466259620006895,4,1,1,1,False,c4_drift_aware__dirichlet_a1.0__large_norm__seed49,49,dirichlet_a1.0,large_norm,c4_drift_aware
23,0.3910863697528839,1.6060642004013062,2.1204751309996936,4,1,1,1,False,c4_drift_aware__dirichlet_a1.0__large_norm__seed49,49,dirichlet_a1.0,large_norm,c4_drift_aware
24,0.3724234104156494,1.59091317653656,2.0757633709981747,3,2,1,1,False,c4_drift_aware__dirichlet_a1.0__large_norm__seed49,49,dirichlet_a1.0,large_norm,c4_drift_aware
0,0.16852368414402008,2.177327871322632,1.8542537710018223,5,0,1,0,False,c4_drift_aware__dirichlet_a1.0__directional_poisoning__seed49,49,dirichlet_a1.0,directional_poisoning,c4_drift_aware
1,0.23635098338127136,2.169886589050293,2.03119676300048,5,0,1,0,False,c4_drift_aware__dirichlet_a1.0__directional_poisoning__seed49,49,dirichlet_a1.0,directional_poisoning,c4_drift_aware
2,0.1869080811738968,2.173006534576416,2.021231324000837,5,0,1,0,False,c4_drift_aware__dirichlet_a1.0__directional_poisoning__seed49,49,dirichlet_a1.0,directional_poisoning,c4_drift_aware
3,0.1896935999393463,2.1806981563568115,2.02885541300202,5,0,1,0,False,c4_drift_aware__dirichlet_a1.0__directional_poisoning__seed49,49,dirichlet_a1.0,directional_poisoning,c4_drift_aware
4,0.19721448421478271,2.172764301300049,2.0499352240003645,5,0,1,0,False,c4_drift_aware__dirichlet_a1.0__directional_poisoning__seed49,49,dirichlet_a1.0,directional_poisoning,c4_drift_aware
5,0.25849583745002747,2.1684577465057373,2.081923263001954,5,0,1,0,False,c4_drift_aware__dirichlet_a1.0__directional_poisoning__seed49,49,dirichlet_a1.0,directional_poisoning,c4_drift_aware
6,0.1867688000202179,2.1587753295898438,2.1562291189984535,5,0,1,0,False,c4_drift_aware__dirichlet_a1.0__directional_poisoning__seed49,49,dirichlet_a1.0,directional_poisoning,c4_drift_aware
7,0.1867688000202179,2.1644718647003174,2.062621665001643,5,0,1,0,False,c4_drift_aware__dirichlet_a1.0__directional_poisoning__seed49,49,dirichlet_a1.0,directional_poisoning,c4_drift_aware
8,0.22130919992923737,2.1678128242492676,2.0508846859993355,5,0,1,0,False,c4_drift_aware__dirichlet_a1.0__directional_poisoning__seed49,49,dirichlet_a1.0,directional_poisoning,c4_drift_aware
9,0.20055711269378662,2.156343936920166,2.0447526530006144,5,0,1,0,False,c4_drift_aware__dirichlet_a1.0__directional_poisoning__seed49,49,dirichlet_a1.0,directional_poisoning,c4_drift_aware
10,0.08245125412940979,2.176017999649048,2.085207979002007,5,0,1,1,False,c4_drift_aware__dirichlet_a1.0__directional_poisoning__seed49,49,dirichlet_a1.0,directional_poisoning,c4_drift_aware
11,0.16253481805324554,2.1446781158447266,2.028179952001665,4,1,1,1,False,c4_drift_aware__dirichlet_a1.0__directional_poisoning__seed49,49,dirichlet_a1.0,directional_poisoning,c4_drift_aware
12,0.2681058645248413,2.103152275085449,2.0476068620009755,4,1,1,1,False,c4_drift_aware__dirichlet_a1.0__directional_poisoning__seed49,49,dirichlet_a1.0,directional_poisoning,c4_drift_aware
13,0.2681058645248413,2.0916645526885986,2.0120039860012184,4,1,1,1,False,c4_drift_aware__dirichlet_a1.0__directional_poisoning__seed49,49,dirichlet_a1.0,directional_poisoning,c4_drift_aware
14,0.2683843970298767,2.054901361465454,1.8458625720013515,4,1,1,1,False,c4_drift_aware__dirichlet_a1.0__directional_poisoning__seed49,49,dirichlet_a1.0,directional_poisoning,c4_drift_aware
15,0.2679665684700012,1.9804667234420776,2.056069583999488,4,1,1,1,False,c4_drift_aware__dirichlet_a1.0__directional_poisoning__seed49,49,dirichlet_a1.0,directional_poisoning,c4_drift_aware
16,0.26727020740509033,1.943021297454834,2.0442110909971234,4,1,1,1,False,c4_drift_aware__dirichlet_a1.0__directional_poisoning__seed49,49,dirichlet_a1.0,directional_poisoning,c4_drift_aware
17,0.2916434705257416,1.8329172134399414,2.036226288997568,4,1,1,1,False,c4_drift_aware__dirichlet_a1.0__directional_poisoning__seed49,49,dirichlet_a1.0,directional_poisoning,c4_drift_aware
18,0.3050139248371124,1.75887131690979,2.0670482499990612,4,1,1,1,False,c4_drift_aware__dirichlet_a1.0__directional_poisoning__seed49,49,dirichlet_a1.0,directional_poisoning,c4_drift_aware
19,0.32325905561447144,1.745669960975647,2.0368550359999062,4,1,1,1,False,c4_drift_aware__dirichlet_a1.0__directional_poisoning__seed49,49,dirichlet_a1.0,directional_poisoning,c4_drift_aware
20,0.3665738105773926,1.6835594177246094,2.0553417920018546,4,1,1,1,False,c4_drift_aware__dirichlet_a1.0__directional_poisoning__seed49,49,dirichlet_a1.0,directional_poisoning,c4_drift_aware
21,0.32688021659851074,1.6801828145980835,2.0905534689991327,4,1,1,1,False,c4_drift_aware__dirichlet_a1.0__directional_poisoning__seed49,49,dirichlet_a1.0,directional_poisoning,c4_drift_aware
22,0.3472144901752472,1.6513525247573853,2.0755533689989534,4,1,1,1,False,c4_drift_aware__dirichlet_a1.0__directional_poisoning__seed49,49,dirichlet_a1.0,directional_poisoning,c4_drift_aware
23,0.3437325954437256,1.641181468963623,2.049301958999422,4,1,1,1,False,c4_drift_aware__dirichlet_a1.0__directional_poisoning__seed49,49,dirichlet_a1.0,directional_poisoning,c4_drift_aware
24,0.36086350679397583,1.6299388408660889,2.0363109939971764,4,1,1,1,False,c4_drift_aware__dirichlet_a1.0__directional_poisoning__seed49,49,dirichlet_a1.0,directional_poisoning,c4_drift_aware
0,0.16852368414402008,2.1773247718811035,2.059832273000211,5,0,1,0,False,c4_drift_aware__dirichlet_a1.0__sparse_coordinate_attack__seed49,49,dirichlet_a1.0,sparse_coordinate_attack,c4_drift_aware
1,0.23997214436531067,2.1698951721191406,1.8821344650023093,5,0,1,0,False,c4_drift_aware__dirichlet_a1.0__sparse_coordinate_attack__seed49,49,dirichlet_a1.0,sparse_coordinate_attack,c4_drift_aware
2,0.1869080811738968,2.172987937927246,2.087615880998783,5,0,1,0,False,c4_drift_aware__dirichlet_a1.0__sparse_coordinate_attack__seed49,49,dirichlet_a1.0,sparse_coordinate_attack,c4_drift_aware
3,0.18913649022579193,2.180945634841919,2.0255476659986016,5,0,1,0,False,c4_drift_aware__dirichlet_a1.0__sparse_coordinate_attack__seed49,49,dirichlet_a1.0,sparse_coordinate_attack,c4_drift_aware
4,0.19679665565490723,2.172745943069458,2.013134049000655,5,0,1,0,False,c4_drift_aware__dirichlet_a1.0__sparse_coordinate_attack__seed49,49,dirichlet_a1.0,sparse_coordinate_attack,c4_drift_aware
5,0.25863510370254517,2.1682896614074707,2.012751301001117,5,0,1,0,False,c4_drift_aware__dirichlet_a1.0__sparse_coordinate_attack__seed49,49,dirichlet_a1.0,sparse_coordinate_attack,c4_drift_aware
6,0.1866295337677002,2.1586647033691406,2.130354846998671,5,0,1,0,False,c4_drift_aware__dirichlet_a1.0__sparse_coordinate_attack__seed49,49,dirichlet_a1.0,sparse_coordinate_attack,c4_drift_aware
7,0.1867688000202179,2.1644864082336426,2.059329001000151,5,0,1,0,False,c4_drift_aware__dirichlet_a1.0__sparse_coordinate_attack__seed49,49,dirichlet_a1.0,sparse_coordinate_attack,c4_drift_aware
8,0.22172702848911285,2.1676857471466064,2.068425561003096,5,0,1,0,False,c4_drift_aware__dirichlet_a1.0__sparse_coordinate_attack__seed49,49,dirichlet_a1.0,sparse_coordinate_attack,c4_drift_aware
9,0.20055711269378662,2.1563658714294434,2.1019786530014244,5,0,1,0,False,c4_drift_aware__dirichlet_a1.0__sparse_coordinate_attack__seed49,49,dirichlet_a1.0,sparse_coordinate_attack,c4_drift_aware
10,0.2676880359649658,2.144745349884033,2.045191363999038,4,1,1,1,False,c4_drift_aware__dirichlet_a1.0__sparse_coordinate_attack__seed49,49,dirichlet_a1.0,sparse_coordinate_attack,c4_drift_aware
11,0.261002779006958,2.1305994987487793,2.0639916389991413,4,1,1,1,False,c4_drift_aware__dirichlet_a1.0__sparse_coordinate_attack__seed49,49,dirichlet_a1.0,sparse_coordinate_attack,c4_drift_aware
12,0.2683843970298767,2.1167564392089844,2.0745440230020904,4,1,1,1,False,c4_drift_aware__dirichlet_a1.0__sparse_coordinate_attack__seed49,49,dirichlet_a1.0,sparse_coordinate_attack,c4_drift_aware
13,0.2683843970298767,2.0881850719451904,2.10218091200295,4,1,1,1,False,c4_drift_aware__dirichlet_a1.0__sparse_coordinate_attack__seed49,49,dirichlet_a1.0,sparse_coordinate_attack,c4_drift_aware
14,0.268245130777359,2.015406370162964,2.0474417170007655,4,1,1,1,False,c4_drift_aware__dirichlet_a1.0__sparse_coordinate_attack__seed49,49,dirichlet_a1.0,sparse_coordinate_attack,c4_drift_aware
15,0.2688022255897522,1.9656363725662231,2.0634016709991556,4,1,1,1,False,c4_drift_aware__dirichlet_a1.0__sparse_coordinate_attack__seed49,49,dirichlet_a1.0,sparse_coordinate_attack,c4_drift_aware
16,0.297493040561676,1.862977147102356,2.097776121998322,4,1,1,1,False,c4_drift_aware__dirichlet_a1.0__sparse_coordinate_attack__seed49,49,dirichlet_a1.0,sparse_coordinate_attack,c4_drift_aware
17,0.2863509953022003,1.8033779859542847,2.0664298530027736,4,1,1,1,False,c4_drift_aware__dirichlet_a1.0__sparse_coordinate_attack__seed49,49,dirichlet_a1.0,sparse_coordinate_attack,c4_drift_aware
18,0.2803621292114258,1.795107364654541,2.097615250997478,4,1,1,1,False,c4_drift_aware__dirichlet_a1.0__sparse_coordinate_attack__seed49,49,dirichlet_a1.0,sparse_coordinate_attack,c4_drift_aware
19,0.3208913803100586,1.739278793334961,2.1004720569981146,4,1,1,1,False,c4_drift_aware__dirichlet_a1.0__sparse_coordinate_attack__seed49,49,dirichlet_a1.0,sparse_coordinate_attack,c4_drift_aware
20,0.31504178047180176,1.6987353563308716,2.118732499999169,4,1,1,1,False,c4_drift_aware__dirichlet_a1.0__sparse_coordinate_attack__seed49,49,dirichlet_a1.0,sparse_coordinate_attack,c4_drift_aware
21,0.2866295278072357,1.764241337776184,2.0737614079989726,4,1,1,1,False,c4_drift_aware__dirichlet_a1.0__sparse_coordinate_attack__seed49,49,dirichlet_a1.0,sparse_coordinate_attack,c4_drift_aware
22,0.2947075366973877,1.7482980489730835,2.1697096930001862,4,1,1,1,False,c4_drift_aware__dirichlet_a1.0__sparse_coordinate_attack__seed49,49,dirichlet_a1.0,sparse_coordinate_attack,c4_drift_aware
23,0.3422005772590637,1.6388417482376099,2.0692242449986225,4,1,1,1,False,c4_drift_aware__dirichlet_a1.0__sparse_coordinate_attack__seed49,49,dirichlet_a1.0,sparse_coordinate_attack,c4_drift_aware
24,0.35236769914627075,1.6373227834701538,2.0599364310000965,4,1,1,1,False,c4_drift_aware__dirichlet_a1.0__sparse_coordinate_attack__seed49,49,dirichlet_a1.0,sparse_coordinate_attack,c4_drift_aware
0,0.16852368414402008,2.1773276329040527,2.105045374002657,5,0,1,0,False,c4_drift_aware__dirichlet_a1.0__full_sign_flip__seed49,49,dirichlet_a1.0,full_sign_flip,c4_drift_aware
1,0.23676881194114685,2.169919967651367,2.1001843699996243,5,0,1,0,False,c4_drift_aware__dirichlet_a1.0__full_sign_flip__seed49,49,dirichlet_a1.0,full_sign_flip,c4_drift_aware
2,0.1869080811738968,2.173177480697632,2.047139016998699,5,0,1,0,False,c4_drift_aware__dirichlet_a1.0__full_sign_flip__seed49,49,dirichlet_a1.0,full_sign_flip,c4_drift_aware
3,0.18941505253314972,2.1810078620910645,2.029989242000738,5,0,1,0,False,c4_drift_aware__dirichlet_a1.0__full_sign_flip__seed49,49,dirichlet_a1.0,full_sign_flip,c4_drift_aware
4,0.19498607516288757,2.1725716590881348,2.1121977449984115,5,0,1,0,False,c4_drift_aware__dirichlet_a1.0__full_sign_flip__seed49,49,dirichlet_a1.0,full_sign_flip,c4_drift_aware
5,0.25863510370254517,2.1684083938598633,2.1893625510019774,5,0,1,0,False,c4_drift_aware__dirichlet_a1.0__full_sign_flip__seed49,49,dirichlet_a1.0,full_sign_flip,c4_drift_aware
6,0.1867688000202179,2.1587748527526855,2.083285878001334,5,0,1,0,False,c4_drift_aware__dirichlet_a1.0__full_sign_flip__seed49,49,dirichlet_a1.0,full_sign_flip,c4_drift_aware
7,0.1867688000202179,2.1644787788391113,2.107602290001523,5,0,1,0,False,c4_drift_aware__dirichlet_a1.0__full_sign_flip__seed49,49,dirichlet_a1.0,full_sign_flip,c4_drift_aware
8,0.2204735428094864,2.167574882507324,1.7572443280005245,5,0,1,0,False,c4_drift_aware__dirichlet_a1.0__full_sign_flip__seed49,49,dirichlet_a1.0,full_sign_flip,c4_drift_aware
9,0.20055711269378662,2.1563527584075928,1.92489980100072,5,0,1,0,False,c4_drift_aware__dirichlet_a1.0__full_sign_flip__seed49,49,dirichlet_a1.0,full_sign_flip,c4_drift_aware
10,0.08245125412940979,2.1762747764587402,2.031823189001443,5,0,1,1,False,c4_drift_aware__dirichlet_a1.0__full_sign_flip__seed49,49,dirichlet_a1.0,full_sign_flip,c4_drift_aware
11,0.1526462435722351,2.1453301906585693,2.030331361998833,4,1,1,1,False,c4_drift_aware__dirichlet_a1.0__full_sign_flip__seed49,49,dirichlet_a1.0,full_sign_flip,c4_drift_aware
12,0.2681058645248413,2.1033074855804443,1.7959787680010777,4,1,1,1,False,c4_drift_aware__dirichlet_a1.0__full_sign_flip__seed49,49,dirichlet_a1.0,full_sign_flip,c4_drift_aware
13,0.2681058645248413,2.0917346477508545,1.9985732070017548,4,1,1,1,False,c4_drift_aware__dirichlet_a1.0__full_sign_flip__seed49,49,dirichlet_a1.0,full_sign_flip,c4_drift_aware
14,0.2686629593372345,2.054959535598755,2.0108237829990685,4,1,1,1,False,c4_drift_aware__dirichlet_a1.0__full_sign_flip__seed49,49,dirichlet_a1.0,full_sign_flip,c4_drift_aware
15,0.2679665684700012,1.9809824228286743,2.0219406180003716,4,1,1,1,False,c4_drift_aware__dirichlet_a1.0__full_sign_flip__seed49,49,dirichlet_a1.0,full_sign_flip,c4_drift_aware
16,0.26727020740509033,1.9432481527328491,2.0446912180013896,4,1,1,1,False,c4_drift_aware__dirichlet_a1.0__full_sign_flip__seed49,49,dirichlet_a1.0,full_sign_flip,c4_drift_aware
17,0.2913649082183838,1.8332586288452148,1.99306953300038,4,1,1,1,False,c4_drift_aware__dirichlet_a1.0__full_sign_flip__seed49,49,dirichlet_a1.0,full_sign_flip,c4_drift_aware
18,0.3048746585845947,1.7591094970703125,2.11920223999914,4,1,1,1,False,c4_drift_aware__dirichlet_a1.0__full_sign_flip__seed49,49,dirichlet_a1.0,full_sign_flip,c4_drift_aware
19,0.32270196080207825,1.7466293573379517,2.0682098629986285,4,1,1,1,False,c4_drift_aware__dirichlet_a1.0__full_sign_flip__seed49,49,dirichlet_a1.0,full_sign_flip,c4_drift_aware
20,0.36434540152549744,1.6838284730911255,2.0664886180020403,4,1,1,1,False,c4_drift_aware__dirichlet_a1.0__full_sign_flip__seed49,49,dirichlet_a1.0,full_sign_flip,c4_drift_aware
21,0.32604458928108215,1.6809450387954712,1.9036538250002195,4,1,1,1,False,c4_drift_aware__dirichlet_a1.0__full_sign_flip__seed49,49,dirichlet_a1.0,full_sign_flip,c4_drift_aware
22,0.3499999940395355,1.6504502296447754,2.082059095999284,4,1,1,1,False,c4_drift_aware__dirichlet_a1.0__full_sign_flip__seed49,49,dirichlet_a1.0,full_sign_flip,c4_drift_aware
23,0.3438718616962433,1.6410077810287476,2.0506171749984787,4,1,1,1,False,c4_drift_aware__dirichlet_a1.0__full_sign_flip__seed49,49,dirichlet_a1.0,full_sign_flip,c4_drift_aware
24,0.3621169924736023,1.6296029090881348,2.069222998998157,4,1,1,1,False,c4_drift_aware__dirichlet_a1.0__full_sign_flip__seed49,49,dirichlet_a1.0,full_sign_flip,c4_drift_aware
0,0.16852368414402008,2.1773288249969482,2.114129689998663,5,0,1,0,False,c4_drift_aware__dirichlet_a1.0__low_norm__seed49,49,dirichlet_a1.0,low_norm,c4_drift_aware
1,0.2352367788553238,2.1698086261749268,2.0688503480014333,5,0,1,0,False,c4_drift_aware__dirichlet_a1.0__low_norm__seed49,49,dirichlet_a1.0,low_norm,c4_drift_aware
2,0.1869080811738968,2.1731605529785156,2.0390340799967817,5,0,1,0,False,c4_drift_aware__dirichlet_a1.0__low_norm__seed49,49,dirichlet_a1.0,low_norm,c4_drift_aware
3,0.1899721473455429,2.1808111667633057,2.08938184300132,5,0,1,0,False,c4_drift_aware__dirichlet_a1.0__low_norm__seed49,49,dirichlet_a1.0,low_norm,c4_drift_aware
4,0.19707521796226501,2.172760486602783,2.033611964998272,5,0,1,0,False,c4_drift_aware__dirichlet_a1.0__low_norm__seed49,49,dirichlet_a1.0,low_norm,c4_drift_aware
5,0.25877436995506287,2.168365478515625,2.0753084190000664,5,0,1,0,False,c4_drift_aware__dirichlet_a1.0__low_norm__seed49,49,dirichlet_a1.0,low_norm,c4_drift_aware
6,0.1867688000202179,2.1587443351745605,2.0793042270015576,5,0,1,0,False,c4_drift_aware__dirichlet_a1.0__low_norm__seed49,49,dirichlet_a1.0,low_norm,c4_drift_aware
7,0.1867688000202179,2.164564609527588,2.1058743739995407,5,0,1,0,False,c4_drift_aware__dirichlet_a1.0__low_norm__seed49,49,dirichlet_a1.0,low_norm,c4_drift_aware
8,0.22228412330150604,2.1677358150482178,2.088238119002199,5,0,1,0,False,c4_drift_aware__dirichlet_a1.0__low_norm__seed49,49,dirichlet_a1.0,low_norm,c4_drift_aware
9,0.2012534886598587,2.1562960147857666,2.1371060229976138,5,0,1,0,False,c4_drift_aware__dirichlet_a1.0__low_norm__seed49,49,dirichlet_a1.0,low_norm,c4_drift_aware
10,0.23607243597507477,2.1529250144958496,2.0780997930014564,5,0,1,1,False,c4_drift_aware__dirichlet_a1.0__low_norm__seed49,49,dirichlet_a1.0,low_norm,c4_drift_aware
11,0.16727019846439362,2.145324230194092,2.009970527000405,5,0,1,1,False,c4_drift_aware__dirichlet_a1.0__low_norm__seed49,49,dirichlet_a1.0,low_norm,c4_drift_aware
12,0.2683843970298767,2.112140655517578,1.869745280000643,5,0,1,1,False,c4_drift_aware__dirichlet_a1.0__low_norm__seed49,49,dirichlet_a1.0,low_norm,c4_drift_aware
13,0.268245130777359,2.101647138595581,2.1348907520005014,5,0,1,1,False,c4_drift_aware__dirichlet_a1.0__low_norm__seed49,49,dirichlet_a1.0,low_norm,c4_drift_aware
14,0.2686629593372345,2.076990842819214,2.098263849002251,5,0,1,1,False,c4_drift_aware__dirichlet_a1.0__low_norm__seed49,49,dirichlet_a1.0,low_norm,c4_drift_aware
15,0.2688022255897522,2.0386831760406494,2.0827833939983975,5,0,1,1,False,c4_drift_aware__dirichlet_a1.0__low_norm__seed49,49,dirichlet_a1.0,low_norm,c4_drift_aware
16,0.2683843970298767,1.9887638092041016,2.0999441540006956,5,0,1,1,False,c4_drift_aware__dirichlet_a1.0__low_norm__seed49,49,dirichlet_a1.0,low_norm,c4_drift_aware
17,0.26908078789711,1.9210141897201538,2.0402360070002032,5,0,1,1,False,c4_drift_aware__dirichlet_a1.0__low_norm__seed49,49,dirichlet_a1.0,low_norm,c4_drift_aware
18,0.27869081497192383,1.8549312353134155,2.000352416998794,5,0,1,1,False,c4_drift_aware__dirichlet_a1.0__low_norm__seed49,49,dirichlet_a1.0,low_norm,c4_drift_aware
19,0.3122562766075134,1.806575894355774,2.044249446997128,5,0,1,1,False,c4_drift_aware__dirichlet_a1.0__low_norm__seed49,49,dirichlet_a1.0,low_norm,c4_drift_aware
20,0.33426183462142944,1.750317096710205,1.7708432219988026,5,0,1,1,False,c4_drift_aware__dirichlet_a1.0__low_norm__seed49,49,dirichlet_a1.0,low_norm,c4_drift_aware
21,0.31532034277915955,1.7197445631027222,1.9945011859999795,5,0,1,1,False,c4_drift_aware__dirichlet_a1.0__low_norm__seed49,49,dirichlet_a1.0,low_norm,c4_drift_aware
22,0.3328690826892853,1.69854736328125,2.109308053000859,5,0,1,1,False,c4_drift_aware__dirichlet_a1.0__low_norm__seed49,49,dirichlet_a1.0,low_norm,c4_drift_aware
23,0.32270196080207825,1.6862558126449585,2.0455983960018784,5,0,1,1,False,c4_drift_aware__dirichlet_a1.0__low_norm__seed49,49,dirichlet_a1.0,low_norm,c4_drift_aware
24,0.34540390968322754,1.6619861125946045,2.0848668399994494,5,0,1,1,False,c4_drift_aware__dirichlet_a1.0__low_norm__seed49,49,dirichlet_a1.0,low_norm,c4_drift_aware
0,0.0597493052482605,2.214185953140259,2.084556554000301,5,0,1,0,False,c4_drift_aware__dirichlet_a0.5__full_sign_flip__seed42,42,dirichlet_a0.5,full_sign_flip,c4_drift_aware
1,0.11754874885082245,2.224982500076294,2.05549946300016,5,0,1,0,False,c4_drift_aware__dirichlet_a0.5__full_sign_flip__seed42,42,dirichlet_a0.5,full_sign_flip,c4_drift_aware
2,0.08245125412940979,2.263819694519043,2.0657522180008527,5,0,1,0,False,c4_drift_aware__dirichlet_a0.5__full_sign_flip__seed42,42,dirichlet_a0.5,full_sign_flip,c4_drift_aware
3,0.08245125412940979,2.2664670944213867,2.094990367000719,5,0,1,0,False,c4_drift_aware__dirichlet_a0.5__full_sign_flip__seed42,42,dirichlet_a0.5,full_sign_flip,c4_drift_aware
4,0.08245125412940979,2.2631418704986572,2.0813579259993276,5,0,1,0,False,c4_drift_aware__dirichlet_a0.5__full_sign_flip__seed42,42,dirichlet_a0.5,full_sign_flip,c4_drift_aware
5,0.08245125412940979,2.265766143798828,2.066833018001489,5,0,1,0,False,c4_drift_aware__dirichlet_a0.5__full_sign_flip__seed42,42,dirichlet_a0.5,full_sign_flip,c4_drift_aware
6,0.08245125412940979,2.2536263465881348,2.1050889050020487,5,0,1,0,False,c4_drift_aware__dirichlet_a0.5__full_sign_flip__seed42,42,dirichlet_a0.5,full_sign_flip,c4_drift_aware
7,0.08245125412940979,2.234691858291626,2.0771446409999044,5,0,1,0,False,c4_drift_aware__dirichlet_a0.5__full_sign_flip__seed42,42,dirichlet_a0.5,full_sign_flip,c4_drift_aware
8,0.08272980898618698,2.230665445327759,2.1235663009974814,5,0,1,0,False,c4_drift_aware__dirichlet_a0.5__full_sign_flip__seed42,42,dirichlet_a0.5,full_sign_flip,c4_drift_aware
9,0.08245125412940979,2.2334976196289062,2.0452754460020515,5,0,1,0,False,c4_drift_aware__dirichlet_a0.5__full_sign_flip__seed42,42,dirichlet_a0.5,full_sign_flip,c4_drift_aware
10,0.1717270165681839,2.288717031478882,2.0388376400005654,5,0,1,1,False,c4_drift_aware__dirichlet_a0.5__full_sign_flip__seed42,42,dirichlet_a0.5,full_sign_flip,c4_drift_aware
11,0.16155989468097687,2.2417709827423096,2.0695372379996115,4,1,1,1,False,c4_drift_aware__dirichlet_a0.5__full_sign_flip__seed42,42,dirichlet_a0.5,full_sign_flip,c4_drift_aware
12,0.167827308177948,2.2350523471832275,2.1144922470011807,4,1,1,1,False,c4_drift_aware__dirichlet_a0.5__full_sign_flip__seed42,42,dirichlet_a0.5,full_sign_flip,c4_drift_aware
13,0.15222841501235962,2.2199039459228516,2.020768809998117,4,1,1,1,False,c4_drift_aware__dirichlet_a0.5__full_sign_flip__seed42,42,dirichlet_a0.5,full_sign_flip,c4_drift_aware
14,0.1715877503156662,2.1869618892669678,2.0200418640015414,4,1,1,1,False,c4_drift_aware__dirichlet_a0.5__full_sign_flip__seed42,42,dirichlet_a0.5,full_sign_flip,c4_drift_aware
15,0.17089137434959412,2.1980345249176025,2.0751365889991575,4,1,1,1,False,c4_drift_aware__dirichlet_a0.5__full_sign_flip__seed42,42,dirichlet_a0.5,full_sign_flip,c4_drift_aware
16,0.16643454134464264,2.1436495780944824,2.0411158120004984,4,1,1,1,False,c4_drift_aware__dirichlet_a0.5__full_sign_flip__seed42,42,dirichlet_a0.5,full_sign_flip,c4_drift_aware
17,0.18579387664794922,2.228365898132324,2.0326753580011427,4,1,1,1,False,c4_drift_aware__dirichlet_a0.5__full_sign_flip__seed42,42,dirichlet_a0.5,full_sign_flip,c4_drift_aware
18,0.1412256360054016,2.169982433319092,2.021034180001152,4,1,1,1,False,c4_drift_aware__dirichlet_a0.5__full_sign_flip__seed42,42,dirichlet_a0.5,full_sign_flip,c4_drift_aware
19,0.2019498646259308,2.0904147624969482,2.0632913909976196,4,1,1,1,False,c4_drift_aware__dirichlet_a0.5__full_sign_flip__seed42,42,dirichlet_a0.5,full_sign_flip,c4_drift_aware
20,0.3359331488609314,1.973532795906067,2.054200355996727,4,1,1,1,False,c4_drift_aware__dirichlet_a0.5__full_sign_flip__seed42,42,dirichlet_a0.5,full_sign_flip,c4_drift_aware
21,0.1827298104763031,2.033954381942749,2.055520930000057,4,1,1,1,False,c4_drift_aware__dirichlet_a0.5__full_sign_flip__seed42,42,dirichlet_a0.5,full_sign_flip,c4_drift_aware
22,0.34818941354751587,1.894652009010315,2.0532688359999156,4,1,1,1,False,c4_drift_aware__dirichlet_a0.5__full_sign_flip__seed42,42,dirichlet_a0.5,full_sign_flip,c4_drift_aware
23,0.350417822599411,1.8133867979049683,2.089226272000815,4,1,1,1,False,c4_drift_aware__dirichlet_a0.5__full_sign_flip__seed42,42,dirichlet_a0.5,full_sign_flip,c4_drift_aware
24,0.350417822599411,1.8208510875701904,2.1173927579984593,4,1,1,1,False,c4_drift_aware__dirichlet_a0.5__full_sign_flip__seed42,42,dirichlet_a0.5,full_sign_flip,c4_drift_aware
0,0.0597493052482605,2.214185953140259,2.0667033059980895,5,0,1,0,False,c4_drift_aware__dirichlet_a0.5__low_norm__seed42,42,dirichlet_a0.5,low_norm,c4_drift_aware
1,0.11908078193664551,2.225010395050049,2.0771968769986415,5,0,1,0,False,c4_drift_aware__dirichlet_a0.5__low_norm__seed42,42,dirichlet_a0.5,low_norm,c4_drift_aware
2,0.08245125412940979,2.264711856842041,2.0363417849985126,5,0,1,0,False,c4_drift_aware__dirichlet_a0.5__low_norm__seed42,42,dirichlet_a0.5,low_norm,c4_drift_aware
3,0.08245125412940979,2.266289234161377,2.023786431996996,5,0,1,0,False,c4_drift_aware__dirichlet_a0.5__low_norm__seed42,42,dirichlet_a0.5,low_norm,c4_drift_aware
4,0.08245125412940979,2.2625648975372314,2.0479814569989685,5,0,1,0,False,c4_drift_aware__dirichlet_a0.5__low_norm__seed42,42,dirichlet_a0.5,low_norm,c4_drift_aware
5,0.08245125412940979,2.2661149501800537,2.018594346001919,5,0,1,0,False,c4_drift_aware__dirichlet_a0.5__low_norm__seed42,42,dirichlet_a0.5,low_norm,c4_drift_aware
6,0.08245125412940979,2.252303123474121,2.056327804002649,5,0,1,0,False,c4_drift_aware__dirichlet_a0.5__low_norm__seed42,42,dirichlet_a0.5,low_norm,c4_drift_aware
7,0.08245125412940979,2.2332918643951416,2.0868027770011395,5,0,1,0,False,c4_drift_aware__dirichlet_a0.5__low_norm__seed42,42,dirichlet_a0.5,low_norm,c4_drift_aware
8,0.08272980898618698,2.2304699420928955,2.0801652840018505,5,0,1,0,False,c4_drift_aware__dirichlet_a0.5__low_norm__seed42,42,dirichlet_a0.5,low_norm,c4_drift_aware
9,0.08259052783250809,2.233769655227661,2.0002721109995036,5,0,1,0,False,c4_drift_aware__dirichlet_a0.5__low_norm__seed42,42,dirichlet_a0.5,low_norm,c4_drift_aware
10,0.16142061352729797,2.216956377029419,2.0411068850007723,5,0,1,1,False,c4_drift_aware__dirichlet_a0.5__low_norm__seed42,42,dirichlet_a0.5,low_norm,c4_drift_aware
11,0.15473538637161255,2.231269598007202,2.0492379290008103,5,0,1,1,False,c4_drift_aware__dirichlet_a0.5__low_norm__seed42,42,dirichlet_a0.5,low_norm,c4_drift_aware
12,0.16615599393844604,2.230776309967041,2.0249228049979138,5,0,1,1,False,c4_drift_aware__dirichlet_a0.5__low_norm__seed42,42,dirichlet_a0.5,low_norm,c4_drift_aware
13,0.17075209319591522,2.2188196182250977,2.0207036360006896,5,0,1,1,False,c4_drift_aware__dirichlet_a0.5__low_norm__seed42,42,dirichlet_a0.5,low_norm,c4_drift_aware
14,0.16991643607616425,2.192530632019043,2.047574658998201,5,0,1,1,False,c4_drift_aware__dirichlet_a0.5__low_norm__seed42,42,dirichlet_a0.5,low_norm,c4_drift_aware
15,0.17061281204223633,2.198781967163086,2.071505119998619,5,0,1,1,False,c4_drift_aware__dirichlet_a0.5__low_norm__seed42,42,dirichlet_a0.5,low_norm,c4_drift_aware
16,0.16866295039653778,2.1595959663391113,2.061538161997305,5,0,1,1,False,c4_drift_aware__dirichlet_a0.5__low_norm__seed42,42,dirichlet_a0.5,low_norm,c4_drift_aware
17,0.1644846796989441,2.223583459854126,2.111860606997652,5,0,1,1,False,c4_drift_aware__dirichlet_a0.5__low_norm__seed42,42,dirichlet_a0.5,low_norm,c4_drift_aware
18,0.15208913385868073,2.1950910091400146,2.0331596630021522,5,0,1,1,False,c4_drift_aware__dirichlet_a0.5__low_norm__seed42,42,dirichlet_a0.5,low_norm,c4_drift_aware
19,0.17409470677375793,2.135185718536377,2.035772363000433,5,0,1,1,False,c4_drift_aware__dirichlet_a0.5__low_norm__seed42,42,dirichlet_a0.5,low_norm,c4_drift_aware
20,0.19164346158504486,2.0499954223632812,2.095692352999322,5,0,1,1,False,c4_drift_aware__dirichlet_a0.5__low_norm__seed42,42,dirichlet_a0.5,low_norm,c4_drift_aware
21,0.11866295337677002,2.0987722873687744,2.081338637002773,5,0,1,1,False,c4_drift_aware__dirichlet_a0.5__low_norm__seed42,42,dirichlet_a0.5,low_norm,c4_drift_aware
22,0.28509750962257385,2.0175280570983887,2.0953156520008633,5,0,1,1,False,c4_drift_aware__dirichlet_a0.5__low_norm__seed42,42,dirichlet_a0.5,low_norm,c4_drift_aware
23,0.21727019548416138,2.084998846054077,2.0782780869994895,4,1,1,1,False,c4_drift_aware__dirichlet_a0.5__low_norm__seed42,42,dirichlet_a0.5,low_norm,c4_drift_aware
24,0.14610028266906738,2.143545389175415,1.8805430749998777,4,1,1,1,False,c4_drift_aware__dirichlet_a0.5__low_norm__seed42,42,dirichlet_a0.5,low_norm,c4_drift_aware
0,0.08245125412940979,2.2034053802490234,2.0958893280003394,5,0,1,0,False,c4_drift_aware__dirichlet_a0.5__full_sign_flip__seed43,43,dirichlet_a0.5,full_sign_flip,c4_drift_aware
1,0.08245125412940979,2.2494900226593018,2.044298552998953,5,0,1,0,False,c4_drift_aware__dirichlet_a0.5__full_sign_flip__seed43,43,dirichlet_a0.5,full_sign_flip,c4_drift_aware
2,0.08245125412940979,2.2870049476623535,2.0646761040006822,5,0,1,0,False,c4_drift_aware__dirichlet_a0.5__full_sign_flip__seed43,43,dirichlet_a0.5,full_sign_flip,c4_drift_aware
3,0.08245125412940979,2.2958571910858154,2.091494780001085,5,0,1,0,False,c4_drift_aware__dirichlet_a0.5__full_sign_flip__seed43,43,dirichlet_a0.5,full_sign_flip,c4_drift_aware
4,0.08245125412940979,2.331613779067993,2.005037488997914,4,1,1,0,False,c4_drift_aware__dirichlet_a0.5__full_sign_flip__seed43,43,dirichlet_a0.5,full_sign_flip,c4_drift_aware
5,0.08245125412940979,2.371603012084961,2.0023342310014414,4,1,1,0,False,c4_drift_aware__dirichlet_a0.5__full_sign_flip__seed43,43,dirichlet_a0.5,full_sign_flip,c4_drift_aware
6,0.08245125412940979,2.350252389907837,2.021698798002035,4,1,1,0,False,c4_drift_aware__dirichlet_a0.5__full_sign_flip__seed43,43,dirichlet_a0.5,full_sign_flip,c4_drift_aware
7,0.05849582329392433,2.2960429191589355,2.0463272409979254,5,0,1,0,False,c4_drift_aware__dirichlet_a0.5__full_sign_flip__seed43,43,dirichlet_a0.5,full_sign_flip,c4_drift_aware
8,0.08245125412940979,2.3218674659729004,2.0560002560014254,4,1,1,0,False,c4_drift_aware__dirichlet_a0.5__full_sign_flip__seed43,43,dirichlet_a0.5,full_sign_flip,c4_drift_aware
9,0.09805013984441757,2.228585958480835,2.0739665960027196,5,0,1,0,False,c4_drift_aware__dirichlet_a0.5__full_sign_flip__seed43,43,dirichlet_a0.5,full_sign_flip,c4_drift_aware
10,0.27089136838912964,2.3027615547180176,2.1028600160025235,5,0,1,1,False,c4_drift_aware__dirichlet_a0.5__full_sign_flip__seed43,43,dirichlet_a0.5,full_sign_flip,c4_drift_aware
11,0.24498607218265533,2.2122983932495117,2.0918941650015768,4,1,1,1,False,c4_drift_aware__dirichlet_a0.5__full_sign_flip__seed43,43,dirichlet_a0.5,full_sign_flip,c4_drift_aware
12,0.2647632360458374,2.1211400032043457,2.0820251969998935,4,1,1,1,False,c4_drift_aware__dirichlet_a0.5__full_sign_flip__seed43,43,dirichlet_a0.5,full_sign_flip,c4_drift_aware
13,0.26727020740509033,2.187028646469116,2.0647677529996145,5,0,1,1,False,c4_drift_aware__dirichlet_a0.5__full_sign_flip__seed43,43,dirichlet_a0.5,full_sign_flip,c4_drift_aware
14,0.258078008890152,2.089186191558838,2.0610315019985137,4,1,1,1,False,c4_drift_aware__dirichlet_a0.5__full_sign_flip__seed43,43,dirichlet_a0.5,full_sign_flip,c4_drift_aware
15,0.2676880359649658,1.9466016292572021,2.100196015999245,4,1,1,1,False,c4_drift_aware__dirichlet_a0.5__full_sign_flip__seed43,43,dirichlet_a0.5,full_sign_flip,c4_drift_aware
16,0.2757660150527954,1.881298303604126,2.0832725549989846,4,1,1,1,False,c4_drift_aware__dirichlet_a0.5__full_sign_flip__seed43,43,dirichlet_a0.5,full_sign_flip,c4_drift_aware
17,0.2906685173511505,1.9012614488601685,2.0883877230007784,4,1,1,1,False,c4_drift_aware__dirichlet_a0.5__full_sign_flip__seed43,43,dirichlet_a0.5,full_sign_flip,c4_drift_aware
18,0.29623955488204956,1.840005874633789,2.079623930003436,4,1,1,1,False,c4_drift_aware__dirichlet_a0.5__full_sign_flip__seed43,43,dirichlet_a0.5,full_sign_flip,c4_drift_aware
19,0.3278551697731018,1.7874140739440918,2.074706833998789,4,1,1,1,False,c4_drift_aware__dirichlet_a0.5__full_sign_flip__seed43,43,dirichlet_a0.5,full_sign_flip,c4_drift_aware
20,0.2803621292114258,1.9977024793624878,2.1336544309997407,3,2,1,1,False,c4_drift_aware__dirichlet_a0.5__full_sign_flip__seed43,43,dirichlet_a0.5,full_sign_flip,c4_drift_aware
21,0.2845403850078583,1.8662264347076416,2.0535134129968355,4,1,1,1,False,c4_drift_aware__dirichlet_a0.5__full_sign_flip__seed43,43,dirichlet_a0.5,full_sign_flip,c4_drift_aware
22,0.33384400606155396,1.7843495607376099,2.144297398997878,4,1,1,1,False,c4_drift_aware__dirichlet_a0.5__full_sign_flip__seed43,43,dirichlet_a0.5,full_sign_flip,c4_drift_aware
23,0.32674095034599304,1.9099432229995728,2.056049177001114,3,2,1,1,False,c4_drift_aware__dirichlet_a0.5__full_sign_flip__seed43,43,dirichlet_a0.5,full_sign_flip,c4_drift_aware
24,0.3096100389957428,1.8110939264297485,2.0551900470018154,4,1,1,1,False,c4_drift_aware__dirichlet_a0.5__full_sign_flip__seed43,43,dirichlet_a0.5,full_sign_flip,c4_drift_aware
0,0.08245125412940979,2.2034037113189697,2.077394285999617,5,0,1,0,False,c4_drift_aware__dirichlet_a0.5__low_norm__seed43,43,dirichlet_a0.5,low_norm,c4_drift_aware
1,0.08245125412940979,2.249499797821045,2.08753815199816,5,0,1,0,False,c4_drift_aware__dirichlet_a0.5__low_norm__seed43,43,dirichlet_a0.5,low_norm,c4_drift_aware
2,0.08245125412940979,2.287083148956299,2.028948887000297,5,0,1,0,False,c4_drift_aware__dirichlet_a0.5__low_norm__seed43,43,dirichlet_a0.5,low_norm,c4_drift_aware
3,0.08245125412940979,2.295166254043579,2.0821013920030964,5,0,1,0,False,c4_drift_aware__dirichlet_a0.5__low_norm__seed43,43,dirichlet_a0.5,low_norm,c4_drift_aware
4,0.08245125412940979,2.331904649734497,2.0586282730000676,4,1,1,0,False,c4_drift_aware__dirichlet_a0.5__low_norm__seed43,43,dirichlet_a0.5,low_norm,c4_drift_aware
5,0.08245125412940979,2.3716955184936523,2.0690294039995933,4,1,1,0,False,c4_drift_aware__dirichlet_a0.5__low_norm__seed43,43,dirichlet_a0.5,low_norm,c4_drift_aware
6,0.08245125412940979,2.350074529647827,2.096721203000925,4,1,1,0,False,c4_drift_aware__dirichlet_a0.5__low_norm__seed43,43,dirichlet_a0.5,low_norm,c4_drift_aware
7,0.05849582329392433,2.2947261333465576,2.0593344839981,5,0,1,0,False,c4_drift_aware__dirichlet_a0.5__low_norm__seed43,43,dirichlet_a0.5,low_norm,c4_drift_aware
8,0.08245125412940979,2.323174238204956,2.051850697996997,4,1,1,0,False,c4_drift_aware__dirichlet_a0.5__low_norm__seed43,43,dirichlet_a0.5,low_norm,c4_drift_aware
9,0.09749303758144379,2.229344129562378,2.07585665300212,5,0,1,0,False,c4_drift_aware__dirichlet_a0.5__low_norm__seed43,43,dirichlet_a0.5,low_norm,c4_drift_aware
10,0.2203342616558075,2.206496477127075,2.070406124999863,5,0,1,1,False,c4_drift_aware__dirichlet_a0.5__low_norm__seed43,43,dirichlet_a0.5,low_norm,c4_drift_aware
11,0.24874652922153473,2.2070515155792236,2.0618587839999236,5,0,1,1,False,c4_drift_aware__dirichlet_a0.5__low_norm__seed43,43,dirichlet_a0.5,low_norm,c4_drift_aware
12,0.261838436126709,2.149197816848755,2.0764125080022495,5,0,1,1,False,c4_drift_aware__dirichlet_a0.5__low_norm__seed43,43,dirichlet_a0.5,low_norm,c4_drift_aware
13,0.2654596269130707,2.0892343521118164,2.0707716249999066,5,0,1,1,False,c4_drift_aware__dirichlet_a0.5__low_norm__seed43,43,dirichlet_a0.5,low_norm,c4_drift_aware
14,0.26267409324645996,2.0826828479766846,2.0440117719990667,5,0,1,1,False,c4_drift_aware__dirichlet_a0.5__low_norm__seed43,43,dirichlet_a0.5,low_norm,c4_drift_aware
15,0.26699164509773254,1.9838805198669434,2.038251742000284,5,0,1,1,False,c4_drift_aware__dirichlet_a0.5__low_norm__seed43,43,dirichlet_a0.5,low_norm,c4_drift_aware
16,0.2679665684700012,1.9125726222991943,2.079313024998555,5,0,1,1,False,c4_drift_aware__dirichlet_a0.5__low_norm__seed43,43,dirichlet_a0.5,low_norm,c4_drift_aware
17,0.27841225266456604,1.9080567359924316,2.074473613000009,5,0,1,1,False,c4_drift_aware__dirichlet_a0.5__low_norm__seed43,43,dirichlet_a0.5,low_norm,c4_drift_aware
18,0.29373258352279663,1.8473511934280396,2.0673956999999064,5,0,1,1,False,c4_drift_aware__dirichlet_a0.5__low_norm__seed43,43,dirichlet_a0.5,low_norm,c4_drift_aware
19,0.31448468565940857,1.810665249824524,2.064869179001107,5,0,1,1,False,c4_drift_aware__dirichlet_a0.5__low_norm__seed43,43,dirichlet_a0.5,low_norm,c4_drift_aware
20,0.3324512541294098,1.904992699623108,2.0325564779996057,4,1,1,1,False,c4_drift_aware__dirichlet_a0.5__low_norm__seed43,43,dirichlet_a0.5,low_norm,c4_drift_aware
21,0.3179665803909302,1.9786272048950195,1.8409333640011027,4,1,1,1,False,c4_drift_aware__dirichlet_a0.5__low_norm__seed43,43,dirichlet_a0.5,low_norm,c4_drift_aware
22,0.3239554464817047,1.8389147520065308,2.0952986580014112,5,0,1,1,False,c4_drift_aware__dirichlet_a0.5__low_norm__seed43,43,dirichlet_a0.5,low_norm,c4_drift_aware
23,0.3324512541294098,1.8952945470809937,2.0347464789992955,4,1,1,1,False,c4_drift_aware__dirichlet_a0.5__low_norm__seed43,43,dirichlet_a0.5,low_norm,c4_drift_aware
24,0.29317548871040344,1.974719524383545,2.0302305090008304,4,1,1,1,False,c4_drift_aware__dirichlet_a0.5__low_norm__seed43,43,dirichlet_a0.5,low_norm,c4_drift_aware
0,0.08245125412940979,2.1843271255493164,2.0862693230010336,5,0,1,0,False,c4_drift_aware__dirichlet_a0.5__full_sign_flip__seed44,44,dirichlet_a0.5,full_sign_flip,c4_drift_aware
1,0.16657382249832153,2.1534650325775146,2.127689218999876,5,0,1,0,False,c4_drift_aware__dirichlet_a0.5__full_sign_flip__seed44,44,dirichlet_a0.5,full_sign_flip,c4_drift_aware
2,0.1640668511390686,2.1345136165618896,2.137403471999278,5,0,1,0,False,c4_drift_aware__dirichlet_a0.5__full_sign_flip__seed44,44,dirichlet_a0.5,full_sign_flip,c4_drift_aware
3,0.2534818947315216,2.1334166526794434,2.1640563849978207,5,0,1,0,False,c4_drift_aware__dirichlet_a0.5__full_sign_flip__seed44,44,dirichlet_a0.5,full_sign_flip,c4_drift_aware
4,0.22284123301506042,2.1249337196350098,2.17113593799877,5,0,1,0,False,c4_drift_aware__dirichlet_a0.5__full_sign_flip__seed44,44,dirichlet_a0.5,full_sign_flip,c4_drift_aware
5,0.2796657383441925,2.117325782775879,2.0991821880015777,5,0,1,0,False,c4_drift_aware__dirichlet_a0.5__full_sign_flip__seed44,44,dirichlet_a0.5,full_sign_flip,c4_drift_aware
6,0.29651811718940735,2.110150098800659,2.078788329999952,5,0,1,0,False,c4_drift_aware__dirichlet_a0.5__full_sign_flip__seed44,44,dirichlet_a0.5,full_sign_flip,c4_drift_aware
7,0.21337047219276428,2.1071364879608154,2.098288411001704,5,0,1,0,False,c4_drift_aware__dirichlet_a0.5__full_sign_flip__seed44,44,dirichlet_a0.5,full_sign_flip,c4_drift_aware
8,0.23551532626152039,2.1033952236175537,2.084672164000949,5,0,1,0,False,c4_drift_aware__dirichlet_a0.5__full_sign_flip__seed44,44,dirichlet_a0.5,full_sign_flip,c4_drift_aware
9,0.28189414739608765,2.084296941757202,2.059361109000747,5,0,1,0,False,c4_drift_aware__dirichlet_a0.5__full_sign_flip__seed44,44,dirichlet_a0.5,full_sign_flip,c4_drift_aware
10,0.13969360291957855,2.2837769985198975,2.117751207002584,5,0,1,1,False,c4_drift_aware__dirichlet_a0.5__full_sign_flip__seed44,44,dirichlet_a0.5,full_sign_flip,c4_drift_aware
11,0.3472144901752472,2.1455347537994385,2.097551201997703,4,1,1,1,False,c4_drift_aware__dirichlet_a0.5__full_sign_flip__seed44,44,dirichlet_a0.5,full_sign_flip,c4_drift_aware
12,0.34554317593574524,2.113111972808838,2.064584036001179,4,1,1,1,False,c4_drift_aware__dirichlet_a0.5__full_sign_flip__seed44,44,dirichlet_a0.5,full_sign_flip,c4_drift_aware
13,0.34874653816223145,2.088872194290161,1.8520259830002033,4,1,1,1,False,c4_drift_aware__dirichlet_a0.5__full_sign_flip__seed44,44,dirichlet_a0.5,full_sign_flip,c4_drift_aware
14,0.3431755006313324,2.0105738639831543,2.10715676199834,4,1,1,1,False,c4_drift_aware__dirichlet_a0.5__full_sign_flip__seed44,44,dirichlet_a0.5,full_sign_flip,c4_drift_aware
15,0.3495821952819824,1.9340829849243164,2.1640336080017732,4,1,1,1,False,c4_drift_aware__dirichlet_a0.5__full_sign_flip__seed44,44,dirichlet_a0.5,full_sign_flip,c4_drift_aware
16,0.35571032762527466,1.8769474029541016,2.0495675540005323,3,2,1,1,False,c4_drift_aware__dirichlet_a0.5__full_sign_flip__seed44,44,dirichlet_a0.5,full_sign_flip,c4_drift_aware
17,0.46810585260391235,1.8015625476837158,2.119162368999241,3,2,1,1,False,c4_drift_aware__dirichlet_a0.5__full_sign_flip__seed44,44,dirichlet_a0.5,full_sign_flip,c4_drift_aware
18,0.48231199383735657,1.7588478326797485,2.043559601999732,3,2,1,1,False,c4_drift_aware__dirichlet_a0.5__full_sign_flip__seed44,44,dirichlet_a0.5,full_sign_flip,c4_drift_aware
19,0.31894150376319885,1.7843793630599976,2.0648754190006002,4,1,1,1,False,c4_drift_aware__dirichlet_a0.5__full_sign_flip__seed44,44,dirichlet_a0.5,full_sign_flip,c4_drift_aware
20,0.4207521080970764,1.698772668838501,2.0633476879993395,4,1,1,1,False,c4_drift_aware__dirichlet_a0.5__full_sign_flip__seed44,44,dirichlet_a0.5,full_sign_flip,c4_drift_aware
21,0.42660167813301086,1.6654049158096313,2.021347591999074,4,1,1,1,False,c4_drift_aware__dirichlet_a0.5__full_sign_flip__seed44,44,dirichlet_a0.5,full_sign_flip,c4_drift_aware
22,0.43064066767692566,1.645765781402588,2.0293938069989963,4,1,1,1,False,c4_drift_aware__dirichlet_a0.5__full_sign_flip__seed44,44,dirichlet_a0.5,full_sign_flip,c4_drift_aware
23,0.4298050105571747,1.6359556913375854,2.0703728920016147,4,1,1,1,False,c4_drift_aware__dirichlet_a0.5__full_sign_flip__seed44,44,dirichlet_a0.5,full_sign_flip,c4_drift_aware
24,0.3990250825881958,1.6407403945922852,2.2013528429997677,4,1,1,1,False,c4_drift_aware__dirichlet_a0.5__full_sign_flip__seed44,44,dirichlet_a0.5,full_sign_flip,c4_drift_aware
0,0.08245125412940979,2.1843268871307373,2.1009472440018726,5,0,1,0,False,c4_drift_aware__dirichlet_a0.5__low_norm__seed44,44,dirichlet_a0.5,low_norm,c4_drift_aware
1,0.16657382249832153,2.1534557342529297,2.059585186001641,5,0,1,0,False,c4_drift_aware__dirichlet_a0.5__low_norm__seed44,44,dirichlet_a0.5,low_norm,c4_drift_aware
2,0.16476324200630188,2.1345174312591553,2.097342488999857,5,0,1,0,False,c4_drift_aware__dirichlet_a0.5__low_norm__seed44,44,dirichlet_a0.5,low_norm,c4_drift_aware
3,0.2537604570388794,2.133261203765869,1.78695523100032,5,0,1,0,False,c4_drift_aware__dirichlet_a0.5__low_norm__seed44,44,dirichlet_a0.5,low_norm,c4_drift_aware
4,0.20431755483150482,2.1250622272491455,1.983373016002588,5,0,1,0,False,c4_drift_aware__dirichlet_a0.5__low_norm__seed44,44,dirichlet_a0.5,low_norm,c4_drift_aware
5,0.28495821356773376,2.117427349090576,2.0272011289998773,5,0,1,0,False,c4_drift_aware__dirichlet_a0.5__low_norm__seed44,44,dirichlet_a0.5,low_norm,c4_drift_aware
6,0.287325918674469,2.109895706176758,2.029725975000474,5,0,1,0,False,c4_drift_aware__dirichlet_a0.5__low_norm__seed44,44,dirichlet_a0.5,low_norm,c4_drift_aware
7,0.21406686305999756,2.1068732738494873,2.064128685000469,5,0,1,0,False,c4_drift_aware__dirichlet_a0.5__low_norm__seed44,44,dirichlet_a0.5,low_norm,c4_drift_aware
8,0.23621170222759247,2.1033754348754883,2.1373379760007083,5,0,1,0,False,c4_drift_aware__dirichlet_a0.5__low_norm__seed44,44,dirichlet_a0.5,low_norm,c4_drift_aware
9,0.28147631883621216,2.084268808364868,2.067742688002909,5,0,1,0,False,c4_drift_aware__dirichlet_a0.5__low_norm__seed44,44,dirichlet_a0.5,low_norm,c4_drift_aware
10,0.3366295397281647,2.128903388977051,2.116541249000875,5,0,1,1,False,c4_drift_aware__dirichlet_a0.5__low_norm__seed44,44,dirichlet_a0.5,low_norm,c4_drift_aware
11,0.34442898631095886,2.139901876449585,1.839829730000929,5,0,1,1,False,c4_drift_aware__dirichlet_a0.5__low_norm__seed44,44,dirichlet_a0.5,low_norm,c4_drift_aware
12,0.3423398435115814,2.1199207305908203,2.0352105740021216,5,0,1,1,False,c4_drift_aware__dirichlet_a0.5__low_norm__seed44,44,dirichlet_a0.5,low_norm,c4_drift_aware
13,0.3467966616153717,2.106086492538452,2.087660554003378,5,0,1,1,False,c4_drift_aware__dirichlet_a0.5__low_norm__seed44,44,dirichlet_a0.5,low_norm,c4_drift_aware
14,0.34791088104248047,2.0551393032073975,2.058450016000279,5,0,1,1,False,c4_drift_aware__dirichlet_a0.5__low_norm__seed44,44,dirichlet_a0.5,low_norm,c4_drift_aware
15,0.35208913683891296,2.0019853115081787,2.0081797929997265,5,0,1,1,False,c4_drift_aware__dirichlet_a0.5__low_norm__seed44,44,dirichlet_a0.5,low_norm,c4_drift_aware
16,0.44874653220176697,1.9381577968597412,1.7960276829981012,4,1,1,1,False,c4_drift_aware__dirichlet_a0.5__low_norm__seed44,44,dirichlet_a0.5,low_norm,c4_drift_aware
17,0.46002787351608276,1.8948111534118652,2.0150895309998305,4,1,1,1,False,c4_drift_aware__dirichlet_a0.5__low_norm__seed44,44,dirichlet_a0.5,low_norm,c4_drift_aware
18,0.4596100449562073,1.832794427871704,2.0075734250021924,4,1,1,1,False,c4_drift_aware__dirichlet_a0.5__low_norm__seed44,44,dirichlet_a0.5,low_norm,c4_drift_aware
19,0.4519498646259308,1.7777576446533203,2.064547391000815,4,1,1,1,False,c4_drift_aware__dirichlet_a0.5__low_norm__seed44,44,dirichlet_a0.5,low_norm,c4_drift_aware
20,0.44916436076164246,1.754102349281311,2.11164820400154,4,1,1,1,False,c4_drift_aware__dirichlet_a0.5__low_norm__seed44,44,dirichlet_a0.5,low_norm,c4_drift_aware
21,0.4913649260997772,1.719291090965271,2.1631541720016685,4,1,1,1,False,c4_drift_aware__dirichlet_a0.5__low_norm__seed44,44,dirichlet_a0.5,low_norm,c4_drift_aware
22,0.41977715492248535,1.6890113353729248,2.0882811629999196,5,0,1,1,False,c4_drift_aware__dirichlet_a0.5__low_norm__seed44,44,dirichlet_a0.5,low_norm,c4_drift_aware
23,0.4172702133655548,1.6808329820632935,2.12562328200147,5,0,1,1,False,c4_drift_aware__dirichlet_a0.5__low_norm__seed44,44,dirichlet_a0.5,low_norm,c4_drift_aware
24,0.40181058645248413,1.6737987995147705,1.9303274229969247,5,0,1,1,False,c4_drift_aware__dirichlet_a0.5__low_norm__seed44,44,dirichlet_a0.5,low_norm,c4_drift_aware
0,0.1866295337677002,2.1891536712646484,1.8111409900011495,5,0,1,0,False,c4_drift_aware__dirichlet_a0.5__no_attack__seed45,45,dirichlet_a0.5,no_attack,c4_drift_aware
1,0.1863509863615036,2.164422035217285,2.0224233110020577,4,1,1,0,False,c4_drift_aware__dirichlet_a0.5__no_attack__seed45,45,dirichlet_a0.5,no_attack,c4_drift_aware
2,0.1863509863615036,2.2012882232666016,2.147927198002435,5,0,1,0,False,c4_drift_aware__dirichlet_a0.5__no_attack__seed45,45,dirichlet_a0.5,no_attack,c4_drift_aware
3,0.1863509863615036,2.197327136993408,2.0694651730009355,4,1,1,0,False,c4_drift_aware__dirichlet_a0.5__no_attack__seed45,45,dirichlet_a0.5,no_attack,c4_drift_aware
4,0.1863509863615036,2.2048771381378174,2.2529024520008534,5,0,1,0,False,c4_drift_aware__dirichlet_a0.5__no_attack__seed45,45,dirichlet_a0.5,no_attack,c4_drift_aware
5,0.1863509863615036,2.2070889472961426,1.87373246900097,5,0,1,0,False,c4_drift_aware__dirichlet_a0.5__no_attack__seed45,45,dirichlet_a0.5,no_attack,c4_drift_aware
6,0.1863509863615036,2.2083237171173096,2.071621914001298,5,0,1,0,False,c4_drift_aware__dirichlet_a0.5__no_attack__seed45,45,dirichlet_a0.5,no_attack,c4_drift_aware
7,0.1863509863615036,2.1774020195007324,2.0621222089976072,5,0,1,0,False,c4_drift_aware__dirichlet_a0.5__no_attack__seed45,45,dirichlet_a0.5,no_attack,c4_drift_aware
8,0.1827298104763031,2.183938980102539,2.094216656001663,4,1,1,0,False,c4_drift_aware__dirichlet_a0.5__no_attack__seed45,45,dirichlet_a0.5,no_attack,c4_drift_aware
9,0.20013928413391113,2.12235951423645,2.21106743099881,5,0,1,0,False,c4_drift_aware__dirichlet_a0.5__no_attack__seed45,45,dirichlet_a0.5,no_attack,c4_drift_aware
10,0.2090529352426529,2.0780844688415527,2.202412672999344,5,0,1,1,False,c4_drift_aware__dirichlet_a0.5__no_attack__seed45,45,dirichlet_a0.5,no_attack,c4_drift_aware
11,0.234958216547966,2.0340025424957275,2.00464854099846,5,0,1,1,False,c4_drift_aware__dirichlet_a0.5__no_attack__seed45,45,dirichlet_a0.5,no_attack,c4_drift_aware
12,0.23300835490226746,1.974008560180664,2.0705792930020834,5,0,1,1,False,c4_drift_aware__dirichlet_a0.5__no_attack__seed45,45,dirichlet_a0.5,no_attack,c4_drift_aware
13,0.24540390074253082,1.888932704925537,2.03377609099698,5,0,1,1,False,c4_drift_aware__dirichlet_a0.5__no_attack__seed45,45,dirichlet_a0.5,no_attack,c4_drift_aware
14,0.24150417745113373,1.838664174079895,2.049774293001974,5,0,1,1,False,c4_drift_aware__dirichlet_a0.5__no_attack__seed45,45,dirichlet_a0.5,no_attack,c4_drift_aware
15,0.3316155970096588,1.8217341899871826,2.069480158999795,4,1,1,1,False,c4_drift_aware__dirichlet_a0.5__no_attack__seed45,45,dirichlet_a0.5,no_attack,c4_drift_aware
16,0.34122562408447266,1.7891979217529297,2.096500037001533,4,1,1,1,False,c4_drift_aware__dirichlet_a0.5__no_attack__seed45,45,dirichlet_a0.5,no_attack,c4_drift_aware
17,0.34136492013931274,1.7664347887039185,1.7698570409993408,4,1,1,1,False,c4_drift_aware__dirichlet_a0.5__no_attack__seed45,45,dirichlet_a0.5,no_attack,c4_drift_aware
18,0.36699163913726807,1.7963355779647827,2.0367607209991547,4,1,1,1,False,c4_drift_aware__dirichlet_a0.5__no_attack__seed45,45,dirichlet_a0.5,no_attack,c4_drift_aware
19,0.39665737748146057,1.6890382766723633,1.7916110860023764,5,0,1,1,False,c4_drift_aware__dirichlet_a0.5__no_attack__seed45,45,dirichlet_a0.5,no_attack,c4_drift_aware
20,0.3774373233318329,1.7125799655914307,2.014761878999707,5,0,1,1,False,c4_drift_aware__dirichlet_a0.5__no_attack__seed45,45,dirichlet_a0.5,no_attack,c4_drift_aware
21,0.3994429111480713,1.6620310544967651,2.0787256309995428,5,0,1,1,False,c4_drift_aware__dirichlet_a0.5__no_attack__seed45,45,dirichlet_a0.5,no_attack,c4_drift_aware
22,0.37465181946754456,1.6701468229293823,2.131655588000285,5,0,1,1,False,c4_drift_aware__dirichlet_a0.5__no_attack__seed45,45,dirichlet_a0.5,no_attack,c4_drift_aware
23,0.3611420691013336,1.661588430404663,2.0584117819998937,5,0,1,1,False,c4_drift_aware__dirichlet_a0.5__no_attack__seed45,45,dirichlet_a0.5,no_attack,c4_drift_aware
24,0.3660167157649994,1.657431721687317,2.0967664459967637,5,0,1,1,False,c4_drift_aware__dirichlet_a0.5__no_attack__seed45,45,dirichlet_a0.5,no_attack,c4_drift_aware
0,0.1866295337677002,2.1891534328460693,2.050361243000225,5,0,1,0,False,c4_drift_aware__dirichlet_a0.5__large_norm__seed45,45,dirichlet_a0.5,large_norm,c4_drift_aware
1,0.1863509863615036,2.164379835128784,2.02982266500112,4,1,1,0,False,c4_drift_aware__dirichlet_a0.5__large_norm__seed45,45,dirichlet_a0.5,large_norm,c4_drift_aware
2,0.1863509863615036,2.2012574672698975,2.0618270810009562,5,0,1,0,False,c4_drift_aware__dirichlet_a0.5__large_norm__seed45,45,dirichlet_a0.5,large_norm,c4_drift_aware
3,0.1863509863615036,2.197402238845825,2.0889401669992367,4,1,1,0,False,c4_drift_aware__dirichlet_a0.5__large_norm__seed45,45,dirichlet_a0.5,large_norm,c4_drift_aware
4,0.1863509863615036,2.205021381378174,2.052655447001598,5,0,1,0,False,c4_drift_aware__dirichlet_a0.5__large_norm__seed45,45,dirichlet_a0.5,large_norm,c4_drift_aware
5,0.1863509863615036,2.206451892852783,2.076235930999246,5,0,1,0,False,c4_drift_aware__dirichlet_a0.5__large_norm__seed45,45,dirichlet_a0.5,large_norm,c4_drift_aware
6,0.1863509863615036,2.208357334136963,2.2189058089970786,5,0,1,0,False,c4_drift_aware__dirichlet_a0.5__large_norm__seed45,45,dirichlet_a0.5,large_norm,c4_drift_aware
7,0.1863509863615036,2.1772656440734863,2.0716007899973192,5,0,1,0,False,c4_drift_aware__dirichlet_a0.5__large_norm__seed45,45,dirichlet_a0.5,large_norm,c4_drift_aware
8,0.18398329615592957,2.1838176250457764,2.0611710470002436,4,1,1,0,False,c4_drift_aware__dirichlet_a0.5__large_norm__seed45,45,dirichlet_a0.5,large_norm,c4_drift_aware
9,0.20041783154010773,2.122190475463867,2.0988124270006665,5,0,1,0,False,c4_drift_aware__dirichlet_a0.5__large_norm__seed45,45,dirichlet_a0.5,large_norm,c4_drift_aware
10,0.145543172955513,2.704214096069336,2.0747640959998535,2,3,1,1,False,c4_drift_aware__dirichlet_a0.5__large_norm__seed45,45,dirichlet_a0.5,large_norm,c4_drift_aware
11,0.23245126008987427,2.6293907165527344,2.0780736960005015,3,2,1,1,False,c4_drift_aware__dirichlet_a0.5__large_norm__seed45,45,dirichlet_a0.5,large_norm,c4_drift_aware
12,0.34484681487083435,2.546743869781494,2.049548154001968,2,3,1,1,False,c4_drift_aware__dirichlet_a0.5__large_norm__seed45,45,dirichlet_a0.5,large_norm,c4_drift_aware
13,0.23342618346214294,2.455979108810425,2.0885145909996936,3,2,1,1,False,c4_drift_aware__dirichlet_a0.5__large_norm__seed45,45,dirichlet_a0.5,large_norm,c4_drift_aware
14,0.3160167336463928,2.005415916442871,2.0485963259998243,3,2,1,1,False,c4_drift_aware__dirichlet_a0.5__large_norm__seed45,45,dirichlet_a0.5,large_norm,c4_drift_aware
15,0.2346796691417694,2.5244698524475098,2.0252684980005142,3,2,1,1,False,c4_drift_aware__dirichlet_a0.5__large_norm__seed45,45,dirichlet_a0.5,large_norm,c4_drift_aware
16,0.4033426344394684,1.9194015264511108,2.0410526460000256,3,2,1,1,False,c4_drift_aware__dirichlet_a0.5__large_norm__seed45,45,dirichlet_a0.5,large_norm,c4_drift_aware
17,0.30027854442596436,2.341529130935669,2.041436272997089,3,2,1,1,False,c4_drift_aware__dirichlet_a0.5__large_norm__seed45,45,dirichlet_a0.5,large_norm,c4_drift_aware
18,0.3792479336261749,1.9604524374008179,2.0226167740001983,3,2,1,1,False,c4_drift_aware__dirichlet_a0.5__large_norm__seed45,45,dirichlet_a0.5,large_norm,c4_drift_aware
19,0.32618385553359985,1.8770023584365845,2.1176291619995027,4,1,1,1,False,c4_drift_aware__dirichlet_a0.5__large_norm__seed45,45,dirichlet_a0.5,large_norm,c4_drift_aware
20,0.4182451367378235,1.8205337524414062,2.120567177000339,3,2,1,1,False,c4_drift_aware__dirichlet_a0.5__large_norm__seed45,45,dirichlet_a0.5,large_norm,c4_drift_aware
21,0.3792479336261749,1.865481972694397,1.902252211002633,4,1,1,1,False,c4_drift_aware__dirichlet_a0.5__large_norm__seed45,45,dirichlet_a0.5,large_norm,c4_drift_aware
22,0.4025069773197174,1.8630903959274292,2.087637413002085,3,2,1,1,False,c4_drift_aware__dirichlet_a0.5__large_norm__seed45,45,dirichlet_a0.5,large_norm,c4_drift_aware
23,0.38286909461021423,1.81671142578125,2.054728842998884,4,1,1,1,False,c4_drift_aware__dirichlet_a0.5__large_norm__seed45,45,dirichlet_a0.5,large_norm,c4_drift_aware
24,0.40473538637161255,1.8570388555526733,1.789973300001293,3,2,1,1,False,c4_drift_aware__dirichlet_a0.5__large_norm__seed45,45,dirichlet_a0.5,large_norm,c4_drift_aware
0,0.1866295337677002,2.1891534328460693,2.001729449002596,5,0,1,0,False,c4_drift_aware__dirichlet_a0.5__directional_poisoning__seed45,45,dirichlet_a0.5,directional_poisoning,c4_drift_aware
1,0.1863509863615036,2.1643946170806885,1.992755937997572,4,1,1,0,False,c4_drift_aware__dirichlet_a0.5__directional_poisoning__seed45,45,dirichlet_a0.5,directional_poisoning,c4_drift_aware
2,0.1863509863615036,2.20115327835083,2.079876579999109,5,0,1,0,False,c4_drift_aware__dirichlet_a0.5__directional_poisoning__seed45,45,dirichlet_a0.5,directional_poisoning,c4_drift_aware
3,0.1863509863615036,2.1975719928741455,1.8458004140011326,4,1,1,0,False,c4_drift_aware__dirichlet_a0.5__directional_poisoning__seed45,45,dirichlet_a0.5,directional_poisoning,c4_drift_aware
4,0.1863509863615036,2.205019474029541,2.0284428509985446,5,0,1,0,False,c4_drift_aware__dirichlet_a0.5__directional_poisoning__seed45,45,dirichlet_a0.5,directional_poisoning,c4_drift_aware
5,0.1863509863615036,2.206449508666992,2.0412069109988806,5,0,1,0,False,c4_drift_aware__dirichlet_a0.5__directional_poisoning__seed45,45,dirichlet_a0.5,directional_poisoning,c4_drift_aware
6,0.1863509863615036,2.207717180252075,1.8562504419969628,5,0,1,0,False,c4_drift_aware__dirichlet_a0.5__directional_poisoning__seed45,45,dirichlet_a0.5,directional_poisoning,c4_drift_aware
7,0.1863509863615036,2.177032709121704,2.0671750840010645,5,0,1,0,False,c4_drift_aware__dirichlet_a0.5__directional_poisoning__seed45,45,dirichlet_a0.5,directional_poisoning,c4_drift_aware
8,0.18217270076274872,2.183898448944092,2.090742707001482,4,1,1,0,False,c4_drift_aware__dirichlet_a0.5__directional_poisoning__seed45,45,dirichlet_a0.5,directional_poisoning,c4_drift_aware
9,0.20041783154010773,2.1222026348114014,2.118802044999029,5,0,1,0,False,c4_drift_aware__dirichlet_a0.5__directional_poisoning__seed45,45,dirichlet_a0.5,directional_poisoning,c4_drift_aware
10,0.24846796691417694,2.36413311958313,2.007647651997104,5,0,1,1,False,c4_drift_aware__dirichlet_a0.5__directional_poisoning__seed45,45,dirichlet_a0.5,directional_poisoning,c4_drift_aware
11,0.23579387366771698,2.203798532485962,1.8853015300010156,4,1,1,1,False,c4_drift_aware__dirichlet_a0.5__directional_poisoning__seed45,45,dirichlet_a0.5,directional_poisoning,c4_drift_aware
12,0.2270195037126541,2.123213768005371,2.0722012070000346,4,1,1,1,False,c4_drift_aware__dirichlet_a0.5__directional_poisoning__seed45,45,dirichlet_a0.5,directional_poisoning,c4_drift_aware
13,0.31922006607055664,2.038118839263916,2.030740991998755,4,1,1,1,False,c4_drift_aware__dirichlet_a0.5__directional_poisoning__seed45,45,dirichlet_a0.5,directional_poisoning,c4_drift_aware
14,0.3023676872253418,1.9805490970611572,2.072477082001569,4,1,1,1,False,c4_drift_aware__dirichlet_a0.5__directional_poisoning__seed45,45,dirichlet_a0.5,directional_poisoning,c4_drift_aware
15,0.2878830134868622,1.9947692155838013,1.9684882939982344,4,1,1,1,False,c4_drift_aware__dirichlet_a0.5__directional_poisoning__seed45,45,dirichlet_a0.5,directional_poisoning,c4_drift_aware
16,0.31573817133903503,1.9556593894958496,1.878703221998876,4,1,1,1,False,c4_drift_aware__dirichlet_a0.5__directional_poisoning__seed45,45,dirichlet_a0.5,directional_poisoning,c4_drift_aware
17,0.32562676072120667,1.9210395812988281,2.0420679909984756,4,1,1,1,False,c4_drift_aware__dirichlet_a0.5__directional_poisoning__seed45,45,dirichlet_a0.5,directional_poisoning,c4_drift_aware
18,0.32242339849472046,1.9044402837753296,2.076758923998568,4,1,1,1,False,c4_drift_aware__dirichlet_a0.5__directional_poisoning__seed45,45,dirichlet_a0.5,directional_poisoning,c4_drift_aware
19,0.33064067363739014,1.8689072132110596,2.0142197420027514,4,1,1,1,False,c4_drift_aware__dirichlet_a0.5__directional_poisoning__seed45,45,dirichlet_a0.5,directional_poisoning,c4_drift_aware
20,0.3199164569377899,1.8677290678024292,2.0712628119981673,4,1,1,1,False,c4_drift_aware__dirichlet_a0.5__directional_poisoning__seed45,45,dirichlet_a0.5,directional_poisoning,c4_drift_aware
21,0.38217270374298096,1.830817461013794,2.0873950089990103,4,1,1,1,False,c4_drift_aware__dirichlet_a0.5__directional_poisoning__seed45,45,dirichlet_a0.5,directional_poisoning,c4_drift_aware
22,0.37910863757133484,1.8536854982376099,2.0564726360025816,4,1,1,1,False,c4_drift_aware__dirichlet_a0.5__directional_poisoning__seed45,45,dirichlet_a0.5,directional_poisoning,c4_drift_aware
23,0.3835654556751251,1.8386772871017456,2.049005124001269,4,1,1,1,False,c4_drift_aware__dirichlet_a0.5__directional_poisoning__seed45,45,dirichlet_a0.5,directional_poisoning,c4_drift_aware
24,0.38161560893058777,1.8177363872528076,2.131450570999732,4,1,1,1,False,c4_drift_aware__dirichlet_a0.5__directional_poisoning__seed45,45,dirichlet_a0.5,directional_poisoning,c4_drift_aware
0,0.1866295337677002,2.1891536712646484,2.0546000549984456,5,0,1,0,False,c4_drift_aware__dirichlet_a0.5__sparse_coordinate_attack__seed45,45,dirichlet_a0.5,sparse_coordinate_attack,c4_drift_aware
1,0.1863509863615036,2.1643869876861572,2.03949697400094,4,1,1,0,False,c4_drift_aware__dirichlet_a0.5__sparse_coordinate_attack__seed45,45,dirichlet_a0.5,sparse_coordinate_attack,c4_drift_aware
2,0.1863509863615036,2.2011654376983643,2.029368693998549,5,0,1,0,False,c4_drift_aware__dirichlet_a0.5__sparse_coordinate_attack__seed45,45,dirichlet_a0.5,sparse_coordinate_attack,c4_drift_aware
3,0.1863509863615036,2.1974117755889893,2.040316096001334,4,1,1,0,False,c4_drift_aware__dirichlet_a0.5__sparse_coordinate_attack__seed45,45,dirichlet_a0.5,sparse_coordinate_attack,c4_drift_aware
4,0.1863509863615036,2.2049601078033447,2.0300580310031364,5,0,1,0,False,c4_drift_aware__dirichlet_a0.5__sparse_coordinate_attack__seed45,45,dirichlet_a0.5,sparse_coordinate_attack,c4_drift_aware
5,0.1863509863615036,2.20690655708313,2.0570133549990715,5,0,1,0,False,c4_drift_aware__dirichlet_a0.5__sparse_coordinate_attack__seed45,45,dirichlet_a0.5,sparse_coordinate_attack,c4_drift_aware
6,0.1863509863615036,2.2083699703216553,2.0987338830018416,5,0,1,0,False,c4_drift_aware__dirichlet_a0.5__sparse_coordinate_attack__seed45,45,dirichlet_a0.5,sparse_coordinate_attack,c4_drift_aware
7,0.1863509863615036,2.1771819591522217,2.003957281998737,5,0,1,0,False,c4_drift_aware__dirichlet_a0.5__sparse_coordinate_attack__seed45,45,dirichlet_a0.5,sparse_coordinate_attack,c4_drift_aware
8,0.18551532924175262,2.1837756633758545,2.1282445500000904,4,1,1,0,False,c4_drift_aware__dirichlet_a0.5__sparse_coordinate_attack__seed45,45,dirichlet_a0.5,sparse_coordinate_attack,c4_drift_aware
9,0.20041783154010773,2.122258186340332,2.0383333940008015,5,0,1,0,False,c4_drift_aware__dirichlet_a0.5__sparse_coordinate_attack__seed45,45,dirichlet_a0.5,sparse_coordinate_attack,c4_drift_aware
10,0.19233983755111694,2.235811233520508,2.054951510999672,4,1,1,1,False,c4_drift_aware__dirichlet_a0.5__sparse_coordinate_attack__seed45,45,dirichlet_a0.5,sparse_coordinate_attack,c4_drift_aware
11,0.23036211729049683,2.1740663051605225,2.064410951999889,4,1,1,1,False,c4_drift_aware__dirichlet_a0.5__sparse_coordinate_attack__seed45,45,dirichlet_a0.5,sparse_coordinate_attack,c4_drift_aware
12,0.2607242465019226,2.1022772789001465,1.8938266679979279,4,1,1,1,False,c4_drift_aware__dirichlet_a0.5__sparse_coordinate_attack__seed45,45,dirichlet_a0.5,sparse_coordinate_attack,c4_drift_aware
13,0.3172701895236969,2.0232276916503906,2.0852676750000683,4,1,1,1,False,c4_drift_aware__dirichlet_a0.5__sparse_coordinate_attack__seed45,45,dirichlet_a0.5,sparse_coordinate_attack,c4_drift_aware
14,0.28816157579421997,1.9893118143081665,2.0745791610024753,4,1,1,1,False,c4_drift_aware__dirichlet_a0.5__sparse_coordinate_attack__seed45,45,dirichlet_a0.5,sparse_coordinate_attack,c4_drift_aware
15,0.31963789463043213,1.9476388692855835,2.1174384099977033,4,1,1,1,False,c4_drift_aware__dirichlet_a0.5__sparse_coordinate_attack__seed45,45,dirichlet_a0.5,sparse_coordinate_attack,c4_drift_aware
16,0.3320334255695343,1.9414148330688477,2.1569419449988345,4,1,1,1,False,c4_drift_aware__dirichlet_a0.5__sparse_coordinate_attack__seed45,45,dirichlet_a0.5,sparse_coordinate_attack,c4_drift_aware
17,0.3068245053291321,1.9304968118667603,2.0767511969970656,4,1,1,1,False,c4_drift_aware__dirichlet_a0.5__sparse_coordinate_attack__seed45,45,dirichlet_a0.5,sparse_coordinate_attack,c4_drift_aware
18,0.32311978936195374,1.8870198726654053,2.0918832429997565,4,1,1,1,False,c4_drift_aware__dirichlet_a0.5__sparse_coordinate_attack__seed45,45,dirichlet_a0.5,sparse_coordinate_attack,c4_drift_aware
19,0.3161559998989105,1.8928022384643555,2.1736568630003603,4,1,1,1,False,c4_drift_aware__dirichlet_a0.5__sparse_coordinate_attack__seed45,45,dirichlet_a0.5,sparse_coordinate_attack,c4_drift_aware
20,0.33050140738487244,1.8486328125,1.813043607999134,4,1,1,1,False,c4_drift_aware__dirichlet_a0.5__sparse_coordinate_attack__seed45,45,dirichlet_a0.5,sparse_coordinate_attack,c4_drift_aware
21,0.3852367699146271,1.8293347358703613,2.0626427269999112,4,1,1,1,False,c4_drift_aware__dirichlet_a0.5__sparse_coordinate_attack__seed45,45,dirichlet_a0.5,sparse_coordinate_attack,c4_drift_aware
22,0.38565459847450256,1.838321566581726,2.1205448010005057,4,1,1,1,False,c4_drift_aware__dirichlet_a0.5__sparse_coordinate_attack__seed45,45,dirichlet_a0.5,sparse_coordinate_attack,c4_drift_aware
23,0.37896937131881714,1.8278635740280151,2.046704983997188,4,1,1,1,False,c4_drift_aware__dirichlet_a0.5__sparse_coordinate_attack__seed45,45,dirichlet_a0.5,sparse_coordinate_attack,c4_drift_aware
24,0.3809192180633545,1.8337825536727905,2.0442056249994494,4,1,1,1,False,c4_drift_aware__dirichlet_a0.5__sparse_coordinate_attack__seed45,45,dirichlet_a0.5,sparse_coordinate_attack,c4_drift_aware
0,0.1866295337677002,2.189150810241699,2.0530077850016824,5,0,1,0,False,c4_drift_aware__dirichlet_a0.5__full_sign_flip__seed45,45,dirichlet_a0.5,full_sign_flip,c4_drift_aware
1,0.1863509863615036,2.1643359661102295,2.0363198529994406,4,1,1,0,False,c4_drift_aware__dirichlet_a0.5__full_sign_flip__seed45,45,dirichlet_a0.5,full_sign_flip,c4_drift_aware
2,0.1863509863615036,2.201059103012085,2.0628524020030454,5,0,1,0,False,c4_drift_aware__dirichlet_a0.5__full_sign_flip__seed45,45,dirichlet_a0.5,full_sign_flip,c4_drift_aware
3,0.1863509863615036,2.1977508068084717,2.091414167000039,4,1,1,0,False,c4_drift_aware__dirichlet_a0.5__full_sign_flip__seed45,45,dirichlet_a0.5,full_sign_flip,c4_drift_aware
4,0.1863509863615036,2.2049660682678223,2.0742229919997044,5,0,1,0,False,c4_drift_aware__dirichlet_a0.5__full_sign_flip__seed45,45,dirichlet_a0.5,full_sign_flip,c4_drift_aware
5,0.1863509863615036,2.2064731121063232,1.8193718069996976,5,0,1,0,False,c4_drift_aware__dirichlet_a0.5__full_sign_flip__seed45,45,dirichlet_a0.5,full_sign_flip,c4_drift_aware
6,0.1863509863615036,2.2084202766418457,2.090909725000529,5,0,1,0,False,c4_drift_aware__dirichlet_a0.5__full_sign_flip__seed45,45,dirichlet_a0.5,full_sign_flip,c4_drift_aware
7,0.1863509863615036,2.177213191986084,2.053981035001925,5,0,1,0,False,c4_drift_aware__dirichlet_a0.5__full_sign_flip__seed45,45,dirichlet_a0.5,full_sign_flip,c4_drift_aware
8,0.18370473384857178,2.1838178634643555,2.009789619001822,4,1,1,0,False,c4_drift_aware__dirichlet_a0.5__full_sign_flip__seed45,45,dirichlet_a0.5,full_sign_flip,c4_drift_aware
9,0.20069637894630432,2.1219871044158936,2.096195310998155,5,0,1,0,False,c4_drift_aware__dirichlet_a0.5__full_sign_flip__seed45,45,dirichlet_a0.5,full_sign_flip,c4_drift_aware
10,0.24846796691417694,2.3630800247192383,2.050135831999796,5,0,1,1,False,c4_drift_aware__dirichlet_a0.5__full_sign_flip__seed45,45,dirichlet_a0.5,full_sign_flip,c4_drift_aware
11,0.23356546461582184,2.2038002014160156,2.061696889002633,4,1,1,1,False,c4_drift_aware__dirichlet_a0.5__full_sign_flip__seed45,45,dirichlet_a0.5,full_sign_flip,c4_drift_aware
12,0.227158784866333,2.1224374771118164,2.1477206029994704,4,1,1,1,False,c4_drift_aware__dirichlet_a0.5__full_sign_flip__seed45,45,dirichlet_a0.5,full_sign_flip,c4_drift_aware
13,0.31963789463043213,2.0375399589538574,2.0433699369968963,4,1,1,1,False,c4_drift_aware__dirichlet_a0.5__full_sign_flip__seed45,45,dirichlet_a0.5,full_sign_flip,c4_drift_aware
14,0.3027855157852173,1.980455994606018,2.013196723000874,4,1,1,1,False,c4_drift_aware__dirichlet_a0.5__full_sign_flip__seed45,45,dirichlet_a0.5,full_sign_flip,c4_drift_aware
15,0.287325918674469,1.996584177017212,1.8174162959985551,4,1,1,1,False,c4_drift_aware__dirichlet_a0.5__full_sign_flip__seed45,45,dirichlet_a0.5,full_sign_flip,c4_drift_aware
16,0.3160167336463928,1.9558088779449463,2.008092222000414,4,1,1,1,False,c4_drift_aware__dirichlet_a0.5__full_sign_flip__seed45,45,dirichlet_a0.5,full_sign_flip,c4_drift_aware
17,0.32562676072120667,1.9210249185562134,2.0389756690019567,4,1,1,1,False,c4_drift_aware__dirichlet_a0.5__full_sign_flip__seed45,45,dirichlet_a0.5,full_sign_flip,c4_drift_aware
18,0.32186630368232727,1.905375599861145,2.0760677469988877,4,1,1,1,False,c4_drift_aware__dirichlet_a0.5__full_sign_flip__seed45,45,dirichlet_a0.5,full_sign_flip,c4_drift_aware
19,0.33036211133003235,1.8683236837387085,2.073672233000252,4,1,1,1,False,c4_drift_aware__dirichlet_a0.5__full_sign_flip__seed45,45,dirichlet_a0.5,full_sign_flip,c4_drift_aware
20,0.31922006607055664,1.8683346509933472,2.0746654249996936,4,1,1,1,False,c4_drift_aware__dirichlet_a0.5__full_sign_flip__seed45,45,dirichlet_a0.5,full_sign_flip,c4_drift_aware
21,0.3832869231700897,1.8443233966827393,2.0596123110008193,4,1,1,1,False,c4_drift_aware__dirichlet_a0.5__full_sign_flip__seed45,45,dirichlet_a0.5,full_sign_flip,c4_drift_aware
22,0.3792479336261749,1.8516509532928467,2.128014843001438,4,1,1,1,False,c4_drift_aware__dirichlet_a0.5__full_sign_flip__seed45,45,dirichlet_a0.5,full_sign_flip,c4_drift_aware
23,0.3832869231700897,1.838486671447754,2.0535494809992088,4,1,1,1,False,c4_drift_aware__dirichlet_a0.5__full_sign_flip__seed45,45,dirichlet_a0.5,full_sign_flip,c4_drift_aware
24,0.38147634267807007,1.8156629800796509,2.078249317997688,4,1,1,1,False,c4_drift_aware__dirichlet_a0.5__full_sign_flip__seed45,45,dirichlet_a0.5,full_sign_flip,c4_drift_aware
0,0.1866295337677002,2.1891534328460693,2.086405776000902,5,0,1,0,False,c4_drift_aware__dirichlet_a0.5__low_norm__seed45,45,dirichlet_a0.5,low_norm,c4_drift_aware
1,0.1863509863615036,2.16440749168396,2.063049091000721,4,1,1,0,False,c4_drift_aware__dirichlet_a0.5__low_norm__seed45,45,dirichlet_a0.5,low_norm,c4_drift_aware
2,0.1863509863615036,2.201162576675415,2.113673148000089,5,0,1,0,False,c4_drift_aware__dirichlet_a0.5__low_norm__seed45,45,dirichlet_a0.5,low_norm,c4_drift_aware
3,0.1863509863615036,2.1974081993103027,2.11588252099682,4,1,1,0,False,c4_drift_aware__dirichlet_a0.5__low_norm__seed45,45,dirichlet_a0.5,low_norm,c4_drift_aware
4,0.1863509863615036,2.204883098602295,2.0852888509980403,5,0,1,0,False,c4_drift_aware__dirichlet_a0.5__low_norm__seed45,45,dirichlet_a0.5,low_norm,c4_drift_aware
5,0.1863509863615036,2.2064664363861084,2.05291305299761,5,0,1,0,False,c4_drift_aware__dirichlet_a0.5__low_norm__seed45,45,dirichlet_a0.5,low_norm,c4_drift_aware
6,0.1863509863615036,2.208423137664795,2.0761268789974565,5,0,1,0,False,c4_drift_aware__dirichlet_a0.5__low_norm__seed45,45,dirichlet_a0.5,low_norm,c4_drift_aware
7,0.1863509863615036,2.1774044036865234,2.119954345002043,5,0,1,0,False,c4_drift_aware__dirichlet_a0.5__low_norm__seed45,45,dirichlet_a0.5,low_norm,c4_drift_aware
8,0.18454039096832275,2.183856725692749,2.007724431998213,4,1,1,0,False,c4_drift_aware__dirichlet_a0.5__low_norm__seed45,45,dirichlet_a0.5,low_norm,c4_drift_aware
9,0.20041783154010773,2.1223883628845215,2.036913634001394,5,0,1,0,False,c4_drift_aware__dirichlet_a0.5__low_norm__seed45,45,dirichlet_a0.5,low_norm,c4_drift_aware
10,0.18871866166591644,2.1832194328308105,2.028128650999861,5,0,1,1,False,c4_drift_aware__dirichlet_a0.5__low_norm__seed45,45,dirichlet_a0.5,low_norm,c4_drift_aware
11,0.2314763218164444,2.1845009326934814,2.0298581389979518,5,0,1,1,False,c4_drift_aware__dirichlet_a0.5__low_norm__seed45,45,dirichlet_a0.5,low_norm,c4_drift_aware
12,0.2272980511188507,2.1327438354492188,1.9837512350022735,5,0,1,1,False,c4_drift_aware__dirichlet_a0.5__low_norm__seed45,45,dirichlet_a0.5,low_norm,c4_drift_aware
13,0.31880223751068115,2.060746431350708,2.0264053129976674,5,0,1,1,False,c4_drift_aware__dirichlet_a0.5__low_norm__seed45,45,dirichlet_a0.5,low_norm,c4_drift_aware
14,0.25543177127838135,2.028874397277832,2.0359973300001,5,0,1,1,False,c4_drift_aware__dirichlet_a0.5__low_norm__seed45,45,dirichlet_a0.5,low_norm,c4_drift_aware
15,0.3089136481285095,1.9875214099884033,2.040553064998676,5,0,1,1,False,c4_drift_aware__dirichlet_a0.5__low_norm__seed45,45,dirichlet_a0.5,low_norm,c4_drift_aware
16,0.3135097622871399,1.9722808599472046,2.047449490000872,5,0,1,1,False,c4_drift_aware__dirichlet_a0.5__low_norm__seed45,45,dirichlet_a0.5,low_norm,c4_drift_aware
17,0.3246518075466156,1.9423803091049194,2.0531666860006226,5,0,1,1,False,c4_drift_aware__dirichlet_a0.5__low_norm__seed45,45,dirichlet_a0.5,low_norm,c4_drift_aware
18,0.3200557231903076,1.9272229671478271,2.112365848999616,5,0,1,1,False,c4_drift_aware__dirichlet_a0.5__low_norm__seed45,45,dirichlet_a0.5,low_norm,c4_drift_aware
19,0.33050140738487244,1.8913813829421997,2.040354385997489,5,0,1,1,False,c4_drift_aware__dirichlet_a0.5__low_norm__seed45,45,dirichlet_a0.5,low_norm,c4_drift_aware
20,0.31880223751068115,1.886046290397644,2.0424068859974795,5,0,1,1,False,c4_drift_aware__dirichlet_a0.5__low_norm__seed45,45,dirichlet_a0.5,low_norm,c4_drift_aware
21,0.3169916570186615,1.876896858215332,2.0327487549984653,5,0,1,1,False,c4_drift_aware__dirichlet_a0.5__low_norm__seed45,45,dirichlet_a0.5,low_norm,c4_drift_aware
22,0.32284122705459595,1.873477816581726,2.101729625999724,5,0,1,1,False,c4_drift_aware__dirichlet_a0.5__low_norm__seed45,45,dirichlet_a0.5,low_norm,c4_drift_aware
23,0.3366295397281647,1.8529683351516724,2.068554277997464,5,0,1,1,False,c4_drift_aware__dirichlet_a0.5__low_norm__seed45,45,dirichlet_a0.5,low_norm,c4_drift_aware
24,0.3841225802898407,1.8392407894134521,2.084370914999454,5,0,1,1,False,c4_drift_aware__dirichlet_a0.5__low_norm__seed45,45,dirichlet_a0.5,low_norm,c4_drift_aware
0,0.1717270165681839,2.1708874702453613,2.0651796940001077,5,0,1,0,False,c4_drift_aware__dirichlet_a0.5__no_attack__seed46,46,dirichlet_a0.5,no_attack,c4_drift_aware
1,0.1863509863615036,2.1520073413848877,2.078072025000438,4,1,1,0,False,c4_drift_aware__dirichlet_a0.5__no_attack__seed46,46,dirichlet_a0.5,no_attack,c4_drift_aware
2,0.1717270165681839,2.1112637519836426,2.0735828850010876,5,0,1,0,False,c4_drift_aware__dirichlet_a0.5__no_attack__seed46,46,dirichlet_a0.5,no_attack,c4_drift_aware
3,0.1863509863615036,2.107207775115967,2.0181445220005116,4,1,1,0,False,c4_drift_aware__dirichlet_a0.5__no_attack__seed46,46,dirichlet_a0.5,no_attack,c4_drift_aware
4,0.29651811718940735,2.090847969055176,2.0860706479979854,5,0,1,0,False,c4_drift_aware__dirichlet_a0.5__no_attack__seed46,46,dirichlet_a0.5,no_attack,c4_drift_aware
5,0.1863509863615036,2.085981607437134,2.060782348002249,4,1,1,0,False,c4_drift_aware__dirichlet_a0.5__no_attack__seed46,46,dirichlet_a0.5,no_attack,c4_drift_aware
6,0.34094709157943726,2.0626490116119385,2.0649329709995072,5,0,1,0,False,c4_drift_aware__dirichlet_a0.5__no_attack__seed46,46,dirichlet_a0.5,no_attack,c4_drift_aware
7,0.2688022255897522,2.058492660522461,2.050886591001472,5,0,1,0,False,c4_drift_aware__dirichlet_a0.5__no_attack__seed46,46,dirichlet_a0.5,no_attack,c4_drift_aware
8,0.31448468565940857,2.0015676021575928,2.055078952002077,5,0,1,0,False,c4_drift_aware__dirichlet_a0.5__no_attack__seed46,46,dirichlet_a0.5,no_attack,c4_drift_aware
9,0.35278552770614624,1.9846515655517578,2.077521526000055,5,0,1,0,False,c4_drift_aware__dirichlet_a0.5__no_attack__seed46,46,dirichlet_a0.5,no_attack,c4_drift_aware
10,0.3548746705055237,1.9479113817214966,2.0379838180015213,5,0,1,1,False,c4_drift_aware__dirichlet_a0.5__no_attack__seed46,46,dirichlet_a0.5,no_attack,c4_drift_aware
11,0.36768803000450134,1.86519193649292,2.170611060999363,5,0,1,1,False,c4_drift_aware__dirichlet_a0.5__no_attack__seed46,46,dirichlet_a0.5,no_attack,c4_drift_aware
12,0.388579398393631,1.7924888134002686,2.0385411589995783,5,0,1,1,False,c4_drift_aware__dirichlet_a0.5__no_attack__seed46,46,dirichlet_a0.5,no_attack,c4_drift_aware
13,0.4140668511390686,1.7312453985214233,2.048354399998061,5,0,1,1,False,c4_drift_aware__dirichlet_a0.5__no_attack__seed46,46,dirichlet_a0.5,no_attack,c4_drift_aware
14,0.4596100449562073,1.698983907699585,2.0819191330010653,5,0,1,1,False,c4_drift_aware__dirichlet_a0.5__no_attack__seed46,46,dirichlet_a0.5,no_attack,c4_drift_aware
15,0.4181058704853058,1.648786187171936,2.104667530998995,5,0,1,1,False,c4_drift_aware__dirichlet_a0.5__no_attack__seed46,46,dirichlet_a0.5,no_attack,c4_drift_aware
16,0.4930362105369568,1.6261448860168457,2.040414236002107,5,0,1,1,False,c4_drift_aware__dirichlet_a0.5__no_attack__seed46,46,dirichlet_a0.5,no_attack,c4_drift_aware
17,0.49387186765670776,1.6041022539138794,2.0876342570009,5,0,1,1,False,c4_drift_aware__dirichlet_a0.5__no_attack__seed46,46,dirichlet_a0.5,no_attack,c4_drift_aware
18,0.4883008599281311,1.5876202583312988,2.051567628997873,5,0,1,1,False,c4_drift_aware__dirichlet_a0.5__no_attack__seed46,46,dirichlet_a0.5,no_attack,c4_drift_aware
19,0.4958217442035675,1.5662857294082642,2.0811192319997645,5,0,1,1,False,c4_drift_aware__dirichlet_a0.5__no_attack__seed46,46,dirichlet_a0.5,no_attack,c4_drift_aware
20,0.5066852569580078,1.5475386381149292,2.0787252520021866,5,0,1,1,False,c4_drift_aware__dirichlet_a0.5__no_attack__seed46,46,dirichlet_a0.5,no_attack,c4_drift_aware
21,0.5089136362075806,1.5314388275146484,2.095296822997625,5,0,1,1,False,c4_drift_aware__dirichlet_a0.5__no_attack__seed46,46,dirichlet_a0.5,no_attack,c4_drift_aware
22,0.5052924752235413,1.5296183824539185,2.10034393299793,5,0,1,1,False,c4_drift_aware__dirichlet_a0.5__no_attack__seed46,46,dirichlet_a0.5,no_attack,c4_drift_aware
23,0.49846798181533813,1.5144691467285156,2.057573196001613,5,0,1,1,False,c4_drift_aware__dirichlet_a0.5__no_attack__seed46,46,dirichlet_a0.5,no_attack,c4_drift_aware
24,0.5097492933273315,1.494664192199707,2.0700390040001366,5,0,1,1,False,c4_drift_aware__dirichlet_a0.5__no_attack__seed46,46,dirichlet_a0.5,no_attack,c4_drift_aware
0,0.1717270165681839,2.1708900928497314,2.216138552001212,5,0,1,0,False,c4_drift_aware__dirichlet_a0.5__large_norm__seed46,46,dirichlet_a0.5,large_norm,c4_drift_aware
1,0.1863509863615036,2.152010679244995,2.050115051002649,4,1,1,0,False,c4_drift_aware__dirichlet_a0.5__large_norm__seed46,46,dirichlet_a0.5,large_norm,c4_drift_aware
2,0.1717270165681839,2.1116812229156494,2.077395386000717,5,0,1,0,False,c4_drift_aware__dirichlet_a0.5__large_norm__seed46,46,dirichlet_a0.5,large_norm,c4_drift_aware
3,0.1863509863615036,2.1071619987487793,2.059347874001105,4,1,1,0,False,c4_drift_aware__dirichlet_a0.5__large_norm__seed46,46,dirichlet_a0.5,large_norm,c4_drift_aware
4,0.3025069832801819,2.0908102989196777,1.9735829159981222,5,0,1,0,False,c4_drift_aware__dirichlet_a0.5__large_norm__seed46,46,dirichlet_a0.5,large_norm,c4_drift_aware
5,0.1863509863615036,2.086122512817383,2.0202918899994984,4,1,1,0,False,c4_drift_aware__dirichlet_a0.5__large_norm__seed46,46,dirichlet_a0.5,large_norm,c4_drift_aware
6,0.34094709157943726,2.063007116317749,2.0133462580015475,5,0,1,0,False,c4_drift_aware__dirichlet_a0.5__large_norm__seed46,46,dirichlet_a0.5,large_norm,c4_drift_aware
7,0.2685236930847168,2.058561086654663,2.013060585002677,5,0,1,0,False,c4_drift_aware__dirichlet_a0.5__large_norm__seed46,46,dirichlet_a0.5,large_norm,c4_drift_aware
8,0.31559890508651733,2.0018582344055176,2.0894905750028556,5,0,1,0,False,c4_drift_aware__dirichlet_a0.5__large_norm__seed46,46,dirichlet_a0.5,large_norm,c4_drift_aware
9,0.35278552770614624,1.9846731424331665,2.062458524000249,5,0,1,0,False,c4_drift_aware__dirichlet_a0.5__large_norm__seed46,46,dirichlet_a0.5,large_norm,c4_drift_aware
10,0.2681058645248413,2.6548871994018555,2.118863360999967,1,4,1,1,False,c4_drift_aware__dirichlet_a0.5__large_norm__seed46,46,dirichlet_a0.5,large_norm,c4_drift_aware
11,0.15055710077285767,2.1813950538635254,2.1487870589990052,2,3,1,1,False,c4_drift_aware__dirichlet_a0.5__large_norm__seed46,46,dirichlet_a0.5,large_norm,c4_drift_aware
12,0.3388579487800598,1.8919029235839844,2.084984936998808,2,3,1,1,False,c4_drift_aware__dirichlet_a0.5__large_norm__seed46,46,dirichlet_a0.5,large_norm,c4_drift_aware
13,0.05445682629942894,2.5921244621276855,2.0792349449984613,1,4,1,1,False,c4_drift_aware__dirichlet_a0.5__large_norm__seed46,46,dirichlet_a0.5,large_norm,c4_drift_aware
14,0.2908078134059906,1.8087286949157715,2.0548212679968856,3,2,1,1,False,c4_drift_aware__dirichlet_a0.5__large_norm__seed46,46,dirichlet_a0.5,large_norm,c4_drift_aware
15,0.31518107652664185,1.9514294862747192,2.083527202001278,2,3,1,1,False,c4_drift_aware__dirichlet_a0.5__large_norm__seed46,46,dirichlet_a0.5,large_norm,c4_drift_aware
16,0.3289693593978882,1.782498836517334,2.0930118699980085,3,2,1,1,False,c4_drift_aware__dirichlet_a0.5__large_norm__seed46,46,dirichlet_a0.5,large_norm,c4_drift_aware
17,0.2958217263221741,1.98177170753479,2.0795288480003364,2,3,1,1,False,c4_drift_aware__dirichlet_a0.5__large_norm__seed46,46,dirichlet_a0.5,large_norm,c4_drift_aware
18,0.31197771430015564,1.7119325399398804,2.07859032000124,3,2,1,1,False,c4_drift_aware__dirichlet_a0.5__large_norm__seed46,46,dirichlet_a0.5,large_norm,c4_drift_aware
19,0.29233983159065247,1.773664116859436,2.113394514999527,3,2,1,1,False,c4_drift_aware__dirichlet_a0.5__large_norm__seed46,46,dirichlet_a0.5,large_norm,c4_drift_aware
20,0.4913649260997772,1.5949357748031616,2.0975746959993558,4,1,1,1,False,c4_drift_aware__dirichlet_a0.5__large_norm__seed46,46,dirichlet_a0.5,large_norm,c4_drift_aware
21,0.39275768399238586,1.7328543663024902,2.0317054579973046,3,2,1,1,False,c4_drift_aware__dirichlet_a0.5__large_norm__seed46,46,dirichlet_a0.5,large_norm,c4_drift_aware
22,0.5032033324241638,1.5564513206481934,2.0548426509994897,4,1,1,1,False,c4_drift_aware__dirichlet_a0.5__large_norm__seed46,46,dirichlet_a0.5,large_norm,c4_drift_aware
23,0.49122563004493713,1.5575495958328247,2.0669055540020054,4,1,1,1,False,c4_drift_aware__dirichlet_a0.5__large_norm__seed46,46,dirichlet_a0.5,large_norm,c4_drift_aware
24,0.4993036389350891,1.5320850610733032,2.0823166080008377,4,1,1,1,False,c4_drift_aware__dirichlet_a0.5__large_norm__seed46,46,dirichlet_a0.5,large_norm,c4_drift_aware
0,0.1717270165681839,2.1708874702453613,2.0940769709995948,5,0,1,0,False,c4_drift_aware__dirichlet_a0.5__directional_poisoning__seed46,46,dirichlet_a0.5,directional_poisoning,c4_drift_aware
1,0.1863509863615036,2.1519978046417236,2.1000234540006204,4,1,1,0,False,c4_drift_aware__dirichlet_a0.5__directional_poisoning__seed46,46,dirichlet_a0.5,directional_poisoning,c4_drift_aware
2,0.1717270165681839,2.1116788387298584,2.1252568419986346,5,0,1,0,False,c4_drift_aware__dirichlet_a0.5__directional_poisoning__seed46,46,dirichlet_a0.5,directional_poisoning,c4_drift_aware
3,0.1863509863615036,2.1070234775543213,2.116766901999654,4,1,1,0,False,c4_drift_aware__dirichlet_a0.5__directional_poisoning__seed46,46,dirichlet_a0.5,directional_poisoning,c4_drift_aware
4,0.3012534976005554,2.0909650325775146,2.160460384002363,5,0,1,0,False,c4_drift_aware__dirichlet_a0.5__directional_poisoning__seed46,46,dirichlet_a0.5,directional_poisoning,c4_drift_aware
5,0.1863509863615036,2.086108922958374,2.062548035999498,4,1,1,0,False,c4_drift_aware__dirichlet_a0.5__directional_poisoning__seed46,46,dirichlet_a0.5,directional_poisoning,c4_drift_aware
6,0.33788302540779114,2.063037633895874,2.0834801540004264,5,0,1,0,False,c4_drift_aware__dirichlet_a0.5__directional_poisoning__seed46,46,dirichlet_a0.5,directional_poisoning,c4_drift_aware
7,0.2693593502044678,2.0582032203674316,2.0423023350012954,5,0,1,0,False,c4_drift_aware__dirichlet_a0.5__directional_poisoning__seed46,46,dirichlet_a0.5,directional_poisoning,c4_drift_aware
8,0.3140668570995331,2.001432418823242,2.036785713997233,5,0,1,0,False,c4_drift_aware__dirichlet_a0.5__directional_poisoning__seed46,46,dirichlet_a0.5,directional_poisoning,c4_drift_aware
9,0.35236769914627075,1.9839380979537964,2.1002799310008413,5,0,1,0,False,c4_drift_aware__dirichlet_a0.5__directional_poisoning__seed46,46,dirichlet_a0.5,directional_poisoning,c4_drift_aware
10,0.19582173228263855,2.0468010902404785,2.07041160800145,5,0,1,1,False,c4_drift_aware__dirichlet_a0.5__directional_poisoning__seed46,46,dirichlet_a0.5,directional_poisoning,c4_drift_aware
11,0.2721448540687561,1.945701003074646,2.046513778001099,4,1,1,1,False,c4_drift_aware__dirichlet_a0.5__directional_poisoning__seed46,46,dirichlet_a0.5,directional_poisoning,c4_drift_aware
12,0.40766018629074097,1.8649322986602783,2.072795511001459,4,1,1,1,False,c4_drift_aware__dirichlet_a0.5__directional_poisoning__seed46,46,dirichlet_a0.5,directional_poisoning,c4_drift_aware
13,0.4331476390361786,1.8168662786483765,2.0660003690027224,4,1,1,1,False,c4_drift_aware__dirichlet_a0.5__directional_poisoning__seed46,46,dirichlet_a0.5,directional_poisoning,c4_drift_aware
14,0.43495821952819824,1.7631824016571045,2.0464279430016177,4,1,1,1,False,c4_drift_aware__dirichlet_a0.5__directional_poisoning__seed46,46,dirichlet_a0.5,directional_poisoning,c4_drift_aware
15,0.43440112471580505,1.7211992740631104,2.0343184390003444,4,1,1,1,False,c4_drift_aware__dirichlet_a0.5__directional_poisoning__seed46,46,dirichlet_a0.5,directional_poisoning,c4_drift_aware
16,0.2753481864929199,1.7994571924209595,1.9804716640028346,5,0,1,1,False,c4_drift_aware__dirichlet_a0.5__directional_poisoning__seed46,46,dirichlet_a0.5,directional_poisoning,c4_drift_aware
17,0.4289693832397461,1.6838010549545288,2.016035565000493,4,1,1,1,False,c4_drift_aware__dirichlet_a0.5__directional_poisoning__seed46,46,dirichlet_a0.5,directional_poisoning,c4_drift_aware
18,0.4284122586250305,1.6514016389846802,2.0457776869989175,4,1,1,1,False,c4_drift_aware__dirichlet_a0.5__directional_poisoning__seed46,46,dirichlet_a0.5,directional_poisoning,c4_drift_aware
19,0.1940111517906189,1.815487027168274,1.8403791630007618,5,0,1,1,False,c4_drift_aware__dirichlet_a0.5__directional_poisoning__seed46,46,dirichlet_a0.5,directional_poisoning,c4_drift_aware
20,0.4215877652168274,1.6427652835845947,2.0323281380005938,4,1,1,1,False,c4_drift_aware__dirichlet_a0.5__directional_poisoning__seed46,46,dirichlet_a0.5,directional_poisoning,c4_drift_aware
21,0.41504180431365967,1.6246634721755981,1.9937555360011174,4,1,1,1,False,c4_drift_aware__dirichlet_a0.5__directional_poisoning__seed46,46,dirichlet_a0.5,directional_poisoning,c4_drift_aware
22,0.43440112471580505,1.5925856828689575,2.042579500001011,4,1,1,1,False,c4_drift_aware__dirichlet_a0.5__directional_poisoning__seed46,46,dirichlet_a0.5,directional_poisoning,c4_drift_aware
23,0.4967966675758362,1.5823228359222412,2.0559245719996397,4,1,1,1,False,c4_drift_aware__dirichlet_a0.5__directional_poisoning__seed46,46,dirichlet_a0.5,directional_poisoning,c4_drift_aware
24,0.49777159094810486,1.5656757354736328,2.091753807999339,4,1,1,1,False,c4_drift_aware__dirichlet_a0.5__directional_poisoning__seed46,46,dirichlet_a0.5,directional_poisoning,c4_drift_aware
0,0.1717270165681839,2.1708874702453613,2.112638505997893,5,0,1,0,False,c4_drift_aware__dirichlet_a0.5__sparse_coordinate_attack__seed46,46,dirichlet_a0.5,sparse_coordinate_attack,c4_drift_aware
1,0.1863509863615036,2.1519951820373535,2.0490310070017586,4,1,1,0,False,c4_drift_aware__dirichlet_a0.5__sparse_coordinate_attack__seed46,46,dirichlet_a0.5,sparse_coordinate_attack,c4_drift_aware
2,0.1717270165681839,2.111661672592163,2.0191244349989574,5,0,1,0,False,c4_drift_aware__dirichlet_a0.5__sparse_coordinate_attack__seed46,46,dirichlet_a0.5,sparse_coordinate_attack,c4_drift_aware
3,0.1863509863615036,2.107071876525879,2.031330441001046,4,1,1,0,False,c4_drift_aware__dirichlet_a0.5__sparse_coordinate_attack__seed46,46,dirichlet_a0.5,sparse_coordinate_attack,c4_drift_aware
4,0.2979108691215515,2.0909841060638428,2.022538920002262,5,0,1,0,False,c4_drift_aware__dirichlet_a0.5__sparse_coordinate_attack__seed46,46,dirichlet_a0.5,sparse_coordinate_attack,c4_drift_aware
5,0.1863509863615036,2.086104393005371,2.0476777740004763,4,1,1,0,False,c4_drift_aware__dirichlet_a0.5__sparse_coordinate_attack__seed46,46,dirichlet_a0.5,sparse_coordinate_attack,c4_drift_aware
6,0.3427576720714569,2.0624966621398926,2.0735306719980144,5,0,1,0,False,c4_drift_aware__dirichlet_a0.5__sparse_coordinate_attack__seed46,46,dirichlet_a0.5,sparse_coordinate_attack,c4_drift_aware
7,0.2688022255897522,2.0575647354125977,1.8518550769986177,5,0,1,0,False,c4_drift_aware__dirichlet_a0.5__sparse_coordinate_attack__seed46,46,dirichlet_a0.5,sparse_coordinate_attack,c4_drift_aware
8,0.31518107652664185,2.001410484313965,2.1430577999999514,5,0,1,0,False,c4_drift_aware__dirichlet_a0.5__sparse_coordinate_attack__seed46,46,dirichlet_a0.5,sparse_coordinate_attack,c4_drift_aware
9,0.35236769914627075,1.983389973640442,2.1033470609982032,5,0,1,0,False,c4_drift_aware__dirichlet_a0.5__sparse_coordinate_attack__seed46,46,dirichlet_a0.5,sparse_coordinate_attack,c4_drift_aware
10,0.3253481984138489,1.9598884582519531,2.052640458998212,4,1,1,1,False,c4_drift_aware__dirichlet_a0.5__sparse_coordinate_attack__seed46,46,dirichlet_a0.5,sparse_coordinate_attack,c4_drift_aware
11,0.3952646255493164,1.9107071161270142,1.816555731002154,4,1,1,1,False,c4_drift_aware__dirichlet_a0.5__sparse_coordinate_attack__seed46,46,dirichlet_a0.5,sparse_coordinate_attack,c4_drift_aware
12,0.405988872051239,1.8454991579055786,2.092198977003136,4,1,1,1,False,c4_drift_aware__dirichlet_a0.5__sparse_coordinate_attack__seed46,46,dirichlet_a0.5,sparse_coordinate_attack,c4_drift_aware
13,0.41935935616493225,1.7828141450881958,2.0657695769987185,4,1,1,1,False,c4_drift_aware__dirichlet_a0.5__sparse_coordinate_attack__seed46,46,dirichlet_a0.5,sparse_coordinate_attack,c4_drift_aware
14,0.3727019727230072,1.7732220888137817,2.1564969980026945,4,1,1,1,False,c4_drift_aware__dirichlet_a0.5__sparse_coordinate_attack__seed46,46,dirichlet_a0.5,sparse_coordinate_attack,c4_drift_aware
15,0.40473538637161255,1.7111401557922363,2.0654188259977673,4,1,1,1,False,c4_drift_aware__dirichlet_a0.5__sparse_coordinate_attack__seed46,46,dirichlet_a0.5,sparse_coordinate_attack,c4_drift_aware
16,0.42743733525276184,1.6648285388946533,2.065282326002489,4,1,1,1,False,c4_drift_aware__dirichlet_a0.5__sparse_coordinate_attack__seed46,46,dirichlet_a0.5,sparse_coordinate_attack,c4_drift_aware
17,0.31155988574028015,1.7220582962036133,2.055532933001814,4,1,1,1,False,c4_drift_aware__dirichlet_a0.5__sparse_coordinate_attack__seed46,46,dirichlet_a0.5,sparse_coordinate_attack,c4_drift_aware
18,0.4220055937767029,1.6419020891189575,2.0602505470014876,4,1,1,1,False,c4_drift_aware__dirichlet_a0.5__sparse_coordinate_attack__seed46,46,dirichlet_a0.5,sparse_coordinate_attack,c4_drift_aware
19,0.42298051714897156,1.6237335205078125,2.0682186359990737,4,1,1,1,False,c4_drift_aware__dirichlet_a0.5__sparse_coordinate_attack__seed46,46,dirichlet_a0.5,sparse_coordinate_attack,c4_drift_aware
20,0.45612815022468567,1.6314959526062012,2.0487365270018927,4,1,1,1,False,c4_drift_aware__dirichlet_a0.5__sparse_coordinate_attack__seed46,46,dirichlet_a0.5,sparse_coordinate_attack,c4_drift_aware
21,0.49763232469558716,1.5865906476974487,2.057436389000941,4,1,1,1,False,c4_drift_aware__dirichlet_a0.5__sparse_coordinate_attack__seed46,46,dirichlet_a0.5,sparse_coordinate_attack,c4_drift_aware
22,0.5025069713592529,1.5703628063201904,2.0828019679975114,4,1,1,1,False,c4_drift_aware__dirichlet_a0.5__sparse_coordinate_attack__seed46,46,dirichlet_a0.5,sparse_coordinate_attack,c4_drift_aware
23,0.5015320181846619,1.5598393678665161,2.106568339997466,4,1,1,1,False,c4_drift_aware__dirichlet_a0.5__sparse_coordinate_attack__seed46,46,dirichlet_a0.5,sparse_coordinate_attack,c4_drift_aware
24,0.4987465441226959,1.5591049194335938,2.06447874800142,4,1,1,1,False,c4_drift_aware__dirichlet_a0.5__sparse_coordinate_attack__seed46,46,dirichlet_a0.5,sparse_coordinate_attack,c4_drift_aware
0,0.1717270165681839,2.1708900928497314,2.0705999249985325,5,0,1,0,False,c4_drift_aware__dirichlet_a0.5__full_sign_flip__seed46,46,dirichlet_a0.5,full_sign_flip,c4_drift_aware
1,0.1863509863615036,2.1520164012908936,2.007121651000489,4,1,1,0,False,c4_drift_aware__dirichlet_a0.5__full_sign_flip__seed46,46,dirichlet_a0.5,full_sign_flip,c4_drift_aware
2,0.1717270165681839,2.111617088317871,2.0027110499977425,5,0,1,0,False,c4_drift_aware__dirichlet_a0.5__full_sign_flip__seed46,46,dirichlet_a0.5,full_sign_flip,c4_drift_aware
3,0.1863509863615036,2.107421398162842,2.0499524699989706,4,1,1,0,False,c4_drift_aware__dirichlet_a0.5__full_sign_flip__seed46,46,dirichlet_a0.5,full_sign_flip,c4_drift_aware
4,0.3030640780925751,2.0908799171447754,2.0515487709999434,5,0,1,0,False,c4_drift_aware__dirichlet_a0.5__full_sign_flip__seed46,46,dirichlet_a0.5,full_sign_flip,c4_drift_aware
5,0.1863509863615036,2.0863089561462402,2.046896158000891,4,1,1,0,False,c4_drift_aware__dirichlet_a0.5__full_sign_flip__seed46,46,dirichlet_a0.5,full_sign_flip,c4_drift_aware
6,0.33774372935295105,2.0632827281951904,2.0724461049976526,5,0,1,0,False,c4_drift_aware__dirichlet_a0.5__full_sign_flip__seed46,46,dirichlet_a0.5,full_sign_flip,c4_drift_aware
7,0.2692200541496277,2.0583767890930176,2.1348491160024423,5,0,1,0,False,c4_drift_aware__dirichlet_a0.5__full_sign_flip__seed46,46,dirichlet_a0.5,full_sign_flip,c4_drift_aware
8,0.31448468565940857,2.0019001960754395,2.101372054999956,5,0,1,0,False,c4_drift_aware__dirichlet_a0.5__full_sign_flip__seed46,46,dirichlet_a0.5,full_sign_flip,c4_drift_aware
9,0.35264626145362854,1.9846187829971313,2.1052876870016917,5,0,1,0,False,c4_drift_aware__dirichlet_a0.5__full_sign_flip__seed46,46,dirichlet_a0.5,full_sign_flip,c4_drift_aware
10,0.2724234163761139,1.9727479219436646,2.078522523999709,4,1,1,1,False,c4_drift_aware__dirichlet_a0.5__full_sign_flip__seed46,46,dirichlet_a0.5,full_sign_flip,c4_drift_aware
11,0.3543175458908081,1.9101530313491821,2.0662008309991506,4,1,1,1,False,c4_drift_aware__dirichlet_a0.5__full_sign_flip__seed46,46,dirichlet_a0.5,full_sign_flip,c4_drift_aware
12,0.40905293822288513,1.830240249633789,2.056377379998594,4,1,1,1,False,c4_drift_aware__dirichlet_a0.5__full_sign_flip__seed46,46,dirichlet_a0.5,full_sign_flip,c4_drift_aware
13,0.4356546103954315,1.7837427854537964,2.2541288690008514,4,1,1,1,False,c4_drift_aware__dirichlet_a0.5__full_sign_flip__seed46,46,dirichlet_a0.5,full_sign_flip,c4_drift_aware
14,0.4337047338485718,1.7363433837890625,2.0543145120027475,4,1,1,1,False,c4_drift_aware__dirichlet_a0.5__full_sign_flip__seed46,46,dirichlet_a0.5,full_sign_flip,c4_drift_aware
15,0.43412256240844727,1.7005640268325806,2.0458545629990113,4,1,1,1,False,c4_drift_aware__dirichlet_a0.5__full_sign_flip__seed46,46,dirichlet_a0.5,full_sign_flip,c4_drift_aware
16,0.28885793685913086,1.7825901508331299,2.1412275779985066,5,0,1,1,False,c4_drift_aware__dirichlet_a0.5__full_sign_flip__seed46,46,dirichlet_a0.5,full_sign_flip,c4_drift_aware
17,0.40417829155921936,1.6835976839065552,2.0745694120014377,4,1,1,1,False,c4_drift_aware__dirichlet_a0.5__full_sign_flip__seed46,46,dirichlet_a0.5,full_sign_flip,c4_drift_aware
18,0.43008357286453247,1.6373192071914673,2.0533801930032496,4,1,1,1,False,c4_drift_aware__dirichlet_a0.5__full_sign_flip__seed46,46,dirichlet_a0.5,full_sign_flip,c4_drift_aware
19,0.4179665744304657,1.6401457786560059,2.072802380000212,4,1,1,1,False,c4_drift_aware__dirichlet_a0.5__full_sign_flip__seed46,46,dirichlet_a0.5,full_sign_flip,c4_drift_aware
20,0.3030640780925751,1.7135825157165527,2.07596670500061,4,1,1,1,False,c4_drift_aware__dirichlet_a0.5__full_sign_flip__seed46,46,dirichlet_a0.5,full_sign_flip,c4_drift_aware
21,0.41239556670188904,1.6134883165359497,2.060838989000331,4,1,1,1,False,c4_drift_aware__dirichlet_a0.5__full_sign_flip__seed46,46,dirichlet_a0.5,full_sign_flip,c4_drift_aware
22,0.4735376238822937,1.5780655145645142,2.133001302001503,4,1,1,1,False,c4_drift_aware__dirichlet_a0.5__full_sign_flip__seed46,46,dirichlet_a0.5,full_sign_flip,c4_drift_aware
23,0.5006964206695557,1.5662285089492798,2.0973554419979337,4,1,1,1,False,c4_drift_aware__dirichlet_a0.5__full_sign_flip__seed46,46,dirichlet_a0.5,full_sign_flip,c4_drift_aware
24,0.49428969621658325,1.5515995025634766,2.130981692997011,4,1,1,1,False,c4_drift_aware__dirichlet_a0.5__full_sign_flip__seed46,46,dirichlet_a0.5,full_sign_flip,c4_drift_aware
0,0.1717270165681839,2.1708874702453613,2.077220456998475,5,0,1,0,False,c4_drift_aware__dirichlet_a0.5__low_norm__seed46,46,dirichlet_a0.5,low_norm,c4_drift_aware
1,0.1863509863615036,2.1519927978515625,2.0575231530019664,4,1,1,0,False,c4_drift_aware__dirichlet_a0.5__low_norm__seed46,46,dirichlet_a0.5,low_norm,c4_drift_aware
2,0.1717270165681839,2.111577033996582,2.092187879999983,5,0,1,0,False,c4_drift_aware__dirichlet_a0.5__low_norm__seed46,46,dirichlet_a0.5,low_norm,c4_drift_aware
3,0.1863509863615036,2.107545852661133,1.791139018998365,4,1,1,0,False,c4_drift_aware__dirichlet_a0.5__low_norm__seed46,46,dirichlet_a0.5,low_norm,c4_drift_aware
4,0.297493040561676,2.091038703918457,2.059148677999474,5,0,1,0,False,c4_drift_aware__dirichlet_a0.5__low_norm__seed46,46,dirichlet_a0.5,low_norm,c4_drift_aware
5,0.1863509863615036,2.0861093997955322,2.0346451539990085,4,1,1,0,False,c4_drift_aware__dirichlet_a0.5__low_norm__seed46,46,dirichlet_a0.5,low_norm,c4_drift_aware
6,0.34052926301956177,2.062641143798828,2.007011142999545,5,0,1,0,False,c4_drift_aware__dirichlet_a0.5__low_norm__seed46,46,dirichlet_a0.5,low_norm,c4_drift_aware
7,0.2688022255897522,2.05891752243042,2.049350566998328,5,0,1,0,False,c4_drift_aware__dirichlet_a0.5__low_norm__seed46,46,dirichlet_a0.5,low_norm,c4_drift_aware
8,0.31476324796676636,2.0023298263549805,2.035426924001513,5,0,1,0,False,c4_drift_aware__dirichlet_a0.5__low_norm__seed46,46,dirichlet_a0.5,low_norm,c4_drift_aware
9,0.35236769914627075,1.9845715761184692,2.034943316997669,5,0,1,0,False,c4_drift_aware__dirichlet_a0.5__low_norm__seed46,46,dirichlet_a0.5,low_norm,c4_drift_aware
10,0.28816157579421997,1.9683070182800293,2.044546048000484,5,0,1,1,False,c4_drift_aware__dirichlet_a0.5__low_norm__seed46,46,dirichlet_a0.5,low_norm,c4_drift_aware
11,0.3325905501842499,1.9301189184188843,2.007116375996702,5,0,1,1,False,c4_drift_aware__dirichlet_a0.5__low_norm__seed46,46,dirichlet_a0.5,low_norm,c4_drift_aware
12,0.4139275848865509,1.8668186664581299,2.0194623690003937,5,0,1,1,False,c4_drift_aware__dirichlet_a0.5__low_norm__seed46,46,dirichlet_a0.5,low_norm,c4_drift_aware
13,0.4321727156639099,1.8251174688339233,2.0407988560000376,5,0,1,1,False,c4_drift_aware__dirichlet_a0.5__low_norm__seed46,46,dirichlet_a0.5,low_norm,c4_drift_aware
14,0.43509751558303833,1.7804421186447144,2.097701201997552,5,0,1,1,False,c4_drift_aware__dirichlet_a0.5__low_norm__seed46,46,dirichlet_a0.5,low_norm,c4_drift_aware
15,0.43495821952819824,1.7419350147247314,2.2107685880000645,5,0,1,1,False,c4_drift_aware__dirichlet_a0.5__low_norm__seed46,46,dirichlet_a0.5,low_norm,c4_drift_aware
16,0.4323119819164276,1.7078217267990112,2.0332718980025675,5,0,1,1,False,c4_drift_aware__dirichlet_a0.5__low_norm__seed46,46,dirichlet_a0.5,low_norm,c4_drift_aware
17,0.43077996373176575,1.6874921321868896,2.072634546999325,5,0,1,1,False,c4_drift_aware__dirichlet_a0.5__low_norm__seed46,46,dirichlet_a0.5,low_norm,c4_drift_aware
18,0.43105849623680115,1.6640028953552246,1.9992468720010947,5,0,1,1,False,c4_drift_aware__dirichlet_a0.5__low_norm__seed46,46,dirichlet_a0.5,low_norm,c4_drift_aware
19,0.4211699366569519,1.6611088514328003,2.042436928000825,5,0,1,1,False,c4_drift_aware__dirichlet_a0.5__low_norm__seed46,46,dirichlet_a0.5,low_norm,c4_drift_aware
20,0.3128133714199066,1.7153538465499878,2.078730990000622,5,0,1,1,False,c4_drift_aware__dirichlet_a0.5__low_norm__seed46,46,dirichlet_a0.5,low_norm,c4_drift_aware
21,0.39289695024490356,1.6494377851486206,2.0682813029998215,5,0,1,1,False,c4_drift_aware__dirichlet_a0.5__low_norm__seed46,46,dirichlet_a0.5,low_norm,c4_drift_aware
22,0.4334262013435364,1.6061406135559082,1.933478484999796,5,0,1,1,False,c4_drift_aware__dirichlet_a0.5__low_norm__seed46,46,dirichlet_a0.5,low_norm,c4_drift_aware
23,0.45334261655807495,1.590679407119751,2.119278573001793,5,0,1,1,False,c4_drift_aware__dirichlet_a0.5__low_norm__seed46,46,dirichlet_a0.5,low_norm,c4_drift_aware
24,0.49749305844306946,1.5734666585922241,2.051743083000474,5,0,1,1,False,c4_drift_aware__dirichlet_a0.5__low_norm__seed46,46,dirichlet_a0.5,low_norm,c4_drift_aware
0,0.1717270165681839,2.1709818840026855,2.1512438130012015,5,0,1,0,False,c4_drift_aware__dirichlet_a0.5__no_attack__seed47,47,dirichlet_a0.5,no_attack,c4_drift_aware
1,0.1863509863615036,2.2005162239074707,2.0308781230014574,4,1,1,0,False,c4_drift_aware__dirichlet_a0.5__no_attack__seed47,47,dirichlet_a0.5,no_attack,c4_drift_aware
2,0.19526462256908417,2.2722702026367188,2.13069026499943,4,1,1,0,False,c4_drift_aware__dirichlet_a0.5__no_attack__seed47,47,dirichlet_a0.5,no_attack,c4_drift_aware
3,0.23579387366771698,2.30997896194458,2.0804686729970854,4,1,1,0,False,c4_drift_aware__dirichlet_a0.5__no_attack__seed47,47,dirichlet_a0.5,no_attack,c4_drift_aware
4,0.22506964206695557,2.3322315216064453,2.0644654679999803,4,1,1,0,False,c4_drift_aware__dirichlet_a0.5__no_attack__seed47,47,dirichlet_a0.5,no_attack,c4_drift_aware
5,0.18857939541339874,2.330409526824951,2.1085268070019083,4,1,1,0,False,c4_drift_aware__dirichlet_a0.5__no_attack__seed47,47,dirichlet_a0.5,no_attack,c4_drift_aware
6,0.14846797287464142,2.3525640964508057,2.084549748000427,4,1,1,0,False,c4_drift_aware__dirichlet_a0.5__no_attack__seed47,47,dirichlet_a0.5,no_attack,c4_drift_aware
7,0.08871866762638092,2.328648805618286,2.1057334529978107,4,1,1,0,False,c4_drift_aware__dirichlet_a0.5__no_attack__seed47,47,dirichlet_a0.5,no_attack,c4_drift_aware
8,0.25584959983825684,2.3269765377044678,2.058273418999306,4,1,1,0,False,c4_drift_aware__dirichlet_a0.5__no_attack__seed47,47,dirichlet_a0.5,no_attack,c4_drift_aware
9,0.1717270165681839,2.195556879043579,2.043246447999991,5,0,1,0,False,c4_drift_aware__dirichlet_a0.5__no_attack__seed47,47,dirichlet_a0.5,no_attack,c4_drift_aware
10,0.1717270165681839,2.1954805850982666,1.9994125020020874,5,0,1,1,False,c4_drift_aware__dirichlet_a0.5__no_attack__seed47,47,dirichlet_a0.5,no_attack,c4_drift_aware
11,0.2456824630498886,2.165512800216675,2.0998428789971513,5,0,1,1,False,c4_drift_aware__dirichlet_a0.5__no_attack__seed47,47,dirichlet_a0.5,no_attack,c4_drift_aware
12,0.1714484691619873,2.177069902420044,2.06774253399999,5,0,1,1,False,c4_drift_aware__dirichlet_a0.5__no_attack__seed47,47,dirichlet_a0.5,no_attack,c4_drift_aware
13,0.23649024963378906,2.332127809524536,2.0828887069983466,4,1,1,1,False,c4_drift_aware__dirichlet_a0.5__no_attack__seed47,47,dirichlet_a0.5,no_attack,c4_drift_aware
14,0.20417827367782593,2.330618381500244,2.0978988579990983,4,1,1,1,False,c4_drift_aware__dirichlet_a0.5__no_attack__seed47,47,dirichlet_a0.5,no_attack,c4_drift_aware
15,0.20626741647720337,2.31312894821167,2.0914901360010845,4,1,1,1,False,c4_drift_aware__dirichlet_a0.5__no_attack__seed47,47,dirichlet_a0.5,no_attack,c4_drift_aware
16,0.2642061412334442,2.3468880653381348,1.9988295549992472,4,1,1,1,False,c4_drift_aware__dirichlet_a0.5__no_attack__seed47,47,dirichlet_a0.5,no_attack,c4_drift_aware
17,0.22242340445518494,2.1802451610565186,2.0182015820028028,5,0,1,1,False,c4_drift_aware__dirichlet_a0.5__no_attack__seed47,47,dirichlet_a0.5,no_attack,c4_drift_aware
18,0.2420612871646881,2.3243720531463623,2.1350753879996773,4,1,1,1,False,c4_drift_aware__dirichlet_a0.5__no_attack__seed47,47,dirichlet_a0.5,no_attack,c4_drift_aware
19,0.23676881194114685,2.3045613765716553,2.063903455997206,4,1,1,1,False,c4_drift_aware__dirichlet_a0.5__no_attack__seed47,47,dirichlet_a0.5,no_attack,c4_drift_aware
20,0.3511142134666443,2.126119613647461,2.137555354998767,5,0,1,1,False,c4_drift_aware__dirichlet_a0.5__no_attack__seed47,47,dirichlet_a0.5,no_attack,c4_drift_aware
21,0.30807799100875854,2.122385025024414,2.1403934310001205,5,0,1,1,False,c4_drift_aware__dirichlet_a0.5__no_attack__seed47,47,dirichlet_a0.5,no_attack,c4_drift_aware
22,0.3240947127342224,2.1236178874969482,2.0525771210013772,5,0,1,1,False,c4_drift_aware__dirichlet_a0.5__no_attack__seed47,47,dirichlet_a0.5,no_attack,c4_drift_aware
23,0.3435933291912079,2.0563275814056396,2.105095004000759,5,0,1,1,False,c4_drift_aware__dirichlet_a0.5__no_attack__seed47,47,dirichlet_a0.5,no_attack,c4_drift_aware
24,0.35236769914627075,2.0287580490112305,1.8192707179987337,5,0,1,1,False,c4_drift_aware__dirichlet_a0.5__no_attack__seed47,47,dirichlet_a0.5,no_attack,c4_drift_aware
0,0.1717270165681839,2.1709837913513184,2.0248796830019273,5,0,1,0,False,c4_drift_aware__dirichlet_a0.5__large_norm__seed47,47,dirichlet_a0.5,large_norm,c4_drift_aware
1,0.1863509863615036,2.2005066871643066,2.0988346869999077,4,1,1,0,False,c4_drift_aware__dirichlet_a0.5__large_norm__seed47,47,dirichlet_a0.5,large_norm,c4_drift_aware
2,0.19526462256908417,2.2727267742156982,2.1413270960001682,4,1,1,0,False,c4_drift_aware__dirichlet_a0.5__large_norm__seed47,47,dirichlet_a0.5,large_norm,c4_drift_aware
3,0.2428969442844391,2.3101422786712646,2.060045108999475,4,1,1,0,False,c4_drift_aware__dirichlet_a0.5__large_norm__seed47,47,dirichlet_a0.5,large_norm,c4_drift_aware
4,0.2242339849472046,2.33194899559021,2.072842319001211,4,1,1,0,False,c4_drift_aware__dirichlet_a0.5__large_norm__seed47,47,dirichlet_a0.5,large_norm,c4_drift_aware
5,0.18885794281959534,2.331587314605713,2.0607662069996877,4,1,1,0,False,c4_drift_aware__dirichlet_a0.5__large_norm__seed47,47,dirichlet_a0.5,large_norm,c4_drift_aware
6,0.1571030616760254,2.352515935897827,2.1550366619994747,4,1,1,0,False,c4_drift_aware__dirichlet_a0.5__large_norm__seed47,47,dirichlet_a0.5,large_norm,c4_drift_aware
7,0.08871866762638092,2.3296940326690674,2.0438016219995916,4,1,1,0,False,c4_drift_aware__dirichlet_a0.5__large_norm__seed47,47,dirichlet_a0.5,large_norm,c4_drift_aware
8,0.2571030557155609,2.3272287845611572,2.040987116000906,4,1,1,0,False,c4_drift_aware__dirichlet_a0.5__large_norm__seed47,47,dirichlet_a0.5,large_norm,c4_drift_aware
9,0.1717270165681839,2.1961450576782227,1.9100435759974062,5,0,1,0,False,c4_drift_aware__dirichlet_a0.5__large_norm__seed47,47,dirichlet_a0.5,large_norm,c4_drift_aware
10,0.14415042102336884,3.1280925273895264,1.8504816249987925,1,4,1,1,False,c4_drift_aware__dirichlet_a0.5__large_norm__seed47,47,dirichlet_a0.5,large_norm,c4_drift_aware
11,0.19498607516288757,2.278118133544922,2.013773401002254,2,3,1,1,False,c4_drift_aware__dirichlet_a0.5__large_norm__seed47,47,dirichlet_a0.5,large_norm,c4_drift_aware
12,0.14415042102336884,2.5483977794647217,2.0965536650001013,2,3,1,1,False,c4_drift_aware__dirichlet_a0.5__large_norm__seed47,47,dirichlet_a0.5,large_norm,c4_drift_aware
13,0.33328691124916077,2.2170488834381104,2.0742063209982007,2,3,1,1,False,c4_drift_aware__dirichlet_a0.5__large_norm__seed47,47,dirichlet_a0.5,large_norm,c4_drift_aware
14,0.14415042102336884,2.5091137886047363,2.0651807870017365,2,3,1,1,False,c4_drift_aware__dirichlet_a0.5__large_norm__seed47,47,dirichlet_a0.5,large_norm,c4_drift_aware
15,0.08245125412940979,3.1264498233795166,2.0656130940005824,1,4,1,1,False,c4_drift_aware__dirichlet_a0.5__large_norm__seed47,47,dirichlet_a0.5,large_norm,c4_drift_aware
16,0.1045961007475853,3.051077127456665,2.0865973959989788,1,4,1,1,False,c4_drift_aware__dirichlet_a0.5__large_norm__seed47,47,dirichlet_a0.5,large_norm,c4_drift_aware
17,0.08245125412940979,3.0178191661834717,2.0976347780015203,1,4,1,1,False,c4_drift_aware__dirichlet_a0.5__large_norm__seed47,47,dirichlet_a0.5,large_norm,c4_drift_aware
18,0.09735376387834549,2.9631295204162598,2.0883499269984895,1,4,1,1,False,c4_drift_aware__dirichlet_a0.5__large_norm__seed47,47,dirichlet_a0.5,large_norm,c4_drift_aware
19,0.08245125412940979,3.0808534622192383,2.1386395359986636,1,4,1,1,False,c4_drift_aware__dirichlet_a0.5__large_norm__seed47,47,dirichlet_a0.5,large_norm,c4_drift_aware
20,0.250835657119751,2.5421907901763916,2.068811569999525,2,3,1,1,False,c4_drift_aware__dirichlet_a0.5__large_norm__seed47,47,dirichlet_a0.5,large_norm,c4_drift_aware
21,0.1717270165681839,2.6122262477874756,1.857985432001442,2,3,1,1,False,c4_drift_aware__dirichlet_a0.5__large_norm__seed47,47,dirichlet_a0.5,large_norm,c4_drift_aware
22,0.13342618942260742,3.00498628616333,2.0728595410000707,1,4,1,1,False,c4_drift_aware__dirichlet_a0.5__large_norm__seed47,47,dirichlet_a0.5,large_norm,c4_drift_aware
23,0.08245125412940979,3.0324599742889404,2.040662205003173,1,4,1,1,False,c4_drift_aware__dirichlet_a0.5__large_norm__seed47,47,dirichlet_a0.5,large_norm,c4_drift_aware
24,0.15961003303527832,2.9154999256134033,2.09725865099972,1,4,1,1,False,c4_drift_aware__dirichlet_a0.5__large_norm__seed47,47,dirichlet_a0.5,large_norm,c4_drift_aware
0,0.1717270165681839,2.1709818840026855,2.0671068980009295,5,0,1,0,False,c4_drift_aware__dirichlet_a0.5__directional_poisoning__seed47,47,dirichlet_a0.5,directional_poisoning,c4_drift_aware
1,0.1863509863615036,2.200515031814575,2.061418341996614,4,1,1,0,False,c4_drift_aware__dirichlet_a0.5__directional_poisoning__seed47,47,dirichlet_a0.5,directional_poisoning,c4_drift_aware
2,0.19540390372276306,2.272311210632324,2.011940833999688,4,1,1,0,False,c4_drift_aware__dirichlet_a0.5__directional_poisoning__seed47,47,dirichlet_a0.5,directional_poisoning,c4_drift_aware
3,0.23551532626152039,2.3099794387817383,2.0642988510007854,4,1,1,0,False,c4_drift_aware__dirichlet_a0.5__directional_poisoning__seed47,47,dirichlet_a0.5,directional_poisoning,c4_drift_aware
4,0.22534818947315216,2.3321573734283447,2.0321857659982925,4,1,1,0,False,c4_drift_aware__dirichlet_a0.5__directional_poisoning__seed47,47,dirichlet_a0.5,directional_poisoning,c4_drift_aware
5,0.18844011425971985,2.3297555446624756,2.0086160589999054,4,1,1,0,False,c4_drift_aware__dirichlet_a0.5__directional_poisoning__seed47,47,dirichlet_a0.5,directional_poisoning,c4_drift_aware
6,0.16922006011009216,2.3520662784576416,2.0764567950027413,4,1,1,0,False,c4_drift_aware__dirichlet_a0.5__directional_poisoning__seed47,47,dirichlet_a0.5,directional_poisoning,c4_drift_aware
7,0.08871866762638092,2.3287248611450195,2.1177760690006835,4,1,1,0,False,c4_drift_aware__dirichlet_a0.5__directional_poisoning__seed47,47,dirichlet_a0.5,directional_poisoning,c4_drift_aware
8,0.2565459609031677,2.327014684677124,2.1570909090005443,4,1,1,0,False,c4_drift_aware__dirichlet_a0.5__directional_poisoning__seed47,47,dirichlet_a0.5,directional_poisoning,c4_drift_aware
9,0.1717270165681839,2.196240186691284,2.0892748369988112,5,0,1,0,False,c4_drift_aware__dirichlet_a0.5__directional_poisoning__seed47,47,dirichlet_a0.5,directional_poisoning,c4_drift_aware
10,0.1717270165681839,2.170034885406494,2.1176084329999867,5,0,1,1,False,c4_drift_aware__dirichlet_a0.5__directional_poisoning__seed47,47,dirichlet_a0.5,directional_poisoning,c4_drift_aware
11,0.16922006011009216,2.126387357711792,2.0713727209986246,4,1,1,1,False,c4_drift_aware__dirichlet_a0.5__directional_poisoning__seed47,47,dirichlet_a0.5,directional_poisoning,c4_drift_aware
12,0.21462395787239075,2.2028660774230957,2.045776572998875,5,0,1,1,False,c4_drift_aware__dirichlet_a0.5__directional_poisoning__seed47,47,dirichlet_a0.5,directional_poisoning,c4_drift_aware
13,0.1717270165681839,2.162358045578003,2.040902567001467,4,1,1,1,False,c4_drift_aware__dirichlet_a0.5__directional_poisoning__seed47,47,dirichlet_a0.5,directional_poisoning,c4_drift_aware
14,0.1717270165681839,2.137169361114502,2.0520204860004014,4,1,1,1,False,c4_drift_aware__dirichlet_a0.5__directional_poisoning__seed47,47,dirichlet_a0.5,directional_poisoning,c4_drift_aware
15,0.17061281204223633,2.190601110458374,2.0576946230030444,5,0,1,1,False,c4_drift_aware__dirichlet_a0.5__directional_poisoning__seed47,47,dirichlet_a0.5,directional_poisoning,c4_drift_aware
16,0.1717270165681839,2.1524815559387207,2.0629852849997405,4,1,1,1,False,c4_drift_aware__dirichlet_a0.5__directional_poisoning__seed47,47,dirichlet_a0.5,directional_poisoning,c4_drift_aware
17,0.1717270165681839,2.1955533027648926,2.022722691002855,5,0,1,1,False,c4_drift_aware__dirichlet_a0.5__directional_poisoning__seed47,47,dirichlet_a0.5,directional_poisoning,c4_drift_aware
18,0.1717270165681839,2.148380756378174,2.0156822520002606,4,1,1,1,False,c4_drift_aware__dirichlet_a0.5__directional_poisoning__seed47,47,dirichlet_a0.5,directional_poisoning,c4_drift_aware
19,0.23022285103797913,2.1994380950927734,2.0432119659999444,5,0,1,1,False,c4_drift_aware__dirichlet_a0.5__directional_poisoning__seed47,47,dirichlet_a0.5,directional_poisoning,c4_drift_aware
20,0.1717270165681839,2.1083755493164062,2.075717125997471,4,1,1,1,False,c4_drift_aware__dirichlet_a0.5__directional_poisoning__seed47,47,dirichlet_a0.5,directional_poisoning,c4_drift_aware
21,0.24415042996406555,2.1766345500946045,2.0642539500004204,5,0,1,1,False,c4_drift_aware__dirichlet_a0.5__directional_poisoning__seed47,47,dirichlet_a0.5,directional_poisoning,c4_drift_aware
22,0.1717270165681839,2.1163487434387207,2.050167394001619,4,1,1,1,False,c4_drift_aware__dirichlet_a0.5__directional_poisoning__seed47,47,dirichlet_a0.5,directional_poisoning,c4_drift_aware
23,0.1717270165681839,2.1452407836914062,1.8787343350013543,5,0,1,1,False,c4_drift_aware__dirichlet_a0.5__directional_poisoning__seed47,47,dirichlet_a0.5,directional_poisoning,c4_drift_aware
24,0.1789693683385849,2.070584774017334,2.0733688670006813,4,1,1,1,False,c4_drift_aware__dirichlet_a0.5__directional_poisoning__seed47,47,dirichlet_a0.5,directional_poisoning,c4_drift_aware
0,0.1717270165681839,2.1709837913513184,2.0702467519986385,5,0,1,0,False,c4_drift_aware__dirichlet_a0.5__sparse_coordinate_attack__seed47,47,dirichlet_a0.5,sparse_coordinate_attack,c4_drift_aware
1,0.1863509863615036,2.2005410194396973,2.183081991999643,4,1,1,0,False,c4_drift_aware__dirichlet_a0.5__sparse_coordinate_attack__seed47,47,dirichlet_a0.5,sparse_coordinate_attack,c4_drift_aware
2,0.19442898035049438,2.272449254989624,2.0489734040020267,4,1,1,0,False,c4_drift_aware__dirichlet_a0.5__sparse_coordinate_attack__seed47,47,dirichlet_a0.5,sparse_coordinate_attack,c4_drift_aware
3,0.23816156387329102,2.3101015090942383,2.0648084880012902,4,1,1,0,False,c4_drift_aware__dirichlet_a0.5__sparse_coordinate_attack__seed47,47,dirichlet_a0.5,sparse_coordinate_attack,c4_drift_aware
4,0.223955437541008,2.332056760787964,2.0990106079989346,4,1,1,0,False,c4_drift_aware__dirichlet_a0.5__sparse_coordinate_attack__seed47,47,dirichlet_a0.5,sparse_coordinate_attack,c4_drift_aware
5,0.18885794281959534,2.3312418460845947,2.053539715001534,4,1,1,0,False,c4_drift_aware__dirichlet_a0.5__sparse_coordinate_attack__seed47,47,dirichlet_a0.5,sparse_coordinate_attack,c4_drift_aware
6,0.16991643607616425,2.352203369140625,1.9747192860013456,4,1,1,0,False,c4_drift_aware__dirichlet_a0.5__sparse_coordinate_attack__seed47,47,dirichlet_a0.5,sparse_coordinate_attack,c4_drift_aware
7,0.08871866762638092,2.3289194107055664,2.020150279997324,4,1,1,0,False,c4_drift_aware__dirichlet_a0.5__sparse_coordinate_attack__seed47,47,dirichlet_a0.5,sparse_coordinate_attack,c4_drift_aware
8,0.25612813234329224,2.3272931575775146,1.99074357200152,4,1,1,0,False,c4_drift_aware__dirichlet_a0.5__sparse_coordinate_attack__seed47,47,dirichlet_a0.5,sparse_coordinate_attack,c4_drift_aware
9,0.1717270165681839,2.1960442066192627,2.056697161999182,5,0,1,0,False,c4_drift_aware__dirichlet_a0.5__sparse_coordinate_attack__seed47,47,dirichlet_a0.5,sparse_coordinate_attack,c4_drift_aware
10,0.1717270165681839,2.172548532485962,2.134670728002675,4,1,1,1,False,c4_drift_aware__dirichlet_a0.5__sparse_coordinate_attack__seed47,47,dirichlet_a0.5,sparse_coordinate_attack,c4_drift_aware
11,0.1717270165681839,2.1561386585235596,2.1350080619995424,4,1,1,1,False,c4_drift_aware__dirichlet_a0.5__sparse_coordinate_attack__seed47,47,dirichlet_a0.5,sparse_coordinate_attack,c4_drift_aware
12,0.1717270165681839,2.1489899158477783,2.086401406002551,4,1,1,1,False,c4_drift_aware__dirichlet_a0.5__sparse_coordinate_attack__seed47,47,dirichlet_a0.5,sparse_coordinate_attack,c4_drift_aware
13,0.1717270165681839,2.1352531909942627,2.135513069002627,4,1,1,1,False,c4_drift_aware__dirichlet_a0.5__sparse_coordinate_attack__seed47,47,dirichlet_a0.5,sparse_coordinate_attack,c4_drift_aware
14,0.1717270165681839,2.134197950363159,2.0600547380017815,4,1,1,1,False,c4_drift_aware__dirichlet_a0.5__sparse_coordinate_attack__seed47,47,dirichlet_a0.5,sparse_coordinate_attack,c4_drift_aware
15,0.1717270165681839,2.1405718326568604,2.0335951909983123,4,1,1,1,False,c4_drift_aware__dirichlet_a0.5__sparse_coordinate_attack__seed47,47,dirichlet_a0.5,sparse_coordinate_attack,c4_drift_aware
16,0.1717270165681839,2.129918336868286,2.145008797000628,4,1,1,1,False,c4_drift_aware__dirichlet_a0.5__sparse_coordinate_attack__seed47,47,dirichlet_a0.5,sparse_coordinate_attack,c4_drift_aware
17,0.1717270165681839,2.125572443008423,2.0542442359983397,4,1,1,1,False,c4_drift_aware__dirichlet_a0.5__sparse_coordinate_attack__seed47,47,dirichlet_a0.5,sparse_coordinate_attack,c4_drift_aware
18,0.1717270165681839,2.11976957321167,2.007395564000035,4,1,1,1,False,c4_drift_aware__dirichlet_a0.5__sparse_coordinate_attack__seed47,47,dirichlet_a0.5,sparse_coordinate_attack,c4_drift_aware
19,0.1717270165681839,2.132864236831665,2.016741539002396,4,1,1,1,False,c4_drift_aware__dirichlet_a0.5__sparse_coordinate_attack__seed47,47,dirichlet_a0.5,sparse_coordinate_attack,c4_drift_aware
20,0.16977716982364655,2.1179046630859375,2.0513892229973862,4,1,1,1,False,c4_drift_aware__dirichlet_a0.5__sparse_coordinate_attack__seed47,47,dirichlet_a0.5,sparse_coordinate_attack,c4_drift_aware
21,0.1717270165681839,2.080214262008667,2.1521061780003947,4,1,1,1,False,c4_drift_aware__dirichlet_a0.5__sparse_coordinate_attack__seed47,47,dirichlet_a0.5,sparse_coordinate_attack,c4_drift_aware
22,0.20027855038642883,2.063493251800537,2.0391344880008546,4,1,1,1,False,c4_drift_aware__dirichlet_a0.5__sparse_coordinate_attack__seed47,47,dirichlet_a0.5,sparse_coordinate_attack,c4_drift_aware
23,0.19178272783756256,2.0598227977752686,2.089748279999185,4,1,1,1,False,c4_drift_aware__dirichlet_a0.5__sparse_coordinate_attack__seed47,47,dirichlet_a0.5,sparse_coordinate_attack,c4_drift_aware
24,0.35222843289375305,1.9911818504333496,2.0348161879992404,4,1,1,1,False,c4_drift_aware__dirichlet_a0.5__sparse_coordinate_attack__seed47,47,dirichlet_a0.5,sparse_coordinate_attack,c4_drift_aware
0,0.1717270165681839,2.1709818840026855,2.0937473970006977,5,0,1,0,False,c4_drift_aware__dirichlet_a0.5__full_sign_flip__seed47,47,dirichlet_a0.5,full_sign_flip,c4_drift_aware
1,0.1863509863615036,2.2005016803741455,2.0610207480021927,4,1,1,0,False,c4_drift_aware__dirichlet_a0.5__full_sign_flip__seed47,47,dirichlet_a0.5,full_sign_flip,c4_drift_aware
2,0.19526462256908417,2.272432804107666,2.0506652789990767,4,1,1,0,False,c4_drift_aware__dirichlet_a0.5__full_sign_flip__seed47,47,dirichlet_a0.5,full_sign_flip,c4_drift_aware
3,0.24345403909683228,2.310239315032959,2.02688563799893,4,1,1,0,False,c4_drift_aware__dirichlet_a0.5__full_sign_flip__seed47,47,dirichlet_a0.5,full_sign_flip,c4_drift_aware
4,0.22451254725456238,2.3317863941192627,2.0698237430005975,4,1,1,0,False,c4_drift_aware__dirichlet_a0.5__full_sign_flip__seed47,47,dirichlet_a0.5,full_sign_flip,c4_drift_aware
5,0.18885794281959534,2.3302252292633057,2.0879558279993944,4,1,1,0,False,c4_drift_aware__dirichlet_a0.5__full_sign_flip__seed47,47,dirichlet_a0.5,full_sign_flip,c4_drift_aware
6,0.15961003303527832,2.3523595333099365,2.0623580290011887,4,1,1,0,False,c4_drift_aware__dirichlet_a0.5__full_sign_flip__seed47,47,dirichlet_a0.5,full_sign_flip,c4_drift_aware
7,0.08871866762638092,2.3284835815429688,1.973569015000976,4,1,1,0,False,c4_drift_aware__dirichlet_a0.5__full_sign_flip__seed47,47,dirichlet_a0.5,full_sign_flip,c4_drift_aware
8,0.2569637894630432,2.3270132541656494,2.052166931996908,4,1,1,0,False,c4_drift_aware__dirichlet_a0.5__full_sign_flip__seed47,47,dirichlet_a0.5,full_sign_flip,c4_drift_aware
9,0.1717270165681839,2.1955862045288086,2.082238900999073,5,0,1,0,False,c4_drift_aware__dirichlet_a0.5__full_sign_flip__seed47,47,dirichlet_a0.5,full_sign_flip,c4_drift_aware
10,0.1717270165681839,2.1694600582122803,2.1664161760018033,5,0,1,1,False,c4_drift_aware__dirichlet_a0.5__full_sign_flip__seed47,47,dirichlet_a0.5,full_sign_flip,c4_drift_aware
11,0.1682451367378235,2.1268088817596436,2.0489825179975014,4,1,1,1,False,c4_drift_aware__dirichlet_a0.5__full_sign_flip__seed47,47,dirichlet_a0.5,full_sign_flip,c4_drift_aware
12,0.2093314826488495,2.202751874923706,2.0453769250016194,5,0,1,1,False,c4_drift_aware__dirichlet_a0.5__full_sign_flip__seed47,47,dirichlet_a0.5,full_sign_flip,c4_drift_aware
13,0.1717270165681839,2.1618053913116455,1.90414748600233,4,1,1,1,False,c4_drift_aware__dirichlet_a0.5__full_sign_flip__seed47,47,dirichlet_a0.5,full_sign_flip,c4_drift_aware
14,0.1717270165681839,2.1368563175201416,2.0253008380022948,4,1,1,1,False,c4_drift_aware__dirichlet_a0.5__full_sign_flip__seed47,47,dirichlet_a0.5,full_sign_flip,c4_drift_aware
15,0.17061281204223633,2.190809488296509,2.0514655190017947,5,0,1,1,False,c4_drift_aware__dirichlet_a0.5__full_sign_flip__seed47,47,dirichlet_a0.5,full_sign_flip,c4_drift_aware
16,0.1717270165681839,2.1526753902435303,2.0101195389979694,4,1,1,1,False,c4_drift_aware__dirichlet_a0.5__full_sign_flip__seed47,47,dirichlet_a0.5,full_sign_flip,c4_drift_aware
17,0.1717270165681839,2.195608377456665,2.0609181090003403,5,0,1,1,False,c4_drift_aware__dirichlet_a0.5__full_sign_flip__seed47,47,dirichlet_a0.5,full_sign_flip,c4_drift_aware
18,0.1717270165681839,2.149043560028076,2.0679639629997837,4,1,1,1,False,c4_drift_aware__dirichlet_a0.5__full_sign_flip__seed47,47,dirichlet_a0.5,full_sign_flip,c4_drift_aware
19,0.22994428873062134,2.20044207572937,2.0841432849993,5,0,1,1,False,c4_drift_aware__dirichlet_a0.5__full_sign_flip__seed47,47,dirichlet_a0.5,full_sign_flip,c4_drift_aware
20,0.1717270165681839,2.1083154678344727,2.0998029389993462,4,1,1,1,False,c4_drift_aware__dirichlet_a0.5__full_sign_flip__seed47,47,dirichlet_a0.5,full_sign_flip,c4_drift_aware
21,0.23690807819366455,2.177541732788086,2.058052759999555,5,0,1,1,False,c4_drift_aware__dirichlet_a0.5__full_sign_flip__seed47,47,dirichlet_a0.5,full_sign_flip,c4_drift_aware
22,0.1717270165681839,2.1167240142822266,2.0756702610015054,4,1,1,1,False,c4_drift_aware__dirichlet_a0.5__full_sign_flip__seed47,47,dirichlet_a0.5,full_sign_flip,c4_drift_aware
23,0.1717270165681839,2.1455423831939697,2.1308298189978814,5,0,1,1,False,c4_drift_aware__dirichlet_a0.5__full_sign_flip__seed47,47,dirichlet_a0.5,full_sign_flip,c4_drift_aware
24,0.18509750068187714,2.070399761199951,2.0592021310003474,4,1,1,1,False,c4_drift_aware__dirichlet_a0.5__full_sign_flip__seed47,47,dirichlet_a0.5,full_sign_flip,c4_drift_aware
0,0.1717270165681839,2.1709837913513184,2.083903990998806,5,0,1,0,False,c4_drift_aware__dirichlet_a0.5__low_norm__seed47,47,dirichlet_a0.5,low_norm,c4_drift_aware
1,0.1863509863615036,2.200525999069214,2.0813709610010847,4,1,1,0,False,c4_drift_aware__dirichlet_a0.5__low_norm__seed47,47,dirichlet_a0.5,low_norm,c4_drift_aware
2,0.19526462256908417,2.2728278636932373,1.8299221140005102,4,1,1,0,False,c4_drift_aware__dirichlet_a0.5__low_norm__seed47,47,dirichlet_a0.5,low_norm,c4_drift_aware
3,0.23760446906089783,2.309495449066162,2.099404656000843,4,1,1,0,False,c4_drift_aware__dirichlet_a0.5__low_norm__seed47,47,dirichlet_a0.5,low_norm,c4_drift_aware
4,0.22437326610088348,2.331822395324707,2.0781974899982742,4,1,1,0,False,c4_drift_aware__dirichlet_a0.5__low_norm__seed47,47,dirichlet_a0.5,low_norm,c4_drift_aware
5,0.18885794281959534,2.3316032886505127,2.0743852970008447,4,1,1,0,False,c4_drift_aware__dirichlet_a0.5__low_norm__seed47,47,dirichlet_a0.5,low_norm,c4_drift_aware
6,0.1644846796989441,2.351771116256714,2.0462700719981513,4,1,1,0,False,c4_drift_aware__dirichlet_a0.5__low_norm__seed47,47,dirichlet_a0.5,low_norm,c4_drift_aware
7,0.08871866762638092,2.3284785747528076,2.0282976740018057,4,1,1,0,False,c4_drift_aware__dirichlet_a0.5__low_norm__seed47,47,dirichlet_a0.5,low_norm,c4_drift_aware
8,0.2566852569580078,2.3271138668060303,2.023416255000484,4,1,1,0,False,c4_drift_aware__dirichlet_a0.5__low_norm__seed47,47,dirichlet_a0.5,low_norm,c4_drift_aware
9,0.1717270165681839,2.1958587169647217,2.01770949999991,5,0,1,0,False,c4_drift_aware__dirichlet_a0.5__low_norm__seed47,47,dirichlet_a0.5,low_norm,c4_drift_aware
10,0.1717270165681839,2.153092622756958,2.0288500059978105,5,0,1,1,False,c4_drift_aware__dirichlet_a0.5__low_norm__seed47,47,dirichlet_a0.5,low_norm,c4_drift_aware
11,0.1717270165681839,2.126985788345337,2.057435587998043,5,0,1,1,False,c4_drift_aware__dirichlet_a0.5__low_norm__seed47,47,dirichlet_a0.5,low_norm,c4_drift_aware
12,0.1717270165681839,2.1389830112457275,2.0609127539973997,5,0,1,1,False,c4_drift_aware__dirichlet_a0.5__low_norm__seed47,47,dirichlet_a0.5,low_norm,c4_drift_aware
13,0.1717270165681839,2.154886245727539,2.049922100002732,5,0,1,1,False,c4_drift_aware__dirichlet_a0.5__low_norm__seed47,47,dirichlet_a0.5,low_norm,c4_drift_aware
14,0.1717270165681839,2.1395936012268066,2.193260662999819,5,0,1,1,False,c4_drift_aware__dirichlet_a0.5__low_norm__seed47,47,dirichlet_a0.5,low_norm,c4_drift_aware
15,0.1717270165681839,2.1310479640960693,2.063102195999818,5,0,1,1,False,c4_drift_aware__dirichlet_a0.5__low_norm__seed47,47,dirichlet_a0.5,low_norm,c4_drift_aware
16,0.1717270165681839,2.146049737930298,2.083271744002559,5,0,1,1,False,c4_drift_aware__dirichlet_a0.5__low_norm__seed47,47,dirichlet_a0.5,low_norm,c4_drift_aware
17,0.1717270165681839,2.1418399810791016,2.02717624500292,5,0,1,1,False,c4_drift_aware__dirichlet_a0.5__low_norm__seed47,47,dirichlet_a0.5,low_norm,c4_drift_aware
18,0.1717270165681839,2.1434855461120605,2.057795820001047,5,0,1,1,False,c4_drift_aware__dirichlet_a0.5__low_norm__seed47,47,dirichlet_a0.5,low_norm,c4_drift_aware
19,0.1717270165681839,2.12316632270813,2.1047329020002508,5,0,1,1,False,c4_drift_aware__dirichlet_a0.5__low_norm__seed47,47,dirichlet_a0.5,low_norm,c4_drift_aware
20,0.1717270165681839,2.1080663204193115,2.023865258001024,5,0,1,1,False,c4_drift_aware__dirichlet_a0.5__low_norm__seed47,47,dirichlet_a0.5,low_norm,c4_drift_aware
21,0.1714484691619873,2.1120848655700684,2.0292221370000334,5,0,1,1,False,c4_drift_aware__dirichlet_a0.5__low_norm__seed47,47,dirichlet_a0.5,low_norm,c4_drift_aware
22,0.1717270165681839,2.1134159564971924,2.1125890479997906,5,0,1,1,False,c4_drift_aware__dirichlet_a0.5__low_norm__seed47,47,dirichlet_a0.5,low_norm,c4_drift_aware
23,0.1717270165681839,2.0877153873443604,2.061682004998147,5,0,1,1,False,c4_drift_aware__dirichlet_a0.5__low_norm__seed47,47,dirichlet_a0.5,low_norm,c4_drift_aware
24,0.17381615936756134,2.0757970809936523,2.134001900001749,5,0,1,1,False,c4_drift_aware__dirichlet_a0.5__low_norm__seed47,47,dirichlet_a0.5,low_norm,c4_drift_aware
0,0.14805014431476593,2.158006429672241,2.0363796569981787,5,0,1,0,False,c4_drift_aware__dirichlet_a0.5__no_attack__seed48,48,dirichlet_a0.5,no_attack,c4_drift_aware
1,0.1863509863615036,2.1448540687561035,2.1019624959990324,5,0,1,0,False,c4_drift_aware__dirichlet_a0.5__no_attack__seed48,48,dirichlet_a0.5,no_attack,c4_drift_aware
2,0.18704736232757568,2.1986336708068848,1.8606014469987713,4,1,1,0,False,c4_drift_aware__dirichlet_a0.5__no_attack__seed48,48,dirichlet_a0.5,no_attack,c4_drift_aware
3,0.1863509863615036,2.1513843536376953,2.0415439019998303,5,0,1,0,False,c4_drift_aware__dirichlet_a0.5__no_attack__seed48,48,dirichlet_a0.5,no_attack,c4_drift_aware
4,0.1863509863615036,2.155576229095459,2.0251997060004214,5,0,1,0,False,c4_drift_aware__dirichlet_a0.5__no_attack__seed48,48,dirichlet_a0.5,no_attack,c4_drift_aware
5,0.1863509863615036,2.155663251876831,2.0648643179993087,5,0,1,0,False,c4_drift_aware__dirichlet_a0.5__no_attack__seed48,48,dirichlet_a0.5,no_attack,c4_drift_aware
6,0.1863509863615036,2.161992311477661,2.086089674001414,5,0,1,0,False,c4_drift_aware__dirichlet_a0.5__no_attack__seed48,48,dirichlet_a0.5,no_attack,c4_drift_aware
7,0.1863509863615036,2.1418111324310303,1.8654499929980375,5,0,1,0,False,c4_drift_aware__dirichlet_a0.5__no_attack__seed48,48,dirichlet_a0.5,no_attack,c4_drift_aware
8,0.1866295337677002,2.1316230297088623,2.0895384420000482,5,0,1,0,False,c4_drift_aware__dirichlet_a0.5__no_attack__seed48,48,dirichlet_a0.5,no_attack,c4_drift_aware
9,0.1863509863615036,2.0991218090057373,2.1439689100006944,5,0,1,0,False,c4_drift_aware__dirichlet_a0.5__no_attack__seed48,48,dirichlet_a0.5,no_attack,c4_drift_aware
10,0.2637883126735687,2.0721054077148438,2.096022931000334,5,0,1,1,False,c4_drift_aware__dirichlet_a0.5__no_attack__seed48,48,dirichlet_a0.5,no_attack,c4_drift_aware
11,0.21155989170074463,2.0712859630584717,2.085394752997672,4,1,1,1,False,c4_drift_aware__dirichlet_a0.5__no_attack__seed48,48,dirichlet_a0.5,no_attack,c4_drift_aware
12,0.2616991698741913,2.0591816902160645,2.0765677359995607,4,1,1,1,False,c4_drift_aware__dirichlet_a0.5__no_attack__seed48,48,dirichlet_a0.5,no_attack,c4_drift_aware
13,0.33732590079307556,1.9481257200241089,2.1119355560003896,5,0,1,1,False,c4_drift_aware__dirichlet_a0.5__no_attack__seed48,48,dirichlet_a0.5,no_attack,c4_drift_aware
14,0.3731198012828827,1.8683137893676758,2.112536458997056,5,0,1,1,False,c4_drift_aware__dirichlet_a0.5__no_attack__seed48,48,dirichlet_a0.5,no_attack,c4_drift_aware
15,0.3842618465423584,1.8086079359054565,2.0772385870004655,5,0,1,1,False,c4_drift_aware__dirichlet_a0.5__no_attack__seed48,48,dirichlet_a0.5,no_attack,c4_drift_aware
16,0.41155990958213806,1.7687937021255493,2.070263038000121,5,0,1,1,False,c4_drift_aware__dirichlet_a0.5__no_attack__seed48,48,dirichlet_a0.5,no_attack,c4_drift_aware
17,0.3845404088497162,1.754883050918579,2.0670891029985796,5,0,1,1,False,c4_drift_aware__dirichlet_a0.5__no_attack__seed48,48,dirichlet_a0.5,no_attack,c4_drift_aware
18,0.38189417123794556,1.7131707668304443,2.045551011000498,5,0,1,1,False,c4_drift_aware__dirichlet_a0.5__no_attack__seed48,48,dirichlet_a0.5,no_attack,c4_drift_aware
19,0.4022284150123596,1.6833051443099976,2.071575944999495,5,0,1,1,False,c4_drift_aware__dirichlet_a0.5__no_attack__seed48,48,dirichlet_a0.5,no_attack,c4_drift_aware
20,0.44275766611099243,1.6619207859039307,2.053897974001302,5,0,1,1,False,c4_drift_aware__dirichlet_a0.5__no_attack__seed48,48,dirichlet_a0.5,no_attack,c4_drift_aware
21,0.42729806900024414,1.6439650058746338,2.061654589000682,5,0,1,1,False,c4_drift_aware__dirichlet_a0.5__no_attack__seed48,48,dirichlet_a0.5,no_attack,c4_drift_aware
22,0.4291086494922638,1.6193177700042725,2.0770646529999794,5,0,1,1,False,c4_drift_aware__dirichlet_a0.5__no_attack__seed48,48,dirichlet_a0.5,no_attack,c4_drift_aware
23,0.4660167098045349,1.5881251096725464,2.2208211319994007,5,0,1,1,False,c4_drift_aware__dirichlet_a0.5__no_attack__seed48,48,dirichlet_a0.5,no_attack,c4_drift_aware
24,0.4282729923725128,1.6042207479476929,2.0755088070000056,5,0,1,1,False,c4_drift_aware__dirichlet_a0.5__no_attack__seed48,48,dirichlet_a0.5,no_attack,c4_drift_aware
0,0.14805014431476593,2.158006429672241,2.1682874530015397,5,0,1,0,False,c4_drift_aware__dirichlet_a0.5__large_norm__seed48,48,dirichlet_a0.5,large_norm,c4_drift_aware
1,0.1863509863615036,2.1448540687561035,2.0729557360027684,5,0,1,0,False,c4_drift_aware__dirichlet_a0.5__large_norm__seed48,48,dirichlet_a0.5,large_norm,c4_drift_aware
2,0.18704736232757568,2.198647975921631,2.1401317959971493,4,1,1,0,False,c4_drift_aware__dirichlet_a0.5__large_norm__seed48,48,dirichlet_a0.5,large_norm,c4_drift_aware
3,0.1863509863615036,2.151301622390747,2.084817408998788,5,0,1,0,False,c4_drift_aware__dirichlet_a0.5__large_norm__seed48,48,dirichlet_a0.5,large_norm,c4_drift_aware
4,0.1863509863615036,2.1556196212768555,2.08113369000057,5,0,1,0,False,c4_drift_aware__dirichlet_a0.5__large_norm__seed48,48,dirichlet_a0.5,large_norm,c4_drift_aware
5,0.1863509863615036,2.155890703201294,2.124484697000298,5,0,1,0,False,c4_drift_aware__dirichlet_a0.5__large_norm__seed48,48,dirichlet_a0.5,large_norm,c4_drift_aware
6,0.1863509863615036,2.1618053913116455,2.038047836002079,5,0,1,0,False,c4_drift_aware__dirichlet_a0.5__large_norm__seed48,48,dirichlet_a0.5,large_norm,c4_drift_aware
7,0.1863509863615036,2.1420516967773438,2.143095055998856,5,0,1,0,False,c4_drift_aware__dirichlet_a0.5__large_norm__seed48,48,dirichlet_a0.5,large_norm,c4_drift_aware
8,0.1866295337677002,2.1316018104553223,2.1273218499991344,5,0,1,0,False,c4_drift_aware__dirichlet_a0.5__large_norm__seed48,48,dirichlet_a0.5,large_norm,c4_drift_aware
9,0.1863509863615036,2.0987377166748047,2.044165712999529,5,0,1,0,False,c4_drift_aware__dirichlet_a0.5__large_norm__seed48,48,dirichlet_a0.5,large_norm,c4_drift_aware
10,0.25557103753089905,2.1278743743896484,1.9192283730008057,4,1,1,1,False,c4_drift_aware__dirichlet_a0.5__large_norm__seed48,48,dirichlet_a0.5,large_norm,c4_drift_aware
11,0.32228413224220276,2.085284471511841,2.0456134769992786,4,1,1,1,False,c4_drift_aware__dirichlet_a0.5__large_norm__seed48,48,dirichlet_a0.5,large_norm,c4_drift_aware
12,0.3281337022781372,2.006317138671875,2.0699773650012503,4,1,1,1,False,c4_drift_aware__dirichlet_a0.5__large_norm__seed48,48,dirichlet_a0.5,large_norm,c4_drift_aware
13,0.32311978936195374,1.967677354812622,2.0651219450010103,4,1,1,1,False,c4_drift_aware__dirichlet_a0.5__large_norm__seed48,48,dirichlet_a0.5,large_norm,c4_drift_aware
14,0.3501392900943756,1.8938182592391968,1.7747713989992917,4,1,1,1,False,c4_drift_aware__dirichlet_a0.5__large_norm__seed48,48,dirichlet_a0.5,large_norm,c4_drift_aware
15,0.3286908268928528,1.8570834398269653,2.06753640199895,4,1,1,1,False,c4_drift_aware__dirichlet_a0.5__large_norm__seed48,48,dirichlet_a0.5,large_norm,c4_drift_aware
16,0.3693593442440033,1.7912297248840332,2.087777097000071,4,1,1,1,False,c4_drift_aware__dirichlet_a0.5__large_norm__seed48,48,dirichlet_a0.5,large_norm,c4_drift_aware
17,0.3806406855583191,1.8196357488632202,2.0536907900022925,4,1,1,1,False,c4_drift_aware__dirichlet_a0.5__large_norm__seed48,48,dirichlet_a0.5,large_norm,c4_drift_aware
18,0.4362117052078247,1.7324142456054688,2.117980503997387,4,1,1,1,False,c4_drift_aware__dirichlet_a0.5__large_norm__seed48,48,dirichlet_a0.5,large_norm,c4_drift_aware
19,0.40905293822288513,1.723265290260315,2.100244715998997,4,1,1,1,False,c4_drift_aware__dirichlet_a0.5__large_norm__seed48,48,dirichlet_a0.5,large_norm,c4_drift_aware
20,0.44582173228263855,1.7052183151245117,2.074301506003394,4,1,1,1,False,c4_drift_aware__dirichlet_a0.5__large_norm__seed48,48,dirichlet_a0.5,large_norm,c4_drift_aware
21,0.4104456901550293,1.7040863037109375,2.1329660449991934,4,1,1,1,False,c4_drift_aware__dirichlet_a0.5__large_norm__seed48,48,dirichlet_a0.5,large_norm,c4_drift_aware
22,0.46476325392723083,1.663562536239624,2.1053579100007482,4,1,1,1,False,c4_drift_aware__dirichlet_a0.5__large_norm__seed48,48,dirichlet_a0.5,large_norm,c4_drift_aware
23,0.44874653220176697,1.647426962852478,2.195372344001953,4,1,1,1,False,c4_drift_aware__dirichlet_a0.5__large_norm__seed48,48,dirichlet_a0.5,large_norm,c4_drift_aware
24,0.45752090215682983,1.63772451877594,2.0729833059995144,4,1,1,1,False,c4_drift_aware__dirichlet_a0.5__large_norm__seed48,48,dirichlet_a0.5,large_norm,c4_drift_aware
0,0.14805014431476593,2.158006429672241,2.1281579059977958,5,0,1,0,False,c4_drift_aware__dirichlet_a0.5__directional_poisoning__seed48,48,dirichlet_a0.5,directional_poisoning,c4_drift_aware
1,0.1863509863615036,2.144845485687256,2.126823623002565,5,0,1,0,False,c4_drift_aware__dirichlet_a0.5__directional_poisoning__seed48,48,dirichlet_a0.5,directional_poisoning,c4_drift_aware
2,0.18704736232757568,2.1985960006713867,2.0800761460013746,4,1,1,0,False,c4_drift_aware__dirichlet_a0.5__directional_poisoning__seed48,48,dirichlet_a0.5,directional_poisoning,c4_drift_aware
3,0.1863509863615036,2.151214122772217,2.073267408999527,5,0,1,0,False,c4_drift_aware__dirichlet_a0.5__directional_poisoning__seed48,48,dirichlet_a0.5,directional_poisoning,c4_drift_aware
4,0.1863509863615036,2.1554322242736816,2.0894464049997623,5,0,1,0,False,c4_drift_aware__dirichlet_a0.5__directional_poisoning__seed48,48,dirichlet_a0.5,directional_poisoning,c4_drift_aware
5,0.1863509863615036,2.155759572982788,2.073783056999673,5,0,1,0,False,c4_drift_aware__dirichlet_a0.5__directional_poisoning__seed48,48,dirichlet_a0.5,directional_poisoning,c4_drift_aware
6,0.1863509863615036,2.161163091659546,2.0869414000007964,5,0,1,0,False,c4_drift_aware__dirichlet_a0.5__directional_poisoning__seed48,48,dirichlet_a0.5,directional_poisoning,c4_drift_aware
7,0.1863509863615036,2.1416513919830322,2.085473905000981,5,0,1,0,False,c4_drift_aware__dirichlet_a0.5__directional_poisoning__seed48,48,dirichlet_a0.5,directional_poisoning,c4_drift_aware
8,0.1866295337677002,2.1320488452911377,2.073155654998118,5,0,1,0,False,c4_drift_aware__dirichlet_a0.5__directional_poisoning__seed48,48,dirichlet_a0.5,directional_poisoning,c4_drift_aware
9,0.1863509863615036,2.0991673469543457,2.050224001002789,5,0,1,0,False,c4_drift_aware__dirichlet_a0.5__directional_poisoning__seed48,48,dirichlet_a0.5,directional_poisoning,c4_drift_aware
10,0.304735392332077,2.126227855682373,2.152162768998096,4,1,1,1,False,c4_drift_aware__dirichlet_a0.5__directional_poisoning__seed48,48,dirichlet_a0.5,directional_poisoning,c4_drift_aware
11,0.31490251421928406,2.080110549926758,2.116451689002133,4,1,1,1,False,c4_drift_aware__dirichlet_a0.5__directional_poisoning__seed48,48,dirichlet_a0.5,directional_poisoning,c4_drift_aware
12,0.36030641198158264,2.031641960144043,1.9425167859990324,4,1,1,1,False,c4_drift_aware__dirichlet_a0.5__directional_poisoning__seed48,48,dirichlet_a0.5,directional_poisoning,c4_drift_aware
13,0.3610028028488159,1.9741902351379395,2.0128860589975375,4,1,1,1,False,c4_drift_aware__dirichlet_a0.5__directional_poisoning__seed48,48,dirichlet_a0.5,directional_poisoning,c4_drift_aware
14,0.4065459668636322,1.9987448453903198,2.0696283019969997,3,2,1,1,False,c4_drift_aware__dirichlet_a0.5__directional_poisoning__seed48,48,dirichlet_a0.5,directional_poisoning,c4_drift_aware
15,0.3423398435115814,2.007566213607788,2.096044655998412,3,2,1,1,False,c4_drift_aware__dirichlet_a0.5__directional_poisoning__seed48,48,dirichlet_a0.5,directional_poisoning,c4_drift_aware
16,0.38997215032577515,1.811510682106018,2.0769577140017645,4,1,1,1,False,c4_drift_aware__dirichlet_a0.5__directional_poisoning__seed48,48,dirichlet_a0.5,directional_poisoning,c4_drift_aware
17,0.40807801485061646,1.8956794738769531,2.1342315069996403,3,2,1,1,False,c4_drift_aware__dirichlet_a0.5__directional_poisoning__seed48,48,dirichlet_a0.5,directional_poisoning,c4_drift_aware
18,0.35988858342170715,1.7774885892868042,2.075496209999983,4,1,1,1,False,c4_drift_aware__dirichlet_a0.5__directional_poisoning__seed48,48,dirichlet_a0.5,directional_poisoning,c4_drift_aware
19,0.4029248058795929,1.7133663892745972,2.0273313699981372,4,1,1,1,False,c4_drift_aware__dirichlet_a0.5__directional_poisoning__seed48,48,dirichlet_a0.5,directional_poisoning,c4_drift_aware
20,0.44986072182655334,1.6976454257965088,2.091629970000213,4,1,1,1,False,c4_drift_aware__dirichlet_a0.5__directional_poisoning__seed48,48,dirichlet_a0.5,directional_poisoning,c4_drift_aware
21,0.41629526019096375,1.6958969831466675,2.1060647320009593,4,1,1,1,False,c4_drift_aware__dirichlet_a0.5__directional_poisoning__seed48,48,dirichlet_a0.5,directional_poisoning,c4_drift_aware
22,0.44540390372276306,1.6574662923812866,2.0404995620010595,4,1,1,1,False,c4_drift_aware__dirichlet_a0.5__directional_poisoning__seed48,48,dirichlet_a0.5,directional_poisoning,c4_drift_aware
23,0.4668523669242859,1.6566059589385986,2.077888329997222,4,1,1,1,False,c4_drift_aware__dirichlet_a0.5__directional_poisoning__seed48,48,dirichlet_a0.5,directional_poisoning,c4_drift_aware
24,0.4472144842147827,1.6681344509124756,2.086568505001196,4,1,1,1,False,c4_drift_aware__dirichlet_a0.5__directional_poisoning__seed48,48,dirichlet_a0.5,directional_poisoning,c4_drift_aware
0,0.14805014431476593,2.15802001953125,2.04160300500007,5,0,1,0,False,c4_drift_aware__dirichlet_a0.5__sparse_coordinate_attack__seed48,48,dirichlet_a0.5,sparse_coordinate_attack,c4_drift_aware
1,0.1863509863615036,2.144871473312378,2.073762372001511,5,0,1,0,False,c4_drift_aware__dirichlet_a0.5__sparse_coordinate_attack__seed48,48,dirichlet_a0.5,sparse_coordinate_attack,c4_drift_aware
2,0.18704736232757568,2.1982336044311523,2.083794651000062,4,1,1,0,False,c4_drift_aware__dirichlet_a0.5__sparse_coordinate_attack__seed48,48,dirichlet_a0.5,sparse_coordinate_attack,c4_drift_aware
3,0.1863509863615036,2.1512699127197266,2.053898507998383,5,0,1,0,False,c4_drift_aware__dirichlet_a0.5__sparse_coordinate_attack__seed48,48,dirichlet_a0.5,sparse_coordinate_attack,c4_drift_aware
4,0.1863509863615036,2.1555559635162354,2.057394210998609,5,0,1,0,False,c4_drift_aware__dirichlet_a0.5__sparse_coordinate_attack__seed48,48,dirichlet_a0.5,sparse_coordinate_attack,c4_drift_aware
5,0.1863509863615036,2.1559927463531494,2.0763273119991936,5,0,1,0,False,c4_drift_aware__dirichlet_a0.5__sparse_coordinate_attack__seed48,48,dirichlet_a0.5,sparse_coordinate_attack,c4_drift_aware
6,0.1863509863615036,2.161656379699707,2.1580710920025012,5,0,1,0,False,c4_drift_aware__dirichlet_a0.5__sparse_coordinate_attack__seed48,48,dirichlet_a0.5,sparse_coordinate_attack,c4_drift_aware
7,0.1863509863615036,2.141541004180908,2.0819460619968595,5,0,1,0,False,c4_drift_aware__dirichlet_a0.5__sparse_coordinate_attack__seed48,48,dirichlet_a0.5,sparse_coordinate_attack,c4_drift_aware
8,0.1867688000202179,2.1315882205963135,2.0710191409998515,5,0,1,0,False,c4_drift_aware__dirichlet_a0.5__sparse_coordinate_attack__seed48,48,dirichlet_a0.5,sparse_coordinate_attack,c4_drift_aware
9,0.1863509863615036,2.0987446308135986,2.133790678999503,5,0,1,0,False,c4_drift_aware__dirichlet_a0.5__sparse_coordinate_attack__seed48,48,dirichlet_a0.5,sparse_coordinate_attack,c4_drift_aware
10,0.2980501353740692,2.1126787662506104,2.0535844049991283,4,1,1,1,False,c4_drift_aware__dirichlet_a0.5__sparse_coordinate_attack__seed48,48,dirichlet_a0.5,sparse_coordinate_attack,c4_drift_aware
11,0.30013927817344666,2.0970590114593506,2.0628559819997463,4,1,1,1,False,c4_drift_aware__dirichlet_a0.5__sparse_coordinate_attack__seed48,48,dirichlet_a0.5,sparse_coordinate_attack,c4_drift_aware
12,0.3206128180027008,2.036360502243042,2.0818500300010783,4,1,1,1,False,c4_drift_aware__dirichlet_a0.5__sparse_coordinate_attack__seed48,48,dirichlet_a0.5,sparse_coordinate_attack,c4_drift_aware
13,0.34206128120422363,1.953667163848877,2.110973490001925,4,1,1,1,False,c4_drift_aware__dirichlet_a0.5__sparse_coordinate_attack__seed48,48,dirichlet_a0.5,sparse_coordinate_attack,c4_drift_aware
14,0.3461003005504608,1.8936245441436768,1.8340973110025516,4,1,1,1,False,c4_drift_aware__dirichlet_a0.5__sparse_coordinate_attack__seed48,48,dirichlet_a0.5,sparse_coordinate_attack,c4_drift_aware
15,0.4027855396270752,1.9581890106201172,2.1035982700013847,3,2,1,1,False,c4_drift_aware__dirichlet_a0.5__sparse_coordinate_attack__seed48,48,dirichlet_a0.5,sparse_coordinate_attack,c4_drift_aware
16,0.394986093044281,1.9221792221069336,1.9585361120007292,3,2,1,1,False,c4_drift_aware__dirichlet_a0.5__sparse_coordinate_attack__seed48,48,dirichlet_a0.5,sparse_coordinate_attack,c4_drift_aware
17,0.4094707667827606,1.9088048934936523,2.0238038120005513,3,2,1,1,False,c4_drift_aware__dirichlet_a0.5__sparse_coordinate_attack__seed48,48,dirichlet_a0.5,sparse_coordinate_attack,c4_drift_aware
18,0.40779945254325867,1.8628093004226685,2.080751395998959,3,2,1,1,False,c4_drift_aware__dirichlet_a0.5__sparse_coordinate_attack__seed48,48,dirichlet_a0.5,sparse_coordinate_attack,c4_drift_aware
19,0.43788301944732666,1.8315083980560303,2.106750237999222,3,2,1,1,False,c4_drift_aware__dirichlet_a0.5__sparse_coordinate_attack__seed48,48,dirichlet_a0.5,sparse_coordinate_attack,c4_drift_aware
20,0.4149025082588196,1.6888459920883179,2.2091533210004854,4,1,1,1,False,c4_drift_aware__dirichlet_a0.5__sparse_coordinate_attack__seed48,48,dirichlet_a0.5,sparse_coordinate_attack,c4_drift_aware
21,0.4332869052886963,1.677544355392456,2.1658166619999975,4,1,1,1,False,c4_drift_aware__dirichlet_a0.5__sparse_coordinate_attack__seed48,48,dirichlet_a0.5,sparse_coordinate_attack,c4_drift_aware
22,0.4483287036418915,1.6895543336868286,2.111778233000223,4,1,1,1,False,c4_drift_aware__dirichlet_a0.5__sparse_coordinate_attack__seed48,48,dirichlet_a0.5,sparse_coordinate_attack,c4_drift_aware
23,0.43426185846328735,1.6360291242599487,2.1562503589993867,4,1,1,1,False,c4_drift_aware__dirichlet_a0.5__sparse_coordinate_attack__seed48,48,dirichlet_a0.5,sparse_coordinate_attack,c4_drift_aware
24,0.4362117052078247,1.6436041593551636,2.0781491569978243,4,1,1,1,False,c4_drift_aware__dirichlet_a0.5__sparse_coordinate_attack__seed48,48,dirichlet_a0.5,sparse_coordinate_attack,c4_drift_aware
0,0.14805014431476593,2.15802001953125,2.1351320430003398,5,0,1,0,False,c4_drift_aware__dirichlet_a0.5__full_sign_flip__seed48,48,dirichlet_a0.5,full_sign_flip,c4_drift_aware
1,0.1863509863615036,2.144831895828247,2.0530626679974375,5,0,1,0,False,c4_drift_aware__dirichlet_a0.5__full_sign_flip__seed48,48,dirichlet_a0.5,full_sign_flip,c4_drift_aware
2,0.1867688000202179,2.198228359222412,2.025486356997135,4,1,1,0,False,c4_drift_aware__dirichlet_a0.5__full_sign_flip__seed48,48,dirichlet_a0.5,full_sign_flip,c4_drift_aware
3,0.1863509863615036,2.1512789726257324,2.0857493069997872,5,0,1,0,False,c4_drift_aware__dirichlet_a0.5__full_sign_flip__seed48,48,dirichlet_a0.5,full_sign_flip,c4_drift_aware
4,0.1863509863615036,2.1555674076080322,2.1456943890007096,5,0,1,0,False,c4_drift_aware__dirichlet_a0.5__full_sign_flip__seed48,48,dirichlet_a0.5,full_sign_flip,c4_drift_aware
5,0.1863509863615036,2.155681848526001,2.0851172959992255,5,0,1,0,False,c4_drift_aware__dirichlet_a0.5__full_sign_flip__seed48,48,dirichlet_a0.5,full_sign_flip,c4_drift_aware
6,0.1863509863615036,2.1617672443389893,2.0848742769994715,5,0,1,0,False,c4_drift_aware__dirichlet_a0.5__full_sign_flip__seed48,48,dirichlet_a0.5,full_sign_flip,c4_drift_aware
7,0.1863509863615036,2.141896963119507,2.070514719998755,5,0,1,0,False,c4_drift_aware__dirichlet_a0.5__full_sign_flip__seed48,48,dirichlet_a0.5,full_sign_flip,c4_drift_aware
8,0.1867688000202179,2.1316616535186768,2.0825964549985656,5,0,1,0,False,c4_drift_aware__dirichlet_a0.5__full_sign_flip__seed48,48,dirichlet_a0.5,full_sign_flip,c4_drift_aware
9,0.1863509863615036,2.0987517833709717,1.8369603649989585,5,0,1,0,False,c4_drift_aware__dirichlet_a0.5__full_sign_flip__seed48,48,dirichlet_a0.5,full_sign_flip,c4_drift_aware
10,0.304735392332077,2.1261017322540283,2.1565123139989737,4,1,1,1,False,c4_drift_aware__dirichlet_a0.5__full_sign_flip__seed48,48,dirichlet_a0.5,full_sign_flip,c4_drift_aware
11,0.31448468565940857,2.0800161361694336,1.9050334130006377,4,1,1,1,False,c4_drift_aware__dirichlet_a0.5__full_sign_flip__seed48,48,dirichlet_a0.5,full_sign_flip,c4_drift_aware
12,0.3587743937969208,2.0314857959747314,2.049202416001208,4,1,1,1,False,c4_drift_aware__dirichlet_a0.5__full_sign_flip__seed48,48,dirichlet_a0.5,full_sign_flip,c4_drift_aware
13,0.36044567823410034,1.9741569757461548,2.0756969659996685,4,1,1,1,False,c4_drift_aware__dirichlet_a0.5__full_sign_flip__seed48,48,dirichlet_a0.5,full_sign_flip,c4_drift_aware
14,0.4065459668636322,1.998415470123291,2.0769615179997345,3,2,1,1,False,c4_drift_aware__dirichlet_a0.5__full_sign_flip__seed48,48,dirichlet_a0.5,full_sign_flip,c4_drift_aware
15,0.3431755006313324,2.0065085887908936,2.089266974999191,3,2,1,1,False,c4_drift_aware__dirichlet_a0.5__full_sign_flip__seed48,48,dirichlet_a0.5,full_sign_flip,c4_drift_aware
16,0.38899722695350647,1.8111482858657837,2.0743599500019627,4,1,1,1,False,c4_drift_aware__dirichlet_a0.5__full_sign_flip__seed48,48,dirichlet_a0.5,full_sign_flip,c4_drift_aware
17,0.4055710434913635,1.896880865097046,2.0529468750028173,3,2,1,1,False,c4_drift_aware__dirichlet_a0.5__full_sign_flip__seed48,48,dirichlet_a0.5,full_sign_flip,c4_drift_aware
18,0.3658774495124817,1.7734953165054321,2.047007625002152,4,1,1,1,False,c4_drift_aware__dirichlet_a0.5__full_sign_flip__seed48,48,dirichlet_a0.5,full_sign_flip,c4_drift_aware
19,0.4054317772388458,1.7129029035568237,2.1031303429990658,4,1,1,1,False,c4_drift_aware__dirichlet_a0.5__full_sign_flip__seed48,48,dirichlet_a0.5,full_sign_flip,c4_drift_aware
20,0.4323119819164276,1.7013511657714844,2.0732037130001117,4,1,1,1,False,c4_drift_aware__dirichlet_a0.5__full_sign_flip__seed48,48,dirichlet_a0.5,full_sign_flip,c4_drift_aware
21,0.4217270314693451,1.6931545734405518,2.1321758899975976,4,1,1,1,False,c4_drift_aware__dirichlet_a0.5__full_sign_flip__seed48,48,dirichlet_a0.5,full_sign_flip,c4_drift_aware
22,0.44610029458999634,1.6599488258361816,2.1615290459994867,4,1,1,1,False,c4_drift_aware__dirichlet_a0.5__full_sign_flip__seed48,48,dirichlet_a0.5,full_sign_flip,c4_drift_aware
23,0.4665738344192505,1.657962679862976,2.0484189169983438,4,1,1,1,False,c4_drift_aware__dirichlet_a0.5__full_sign_flip__seed48,48,dirichlet_a0.5,full_sign_flip,c4_drift_aware
24,0.4473537802696228,1.668930172920227,2.101000717997522,4,1,1,1,False,c4_drift_aware__dirichlet_a0.5__full_sign_flip__seed48,48,dirichlet_a0.5,full_sign_flip,c4_drift_aware
0,0.14805014431476593,2.158006429672241,2.172996820001572,5,0,1,0,False,c4_drift_aware__dirichlet_a0.5__low_norm__seed48,48,dirichlet_a0.5,low_norm,c4_drift_aware
1,0.1863509863615036,2.1448540687561035,2.144659147001221,5,0,1,0,False,c4_drift_aware__dirichlet_a0.5__low_norm__seed48,48,dirichlet_a0.5,low_norm,c4_drift_aware
2,0.18704736232757568,2.1986210346221924,2.0732414169979165,4,1,1,0,False,c4_drift_aware__dirichlet_a0.5__low_norm__seed48,48,dirichlet_a0.5,low_norm,c4_drift_aware
3,0.1863509863615036,2.1513898372650146,2.0949707300023874,5,0,1,0,False,c4_drift_aware__dirichlet_a0.5__low_norm__seed48,48,dirichlet_a0.5,low_norm,c4_drift_aware
4,0.1863509863615036,2.1556732654571533,2.0496483060014725,5,0,1,0,False,c4_drift_aware__dirichlet_a0.5__low_norm__seed48,48,dirichlet_a0.5,low_norm,c4_drift_aware
5,0.1863509863615036,2.1556499004364014,2.0850295110030856,5,0,1,0,False,c4_drift_aware__dirichlet_a0.5__low_norm__seed48,48,dirichlet_a0.5,low_norm,c4_drift_aware
6,0.1863509863615036,2.16172194480896,2.035992446999444,5,0,1,0,False,c4_drift_aware__dirichlet_a0.5__low_norm__seed48,48,dirichlet_a0.5,low_norm,c4_drift_aware
7,0.1863509863615036,2.1416919231414795,2.0257470450014807,5,0,1,0,False,c4_drift_aware__dirichlet_a0.5__low_norm__seed48,48,dirichlet_a0.5,low_norm,c4_drift_aware
8,0.1869080811738968,2.131133556365967,2.0612440219993005,5,0,1,0,False,c4_drift_aware__dirichlet_a0.5__low_norm__seed48,48,dirichlet_a0.5,low_norm,c4_drift_aware
9,0.1863509863615036,2.098686933517456,2.1279180179990362,5,0,1,0,False,c4_drift_aware__dirichlet_a0.5__low_norm__seed48,48,dirichlet_a0.5,low_norm,c4_drift_aware
10,0.306406706571579,2.112133502960205,2.0759769329997653,5,0,1,1,False,c4_drift_aware__dirichlet_a0.5__low_norm__seed48,48,dirichlet_a0.5,low_norm,c4_drift_aware
11,0.3133704960346222,2.0924031734466553,2.1333754200022668,5,0,1,1,False,c4_drift_aware__dirichlet_a0.5__low_norm__seed48,48,dirichlet_a0.5,low_norm,c4_drift_aware
12,0.3536211848258972,2.0621421337127686,2.070209868001257,5,0,1,1,False,c4_drift_aware__dirichlet_a0.5__low_norm__seed48,48,dirichlet_a0.5,low_norm,c4_drift_aware
13,0.3696379065513611,2.0203616619110107,2.0388533459990867,5,0,1,1,False,c4_drift_aware__dirichlet_a0.5__low_norm__seed48,48,dirichlet_a0.5,low_norm,c4_drift_aware
14,0.3501392900943756,1.9551897048950195,2.0567102470013197,5,0,1,1,False,c4_drift_aware__dirichlet_a0.5__low_norm__seed48,48,dirichlet_a0.5,low_norm,c4_drift_aware
15,0.34791088104248047,1.8929921388626099,2.0344553220020316,5,0,1,1,False,c4_drift_aware__dirichlet_a0.5__low_norm__seed48,48,dirichlet_a0.5,low_norm,c4_drift_aware
16,0.3887186646461487,1.8534789085388184,2.0238910670013865,5,0,1,1,False,c4_drift_aware__dirichlet_a0.5__low_norm__seed48,48,dirichlet_a0.5,low_norm,c4_drift_aware
17,0.3916434645652771,1.9094258546829224,2.10445006000009,4,1,1,1,False,c4_drift_aware__dirichlet_a0.5__low_norm__seed48,48,dirichlet_a0.5,low_norm,c4_drift_aware
18,0.35598886013031006,1.8237419128417969,2.0558173889985483,5,0,1,1,False,c4_drift_aware__dirichlet_a0.5__low_norm__seed48,48,dirichlet_a0.5,low_norm,c4_drift_aware
19,0.41211700439453125,1.837864875793457,2.069427522001206,4,1,1,1,False,c4_drift_aware__dirichlet_a0.5__low_norm__seed48,48,dirichlet_a0.5,low_norm,c4_drift_aware
20,0.41253483295440674,1.8654073476791382,2.0861259609991976,4,1,1,1,False,c4_drift_aware__dirichlet_a0.5__low_norm__seed48,48,dirichlet_a0.5,low_norm,c4_drift_aware
21,0.41239556670188904,1.8856407403945923,2.036976314997446,4,1,1,1,False,c4_drift_aware__dirichlet_a0.5__low_norm__seed48,48,dirichlet_a0.5,low_norm,c4_drift_aware
22,0.4321727156639099,1.7364509105682373,2.0590485419998004,5,0,1,1,False,c4_drift_aware__dirichlet_a0.5__low_norm__seed48,48,dirichlet_a0.5,low_norm,c4_drift_aware
23,0.4434540569782257,1.7157286405563354,2.0922742080001626,5,0,1,1,False,c4_drift_aware__dirichlet_a0.5__low_norm__seed48,48,dirichlet_a0.5,low_norm,c4_drift_aware
24,0.4438718855381012,1.7041370868682861,2.0636809010029538,5,0,1,1,False,c4_drift_aware__dirichlet_a0.5__low_norm__seed48,48,dirichlet_a0.5,low_norm,c4_drift_aware
0,0.08844011276960373,2.19438099861145,2.0419982239982346,5,0,1,0,False,c4_drift_aware__dirichlet_a0.5__no_attack__seed49,49,dirichlet_a0.5,no_attack,c4_drift_aware
1,0.08245125412940979,2.2126681804656982,2.0995923400005267,5,0,1,0,False,c4_drift_aware__dirichlet_a0.5__no_attack__seed49,49,dirichlet_a0.5,no_attack,c4_drift_aware
2,0.09359331429004669,2.2262117862701416,2.123451167000894,5,0,1,0,False,c4_drift_aware__dirichlet_a0.5__no_attack__seed49,49,dirichlet_a0.5,no_attack,c4_drift_aware
3,0.09470752626657486,2.234422445297241,2.1423277450012392,5,0,1,0,False,c4_drift_aware__dirichlet_a0.5__no_attack__seed49,49,dirichlet_a0.5,no_attack,c4_drift_aware
4,0.1005571037530899,2.2204856872558594,2.0480191380011092,5,0,1,0,False,c4_drift_aware__dirichlet_a0.5__no_attack__seed49,49,dirichlet_a0.5,no_attack,c4_drift_aware
5,0.09442897140979767,2.2275731563568115,2.0372421960018983,5,0,1,0,False,c4_drift_aware__dirichlet_a0.5__no_attack__seed49,49,dirichlet_a0.5,no_attack,c4_drift_aware
6,0.08272980898618698,2.2262189388275146,2.110670496000239,5,0,1,0,False,c4_drift_aware__dirichlet_a0.5__no_attack__seed49,49,dirichlet_a0.5,no_attack,c4_drift_aware
7,0.08830083906650543,2.2192695140838623,2.067934052000055,5,0,1,0,False,c4_drift_aware__dirichlet_a0.5__no_attack__seed49,49,dirichlet_a0.5,no_attack,c4_drift_aware
8,0.08036211878061295,2.2115347385406494,1.9047601640013454,5,0,1,0,False,c4_drift_aware__dirichlet_a0.5__no_attack__seed49,49,dirichlet_a0.5,no_attack,c4_drift_aware
9,0.08272980898618698,2.232363224029541,2.1317914120008936,5,0,1,0,False,c4_drift_aware__dirichlet_a0.5__no_attack__seed49,49,dirichlet_a0.5,no_attack,c4_drift_aware
10,0.08899721503257751,2.2243826389312744,2.077973183000722,5,0,1,1,False,c4_drift_aware__dirichlet_a0.5__no_attack__seed49,49,dirichlet_a0.5,no_attack,c4_drift_aware
11,0.07757660001516342,2.203643321990967,2.068653139001981,5,0,1,1,False,c4_drift_aware__dirichlet_a0.5__no_attack__seed49,49,dirichlet_a0.5,no_attack,c4_drift_aware
12,0.0895543172955513,2.2074975967407227,2.1040023150017078,5,0,1,1,False,c4_drift_aware__dirichlet_a0.5__no_attack__seed49,49,dirichlet_a0.5,no_attack,c4_drift_aware
13,0.1717270165681839,2.2451019287109375,2.1167665159991884,4,1,1,1,False,c4_drift_aware__dirichlet_a0.5__no_attack__seed49,49,dirichlet_a0.5,no_attack,c4_drift_aware
14,0.08245125412940979,2.174896001815796,2.064132512001379,5,0,1,1,False,c4_drift_aware__dirichlet_a0.5__no_attack__seed49,49,dirichlet_a0.5,no_attack,c4_drift_aware
15,0.21796658635139465,2.117997884750366,2.051018437003222,5,0,1,1,False,c4_drift_aware__dirichlet_a0.5__no_attack__seed49,49,dirichlet_a0.5,no_attack,c4_drift_aware
16,0.2767409682273865,2.0879015922546387,2.093280955999944,5,0,1,1,False,c4_drift_aware__dirichlet_a0.5__no_attack__seed49,49,dirichlet_a0.5,no_attack,c4_drift_aware
17,0.26601672172546387,1.9703607559204102,2.1108773940031824,5,0,1,1,False,c4_drift_aware__dirichlet_a0.5__no_attack__seed49,49,dirichlet_a0.5,no_attack,c4_drift_aware
18,0.28509750962257385,1.995908498764038,2.097757116000139,5,0,1,1,False,c4_drift_aware__dirichlet_a0.5__no_attack__seed49,49,dirichlet_a0.5,no_attack,c4_drift_aware
19,0.2825905382633209,1.8711206912994385,2.084012444000109,5,0,1,1,False,c4_drift_aware__dirichlet_a0.5__no_attack__seed49,49,dirichlet_a0.5,no_attack,c4_drift_aware
20,0.297493040561676,1.8526568412780762,2.1167610779993993,5,0,1,1,False,c4_drift_aware__dirichlet_a0.5__no_attack__seed49,49,dirichlet_a0.5,no_attack,c4_drift_aware
21,0.2874651849269867,1.7665899991989136,2.0524507669979357,5,0,1,1,False,c4_drift_aware__dirichlet_a0.5__no_attack__seed49,49,dirichlet_a0.5,no_attack,c4_drift_aware
22,0.28077995777130127,1.7399523258209229,2.201159413001733,5,0,1,1,False,c4_drift_aware__dirichlet_a0.5__no_attack__seed49,49,dirichlet_a0.5,no_attack,c4_drift_aware
23,0.29721447825431824,1.7558525800704956,2.0874579880000965,5,0,1,1,False,c4_drift_aware__dirichlet_a0.5__no_attack__seed49,49,dirichlet_a0.5,no_attack,c4_drift_aware
24,0.2941504120826721,1.7186909914016724,2.0560774309997214,5,0,1,1,False,c4_drift_aware__dirichlet_a0.5__no_attack__seed49,49,dirichlet_a0.5,no_attack,c4_drift_aware
0,0.08844011276960373,2.1943747997283936,2.1267477389992564,5,0,1,0,False,c4_drift_aware__dirichlet_a0.5__large_norm__seed49,49,dirichlet_a0.5,large_norm,c4_drift_aware
1,0.08245125412940979,2.2124173641204834,2.098583738999878,5,0,1,0,False,c4_drift_aware__dirichlet_a0.5__large_norm__seed49,49,dirichlet_a0.5,large_norm,c4_drift_aware
2,0.09456824511289597,2.2267589569091797,2.1029592269987916,5,0,1,0,False,c4_drift_aware__dirichlet_a0.5__large_norm__seed49,49,dirichlet_a0.5,large_norm,c4_drift_aware
3,0.09582173079252243,2.2350499629974365,2.092245007999736,5,0,1,0,False,c4_drift_aware__dirichlet_a0.5__large_norm__seed49,49,dirichlet_a0.5,large_norm,c4_drift_aware
4,0.10041783004999161,2.220949649810791,2.0730971339980897,5,0,1,0,False,c4_drift_aware__dirichlet_a0.5__large_norm__seed49,49,dirichlet_a0.5,large_norm,c4_drift_aware
5,0.09456824511289597,2.2283856868743896,2.101262422002037,5,0,1,0,False,c4_drift_aware__dirichlet_a0.5__large_norm__seed49,49,dirichlet_a0.5,large_norm,c4_drift_aware
6,0.08259052783250809,2.226158380508423,2.0202206329995533,5,0,1,0,False,c4_drift_aware__dirichlet_a0.5__large_norm__seed49,49,dirichlet_a0.5,large_norm,c4_drift_aware
7,0.08830083906650543,2.2198612689971924,2.092146420000063,5,0,1,0,False,c4_drift_aware__dirichlet_a0.5__large_norm__seed49,49,dirichlet_a0.5,large_norm,c4_drift_aware
8,0.08050139248371124,2.2114970684051514,2.0617649230007373,5,0,1,0,False,c4_drift_aware__dirichlet_a0.5__large_norm__seed49,49,dirichlet_a0.5,large_norm,c4_drift_aware
9,0.08259052783250809,2.2323033809661865,2.0603677430008247,5,0,1,0,False,c4_drift_aware__dirichlet_a0.5__large_norm__seed49,49,dirichlet_a0.5,large_norm,c4_drift_aware
10,0.1863509863615036,2.185593605041504,2.1190725410015148,1,4,1,1,False,c4_drift_aware__dirichlet_a0.5__large_norm__seed49,49,dirichlet_a0.5,large_norm,c4_drift_aware
11,0.1863509863615036,2.169113874435425,2.016887064997718,1,4,1,1,False,c4_drift_aware__dirichlet_a0.5__large_norm__seed49,49,dirichlet_a0.5,large_norm,c4_drift_aware
12,0.34470751881599426,2.1578314304351807,2.037026337999123,2,3,1,1,False,c4_drift_aware__dirichlet_a0.5__large_norm__seed49,49,dirichlet_a0.5,large_norm,c4_drift_aware
13,0.28481894731521606,2.7921926975250244,2.1200207930014585,1,4,1,1,False,c4_drift_aware__dirichlet_a0.5__large_norm__seed49,49,dirichlet_a0.5,large_norm,c4_drift_aware
14,0.35181060433387756,2.044106960296631,1.8562668459999259,1,4,1,1,False,c4_drift_aware__dirichlet_a0.5__large_norm__seed49,49,dirichlet_a0.5,large_norm,c4_drift_aware
15,0.31824514269828796,2.0434110164642334,2.0363960120012052,1,4,1,1,False,c4_drift_aware__dirichlet_a0.5__large_norm__seed49,49,dirichlet_a0.5,large_norm,c4_drift_aware
16,0.33398330211639404,1.8876324892044067,1.8361632999985886,1,4,1,1,False,c4_drift_aware__dirichlet_a0.5__large_norm__seed49,49,dirichlet_a0.5,large_norm,c4_drift_aware
17,0.26977717876434326,1.7811071872711182,1.9901911759989162,3,2,1,1,False,c4_drift_aware__dirichlet_a0.5__large_norm__seed49,49,dirichlet_a0.5,large_norm,c4_drift_aware
18,0.4071030616760254,1.7947826385498047,2.0098455139996076,1,4,1,1,False,c4_drift_aware__dirichlet_a0.5__large_norm__seed49,49,dirichlet_a0.5,large_norm,c4_drift_aware
19,0.2718662917613983,1.699100136756897,2.0585081739991438,4,1,1,1,False,c4_drift_aware__dirichlet_a0.5__large_norm__seed49,49,dirichlet_a0.5,large_norm,c4_drift_aware
20,0.3764623999595642,1.7026517391204834,2.073210549999203,2,3,1,1,False,c4_drift_aware__dirichlet_a0.5__large_norm__seed49,49,dirichlet_a0.5,large_norm,c4_drift_aware
21,0.3171309232711792,1.6442370414733887,2.0341972399983206,4,1,1,1,False,c4_drift_aware__dirichlet_a0.5__large_norm__seed49,49,dirichlet_a0.5,large_norm,c4_drift_aware
22,0.3654596209526062,1.6572861671447754,2.0585736819994054,4,1,1,1,False,c4_drift_aware__dirichlet_a0.5__large_norm__seed49,49,dirichlet_a0.5,large_norm,c4_drift_aware
23,0.36740946769714355,1.618929147720337,2.0616760330012767,4,1,1,1,False,c4_drift_aware__dirichlet_a0.5__large_norm__seed49,49,dirichlet_a0.5,large_norm,c4_drift_aware
24,0.36824512481689453,1.6199898719787598,1.8179267500017886,4,1,1,1,False,c4_drift_aware__dirichlet_a0.5__large_norm__seed49,49,dirichlet_a0.5,large_norm,c4_drift_aware
0,0.08844011276960373,2.194385528564453,2.0671698190017196,5,0,1,0,False,c4_drift_aware__dirichlet_a0.5__directional_poisoning__seed49,49,dirichlet_a0.5,directional_poisoning,c4_drift_aware
1,0.08259052783250809,2.2122879028320312,2.1788466350008093,5,0,1,0,False,c4_drift_aware__dirichlet_a0.5__directional_poisoning__seed49,49,dirichlet_a0.5,directional_poisoning,c4_drift_aware
2,0.09470752626657486,2.225604772567749,2.108803237999382,5,0,1,0,False,c4_drift_aware__dirichlet_a0.5__directional_poisoning__seed49,49,dirichlet_a0.5,directional_poisoning,c4_drift_aware
3,0.09568245708942413,2.2343878746032715,2.0199307830007456,5,0,1,0,False,c4_drift_aware__dirichlet_a0.5__directional_poisoning__seed49,49,dirichlet_a0.5,directional_poisoning,c4_drift_aware
4,0.09958217293024063,2.220294713973999,2.039706904997729,5,0,1,0,False,c4_drift_aware__dirichlet_a0.5__directional_poisoning__seed49,49,dirichlet_a0.5,directional_poisoning,c4_drift_aware
5,0.09470752626657486,2.227851390838623,2.060517450001498,5,0,1,0,False,c4_drift_aware__dirichlet_a0.5__directional_poisoning__seed49,49,dirichlet_a0.5,directional_poisoning,c4_drift_aware
6,0.08272980898618698,2.226029634475708,2.0969111300000804,5,0,1,0,False,c4_drift_aware__dirichlet_a0.5__directional_poisoning__seed49,49,dirichlet_a0.5,directional_poisoning,c4_drift_aware
7,0.08830083906650543,2.219200611114502,2.116342044999328,5,0,1,0,False,c4_drift_aware__dirichlet_a0.5__directional_poisoning__seed49,49,dirichlet_a0.5,directional_poisoning,c4_drift_aware
8,0.08036211878061295,2.210667848587036,2.0480591650011775,5,0,1,0,False,c4_drift_aware__dirichlet_a0.5__directional_poisoning__seed49,49,dirichlet_a0.5,directional_poisoning,c4_drift_aware
9,0.08259052783250809,2.2322919368743896,2.079038119998586,5,0,1,0,False,c4_drift_aware__dirichlet_a0.5__directional_poisoning__seed49,49,dirichlet_a0.5,directional_poisoning,c4_drift_aware
10,0.05863510072231293,2.280125617980957,2.081761091001681,5,0,1,1,False,c4_drift_aware__dirichlet_a0.5__directional_poisoning__seed49,49,dirichlet_a0.5,directional_poisoning,c4_drift_aware
11,0.08245125412940979,2.2186477184295654,2.085269660998165,4,1,1,1,False,c4_drift_aware__dirichlet_a0.5__directional_poisoning__seed49,49,dirichlet_a0.5,directional_poisoning,c4_drift_aware
12,0.08816156536340714,2.235504627227783,2.0307719680022274,4,1,1,1,False,c4_drift_aware__dirichlet_a0.5__directional_poisoning__seed49,49,dirichlet_a0.5,directional_poisoning,c4_drift_aware
13,0.08245125412940979,2.196260452270508,2.144093024999165,4,1,1,1,False,c4_drift_aware__dirichlet_a0.5__directional_poisoning__seed49,49,dirichlet_a0.5,directional_poisoning,c4_drift_aware
14,0.08245125412940979,2.202697992324829,2.0322641899983864,4,1,1,1,False,c4_drift_aware__dirichlet_a0.5__directional_poisoning__seed49,49,dirichlet_a0.5,directional_poisoning,c4_drift_aware
15,0.08245125412940979,2.1642770767211914,1.983067002001917,4,1,1,1,False,c4_drift_aware__dirichlet_a0.5__directional_poisoning__seed49,49,dirichlet_a0.5,directional_poisoning,c4_drift_aware
16,0.08300835639238358,2.1376781463623047,2.049353117999999,4,1,1,1,False,c4_drift_aware__dirichlet_a0.5__directional_poisoning__seed49,49,dirichlet_a0.5,directional_poisoning,c4_drift_aware
17,0.2676880359649658,2.016423225402832,2.052102472000115,4,1,1,1,False,c4_drift_aware__dirichlet_a0.5__directional_poisoning__seed49,49,dirichlet_a0.5,directional_poisoning,c4_drift_aware
18,0.15891365706920624,2.0885813236236572,2.008127453002089,4,1,1,1,False,c4_drift_aware__dirichlet_a0.5__directional_poisoning__seed49,49,dirichlet_a0.5,directional_poisoning,c4_drift_aware
19,0.26323121786117554,1.9830803871154785,2.10125045300083,4,1,1,1,False,c4_drift_aware__dirichlet_a0.5__directional_poisoning__seed49,49,dirichlet_a0.5,directional_poisoning,c4_drift_aware
20,0.29568246006965637,1.8725162744522095,2.085156952001853,4,1,1,1,False,c4_drift_aware__dirichlet_a0.5__directional_poisoning__seed49,49,dirichlet_a0.5,directional_poisoning,c4_drift_aware
21,0.27423399686813354,1.7980139255523682,2.0895369019999634,4,1,1,1,False,c4_drift_aware__dirichlet_a0.5__directional_poisoning__seed49,49,dirichlet_a0.5,directional_poisoning,c4_drift_aware
22,0.28941506147384644,1.786474347114563,2.142344101001072,4,1,1,1,False,c4_drift_aware__dirichlet_a0.5__directional_poisoning__seed49,49,dirichlet_a0.5,directional_poisoning,c4_drift_aware
23,0.29373258352279663,1.7569173574447632,2.084862166997482,4,1,1,1,False,c4_drift_aware__dirichlet_a0.5__directional_poisoning__seed49,49,dirichlet_a0.5,directional_poisoning,c4_drift_aware
24,0.2828691005706787,1.7149065732955933,2.064120342998649,4,1,1,1,False,c4_drift_aware__dirichlet_a0.5__directional_poisoning__seed49,49,dirichlet_a0.5,directional_poisoning,c4_drift_aware
0,0.08844011276960373,2.1943719387054443,2.081065235001006,5,0,1,0,False,c4_drift_aware__dirichlet_a0.5__sparse_coordinate_attack__seed49,49,dirichlet_a0.5,sparse_coordinate_attack,c4_drift_aware
1,0.08245125412940979,2.2125649452209473,2.0631801009985793,5,0,1,0,False,c4_drift_aware__dirichlet_a0.5__sparse_coordinate_attack__seed49,49,dirichlet_a0.5,sparse_coordinate_attack,c4_drift_aware
2,0.09456824511289597,2.225485324859619,2.032892963001359,5,0,1,0,False,c4_drift_aware__dirichlet_a0.5__sparse_coordinate_attack__seed49,49,dirichlet_a0.5,sparse_coordinate_attack,c4_drift_aware
3,0.09582173079252243,2.2345073223114014,1.832452254002419,5,0,1,0,False,c4_drift_aware__dirichlet_a0.5__sparse_coordinate_attack__seed49,49,dirichlet_a0.5,sparse_coordinate_attack,c4_drift_aware
4,0.10000000149011612,2.2204701900482178,1.984787192002841,5,0,1,0,False,c4_drift_aware__dirichlet_a0.5__sparse_coordinate_attack__seed49,49,dirichlet_a0.5,sparse_coordinate_attack,c4_drift_aware
5,0.09456824511289597,2.227529287338257,2.0533445900000515,5,0,1,0,False,c4_drift_aware__dirichlet_a0.5__sparse_coordinate_attack__seed49,49,dirichlet_a0.5,sparse_coordinate_attack,c4_drift_aware
6,0.08259052783250809,2.226322650909424,2.0718449859996326,5,0,1,0,False,c4_drift_aware__dirichlet_a0.5__sparse_coordinate_attack__seed49,49,dirichlet_a0.5,sparse_coordinate_attack,c4_drift_aware
7,0.08830083906650543,2.219155788421631,2.1008414429998084,5,0,1,0,False,c4_drift_aware__dirichlet_a0.5__sparse_coordinate_attack__seed49,49,dirichlet_a0.5,sparse_coordinate_attack,c4_drift_aware
8,0.08091922104358673,2.2112417221069336,2.0799294560019916,5,0,1,0,False,c4_drift_aware__dirichlet_a0.5__sparse_coordinate_attack__seed49,49,dirichlet_a0.5,sparse_coordinate_attack,c4_drift_aware
9,0.08272980898618698,2.2325589656829834,2.067442749001202,5,0,1,0,False,c4_drift_aware__dirichlet_a0.5__sparse_coordinate_attack__seed49,49,dirichlet_a0.5,sparse_coordinate_attack,c4_drift_aware
10,0.09874652326107025,2.234490156173706,2.104157555997517,4,1,1,1,False,c4_drift_aware__dirichlet_a0.5__sparse_coordinate_attack__seed49,49,dirichlet_a0.5,sparse_coordinate_attack,c4_drift_aware
11,0.08245125412940979,2.2137293815612793,2.087098379000963,4,1,1,1,False,c4_drift_aware__dirichlet_a0.5__sparse_coordinate_attack__seed49,49,dirichlet_a0.5,sparse_coordinate_attack,c4_drift_aware
12,0.08245125412940979,2.209932327270508,2.0223227129972656,4,1,1,1,False,c4_drift_aware__dirichlet_a0.5__sparse_coordinate_attack__seed49,49,dirichlet_a0.5,sparse_coordinate_attack,c4_drift_aware
13,0.08245125412940979,2.192408561706543,2.0275722589976795,4,1,1,1,False,c4_drift_aware__dirichlet_a0.5__sparse_coordinate_attack__seed49,49,dirichlet_a0.5,sparse_coordinate_attack,c4_drift_aware
14,0.08245125412940979,2.1691579818725586,2.082932601999346,4,1,1,1,False,c4_drift_aware__dirichlet_a0.5__sparse_coordinate_attack__seed49,49,dirichlet_a0.5,sparse_coordinate_attack,c4_drift_aware
15,0.18064066767692566,2.138169765472412,1.856134445999487,4,1,1,1,False,c4_drift_aware__dirichlet_a0.5__sparse_coordinate_attack__seed49,49,dirichlet_a0.5,sparse_coordinate_attack,c4_drift_aware
16,0.19540390372276306,2.101912260055542,2.1164768380003807,4,1,1,1,False,c4_drift_aware__dirichlet_a0.5__sparse_coordinate_attack__seed49,49,dirichlet_a0.5,sparse_coordinate_attack,c4_drift_aware
17,0.2760445773601532,2.026182174682617,2.0784628200017323,4,1,1,1,False,c4_drift_aware__dirichlet_a0.5__sparse_coordinate_attack__seed49,49,dirichlet_a0.5,sparse_coordinate_attack,c4_drift_aware
18,0.26699164509773254,1.9778687953948975,2.095651389001432,4,1,1,1,False,c4_drift_aware__dirichlet_a0.5__sparse_coordinate_attack__seed49,49,dirichlet_a0.5,sparse_coordinate_attack,c4_drift_aware
19,0.29289695620536804,1.901253342628479,2.0261398699985875,4,1,1,1,False,c4_drift_aware__dirichlet_a0.5__sparse_coordinate_attack__seed49,49,dirichlet_a0.5,sparse_coordinate_attack,c4_drift_aware
20,0.28175488114356995,1.8361034393310547,2.046017930999369,4,1,1,1,False,c4_drift_aware__dirichlet_a0.5__sparse_coordinate_attack__seed49,49,dirichlet_a0.5,sparse_coordinate_attack,c4_drift_aware
21,0.2806406617164612,1.7869577407836914,2.04677291400003,4,1,1,1,False,c4_drift_aware__dirichlet_a0.5__sparse_coordinate_attack__seed49,49,dirichlet_a0.5,sparse_coordinate_attack,c4_drift_aware
22,0.2714484632015228,1.7368098497390747,2.133684987002198,4,1,1,1,False,c4_drift_aware__dirichlet_a0.5__sparse_coordinate_attack__seed49,49,dirichlet_a0.5,sparse_coordinate_attack,c4_drift_aware
23,0.2871866226196289,1.7200238704681396,2.107801954000024,4,1,1,1,False,c4_drift_aware__dirichlet_a0.5__sparse_coordinate_attack__seed49,49,dirichlet_a0.5,sparse_coordinate_attack,c4_drift_aware
24,0.28969359397888184,1.7062921524047852,2.0920178550004493,4,1,1,1,False,c4_drift_aware__dirichlet_a0.5__sparse_coordinate_attack__seed49,49,dirichlet_a0.5,sparse_coordinate_attack,c4_drift_aware
0,0.08844011276960373,2.1943728923797607,2.3069834140005696,5,0,1,0,False,c4_drift_aware__dirichlet_a0.5__full_sign_flip__seed49,49,dirichlet_a0.5,full_sign_flip,c4_drift_aware
1,0.08245125412940979,2.2124671936035156,1.9523580109998875,5,0,1,0,False,c4_drift_aware__dirichlet_a0.5__full_sign_flip__seed49,49,dirichlet_a0.5,full_sign_flip,c4_drift_aware
2,0.09359331429004669,2.225614547729492,1.8401646940001228,5,0,1,0,False,c4_drift_aware__dirichlet_a0.5__full_sign_flip__seed49,49,dirichlet_a0.5,full_sign_flip,c4_drift_aware
3,0.0931754931807518,2.2343668937683105,2.122008537000511,5,0,1,0,False,c4_drift_aware__dirichlet_a0.5__full_sign_flip__seed49,49,dirichlet_a0.5,full_sign_flip,c4_drift_aware
4,0.09888579696416855,2.2207283973693848,2.088258390998817,5,0,1,0,False,c4_drift_aware__dirichlet_a0.5__full_sign_flip__seed49,49,dirichlet_a0.5,full_sign_flip,c4_drift_aware
5,0.09456824511289597,2.227684259414673,2.155145592001645,5,0,1,0,False,c4_drift_aware__dirichlet_a0.5__full_sign_flip__seed49,49,dirichlet_a0.5,full_sign_flip,c4_drift_aware
6,0.08272980898618698,2.2261202335357666,2.1469735899991065,5,0,1,0,False,c4_drift_aware__dirichlet_a0.5__full_sign_flip__seed49,49,dirichlet_a0.5,full_sign_flip,c4_drift_aware
7,0.08830083906650543,2.219635009765625,2.0264083619986195,5,0,1,0,False,c4_drift_aware__dirichlet_a0.5__full_sign_flip__seed49,49,dirichlet_a0.5,full_sign_flip,c4_drift_aware
8,0.08036211878061295,2.2106001377105713,2.0645309899991844,5,0,1,0,False,c4_drift_aware__dirichlet_a0.5__full_sign_flip__seed49,49,dirichlet_a0.5,full_sign_flip,c4_drift_aware
9,0.08259052783250809,2.2324531078338623,2.0326027600021916,5,0,1,0,False,c4_drift_aware__dirichlet_a0.5__full_sign_flip__seed49,49,dirichlet_a0.5,full_sign_flip,c4_drift_aware
10,0.05863510072231293,2.2801780700683594,2.0199317560000054,5,0,1,1,False,c4_drift_aware__dirichlet_a0.5__full_sign_flip__seed49,49,dirichlet_a0.5,full_sign_flip,c4_drift_aware
11,0.08245125412940979,2.2185239791870117,2.086431792999065,4,1,1,1,False,c4_drift_aware__dirichlet_a0.5__full_sign_flip__seed49,49,dirichlet_a0.5,full_sign_flip,c4_drift_aware
12,0.08774373680353165,2.2355661392211914,2.0763624270002765,4,1,1,1,False,c4_drift_aware__dirichlet_a0.5__full_sign_flip__seed49,49,dirichlet_a0.5,full_sign_flip,c4_drift_aware
13,0.08245125412940979,2.1963484287261963,1.8375507860000653,4,1,1,1,False,c4_drift_aware__dirichlet_a0.5__full_sign_flip__seed49,49,dirichlet_a0.5,full_sign_flip,c4_drift_aware
14,0.08245125412940979,2.2026865482330322,2.105345578998822,4,1,1,1,False,c4_drift_aware__dirichlet_a0.5__full_sign_flip__seed49,49,dirichlet_a0.5,full_sign_flip,c4_drift_aware
15,0.08245125412940979,2.164227247238159,2.0996862329993746,4,1,1,1,False,c4_drift_aware__dirichlet_a0.5__full_sign_flip__seed49,49,dirichlet_a0.5,full_sign_flip,c4_drift_aware
16,0.08300835639238358,2.137350082397461,2.063019233999512,4,1,1,1,False,c4_drift_aware__dirichlet_a0.5__full_sign_flip__seed49,49,dirichlet_a0.5,full_sign_flip,c4_drift_aware
17,0.2676880359649658,2.016023874282837,2.0827208529990457,4,1,1,1,False,c4_drift_aware__dirichlet_a0.5__full_sign_flip__seed49,49,dirichlet_a0.5,full_sign_flip,c4_drift_aware
18,0.15849582850933075,2.0887610912323,2.0932205419994716,4,1,1,1,False,c4_drift_aware__dirichlet_a0.5__full_sign_flip__seed49,49,dirichlet_a0.5,full_sign_flip,c4_drift_aware
19,0.2650417983531952,1.979828119277954,2.0901267220033333,4,1,1,1,False,c4_drift_aware__dirichlet_a0.5__full_sign_flip__seed49,49,dirichlet_a0.5,full_sign_flip,c4_drift_aware
20,0.2958217263221741,1.8713078498840332,2.0362087239991524,4,1,1,1,False,c4_drift_aware__dirichlet_a0.5__full_sign_flip__seed49,49,dirichlet_a0.5,full_sign_flip,c4_drift_aware
21,0.27423399686813354,1.7977157831192017,1.9298771739995573,4,1,1,1,False,c4_drift_aware__dirichlet_a0.5__full_sign_flip__seed49,49,dirichlet_a0.5,full_sign_flip,c4_drift_aware
22,0.28941506147384644,1.7859033346176147,2.0337376429997676,4,1,1,1,False,c4_drift_aware__dirichlet_a0.5__full_sign_flip__seed49,49,dirichlet_a0.5,full_sign_flip,c4_drift_aware
23,0.29373258352279663,1.7570271492004395,2.017538339998282,4,1,1,1,False,c4_drift_aware__dirichlet_a0.5__full_sign_flip__seed49,49,dirichlet_a0.5,full_sign_flip,c4_drift_aware
24,0.2834261953830719,1.7157366275787354,2.0831609980014036,4,1,1,1,False,c4_drift_aware__dirichlet_a0.5__full_sign_flip__seed49,49,dirichlet_a0.5,full_sign_flip,c4_drift_aware
0,0.08844011276960373,2.1943860054016113,2.0642964500002563,5,0,1,0,False,c4_drift_aware__dirichlet_a0.5__low_norm__seed49,49,dirichlet_a0.5,low_norm,c4_drift_aware
1,0.08259052783250809,2.2124152183532715,2.049755481999455,5,0,1,0,False,c4_drift_aware__dirichlet_a0.5__low_norm__seed49,49,dirichlet_a0.5,low_norm,c4_drift_aware
2,0.09428969770669937,2.225820302963257,2.072420159001922,5,0,1,0,False,c4_drift_aware__dirichlet_a0.5__low_norm__seed49,49,dirichlet_a0.5,low_norm,c4_drift_aware
3,0.09582173079252243,2.234740972518921,2.121217367999634,5,0,1,0,False,c4_drift_aware__dirichlet_a0.5__low_norm__seed49,49,dirichlet_a0.5,low_norm,c4_drift_aware
4,0.10013927519321442,2.2203848361968994,1.9901762089975819,5,0,1,0,False,c4_drift_aware__dirichlet_a0.5__low_norm__seed49,49,dirichlet_a0.5,low_norm,c4_drift_aware
5,0.09442897140979767,2.2278542518615723,2.1034078680022503,5,0,1,0,False,c4_drift_aware__dirichlet_a0.5__low_norm__seed49,49,dirichlet_a0.5,low_norm,c4_drift_aware
6,0.08259052783250809,2.2260425090789795,2.133117265999317,5,0,1,0,False,c4_drift_aware__dirichlet_a0.5__low_norm__seed49,49,dirichlet_a0.5,low_norm,c4_drift_aware
7,0.08830083906650543,2.220231533050537,2.132575112998893,5,0,1,0,False,c4_drift_aware__dirichlet_a0.5__low_norm__seed49,49,dirichlet_a0.5,low_norm,c4_drift_aware
8,0.08050139248371124,2.211498737335205,2.1164323150005657,5,0,1,0,False,c4_drift_aware__dirichlet_a0.5__low_norm__seed49,49,dirichlet_a0.5,low_norm,c4_drift_aware
9,0.08259052783250809,2.2324273586273193,1.9943170250007825,5,0,1,0,False,c4_drift_aware__dirichlet_a0.5__low_norm__seed49,49,dirichlet_a0.5,low_norm,c4_drift_aware
10,0.08259052783250809,2.232109785079956,2.0681330029983656,5,0,1,1,False,c4_drift_aware__dirichlet_a0.5__low_norm__seed49,49,dirichlet_a0.5,low_norm,c4_drift_aware
11,0.08245125412940979,2.2196900844573975,2.1167724879996968,5,0,1,1,False,c4_drift_aware__dirichlet_a0.5__low_norm__seed49,49,dirichlet_a0.5,low_norm,c4_drift_aware
12,0.08245125412940979,2.231451988220215,2.0887676140009717,5,0,1,1,False,c4_drift_aware__dirichlet_a0.5__low_norm__seed49,49,dirichlet_a0.5,low_norm,c4_drift_aware
13,0.08245125412940979,2.204838514328003,2.065579780999542,5,0,1,1,False,c4_drift_aware__dirichlet_a0.5__low_norm__seed49,49,dirichlet_a0.5,low_norm,c4_drift_aware
14,0.08245125412940979,2.207310438156128,1.8402092479991552,5,0,1,1,False,c4_drift_aware__dirichlet_a0.5__low_norm__seed49,49,dirichlet_a0.5,low_norm,c4_drift_aware
15,0.08245125412940979,2.18351149559021,2.073142655997799,5,0,1,1,False,c4_drift_aware__dirichlet_a0.5__low_norm__seed49,49,dirichlet_a0.5,low_norm,c4_drift_aware
16,0.08245125412940979,2.164369821548462,2.063619763997849,5,0,1,1,False,c4_drift_aware__dirichlet_a0.5__low_norm__seed49,49,dirichlet_a0.5,low_norm,c4_drift_aware
17,0.25863510370254517,2.0867421627044678,2.0740581450008904,5,0,1,1,False,c4_drift_aware__dirichlet_a0.5__low_norm__seed49,49,dirichlet_a0.5,low_norm,c4_drift_aware
18,0.08370473980903625,2.1371283531188965,2.0866386589987087,5,0,1,1,False,c4_drift_aware__dirichlet_a0.5__low_norm__seed49,49,dirichlet_a0.5,low_norm,c4_drift_aware
19,0.21169917285442352,2.0753209590911865,2.071179491998919,5,0,1,1,False,c4_drift_aware__dirichlet_a0.5__low_norm__seed49,49,dirichlet_a0.5,low_norm,c4_drift_aware
20,0.28941506147384644,1.9921075105667114,2.049951056997088,5,0,1,1,False,c4_drift_aware__dirichlet_a0.5__low_norm__seed49,49,dirichlet_a0.5,low_norm,c4_drift_aware
21,0.28621169924736023,1.9027305841445923,2.084962851000455,5,0,1,1,False,c4_drift_aware__dirichlet_a0.5__low_norm__seed49,49,dirichlet_a0.5,low_norm,c4_drift_aware
22,0.2841225564479828,1.8630605936050415,1.8251344689997495,5,0,1,1,False,c4_drift_aware__dirichlet_a0.5__low_norm__seed49,49,dirichlet_a0.5,low_norm,c4_drift_aware
23,0.29610028862953186,1.8506196737289429,2.0718360290011333,5,0,1,1,False,c4_drift_aware__dirichlet_a0.5__low_norm__seed49,49,dirichlet_a0.5,low_norm,c4_drift_aware
24,0.28927576541900635,1.8015902042388916,2.0523180730015156,5,0,1,1,False,c4_drift_aware__dirichlet_a0.5__low_norm__seed49,49,dirichlet_a0.5,low_norm,c4_drift_aware
0,0.1863509863615036,2.222099781036377,2.042638145001547,5,0,1,0,False,c4_drift_aware__dirichlet_a0.1__full_sign_flip__seed42,42,dirichlet_a0.1,full_sign_flip,c4_drift_aware
1,0.1863509863615036,2.299262285232544,1.9766802250014734,5,0,1,0,False,c4_drift_aware__dirichlet_a0.1__full_sign_flip__seed42,42,dirichlet_a0.1,full_sign_flip,c4_drift_aware
2,0.1863509863615036,2.318021297454834,2.0561706189982942,5,0,1,0,False,c4_drift_aware__dirichlet_a0.1__full_sign_flip__seed42,42,dirichlet_a0.1,full_sign_flip,c4_drift_aware
3,0.1863509863615036,2.3213260173797607,2.036491326001851,5,0,1,0,False,c4_drift_aware__dirichlet_a0.1__full_sign_flip__seed42,42,dirichlet_a0.1,full_sign_flip,c4_drift_aware
4,0.1863509863615036,2.3088364601135254,2.1337470929975098,5,0,1,0,False,c4_drift_aware__dirichlet_a0.1__full_sign_flip__seed42,42,dirichlet_a0.1,full_sign_flip,c4_drift_aware
5,0.1863509863615036,2.31054425239563,1.9161011780015542,5,0,1,0,False,c4_drift_aware__dirichlet_a0.1__full_sign_flip__seed42,42,dirichlet_a0.1,full_sign_flip,c4_drift_aware
6,0.1863509863615036,2.285766363143921,2.022834450002847,5,0,1,0,False,c4_drift_aware__dirichlet_a0.1__full_sign_flip__seed42,42,dirichlet_a0.1,full_sign_flip,c4_drift_aware
7,0.1863509863615036,2.2877798080444336,1.9625230970013945,5,0,1,0,False,c4_drift_aware__dirichlet_a0.1__full_sign_flip__seed42,42,dirichlet_a0.1,full_sign_flip,c4_drift_aware
8,0.1863509863615036,2.278719902038574,2.0303480499969737,5,0,1,0,False,c4_drift_aware__dirichlet_a0.1__full_sign_flip__seed42,42,dirichlet_a0.1,full_sign_flip,c4_drift_aware
9,0.1863509863615036,2.278083086013794,2.0432382180006243,5,0,1,0,False,c4_drift_aware__dirichlet_a0.1__full_sign_flip__seed42,42,dirichlet_a0.1,full_sign_flip,c4_drift_aware
10,0.10306406766176224,2.355393648147583,2.009041313001944,5,0,1,1,False,c4_drift_aware__dirichlet_a0.1__full_sign_flip__seed42,42,dirichlet_a0.1,full_sign_flip,c4_drift_aware
11,0.13746517896652222,2.233858346939087,2.0518185769979027,4,1,1,1,False,c4_drift_aware__dirichlet_a0.1__full_sign_flip__seed42,42,dirichlet_a0.1,full_sign_flip,c4_drift_aware
12,0.10320334881544113,2.2352893352508545,2.118543751999823,4,1,1,1,False,c4_drift_aware__dirichlet_a0.1__full_sign_flip__seed42,42,dirichlet_a0.1,full_sign_flip,c4_drift_aware
13,0.10320334881544113,2.2522175312042236,2.062150063000445,4,1,1,1,False,c4_drift_aware__dirichlet_a0.1__full_sign_flip__seed42,42,dirichlet_a0.1,full_sign_flip,c4_drift_aware
14,0.10306406766176224,2.2496988773345947,2.078534436001064,4,1,1,1,False,c4_drift_aware__dirichlet_a0.1__full_sign_flip__seed42,42,dirichlet_a0.1,full_sign_flip,c4_drift_aware
15,0.11810585111379623,2.2535006999969482,2.106323247000546,4,1,1,1,False,c4_drift_aware__dirichlet_a0.1__full_sign_flip__seed42,42,dirichlet_a0.1,full_sign_flip,c4_drift_aware
16,0.1452646255493164,2.1929471492767334,2.057995518000098,4,1,1,1,False,c4_drift_aware__dirichlet_a0.1__full_sign_flip__seed42,42,dirichlet_a0.1,full_sign_flip,c4_drift_aware
17,0.10752089321613312,2.2326345443725586,2.0993820639996557,4,1,1,1,False,c4_drift_aware__dirichlet_a0.1__full_sign_flip__seed42,42,dirichlet_a0.1,full_sign_flip,c4_drift_aware
18,0.10320334881544113,2.2525625228881836,2.1542956169978424,4,1,1,1,False,c4_drift_aware__dirichlet_a0.1__full_sign_flip__seed42,42,dirichlet_a0.1,full_sign_flip,c4_drift_aware
19,0.2569637894630432,2.166266918182373,2.1517757100009476,4,1,1,1,False,c4_drift_aware__dirichlet_a0.1__full_sign_flip__seed42,42,dirichlet_a0.1,full_sign_flip,c4_drift_aware
20,0.10529248416423798,2.1876914501190186,2.092057465000835,4,1,1,1,False,c4_drift_aware__dirichlet_a0.1__full_sign_flip__seed42,42,dirichlet_a0.1,full_sign_flip,c4_drift_aware
21,0.14832869172096252,2.1753947734832764,2.1428967540014128,4,1,1,1,False,c4_drift_aware__dirichlet_a0.1__full_sign_flip__seed42,42,dirichlet_a0.1,full_sign_flip,c4_drift_aware
22,0.2839832901954651,2.053790330886841,2.161490866998065,4,1,1,1,False,c4_drift_aware__dirichlet_a0.1__full_sign_flip__seed42,42,dirichlet_a0.1,full_sign_flip,c4_drift_aware
23,0.3050139248371124,2.041964054107666,2.2103929400000197,4,1,1,1,False,c4_drift_aware__dirichlet_a0.1__full_sign_flip__seed42,42,dirichlet_a0.1,full_sign_flip,c4_drift_aware
24,0.10334262251853943,2.406271457672119,2.073354345997359,3,2,1,1,False,c4_drift_aware__dirichlet_a0.1__full_sign_flip__seed42,42,dirichlet_a0.1,full_sign_flip,c4_drift_aware
0,0.1863509863615036,2.222100257873535,2.0745660920001683,5,0,1,0,False,c4_drift_aware__dirichlet_a0.1__low_norm__seed42,42,dirichlet_a0.1,low_norm,c4_drift_aware
1,0.1863509863615036,2.299866199493408,2.0883044059992244,5,0,1,0,False,c4_drift_aware__dirichlet_a0.1__low_norm__seed42,42,dirichlet_a0.1,low_norm,c4_drift_aware
2,0.1863509863615036,2.317476749420166,2.0394523390023096,5,0,1,0,False,c4_drift_aware__dirichlet_a0.1__low_norm__seed42,42,dirichlet_a0.1,low_norm,c4_drift_aware
3,0.1863509863615036,2.321162462234497,2.0570922370025073,5,0,1,0,False,c4_drift_aware__dirichlet_a0.1__low_norm__seed42,42,dirichlet_a0.1,low_norm,c4_drift_aware
4,0.1863509863615036,2.3077168464660645,2.070129042996996,5,0,1,0,False,c4_drift_aware__dirichlet_a0.1__low_norm__seed42,42,dirichlet_a0.1,low_norm,c4_drift_aware
5,0.1863509863615036,2.3108108043670654,2.0844650760009245,5,0,1,0,False,c4_drift_aware__dirichlet_a0.1__low_norm__seed42,42,dirichlet_a0.1,low_norm,c4_drift_aware
6,0.1863509863615036,2.286259412765503,2.0840735749989108,5,0,1,0,False,c4_drift_aware__dirichlet_a0.1__low_norm__seed42,42,dirichlet_a0.1,low_norm,c4_drift_aware
7,0.1863509863615036,2.289506196975708,2.0938804500001424,5,0,1,0,False,c4_drift_aware__dirichlet_a0.1__low_norm__seed42,42,dirichlet_a0.1,low_norm,c4_drift_aware
8,0.1863509863615036,2.280109405517578,2.0321631879996858,5,0,1,0,False,c4_drift_aware__dirichlet_a0.1__low_norm__seed42,42,dirichlet_a0.1,low_norm,c4_drift_aware
9,0.1863509863615036,2.280518054962158,2.0571783969971875,5,0,1,0,False,c4_drift_aware__dirichlet_a0.1__low_norm__seed42,42,dirichlet_a0.1,low_norm,c4_drift_aware
10,0.2238161563873291,2.2344932556152344,2.150057237002329,5,0,1,1,False,c4_drift_aware__dirichlet_a0.1__low_norm__seed42,42,dirichlet_a0.1,low_norm,c4_drift_aware
11,0.22855153679847717,2.235635757446289,2.0912979929998983,5,0,1,1,False,c4_drift_aware__dirichlet_a0.1__low_norm__seed42,42,dirichlet_a0.1,low_norm,c4_drift_aware
12,0.10320334881544113,2.235443115234375,2.074115896000876,5,0,1,1,False,c4_drift_aware__dirichlet_a0.1__low_norm__seed42,42,dirichlet_a0.1,low_norm,c4_drift_aware
13,0.10320334881544113,2.2504539489746094,1.960454011001275,5,0,1,1,False,c4_drift_aware__dirichlet_a0.1__low_norm__seed42,42,dirichlet_a0.1,low_norm,c4_drift_aware
14,0.10292479395866394,2.2505109310150146,1.8166896350012394,5,0,1,1,False,c4_drift_aware__dirichlet_a0.1__low_norm__seed42,42,dirichlet_a0.1,low_norm,c4_drift_aware
15,0.10264623910188675,2.253756284713745,2.031684565001342,5,0,1,1,False,c4_drift_aware__dirichlet_a0.1__low_norm__seed42,42,dirichlet_a0.1,low_norm,c4_drift_aware
16,0.10389972478151321,2.206364870071411,2.0523882119996415,5,0,1,1,False,c4_drift_aware__dirichlet_a0.1__low_norm__seed42,42,dirichlet_a0.1,low_norm,c4_drift_aware
17,0.10306406766176224,2.2339236736297607,2.0539839759985625,5,0,1,1,False,c4_drift_aware__dirichlet_a0.1__low_norm__seed42,42,dirichlet_a0.1,low_norm,c4_drift_aware
18,0.10320334881544113,2.2555618286132812,2.0228685020010744,5,0,1,1,False,c4_drift_aware__dirichlet_a0.1__low_norm__seed42,42,dirichlet_a0.1,low_norm,c4_drift_aware
19,0.12618385255336761,2.2378838062286377,2.0702619820003747,5,0,1,1,False,c4_drift_aware__dirichlet_a0.1__low_norm__seed42,42,dirichlet_a0.1,low_norm,c4_drift_aware
20,0.11866295337677002,2.218319892883301,2.064270368002326,5,0,1,1,False,c4_drift_aware__dirichlet_a0.1__low_norm__seed42,42,dirichlet_a0.1,low_norm,c4_drift_aware
21,0.13983286917209625,2.225533962249756,2.014991853000538,5,0,1,1,False,c4_drift_aware__dirichlet_a0.1__low_norm__seed42,42,dirichlet_a0.1,low_norm,c4_drift_aware
22,0.10320334881544113,2.4217004776000977,2.0693022100022063,4,1,1,1,False,c4_drift_aware__dirichlet_a0.1__low_norm__seed42,42,dirichlet_a0.1,low_norm,c4_drift_aware
23,0.15515320003032684,2.1487338542938232,2.1170835949997127,5,0,1,1,False,c4_drift_aware__dirichlet_a0.1__low_norm__seed42,42,dirichlet_a0.1,low_norm,c4_drift_aware
24,0.2615599036216736,2.1166131496429443,2.065685986999597,5,0,1,1,False,c4_drift_aware__dirichlet_a0.1__low_norm__seed42,42,dirichlet_a0.1,low_norm,c4_drift_aware
0,0.05863510072231293,2.2687361240386963,2.0540237220011477,5,0,1,0,False,c4_drift_aware__dirichlet_a0.1__full_sign_flip__seed43,43,dirichlet_a0.1,full_sign_flip,c4_drift_aware
1,0.05863510072231293,2.2149312496185303,2.1097174089991313,4,1,1,0,False,c4_drift_aware__dirichlet_a0.1__full_sign_flip__seed43,43,dirichlet_a0.1,full_sign_flip,c4_drift_aware
2,0.05863510072231293,2.3546712398529053,2.0300789780012565,4,1,1,0,False,c4_drift_aware__dirichlet_a0.1__full_sign_flip__seed43,43,dirichlet_a0.1,full_sign_flip,c4_drift_aware
3,0.047214485704898834,2.306680917739868,1.7928622910003469,3,2,1,0,False,c4_drift_aware__dirichlet_a0.1__full_sign_flip__seed43,43,dirichlet_a0.1,full_sign_flip,c4_drift_aware
4,0.05863510072231293,2.412844657897949,2.0134687410027254,5,0,1,0,False,c4_drift_aware__dirichlet_a0.1__full_sign_flip__seed43,43,dirichlet_a0.1,full_sign_flip,c4_drift_aware
5,0.05863510072231293,2.37733793258667,2.020010534000903,5,0,1,0,False,c4_drift_aware__dirichlet_a0.1__full_sign_flip__seed43,43,dirichlet_a0.1,full_sign_flip,c4_drift_aware
6,0.05863510072231293,2.3600587844848633,2.0473915799993847,5,0,1,0,False,c4_drift_aware__dirichlet_a0.1__full_sign_flip__seed43,43,dirichlet_a0.1,full_sign_flip,c4_drift_aware
7,0.05863510072231293,2.3593859672546387,2.022406738000427,5,0,1,0,False,c4_drift_aware__dirichlet_a0.1__full_sign_flip__seed43,43,dirichlet_a0.1,full_sign_flip,c4_drift_aware
8,0.05863510072231293,2.3609702587127686,2.062151858001016,5,0,1,0,False,c4_drift_aware__dirichlet_a0.1__full_sign_flip__seed43,43,dirichlet_a0.1,full_sign_flip,c4_drift_aware
9,0.05863510072231293,2.343672275543213,2.0693163739997544,5,0,1,0,False,c4_drift_aware__dirichlet_a0.1__full_sign_flip__seed43,43,dirichlet_a0.1,full_sign_flip,c4_drift_aware
10,0.05863510072231293,3.2634615898132324,2.0742933049987187,5,0,1,1,False,c4_drift_aware__dirichlet_a0.1__full_sign_flip__seed43,43,dirichlet_a0.1,full_sign_flip,c4_drift_aware
11,0.05863510072231293,2.8890151977539062,2.1029570259997854,4,1,1,1,False,c4_drift_aware__dirichlet_a0.1__full_sign_flip__seed43,43,dirichlet_a0.1,full_sign_flip,c4_drift_aware
12,0.05863510072231293,2.759951591491699,2.054577536000579,4,1,1,1,False,c4_drift_aware__dirichlet_a0.1__full_sign_flip__seed43,43,dirichlet_a0.1,full_sign_flip,c4_drift_aware
13,0.05863510072231293,2.6880831718444824,2.0583738280001853,4,1,1,1,False,c4_drift_aware__dirichlet_a0.1__full_sign_flip__seed43,43,dirichlet_a0.1,full_sign_flip,c4_drift_aware
14,0.05863510072231293,2.769282579421997,2.042335964000813,4,1,1,1,False,c4_drift_aware__dirichlet_a0.1__full_sign_flip__seed43,43,dirichlet_a0.1,full_sign_flip,c4_drift_aware
15,0.05863510072231293,2.725468635559082,2.0425226820007083,4,1,1,1,False,c4_drift_aware__dirichlet_a0.1__full_sign_flip__seed43,43,dirichlet_a0.1,full_sign_flip,c4_drift_aware
16,0.05863510072231293,2.582188367843628,2.07330648900097,4,1,1,1,False,c4_drift_aware__dirichlet_a0.1__full_sign_flip__seed43,43,dirichlet_a0.1,full_sign_flip,c4_drift_aware
17,0.10974930971860886,2.534186840057373,2.0460862149993773,4,1,1,1,False,c4_drift_aware__dirichlet_a0.1__full_sign_flip__seed43,43,dirichlet_a0.1,full_sign_flip,c4_drift_aware
18,0.13537605106830597,2.5503721237182617,2.104699290001008,4,1,1,1,False,c4_drift_aware__dirichlet_a0.1__full_sign_flip__seed43,43,dirichlet_a0.1,full_sign_flip,c4_drift_aware
19,0.22994428873062134,2.36073899269104,2.1108604629989713,4,1,1,1,False,c4_drift_aware__dirichlet_a0.1__full_sign_flip__seed43,43,dirichlet_a0.1,full_sign_flip,c4_drift_aware
20,0.22994428873062134,2.390629291534424,2.0818098979980277,4,1,1,1,False,c4_drift_aware__dirichlet_a0.1__full_sign_flip__seed43,43,dirichlet_a0.1,full_sign_flip,c4_drift_aware
21,0.24317549169063568,2.3032376766204834,2.050990930001717,4,1,1,1,False,c4_drift_aware__dirichlet_a0.1__full_sign_flip__seed43,43,dirichlet_a0.1,full_sign_flip,c4_drift_aware
22,0.17103064060211182,2.6066439151763916,2.0762732770017465,4,1,1,1,False,c4_drift_aware__dirichlet_a0.1__full_sign_flip__seed43,43,dirichlet_a0.1,full_sign_flip,c4_drift_aware
23,0.24721449613571167,2.3263747692108154,2.064180039000348,4,1,1,1,False,c4_drift_aware__dirichlet_a0.1__full_sign_flip__seed43,43,dirichlet_a0.1,full_sign_flip,c4_drift_aware
24,0.2013927698135376,2.435116767883301,1.878324943001644,4,1,1,1,False,c4_drift_aware__dirichlet_a0.1__full_sign_flip__seed43,43,dirichlet_a0.1,full_sign_flip,c4_drift_aware
0,0.05863510072231293,2.2687504291534424,1.8606596979989263,5,0,1,0,False,c4_drift_aware__dirichlet_a0.1__low_norm__seed43,43,dirichlet_a0.1,low_norm,c4_drift_aware
1,0.05863510072231293,2.2148566246032715,2.1163989510023384,4,1,1,0,False,c4_drift_aware__dirichlet_a0.1__low_norm__seed43,43,dirichlet_a0.1,low_norm,c4_drift_aware
2,0.05863510072231293,2.3558082580566406,2.0652166240033694,4,1,1,0,False,c4_drift_aware__dirichlet_a0.1__low_norm__seed43,43,dirichlet_a0.1,low_norm,c4_drift_aware
3,0.047214485704898834,2.306133270263672,2.1045077279995894,3,2,1,0,False,c4_drift_aware__dirichlet_a0.1__low_norm__seed43,43,dirichlet_a0.1,low_norm,c4_drift_aware
4,0.05863510072231293,2.4143893718719482,2.071080179001001,5,0,1,0,False,c4_drift_aware__dirichlet_a0.1__low_norm__seed43,43,dirichlet_a0.1,low_norm,c4_drift_aware
5,0.05863510072231293,2.3767001628875732,2.0998233819991583,5,0,1,0,False,c4_drift_aware__dirichlet_a0.1__low_norm__seed43,43,dirichlet_a0.1,low_norm,c4_drift_aware
6,0.05863510072231293,2.3617911338806152,2.0318997639988083,5,0,1,0,False,c4_drift_aware__dirichlet_a0.1__low_norm__seed43,43,dirichlet_a0.1,low_norm,c4_drift_aware
7,0.05863510072231293,2.3592123985290527,2.100884990999475,5,0,1,0,False,c4_drift_aware__dirichlet_a0.1__low_norm__seed43,43,dirichlet_a0.1,low_norm,c4_drift_aware
8,0.05863510072231293,2.357435941696167,2.128280167999037,5,0,1,0,False,c4_drift_aware__dirichlet_a0.1__low_norm__seed43,43,dirichlet_a0.1,low_norm,c4_drift_aware
9,0.05863510072231293,2.340731620788574,2.094893547000538,5,0,1,0,False,c4_drift_aware__dirichlet_a0.1__low_norm__seed43,43,dirichlet_a0.1,low_norm,c4_drift_aware
10,0.05863510072231293,2.74198842048645,2.082884756000567,5,0,1,1,False,c4_drift_aware__dirichlet_a0.1__low_norm__seed43,43,dirichlet_a0.1,low_norm,c4_drift_aware
11,0.05863510072231293,2.6147072315216064,2.0731189550024283,4,1,1,1,False,c4_drift_aware__dirichlet_a0.1__low_norm__seed43,43,dirichlet_a0.1,low_norm,c4_drift_aware
12,0.05863510072231293,2.778301239013672,2.087099849999504,5,0,1,1,False,c4_drift_aware__dirichlet_a0.1__low_norm__seed43,43,dirichlet_a0.1,low_norm,c4_drift_aware
13,0.05863510072231293,2.6871678829193115,1.996217023999634,5,0,1,1,False,c4_drift_aware__dirichlet_a0.1__low_norm__seed43,43,dirichlet_a0.1,low_norm,c4_drift_aware
14,0.05863510072231293,2.7520925998687744,2.054930776001129,5,0,1,1,False,c4_drift_aware__dirichlet_a0.1__low_norm__seed43,43,dirichlet_a0.1,low_norm,c4_drift_aware
15,0.05863510072231293,2.747126817703247,2.0261154280015035,5,0,1,1,False,c4_drift_aware__dirichlet_a0.1__low_norm__seed43,43,dirichlet_a0.1,low_norm,c4_drift_aware
16,0.05863510072231293,2.6943695545196533,2.0169000509995385,5,0,1,1,False,c4_drift_aware__dirichlet_a0.1__low_norm__seed43,43,dirichlet_a0.1,low_norm,c4_drift_aware
17,0.05863510072231293,2.6182332038879395,2.0589095120012644,5,0,1,1,False,c4_drift_aware__dirichlet_a0.1__low_norm__seed43,43,dirichlet_a0.1,low_norm,c4_drift_aware
18,0.05863510072231293,2.6270816326141357,2.114103690000775,5,0,1,1,False,c4_drift_aware__dirichlet_a0.1__low_norm__seed43,43,dirichlet_a0.1,low_norm,c4_drift_aware
19,0.05905292555689812,2.5857701301574707,2.0587729389990272,5,0,1,1,False,c4_drift_aware__dirichlet_a0.1__low_norm__seed43,43,dirichlet_a0.1,low_norm,c4_drift_aware
20,0.1565459668636322,2.4776644706726074,2.0686697339988314,5,0,1,1,False,c4_drift_aware__dirichlet_a0.1__low_norm__seed43,43,dirichlet_a0.1,low_norm,c4_drift_aware
21,0.24178273975849152,2.3422293663024902,2.1342562550016737,5,0,1,1,False,c4_drift_aware__dirichlet_a0.1__low_norm__seed43,43,dirichlet_a0.1,low_norm,c4_drift_aware
22,0.1571030616760254,2.5634617805480957,2.073052435000136,5,0,1,1,False,c4_drift_aware__dirichlet_a0.1__low_norm__seed43,43,dirichlet_a0.1,low_norm,c4_drift_aware
23,0.2424791157245636,2.272883892059326,2.0631220010000106,5,0,1,1,False,c4_drift_aware__dirichlet_a0.1__low_norm__seed43,43,dirichlet_a0.1,low_norm,c4_drift_aware
24,0.24763232469558716,2.260866165161133,2.074343188000057,5,0,1,1,False,c4_drift_aware__dirichlet_a0.1__low_norm__seed43,43,dirichlet_a0.1,low_norm,c4_drift_aware
0,0.10320334881544113,2.260514736175537,2.2028649439998844,5,0,1,0,False,c4_drift_aware__dirichlet_a0.1__full_sign_flip__seed44,44,dirichlet_a0.1,full_sign_flip,c4_drift_aware
1,0.1717270165681839,2.7210700511932373,2.068502818001434,3,2,1,0,False,c4_drift_aware__dirichlet_a0.1__full_sign_flip__seed44,44,dirichlet_a0.1,full_sign_flip,c4_drift_aware
2,0.1717270165681839,2.9241442680358887,2.1424240189990087,3,2,1,0,False,c4_drift_aware__dirichlet_a0.1__full_sign_flip__seed44,44,dirichlet_a0.1,full_sign_flip,c4_drift_aware
3,0.1717270165681839,2.9294795989990234,2.0918109159974847,3,2,1,0,False,c4_drift_aware__dirichlet_a0.1__full_sign_flip__seed44,44,dirichlet_a0.1,full_sign_flip,c4_drift_aware
4,0.10320334881544113,2.7224936485290527,2.0981629669986432,4,1,1,0,False,c4_drift_aware__dirichlet_a0.1__full_sign_flip__seed44,44,dirichlet_a0.1,full_sign_flip,c4_drift_aware
5,0.10320334881544113,2.7096080780029297,2.0940669660012645,4,1,1,0,False,c4_drift_aware__dirichlet_a0.1__full_sign_flip__seed44,44,dirichlet_a0.1,full_sign_flip,c4_drift_aware
6,0.10320334881544113,2.7759881019592285,2.082224261997908,4,1,1,0,False,c4_drift_aware__dirichlet_a0.1__full_sign_flip__seed44,44,dirichlet_a0.1,full_sign_flip,c4_drift_aware
7,0.10320334881544113,2.7271478176116943,2.007490620999306,4,1,1,0,False,c4_drift_aware__dirichlet_a0.1__full_sign_flip__seed44,44,dirichlet_a0.1,full_sign_flip,c4_drift_aware
8,0.10320334881544113,2.7608394622802734,2.0811236720001034,4,1,1,0,False,c4_drift_aware__dirichlet_a0.1__full_sign_flip__seed44,44,dirichlet_a0.1,full_sign_flip,c4_drift_aware
9,0.10320334881544113,2.705491542816162,2.03650596299849,4,1,1,0,False,c4_drift_aware__dirichlet_a0.1__full_sign_flip__seed44,44,dirichlet_a0.1,full_sign_flip,c4_drift_aware
10,0.1717270165681839,3.1521105766296387,2.021257660999254,4,1,1,1,False,c4_drift_aware__dirichlet_a0.1__full_sign_flip__seed44,44,dirichlet_a0.1,full_sign_flip,c4_drift_aware
11,0.1717270165681839,2.9439902305603027,2.005153892998351,3,2,1,1,False,c4_drift_aware__dirichlet_a0.1__full_sign_flip__seed44,44,dirichlet_a0.1,full_sign_flip,c4_drift_aware
12,0.1717270165681839,2.9627420902252197,2.020373335999466,3,2,1,1,False,c4_drift_aware__dirichlet_a0.1__full_sign_flip__seed44,44,dirichlet_a0.1,full_sign_flip,c4_drift_aware
13,0.1717270165681839,2.715078115463257,2.122074855000392,5,0,1,1,False,c4_drift_aware__dirichlet_a0.1__full_sign_flip__seed44,44,dirichlet_a0.1,full_sign_flip,c4_drift_aware
14,0.1717270165681839,2.9530999660491943,2.078478947001713,3,2,1,1,False,c4_drift_aware__dirichlet_a0.1__full_sign_flip__seed44,44,dirichlet_a0.1,full_sign_flip,c4_drift_aware
15,0.1717270165681839,2.7615039348602295,2.033109060001152,5,0,1,1,False,c4_drift_aware__dirichlet_a0.1__full_sign_flip__seed44,44,dirichlet_a0.1,full_sign_flip,c4_drift_aware
16,0.1717270165681839,2.8201935291290283,2.093599190000532,3,2,1,1,False,c4_drift_aware__dirichlet_a0.1__full_sign_flip__seed44,44,dirichlet_a0.1,full_sign_flip,c4_drift_aware
17,0.1717270165681839,2.5741214752197266,2.0163235170002736,5,0,1,1,False,c4_drift_aware__dirichlet_a0.1__full_sign_flip__seed44,44,dirichlet_a0.1,full_sign_flip,c4_drift_aware
18,0.1717270165681839,2.2214109897613525,2.0116631650016643,4,1,1,1,False,c4_drift_aware__dirichlet_a0.1__full_sign_flip__seed44,44,dirichlet_a0.1,full_sign_flip,c4_drift_aware
19,0.1717270165681839,2.4847288131713867,2.104040392998286,5,0,1,1,False,c4_drift_aware__dirichlet_a0.1__full_sign_flip__seed44,44,dirichlet_a0.1,full_sign_flip,c4_drift_aware
20,0.1717270165681839,2.5834009647369385,2.007587689000502,5,0,1,1,False,c4_drift_aware__dirichlet_a0.1__full_sign_flip__seed44,44,dirichlet_a0.1,full_sign_flip,c4_drift_aware
21,0.2309192270040512,2.177658796310425,1.7647505669992825,4,1,1,1,False,c4_drift_aware__dirichlet_a0.1__full_sign_flip__seed44,44,dirichlet_a0.1,full_sign_flip,c4_drift_aware
22,0.17367687821388245,2.370325803756714,2.055421449000278,5,0,1,1,False,c4_drift_aware__dirichlet_a0.1__full_sign_flip__seed44,44,dirichlet_a0.1,full_sign_flip,c4_drift_aware
23,0.3477715849876404,2.0706191062927246,2.15364046600007,4,1,1,1,False,c4_drift_aware__dirichlet_a0.1__full_sign_flip__seed44,44,dirichlet_a0.1,full_sign_flip,c4_drift_aware
24,0.32214486598968506,2.2646372318267822,2.0499525600025663,5,0,1,1,False,c4_drift_aware__dirichlet_a0.1__full_sign_flip__seed44,44,dirichlet_a0.1,full_sign_flip,c4_drift_aware
0,0.10320334881544113,2.260511875152588,2.080338210998889,5,0,1,0,False,c4_drift_aware__dirichlet_a0.1__low_norm__seed44,44,dirichlet_a0.1,low_norm,c4_drift_aware
1,0.1717270165681839,2.721081256866455,2.046566252000048,3,2,1,0,False,c4_drift_aware__dirichlet_a0.1__low_norm__seed44,44,dirichlet_a0.1,low_norm,c4_drift_aware
2,0.1717270165681839,2.927635669708252,2.0668965320001007,3,2,1,0,False,c4_drift_aware__dirichlet_a0.1__low_norm__seed44,44,dirichlet_a0.1,low_norm,c4_drift_aware
3,0.1717270165681839,2.9310786724090576,2.039643945001444,3,2,1,0,False,c4_drift_aware__dirichlet_a0.1__low_norm__seed44,44,dirichlet_a0.1,low_norm,c4_drift_aware
4,0.10320334881544113,2.720689535140991,1.820525605999137,4,1,1,0,False,c4_drift_aware__dirichlet_a0.1__low_norm__seed44,44,dirichlet_a0.1,low_norm,c4_drift_aware
5,0.10320334881544113,2.7104439735412598,2.039850643999671,4,1,1,0,False,c4_drift_aware__dirichlet_a0.1__low_norm__seed44,44,dirichlet_a0.1,low_norm,c4_drift_aware
6,0.10320334881544113,2.7766032218933105,2.0444942329995683,4,1,1,0,False,c4_drift_aware__dirichlet_a0.1__low_norm__seed44,44,dirichlet_a0.1,low_norm,c4_drift_aware
7,0.10320334881544113,2.7261414527893066,2.0585580530023435,4,1,1,0,False,c4_drift_aware__dirichlet_a0.1__low_norm__seed44,44,dirichlet_a0.1,low_norm,c4_drift_aware
8,0.10320334881544113,2.758711814880371,2.0664148239993665,4,1,1,0,False,c4_drift_aware__dirichlet_a0.1__low_norm__seed44,44,dirichlet_a0.1,low_norm,c4_drift_aware
9,0.10320334881544113,2.7034177780151367,2.095000790002814,4,1,1,0,False,c4_drift_aware__dirichlet_a0.1__low_norm__seed44,44,dirichlet_a0.1,low_norm,c4_drift_aware
10,0.1717270165681839,2.7864129543304443,2.084977518999949,4,1,1,1,False,c4_drift_aware__dirichlet_a0.1__low_norm__seed44,44,dirichlet_a0.1,low_norm,c4_drift_aware
11,0.1717270165681839,2.886279821395874,2.0412970219986164,4,1,1,1,False,c4_drift_aware__dirichlet_a0.1__low_norm__seed44,44,dirichlet_a0.1,low_norm,c4_drift_aware
12,0.1717270165681839,2.937612295150757,2.11142292400109,4,1,1,1,False,c4_drift_aware__dirichlet_a0.1__low_norm__seed44,44,dirichlet_a0.1,low_norm,c4_drift_aware
13,0.1717270165681839,2.815110921859741,2.132159035998484,4,1,1,1,False,c4_drift_aware__dirichlet_a0.1__low_norm__seed44,44,dirichlet_a0.1,low_norm,c4_drift_aware
14,0.1717270165681839,2.9258687496185303,2.075237716002448,4,1,1,1,False,c4_drift_aware__dirichlet_a0.1__low_norm__seed44,44,dirichlet_a0.1,low_norm,c4_drift_aware
15,0.1717270165681839,2.363337278366089,2.0567327230019146,5,0,1,1,False,c4_drift_aware__dirichlet_a0.1__low_norm__seed44,44,dirichlet_a0.1,low_norm,c4_drift_aware
16,0.1717270165681839,2.6781363487243652,2.1420045559971186,4,1,1,1,False,c4_drift_aware__dirichlet_a0.1__low_norm__seed44,44,dirichlet_a0.1,low_norm,c4_drift_aware
17,0.1717270165681839,2.2393951416015625,2.1206886470026802,5,0,1,1,False,c4_drift_aware__dirichlet_a0.1__low_norm__seed44,44,dirichlet_a0.1,low_norm,c4_drift_aware
18,0.1717270165681839,2.2132136821746826,2.1090979520013207,5,0,1,1,False,c4_drift_aware__dirichlet_a0.1__low_norm__seed44,44,dirichlet_a0.1,low_norm,c4_drift_aware
19,0.1717270165681839,2.249404191970825,2.049870427999849,5,0,1,1,False,c4_drift_aware__dirichlet_a0.1__low_norm__seed44,44,dirichlet_a0.1,low_norm,c4_drift_aware
20,0.1717270165681839,2.190467119216919,2.0497281330026453,5,0,1,1,False,c4_drift_aware__dirichlet_a0.1__low_norm__seed44,44,dirichlet_a0.1,low_norm,c4_drift_aware
21,0.1717270165681839,2.1518239974975586,2.0256291720033914,5,0,1,1,False,c4_drift_aware__dirichlet_a0.1__low_norm__seed44,44,dirichlet_a0.1,low_norm,c4_drift_aware
22,0.1717270165681839,2.135711193084717,2.0462888480033143,5,0,1,1,False,c4_drift_aware__dirichlet_a0.1__low_norm__seed44,44,dirichlet_a0.1,low_norm,c4_drift_aware
23,0.1714484691619873,2.163856267929077,1.9982916180015309,5,0,1,1,False,c4_drift_aware__dirichlet_a0.1__low_norm__seed44,44,dirichlet_a0.1,low_norm,c4_drift_aware
24,0.1976323127746582,2.0754356384277344,1.9927439890016103,5,0,1,1,False,c4_drift_aware__dirichlet_a0.1__low_norm__seed44,44,dirichlet_a0.1,low_norm,c4_drift_aware
0,0.1863509863615036,2.1526949405670166,2.1625457760019344,5,0,1,0,False,c4_drift_aware__dirichlet_a0.1__no_attack__seed45,45,dirichlet_a0.1,no_attack,c4_drift_aware
1,0.1864902526140213,2.150467872619629,2.0261453480015916,5,0,1,0,False,c4_drift_aware__dirichlet_a0.1__no_attack__seed45,45,dirichlet_a0.1,no_attack,c4_drift_aware
2,0.1864902526140213,2.1562063694000244,1.8077571180001542,5,0,1,0,False,c4_drift_aware__dirichlet_a0.1__no_attack__seed45,45,dirichlet_a0.1,no_attack,c4_drift_aware
3,0.1902506947517395,2.158128499984741,2.1249433379998663,5,0,1,0,False,c4_drift_aware__dirichlet_a0.1__no_attack__seed45,45,dirichlet_a0.1,no_attack,c4_drift_aware
4,0.1864902526140213,2.146533489227295,2.0528764839982614,5,0,1,0,False,c4_drift_aware__dirichlet_a0.1__no_attack__seed45,45,dirichlet_a0.1,no_attack,c4_drift_aware
5,0.1863509863615036,2.142538547515869,2.032122985998285,5,0,1,0,False,c4_drift_aware__dirichlet_a0.1__no_attack__seed45,45,dirichlet_a0.1,no_attack,c4_drift_aware
6,0.2986072599887848,2.1471288204193115,2.058534823001537,5,0,1,0,False,c4_drift_aware__dirichlet_a0.1__no_attack__seed45,45,dirichlet_a0.1,no_attack,c4_drift_aware
7,0.1863509863615036,2.1265530586242676,2.073061229999439,5,0,1,0,False,c4_drift_aware__dirichlet_a0.1__no_attack__seed45,45,dirichlet_a0.1,no_attack,c4_drift_aware
8,0.23356546461582184,2.1244661808013916,2.0781609389996447,5,0,1,0,False,c4_drift_aware__dirichlet_a0.1__no_attack__seed45,45,dirichlet_a0.1,no_attack,c4_drift_aware
9,0.1863509863615036,2.1097724437713623,2.0138027539978793,5,0,1,0,False,c4_drift_aware__dirichlet_a0.1__no_attack__seed45,45,dirichlet_a0.1,no_attack,c4_drift_aware
10,0.30334264039993286,2.098506212234497,2.0279638380015967,5,0,1,1,False,c4_drift_aware__dirichlet_a0.1__no_attack__seed45,45,dirichlet_a0.1,no_attack,c4_drift_aware
11,0.33760446310043335,2.092672824859619,2.0417050370015204,5,0,1,1,False,c4_drift_aware__dirichlet_a0.1__no_attack__seed45,45,dirichlet_a0.1,no_attack,c4_drift_aware
12,0.2944289743900299,2.047776699066162,2.051209163997555,5,0,1,1,False,c4_drift_aware__dirichlet_a0.1__no_attack__seed45,45,dirichlet_a0.1,no_attack,c4_drift_aware
13,0.2870473563671112,2.0432684421539307,2.1028860730002634,5,0,1,1,False,c4_drift_aware__dirichlet_a0.1__no_attack__seed45,45,dirichlet_a0.1,no_attack,c4_drift_aware
14,0.2686629593372345,1.9806857109069824,2.0735198789989226,5,0,1,1,False,c4_drift_aware__dirichlet_a0.1__no_attack__seed45,45,dirichlet_a0.1,no_attack,c4_drift_aware
15,0.26977717876434326,1.948852777481079,2.075201551997452,5,0,1,1,False,c4_drift_aware__dirichlet_a0.1__no_attack__seed45,45,dirichlet_a0.1,no_attack,c4_drift_aware
16,0.3142061233520508,1.9121700525283813,2.2292873680016783,5,0,1,1,False,c4_drift_aware__dirichlet_a0.1__no_attack__seed45,45,dirichlet_a0.1,no_attack,c4_drift_aware
17,0.3316155970096588,1.861672282218933,2.16373804199975,5,0,1,1,False,c4_drift_aware__dirichlet_a0.1__no_attack__seed45,45,dirichlet_a0.1,no_attack,c4_drift_aware
18,0.32994431257247925,1.811549186706543,2.1060296559990093,5,0,1,1,False,c4_drift_aware__dirichlet_a0.1__no_attack__seed45,45,dirichlet_a0.1,no_attack,c4_drift_aware
19,0.3129526674747467,1.792106032371521,1.923191798003245,5,0,1,1,False,c4_drift_aware__dirichlet_a0.1__no_attack__seed45,45,dirichlet_a0.1,no_attack,c4_drift_aware
20,0.37493038177490234,1.7659547328948975,2.0339629589980177,5,0,1,1,False,c4_drift_aware__dirichlet_a0.1__no_attack__seed45,45,dirichlet_a0.1,no_attack,c4_drift_aware
21,0.38537606596946716,1.7601890563964844,2.1071891130013682,5,0,1,1,False,c4_drift_aware__dirichlet_a0.1__no_attack__seed45,45,dirichlet_a0.1,no_attack,c4_drift_aware
22,0.4038997292518616,1.7289413213729858,2.093954879001103,5,0,1,1,False,c4_drift_aware__dirichlet_a0.1__no_attack__seed45,45,dirichlet_a0.1,no_attack,c4_drift_aware
23,0.2577994465827942,1.9921257495880127,2.116794730001857,4,1,1,1,False,c4_drift_aware__dirichlet_a0.1__no_attack__seed45,45,dirichlet_a0.1,no_attack,c4_drift_aware
24,0.24080780148506165,1.9865593910217285,2.115442444999644,4,1,1,1,False,c4_drift_aware__dirichlet_a0.1__no_attack__seed45,45,dirichlet_a0.1,no_attack,c4_drift_aware
0,0.1863509863615036,2.152695417404175,2.065476644998853,5,0,1,0,False,c4_drift_aware__dirichlet_a0.1__large_norm__seed45,45,dirichlet_a0.1,large_norm,c4_drift_aware
1,0.1864902526140213,2.1504783630371094,2.0746646289990167,5,0,1,0,False,c4_drift_aware__dirichlet_a0.1__large_norm__seed45,45,dirichlet_a0.1,large_norm,c4_drift_aware
2,0.1864902526140213,2.1560823917388916,2.0849557900000946,5,0,1,0,False,c4_drift_aware__dirichlet_a0.1__large_norm__seed45,45,dirichlet_a0.1,large_norm,c4_drift_aware
3,0.18788301944732666,2.15811824798584,1.9862796349989367,5,0,1,0,False,c4_drift_aware__dirichlet_a0.1__large_norm__seed45,45,dirichlet_a0.1,large_norm,c4_drift_aware
4,0.1864902526140213,2.146026849746704,2.035159270002623,5,0,1,0,False,c4_drift_aware__dirichlet_a0.1__large_norm__seed45,45,dirichlet_a0.1,large_norm,c4_drift_aware
5,0.1863509863615036,2.143336534500122,2.045572187998914,5,0,1,0,False,c4_drift_aware__dirichlet_a0.1__large_norm__seed45,45,dirichlet_a0.1,large_norm,c4_drift_aware
6,0.30403900146484375,2.149085760116577,2.0584528020008293,5,0,1,0,False,c4_drift_aware__dirichlet_a0.1__large_norm__seed45,45,dirichlet_a0.1,large_norm,c4_drift_aware
7,0.1863509863615036,2.219801187515259,2.098444066999946,4,1,1,0,False,c4_drift_aware__dirichlet_a0.1__large_norm__seed45,45,dirichlet_a0.1,large_norm,c4_drift_aware
8,0.3027855157852173,2.245093584060669,2.081789594998554,4,1,1,0,False,c4_drift_aware__dirichlet_a0.1__large_norm__seed45,45,dirichlet_a0.1,large_norm,c4_drift_aware
9,0.18718662858009338,2.244699716567993,1.8935353819979355,4,1,1,0,False,c4_drift_aware__dirichlet_a0.1__large_norm__seed45,45,dirichlet_a0.1,large_norm,c4_drift_aware
10,0.2903899848461151,3.78057861328125,2.0496518170002673,1,4,1,1,False,c4_drift_aware__dirichlet_a0.1__large_norm__seed45,45,dirichlet_a0.1,large_norm,c4_drift_aware
11,0.14415042102336884,3.8368847370147705,2.0888939799988293,1,4,1,1,False,c4_drift_aware__dirichlet_a0.1__large_norm__seed45,45,dirichlet_a0.1,large_norm,c4_drift_aware
12,0.22562675178050995,2.715625047683716,2.058604259000276,3,2,1,1,False,c4_drift_aware__dirichlet_a0.1__large_norm__seed45,45,dirichlet_a0.1,large_norm,c4_drift_aware
13,0.18732590973377228,3.6736233234405518,2.1874145370020415,1,4,1,1,False,c4_drift_aware__dirichlet_a0.1__large_norm__seed45,45,dirichlet_a0.1,large_norm,c4_drift_aware
14,0.1905292570590973,2.9402096271514893,2.0794697080018523,2,3,1,1,False,c4_drift_aware__dirichlet_a0.1__large_norm__seed45,45,dirichlet_a0.1,large_norm,c4_drift_aware
15,0.1679665744304657,2.2914795875549316,2.1055688109991024,3,2,1,1,False,c4_drift_aware__dirichlet_a0.1__large_norm__seed45,45,dirichlet_a0.1,large_norm,c4_drift_aware
16,0.19582173228263855,2.8900468349456787,2.0749534779970418,2,3,1,1,False,c4_drift_aware__dirichlet_a0.1__large_norm__seed45,45,dirichlet_a0.1,large_norm,c4_drift_aware
17,0.17743733525276184,2.248314142227173,2.055373937000695,3,2,1,1,False,c4_drift_aware__dirichlet_a0.1__large_norm__seed45,45,dirichlet_a0.1,large_norm,c4_drift_aware
18,0.2771587669849396,2.5880424976348877,2.0703669539980183,2,3,1,1,False,c4_drift_aware__dirichlet_a0.1__large_norm__seed45,45,dirichlet_a0.1,large_norm,c4_drift_aware
19,0.2086351066827774,2.075756788253784,2.078788363000058,3,2,1,1,False,c4_drift_aware__dirichlet_a0.1__large_norm__seed45,45,dirichlet_a0.1,large_norm,c4_drift_aware
20,0.3282729983329773,2.6331117153167725,2.0374534069997026,2,3,1,1,False,c4_drift_aware__dirichlet_a0.1__large_norm__seed45,45,dirichlet_a0.1,large_norm,c4_drift_aware
21,0.1757660210132599,2.116924285888672,2.1615197909995914,3,2,1,1,False,c4_drift_aware__dirichlet_a0.1__large_norm__seed45,45,dirichlet_a0.1,large_norm,c4_drift_aware
22,0.27325907349586487,2.4462759494781494,2.1177450040013355,3,2,1,1,False,c4_drift_aware__dirichlet_a0.1__large_norm__seed45,45,dirichlet_a0.1,large_norm,c4_drift_aware
23,0.2880222797393799,2.0737359523773193,2.044303217000561,4,1,1,1,False,c4_drift_aware__dirichlet_a0.1__large_norm__seed45,45,dirichlet_a0.1,large_norm,c4_drift_aware
24,0.3164345622062683,1.9649074077606201,2.0542069490002177,4,1,1,1,False,c4_drift_aware__dirichlet_a0.1__large_norm__seed45,45,dirichlet_a0.1,large_norm,c4_drift_aware
0,0.1863509863615036,2.1526832580566406,2.040151203997084,5,0,1,0,False,c4_drift_aware__dirichlet_a0.1__directional_poisoning__seed45,45,dirichlet_a0.1,directional_poisoning,c4_drift_aware
1,0.1864902526140213,2.1504430770874023,2.066750931997376,5,0,1,0,False,c4_drift_aware__dirichlet_a0.1__directional_poisoning__seed45,45,dirichlet_a0.1,directional_poisoning,c4_drift_aware
2,0.1864902526140213,2.156212568283081,2.0630960970011074,5,0,1,0,False,c4_drift_aware__dirichlet_a0.1__directional_poisoning__seed45,45,dirichlet_a0.1,directional_poisoning,c4_drift_aware
3,0.18927577137947083,2.158468723297119,2.1353166199987754,5,0,1,0,False,c4_drift_aware__dirichlet_a0.1__directional_poisoning__seed45,45,dirichlet_a0.1,directional_poisoning,c4_drift_aware
4,0.1864902526140213,2.14599609375,2.0939618359989254,5,0,1,0,False,c4_drift_aware__dirichlet_a0.1__directional_poisoning__seed45,45,dirichlet_a0.1,directional_poisoning,c4_drift_aware
5,0.1863509863615036,2.1421751976013184,2.0705251159997715,5,0,1,0,False,c4_drift_aware__dirichlet_a0.1__directional_poisoning__seed45,45,dirichlet_a0.1,directional_poisoning,c4_drift_aware
6,0.30389973521232605,2.1483659744262695,2.1308849190027104,5,0,1,0,False,c4_drift_aware__dirichlet_a0.1__directional_poisoning__seed45,45,dirichlet_a0.1,directional_poisoning,c4_drift_aware
7,0.1863509863615036,2.1271486282348633,2.0970914400022593,5,0,1,0,False,c4_drift_aware__dirichlet_a0.1__directional_poisoning__seed45,45,dirichlet_a0.1,directional_poisoning,c4_drift_aware
8,0.22618384659290314,2.124380350112915,2.0299766440002713,5,0,1,0,False,c4_drift_aware__dirichlet_a0.1__directional_poisoning__seed45,45,dirichlet_a0.1,directional_poisoning,c4_drift_aware
9,0.1864902526140213,2.1102688312530518,2.040224799999123,5,0,1,0,False,c4_drift_aware__dirichlet_a0.1__directional_poisoning__seed45,45,dirichlet_a0.1,directional_poisoning,c4_drift_aware
10,0.14415042102336884,2.4828546047210693,2.046319039000082,5,0,1,1,False,c4_drift_aware__dirichlet_a0.1__directional_poisoning__seed45,45,dirichlet_a0.1,directional_poisoning,c4_drift_aware
11,0.14456824958324432,2.276454448699951,2.0912736960017355,4,1,1,1,False,c4_drift_aware__dirichlet_a0.1__directional_poisoning__seed45,45,dirichlet_a0.1,directional_poisoning,c4_drift_aware
12,0.14415042102336884,2.576937437057495,2.026685904002079,5,0,1,1,False,c4_drift_aware__dirichlet_a0.1__directional_poisoning__seed45,45,dirichlet_a0.1,directional_poisoning,c4_drift_aware
13,0.14415042102336884,2.2555222511291504,1.9938032089994522,4,1,1,1,False,c4_drift_aware__dirichlet_a0.1__directional_poisoning__seed45,45,dirichlet_a0.1,directional_poisoning,c4_drift_aware
14,0.22103065252304077,2.1459062099456787,1.9169677259997115,4,1,1,1,False,c4_drift_aware__dirichlet_a0.1__directional_poisoning__seed45,45,dirichlet_a0.1,directional_poisoning,c4_drift_aware
15,0.1458217352628708,2.563033103942871,2.0908276999980444,4,1,1,1,False,c4_drift_aware__dirichlet_a0.1__directional_poisoning__seed45,45,dirichlet_a0.1,directional_poisoning,c4_drift_aware
16,0.310167133808136,2.1403286457061768,2.0798076469982334,4,1,1,1,False,c4_drift_aware__dirichlet_a0.1__directional_poisoning__seed45,45,dirichlet_a0.1,directional_poisoning,c4_drift_aware
17,0.33064067363739014,2.054831027984619,2.062185495997255,4,1,1,1,False,c4_drift_aware__dirichlet_a0.1__directional_poisoning__seed45,45,dirichlet_a0.1,directional_poisoning,c4_drift_aware
18,0.328412264585495,2.014599323272705,1.940998946000036,4,1,1,1,False,c4_drift_aware__dirichlet_a0.1__directional_poisoning__seed45,45,dirichlet_a0.1,directional_poisoning,c4_drift_aware
19,0.33050140738487244,1.976096510887146,1.8515721780022432,4,1,1,1,False,c4_drift_aware__dirichlet_a0.1__directional_poisoning__seed45,45,dirichlet_a0.1,directional_poisoning,c4_drift_aware
20,0.3352367877960205,1.9331340789794922,2.029779698001221,4,1,1,1,False,c4_drift_aware__dirichlet_a0.1__directional_poisoning__seed45,45,dirichlet_a0.1,directional_poisoning,c4_drift_aware
21,0.3362117111682892,1.9505878686904907,2.0816415189983672,4,1,1,1,False,c4_drift_aware__dirichlet_a0.1__directional_poisoning__seed45,45,dirichlet_a0.1,directional_poisoning,c4_drift_aware
22,0.3398328721523285,1.936348557472229,2.022815485997853,4,1,1,1,False,c4_drift_aware__dirichlet_a0.1__directional_poisoning__seed45,45,dirichlet_a0.1,directional_poisoning,c4_drift_aware
23,0.3350974917411804,1.9273134469985962,2.032310566999513,4,1,1,1,False,c4_drift_aware__dirichlet_a0.1__directional_poisoning__seed45,45,dirichlet_a0.1,directional_poisoning,c4_drift_aware
24,0.3387186825275421,1.921755313873291,2.1062437990003673,4,1,1,1,False,c4_drift_aware__dirichlet_a0.1__directional_poisoning__seed45,45,dirichlet_a0.1,directional_poisoning,c4_drift_aware
0,0.1863509863615036,2.152695417404175,2.0569526180006505,5,0,1,0,False,c4_drift_aware__dirichlet_a0.1__sparse_coordinate_attack__seed45,45,dirichlet_a0.1,sparse_coordinate_attack,c4_drift_aware
1,0.1864902526140213,2.150486469268799,1.7909132429995225,5,0,1,0,False,c4_drift_aware__dirichlet_a0.1__sparse_coordinate_attack__seed45,45,dirichlet_a0.1,sparse_coordinate_attack,c4_drift_aware
2,0.1864902526140213,2.156256914138794,2.0143068530014716,5,0,1,0,False,c4_drift_aware__dirichlet_a0.1__sparse_coordinate_attack__seed45,45,dirichlet_a0.1,sparse_coordinate_attack,c4_drift_aware
3,0.19108635187149048,2.1580591201782227,2.064047452997329,5,0,1,0,False,c4_drift_aware__dirichlet_a0.1__sparse_coordinate_attack__seed45,45,dirichlet_a0.1,sparse_coordinate_attack,c4_drift_aware
4,0.1864902526140213,2.1466786861419678,2.0944998869999836,5,0,1,0,False,c4_drift_aware__dirichlet_a0.1__sparse_coordinate_attack__seed45,45,dirichlet_a0.1,sparse_coordinate_attack,c4_drift_aware
5,0.1863509863615036,2.1425232887268066,2.160337816003448,5,0,1,0,False,c4_drift_aware__dirichlet_a0.1__sparse_coordinate_attack__seed45,45,dirichlet_a0.1,sparse_coordinate_attack,c4_drift_aware
6,0.3025069832801819,2.1502485275268555,2.142897810001159,5,0,1,0,False,c4_drift_aware__dirichlet_a0.1__sparse_coordinate_attack__seed45,45,dirichlet_a0.1,sparse_coordinate_attack,c4_drift_aware
7,0.1863509863615036,2.2197153568267822,2.0696477470009995,4,1,1,0,False,c4_drift_aware__dirichlet_a0.1__sparse_coordinate_attack__seed45,45,dirichlet_a0.1,sparse_coordinate_attack,c4_drift_aware
8,0.2791086435317993,2.2431654930114746,2.080218038001476,4,1,1,0,False,c4_drift_aware__dirichlet_a0.1__sparse_coordinate_attack__seed45,45,dirichlet_a0.1,sparse_coordinate_attack,c4_drift_aware
9,0.1866295337677002,2.237616539001465,2.0510172760004934,4,1,1,0,False,c4_drift_aware__dirichlet_a0.1__sparse_coordinate_attack__seed45,45,dirichlet_a0.1,sparse_coordinate_attack,c4_drift_aware
10,0.2947075366973877,2.265876531600952,2.0580800540010387,4,1,1,1,False,c4_drift_aware__dirichlet_a0.1__sparse_coordinate_attack__seed45,45,dirichlet_a0.1,sparse_coordinate_attack,c4_drift_aware
11,0.14428970217704773,2.235189914703369,2.1333604980027303,4,1,1,1,False,c4_drift_aware__dirichlet_a0.1__sparse_coordinate_attack__seed45,45,dirichlet_a0.1,sparse_coordinate_attack,c4_drift_aware
12,0.22632312774658203,2.1932477951049805,2.036581540000043,4,1,1,1,False,c4_drift_aware__dirichlet_a0.1__sparse_coordinate_attack__seed45,45,dirichlet_a0.1,sparse_coordinate_attack,c4_drift_aware
13,0.2954038977622986,2.1494388580322266,2.088864483001089,4,1,1,1,False,c4_drift_aware__dirichlet_a0.1__sparse_coordinate_attack__seed45,45,dirichlet_a0.1,sparse_coordinate_attack,c4_drift_aware
14,0.2947075366973877,2.117231607437134,2.074075520999031,4,1,1,1,False,c4_drift_aware__dirichlet_a0.1__sparse_coordinate_attack__seed45,45,dirichlet_a0.1,sparse_coordinate_attack,c4_drift_aware
15,0.31462395191192627,2.053556442260742,2.08397526599947,4,1,1,1,False,c4_drift_aware__dirichlet_a0.1__sparse_coordinate_attack__seed45,45,dirichlet_a0.1,sparse_coordinate_attack,c4_drift_aware
16,0.3090529441833496,1.9959346055984497,2.1066292239993345,4,1,1,1,False,c4_drift_aware__dirichlet_a0.1__sparse_coordinate_attack__seed45,45,dirichlet_a0.1,sparse_coordinate_attack,c4_drift_aware
17,0.33440113067626953,1.981834053993225,2.102966117003234,4,1,1,1,False,c4_drift_aware__dirichlet_a0.1__sparse_coordinate_attack__seed45,45,dirichlet_a0.1,sparse_coordinate_attack,c4_drift_aware
18,0.3274373412132263,1.9791934490203857,2.0630214720004005,4,1,1,1,False,c4_drift_aware__dirichlet_a0.1__sparse_coordinate_attack__seed45,45,dirichlet_a0.1,sparse_coordinate_attack,c4_drift_aware
19,0.336490273475647,1.9363152980804443,2.0816970970008697,4,1,1,1,False,c4_drift_aware__dirichlet_a0.1__sparse_coordinate_attack__seed45,45,dirichlet_a0.1,sparse_coordinate_attack,c4_drift_aware
20,0.33412256836891174,1.965198040008545,2.0594729050026217,4,1,1,1,False,c4_drift_aware__dirichlet_a0.1__sparse_coordinate_attack__seed45,45,dirichlet_a0.1,sparse_coordinate_attack,c4_drift_aware
21,0.3355153203010559,1.9418678283691406,2.067085982998833,4,1,1,1,False,c4_drift_aware__dirichlet_a0.1__sparse_coordinate_attack__seed45,45,dirichlet_a0.1,sparse_coordinate_attack,c4_drift_aware
22,0.3121170103549957,1.9642019271850586,2.084140259998094,4,1,1,1,False,c4_drift_aware__dirichlet_a0.1__sparse_coordinate_attack__seed45,45,dirichlet_a0.1,sparse_coordinate_attack,c4_drift_aware
23,0.33760446310043335,1.9457248449325562,2.1613832710027054,4,1,1,1,False,c4_drift_aware__dirichlet_a0.1__sparse_coordinate_attack__seed45,45,dirichlet_a0.1,sparse_coordinate_attack,c4_drift_aware
24,0.33704736828804016,1.92952561378479,2.06305136499941,4,1,1,1,False,c4_drift_aware__dirichlet_a0.1__sparse_coordinate_attack__seed45,45,dirichlet_a0.1,sparse_coordinate_attack,c4_drift_aware
0,0.1863509863615036,2.1526951789855957,2.1152320990004227,5,0,1,0,False,c4_drift_aware__dirichlet_a0.1__full_sign_flip__seed45,45,dirichlet_a0.1,full_sign_flip,c4_drift_aware
1,0.1864902526140213,2.150320053100586,2.091317624999647,5,0,1,0,False,c4_drift_aware__dirichlet_a0.1__full_sign_flip__seed45,45,dirichlet_a0.1,full_sign_flip,c4_drift_aware
2,0.1864902526140213,2.1556594371795654,2.102107201000763,5,0,1,0,False,c4_drift_aware__dirichlet_a0.1__full_sign_flip__seed45,45,dirichlet_a0.1,full_sign_flip,c4_drift_aware
3,0.18955431878566742,2.158346176147461,2.06846687000143,5,0,1,0,False,c4_drift_aware__dirichlet_a0.1__full_sign_flip__seed45,45,dirichlet_a0.1,full_sign_flip,c4_drift_aware
4,0.1864902526140213,2.145693302154541,1.834740864997002,5,0,1,0,False,c4_drift_aware__dirichlet_a0.1__full_sign_flip__seed45,45,dirichlet_a0.1,full_sign_flip,c4_drift_aware
5,0.1863509863615036,2.1431713104248047,2.125954447001277,5,0,1,0,False,c4_drift_aware__dirichlet_a0.1__full_sign_flip__seed45,45,dirichlet_a0.1,full_sign_flip,c4_drift_aware
6,0.22465181350708008,2.1520442962646484,1.8160642789989652,5,0,1,0,False,c4_drift_aware__dirichlet_a0.1__full_sign_flip__seed45,45,dirichlet_a0.1,full_sign_flip,c4_drift_aware
7,0.1863509863615036,2.2203853130340576,2.080163889000687,4,1,1,0,False,c4_drift_aware__dirichlet_a0.1__full_sign_flip__seed45,45,dirichlet_a0.1,full_sign_flip,c4_drift_aware
8,0.2655988931655884,2.2426934242248535,1.996687496000959,4,1,1,0,False,c4_drift_aware__dirichlet_a0.1__full_sign_flip__seed45,45,dirichlet_a0.1,full_sign_flip,c4_drift_aware
9,0.1866295337677002,2.239285469055176,2.0166829280024103,4,1,1,0,False,c4_drift_aware__dirichlet_a0.1__full_sign_flip__seed45,45,dirichlet_a0.1,full_sign_flip,c4_drift_aware
10,0.14415042102336884,2.715956926345825,2.0474360400003206,4,1,1,1,False,c4_drift_aware__dirichlet_a0.1__full_sign_flip__seed45,45,dirichlet_a0.1,full_sign_flip,c4_drift_aware
11,0.304735392332077,2.2589564323425293,2.0213863030003267,4,1,1,1,False,c4_drift_aware__dirichlet_a0.1__full_sign_flip__seed45,45,dirichlet_a0.1,full_sign_flip,c4_drift_aware
12,0.17089137434959412,2.527820348739624,1.7988135360028537,5,0,1,1,False,c4_drift_aware__dirichlet_a0.1__full_sign_flip__seed45,45,dirichlet_a0.1,full_sign_flip,c4_drift_aware
13,0.14428970217704773,2.223287582397461,2.028754024999216,4,1,1,1,False,c4_drift_aware__dirichlet_a0.1__full_sign_flip__seed45,45,dirichlet_a0.1,full_sign_flip,c4_drift_aware
14,0.2798050343990326,2.1040735244750977,2.0004006109993497,4,1,1,1,False,c4_drift_aware__dirichlet_a0.1__full_sign_flip__seed45,45,dirichlet_a0.1,full_sign_flip,c4_drift_aware
15,0.1459610015153885,2.5136382579803467,2.0364802919975773,4,1,1,1,False,c4_drift_aware__dirichlet_a0.1__full_sign_flip__seed45,45,dirichlet_a0.1,full_sign_flip,c4_drift_aware
16,0.32688021659851074,2.101485013961792,2.083519626998168,4,1,1,1,False,c4_drift_aware__dirichlet_a0.1__full_sign_flip__seed45,45,dirichlet_a0.1,full_sign_flip,c4_drift_aware
17,0.33050140738487244,2.0252442359924316,2.0127342650011997,4,1,1,1,False,c4_drift_aware__dirichlet_a0.1__full_sign_flip__seed45,45,dirichlet_a0.1,full_sign_flip,c4_drift_aware
18,0.33774372935295105,1.980099081993103,2.055548971002281,4,1,1,1,False,c4_drift_aware__dirichlet_a0.1__full_sign_flip__seed45,45,dirichlet_a0.1,full_sign_flip,c4_drift_aware
19,0.3363509774208069,1.9587289094924927,2.104219696997461,4,1,1,1,False,c4_drift_aware__dirichlet_a0.1__full_sign_flip__seed45,45,dirichlet_a0.1,full_sign_flip,c4_drift_aware
20,0.3327298164367676,1.9429129362106323,2.062323212001502,4,1,1,1,False,c4_drift_aware__dirichlet_a0.1__full_sign_flip__seed45,45,dirichlet_a0.1,full_sign_flip,c4_drift_aware
21,0.33467966318130493,1.938336730003357,2.059925216002739,4,1,1,1,False,c4_drift_aware__dirichlet_a0.1__full_sign_flip__seed45,45,dirichlet_a0.1,full_sign_flip,c4_drift_aware
22,0.336490273475647,1.9286224842071533,2.092461293999804,4,1,1,1,False,c4_drift_aware__dirichlet_a0.1__full_sign_flip__seed45,45,dirichlet_a0.1,full_sign_flip,c4_drift_aware
23,0.3353760540485382,1.9155855178833008,2.055969469998672,4,1,1,1,False,c4_drift_aware__dirichlet_a0.1__full_sign_flip__seed45,45,dirichlet_a0.1,full_sign_flip,c4_drift_aware
24,0.3388579487800598,1.920796513557434,2.042131967999012,4,1,1,1,False,c4_drift_aware__dirichlet_a0.1__full_sign_flip__seed45,45,dirichlet_a0.1,full_sign_flip,c4_drift_aware
0,0.1863509863615036,2.1526832580566406,2.082070335000026,5,0,1,0,False,c4_drift_aware__dirichlet_a0.1__low_norm__seed45,45,dirichlet_a0.1,low_norm,c4_drift_aware
1,0.1864902526140213,2.1502909660339355,2.0715488530004222,5,0,1,0,False,c4_drift_aware__dirichlet_a0.1__low_norm__seed45,45,dirichlet_a0.1,low_norm,c4_drift_aware
2,0.1864902526140213,2.1560420989990234,2.0167670150003687,5,0,1,0,False,c4_drift_aware__dirichlet_a0.1__low_norm__seed45,45,dirichlet_a0.1,low_norm,c4_drift_aware
3,0.1896935999393463,2.158881425857544,1.795121608000045,5,0,1,0,False,c4_drift_aware__dirichlet_a0.1__low_norm__seed45,45,dirichlet_a0.1,low_norm,c4_drift_aware
4,0.1864902526140213,2.1457650661468506,1.9999402950015792,5,0,1,0,False,c4_drift_aware__dirichlet_a0.1__low_norm__seed45,45,dirichlet_a0.1,low_norm,c4_drift_aware
5,0.1863509863615036,2.1424310207366943,2.0120012490006047,5,0,1,0,False,c4_drift_aware__dirichlet_a0.1__low_norm__seed45,45,dirichlet_a0.1,low_norm,c4_drift_aware
6,0.3030640780925751,2.1494646072387695,2.081912393998209,5,0,1,0,False,c4_drift_aware__dirichlet_a0.1__low_norm__seed45,45,dirichlet_a0.1,low_norm,c4_drift_aware
7,0.1863509863615036,2.219890832901001,1.8194054829982633,4,1,1,0,False,c4_drift_aware__dirichlet_a0.1__low_norm__seed45,45,dirichlet_a0.1,low_norm,c4_drift_aware
8,0.2954038977622986,2.2420105934143066,2.0362145049984974,4,1,1,0,False,c4_drift_aware__dirichlet_a0.1__low_norm__seed45,45,dirichlet_a0.1,low_norm,c4_drift_aware
9,0.18774373829364777,2.2453389167785645,2.071970622000663,4,1,1,0,False,c4_drift_aware__dirichlet_a0.1__low_norm__seed45,45,dirichlet_a0.1,low_norm,c4_drift_aware
10,0.14428970217704773,2.2221741676330566,2.1081038109987276,5,0,1,1,False,c4_drift_aware__dirichlet_a0.1__low_norm__seed45,45,dirichlet_a0.1,low_norm,c4_drift_aware
11,0.27813372015953064,2.2375407218933105,2.1493691340001533,5,0,1,1,False,c4_drift_aware__dirichlet_a0.1__low_norm__seed45,45,dirichlet_a0.1,low_norm,c4_drift_aware
12,0.2538997232913971,2.211186170578003,2.078442255999107,5,0,1,1,False,c4_drift_aware__dirichlet_a0.1__low_norm__seed45,45,dirichlet_a0.1,low_norm,c4_drift_aware
13,0.14428970217704773,2.1974308490753174,2.1146711119981774,5,0,1,1,False,c4_drift_aware__dirichlet_a0.1__low_norm__seed45,45,dirichlet_a0.1,low_norm,c4_drift_aware
14,0.3050139248371124,2.119497060775757,2.027244529002928,5,0,1,1,False,c4_drift_aware__dirichlet_a0.1__low_norm__seed45,45,dirichlet_a0.1,low_norm,c4_drift_aware
15,0.30403900146484375,2.088488817214966,2.059710844001529,5,0,1,1,False,c4_drift_aware__dirichlet_a0.1__low_norm__seed45,45,dirichlet_a0.1,low_norm,c4_drift_aware
16,0.3215877413749695,2.076552152633667,1.9815111620009702,5,0,1,1,False,c4_drift_aware__dirichlet_a0.1__low_norm__seed45,45,dirichlet_a0.1,low_norm,c4_drift_aware
17,0.3279944360256195,2.0392367839813232,2.054121977998875,5,0,1,1,False,c4_drift_aware__dirichlet_a0.1__low_norm__seed45,45,dirichlet_a0.1,low_norm,c4_drift_aware
18,0.32298052310943604,2.0202534198760986,2.0972175329989113,5,0,1,1,False,c4_drift_aware__dirichlet_a0.1__low_norm__seed45,45,dirichlet_a0.1,low_norm,c4_drift_aware
19,0.31155988574028015,2.0056838989257812,2.1370635370003583,5,0,1,1,False,c4_drift_aware__dirichlet_a0.1__low_norm__seed45,45,dirichlet_a0.1,low_norm,c4_drift_aware
20,0.338579386472702,1.936880350112915,2.1431412320016534,5,0,1,1,False,c4_drift_aware__dirichlet_a0.1__low_norm__seed45,45,dirichlet_a0.1,low_norm,c4_drift_aware
21,0.33732590079307556,1.9466328620910645,2.087993794000795,5,0,1,1,False,c4_drift_aware__dirichlet_a0.1__low_norm__seed45,45,dirichlet_a0.1,low_norm,c4_drift_aware
22,0.3384401202201843,1.9377979040145874,1.9604492229991592,5,0,1,1,False,c4_drift_aware__dirichlet_a0.1__low_norm__seed45,45,dirichlet_a0.1,low_norm,c4_drift_aware
23,0.336490273475647,1.9289319515228271,2.0706937279974227,5,0,1,1,False,c4_drift_aware__dirichlet_a0.1__low_norm__seed45,45,dirichlet_a0.1,low_norm,c4_drift_aware
24,0.3384401202201843,1.9251079559326172,2.0911239630004275,5,0,1,1,False,c4_drift_aware__dirichlet_a0.1__low_norm__seed45,45,dirichlet_a0.1,low_norm,c4_drift_aware
0,0.1717270165681839,2.278257131576538,2.081261250998068,5,0,1,0,False,c4_drift_aware__dirichlet_a0.1__no_attack__seed46,46,dirichlet_a0.1,no_attack,c4_drift_aware
1,0.13649025559425354,2.286949634552002,2.075354915999924,5,0,1,0,False,c4_drift_aware__dirichlet_a0.1__no_attack__seed46,46,dirichlet_a0.1,no_attack,c4_drift_aware
2,0.11796657741069794,2.28418231010437,1.8829364109988092,5,0,1,0,False,c4_drift_aware__dirichlet_a0.1__no_attack__seed46,46,dirichlet_a0.1,no_attack,c4_drift_aware
3,0.11796657741069794,2.276317596435547,2.079336554001202,5,0,1,0,False,c4_drift_aware__dirichlet_a0.1__no_attack__seed46,46,dirichlet_a0.1,no_attack,c4_drift_aware
4,0.11796657741069794,2.2876675128936768,2.076275232997432,5,0,1,0,False,c4_drift_aware__dirichlet_a0.1__no_attack__seed46,46,dirichlet_a0.1,no_attack,c4_drift_aware
5,0.11796657741069794,2.2777554988861084,2.0789727559968014,5,0,1,0,False,c4_drift_aware__dirichlet_a0.1__no_attack__seed46,46,dirichlet_a0.1,no_attack,c4_drift_aware
6,0.11796657741069794,2.256814956665039,2.155086681003013,5,0,1,0,False,c4_drift_aware__dirichlet_a0.1__no_attack__seed46,46,dirichlet_a0.1,no_attack,c4_drift_aware
7,0.11796657741069794,2.2990407943725586,2.0857435840007383,5,0,1,0,False,c4_drift_aware__dirichlet_a0.1__no_attack__seed46,46,dirichlet_a0.1,no_attack,c4_drift_aware
8,0.11880223453044891,2.257619619369507,2.103155095002876,5,0,1,0,False,c4_drift_aware__dirichlet_a0.1__no_attack__seed46,46,dirichlet_a0.1,no_attack,c4_drift_aware
9,0.11796657741069794,2.248751401901245,2.0891720519975934,5,0,1,0,False,c4_drift_aware__dirichlet_a0.1__no_attack__seed46,46,dirichlet_a0.1,no_attack,c4_drift_aware
10,0.24025070667266846,2.264073610305786,2.0716481279996515,4,1,1,1,False,c4_drift_aware__dirichlet_a0.1__no_attack__seed46,46,dirichlet_a0.1,no_attack,c4_drift_aware
11,0.28189414739608765,2.2968263626098633,2.1122941929970693,4,1,1,1,False,c4_drift_aware__dirichlet_a0.1__no_attack__seed46,46,dirichlet_a0.1,no_attack,c4_drift_aware
12,0.24052925407886505,2.23390531539917,2.068465909000224,4,1,1,1,False,c4_drift_aware__dirichlet_a0.1__no_attack__seed46,46,dirichlet_a0.1,no_attack,c4_drift_aware
13,0.24052925407886505,2.2180094718933105,2.075598514002195,4,1,1,1,False,c4_drift_aware__dirichlet_a0.1__no_attack__seed46,46,dirichlet_a0.1,no_attack,c4_drift_aware
14,0.11852367967367172,2.4359734058380127,2.069368050000776,3,2,1,1,False,c4_drift_aware__dirichlet_a0.1__no_attack__seed46,46,dirichlet_a0.1,no_attack,c4_drift_aware
15,0.3313370645046234,2.04191517829895,2.0759675839981355,5,0,1,1,False,c4_drift_aware__dirichlet_a0.1__no_attack__seed46,46,dirichlet_a0.1,no_attack,c4_drift_aware
16,0.29331478476524353,2.0439956188201904,2.0815765320003266,5,0,1,1,False,c4_drift_aware__dirichlet_a0.1__no_attack__seed46,46,dirichlet_a0.1,no_attack,c4_drift_aware
17,0.23286908864974976,2.076566219329834,2.04811157000222,5,0,1,1,False,c4_drift_aware__dirichlet_a0.1__no_attack__seed46,46,dirichlet_a0.1,no_attack,c4_drift_aware
18,0.3140668570995331,1.9442754983901978,2.111490065999533,5,0,1,1,False,c4_drift_aware__dirichlet_a0.1__no_attack__seed46,46,dirichlet_a0.1,no_attack,c4_drift_aware
19,0.316573828458786,1.8562461137771606,2.0810577550000744,5,0,1,1,False,c4_drift_aware__dirichlet_a0.1__no_attack__seed46,46,dirichlet_a0.1,no_attack,c4_drift_aware
20,0.31573817133903503,1.8297125101089478,2.0751495490003435,5,0,1,1,False,c4_drift_aware__dirichlet_a0.1__no_attack__seed46,46,dirichlet_a0.1,no_attack,c4_drift_aware
21,0.31434541940689087,1.8068629503250122,2.0608844050002517,5,0,1,1,False,c4_drift_aware__dirichlet_a0.1__no_attack__seed46,46,dirichlet_a0.1,no_attack,c4_drift_aware
22,0.369498610496521,1.7589250802993774,2.0419580420020793,5,0,1,1,False,c4_drift_aware__dirichlet_a0.1__no_attack__seed46,46,dirichlet_a0.1,no_attack,c4_drift_aware
23,0.3462395668029785,1.6960352659225464,2.0562074379995465,5,0,1,1,False,c4_drift_aware__dirichlet_a0.1__no_attack__seed46,46,dirichlet_a0.1,no_attack,c4_drift_aware
24,0.3809192180633545,1.7227333784103394,2.097192630997597,5,0,1,1,False,c4_drift_aware__dirichlet_a0.1__no_attack__seed46,46,dirichlet_a0.1,no_attack,c4_drift_aware
0,0.1717270165681839,2.278261184692383,2.0888352900001337,5,0,1,0,False,c4_drift_aware__dirichlet_a0.1__large_norm__seed46,46,dirichlet_a0.1,large_norm,c4_drift_aware
1,0.13704735040664673,2.2868432998657227,2.1023153309979534,5,0,1,0,False,c4_drift_aware__dirichlet_a0.1__large_norm__seed46,46,dirichlet_a0.1,large_norm,c4_drift_aware
2,0.11796657741069794,2.2836062908172607,2.100322928999958,5,0,1,0,False,c4_drift_aware__dirichlet_a0.1__large_norm__seed46,46,dirichlet_a0.1,large_norm,c4_drift_aware
3,0.11796657741069794,2.2759201526641846,2.039290237997193,5,0,1,0,False,c4_drift_aware__dirichlet_a0.1__large_norm__seed46,46,dirichlet_a0.1,large_norm,c4_drift_aware
4,0.11796657741069794,2.2885515689849854,2.059688778997952,5,0,1,0,False,c4_drift_aware__dirichlet_a0.1__large_norm__seed46,46,dirichlet_a0.1,large_norm,c4_drift_aware
5,0.11796657741069794,2.2790839672088623,2.0921569540005294,5,0,1,0,False,c4_drift_aware__dirichlet_a0.1__large_norm__seed46,46,dirichlet_a0.1,large_norm,c4_drift_aware
6,0.11796657741069794,2.2556262016296387,2.0992757889980567,5,0,1,0,False,c4_drift_aware__dirichlet_a0.1__large_norm__seed46,46,dirichlet_a0.1,large_norm,c4_drift_aware
7,0.11796657741069794,2.298858404159546,2.093140934000985,5,0,1,0,False,c4_drift_aware__dirichlet_a0.1__large_norm__seed46,46,dirichlet_a0.1,large_norm,c4_drift_aware
8,0.11880223453044891,2.2553422451019287,2.1511024270002963,5,0,1,0,False,c4_drift_aware__dirichlet_a0.1__large_norm__seed46,46,dirichlet_a0.1,large_norm,c4_drift_aware
9,0.11796657741069794,2.2519729137420654,2.153237345002708,5,0,1,0,False,c4_drift_aware__dirichlet_a0.1__large_norm__seed46,46,dirichlet_a0.1,large_norm,c4_drift_aware
10,0.12019498646259308,3.6783552169799805,2.096754248999787,2,3,1,1,False,c4_drift_aware__dirichlet_a0.1__large_norm__seed46,46,dirichlet_a0.1,large_norm,c4_drift_aware
11,0.11796657741069794,5.010753154754639,2.076531905000593,1,4,1,1,False,c4_drift_aware__dirichlet_a0.1__large_norm__seed46,46,dirichlet_a0.1,large_norm,c4_drift_aware
12,0.11824512481689453,4.870133399963379,2.139746708002349,1,4,1,1,False,c4_drift_aware__dirichlet_a0.1__large_norm__seed46,46,dirichlet_a0.1,large_norm,c4_drift_aware
13,0.19540390372276306,2.102750539779663,2.0934083920001285,2,3,1,1,False,c4_drift_aware__dirichlet_a0.1__large_norm__seed46,46,dirichlet_a0.1,large_norm,c4_drift_aware
14,0.17353761196136475,3.634204149246216,2.0838660699992033,2,3,1,1,False,c4_drift_aware__dirichlet_a0.1__large_norm__seed46,46,dirichlet_a0.1,large_norm,c4_drift_aware
15,0.2568245232105255,2.403637647628784,2.10106579299827,1,4,1,1,False,c4_drift_aware__dirichlet_a0.1__large_norm__seed46,46,dirichlet_a0.1,large_norm,c4_drift_aware
16,0.15947075188159943,3.492436647415161,2.059694653002225,2,3,1,1,False,c4_drift_aware__dirichlet_a0.1__large_norm__seed46,46,dirichlet_a0.1,large_norm,c4_drift_aware
17,0.3206128180027008,2.1632325649261475,2.0895179049985018,3,2,1,1,False,c4_drift_aware__dirichlet_a0.1__large_norm__seed46,46,dirichlet_a0.1,large_norm,c4_drift_aware
18,0.23189415037631989,3.368401288986206,2.098492577999423,2,3,1,1,False,c4_drift_aware__dirichlet_a0.1__large_norm__seed46,46,dirichlet_a0.1,large_norm,c4_drift_aware
19,0.40027856826782227,1.9744001626968384,2.067939215001388,4,1,1,1,False,c4_drift_aware__dirichlet_a0.1__large_norm__seed46,46,dirichlet_a0.1,large_norm,c4_drift_aware
20,0.17757660150527954,3.288851737976074,2.066784430997359,2,3,1,1,False,c4_drift_aware__dirichlet_a0.1__large_norm__seed46,46,dirichlet_a0.1,large_norm,c4_drift_aware
21,0.44944289326667786,1.7819771766662598,2.0665139730008377,4,1,1,1,False,c4_drift_aware__dirichlet_a0.1__large_norm__seed46,46,dirichlet_a0.1,large_norm,c4_drift_aware
22,0.33050140738487244,1.9813916683197021,2.10992364899721,3,2,1,1,False,c4_drift_aware__dirichlet_a0.1__large_norm__seed46,46,dirichlet_a0.1,large_norm,c4_drift_aware
23,0.4055710434913635,1.6736069917678833,2.0681923379997897,4,1,1,1,False,c4_drift_aware__dirichlet_a0.1__large_norm__seed46,46,dirichlet_a0.1,large_norm,c4_drift_aware
24,0.36058497428894043,1.8830761909484863,2.1081636960007017,3,2,1,1,False,c4_drift_aware__dirichlet_a0.1__large_norm__seed46,46,dirichlet_a0.1,large_norm,c4_drift_aware
0,0.1717270165681839,2.278257131576538,2.107456440997339,5,0,1,0,False,c4_drift_aware__dirichlet_a0.1__directional_poisoning__seed46,46,dirichlet_a0.1,directional_poisoning,c4_drift_aware
1,0.13649025559425354,2.286949872970581,2.0767153880005935,5,0,1,0,False,c4_drift_aware__dirichlet_a0.1__directional_poisoning__seed46,46,dirichlet_a0.1,directional_poisoning,c4_drift_aware
2,0.11796657741069794,2.2839035987854004,2.1420031989982817,5,0,1,0,False,c4_drift_aware__dirichlet_a0.1__directional_poisoning__seed46,46,dirichlet_a0.1,directional_poisoning,c4_drift_aware
3,0.11796657741069794,2.2755346298217773,2.084570381000958,5,0,1,0,False,c4_drift_aware__dirichlet_a0.1__directional_poisoning__seed46,46,dirichlet_a0.1,directional_poisoning,c4_drift_aware
4,0.11796657741069794,2.2879416942596436,2.099256140001671,5,0,1,0,False,c4_drift_aware__dirichlet_a0.1__directional_poisoning__seed46,46,dirichlet_a0.1,directional_poisoning,c4_drift_aware
5,0.11796657741069794,2.278024911880493,2.1164831180030887,5,0,1,0,False,c4_drift_aware__dirichlet_a0.1__directional_poisoning__seed46,46,dirichlet_a0.1,directional_poisoning,c4_drift_aware
6,0.11796657741069794,2.253814697265625,2.095164507001755,5,0,1,0,False,c4_drift_aware__dirichlet_a0.1__directional_poisoning__seed46,46,dirichlet_a0.1,directional_poisoning,c4_drift_aware
7,0.11796657741069794,2.2995126247406006,2.1520556359973853,5,0,1,0,False,c4_drift_aware__dirichlet_a0.1__directional_poisoning__seed46,46,dirichlet_a0.1,directional_poisoning,c4_drift_aware
8,0.11838440597057343,2.2575225830078125,2.108040147999418,5,0,1,0,False,c4_drift_aware__dirichlet_a0.1__directional_poisoning__seed46,46,dirichlet_a0.1,directional_poisoning,c4_drift_aware
9,0.11796657741069794,2.2478878498077393,2.098394274002203,5,0,1,0,False,c4_drift_aware__dirichlet_a0.1__directional_poisoning__seed46,46,dirichlet_a0.1,directional_poisoning,c4_drift_aware
10,0.24038997292518616,2.2667922973632812,2.167005062001408,4,1,1,1,False,c4_drift_aware__dirichlet_a0.1__directional_poisoning__seed46,46,dirichlet_a0.1,directional_poisoning,c4_drift_aware
11,0.2828691005706787,2.296907663345337,2.0801754770000116,4,1,1,1,False,c4_drift_aware__dirichlet_a0.1__directional_poisoning__seed46,46,dirichlet_a0.1,directional_poisoning,c4_drift_aware
12,0.24052925407886505,2.2348170280456543,2.053416120001202,4,1,1,1,False,c4_drift_aware__dirichlet_a0.1__directional_poisoning__seed46,46,dirichlet_a0.1,directional_poisoning,c4_drift_aware
13,0.24066853523254395,2.2195587158203125,2.0927831629996945,4,1,1,1,False,c4_drift_aware__dirichlet_a0.1__directional_poisoning__seed46,46,dirichlet_a0.1,directional_poisoning,c4_drift_aware
14,0.11852367967367172,2.4347407817840576,2.10531636000087,3,2,1,1,False,c4_drift_aware__dirichlet_a0.1__directional_poisoning__seed46,46,dirichlet_a0.1,directional_poisoning,c4_drift_aware
15,0.3612813353538513,2.078937530517578,1.9014030229991477,4,1,1,1,False,c4_drift_aware__dirichlet_a0.1__directional_poisoning__seed46,46,dirichlet_a0.1,directional_poisoning,c4_drift_aware
16,0.12604457139968872,2.395115613937378,2.0355126579997886,3,2,1,1,False,c4_drift_aware__dirichlet_a0.1__directional_poisoning__seed46,46,dirichlet_a0.1,directional_poisoning,c4_drift_aware
17,0.3704735338687897,2.0950801372528076,1.9935105820004537,4,1,1,1,False,c4_drift_aware__dirichlet_a0.1__directional_poisoning__seed46,46,dirichlet_a0.1,directional_poisoning,c4_drift_aware
18,0.45724233984947205,1.944143295288086,2.0506636040008743,4,1,1,1,False,c4_drift_aware__dirichlet_a0.1__directional_poisoning__seed46,46,dirichlet_a0.1,directional_poisoning,c4_drift_aware
19,0.44610029458999634,1.8408805131912231,2.0956478000007337,4,1,1,1,False,c4_drift_aware__dirichlet_a0.1__directional_poisoning__seed46,46,dirichlet_a0.1,directional_poisoning,c4_drift_aware
20,0.41239556670188904,1.8244414329528809,2.0902997449993563,4,1,1,1,False,c4_drift_aware__dirichlet_a0.1__directional_poisoning__seed46,46,dirichlet_a0.1,directional_poisoning,c4_drift_aware
21,0.3841225802898407,1.9126158952713013,2.0401389360013127,4,1,1,1,False,c4_drift_aware__dirichlet_a0.1__directional_poisoning__seed46,46,dirichlet_a0.1,directional_poisoning,c4_drift_aware
22,0.35306409001350403,1.960869550704956,2.0645498699996097,3,2,1,1,False,c4_drift_aware__dirichlet_a0.1__directional_poisoning__seed46,46,dirichlet_a0.1,directional_poisoning,c4_drift_aware
23,0.4629526436328888,1.724867582321167,2.0749416059989017,4,1,1,1,False,c4_drift_aware__dirichlet_a0.1__directional_poisoning__seed46,46,dirichlet_a0.1,directional_poisoning,c4_drift_aware
24,0.4651810824871063,1.7559491395950317,2.04635668300034,4,1,1,1,False,c4_drift_aware__dirichlet_a0.1__directional_poisoning__seed46,46,dirichlet_a0.1,directional_poisoning,c4_drift_aware
0,0.1717270165681839,2.278261423110962,2.0584238940027717,5,0,1,0,False,c4_drift_aware__dirichlet_a0.1__sparse_coordinate_attack__seed46,46,dirichlet_a0.1,sparse_coordinate_attack,c4_drift_aware
1,0.13704735040664673,2.2868432998657227,2.065464802999486,5,0,1,0,False,c4_drift_aware__dirichlet_a0.1__sparse_coordinate_attack__seed46,46,dirichlet_a0.1,sparse_coordinate_attack,c4_drift_aware
2,0.11796657741069794,2.283630132675171,2.024682778999704,5,0,1,0,False,c4_drift_aware__dirichlet_a0.1__sparse_coordinate_attack__seed46,46,dirichlet_a0.1,sparse_coordinate_attack,c4_drift_aware
3,0.11796657741069794,2.2757108211517334,2.034020582002995,5,0,1,0,False,c4_drift_aware__dirichlet_a0.1__sparse_coordinate_attack__seed46,46,dirichlet_a0.1,sparse_coordinate_attack,c4_drift_aware
4,0.11796657741069794,2.288508653640747,2.0654709369991906,5,0,1,0,False,c4_drift_aware__dirichlet_a0.1__sparse_coordinate_attack__seed46,46,dirichlet_a0.1,sparse_coordinate_attack,c4_drift_aware
5,0.11796657741069794,2.278974771499634,2.1484092219980084,5,0,1,0,False,c4_drift_aware__dirichlet_a0.1__sparse_coordinate_attack__seed46,46,dirichlet_a0.1,sparse_coordinate_attack,c4_drift_aware
6,0.11796657741069794,2.257380485534668,2.04210995700123,5,0,1,0,False,c4_drift_aware__dirichlet_a0.1__sparse_coordinate_attack__seed46,46,dirichlet_a0.1,sparse_coordinate_attack,c4_drift_aware
7,0.11796657741069794,2.30110764503479,2.0569488990004174,5,0,1,0,False,c4_drift_aware__dirichlet_a0.1__sparse_coordinate_attack__seed46,46,dirichlet_a0.1,sparse_coordinate_attack,c4_drift_aware
8,0.11866295337677002,2.2566213607788086,2.0687650779982505,5,0,1,0,False,c4_drift_aware__dirichlet_a0.1__sparse_coordinate_attack__seed46,46,dirichlet_a0.1,sparse_coordinate_attack,c4_drift_aware
9,0.11796657741069794,2.2487072944641113,2.0767357889999403,5,0,1,0,False,c4_drift_aware__dirichlet_a0.1__sparse_coordinate_attack__seed46,46,dirichlet_a0.1,sparse_coordinate_attack,c4_drift_aware
10,0.1721448451280594,2.279923915863037,2.0175864019984147,4,1,1,1,False,c4_drift_aware__dirichlet_a0.1__sparse_coordinate_attack__seed46,46,dirichlet_a0.1,sparse_coordinate_attack,c4_drift_aware
11,0.24038997292518616,2.259526252746582,2.1388750029982475,4,1,1,1,False,c4_drift_aware__dirichlet_a0.1__sparse_coordinate_attack__seed46,46,dirichlet_a0.1,sparse_coordinate_attack,c4_drift_aware
12,0.1718662977218628,2.2308201789855957,2.1042744079968543,4,1,1,1,False,c4_drift_aware__dirichlet_a0.1__sparse_coordinate_attack__seed46,46,dirichlet_a0.1,sparse_coordinate_attack,c4_drift_aware
13,0.24052925407886505,2.1943411827087402,2.0625286260001303,4,1,1,1,False,c4_drift_aware__dirichlet_a0.1__sparse_coordinate_attack__seed46,46,dirichlet_a0.1,sparse_coordinate_attack,c4_drift_aware
14,0.11796657741069794,2.5614535808563232,2.093148393996671,3,2,1,1,False,c4_drift_aware__dirichlet_a0.1__sparse_coordinate_attack__seed46,46,dirichlet_a0.1,sparse_coordinate_attack,c4_drift_aware
15,0.24164345860481262,2.1446897983551025,2.09474643899739,4,1,1,1,False,c4_drift_aware__dirichlet_a0.1__sparse_coordinate_attack__seed46,46,dirichlet_a0.1,sparse_coordinate_attack,c4_drift_aware
16,0.27493035793304443,2.1005287170410156,1.8591339769991464,4,1,1,1,False,c4_drift_aware__dirichlet_a0.1__sparse_coordinate_attack__seed46,46,dirichlet_a0.1,sparse_coordinate_attack,c4_drift_aware
17,0.43885794281959534,2.033459424972534,2.102030795002065,4,1,1,1,False,c4_drift_aware__dirichlet_a0.1__sparse_coordinate_attack__seed46,46,dirichlet_a0.1,sparse_coordinate_attack,c4_drift_aware
18,0.4324512779712677,1.8861126899719238,2.0916534759999195,4,1,1,1,False,c4_drift_aware__dirichlet_a0.1__sparse_coordinate_attack__seed46,46,dirichlet_a0.1,sparse_coordinate_attack,c4_drift_aware
19,0.46490252017974854,1.8442401885986328,2.1328569690012955,4,1,1,1,False,c4_drift_aware__dirichlet_a0.1__sparse_coordinate_attack__seed46,46,dirichlet_a0.1,sparse_coordinate_attack,c4_drift_aware
20,0.3352367877960205,2.0799732208251953,2.137275655000849,3,2,1,1,False,c4_drift_aware__dirichlet_a0.1__sparse_coordinate_attack__seed46,46,dirichlet_a0.1,sparse_coordinate_attack,c4_drift_aware
21,0.46142062544822693,1.7653470039367676,2.0823858520016074,4,1,1,1,False,c4_drift_aware__dirichlet_a0.1__sparse_coordinate_attack__seed46,46,dirichlet_a0.1,sparse_coordinate_attack,c4_drift_aware
22,0.4256267547607422,1.8113373517990112,2.0784979080017365,4,1,1,1,False,c4_drift_aware__dirichlet_a0.1__sparse_coordinate_attack__seed46,46,dirichlet_a0.1,sparse_coordinate_attack,c4_drift_aware
23,0.46114206314086914,1.7373714447021484,2.0576097029988887,4,1,1,1,False,c4_drift_aware__dirichlet_a0.1__sparse_coordinate_attack__seed46,46,dirichlet_a0.1,sparse_coordinate_attack,c4_drift_aware
24,0.459749311208725,1.7270731925964355,1.8513186929994845,4,1,1,1,False,c4_drift_aware__dirichlet_a0.1__sparse_coordinate_attack__seed46,46,dirichlet_a0.1,sparse_coordinate_attack,c4_drift_aware
0,0.1717270165681839,2.278261184692383,2.044608692998736,5,0,1,0,False,c4_drift_aware__dirichlet_a0.1__full_sign_flip__seed46,46,dirichlet_a0.1,full_sign_flip,c4_drift_aware
1,0.13704735040664673,2.2868432998657227,2.034678490999795,5,0,1,0,False,c4_drift_aware__dirichlet_a0.1__full_sign_flip__seed46,46,dirichlet_a0.1,full_sign_flip,c4_drift_aware
2,0.11796657741069794,2.283634901046753,2.0427660230016045,5,0,1,0,False,c4_drift_aware__dirichlet_a0.1__full_sign_flip__seed46,46,dirichlet_a0.1,full_sign_flip,c4_drift_aware
3,0.11796657741069794,2.2754948139190674,2.0007305769977393,5,0,1,0,False,c4_drift_aware__dirichlet_a0.1__full_sign_flip__seed46,46,dirichlet_a0.1,full_sign_flip,c4_drift_aware
4,0.11796657741069794,2.2889134883880615,2.0501048030018865,5,0,1,0,False,c4_drift_aware__dirichlet_a0.1__full_sign_flip__seed46,46,dirichlet_a0.1,full_sign_flip,c4_drift_aware
5,0.11796657741069794,2.278604507446289,1.8271694340000977,5,0,1,0,False,c4_drift_aware__dirichlet_a0.1__full_sign_flip__seed46,46,dirichlet_a0.1,full_sign_flip,c4_drift_aware
6,0.11796657741069794,2.2572476863861084,2.0172611070011044,5,0,1,0,False,c4_drift_aware__dirichlet_a0.1__full_sign_flip__seed46,46,dirichlet_a0.1,full_sign_flip,c4_drift_aware
7,0.11796657741069794,2.299182891845703,2.004143377998844,5,0,1,0,False,c4_drift_aware__dirichlet_a0.1__full_sign_flip__seed46,46,dirichlet_a0.1,full_sign_flip,c4_drift_aware
8,0.11852367967367172,2.2582035064697266,1.8597189209976932,5,0,1,0,False,c4_drift_aware__dirichlet_a0.1__full_sign_flip__seed46,46,dirichlet_a0.1,full_sign_flip,c4_drift_aware
9,0.11796657741069794,2.2470643520355225,2.0369207549993007,5,0,1,0,False,c4_drift_aware__dirichlet_a0.1__full_sign_flip__seed46,46,dirichlet_a0.1,full_sign_flip,c4_drift_aware
10,0.24025070667266846,2.264094352722168,1.9249923649986158,4,1,1,1,False,c4_drift_aware__dirichlet_a0.1__full_sign_flip__seed46,46,dirichlet_a0.1,full_sign_flip,c4_drift_aware
11,0.28161561489105225,2.2967112064361572,2.097608127998683,4,1,1,1,False,c4_drift_aware__dirichlet_a0.1__full_sign_flip__seed46,46,dirichlet_a0.1,full_sign_flip,c4_drift_aware
12,0.24066853523254395,2.2352380752563477,2.0267225570023584,4,1,1,1,False,c4_drift_aware__dirichlet_a0.1__full_sign_flip__seed46,46,dirichlet_a0.1,full_sign_flip,c4_drift_aware
13,0.24052925407886505,2.218432664871216,2.0629545459996734,4,1,1,1,False,c4_drift_aware__dirichlet_a0.1__full_sign_flip__seed46,46,dirichlet_a0.1,full_sign_flip,c4_drift_aware
14,0.11852367967367172,2.4339311122894287,2.040945886001282,3,2,1,1,False,c4_drift_aware__dirichlet_a0.1__full_sign_flip__seed46,46,dirichlet_a0.1,full_sign_flip,c4_drift_aware
15,0.36364904046058655,2.077791929244995,2.043984340998577,4,1,1,1,False,c4_drift_aware__dirichlet_a0.1__full_sign_flip__seed46,46,dirichlet_a0.1,full_sign_flip,c4_drift_aware
16,0.12632311880588531,2.393855094909668,2.0804137390005053,3,2,1,1,False,c4_drift_aware__dirichlet_a0.1__full_sign_flip__seed46,46,dirichlet_a0.1,full_sign_flip,c4_drift_aware
17,0.37116992473602295,2.0953738689422607,2.1056038690003334,4,1,1,1,False,c4_drift_aware__dirichlet_a0.1__full_sign_flip__seed46,46,dirichlet_a0.1,full_sign_flip,c4_drift_aware
18,0.4577994644641876,1.9427727460861206,2.1567208279993793,4,1,1,1,False,c4_drift_aware__dirichlet_a0.1__full_sign_flip__seed46,46,dirichlet_a0.1,full_sign_flip,c4_drift_aware
19,0.44944289326667786,1.838159441947937,2.038208021000173,4,1,1,1,False,c4_drift_aware__dirichlet_a0.1__full_sign_flip__seed46,46,dirichlet_a0.1,full_sign_flip,c4_drift_aware
20,0.4128133952617645,1.8233145475387573,2.098772713998187,4,1,1,1,False,c4_drift_aware__dirichlet_a0.1__full_sign_flip__seed46,46,dirichlet_a0.1,full_sign_flip,c4_drift_aware
21,0.3920612931251526,1.8817896842956543,2.1335812149991398,4,1,1,1,False,c4_drift_aware__dirichlet_a0.1__full_sign_flip__seed46,46,dirichlet_a0.1,full_sign_flip,c4_drift_aware
22,0.4655989110469818,1.7523462772369385,2.0572394160008116,4,1,1,1,False,c4_drift_aware__dirichlet_a0.1__full_sign_flip__seed46,46,dirichlet_a0.1,full_sign_flip,c4_drift_aware
23,0.46880224347114563,1.7020376920700073,2.1074403540005733,4,1,1,1,False,c4_drift_aware__dirichlet_a0.1__full_sign_flip__seed46,46,dirichlet_a0.1,full_sign_flip,c4_drift_aware
24,0.4657381772994995,1.7506790161132812,1.8787180180006544,4,1,1,1,False,c4_drift_aware__dirichlet_a0.1__full_sign_flip__seed46,46,dirichlet_a0.1,full_sign_flip,c4_drift_aware
0,0.1717270165681839,2.278257131576538,1.8332683650005492,5,0,1,0,False,c4_drift_aware__dirichlet_a0.1__low_norm__seed46,46,dirichlet_a0.1,low_norm,c4_drift_aware
1,0.13704735040664673,2.286857843399048,2.046960547002527,5,0,1,0,False,c4_drift_aware__dirichlet_a0.1__low_norm__seed46,46,dirichlet_a0.1,low_norm,c4_drift_aware
2,0.11796657741069794,2.2837183475494385,2.158962571997108,5,0,1,0,False,c4_drift_aware__dirichlet_a0.1__low_norm__seed46,46,dirichlet_a0.1,low_norm,c4_drift_aware
3,0.11796657741069794,2.2764453887939453,2.0955939660016156,5,0,1,0,False,c4_drift_aware__dirichlet_a0.1__low_norm__seed46,46,dirichlet_a0.1,low_norm,c4_drift_aware
4,0.11796657741069794,2.287836790084839,2.0432775389999733,5,0,1,0,False,c4_drift_aware__dirichlet_a0.1__low_norm__seed46,46,dirichlet_a0.1,low_norm,c4_drift_aware
5,0.11796657741069794,2.278404474258423,2.040403166996839,5,0,1,0,False,c4_drift_aware__dirichlet_a0.1__low_norm__seed46,46,dirichlet_a0.1,low_norm,c4_drift_aware
6,0.11796657741069794,2.2566635608673096,2.0593824480019975,5,0,1,0,False,c4_drift_aware__dirichlet_a0.1__low_norm__seed46,46,dirichlet_a0.1,low_norm,c4_drift_aware
7,0.11796657741069794,2.3007681369781494,2.0569689119984105,5,0,1,0,False,c4_drift_aware__dirichlet_a0.1__low_norm__seed46,46,dirichlet_a0.1,low_norm,c4_drift_aware
8,0.11838440597057343,2.2592504024505615,2.1193762170005357,5,0,1,0,False,c4_drift_aware__dirichlet_a0.1__low_norm__seed46,46,dirichlet_a0.1,low_norm,c4_drift_aware
9,0.11796657741069794,2.2473342418670654,2.0612030390002474,5,0,1,0,False,c4_drift_aware__dirichlet_a0.1__low_norm__seed46,46,dirichlet_a0.1,low_norm,c4_drift_aware
10,0.2802228629589081,2.2486917972564697,2.070413286000985,5,0,1,1,False,c4_drift_aware__dirichlet_a0.1__low_norm__seed46,46,dirichlet_a0.1,low_norm,c4_drift_aware
11,0.2825905382633209,2.2847390174865723,2.098772083001677,5,0,1,1,False,c4_drift_aware__dirichlet_a0.1__low_norm__seed46,46,dirichlet_a0.1,low_norm,c4_drift_aware
12,0.24011142551898956,2.249154806137085,2.187433194001642,5,0,1,1,False,c4_drift_aware__dirichlet_a0.1__low_norm__seed46,46,dirichlet_a0.1,low_norm,c4_drift_aware
13,0.24052925407886505,2.2412421703338623,2.200254542000039,5,0,1,1,False,c4_drift_aware__dirichlet_a0.1__low_norm__seed46,46,dirichlet_a0.1,low_norm,c4_drift_aware
14,0.12423398345708847,2.3911519050598145,2.0629583959998854,4,1,1,1,False,c4_drift_aware__dirichlet_a0.1__low_norm__seed46,46,dirichlet_a0.1,low_norm,c4_drift_aware
15,0.28105849027633667,2.1689789295196533,2.149167237999791,5,0,1,1,False,c4_drift_aware__dirichlet_a0.1__low_norm__seed46,46,dirichlet_a0.1,low_norm,c4_drift_aware
16,0.12604457139968872,2.3664541244506836,2.0543667700003425,4,1,1,1,False,c4_drift_aware__dirichlet_a0.1__low_norm__seed46,46,dirichlet_a0.1,low_norm,c4_drift_aware
17,0.2644846737384796,2.1969757080078125,2.0654296850007086,5,0,1,1,False,c4_drift_aware__dirichlet_a0.1__low_norm__seed46,46,dirichlet_a0.1,low_norm,c4_drift_aware
18,0.416991651058197,2.0665793418884277,2.0843802509989473,5,0,1,1,False,c4_drift_aware__dirichlet_a0.1__low_norm__seed46,46,dirichlet_a0.1,low_norm,c4_drift_aware
19,0.45612815022468567,1.9784660339355469,2.0711670069977117,5,0,1,1,False,c4_drift_aware__dirichlet_a0.1__low_norm__seed46,46,dirichlet_a0.1,low_norm,c4_drift_aware
20,0.2993036210536957,2.1684205532073975,2.0707769519976864,4,1,1,1,False,c4_drift_aware__dirichlet_a0.1__low_norm__seed46,46,dirichlet_a0.1,low_norm,c4_drift_aware
21,0.3923398554325104,1.9360294342041016,2.1172658520008554,5,0,1,1,False,c4_drift_aware__dirichlet_a0.1__low_norm__seed46,46,dirichlet_a0.1,low_norm,c4_drift_aware
22,0.4667131006717682,1.871442437171936,2.0782143889991858,5,0,1,1,False,c4_drift_aware__dirichlet_a0.1__low_norm__seed46,46,dirichlet_a0.1,low_norm,c4_drift_aware
23,0.3392757773399353,2.005812883377075,2.054445339999802,4,1,1,1,False,c4_drift_aware__dirichlet_a0.1__low_norm__seed46,46,dirichlet_a0.1,low_norm,c4_drift_aware
24,0.4622562825679779,1.8314111232757568,2.050722057996609,5,0,1,1,False,c4_drift_aware__dirichlet_a0.1__low_norm__seed46,46,dirichlet_a0.1,low_norm,c4_drift_aware
0,0.23314763605594635,2.1931207180023193,2.1330756440002006,5,0,1,0,False,c4_drift_aware__dirichlet_a0.1__no_attack__seed47,47,dirichlet_a0.1,no_attack,c4_drift_aware
1,0.08245125412940979,2.321704149246216,2.0423568110018095,5,0,1,0,False,c4_drift_aware__dirichlet_a0.1__no_attack__seed47,47,dirichlet_a0.1,no_attack,c4_drift_aware
2,0.11796657741069794,2.2257041931152344,2.1166718380009115,4,1,1,0,False,c4_drift_aware__dirichlet_a0.1__no_attack__seed47,47,dirichlet_a0.1,no_attack,c4_drift_aware
3,0.0821727067232132,2.428884744644165,2.0679452109980048,5,0,1,0,False,c4_drift_aware__dirichlet_a0.1__no_attack__seed47,47,dirichlet_a0.1,no_attack,c4_drift_aware
4,0.11796657741069794,2.245870590209961,1.8980265489990416,4,1,1,0,False,c4_drift_aware__dirichlet_a0.1__no_attack__seed47,47,dirichlet_a0.1,no_attack,c4_drift_aware
5,0.08245125412940979,2.4972760677337646,2.0673064709990285,5,0,1,0,False,c4_drift_aware__dirichlet_a0.1__no_attack__seed47,47,dirichlet_a0.1,no_attack,c4_drift_aware
6,0.08245125412940979,2.5143518447875977,2.1612370439979713,5,0,1,0,False,c4_drift_aware__dirichlet_a0.1__no_attack__seed47,47,dirichlet_a0.1,no_attack,c4_drift_aware
7,0.08245125412940979,2.925046443939209,2.046944909998274,4,1,1,0,False,c4_drift_aware__dirichlet_a0.1__no_attack__seed47,47,dirichlet_a0.1,no_attack,c4_drift_aware
8,0.08245125412940979,3.0274341106414795,2.02521065199835,4,1,1,0,False,c4_drift_aware__dirichlet_a0.1__no_attack__seed47,47,dirichlet_a0.1,no_attack,c4_drift_aware
9,0.08245125412940979,3.0162034034729004,2.017879950999486,4,1,1,0,False,c4_drift_aware__dirichlet_a0.1__no_attack__seed47,47,dirichlet_a0.1,no_attack,c4_drift_aware
10,0.08245125412940979,2.990126609802246,2.0426545640002587,4,1,1,1,False,c4_drift_aware__dirichlet_a0.1__no_attack__seed47,47,dirichlet_a0.1,no_attack,c4_drift_aware
11,0.08245125412940979,3.0411577224731445,2.026759320000565,4,1,1,1,False,c4_drift_aware__dirichlet_a0.1__no_attack__seed47,47,dirichlet_a0.1,no_attack,c4_drift_aware
12,0.08245125412940979,3.027949333190918,2.038128931002575,4,1,1,1,False,c4_drift_aware__dirichlet_a0.1__no_attack__seed47,47,dirichlet_a0.1,no_attack,c4_drift_aware
13,0.08245125412940979,2.992361545562744,2.085327941000287,4,1,1,1,False,c4_drift_aware__dirichlet_a0.1__no_attack__seed47,47,dirichlet_a0.1,no_attack,c4_drift_aware
14,0.08245125412940979,3.0596046447753906,2.065525088000868,4,1,1,1,False,c4_drift_aware__dirichlet_a0.1__no_attack__seed47,47,dirichlet_a0.1,no_attack,c4_drift_aware
15,0.08245125412940979,2.9901373386383057,2.138592649000202,4,1,1,1,False,c4_drift_aware__dirichlet_a0.1__no_attack__seed47,47,dirichlet_a0.1,no_attack,c4_drift_aware
16,0.08245125412940979,3.039076089859009,2.0607290799998736,4,1,1,1,False,c4_drift_aware__dirichlet_a0.1__no_attack__seed47,47,dirichlet_a0.1,no_attack,c4_drift_aware
17,0.08245125412940979,2.99346661567688,2.0016751069997554,4,1,1,1,False,c4_drift_aware__dirichlet_a0.1__no_attack__seed47,47,dirichlet_a0.1,no_attack,c4_drift_aware
18,0.08245125412940979,2.985013484954834,1.9967154650003067,4,1,1,1,False,c4_drift_aware__dirichlet_a0.1__no_attack__seed47,47,dirichlet_a0.1,no_attack,c4_drift_aware
19,0.08245125412940979,3.04256272315979,2.036952405996999,4,1,1,1,False,c4_drift_aware__dirichlet_a0.1__no_attack__seed47,47,dirichlet_a0.1,no_attack,c4_drift_aware
20,0.08245125412940979,2.9587466716766357,2.0139084639995417,4,1,1,1,False,c4_drift_aware__dirichlet_a0.1__no_attack__seed47,47,dirichlet_a0.1,no_attack,c4_drift_aware
21,0.08245125412940979,2.9896280765533447,1.7923058209998999,4,1,1,1,False,c4_drift_aware__dirichlet_a0.1__no_attack__seed47,47,dirichlet_a0.1,no_attack,c4_drift_aware
22,0.08245125412940979,3.0624711513519287,2.085951536999346,4,1,1,1,False,c4_drift_aware__dirichlet_a0.1__no_attack__seed47,47,dirichlet_a0.1,no_attack,c4_drift_aware
23,0.08245125412940979,3.0320992469787598,2.1320022760010033,4,1,1,1,False,c4_drift_aware__dirichlet_a0.1__no_attack__seed47,47,dirichlet_a0.1,no_attack,c4_drift_aware
24,0.08245125412940979,3.085404396057129,2.009970736999094,4,1,1,1,False,c4_drift_aware__dirichlet_a0.1__no_attack__seed47,47,dirichlet_a0.1,no_attack,c4_drift_aware
0,0.23314763605594635,2.1931207180023193,2.094378568999673,5,0,1,0,False,c4_drift_aware__dirichlet_a0.1__large_norm__seed47,47,dirichlet_a0.1,large_norm,c4_drift_aware
1,0.08245125412940979,2.3216872215270996,2.094964677999087,5,0,1,0,False,c4_drift_aware__dirichlet_a0.1__large_norm__seed47,47,dirichlet_a0.1,large_norm,c4_drift_aware
2,0.11796657741069794,2.225700855255127,2.132047942999634,4,1,1,0,False,c4_drift_aware__dirichlet_a0.1__large_norm__seed47,47,dirichlet_a0.1,large_norm,c4_drift_aware
3,0.0821727067232132,2.4297947883605957,2.083480266999686,5,0,1,0,False,c4_drift_aware__dirichlet_a0.1__large_norm__seed47,47,dirichlet_a0.1,large_norm,c4_drift_aware
4,0.11796657741069794,2.245738983154297,2.1694146929985436,4,1,1,0,False,c4_drift_aware__dirichlet_a0.1__large_norm__seed47,47,dirichlet_a0.1,large_norm,c4_drift_aware
5,0.08245125412940979,2.4957053661346436,2.063102025000262,5,0,1,0,False,c4_drift_aware__dirichlet_a0.1__large_norm__seed47,47,dirichlet_a0.1,large_norm,c4_drift_aware
6,0.08245125412940979,2.5151681900024414,2.0825550299996394,5,0,1,0,False,c4_drift_aware__dirichlet_a0.1__large_norm__seed47,47,dirichlet_a0.1,large_norm,c4_drift_aware
7,0.08245125412940979,2.9238765239715576,2.102091401000507,4,1,1,0,False,c4_drift_aware__dirichlet_a0.1__large_norm__seed47,47,dirichlet_a0.1,large_norm,c4_drift_aware
8,0.08245125412940979,3.0271384716033936,2.0456181690024096,4,1,1,0,False,c4_drift_aware__dirichlet_a0.1__large_norm__seed47,47,dirichlet_a0.1,large_norm,c4_drift_aware
9,0.08245125412940979,3.0160672664642334,2.0259840420003457,4,1,1,0,False,c4_drift_aware__dirichlet_a0.1__large_norm__seed47,47,dirichlet_a0.1,large_norm,c4_drift_aware
10,0.1717270165681839,3.03910231590271,2.0976152299990645,2,3,1,1,False,c4_drift_aware__dirichlet_a0.1__large_norm__seed47,47,dirichlet_a0.1,large_norm,c4_drift_aware
11,0.08245125412940979,3.1300530433654785,2.0636035689967684,2,3,1,1,False,c4_drift_aware__dirichlet_a0.1__large_norm__seed47,47,dirichlet_a0.1,large_norm,c4_drift_aware
12,0.1717270165681839,3.1166586875915527,2.099394436001603,2,3,1,1,False,c4_drift_aware__dirichlet_a0.1__large_norm__seed47,47,dirichlet_a0.1,large_norm,c4_drift_aware
13,0.08245125412940979,3.060635566711426,2.0569998680002755,2,3,1,1,False,c4_drift_aware__dirichlet_a0.1__large_norm__seed47,47,dirichlet_a0.1,large_norm,c4_drift_aware
14,0.17089137434959412,3.079054832458496,2.0719317930015677,2,3,1,1,False,c4_drift_aware__dirichlet_a0.1__large_norm__seed47,47,dirichlet_a0.1,large_norm,c4_drift_aware
15,0.15069638192653656,3.1071274280548096,2.08803031899879,2,3,1,1,False,c4_drift_aware__dirichlet_a0.1__large_norm__seed47,47,dirichlet_a0.1,large_norm,c4_drift_aware
16,0.17075209319591522,3.135744571685791,2.143927196000732,2,3,1,1,False,c4_drift_aware__dirichlet_a0.1__large_norm__seed47,47,dirichlet_a0.1,large_norm,c4_drift_aware
17,0.08245125412940979,3.0189998149871826,2.1234715929967933,2,3,1,1,False,c4_drift_aware__dirichlet_a0.1__large_norm__seed47,47,dirichlet_a0.1,large_norm,c4_drift_aware
18,0.11796657741069794,3.7901198863983154,2.25194080700021,1,4,1,1,False,c4_drift_aware__dirichlet_a0.1__large_norm__seed47,47,dirichlet_a0.1,large_norm,c4_drift_aware
19,0.16142061352729797,3.9430363178253174,2.060612310000579,1,4,1,1,False,c4_drift_aware__dirichlet_a0.1__large_norm__seed47,47,dirichlet_a0.1,large_norm,c4_drift_aware
20,0.1458217352628708,4.058043003082275,2.1055634829972405,1,4,1,1,False,c4_drift_aware__dirichlet_a0.1__large_norm__seed47,47,dirichlet_a0.1,large_norm,c4_drift_aware
21,0.2050139307975769,4.108064651489258,2.06032882600266,1,4,1,1,False,c4_drift_aware__dirichlet_a0.1__large_norm__seed47,47,dirichlet_a0.1,large_norm,c4_drift_aware
22,0.23704735934734344,3.9692070484161377,2.0312449439988995,1,4,1,1,False,c4_drift_aware__dirichlet_a0.1__large_norm__seed47,47,dirichlet_a0.1,large_norm,c4_drift_aware
23,0.16462396085262299,3.199845790863037,2.058104222000111,2,3,1,1,False,c4_drift_aware__dirichlet_a0.1__large_norm__seed47,47,dirichlet_a0.1,large_norm,c4_drift_aware
24,0.11894150823354721,3.737597703933716,2.0776483439985896,1,4,1,1,False,c4_drift_aware__dirichlet_a0.1__large_norm__seed47,47,dirichlet_a0.1,large_norm,c4_drift_aware
0,0.23314763605594635,2.1931207180023193,2.048414608998428,5,0,1,0,False,c4_drift_aware__dirichlet_a0.1__directional_poisoning__seed47,47,dirichlet_a0.1,directional_poisoning,c4_drift_aware
1,0.08245125412940979,2.3217294216156006,2.0735874609999883,5,0,1,0,False,c4_drift_aware__dirichlet_a0.1__directional_poisoning__seed47,47,dirichlet_a0.1,directional_poisoning,c4_drift_aware
2,0.11796657741069794,2.225102663040161,2.0871572780015413,4,1,1,0,False,c4_drift_aware__dirichlet_a0.1__directional_poisoning__seed47,47,dirichlet_a0.1,directional_poisoning,c4_drift_aware
3,0.08231198042631149,2.4288318157196045,2.067300766000699,5,0,1,0,False,c4_drift_aware__dirichlet_a0.1__directional_poisoning__seed47,47,dirichlet_a0.1,directional_poisoning,c4_drift_aware
4,0.11796657741069794,2.2458441257476807,2.046156697000697,4,1,1,0,False,c4_drift_aware__dirichlet_a0.1__directional_poisoning__seed47,47,dirichlet_a0.1,directional_poisoning,c4_drift_aware
5,0.0821727067232132,2.4980061054229736,2.0874537989984674,5,0,1,0,False,c4_drift_aware__dirichlet_a0.1__directional_poisoning__seed47,47,dirichlet_a0.1,directional_poisoning,c4_drift_aware
6,0.08245125412940979,2.5151054859161377,2.046077262999461,5,0,1,0,False,c4_drift_aware__dirichlet_a0.1__directional_poisoning__seed47,47,dirichlet_a0.1,directional_poisoning,c4_drift_aware
7,0.08245125412940979,2.9249885082244873,2.0352554229975794,4,1,1,0,False,c4_drift_aware__dirichlet_a0.1__directional_poisoning__seed47,47,dirichlet_a0.1,directional_poisoning,c4_drift_aware
8,0.08245125412940979,3.0286495685577393,2.085044541003299,4,1,1,0,False,c4_drift_aware__dirichlet_a0.1__directional_poisoning__seed47,47,dirichlet_a0.1,directional_poisoning,c4_drift_aware
9,0.08245125412940979,3.0180482864379883,2.043243580003036,4,1,1,0,False,c4_drift_aware__dirichlet_a0.1__directional_poisoning__seed47,47,dirichlet_a0.1,directional_poisoning,c4_drift_aware
10,0.08245125412940979,3.9035086631774902,1.9955005519987026,4,1,1,1,False,c4_drift_aware__dirichlet_a0.1__directional_poisoning__seed47,47,dirichlet_a0.1,directional_poisoning,c4_drift_aware
11,0.059470754116773605,2.9303300380706787,2.0619495440005267,4,1,1,1,False,c4_drift_aware__dirichlet_a0.1__directional_poisoning__seed47,47,dirichlet_a0.1,directional_poisoning,c4_drift_aware
12,0.08830083906650543,2.489617347717285,2.0132372509979177,3,2,1,1,False,c4_drift_aware__dirichlet_a0.1__directional_poisoning__seed47,47,dirichlet_a0.1,directional_poisoning,c4_drift_aware
13,0.05863510072231293,2.9143383502960205,1.8202546300017275,3,2,1,1,False,c4_drift_aware__dirichlet_a0.1__directional_poisoning__seed47,47,dirichlet_a0.1,directional_poisoning,c4_drift_aware
14,0.05863510072231293,2.9112813472747803,2.043684221996955,4,1,1,1,False,c4_drift_aware__dirichlet_a0.1__directional_poisoning__seed47,47,dirichlet_a0.1,directional_poisoning,c4_drift_aware
15,0.05863510072231293,2.9239144325256348,2.075032598000689,4,1,1,1,False,c4_drift_aware__dirichlet_a0.1__directional_poisoning__seed47,47,dirichlet_a0.1,directional_poisoning,c4_drift_aware
16,0.05863510072231293,2.9217212200164795,2.0672075879992917,4,1,1,1,False,c4_drift_aware__dirichlet_a0.1__directional_poisoning__seed47,47,dirichlet_a0.1,directional_poisoning,c4_drift_aware
17,0.058774374425411224,2.835702419281006,2.0292989980007405,4,1,1,1,False,c4_drift_aware__dirichlet_a0.1__directional_poisoning__seed47,47,dirichlet_a0.1,directional_poisoning,c4_drift_aware
18,0.10766016691923141,2.4392497539520264,2.051152922998881,3,2,1,1,False,c4_drift_aware__dirichlet_a0.1__directional_poisoning__seed47,47,dirichlet_a0.1,directional_poisoning,c4_drift_aware
19,0.05863510072231293,2.9050474166870117,2.0365058700008376,3,2,1,1,False,c4_drift_aware__dirichlet_a0.1__directional_poisoning__seed47,47,dirichlet_a0.1,directional_poisoning,c4_drift_aware
20,0.05863510072231293,2.8579137325286865,2.1451306470007694,4,1,1,1,False,c4_drift_aware__dirichlet_a0.1__directional_poisoning__seed47,47,dirichlet_a0.1,directional_poisoning,c4_drift_aware
21,0.05863510072231293,2.8665530681610107,2.100679458999366,4,1,1,1,False,c4_drift_aware__dirichlet_a0.1__directional_poisoning__seed47,47,dirichlet_a0.1,directional_poisoning,c4_drift_aware
22,0.08245125412940979,2.8798203468322754,2.054884471999685,4,1,1,1,False,c4_drift_aware__dirichlet_a0.1__directional_poisoning__seed47,47,dirichlet_a0.1,directional_poisoning,c4_drift_aware
23,0.08871866762638092,2.467367649078369,2.0909827499999665,3,2,1,1,False,c4_drift_aware__dirichlet_a0.1__directional_poisoning__seed47,47,dirichlet_a0.1,directional_poisoning,c4_drift_aware
24,0.05863510072231293,2.908787488937378,2.0727033389994176,3,2,1,1,False,c4_drift_aware__dirichlet_a0.1__directional_poisoning__seed47,47,dirichlet_a0.1,directional_poisoning,c4_drift_aware
0,0.23314763605594635,2.1931207180023193,2.0437000780002563,5,0,1,0,False,c4_drift_aware__dirichlet_a0.1__sparse_coordinate_attack__seed47,47,dirichlet_a0.1,sparse_coordinate_attack,c4_drift_aware
1,0.08245125412940979,2.3217058181762695,2.066135746998043,5,0,1,0,False,c4_drift_aware__dirichlet_a0.1__sparse_coordinate_attack__seed47,47,dirichlet_a0.1,sparse_coordinate_attack,c4_drift_aware
2,0.11796657741069794,2.226228713989258,2.142743349002558,4,1,1,0,False,c4_drift_aware__dirichlet_a0.1__sparse_coordinate_attack__seed47,47,dirichlet_a0.1,sparse_coordinate_attack,c4_drift_aware
3,0.0821727067232132,2.427809953689575,2.1064235779995215,5,0,1,0,False,c4_drift_aware__dirichlet_a0.1__sparse_coordinate_attack__seed47,47,dirichlet_a0.1,sparse_coordinate_attack,c4_drift_aware
4,0.11796657741069794,2.245821475982666,2.0831174300001294,4,1,1,0,False,c4_drift_aware__dirichlet_a0.1__sparse_coordinate_attack__seed47,47,dirichlet_a0.1,sparse_coordinate_attack,c4_drift_aware
5,0.0821727067232132,2.4993913173675537,2.112719893997564,5,0,1,0,False,c4_drift_aware__dirichlet_a0.1__sparse_coordinate_attack__seed47,47,dirichlet_a0.1,sparse_coordinate_attack,c4_drift_aware
6,0.08245125412940979,2.5158088207244873,2.0583241730018926,5,0,1,0,False,c4_drift_aware__dirichlet_a0.1__sparse_coordinate_attack__seed47,47,dirichlet_a0.1,sparse_coordinate_attack,c4_drift_aware
7,0.08245125412940979,2.9262022972106934,2.0301566060006735,4,1,1,0,False,c4_drift_aware__dirichlet_a0.1__sparse_coordinate_attack__seed47,47,dirichlet_a0.1,sparse_coordinate_attack,c4_drift_aware
8,0.08245125412940979,3.024653911590576,1.8111535130010452,4,1,1,0,False,c4_drift_aware__dirichlet_a0.1__sparse_coordinate_attack__seed47,47,dirichlet_a0.1,sparse_coordinate_attack,c4_drift_aware
9,0.08245125412940979,3.017293691635132,2.045669513001485,4,1,1,0,False,c4_drift_aware__dirichlet_a0.1__sparse_coordinate_attack__seed47,47,dirichlet_a0.1,sparse_coordinate_attack,c4_drift_aware
10,0.05891365185379982,2.8050284385681152,2.091637116001948,4,1,1,1,False,c4_drift_aware__dirichlet_a0.1__sparse_coordinate_attack__seed47,47,dirichlet_a0.1,sparse_coordinate_attack,c4_drift_aware
11,0.10710306465625763,2.478285551071167,2.092923072999838,3,2,1,1,False,c4_drift_aware__dirichlet_a0.1__sparse_coordinate_attack__seed47,47,dirichlet_a0.1,sparse_coordinate_attack,c4_drift_aware
12,0.05863510072231293,2.794891357421875,2.076675737000187,3,2,1,1,False,c4_drift_aware__dirichlet_a0.1__sparse_coordinate_attack__seed47,47,dirichlet_a0.1,sparse_coordinate_attack,c4_drift_aware
13,0.10724234580993652,2.394223928451538,2.0664901210002427,3,2,1,1,False,c4_drift_aware__dirichlet_a0.1__sparse_coordinate_attack__seed47,47,dirichlet_a0.1,sparse_coordinate_attack,c4_drift_aware
14,0.05863510072231293,2.825956106185913,2.058974086001399,3,2,1,1,False,c4_drift_aware__dirichlet_a0.1__sparse_coordinate_attack__seed47,47,dirichlet_a0.1,sparse_coordinate_attack,c4_drift_aware
15,0.09568245708942413,2.4035675525665283,2.046874650000973,3,2,1,1,False,c4_drift_aware__dirichlet_a0.1__sparse_coordinate_attack__seed47,47,dirichlet_a0.1,sparse_coordinate_attack,c4_drift_aware
16,0.05863510072231293,2.879981756210327,2.026547607001703,3,2,1,1,False,c4_drift_aware__dirichlet_a0.1__sparse_coordinate_attack__seed47,47,dirichlet_a0.1,sparse_coordinate_attack,c4_drift_aware
17,0.0967966616153717,2.4010009765625,2.049767962998885,3,2,1,1,False,c4_drift_aware__dirichlet_a0.1__sparse_coordinate_attack__seed47,47,dirichlet_a0.1,sparse_coordinate_attack,c4_drift_aware
18,0.05863510072231293,2.8496620655059814,2.0536414300004253,3,2,1,1,False,c4_drift_aware__dirichlet_a0.1__sparse_coordinate_attack__seed47,47,dirichlet_a0.1,sparse_coordinate_attack,c4_drift_aware
19,0.08857938647270203,2.40891170501709,2.0490631319989916,3,2,1,1,False,c4_drift_aware__dirichlet_a0.1__sparse_coordinate_attack__seed47,47,dirichlet_a0.1,sparse_coordinate_attack,c4_drift_aware
20,0.05863510072231293,2.8488221168518066,1.8495616840009461,3,2,1,1,False,c4_drift_aware__dirichlet_a0.1__sparse_coordinate_attack__seed47,47,dirichlet_a0.1,sparse_coordinate_attack,c4_drift_aware
21,0.08913649618625641,2.392479181289673,2.0374179799982812,3,2,1,1,False,c4_drift_aware__dirichlet_a0.1__sparse_coordinate_attack__seed47,47,dirichlet_a0.1,sparse_coordinate_attack,c4_drift_aware
22,0.08036211878061295,2.868913412094116,2.0675834409994422,4,1,1,1,False,c4_drift_aware__dirichlet_a0.1__sparse_coordinate_attack__seed47,47,dirichlet_a0.1,sparse_coordinate_attack,c4_drift_aware
23,0.10264623910188675,2.423954963684082,2.0505813529998704,3,2,1,1,False,c4_drift_aware__dirichlet_a0.1__sparse_coordinate_attack__seed47,47,dirichlet_a0.1,sparse_coordinate_attack,c4_drift_aware
24,0.08245125412940979,2.7908692359924316,2.081539934999455,4,1,1,1,False,c4_drift_aware__dirichlet_a0.1__sparse_coordinate_attack__seed47,47,dirichlet_a0.1,sparse_coordinate_attack,c4_drift_aware
0,0.23314763605594635,2.1931207180023193,2.0864380490020267,5,0,1,0,False,c4_drift_aware__dirichlet_a0.1__full_sign_flip__seed47,47,dirichlet_a0.1,full_sign_flip,c4_drift_aware
1,0.08245125412940979,2.321693181991577,2.0694380860004458,5,0,1,0,False,c4_drift_aware__dirichlet_a0.1__full_sign_flip__seed47,47,dirichlet_a0.1,full_sign_flip,c4_drift_aware
2,0.11796657741069794,2.2255213260650635,2.1248439910013985,4,1,1,0,False,c4_drift_aware__dirichlet_a0.1__full_sign_flip__seed47,47,dirichlet_a0.1,full_sign_flip,c4_drift_aware
3,0.0821727067232132,2.430387496948242,2.1456016120027925,5,0,1,0,False,c4_drift_aware__dirichlet_a0.1__full_sign_flip__seed47,47,dirichlet_a0.1,full_sign_flip,c4_drift_aware
4,0.11796657741069794,2.2459921836853027,2.059781739997561,4,1,1,0,False,c4_drift_aware__dirichlet_a0.1__full_sign_flip__seed47,47,dirichlet_a0.1,full_sign_flip,c4_drift_aware
5,0.08245125412940979,2.4968857765197754,1.9747901660011848,5,0,1,0,False,c4_drift_aware__dirichlet_a0.1__full_sign_flip__seed47,47,dirichlet_a0.1,full_sign_flip,c4_drift_aware
6,0.08245125412940979,2.514059066772461,2.0896434410024085,5,0,1,0,False,c4_drift_aware__dirichlet_a0.1__full_sign_flip__seed47,47,dirichlet_a0.1,full_sign_flip,c4_drift_aware
7,0.08245125412940979,2.924497127532959,1.9123785629999475,4,1,1,0,False,c4_drift_aware__dirichlet_a0.1__full_sign_flip__seed47,47,dirichlet_a0.1,full_sign_flip,c4_drift_aware
8,0.08245125412940979,3.0252904891967773,2.10889008400045,4,1,1,0,False,c4_drift_aware__dirichlet_a0.1__full_sign_flip__seed47,47,dirichlet_a0.1,full_sign_flip,c4_drift_aware
9,0.08245125412940979,3.0166103839874268,2.0215410300006624,4,1,1,0,False,c4_drift_aware__dirichlet_a0.1__full_sign_flip__seed47,47,dirichlet_a0.1,full_sign_flip,c4_drift_aware
10,0.08245125412940979,3.904614210128784,2.0237253330014937,4,1,1,1,False,c4_drift_aware__dirichlet_a0.1__full_sign_flip__seed47,47,dirichlet_a0.1,full_sign_flip,c4_drift_aware
11,0.059470754116773605,2.929985523223877,2.079957303998526,4,1,1,1,False,c4_drift_aware__dirichlet_a0.1__full_sign_flip__seed47,47,dirichlet_a0.1,full_sign_flip,c4_drift_aware
12,0.08830083906650543,2.4904613494873047,2.0699030949981534,3,2,1,1,False,c4_drift_aware__dirichlet_a0.1__full_sign_flip__seed47,47,dirichlet_a0.1,full_sign_flip,c4_drift_aware
13,0.05863510072231293,2.9093124866485596,2.0151358190014435,3,2,1,1,False,c4_drift_aware__dirichlet_a0.1__full_sign_flip__seed47,47,dirichlet_a0.1,full_sign_flip,c4_drift_aware
14,0.05863510072231293,2.9115169048309326,2.065264307999314,4,1,1,1,False,c4_drift_aware__dirichlet_a0.1__full_sign_flip__seed47,47,dirichlet_a0.1,full_sign_flip,c4_drift_aware
15,0.05863510072231293,2.9285526275634766,2.1392838719984866,4,1,1,1,False,c4_drift_aware__dirichlet_a0.1__full_sign_flip__seed47,47,dirichlet_a0.1,full_sign_flip,c4_drift_aware
16,0.05863510072231293,2.92411732673645,2.095342991000507,4,1,1,1,False,c4_drift_aware__dirichlet_a0.1__full_sign_flip__seed47,47,dirichlet_a0.1,full_sign_flip,c4_drift_aware
17,0.05891365185379982,2.839691400527954,2.1598734880026313,4,1,1,1,False,c4_drift_aware__dirichlet_a0.1__full_sign_flip__seed47,47,dirichlet_a0.1,full_sign_flip,c4_drift_aware
18,0.10640668869018555,2.438577651977539,2.136063557001762,3,2,1,1,False,c4_drift_aware__dirichlet_a0.1__full_sign_flip__seed47,47,dirichlet_a0.1,full_sign_flip,c4_drift_aware
19,0.05863510072231293,2.9056177139282227,2.083481183999538,3,2,1,1,False,c4_drift_aware__dirichlet_a0.1__full_sign_flip__seed47,47,dirichlet_a0.1,full_sign_flip,c4_drift_aware
20,0.05863510072231293,2.8556461334228516,2.062219612998888,4,1,1,1,False,c4_drift_aware__dirichlet_a0.1__full_sign_flip__seed47,47,dirichlet_a0.1,full_sign_flip,c4_drift_aware
21,0.05863510072231293,2.870434522628784,2.0693251919983595,4,1,1,1,False,c4_drift_aware__dirichlet_a0.1__full_sign_flip__seed47,47,dirichlet_a0.1,full_sign_flip,c4_drift_aware
22,0.08245125412940979,2.8776164054870605,2.1371590689996083,4,1,1,1,False,c4_drift_aware__dirichlet_a0.1__full_sign_flip__seed47,47,dirichlet_a0.1,full_sign_flip,c4_drift_aware
23,0.08857938647270203,2.4681942462921143,2.048938020001515,3,2,1,1,False,c4_drift_aware__dirichlet_a0.1__full_sign_flip__seed47,47,dirichlet_a0.1,full_sign_flip,c4_drift_aware
24,0.05863510072231293,2.9140281677246094,2.079141318001348,3,2,1,1,False,c4_drift_aware__dirichlet_a0.1__full_sign_flip__seed47,47,dirichlet_a0.1,full_sign_flip,c4_drift_aware
0,0.23314763605594635,2.1931207180023193,2.1748795859966776,5,0,1,0,False,c4_drift_aware__dirichlet_a0.1__low_norm__seed47,47,dirichlet_a0.1,low_norm,c4_drift_aware
1,0.08245125412940979,2.3217058181762695,2.1721212089978508,5,0,1,0,False,c4_drift_aware__dirichlet_a0.1__low_norm__seed47,47,dirichlet_a0.1,low_norm,c4_drift_aware
2,0.11796657741069794,2.225661516189575,2.0495885650016135,4,1,1,0,False,c4_drift_aware__dirichlet_a0.1__low_norm__seed47,47,dirichlet_a0.1,low_norm,c4_drift_aware
3,0.08245125412940979,2.4292635917663574,2.0787549359993136,5,0,1,0,False,c4_drift_aware__dirichlet_a0.1__low_norm__seed47,47,dirichlet_a0.1,low_norm,c4_drift_aware
4,0.11796657741069794,2.245774984359741,2.0814821499989193,4,1,1,0,False,c4_drift_aware__dirichlet_a0.1__low_norm__seed47,47,dirichlet_a0.1,low_norm,c4_drift_aware
5,0.08245125412940979,2.4966495037078857,2.0857353339997644,5,0,1,0,False,c4_drift_aware__dirichlet_a0.1__low_norm__seed47,47,dirichlet_a0.1,low_norm,c4_drift_aware
6,0.08245125412940979,2.513939619064331,2.0462810159988294,5,0,1,0,False,c4_drift_aware__dirichlet_a0.1__low_norm__seed47,47,dirichlet_a0.1,low_norm,c4_drift_aware
7,0.08245125412940979,2.9245572090148926,2.0876108029988245,4,1,1,0,False,c4_drift_aware__dirichlet_a0.1__low_norm__seed47,47,dirichlet_a0.1,low_norm,c4_drift_aware
8,0.08245125412940979,3.0305557250976562,2.083996230001503,4,1,1,0,False,c4_drift_aware__dirichlet_a0.1__low_norm__seed47,47,dirichlet_a0.1,low_norm,c4_drift_aware
9,0.08245125412940979,3.0159027576446533,2.1178698540024925,4,1,1,0,False,c4_drift_aware__dirichlet_a0.1__low_norm__seed47,47,dirichlet_a0.1,low_norm,c4_drift_aware
10,0.08245125412940979,2.8104419708251953,2.103878057001566,5,0,1,1,False,c4_drift_aware__dirichlet_a0.1__low_norm__seed47,47,dirichlet_a0.1,low_norm,c4_drift_aware
11,0.08259052783250809,2.4585514068603516,1.8421365110007173,4,1,1,1,False,c4_drift_aware__dirichlet_a0.1__low_norm__seed47,47,dirichlet_a0.1,low_norm,c4_drift_aware
12,0.05863510072231293,2.6720409393310547,2.045557290999568,4,1,1,1,False,c4_drift_aware__dirichlet_a0.1__low_norm__seed47,47,dirichlet_a0.1,low_norm,c4_drift_aware
13,0.08412256836891174,2.4582643508911133,2.0929141249980603,4,1,1,1,False,c4_drift_aware__dirichlet_a0.1__low_norm__seed47,47,dirichlet_a0.1,low_norm,c4_drift_aware
14,0.05863510072231293,2.7070162296295166,2.1499814559974766,4,1,1,1,False,c4_drift_aware__dirichlet_a0.1__low_norm__seed47,47,dirichlet_a0.1,low_norm,c4_drift_aware
15,0.07200556993484497,2.4492475986480713,2.0661019059989485,4,1,1,1,False,c4_drift_aware__dirichlet_a0.1__low_norm__seed47,47,dirichlet_a0.1,low_norm,c4_drift_aware
16,0.05863510072231293,2.741865396499634,2.1856436260022747,4,1,1,1,False,c4_drift_aware__dirichlet_a0.1__low_norm__seed47,47,dirichlet_a0.1,low_norm,c4_drift_aware
17,0.08467967063188553,2.430389642715454,2.1335979879986553,4,1,1,1,False,c4_drift_aware__dirichlet_a0.1__low_norm__seed47,47,dirichlet_a0.1,low_norm,c4_drift_aware
18,0.05863510072231293,2.6949801445007324,2.1287734000034106,4,1,1,1,False,c4_drift_aware__dirichlet_a0.1__low_norm__seed47,47,dirichlet_a0.1,low_norm,c4_drift_aware
19,0.05891365185379982,2.4478554725646973,2.079299846998765,4,1,1,1,False,c4_drift_aware__dirichlet_a0.1__low_norm__seed47,47,dirichlet_a0.1,low_norm,c4_drift_aware
20,0.05863510072231293,2.6750097274780273,2.106681989000208,5,0,1,1,False,c4_drift_aware__dirichlet_a0.1__low_norm__seed47,47,dirichlet_a0.1,low_norm,c4_drift_aware
21,0.0785515308380127,2.4483046531677246,2.0874211480004305,4,1,1,1,False,c4_drift_aware__dirichlet_a0.1__low_norm__seed47,47,dirichlet_a0.1,low_norm,c4_drift_aware
22,0.05863510072231293,2.699892044067383,1.860542581001937,4,1,1,1,False,c4_drift_aware__dirichlet_a0.1__low_norm__seed47,47,dirichlet_a0.1,low_norm,c4_drift_aware
23,0.0707520917057991,2.4448556900024414,2.046767332001764,4,1,1,1,False,c4_drift_aware__dirichlet_a0.1__low_norm__seed47,47,dirichlet_a0.1,low_norm,c4_drift_aware
24,0.05905292555689812,2.739546060562134,2.055675847001112,5,0,1,1,False,c4_drift_aware__dirichlet_a0.1__low_norm__seed47,47,dirichlet_a0.1,low_norm,c4_drift_aware
0,0.08830083906650543,2.1734437942504883,2.1282216260005953,5,0,1,0,False,c4_drift_aware__dirichlet_a0.1__no_attack__seed48,48,dirichlet_a0.1,no_attack,c4_drift_aware
1,0.1863509863615036,2.1629481315612793,1.8759260840015486,5,0,1,0,False,c4_drift_aware__dirichlet_a0.1__no_attack__seed48,48,dirichlet_a0.1,no_attack,c4_drift_aware
2,0.1863509863615036,2.1747355461120605,2.0753219879989047,5,0,1,0,False,c4_drift_aware__dirichlet_a0.1__no_attack__seed48,48,dirichlet_a0.1,no_attack,c4_drift_aware
3,0.1863509863615036,2.1663246154785156,2.0990877420008474,5,0,1,0,False,c4_drift_aware__dirichlet_a0.1__no_attack__seed48,48,dirichlet_a0.1,no_attack,c4_drift_aware
4,0.1863509863615036,2.164813995361328,2.1044188470004883,5,0,1,0,False,c4_drift_aware__dirichlet_a0.1__no_attack__seed48,48,dirichlet_a0.1,no_attack,c4_drift_aware
5,0.1863509863615036,2.177767038345337,2.083472043999791,5,0,1,0,False,c4_drift_aware__dirichlet_a0.1__no_attack__seed48,48,dirichlet_a0.1,no_attack,c4_drift_aware
6,0.1863509863615036,2.1683080196380615,2.1111568710002757,5,0,1,0,False,c4_drift_aware__dirichlet_a0.1__no_attack__seed48,48,dirichlet_a0.1,no_attack,c4_drift_aware
7,0.1863509863615036,2.1725211143493652,2.0869062110032246,5,0,1,0,False,c4_drift_aware__dirichlet_a0.1__no_attack__seed48,48,dirichlet_a0.1,no_attack,c4_drift_aware
8,0.1863509863615036,2.152644634246826,2.160337639001227,5,0,1,0,False,c4_drift_aware__dirichlet_a0.1__no_attack__seed48,48,dirichlet_a0.1,no_attack,c4_drift_aware
9,0.1864902526140213,2.1606967449188232,2.093291514000157,5,0,1,0,False,c4_drift_aware__dirichlet_a0.1__no_attack__seed48,48,dirichlet_a0.1,no_attack,c4_drift_aware
10,0.25515320897102356,2.13106369972229,2.075383638999483,5,0,1,1,False,c4_drift_aware__dirichlet_a0.1__no_attack__seed48,48,dirichlet_a0.1,no_attack,c4_drift_aware
11,0.1863509863615036,2.1208934783935547,2.0764285440018284,5,0,1,1,False,c4_drift_aware__dirichlet_a0.1__no_attack__seed48,48,dirichlet_a0.1,no_attack,c4_drift_aware
12,0.19442898035049438,2.111236333847046,2.0836626420023094,5,0,1,1,False,c4_drift_aware__dirichlet_a0.1__no_attack__seed48,48,dirichlet_a0.1,no_attack,c4_drift_aware
13,0.26601672172546387,2.0782527923583984,2.0400841609989584,5,0,1,1,False,c4_drift_aware__dirichlet_a0.1__no_attack__seed48,48,dirichlet_a0.1,no_attack,c4_drift_aware
14,0.25863510370254517,2.0659704208374023,2.051135832,5,0,1,1,False,c4_drift_aware__dirichlet_a0.1__no_attack__seed48,48,dirichlet_a0.1,no_attack,c4_drift_aware
15,0.14289693534374237,2.2779009342193604,2.0823094780025713,4,1,1,1,False,c4_drift_aware__dirichlet_a0.1__no_attack__seed48,48,dirichlet_a0.1,no_attack,c4_drift_aware
16,0.28091922402381897,2.2411928176879883,2.116745244999038,4,1,1,1,False,c4_drift_aware__dirichlet_a0.1__no_attack__seed48,48,dirichlet_a0.1,no_attack,c4_drift_aware
17,0.1862117052078247,2.1846415996551514,2.078349329000048,4,1,1,1,False,c4_drift_aware__dirichlet_a0.1__no_attack__seed48,48,dirichlet_a0.1,no_attack,c4_drift_aware
18,0.2604456841945648,2.1846730709075928,2.0397760740015656,4,1,1,1,False,c4_drift_aware__dirichlet_a0.1__no_attack__seed48,48,dirichlet_a0.1,no_attack,c4_drift_aware
19,0.24401114881038666,2.135702133178711,2.0105333930005145,4,1,1,1,False,c4_drift_aware__dirichlet_a0.1__no_attack__seed48,48,dirichlet_a0.1,no_attack,c4_drift_aware
20,0.36044567823410034,2.0930254459381104,2.0500259330001427,4,1,1,1,False,c4_drift_aware__dirichlet_a0.1__no_attack__seed48,48,dirichlet_a0.1,no_attack,c4_drift_aware
21,0.17298050224781036,2.127927780151367,2.0841722069999378,4,1,1,1,False,c4_drift_aware__dirichlet_a0.1__no_attack__seed48,48,dirichlet_a0.1,no_attack,c4_drift_aware
22,0.20752090215682983,2.1256399154663086,2.043077889000415,4,1,1,1,False,c4_drift_aware__dirichlet_a0.1__no_attack__seed48,48,dirichlet_a0.1,no_attack,c4_drift_aware
23,0.22869081795215607,2.128520965576172,2.014860266001051,4,1,1,1,False,c4_drift_aware__dirichlet_a0.1__no_attack__seed48,48,dirichlet_a0.1,no_attack,c4_drift_aware
24,0.3575209081172943,2.0628225803375244,2.0513640829994984,4,1,1,1,False,c4_drift_aware__dirichlet_a0.1__no_attack__seed48,48,dirichlet_a0.1,no_attack,c4_drift_aware
0,0.08830083906650543,2.1734437942504883,2.0297193820006214,5,0,1,0,False,c4_drift_aware__dirichlet_a0.1__large_norm__seed48,48,dirichlet_a0.1,large_norm,c4_drift_aware
1,0.1863509863615036,2.1629481315612793,2.0681436949998897,5,0,1,0,False,c4_drift_aware__dirichlet_a0.1__large_norm__seed48,48,dirichlet_a0.1,large_norm,c4_drift_aware
2,0.1863509863615036,2.174734354019165,1.8610763409997162,5,0,1,0,False,c4_drift_aware__dirichlet_a0.1__large_norm__seed48,48,dirichlet_a0.1,large_norm,c4_drift_aware
3,0.1863509863615036,2.1663432121276855,1.829685527998663,5,0,1,0,False,c4_drift_aware__dirichlet_a0.1__large_norm__seed48,48,dirichlet_a0.1,large_norm,c4_drift_aware
4,0.1863509863615036,2.164794445037842,2.062673589996848,5,0,1,0,False,c4_drift_aware__dirichlet_a0.1__large_norm__seed48,48,dirichlet_a0.1,large_norm,c4_drift_aware
5,0.1863509863615036,2.177159547805786,2.1182493240012263,5,0,1,0,False,c4_drift_aware__dirichlet_a0.1__large_norm__seed48,48,dirichlet_a0.1,large_norm,c4_drift_aware
6,0.1863509863615036,2.16788911819458,2.1238835789990844,5,0,1,0,False,c4_drift_aware__dirichlet_a0.1__large_norm__seed48,48,dirichlet_a0.1,large_norm,c4_drift_aware
7,0.1863509863615036,2.172064781188965,2.0547821879990806,5,0,1,0,False,c4_drift_aware__dirichlet_a0.1__large_norm__seed48,48,dirichlet_a0.1,large_norm,c4_drift_aware
8,0.1863509863615036,2.1524834632873535,2.047847047000687,5,0,1,0,False,c4_drift_aware__dirichlet_a0.1__large_norm__seed48,48,dirichlet_a0.1,large_norm,c4_drift_aware
9,0.1864902526140213,2.161595582962036,2.0274511969982996,5,0,1,0,False,c4_drift_aware__dirichlet_a0.1__large_norm__seed48,48,dirichlet_a0.1,large_norm,c4_drift_aware
10,0.11796657741069794,3.150434732437134,2.016780188998382,2,3,1,1,False,c4_drift_aware__dirichlet_a0.1__large_norm__seed48,48,dirichlet_a0.1,large_norm,c4_drift_aware
11,0.1863509863615036,2.129610538482666,2.0444078569998965,4,1,1,1,False,c4_drift_aware__dirichlet_a0.1__large_norm__seed48,48,dirichlet_a0.1,large_norm,c4_drift_aware
12,0.11796657741069794,2.937612533569336,2.1121659130003536,2,3,1,1,False,c4_drift_aware__dirichlet_a0.1__large_norm__seed48,48,dirichlet_a0.1,large_norm,c4_drift_aware
13,0.25515320897102356,2.098520517349243,2.0975310950016137,4,1,1,1,False,c4_drift_aware__dirichlet_a0.1__large_norm__seed48,48,dirichlet_a0.1,large_norm,c4_drift_aware
14,0.30431756377220154,2.430914878845215,2.085350061999634,3,2,1,1,False,c4_drift_aware__dirichlet_a0.1__large_norm__seed48,48,dirichlet_a0.1,large_norm,c4_drift_aware
15,0.30445683002471924,1.9995944499969482,1.8276027600004454,4,1,1,1,False,c4_drift_aware__dirichlet_a0.1__large_norm__seed48,48,dirichlet_a0.1,large_norm,c4_drift_aware
16,0.3130919337272644,2.2917680740356445,2.0977507720017456,3,2,1,1,False,c4_drift_aware__dirichlet_a0.1__large_norm__seed48,48,dirichlet_a0.1,large_norm,c4_drift_aware
17,0.33384400606155396,1.9227910041809082,2.063823982000031,4,1,1,1,False,c4_drift_aware__dirichlet_a0.1__large_norm__seed48,48,dirichlet_a0.1,large_norm,c4_drift_aware
18,0.35222843289375305,2.2588348388671875,2.0716327330010245,3,2,1,1,False,c4_drift_aware__dirichlet_a0.1__large_norm__seed48,48,dirichlet_a0.1,large_norm,c4_drift_aware
19,0.4261838495731354,1.8956228494644165,2.0230340890011576,3,2,1,1,False,c4_drift_aware__dirichlet_a0.1__large_norm__seed48,48,dirichlet_a0.1,large_norm,c4_drift_aware
20,0.30445683002471924,2.264024257659912,2.0584333070000866,3,2,1,1,False,c4_drift_aware__dirichlet_a0.1__large_norm__seed48,48,dirichlet_a0.1,large_norm,c4_drift_aware
21,0.36434540152549744,1.8443230390548706,2.0816193360005855,4,1,1,1,False,c4_drift_aware__dirichlet_a0.1__large_norm__seed48,48,dirichlet_a0.1,large_norm,c4_drift_aware
22,0.3440111577510834,1.8460798263549805,2.0855211630005215,4,1,1,1,False,c4_drift_aware__dirichlet_a0.1__large_norm__seed48,48,dirichlet_a0.1,large_norm,c4_drift_aware
23,0.3614206314086914,1.8304322957992554,2.1181609380000737,4,1,1,1,False,c4_drift_aware__dirichlet_a0.1__large_norm__seed48,48,dirichlet_a0.1,large_norm,c4_drift_aware
24,0.3497214615345001,1.8418382406234741,2.099387193000439,4,1,1,1,False,c4_drift_aware__dirichlet_a0.1__large_norm__seed48,48,dirichlet_a0.1,large_norm,c4_drift_aware
0,0.08830083906650543,2.1734437942504883,2.122430645998975,5,0,1,0,False,c4_drift_aware__dirichlet_a0.1__directional_poisoning__seed48,48,dirichlet_a0.1,directional_poisoning,c4_drift_aware
1,0.1863509863615036,2.1629478931427,2.1525443230020755,5,0,1,0,False,c4_drift_aware__dirichlet_a0.1__directional_poisoning__seed48,48,dirichlet_a0.1,directional_poisoning,c4_drift_aware
2,0.1863509863615036,2.174663782119751,2.1266835290007293,5,0,1,0,False,c4_drift_aware__dirichlet_a0.1__directional_poisoning__seed48,48,dirichlet_a0.1,directional_poisoning,c4_drift_aware
3,0.1863509863615036,2.1660842895507812,2.0510683669999707,5,0,1,0,False,c4_drift_aware__dirichlet_a0.1__directional_poisoning__seed48,48,dirichlet_a0.1,directional_poisoning,c4_drift_aware
4,0.1863509863615036,2.1647725105285645,2.0687897819989303,5,0,1,0,False,c4_drift_aware__dirichlet_a0.1__directional_poisoning__seed48,48,dirichlet_a0.1,directional_poisoning,c4_drift_aware
5,0.1863509863615036,2.1774723529815674,2.0808825439999055,5,0,1,0,False,c4_drift_aware__dirichlet_a0.1__directional_poisoning__seed48,48,dirichlet_a0.1,directional_poisoning,c4_drift_aware
6,0.1863509863615036,2.167837381362915,2.0939849419992242,5,0,1,0,False,c4_drift_aware__dirichlet_a0.1__directional_poisoning__seed48,48,dirichlet_a0.1,directional_poisoning,c4_drift_aware
7,0.1863509863615036,2.1722679138183594,2.099954303997947,5,0,1,0,False,c4_drift_aware__dirichlet_a0.1__directional_poisoning__seed48,48,dirichlet_a0.1,directional_poisoning,c4_drift_aware
8,0.1863509863615036,2.152297258377075,2.070279687999573,5,0,1,0,False,c4_drift_aware__dirichlet_a0.1__directional_poisoning__seed48,48,dirichlet_a0.1,directional_poisoning,c4_drift_aware
9,0.1864902526140213,2.160822629928589,1.9122429600029136,5,0,1,0,False,c4_drift_aware__dirichlet_a0.1__directional_poisoning__seed48,48,dirichlet_a0.1,directional_poisoning,c4_drift_aware
10,0.1864902526140213,2.2391855716705322,2.1107033560001582,5,0,1,1,False,c4_drift_aware__dirichlet_a0.1__directional_poisoning__seed48,48,dirichlet_a0.1,directional_poisoning,c4_drift_aware
11,0.1866295337677002,2.1392924785614014,2.1236374369982514,4,1,1,1,False,c4_drift_aware__dirichlet_a0.1__directional_poisoning__seed48,48,dirichlet_a0.1,directional_poisoning,c4_drift_aware
12,0.19707521796226501,2.1290578842163086,2.068043219998799,4,1,1,1,False,c4_drift_aware__dirichlet_a0.1__directional_poisoning__seed48,48,dirichlet_a0.1,directional_poisoning,c4_drift_aware
13,0.2912256419658661,2.0659608840942383,2.032473407998623,4,1,1,1,False,c4_drift_aware__dirichlet_a0.1__directional_poisoning__seed48,48,dirichlet_a0.1,directional_poisoning,c4_drift_aware
14,0.2605849504470825,2.0606956481933594,2.043962317999103,4,1,1,1,False,c4_drift_aware__dirichlet_a0.1__directional_poisoning__seed48,48,dirichlet_a0.1,directional_poisoning,c4_drift_aware
15,0.3065459728240967,1.9958921670913696,2.0449846139999863,4,1,1,1,False,c4_drift_aware__dirichlet_a0.1__directional_poisoning__seed48,48,dirichlet_a0.1,directional_poisoning,c4_drift_aware
16,0.32214486598968506,2.1124463081359863,2.0242618449992733,5,0,1,1,False,c4_drift_aware__dirichlet_a0.1__directional_poisoning__seed48,48,dirichlet_a0.1,directional_poisoning,c4_drift_aware
17,0.31183844804763794,1.9468120336532593,2.1249142350025068,4,1,1,1,False,c4_drift_aware__dirichlet_a0.1__directional_poisoning__seed48,48,dirichlet_a0.1,directional_poisoning,c4_drift_aware
18,0.31838440895080566,2.08461594581604,2.0857989709984395,5,0,1,1,False,c4_drift_aware__dirichlet_a0.1__directional_poisoning__seed48,48,dirichlet_a0.1,directional_poisoning,c4_drift_aware
19,0.3459610044956207,1.8956025838851929,2.1703405830012343,4,1,1,1,False,c4_drift_aware__dirichlet_a0.1__directional_poisoning__seed48,48,dirichlet_a0.1,directional_poisoning,c4_drift_aware
20,0.3249303698539734,2.0393362045288086,2.076385817999835,5,0,1,1,False,c4_drift_aware__dirichlet_a0.1__directional_poisoning__seed48,48,dirichlet_a0.1,directional_poisoning,c4_drift_aware
21,0.35181060433387756,1.875747799873352,2.04095679600141,4,1,1,1,False,c4_drift_aware__dirichlet_a0.1__directional_poisoning__seed48,48,dirichlet_a0.1,directional_poisoning,c4_drift_aware
22,0.37548747658729553,1.81538724899292,2.122244772999693,4,1,1,1,False,c4_drift_aware__dirichlet_a0.1__directional_poisoning__seed48,48,dirichlet_a0.1,directional_poisoning,c4_drift_aware
23,0.3766016662120819,1.945697546005249,2.0829495359976136,5,0,1,1,False,c4_drift_aware__dirichlet_a0.1__directional_poisoning__seed48,48,dirichlet_a0.1,directional_poisoning,c4_drift_aware
24,0.34108635783195496,1.8528395891189575,2.030167627002811,4,1,1,1,False,c4_drift_aware__dirichlet_a0.1__directional_poisoning__seed48,48,dirichlet_a0.1,directional_poisoning,c4_drift_aware
0,0.08830083906650543,2.1734437942504883,2.0332222190008906,5,0,1,0,False,c4_drift_aware__dirichlet_a0.1__sparse_coordinate_attack__seed48,48,dirichlet_a0.1,sparse_coordinate_attack,c4_drift_aware
1,0.1863509863615036,2.162949562072754,2.0274015569993935,5,0,1,0,False,c4_drift_aware__dirichlet_a0.1__sparse_coordinate_attack__seed48,48,dirichlet_a0.1,sparse_coordinate_attack,c4_drift_aware
2,0.1863509863615036,2.1746628284454346,2.1284837549974327,5,0,1,0,False,c4_drift_aware__dirichlet_a0.1__sparse_coordinate_attack__seed48,48,dirichlet_a0.1,sparse_coordinate_attack,c4_drift_aware
3,0.1863509863615036,2.1662278175354004,2.0753411229998164,5,0,1,0,False,c4_drift_aware__dirichlet_a0.1__sparse_coordinate_attack__seed48,48,dirichlet_a0.1,sparse_coordinate_attack,c4_drift_aware
4,0.1863509863615036,2.16479754447937,2.0941053130009095,5,0,1,0,False,c4_drift_aware__dirichlet_a0.1__sparse_coordinate_attack__seed48,48,dirichlet_a0.1,sparse_coordinate_attack,c4_drift_aware
5,0.1863509863615036,2.1770248413085938,2.0552212959992175,5,0,1,0,False,c4_drift_aware__dirichlet_a0.1__sparse_coordinate_attack__seed48,48,dirichlet_a0.1,sparse_coordinate_attack,c4_drift_aware
6,0.1863509863615036,2.1681666374206543,2.034668980999413,5,0,1,0,False,c4_drift_aware__dirichlet_a0.1__sparse_coordinate_attack__seed48,48,dirichlet_a0.1,sparse_coordinate_attack,c4_drift_aware
7,0.1863509863615036,2.1720449924468994,2.0590262109981268,5,0,1,0,False,c4_drift_aware__dirichlet_a0.1__sparse_coordinate_attack__seed48,48,dirichlet_a0.1,sparse_coordinate_attack,c4_drift_aware
8,0.1863509863615036,2.1524815559387207,1.9259305160012445,5,0,1,0,False,c4_drift_aware__dirichlet_a0.1__sparse_coordinate_attack__seed48,48,dirichlet_a0.1,sparse_coordinate_attack,c4_drift_aware
9,0.1864902526140213,2.1608927249908447,1.9951129719993332,5,0,1,0,False,c4_drift_aware__dirichlet_a0.1__sparse_coordinate_attack__seed48,48,dirichlet_a0.1,sparse_coordinate_attack,c4_drift_aware
10,0.1866295337677002,2.133694887161255,2.0457523010009027,4,1,1,1,False,c4_drift_aware__dirichlet_a0.1__sparse_coordinate_attack__seed48,48,dirichlet_a0.1,sparse_coordinate_attack,c4_drift_aware
11,0.1864902526140213,2.1472480297088623,2.0260166859989113,4,1,1,1,False,c4_drift_aware__dirichlet_a0.1__sparse_coordinate_attack__seed48,48,dirichlet_a0.1,sparse_coordinate_attack,c4_drift_aware
12,0.2428969442844391,2.1066901683807373,2.045119515998522,4,1,1,1,False,c4_drift_aware__dirichlet_a0.1__sparse_coordinate_attack__seed48,48,dirichlet_a0.1,sparse_coordinate_attack,c4_drift_aware
13,0.28537604212760925,2.0642266273498535,2.077797718000511,4,1,1,1,False,c4_drift_aware__dirichlet_a0.1__sparse_coordinate_attack__seed48,48,dirichlet_a0.1,sparse_coordinate_attack,c4_drift_aware
14,0.30431756377220154,2.031280279159546,2.0758586089978053,4,1,1,1,False,c4_drift_aware__dirichlet_a0.1__sparse_coordinate_attack__seed48,48,dirichlet_a0.1,sparse_coordinate_attack,c4_drift_aware
15,0.30431756377220154,2.0366451740264893,2.086680701999285,4,1,1,1,False,c4_drift_aware__dirichlet_a0.1__sparse_coordinate_attack__seed48,48,dirichlet_a0.1,sparse_coordinate_attack,c4_drift_aware
16,0.3089136481285095,1.9422783851623535,2.0844155409977247,4,1,1,1,False,c4_drift_aware__dirichlet_a0.1__sparse_coordinate_attack__seed48,48,dirichlet_a0.1,sparse_coordinate_attack,c4_drift_aware
17,0.33036211133003235,1.920652985572815,2.056356021999818,4,1,1,1,False,c4_drift_aware__dirichlet_a0.1__sparse_coordinate_attack__seed48,48,dirichlet_a0.1,sparse_coordinate_attack,c4_drift_aware
18,0.3214484751224518,1.9005168676376343,2.0672339239972644,4,1,1,1,False,c4_drift_aware__dirichlet_a0.1__sparse_coordinate_attack__seed48,48,dirichlet_a0.1,sparse_coordinate_attack,c4_drift_aware
19,0.3505571186542511,1.8604563474655151,2.073791323997284,4,1,1,1,False,c4_drift_aware__dirichlet_a0.1__sparse_coordinate_attack__seed48,48,dirichlet_a0.1,sparse_coordinate_attack,c4_drift_aware
20,0.3538997173309326,1.8513123989105225,2.0739354100005585,4,1,1,1,False,c4_drift_aware__dirichlet_a0.1__sparse_coordinate_attack__seed48,48,dirichlet_a0.1,sparse_coordinate_attack,c4_drift_aware
21,0.3399721384048462,1.8379682302474976,2.04490496300059,4,1,1,1,False,c4_drift_aware__dirichlet_a0.1__sparse_coordinate_attack__seed48,48,dirichlet_a0.1,sparse_coordinate_attack,c4_drift_aware
22,0.36685237288475037,1.8169630765914917,2.026484783000342,4,1,1,1,False,c4_drift_aware__dirichlet_a0.1__sparse_coordinate_attack__seed48,48,dirichlet_a0.1,sparse_coordinate_attack,c4_drift_aware
23,0.36086350679397583,1.7978363037109375,2.0322460679999494,4,1,1,1,False,c4_drift_aware__dirichlet_a0.1__sparse_coordinate_attack__seed48,48,dirichlet_a0.1,sparse_coordinate_attack,c4_drift_aware
24,0.3837047517299652,1.7772425413131714,2.088515298997663,4,1,1,1,False,c4_drift_aware__dirichlet_a0.1__sparse_coordinate_attack__seed48,48,dirichlet_a0.1,sparse_coordinate_attack,c4_drift_aware
0,0.08830083906650543,2.1734437942504883,2.080087000002095,5,0,1,0,False,c4_drift_aware__dirichlet_a0.1__full_sign_flip__seed48,48,dirichlet_a0.1,full_sign_flip,c4_drift_aware
1,0.1863509863615036,2.1629478931427,2.073712138000701,5,0,1,0,False,c4_drift_aware__dirichlet_a0.1__full_sign_flip__seed48,48,dirichlet_a0.1,full_sign_flip,c4_drift_aware
2,0.1863509863615036,2.1746504306793213,2.1051120049996825,5,0,1,0,False,c4_drift_aware__dirichlet_a0.1__full_sign_flip__seed48,48,dirichlet_a0.1,full_sign_flip,c4_drift_aware
3,0.1863509863615036,2.1659107208251953,2.0977584249994834,5,0,1,0,False,c4_drift_aware__dirichlet_a0.1__full_sign_flip__seed48,48,dirichlet_a0.1,full_sign_flip,c4_drift_aware
4,0.1863509863615036,2.1648130416870117,2.1486970010009827,5,0,1,0,False,c4_drift_aware__dirichlet_a0.1__full_sign_flip__seed48,48,dirichlet_a0.1,full_sign_flip,c4_drift_aware
5,0.1863509863615036,2.177900791168213,2.0593381180005963,5,0,1,0,False,c4_drift_aware__dirichlet_a0.1__full_sign_flip__seed48,48,dirichlet_a0.1,full_sign_flip,c4_drift_aware
6,0.1863509863615036,2.167757749557495,2.090724230998603,5,0,1,0,False,c4_drift_aware__dirichlet_a0.1__full_sign_flip__seed48,48,dirichlet_a0.1,full_sign_flip,c4_drift_aware
7,0.1863509863615036,2.17226505279541,2.0833098520015483,5,0,1,0,False,c4_drift_aware__dirichlet_a0.1__full_sign_flip__seed48,48,dirichlet_a0.1,full_sign_flip,c4_drift_aware
8,0.1863509863615036,2.152439832687378,2.09048294600143,5,0,1,0,False,c4_drift_aware__dirichlet_a0.1__full_sign_flip__seed48,48,dirichlet_a0.1,full_sign_flip,c4_drift_aware
9,0.1864902526140213,2.1611082553863525,2.0454054289984924,5,0,1,0,False,c4_drift_aware__dirichlet_a0.1__full_sign_flip__seed48,48,dirichlet_a0.1,full_sign_flip,c4_drift_aware
10,0.1864902526140213,2.2412171363830566,2.165310864998901,5,0,1,1,False,c4_drift_aware__dirichlet_a0.1__full_sign_flip__seed48,48,dirichlet_a0.1,full_sign_flip,c4_drift_aware
11,0.1866295337677002,2.1404941082000732,2.0703164379992813,4,1,1,1,False,c4_drift_aware__dirichlet_a0.1__full_sign_flip__seed48,48,dirichlet_a0.1,full_sign_flip,c4_drift_aware
12,0.2126740962266922,2.126643180847168,2.096608001000277,4,1,1,1,False,c4_drift_aware__dirichlet_a0.1__full_sign_flip__seed48,48,dirichlet_a0.1,full_sign_flip,c4_drift_aware
13,0.2870473563671112,2.0668394565582275,2.105591881001601,4,1,1,1,False,c4_drift_aware__dirichlet_a0.1__full_sign_flip__seed48,48,dirichlet_a0.1,full_sign_flip,c4_drift_aware
14,0.2616991698741913,2.0609488487243652,2.0958075050002662,4,1,1,1,False,c4_drift_aware__dirichlet_a0.1__full_sign_flip__seed48,48,dirichlet_a0.1,full_sign_flip,c4_drift_aware
15,0.30696380138397217,1.9971476793289185,2.056159411000408,4,1,1,1,False,c4_drift_aware__dirichlet_a0.1__full_sign_flip__seed48,48,dirichlet_a0.1,full_sign_flip,c4_drift_aware
16,0.32242339849472046,2.112525463104248,1.838136274000135,5,0,1,1,False,c4_drift_aware__dirichlet_a0.1__full_sign_flip__seed48,48,dirichlet_a0.1,full_sign_flip,c4_drift_aware
17,0.310167133808136,1.9421831369400024,2.048478722001164,4,1,1,1,False,c4_drift_aware__dirichlet_a0.1__full_sign_flip__seed48,48,dirichlet_a0.1,full_sign_flip,c4_drift_aware
18,0.320334255695343,2.0790576934814453,2.0367554599979485,5,0,1,1,False,c4_drift_aware__dirichlet_a0.1__full_sign_flip__seed48,48,dirichlet_a0.1,full_sign_flip,c4_drift_aware
19,0.34540390968322754,1.8958853483200073,2.071113134999905,4,1,1,1,False,c4_drift_aware__dirichlet_a0.1__full_sign_flip__seed48,48,dirichlet_a0.1,full_sign_flip,c4_drift_aware
20,0.32242339849472046,2.0459115505218506,2.1619199230008235,5,0,1,1,False,c4_drift_aware__dirichlet_a0.1__full_sign_flip__seed48,48,dirichlet_a0.1,full_sign_flip,c4_drift_aware
21,0.3511142134666443,1.8890005350112915,2.025350141997478,4,1,1,1,False,c4_drift_aware__dirichlet_a0.1__full_sign_flip__seed48,48,dirichlet_a0.1,full_sign_flip,c4_drift_aware
22,0.37534821033477783,1.814160704612732,2.043140729001607,4,1,1,1,False,c4_drift_aware__dirichlet_a0.1__full_sign_flip__seed48,48,dirichlet_a0.1,full_sign_flip,c4_drift_aware
23,0.3763231337070465,1.9462956190109253,2.058868601998256,5,0,1,1,False,c4_drift_aware__dirichlet_a0.1__full_sign_flip__seed48,48,dirichlet_a0.1,full_sign_flip,c4_drift_aware
24,0.345821738243103,1.8422901630401611,2.064377475002402,4,1,1,1,False,c4_drift_aware__dirichlet_a0.1__full_sign_flip__seed48,48,dirichlet_a0.1,full_sign_flip,c4_drift_aware
0,0.08830083906650543,2.1734437942504883,2.059987963999447,5,0,1,0,False,c4_drift_aware__dirichlet_a0.1__low_norm__seed48,48,dirichlet_a0.1,low_norm,c4_drift_aware
1,0.1863509863615036,2.1629602909088135,2.027398745998653,5,0,1,0,False,c4_drift_aware__dirichlet_a0.1__low_norm__seed48,48,dirichlet_a0.1,low_norm,c4_drift_aware
2,0.1863509863615036,2.1747498512268066,2.033886952998728,5,0,1,0,False,c4_drift_aware__dirichlet_a0.1__low_norm__seed48,48,dirichlet_a0.1,low_norm,c4_drift_aware
3,0.1863509863615036,2.165985345840454,2.030788399002631,5,0,1,0,False,c4_drift_aware__dirichlet_a0.1__low_norm__seed48,48,dirichlet_a0.1,low_norm,c4_drift_aware
4,0.1863509863615036,2.1647655963897705,2.0313314980012365,5,0,1,0,False,c4_drift_aware__dirichlet_a0.1__low_norm__seed48,48,dirichlet_a0.1,low_norm,c4_drift_aware
5,0.1863509863615036,2.177868604660034,2.066512147001049,5,0,1,0,False,c4_drift_aware__dirichlet_a0.1__low_norm__seed48,48,dirichlet_a0.1,low_norm,c4_drift_aware
6,0.1863509863615036,2.167802095413208,1.987369629998284,5,0,1,0,False,c4_drift_aware__dirichlet_a0.1__low_norm__seed48,48,dirichlet_a0.1,low_norm,c4_drift_aware
7,0.1863509863615036,2.1715989112854004,2.113699788998929,5,0,1,0,False,c4_drift_aware__dirichlet_a0.1__low_norm__seed48,48,dirichlet_a0.1,low_norm,c4_drift_aware
8,0.1863509863615036,2.1527292728424072,2.1019342319996213,5,0,1,0,False,c4_drift_aware__dirichlet_a0.1__low_norm__seed48,48,dirichlet_a0.1,low_norm,c4_drift_aware
9,0.1864902526140213,2.161384344100952,2.0569487720022153,5,0,1,0,False,c4_drift_aware__dirichlet_a0.1__low_norm__seed48,48,dirichlet_a0.1,low_norm,c4_drift_aware
10,0.18774373829364777,2.1257166862487793,2.053634035997675,5,0,1,1,False,c4_drift_aware__dirichlet_a0.1__low_norm__seed48,48,dirichlet_a0.1,low_norm,c4_drift_aware
11,0.1864902526140213,2.128572702407837,2.107472425999731,5,0,1,1,False,c4_drift_aware__dirichlet_a0.1__low_norm__seed48,48,dirichlet_a0.1,low_norm,c4_drift_aware
12,0.18899722397327423,2.124711036682129,2.052163685002597,5,0,1,1,False,c4_drift_aware__dirichlet_a0.1__low_norm__seed48,48,dirichlet_a0.1,low_norm,c4_drift_aware
13,0.25543177127838135,2.0847973823547363,2.075350803999754,5,0,1,1,False,c4_drift_aware__dirichlet_a0.1__low_norm__seed48,48,dirichlet_a0.1,low_norm,c4_drift_aware
14,0.25571030378341675,2.0764713287353516,2.1385066240000015,5,0,1,1,False,c4_drift_aware__dirichlet_a0.1__low_norm__seed48,48,dirichlet_a0.1,low_norm,c4_drift_aware
15,0.30445683002471924,2.0320165157318115,2.0740346160018817,5,0,1,1,False,c4_drift_aware__dirichlet_a0.1__low_norm__seed48,48,dirichlet_a0.1,low_norm,c4_drift_aware
16,0.304735392332077,2.0038034915924072,2.062377132999245,5,0,1,1,False,c4_drift_aware__dirichlet_a0.1__low_norm__seed48,48,dirichlet_a0.1,low_norm,c4_drift_aware
17,0.30459609627723694,1.9689931869506836,2.071228398999665,5,0,1,1,False,c4_drift_aware__dirichlet_a0.1__low_norm__seed48,48,dirichlet_a0.1,low_norm,c4_drift_aware
18,0.304735392332077,1.9556933641433716,2.085933237001882,5,0,1,1,False,c4_drift_aware__dirichlet_a0.1__low_norm__seed48,48,dirichlet_a0.1,low_norm,c4_drift_aware
19,0.32729804515838623,1.9084771871566772,2.0866691619994526,5,0,1,1,False,c4_drift_aware__dirichlet_a0.1__low_norm__seed48,48,dirichlet_a0.1,low_norm,c4_drift_aware
20,0.3051532208919525,1.9274122714996338,2.078373170999839,5,0,1,1,False,c4_drift_aware__dirichlet_a0.1__low_norm__seed48,48,dirichlet_a0.1,low_norm,c4_drift_aware
21,0.3309192359447479,1.8804428577423096,2.0969402519986033,5,0,1,1,False,c4_drift_aware__dirichlet_a0.1__low_norm__seed48,48,dirichlet_a0.1,low_norm,c4_drift_aware
22,0.35334262251853943,1.8411617279052734,2.14690143199914,5,0,1,1,False,c4_drift_aware__dirichlet_a0.1__low_norm__seed48,48,dirichlet_a0.1,low_norm,c4_drift_aware
23,0.3692200779914856,1.8344005346298218,2.0963497970005847,5,0,1,1,False,c4_drift_aware__dirichlet_a0.1__low_norm__seed48,48,dirichlet_a0.1,low_norm,c4_drift_aware
24,0.35947075486183167,1.827810287475586,2.0750106150007923,5,0,1,1,False,c4_drift_aware__dirichlet_a0.1__low_norm__seed48,48,dirichlet_a0.1,low_norm,c4_drift_aware
0,0.08245125412940979,2.272108793258667,2.0837016199984646,5,0,1,0,False,c4_drift_aware__dirichlet_a0.1__no_attack__seed49,49,dirichlet_a0.1,no_attack,c4_drift_aware
1,0.05863510072231293,2.2851836681365967,2.06485679600155,4,1,1,0,False,c4_drift_aware__dirichlet_a0.1__no_attack__seed49,49,dirichlet_a0.1,no_attack,c4_drift_aware
2,0.08245125412940979,2.3749473094940186,2.0491369609990215,5,0,1,0,False,c4_drift_aware__dirichlet_a0.1__no_attack__seed49,49,dirichlet_a0.1,no_attack,c4_drift_aware
3,0.08245125412940979,2.3830575942993164,2.1108062359999167,5,0,1,0,False,c4_drift_aware__dirichlet_a0.1__no_attack__seed49,49,dirichlet_a0.1,no_attack,c4_drift_aware
4,0.08245125412940979,3.1771771907806396,1.8871794309998222,3,2,1,0,False,c4_drift_aware__dirichlet_a0.1__no_attack__seed49,49,dirichlet_a0.1,no_attack,c4_drift_aware
5,0.05863510072231293,2.316708564758301,2.048417869002151,4,1,1,0,False,c4_drift_aware__dirichlet_a0.1__no_attack__seed49,49,dirichlet_a0.1,no_attack,c4_drift_aware
6,0.08245125412940979,2.4183120727539062,2.063408359001187,5,0,1,0,False,c4_drift_aware__dirichlet_a0.1__no_attack__seed49,49,dirichlet_a0.1,no_attack,c4_drift_aware
7,0.08245125412940979,2.559408664703369,2.09023280099791,2,3,1,0,False,c4_drift_aware__dirichlet_a0.1__no_attack__seed49,49,dirichlet_a0.1,no_attack,c4_drift_aware
8,0.08245125412940979,2.654137134552002,2.120869219997985,2,3,1,0,False,c4_drift_aware__dirichlet_a0.1__no_attack__seed49,49,dirichlet_a0.1,no_attack,c4_drift_aware
9,0.08245125412940979,2.681600332260132,2.061643630000617,4,1,1,0,False,c4_drift_aware__dirichlet_a0.1__no_attack__seed49,49,dirichlet_a0.1,no_attack,c4_drift_aware
10,0.08245125412940979,2.7755887508392334,2.08085085300263,4,1,1,1,False,c4_drift_aware__dirichlet_a0.1__no_attack__seed49,49,dirichlet_a0.1,no_attack,c4_drift_aware
11,0.08245125412940979,2.8044705390930176,2.046225140002207,4,1,1,1,False,c4_drift_aware__dirichlet_a0.1__no_attack__seed49,49,dirichlet_a0.1,no_attack,c4_drift_aware
12,0.08245125412940979,2.777611255645752,1.8428238260021317,4,1,1,1,False,c4_drift_aware__dirichlet_a0.1__no_attack__seed49,49,dirichlet_a0.1,no_attack,c4_drift_aware
13,0.08245125412940979,2.78672194480896,2.205640847001632,4,1,1,1,False,c4_drift_aware__dirichlet_a0.1__no_attack__seed49,49,dirichlet_a0.1,no_attack,c4_drift_aware
14,0.08245125412940979,2.7566046714782715,1.8172900110002956,4,1,1,1,False,c4_drift_aware__dirichlet_a0.1__no_attack__seed49,49,dirichlet_a0.1,no_attack,c4_drift_aware
15,0.08245125412940979,2.7611958980560303,2.0412383020011475,4,1,1,1,False,c4_drift_aware__dirichlet_a0.1__no_attack__seed49,49,dirichlet_a0.1,no_attack,c4_drift_aware
16,0.08245125412940979,2.7660651206970215,2.0743736350013933,4,1,1,1,False,c4_drift_aware__dirichlet_a0.1__no_attack__seed49,49,dirichlet_a0.1,no_attack,c4_drift_aware
17,0.08245125412940979,2.781186819076538,2.07958742199844,4,1,1,1,False,c4_drift_aware__dirichlet_a0.1__no_attack__seed49,49,dirichlet_a0.1,no_attack,c4_drift_aware
18,0.08245125412940979,2.846250057220459,2.0650132659975498,4,1,1,1,False,c4_drift_aware__dirichlet_a0.1__no_attack__seed49,49,dirichlet_a0.1,no_attack,c4_drift_aware
19,0.08245125412940979,2.76493763923645,1.8328832939987478,4,1,1,1,False,c4_drift_aware__dirichlet_a0.1__no_attack__seed49,49,dirichlet_a0.1,no_attack,c4_drift_aware
20,0.08245125412940979,2.74186110496521,2.049881433998962,4,1,1,1,False,c4_drift_aware__dirichlet_a0.1__no_attack__seed49,49,dirichlet_a0.1,no_attack,c4_drift_aware
21,0.08245125412940979,2.376972198486328,2.0472280540016072,5,0,1,1,False,c4_drift_aware__dirichlet_a0.1__no_attack__seed49,49,dirichlet_a0.1,no_attack,c4_drift_aware
22,0.08245125412940979,2.340970039367676,2.051541343000281,5,0,1,1,False,c4_drift_aware__dirichlet_a0.1__no_attack__seed49,49,dirichlet_a0.1,no_attack,c4_drift_aware
23,0.08245125412940979,2.2746920585632324,2.0357552989989927,5,0,1,1,False,c4_drift_aware__dirichlet_a0.1__no_attack__seed49,49,dirichlet_a0.1,no_attack,c4_drift_aware
24,0.08245125412940979,2.1942028999328613,2.0183020520016726,5,0,1,1,False,c4_drift_aware__dirichlet_a0.1__no_attack__seed49,49,dirichlet_a0.1,no_attack,c4_drift_aware
0,0.08245125412940979,2.272019386291504,2.027357826998923,5,0,1,0,False,c4_drift_aware__dirichlet_a0.1__large_norm__seed49,49,dirichlet_a0.1,large_norm,c4_drift_aware
1,0.05863510072231293,2.2850234508514404,2.0316552339972986,4,1,1,0,False,c4_drift_aware__dirichlet_a0.1__large_norm__seed49,49,dirichlet_a0.1,large_norm,c4_drift_aware
2,0.08245125412940979,2.375138759613037,2.0400295430008555,5,0,1,0,False,c4_drift_aware__dirichlet_a0.1__large_norm__seed49,49,dirichlet_a0.1,large_norm,c4_drift_aware
3,0.08245125412940979,2.384350538253784,2.1433416290019522,5,0,1,0,False,c4_drift_aware__dirichlet_a0.1__large_norm__seed49,49,dirichlet_a0.1,large_norm,c4_drift_aware
4,0.08245125412940979,3.179652690887451,2.0618542410011287,3,2,1,0,False,c4_drift_aware__dirichlet_a0.1__large_norm__seed49,49,dirichlet_a0.1,large_norm,c4_drift_aware
5,0.05863510072231293,2.317173957824707,2.067062527003145,4,1,1,0,False,c4_drift_aware__dirichlet_a0.1__large_norm__seed49,49,dirichlet_a0.1,large_norm,c4_drift_aware
6,0.08245125412940979,2.418792963027954,2.1512071790020855,5,0,1,0,False,c4_drift_aware__dirichlet_a0.1__large_norm__seed49,49,dirichlet_a0.1,large_norm,c4_drift_aware
7,0.08245125412940979,2.560415744781494,2.08060106099947,2,3,1,0,False,c4_drift_aware__dirichlet_a0.1__large_norm__seed49,49,dirichlet_a0.1,large_norm,c4_drift_aware
8,0.08245125412940979,2.653642416000366,2.06528034999792,2,3,1,0,False,c4_drift_aware__dirichlet_a0.1__large_norm__seed49,49,dirichlet_a0.1,large_norm,c4_drift_aware
9,0.08245125412940979,2.680781126022339,2.044455455001298,4,1,1,0,False,c4_drift_aware__dirichlet_a0.1__large_norm__seed49,49,dirichlet_a0.1,large_norm,c4_drift_aware
10,0.1863509863615036,2.6295278072357178,2.0543861239966645,2,3,1,1,False,c4_drift_aware__dirichlet_a0.1__large_norm__seed49,49,dirichlet_a0.1,large_norm,c4_drift_aware
11,0.08830083906650543,3.3871703147888184,2.1800261569987924,2,3,1,1,False,c4_drift_aware__dirichlet_a0.1__large_norm__seed49,49,dirichlet_a0.1,large_norm,c4_drift_aware
12,0.1717270165681839,3.418153762817383,2.1143889499981015,1,4,1,1,False,c4_drift_aware__dirichlet_a0.1__large_norm__seed49,49,dirichlet_a0.1,large_norm,c4_drift_aware
13,0.08830083906650543,3.3441708087921143,1.893286893999175,2,3,1,1,False,c4_drift_aware__dirichlet_a0.1__large_norm__seed49,49,dirichlet_a0.1,large_norm,c4_drift_aware
14,0.1937325894832611,2.5354063510894775,2.0419869079996715,2,3,1,1,False,c4_drift_aware__dirichlet_a0.1__large_norm__seed49,49,dirichlet_a0.1,large_norm,c4_drift_aware
15,0.08830083906650543,3.3203909397125244,2.149364914999751,2,3,1,1,False,c4_drift_aware__dirichlet_a0.1__large_norm__seed49,49,dirichlet_a0.1,large_norm,c4_drift_aware
16,0.2197771668434143,2.4715449810028076,2.0858284850000928,2,3,1,1,False,c4_drift_aware__dirichlet_a0.1__large_norm__seed49,49,dirichlet_a0.1,large_norm,c4_drift_aware
17,0.08830083906650543,3.164487838745117,2.0715865439997287,2,3,1,1,False,c4_drift_aware__dirichlet_a0.1__large_norm__seed49,49,dirichlet_a0.1,large_norm,c4_drift_aware
18,0.23314763605594635,2.2502968311309814,2.088367193002341,2,3,1,1,False,c4_drift_aware__dirichlet_a0.1__large_norm__seed49,49,dirichlet_a0.1,large_norm,c4_drift_aware
19,0.12423398345708847,2.878539562225342,2.049040227997466,2,3,1,1,False,c4_drift_aware__dirichlet_a0.1__large_norm__seed49,49,dirichlet_a0.1,large_norm,c4_drift_aware
20,0.2571030557155609,1.9613463878631592,2.131557362001331,3,2,1,1,False,c4_drift_aware__dirichlet_a0.1__large_norm__seed49,49,dirichlet_a0.1,large_norm,c4_drift_aware
21,0.12785515189170837,3.07041597366333,1.8121176620006736,2,3,1,1,False,c4_drift_aware__dirichlet_a0.1__large_norm__seed49,49,dirichlet_a0.1,large_norm,c4_drift_aware
22,0.25222840905189514,1.9109019041061401,2.06158385499657,3,2,1,1,False,c4_drift_aware__dirichlet_a0.1__large_norm__seed49,49,dirichlet_a0.1,large_norm,c4_drift_aware
23,0.26253482699394226,2.9696617126464844,2.05785602999822,2,3,1,1,False,c4_drift_aware__dirichlet_a0.1__large_norm__seed49,49,dirichlet_a0.1,large_norm,c4_drift_aware
24,0.25264623761177063,1.8719546794891357,1.8816898129989568,3,2,1,1,False,c4_drift_aware__dirichlet_a0.1__large_norm__seed49,49,dirichlet_a0.1,large_norm,c4_drift_aware
0,0.08245125412940979,2.272019386291504,2.0694570199993905,5,0,1,0,False,c4_drift_aware__dirichlet_a0.1__directional_poisoning__seed49,49,dirichlet_a0.1,directional_poisoning,c4_drift_aware
1,0.05863510072231293,2.2848877906799316,2.0578189359985117,4,1,1,0,False,c4_drift_aware__dirichlet_a0.1__directional_poisoning__seed49,49,dirichlet_a0.1,directional_poisoning,c4_drift_aware
2,0.08245125412940979,2.375474452972412,2.0682910960022127,5,0,1,0,False,c4_drift_aware__dirichlet_a0.1__directional_poisoning__seed49,49,dirichlet_a0.1,directional_poisoning,c4_drift_aware
3,0.08245125412940979,2.3835997581481934,2.091726432001451,5,0,1,0,False,c4_drift_aware__dirichlet_a0.1__directional_poisoning__seed49,49,dirichlet_a0.1,directional_poisoning,c4_drift_aware
4,0.08245125412940979,3.1773059368133545,2.0377750279985776,3,2,1,0,False,c4_drift_aware__dirichlet_a0.1__directional_poisoning__seed49,49,dirichlet_a0.1,directional_poisoning,c4_drift_aware
5,0.05863510072231293,2.3181140422821045,2.0150906700000633,4,1,1,0,False,c4_drift_aware__dirichlet_a0.1__directional_poisoning__seed49,49,dirichlet_a0.1,directional_poisoning,c4_drift_aware
6,0.08245125412940979,2.418174982070923,2.014364578000823,5,0,1,0,False,c4_drift_aware__dirichlet_a0.1__directional_poisoning__seed49,49,dirichlet_a0.1,directional_poisoning,c4_drift_aware
7,0.08245125412940979,2.55953049659729,2.1051783389993943,2,3,1,0,False,c4_drift_aware__dirichlet_a0.1__directional_poisoning__seed49,49,dirichlet_a0.1,directional_poisoning,c4_drift_aware
8,0.08245125412940979,2.6534883975982666,2.0484713750010997,2,3,1,0,False,c4_drift_aware__dirichlet_a0.1__directional_poisoning__seed49,49,dirichlet_a0.1,directional_poisoning,c4_drift_aware
9,0.08245125412940979,2.682035446166992,2.009514326000499,4,1,1,0,False,c4_drift_aware__dirichlet_a0.1__directional_poisoning__seed49,49,dirichlet_a0.1,directional_poisoning,c4_drift_aware
10,0.08830083906650543,3.397430419921875,2.07799358900229,3,2,1,1,False,c4_drift_aware__dirichlet_a0.1__directional_poisoning__seed49,49,dirichlet_a0.1,directional_poisoning,c4_drift_aware
11,0.05863510072231293,2.301072120666504,2.1001201630024298,4,1,1,1,False,c4_drift_aware__dirichlet_a0.1__directional_poisoning__seed49,49,dirichlet_a0.1,directional_poisoning,c4_drift_aware
12,0.05863510072231293,2.788266658782959,2.0437543650004955,4,1,1,1,False,c4_drift_aware__dirichlet_a0.1__directional_poisoning__seed49,49,dirichlet_a0.1,directional_poisoning,c4_drift_aware
13,0.05863510072231293,2.283824920654297,2.041068192000239,4,1,1,1,False,c4_drift_aware__dirichlet_a0.1__directional_poisoning__seed49,49,dirichlet_a0.1,directional_poisoning,c4_drift_aware
14,0.05863510072231293,2.4162323474884033,2.0339219979978225,5,0,1,1,False,c4_drift_aware__dirichlet_a0.1__directional_poisoning__seed49,49,dirichlet_a0.1,directional_poisoning,c4_drift_aware
15,0.05863510072231293,2.2988975048065186,2.0312392609994276,4,1,1,1,False,c4_drift_aware__dirichlet_a0.1__directional_poisoning__seed49,49,dirichlet_a0.1,directional_poisoning,c4_drift_aware
16,0.05863510072231293,2.41269588470459,2.0837840099993628,5,0,1,1,False,c4_drift_aware__dirichlet_a0.1__directional_poisoning__seed49,49,dirichlet_a0.1,directional_poisoning,c4_drift_aware
17,0.05863510072231293,2.2718300819396973,2.0481054190022405,4,1,1,1,False,c4_drift_aware__dirichlet_a0.1__directional_poisoning__seed49,49,dirichlet_a0.1,directional_poisoning,c4_drift_aware
18,0.05863510072231293,2.708118438720703,2.034350740002992,4,1,1,1,False,c4_drift_aware__dirichlet_a0.1__directional_poisoning__seed49,49,dirichlet_a0.1,directional_poisoning,c4_drift_aware
19,0.05863510072231293,2.209616184234619,1.9692763470011414,4,1,1,1,False,c4_drift_aware__dirichlet_a0.1__directional_poisoning__seed49,49,dirichlet_a0.1,directional_poisoning,c4_drift_aware
20,0.08830083906650543,2.5623247623443604,1.9961004510005296,3,2,1,1,False,c4_drift_aware__dirichlet_a0.1__directional_poisoning__seed49,49,dirichlet_a0.1,directional_poisoning,c4_drift_aware
21,0.0633704736828804,2.682854413986206,2.067321026999707,4,1,1,1,False,c4_drift_aware__dirichlet_a0.1__directional_poisoning__seed49,49,dirichlet_a0.1,directional_poisoning,c4_drift_aware
22,0.16476324200630188,2.07926869392395,2.075018319999799,4,1,1,1,False,c4_drift_aware__dirichlet_a0.1__directional_poisoning__seed49,49,dirichlet_a0.1,directional_poisoning,c4_drift_aware
23,0.10320334881544113,2.184384346008301,2.0663616839992756,5,0,1,1,False,c4_drift_aware__dirichlet_a0.1__directional_poisoning__seed49,49,dirichlet_a0.1,directional_poisoning,c4_drift_aware
24,0.2391365021467209,2.111617088317871,2.058828158002143,5,0,1,1,False,c4_drift_aware__dirichlet_a0.1__directional_poisoning__seed49,49,dirichlet_a0.1,directional_poisoning,c4_drift_aware
0,0.08245125412940979,2.271991729736328,2.1249029909995443,5,0,1,0,False,c4_drift_aware__dirichlet_a0.1__sparse_coordinate_attack__seed49,49,dirichlet_a0.1,sparse_coordinate_attack,c4_drift_aware
1,0.05863510072231293,2.284747362136841,2.099410713999532,4,1,1,0,False,c4_drift_aware__dirichlet_a0.1__sparse_coordinate_attack__seed49,49,dirichlet_a0.1,sparse_coordinate_attack,c4_drift_aware
2,0.08245125412940979,2.375713348388672,2.0649557930009905,5,0,1,0,False,c4_drift_aware__dirichlet_a0.1__sparse_coordinate_attack__seed49,49,dirichlet_a0.1,sparse_coordinate_attack,c4_drift_aware
3,0.05863510072231293,2.3396005630493164,2.0302856950002024,4,1,1,0,False,c4_drift_aware__dirichlet_a0.1__sparse_coordinate_attack__seed49,49,dirichlet_a0.1,sparse_coordinate_attack,c4_drift_aware
4,0.08245125412940979,2.380319118499756,1.8016592800013314,5,0,1,0,False,c4_drift_aware__dirichlet_a0.1__sparse_coordinate_attack__seed49,49,dirichlet_a0.1,sparse_coordinate_attack,c4_drift_aware
5,0.08245125412940979,2.3949012756347656,1.9772240769998461,5,0,1,0,False,c4_drift_aware__dirichlet_a0.1__sparse_coordinate_attack__seed49,49,dirichlet_a0.1,sparse_coordinate_attack,c4_drift_aware
6,0.08245125412940979,3.454596757888794,2.0242500210006256,3,2,1,0,False,c4_drift_aware__dirichlet_a0.1__sparse_coordinate_attack__seed49,49,dirichlet_a0.1,sparse_coordinate_attack,c4_drift_aware
7,0.05863510072231293,2.3202598094940186,2.152058739000495,4,1,1,0,False,c4_drift_aware__dirichlet_a0.1__sparse_coordinate_attack__seed49,49,dirichlet_a0.1,sparse_coordinate_attack,c4_drift_aware
8,0.08245125412940979,2.395784616470337,2.062792911998258,5,0,1,0,False,c4_drift_aware__dirichlet_a0.1__sparse_coordinate_attack__seed49,49,dirichlet_a0.1,sparse_coordinate_attack,c4_drift_aware
9,0.08245125412940979,3.242875099182129,2.098220236999623,3,2,1,0,False,c4_drift_aware__dirichlet_a0.1__sparse_coordinate_attack__seed49,49,dirichlet_a0.1,sparse_coordinate_attack,c4_drift_aware
10,0.05863510072231293,2.294316053390503,2.2139418099977775,4,1,1,1,False,c4_drift_aware__dirichlet_a0.1__sparse_coordinate_attack__seed49,49,dirichlet_a0.1,sparse_coordinate_attack,c4_drift_aware
11,0.05863510072231293,2.325606346130371,2.0232543110032566,4,1,1,1,False,c4_drift_aware__dirichlet_a0.1__sparse_coordinate_attack__seed49,49,dirichlet_a0.1,sparse_coordinate_attack,c4_drift_aware
12,0.05863510072231293,2.3019158840179443,2.032320903002983,4,1,1,1,False,c4_drift_aware__dirichlet_a0.1__sparse_coordinate_attack__seed49,49,dirichlet_a0.1,sparse_coordinate_attack,c4_drift_aware
13,0.05863510072231293,2.2916994094848633,2.088726729998598,4,1,1,1,False,c4_drift_aware__dirichlet_a0.1__sparse_coordinate_attack__seed49,49,dirichlet_a0.1,sparse_coordinate_attack,c4_drift_aware
14,0.05863510072231293,2.315441846847534,2.044250742001168,4,1,1,1,False,c4_drift_aware__dirichlet_a0.1__sparse_coordinate_attack__seed49,49,dirichlet_a0.1,sparse_coordinate_attack,c4_drift_aware
15,0.05863510072231293,2.2720985412597656,2.0615084689998184,4,1,1,1,False,c4_drift_aware__dirichlet_a0.1__sparse_coordinate_attack__seed49,49,dirichlet_a0.1,sparse_coordinate_attack,c4_drift_aware
16,0.05863510072231293,2.289827346801758,2.091365111002233,4,1,1,1,False,c4_drift_aware__dirichlet_a0.1__sparse_coordinate_attack__seed49,49,dirichlet_a0.1,sparse_coordinate_attack,c4_drift_aware
17,0.05863510072231293,2.2561261653900146,2.092865905000508,4,1,1,1,False,c4_drift_aware__dirichlet_a0.1__sparse_coordinate_attack__seed49,49,dirichlet_a0.1,sparse_coordinate_attack,c4_drift_aware
18,0.08830083906650543,2.5616183280944824,2.0722890939978242,3,2,1,1,False,c4_drift_aware__dirichlet_a0.1__sparse_coordinate_attack__seed49,49,dirichlet_a0.1,sparse_coordinate_attack,c4_drift_aware
19,0.05863510072231293,2.2213613986968994,2.0591402200006996,4,1,1,1,False,c4_drift_aware__dirichlet_a0.1__sparse_coordinate_attack__seed49,49,dirichlet_a0.1,sparse_coordinate_attack,c4_drift_aware
20,0.08830083906650543,2.5020017623901367,2.101565038003173,3,2,1,1,False,c4_drift_aware__dirichlet_a0.1__sparse_coordinate_attack__seed49,49,dirichlet_a0.1,sparse_coordinate_attack,c4_drift_aware
21,0.1417827308177948,2.095327377319336,2.0218868470001325,4,1,1,1,False,c4_drift_aware__dirichlet_a0.1__sparse_coordinate_attack__seed49,49,dirichlet_a0.1,sparse_coordinate_attack,c4_drift_aware
22,0.2200557142496109,2.0316429138183594,2.0424741480019293,4,1,1,1,False,c4_drift_aware__dirichlet_a0.1__sparse_coordinate_attack__seed49,49,dirichlet_a0.1,sparse_coordinate_attack,c4_drift_aware
23,0.0892757698893547,2.402799606323242,2.108947372998955,3,2,1,1,False,c4_drift_aware__dirichlet_a0.1__sparse_coordinate_attack__seed49,49,dirichlet_a0.1,sparse_coordinate_attack,c4_drift_aware
24,0.2427576631307602,1.8997138738632202,2.061064236000675,4,1,1,1,False,c4_drift_aware__dirichlet_a0.1__sparse_coordinate_attack__seed49,49,dirichlet_a0.1,sparse_coordinate_attack,c4_drift_aware
0,0.08245125412940979,2.272019386291504,1.9966981569996278,5,0,1,0,False,c4_drift_aware__dirichlet_a0.1__full_sign_flip__seed49,49,dirichlet_a0.1,full_sign_flip,c4_drift_aware
1,0.05863510072231293,2.2850229740142822,2.0607914379979775,4,1,1,0,False,c4_drift_aware__dirichlet_a0.1__full_sign_flip__seed49,49,dirichlet_a0.1,full_sign_flip,c4_drift_aware
2,0.08245125412940979,2.3751273155212402,2.021568718999333,5,0,1,0,False,c4_drift_aware__dirichlet_a0.1__full_sign_flip__seed49,49,dirichlet_a0.1,full_sign_flip,c4_drift_aware
3,0.08245125412940979,2.3841867446899414,2.0171109220027574,5,0,1,0,False,c4_drift_aware__dirichlet_a0.1__full_sign_flip__seed49,49,dirichlet_a0.1,full_sign_flip,c4_drift_aware
4,0.08245125412940979,3.1811106204986572,2.063988555000833,3,2,1,0,False,c4_drift_aware__dirichlet_a0.1__full_sign_flip__seed49,49,dirichlet_a0.1,full_sign_flip,c4_drift_aware
5,0.05863510072231293,2.317683696746826,2.062514651002857,4,1,1,0,False,c4_drift_aware__dirichlet_a0.1__full_sign_flip__seed49,49,dirichlet_a0.1,full_sign_flip,c4_drift_aware
6,0.08245125412940979,2.417391061782837,2.0371267959999386,5,0,1,0,False,c4_drift_aware__dirichlet_a0.1__full_sign_flip__seed49,49,dirichlet_a0.1,full_sign_flip,c4_drift_aware
7,0.08245125412940979,2.5590217113494873,2.0631282799986366,2,3,1,0,False,c4_drift_aware__dirichlet_a0.1__full_sign_flip__seed49,49,dirichlet_a0.1,full_sign_flip,c4_drift_aware
8,0.08245125412940979,2.652552843093872,2.0205565790020046,2,3,1,0,False,c4_drift_aware__dirichlet_a0.1__full_sign_flip__seed49,49,dirichlet_a0.1,full_sign_flip,c4_drift_aware
9,0.08245125412940979,2.6810643672943115,2.0457213849986147,4,1,1,0,False,c4_drift_aware__dirichlet_a0.1__full_sign_flip__seed49,49,dirichlet_a0.1,full_sign_flip,c4_drift_aware
10,0.08830083906650543,3.396973133087158,2.0583410789986374,3,2,1,1,False,c4_drift_aware__dirichlet_a0.1__full_sign_flip__seed49,49,dirichlet_a0.1,full_sign_flip,c4_drift_aware
11,0.05863510072231293,2.3017404079437256,2.0629382580009406,4,1,1,1,False,c4_drift_aware__dirichlet_a0.1__full_sign_flip__seed49,49,dirichlet_a0.1,full_sign_flip,c4_drift_aware
12,0.05863510072231293,2.7891244888305664,2.1030718109977897,4,1,1,1,False,c4_drift_aware__dirichlet_a0.1__full_sign_flip__seed49,49,dirichlet_a0.1,full_sign_flip,c4_drift_aware
13,0.05863510072231293,2.282845973968506,2.0126487679990532,4,1,1,1,False,c4_drift_aware__dirichlet_a0.1__full_sign_flip__seed49,49,dirichlet_a0.1,full_sign_flip,c4_drift_aware
14,0.05863510072231293,2.4164023399353027,2.0741178680000303,5,0,1,1,False,c4_drift_aware__dirichlet_a0.1__full_sign_flip__seed49,49,dirichlet_a0.1,full_sign_flip,c4_drift_aware
15,0.05863510072231293,2.298339366912842,2.103701841999282,4,1,1,1,False,c4_drift_aware__dirichlet_a0.1__full_sign_flip__seed49,49,dirichlet_a0.1,full_sign_flip,c4_drift_aware
16,0.05863510072231293,2.412384033203125,2.012199736000184,5,0,1,1,False,c4_drift_aware__dirichlet_a0.1__full_sign_flip__seed49,49,dirichlet_a0.1,full_sign_flip,c4_drift_aware
17,0.05863510072231293,2.272343873977661,2.0792806169993128,4,1,1,1,False,c4_drift_aware__dirichlet_a0.1__full_sign_flip__seed49,49,dirichlet_a0.1,full_sign_flip,c4_drift_aware
18,0.05863510072231293,2.706692934036255,2.004361080998933,4,1,1,1,False,c4_drift_aware__dirichlet_a0.1__full_sign_flip__seed49,49,dirichlet_a0.1,full_sign_flip,c4_drift_aware
19,0.05863510072231293,2.2102184295654297,2.0050914820021717,4,1,1,1,False,c4_drift_aware__dirichlet_a0.1__full_sign_flip__seed49,49,dirichlet_a0.1,full_sign_flip,c4_drift_aware
20,0.08830083906650543,2.5622007846832275,2.0642819329987105,3,2,1,1,False,c4_drift_aware__dirichlet_a0.1__full_sign_flip__seed49,49,dirichlet_a0.1,full_sign_flip,c4_drift_aware
21,0.08551532030105591,2.7821149826049805,2.0514532619999954,4,1,1,1,False,c4_drift_aware__dirichlet_a0.1__full_sign_flip__seed49,49,dirichlet_a0.1,full_sign_flip,c4_drift_aware
22,0.15557102859020233,2.0810043811798096,2.086433576998388,4,1,1,1,False,c4_drift_aware__dirichlet_a0.1__full_sign_flip__seed49,49,dirichlet_a0.1,full_sign_flip,c4_drift_aware
23,0.18523676693439484,2.382383346557617,2.067139615999622,4,1,1,1,False,c4_drift_aware__dirichlet_a0.1__full_sign_flip__seed49,49,dirichlet_a0.1,full_sign_flip,c4_drift_aware
24,0.24331477284431458,1.914992332458496,2.0302408930001548,4,1,1,1,False,c4_drift_aware__dirichlet_a0.1__full_sign_flip__seed49,49,dirichlet_a0.1,full_sign_flip,c4_drift_aware
0,0.08245125412940979,2.272019386291504,2.0269207910023397,5,0,1,0,False,c4_drift_aware__dirichlet_a0.1__low_norm__seed49,49,dirichlet_a0.1,low_norm,c4_drift_aware
1,0.05863510072231293,2.2850229740142822,2.0914254210001673,4,1,1,0,False,c4_drift_aware__dirichlet_a0.1__low_norm__seed49,49,dirichlet_a0.1,low_norm,c4_drift_aware
2,0.08245125412940979,2.3752288818359375,2.04998273000092,5,0,1,0,False,c4_drift_aware__dirichlet_a0.1__low_norm__seed49,49,dirichlet_a0.1,low_norm,c4_drift_aware
3,0.08245125412940979,2.38291597366333,2.042772638000315,5,0,1,0,False,c4_drift_aware__dirichlet_a0.1__low_norm__seed49,49,dirichlet_a0.1,low_norm,c4_drift_aware
4,0.08245125412940979,3.1804471015930176,2.167633021999791,3,2,1,0,False,c4_drift_aware__dirichlet_a0.1__low_norm__seed49,49,dirichlet_a0.1,low_norm,c4_drift_aware
5,0.05863510072231293,2.3173816204071045,2.1020063959986146,4,1,1,0,False,c4_drift_aware__dirichlet_a0.1__low_norm__seed49,49,dirichlet_a0.1,low_norm,c4_drift_aware
6,0.08245125412940979,2.41801381111145,2.083381748001557,5,0,1,0,False,c4_drift_aware__dirichlet_a0.1__low_norm__seed49,49,dirichlet_a0.1,low_norm,c4_drift_aware
7,0.08245125412940979,2.5600664615631104,2.0482044109994604,2,3,1,0,False,c4_drift_aware__dirichlet_a0.1__low_norm__seed49,49,dirichlet_a0.1,low_norm,c4_drift_aware
8,0.08245125412940979,2.6533162593841553,2.003532588998496,2,3,1,0,False,c4_drift_aware__dirichlet_a0.1__low_norm__seed49,49,dirichlet_a0.1,low_norm,c4_drift_aware
9,0.08245125412940979,2.6802048683166504,2.0246069740023813,4,1,1,0,False,c4_drift_aware__dirichlet_a0.1__low_norm__seed49,49,dirichlet_a0.1,low_norm,c4_drift_aware
10,0.07144846767187119,2.3271772861480713,2.0862852139980532,5,0,1,1,False,c4_drift_aware__dirichlet_a0.1__low_norm__seed49,49,dirichlet_a0.1,low_norm,c4_drift_aware
11,0.05863510072231293,2.306037187576294,2.10284585699992,5,0,1,1,False,c4_drift_aware__dirichlet_a0.1__low_norm__seed49,49,dirichlet_a0.1,low_norm,c4_drift_aware
12,0.05863510072231293,2.3171277046203613,1.9915967139968416,5,0,1,1,False,c4_drift_aware__dirichlet_a0.1__low_norm__seed49,49,dirichlet_a0.1,low_norm,c4_drift_aware
13,0.05863510072231293,2.2987308502197266,1.813346144001116,5,0,1,1,False,c4_drift_aware__dirichlet_a0.1__low_norm__seed49,49,dirichlet_a0.1,low_norm,c4_drift_aware
14,0.05863510072231293,2.292368173599243,2.077976717999263,5,0,1,1,False,c4_drift_aware__dirichlet_a0.1__low_norm__seed49,49,dirichlet_a0.1,low_norm,c4_drift_aware
15,0.05863510072231293,2.2991890907287598,2.0593317869970633,5,0,1,1,False,c4_drift_aware__dirichlet_a0.1__low_norm__seed49,49,dirichlet_a0.1,low_norm,c4_drift_aware
16,0.05863510072231293,2.2829761505126953,2.0466766860008647,5,0,1,1,False,c4_drift_aware__dirichlet_a0.1__low_norm__seed49,49,dirichlet_a0.1,low_norm,c4_drift_aware
17,0.05863510072231293,2.284210681915283,2.0506184810001287,5,0,1,1,False,c4_drift_aware__dirichlet_a0.1__low_norm__seed49,49,dirichlet_a0.1,low_norm,c4_drift_aware
18,0.05863510072231293,2.2870430946350098,2.0598339030002535,5,0,1,1,False,c4_drift_aware__dirichlet_a0.1__low_norm__seed49,49,dirichlet_a0.1,low_norm,c4_drift_aware
19,0.08830083906650543,2.499898910522461,2.1073625079989142,4,1,1,1,False,c4_drift_aware__dirichlet_a0.1__low_norm__seed49,49,dirichlet_a0.1,low_norm,c4_drift_aware
20,0.08830083906650543,2.5964903831481934,1.9337091130000772,4,1,1,1,False,c4_drift_aware__dirichlet_a0.1__low_norm__seed49,49,dirichlet_a0.1,low_norm,c4_drift_aware
21,0.07423398643732071,2.2759439945220947,2.1438656590034952,5,0,1,1,False,c4_drift_aware__dirichlet_a0.1__low_norm__seed49,49,dirichlet_a0.1,low_norm,c4_drift_aware
22,0.08830083906650543,2.4461960792541504,2.0674552249984117,4,1,1,1,False,c4_drift_aware__dirichlet_a0.1__low_norm__seed49,49,dirichlet_a0.1,low_norm,c4_drift_aware
23,0.05905292555689812,2.1671197414398193,1.858418307001557,5,0,1,1,False,c4_drift_aware__dirichlet_a0.1__low_norm__seed49,49,dirichlet_a0.1,low_norm,c4_drift_aware
24,0.0896935984492302,2.280526876449585,2.0298135270022613,4,1,1,1,False,c4_drift_aware__dirichlet_a0.1__low_norm__seed49,49,dirichlet_a0.1,low_norm,c4_drift_aware
