combined_run_id,baseline_defense,baseline_regime,seed,partition,attack,protocol_fields,comparable,reason,baseline_final_accuracy,baseline_final_loss,baseline_diverged
c3_static__iid__no_attack__seed42,fedavg,not_applicable,42,iid,no_attack,"K=50 local SGD steps/client/round; 25 FL rounds; same TorchCNNFlat model/init scheme; SGD optimizer, LR=0.01, batch_size=128; 5 clients; MALICIOUS_RATIO=0.2 (client 0); attack_start=round 10; SERVER_REF_FRACTION=0.10; same evaluate() on official PathMNIST test split -- identical across benchmark_v2_corrected and combined_e2e_minimal by construction (both derive these constants from the same locked protocol addenda).",True,"exact (partition,seed,attack,defense,regime) match found",0.4498607218265533,1.8030189275741575,False
c3_static__iid__no_attack__seed42,norm,A_condition_specific_oracle,42,iid,no_attack,"K=50 local SGD steps/client/round; 25 FL rounds; same TorchCNNFlat model/init scheme; SGD optimizer, LR=0.01, batch_size=128; 5 clients; MALICIOUS_RATIO=0.2 (client 0); attack_start=round 10; SERVER_REF_FRACTION=0.10; same evaluate() on official PathMNIST test split -- identical across benchmark_v2_corrected and combined_e2e_minimal by construction (both derive these constants from the same locked protocol addenda).",True,"exact (partition,seed,attack,defense,regime) match found",0.3352367877960205,2.10745906829834,False
c3_static__iid__no_attack__seed42,cosine,A_condition_specific_oracle,42,iid,no_attack,"K=50 local SGD steps/client/round; 25 FL rounds; same TorchCNNFlat model/init scheme; SGD optimizer, LR=0.01, batch_size=128; 5 clients; MALICIOUS_RATIO=0.2 (client 0); attack_start=round 10; SERVER_REF_FRACTION=0.10; same evaluate() on official PathMNIST test split -- identical across benchmark_v2_corrected and combined_e2e_minimal by construction (both derive these constants from the same locked protocol addenda).",True,"exact (partition,seed,attack,defense,regime) match found",0.415320336818695,1.7741788625717163,False
c3_static__iid__no_attack__seed42,sign_consensus,A_condition_specific_oracle,42,iid,no_attack,"K=50 local SGD steps/client/round; 25 FL rounds; same TorchCNNFlat model/init scheme; SGD optimizer, LR=0.01, batch_size=128; 5 clients; MALICIOUS_RATIO=0.2 (client 0); attack_start=round 10; SERVER_REF_FRACTION=0.10; same evaluate() on official PathMNIST test split -- identical across benchmark_v2_corrected and combined_e2e_minimal by construction (both derive these constants from the same locked protocol addenda).",True,"exact (partition,seed,attack,defense,regime) match found",0.4498607218265533,1.8031284809112549,False
c3_static__iid__no_attack__seed42,median,not_applicable,42,iid,no_attack,"K=50 local SGD steps/client/round; 25 FL rounds; same TorchCNNFlat model/init scheme; SGD optimizer, LR=0.01, batch_size=128; 5 clients; MALICIOUS_RATIO=0.2 (client 0); attack_start=round 10; SERVER_REF_FRACTION=0.10; same evaluate() on official PathMNIST test split -- identical across benchmark_v2_corrected and combined_e2e_minimal by construction (both derive these constants from the same locked protocol addenda).",True,"exact (partition,seed,attack,defense,regime) match found",0.4410863518714905,1.8080427646636963,False
c3_static__iid__no_attack__seed42,multi_krum,not_applicable,42,iid,no_attack,"K=50 local SGD steps/client/round; 25 FL rounds; same TorchCNNFlat model/init scheme; SGD optimizer, LR=0.01, batch_size=128; 5 clients; MALICIOUS_RATIO=0.2 (client 0); attack_start=round 10; SERVER_REF_FRACTION=0.10; same evaluate() on official PathMNIST test split -- identical across benchmark_v2_corrected and combined_e2e_minimal by construction (both derive these constants from the same locked protocol addenda).",True,"exact (partition,seed,attack,defense,regime) match found",0.4598885774612427,1.8103156089782717,False
c4_static__iid__no_attack__seed42,fedavg,not_applicable,42,iid,no_attack,"K=50 local SGD steps/client/round; 25 FL rounds; same TorchCNNFlat model/init scheme; SGD optimizer, LR=0.01, batch_size=128; 5 clients; MALICIOUS_RATIO=0.2 (client 0); attack_start=round 10; SERVER_REF_FRACTION=0.10; same evaluate() on official PathMNIST test split -- identical across benchmark_v2_corrected and combined_e2e_minimal by construction (both derive these constants from the same locked protocol addenda).",True,"exact (partition,seed,attack,defense,regime) match found",0.4498607218265533,1.8030189275741575,False
c4_static__iid__no_attack__seed42,norm,A_condition_specific_oracle,42,iid,no_attack,"K=50 local SGD steps/client/round; 25 FL rounds; same TorchCNNFlat model/init scheme; SGD optimizer, LR=0.01, batch_size=128; 5 clients; MALICIOUS_RATIO=0.2 (client 0); attack_start=round 10; SERVER_REF_FRACTION=0.10; same evaluate() on official PathMNIST test split -- identical across benchmark_v2_corrected and combined_e2e_minimal by construction (both derive these constants from the same locked protocol addenda).",True,"exact (partition,seed,attack,defense,regime) match found",0.3352367877960205,2.10745906829834,False
c4_static__iid__no_attack__seed42,cosine,A_condition_specific_oracle,42,iid,no_attack,"K=50 local SGD steps/client/round; 25 FL rounds; same TorchCNNFlat model/init scheme; SGD optimizer, LR=0.01, batch_size=128; 5 clients; MALICIOUS_RATIO=0.2 (client 0); attack_start=round 10; SERVER_REF_FRACTION=0.10; same evaluate() on official PathMNIST test split -- identical across benchmark_v2_corrected and combined_e2e_minimal by construction (both derive these constants from the same locked protocol addenda).",True,"exact (partition,seed,attack,defense,regime) match found",0.415320336818695,1.7741788625717163,False
c4_static__iid__no_attack__seed42,sign_consensus,A_condition_specific_oracle,42,iid,no_attack,"K=50 local SGD steps/client/round; 25 FL rounds; same TorchCNNFlat model/init scheme; SGD optimizer, LR=0.01, batch_size=128; 5 clients; MALICIOUS_RATIO=0.2 (client 0); attack_start=round 10; SERVER_REF_FRACTION=0.10; same evaluate() on official PathMNIST test split -- identical across benchmark_v2_corrected and combined_e2e_minimal by construction (both derive these constants from the same locked protocol addenda).",True,"exact (partition,seed,attack,defense,regime) match found",0.4498607218265533,1.8031284809112549,False
c4_static__iid__no_attack__seed42,median,not_applicable,42,iid,no_attack,"K=50 local SGD steps/client/round; 25 FL rounds; same TorchCNNFlat model/init scheme; SGD optimizer, LR=0.01, batch_size=128; 5 clients; MALICIOUS_RATIO=0.2 (client 0); attack_start=round 10; SERVER_REF_FRACTION=0.10; same evaluate() on official PathMNIST test split -- identical across benchmark_v2_corrected and combined_e2e_minimal by construction (both derive these constants from the same locked protocol addenda).",True,"exact (partition,seed,attack,defense,regime) match found",0.4410863518714905,1.8080427646636963,False
c4_static__iid__no_attack__seed42,multi_krum,not_applicable,42,iid,no_attack,"K=50 local SGD steps/client/round; 25 FL rounds; same TorchCNNFlat model/init scheme; SGD optimizer, LR=0.01, batch_size=128; 5 clients; MALICIOUS_RATIO=0.2 (client 0); attack_start=round 10; SERVER_REF_FRACTION=0.10; same evaluate() on official PathMNIST test split -- identical across benchmark_v2_corrected and combined_e2e_minimal by construction (both derive these constants from the same locked protocol addenda).",True,"exact (partition,seed,attack,defense,regime) match found",0.4598885774612427,1.8103156089782717,False
c4_drift_aware__iid__no_attack__seed42,fedavg,not_applicable,42,iid,no_attack,"K=50 local SGD steps/client/round; 25 FL rounds; same TorchCNNFlat model/init scheme; SGD optimizer, LR=0.01, batch_size=128; 5 clients; MALICIOUS_RATIO=0.2 (client 0); attack_start=round 10; SERVER_REF_FRACTION=0.10; same evaluate() on official PathMNIST test split -- identical across benchmark_v2_corrected and combined_e2e_minimal by construction (both derive these constants from the same locked protocol addenda).",True,"exact (partition,seed,attack,defense,regime) match found",0.4498607218265533,1.8030189275741575,False
c4_drift_aware__iid__no_attack__seed42,norm,A_condition_specific_oracle,42,iid,no_attack,"K=50 local SGD steps/client/round; 25 FL rounds; same TorchCNNFlat model/init scheme; SGD optimizer, LR=0.01, batch_size=128; 5 clients; MALICIOUS_RATIO=0.2 (client 0); attack_start=round 10; SERVER_REF_FRACTION=0.10; same evaluate() on official PathMNIST test split -- identical across benchmark_v2_corrected and combined_e2e_minimal by construction (both derive these constants from the same locked protocol addenda).",True,"exact (partition,seed,attack,defense,regime) match found",0.3352367877960205,2.10745906829834,False
c4_drift_aware__iid__no_attack__seed42,cosine,A_condition_specific_oracle,42,iid,no_attack,"K=50 local SGD steps/client/round; 25 FL rounds; same TorchCNNFlat model/init scheme; SGD optimizer, LR=0.01, batch_size=128; 5 clients; MALICIOUS_RATIO=0.2 (client 0); attack_start=round 10; SERVER_REF_FRACTION=0.10; same evaluate() on official PathMNIST test split -- identical across benchmark_v2_corrected and combined_e2e_minimal by construction (both derive these constants from the same locked protocol addenda).",True,"exact (partition,seed,attack,defense,regime) match found",0.415320336818695,1.7741788625717163,False
c4_drift_aware__iid__no_attack__seed42,sign_consensus,A_condition_specific_oracle,42,iid,no_attack,"K=50 local SGD steps/client/round; 25 FL rounds; same TorchCNNFlat model/init scheme; SGD optimizer, LR=0.01, batch_size=128; 5 clients; MALICIOUS_RATIO=0.2 (client 0); attack_start=round 10; SERVER_REF_FRACTION=0.10; same evaluate() on official PathMNIST test split -- identical across benchmark_v2_corrected and combined_e2e_minimal by construction (both derive these constants from the same locked protocol addenda).",True,"exact (partition,seed,attack,defense,regime) match found",0.4498607218265533,1.8031284809112549,False
c4_drift_aware__iid__no_attack__seed42,median,not_applicable,42,iid,no_attack,"K=50 local SGD steps/client/round; 25 FL rounds; same TorchCNNFlat model/init scheme; SGD optimizer, LR=0.01, batch_size=128; 5 clients; MALICIOUS_RATIO=0.2 (client 0); attack_start=round 10; SERVER_REF_FRACTION=0.10; same evaluate() on official PathMNIST test split -- identical across benchmark_v2_corrected and combined_e2e_minimal by construction (both derive these constants from the same locked protocol addenda).",True,"exact (partition,seed,attack,defense,regime) match found",0.4410863518714905,1.8080427646636963,False
c4_drift_aware__iid__no_attack__seed42,multi_krum,not_applicable,42,iid,no_attack,"K=50 local SGD steps/client/round; 25 FL rounds; same TorchCNNFlat model/init scheme; SGD optimizer, LR=0.01, batch_size=128; 5 clients; MALICIOUS_RATIO=0.2 (client 0); attack_start=round 10; SERVER_REF_FRACTION=0.10; same evaluate() on official PathMNIST test split -- identical across benchmark_v2_corrected and combined_e2e_minimal by construction (both derive these constants from the same locked protocol addenda).",True,"exact (partition,seed,attack,defense,regime) match found",0.4598885774612427,1.8103156089782717,False
c3_static__iid__large_norm__seed42,fedavg,not_applicable,42,iid,large_norm,"K=50 local SGD steps/client/round; 25 FL rounds; same TorchCNNFlat model/init scheme; SGD optimizer, LR=0.01, batch_size=128; 5 clients; MALICIOUS_RATIO=0.2 (client 0); attack_start=round 10; SERVER_REF_FRACTION=0.10; same evaluate() on official PathMNIST test split -- identical across benchmark_v2_corrected and combined_e2e_minimal by construction (both derive these constants from the same locked protocol addenda).",True,"exact (partition,seed,attack,defense,regime) match found",0.1870473623275756,170438880.0,True
c3_static__iid__large_norm__seed42,norm,A_condition_specific_oracle,42,iid,large_norm,"K=50 local SGD steps/client/round; 25 FL rounds; same TorchCNNFlat model/init scheme; SGD optimizer, LR=0.01, batch_size=128; 5 clients; MALICIOUS_RATIO=0.2 (client 0); attack_start=round 10; SERVER_REF_FRACTION=0.10; same evaluate() on official PathMNIST test split -- identical across benchmark_v2_corrected and combined_e2e_minimal by construction (both derive these constants from the same locked protocol addenda).",True,"exact (partition,seed,attack,defense,regime) match found",0.3538997173309326,2.117106437683105,False
c3_static__iid__large_norm__seed42,cosine,A_condition_specific_oracle,42,iid,large_norm,"K=50 local SGD steps/client/round; 25 FL rounds; same TorchCNNFlat model/init scheme; SGD optimizer, LR=0.01, batch_size=128; 5 clients; MALICIOUS_RATIO=0.2 (client 0); attack_start=round 10; SERVER_REF_FRACTION=0.10; same evaluate() on official PathMNIST test split -- identical across benchmark_v2_corrected and combined_e2e_minimal by construction (both derive these constants from the same locked protocol addenda).",True,"exact (partition,seed,attack,defense,regime) match found",0.434401124715805,1.7705838680267334,False
c3_static__iid__large_norm__seed42,sign_consensus,A_condition_specific_oracle,42,iid,large_norm,"K=50 local SGD steps/client/round; 25 FL rounds; same TorchCNNFlat model/init scheme; SGD optimizer, LR=0.01, batch_size=128; 5 clients; MALICIOUS_RATIO=0.2 (client 0); attack_start=round 10; SERVER_REF_FRACTION=0.10; same evaluate() on official PathMNIST test split -- identical across benchmark_v2_corrected and combined_e2e_minimal by construction (both derive these constants from the same locked protocol addenda).",True,"exact (partition,seed,attack,defense,regime) match found",0.1870473623275756,170439152.0,True
c3_static__iid__large_norm__seed42,median,not_applicable,42,iid,large_norm,"K=50 local SGD steps/client/round; 25 FL rounds; same TorchCNNFlat model/init scheme; SGD optimizer, LR=0.01, batch_size=128; 5 clients; MALICIOUS_RATIO=0.2 (client 0); attack_start=round 10; SERVER_REF_FRACTION=0.10; same evaluate() on official PathMNIST test split -- identical across benchmark_v2_corrected and combined_e2e_minimal by construction (both derive these constants from the same locked protocol addenda).",True,"exact (partition,seed,attack,defense,regime) match found",0.4600278735160827,1.7984222173690796,False
c3_static__iid__large_norm__seed42,multi_krum,not_applicable,42,iid,large_norm,"K=50 local SGD steps/client/round; 25 FL rounds; same TorchCNNFlat model/init scheme; SGD optimizer, LR=0.01, batch_size=128; 5 clients; MALICIOUS_RATIO=0.2 (client 0); attack_start=round 10; SERVER_REF_FRACTION=0.10; same evaluate() on official PathMNIST test split -- identical across benchmark_v2_corrected and combined_e2e_minimal by construction (both derive these constants from the same locked protocol addenda).",True,"exact (partition,seed,attack,defense,regime) match found",0.459749311208725,1.7950929403305054,False
c4_static__iid__large_norm__seed42,fedavg,not_applicable,42,iid,large_norm,"K=50 local SGD steps/client/round; 25 FL rounds; same TorchCNNFlat model/init scheme; SGD optimizer, LR=0.01, batch_size=128; 5 clients; MALICIOUS_RATIO=0.2 (client 0); attack_start=round 10; SERVER_REF_FRACTION=0.10; same evaluate() on official PathMNIST test split -- identical across benchmark_v2_corrected and combined_e2e_minimal by construction (both derive these constants from the same locked protocol addenda).",True,"exact (partition,seed,attack,defense,regime) match found",0.1870473623275756,170438880.0,True
c4_static__iid__large_norm__seed42,norm,A_condition_specific_oracle,42,iid,large_norm,"K=50 local SGD steps/client/round; 25 FL rounds; same TorchCNNFlat model/init scheme; SGD optimizer, LR=0.01, batch_size=128; 5 clients; MALICIOUS_RATIO=0.2 (client 0); attack_start=round 10; SERVER_REF_FRACTION=0.10; same evaluate() on official PathMNIST test split -- identical across benchmark_v2_corrected and combined_e2e_minimal by construction (both derive these constants from the same locked protocol addenda).",True,"exact (partition,seed,attack,defense,regime) match found",0.3538997173309326,2.117106437683105,False
c4_static__iid__large_norm__seed42,cosine,A_condition_specific_oracle,42,iid,large_norm,"K=50 local SGD steps/client/round; 25 FL rounds; same TorchCNNFlat model/init scheme; SGD optimizer, LR=0.01, batch_size=128; 5 clients; MALICIOUS_RATIO=0.2 (client 0); attack_start=round 10; SERVER_REF_FRACTION=0.10; same evaluate() on official PathMNIST test split -- identical across benchmark_v2_corrected and combined_e2e_minimal by construction (both derive these constants from the same locked protocol addenda).",True,"exact (partition,seed,attack,defense,regime) match found",0.434401124715805,1.7705838680267334,False
c4_static__iid__large_norm__seed42,sign_consensus,A_condition_specific_oracle,42,iid,large_norm,"K=50 local SGD steps/client/round; 25 FL rounds; same TorchCNNFlat model/init scheme; SGD optimizer, LR=0.01, batch_size=128; 5 clients; MALICIOUS_RATIO=0.2 (client 0); attack_start=round 10; SERVER_REF_FRACTION=0.10; same evaluate() on official PathMNIST test split -- identical across benchmark_v2_corrected and combined_e2e_minimal by construction (both derive these constants from the same locked protocol addenda).",True,"exact (partition,seed,attack,defense,regime) match found",0.1870473623275756,170439152.0,True
c4_static__iid__large_norm__seed42,median,not_applicable,42,iid,large_norm,"K=50 local SGD steps/client/round; 25 FL rounds; same TorchCNNFlat model/init scheme; SGD optimizer, LR=0.01, batch_size=128; 5 clients; MALICIOUS_RATIO=0.2 (client 0); attack_start=round 10; SERVER_REF_FRACTION=0.10; same evaluate() on official PathMNIST test split -- identical across benchmark_v2_corrected and combined_e2e_minimal by construction (both derive these constants from the same locked protocol addenda).",True,"exact (partition,seed,attack,defense,regime) match found",0.4600278735160827,1.7984222173690796,False
c4_static__iid__large_norm__seed42,multi_krum,not_applicable,42,iid,large_norm,"K=50 local SGD steps/client/round; 25 FL rounds; same TorchCNNFlat model/init scheme; SGD optimizer, LR=0.01, batch_size=128; 5 clients; MALICIOUS_RATIO=0.2 (client 0); attack_start=round 10; SERVER_REF_FRACTION=0.10; same evaluate() on official PathMNIST test split -- identical across benchmark_v2_corrected and combined_e2e_minimal by construction (both derive these constants from the same locked protocol addenda).",True,"exact (partition,seed,attack,defense,regime) match found",0.459749311208725,1.7950929403305054,False
c4_drift_aware__iid__large_norm__seed42,fedavg,not_applicable,42,iid,large_norm,"K=50 local SGD steps/client/round; 25 FL rounds; same TorchCNNFlat model/init scheme; SGD optimizer, LR=0.01, batch_size=128; 5 clients; MALICIOUS_RATIO=0.2 (client 0); attack_start=round 10; SERVER_REF_FRACTION=0.10; same evaluate() on official PathMNIST test split -- identical across benchmark_v2_corrected and combined_e2e_minimal by construction (both derive these constants from the same locked protocol addenda).",True,"exact (partition,seed,attack,defense,regime) match found",0.1870473623275756,170438880.0,True
c4_drift_aware__iid__large_norm__seed42,norm,A_condition_specific_oracle,42,iid,large_norm,"K=50 local SGD steps/client/round; 25 FL rounds; same TorchCNNFlat model/init scheme; SGD optimizer, LR=0.01, batch_size=128; 5 clients; MALICIOUS_RATIO=0.2 (client 0); attack_start=round 10; SERVER_REF_FRACTION=0.10; same evaluate() on official PathMNIST test split -- identical across benchmark_v2_corrected and combined_e2e_minimal by construction (both derive these constants from the same locked protocol addenda).",True,"exact (partition,seed,attack,defense,regime) match found",0.3538997173309326,2.117106437683105,False
c4_drift_aware__iid__large_norm__seed42,cosine,A_condition_specific_oracle,42,iid,large_norm,"K=50 local SGD steps/client/round; 25 FL rounds; same TorchCNNFlat model/init scheme; SGD optimizer, LR=0.01, batch_size=128; 5 clients; MALICIOUS_RATIO=0.2 (client 0); attack_start=round 10; SERVER_REF_FRACTION=0.10; same evaluate() on official PathMNIST test split -- identical across benchmark_v2_corrected and combined_e2e_minimal by construction (both derive these constants from the same locked protocol addenda).",True,"exact (partition,seed,attack,defense,regime) match found",0.434401124715805,1.7705838680267334,False
c4_drift_aware__iid__large_norm__seed42,sign_consensus,A_condition_specific_oracle,42,iid,large_norm,"K=50 local SGD steps/client/round; 25 FL rounds; same TorchCNNFlat model/init scheme; SGD optimizer, LR=0.01, batch_size=128; 5 clients; MALICIOUS_RATIO=0.2 (client 0); attack_start=round 10; SERVER_REF_FRACTION=0.10; same evaluate() on official PathMNIST test split -- identical across benchmark_v2_corrected and combined_e2e_minimal by construction (both derive these constants from the same locked protocol addenda).",True,"exact (partition,seed,attack,defense,regime) match found",0.1870473623275756,170439152.0,True
c4_drift_aware__iid__large_norm__seed42,median,not_applicable,42,iid,large_norm,"K=50 local SGD steps/client/round; 25 FL rounds; same TorchCNNFlat model/init scheme; SGD optimizer, LR=0.01, batch_size=128; 5 clients; MALICIOUS_RATIO=0.2 (client 0); attack_start=round 10; SERVER_REF_FRACTION=0.10; same evaluate() on official PathMNIST test split -- identical across benchmark_v2_corrected and combined_e2e_minimal by construction (both derive these constants from the same locked protocol addenda).",True,"exact (partition,seed,attack,defense,regime) match found",0.4600278735160827,1.7984222173690796,False
c4_drift_aware__iid__large_norm__seed42,multi_krum,not_applicable,42,iid,large_norm,"K=50 local SGD steps/client/round; 25 FL rounds; same TorchCNNFlat model/init scheme; SGD optimizer, LR=0.01, batch_size=128; 5 clients; MALICIOUS_RATIO=0.2 (client 0); attack_start=round 10; SERVER_REF_FRACTION=0.10; same evaluate() on official PathMNIST test split -- identical across benchmark_v2_corrected and combined_e2e_minimal by construction (both derive these constants from the same locked protocol addenda).",True,"exact (partition,seed,attack,defense,regime) match found",0.459749311208725,1.7950929403305054,False
c3_static__iid__directional_poisoning__seed42,fedavg,not_applicable,42,iid,directional_poisoning,"K=50 local SGD steps/client/round; 25 FL rounds; same TorchCNNFlat model/init scheme; SGD optimizer, LR=0.01, batch_size=128; 5 clients; MALICIOUS_RATIO=0.2 (client 0); attack_start=round 10; SERVER_REF_FRACTION=0.10; same evaluate() on official PathMNIST test split -- identical across benchmark_v2_corrected and combined_e2e_minimal by construction (both derive these constants from the same locked protocol addenda).",True,"exact (partition,seed,attack,defense,regime) match found",0.3523676991462707,2.088383436203003,False
c3_static__iid__directional_poisoning__seed42,norm,A_condition_specific_oracle,42,iid,directional_poisoning,"K=50 local SGD steps/client/round; 25 FL rounds; same TorchCNNFlat model/init scheme; SGD optimizer, LR=0.01, batch_size=128; 5 clients; MALICIOUS_RATIO=0.2 (client 0); attack_start=round 10; SERVER_REF_FRACTION=0.10; same evaluate() on official PathMNIST test split -- identical across benchmark_v2_corrected and combined_e2e_minimal by construction (both derive these constants from the same locked protocol addenda).",True,"exact (partition,seed,attack,defense,regime) match found",0.3438718616962433,2.1194281578063965,False
c3_static__iid__directional_poisoning__seed42,cosine,A_condition_specific_oracle,42,iid,directional_poisoning,"K=50 local SGD steps/client/round; 25 FL rounds; same TorchCNNFlat model/init scheme; SGD optimizer, LR=0.01, batch_size=128; 5 clients; MALICIOUS_RATIO=0.2 (client 0); attack_start=round 10; SERVER_REF_FRACTION=0.10; same evaluate() on official PathMNIST test split -- identical across benchmark_v2_corrected and combined_e2e_minimal by construction (both derive these constants from the same locked protocol addenda).",True,"exact (partition,seed,attack,defense,regime) match found",0.416155993938446,1.7612943649291992,False
c3_static__iid__directional_poisoning__seed42,sign_consensus,A_condition_specific_oracle,42,iid,directional_poisoning,"K=50 local SGD steps/client/round; 25 FL rounds; same TorchCNNFlat model/init scheme; SGD optimizer, LR=0.01, batch_size=128; 5 clients; MALICIOUS_RATIO=0.2 (client 0); attack_start=round 10; SERVER_REF_FRACTION=0.10; same evaluate() on official PathMNIST test split -- identical across benchmark_v2_corrected and combined_e2e_minimal by construction (both derive these constants from the same locked protocol addenda).",True,"exact (partition,seed,attack,defense,regime) match found",0.4607242345809936,1.7925868034362793,False
c3_static__iid__directional_poisoning__seed42,median,not_applicable,42,iid,directional_poisoning,"K=50 local SGD steps/client/round; 25 FL rounds; same TorchCNNFlat model/init scheme; SGD optimizer, LR=0.01, batch_size=128; 5 clients; MALICIOUS_RATIO=0.2 (client 0); attack_start=round 10; SERVER_REF_FRACTION=0.10; same evaluate() on official PathMNIST test split -- identical across benchmark_v2_corrected and combined_e2e_minimal by construction (both derive these constants from the same locked protocol addenda).",True,"exact (partition,seed,attack,defense,regime) match found",0.434401124715805,1.8398467302322388,False
c3_static__iid__directional_poisoning__seed42,multi_krum,not_applicable,42,iid,directional_poisoning,"K=50 local SGD steps/client/round; 25 FL rounds; same TorchCNNFlat model/init scheme; SGD optimizer, LR=0.01, batch_size=128; 5 clients; MALICIOUS_RATIO=0.2 (client 0); attack_start=round 10; SERVER_REF_FRACTION=0.10; same evaluate() on official PathMNIST test split -- identical across benchmark_v2_corrected and combined_e2e_minimal by construction (both derive these constants from the same locked protocol addenda).",True,"exact (partition,seed,attack,defense,regime) match found",0.4605849683284759,1.7933269739151,False
c4_static__iid__directional_poisoning__seed42,fedavg,not_applicable,42,iid,directional_poisoning,"K=50 local SGD steps/client/round; 25 FL rounds; same TorchCNNFlat model/init scheme; SGD optimizer, LR=0.01, batch_size=128; 5 clients; MALICIOUS_RATIO=0.2 (client 0); attack_start=round 10; SERVER_REF_FRACTION=0.10; same evaluate() on official PathMNIST test split -- identical across benchmark_v2_corrected and combined_e2e_minimal by construction (both derive these constants from the same locked protocol addenda).",True,"exact (partition,seed,attack,defense,regime) match found",0.3523676991462707,2.088383436203003,False
c4_static__iid__directional_poisoning__seed42,norm,A_condition_specific_oracle,42,iid,directional_poisoning,"K=50 local SGD steps/client/round; 25 FL rounds; same TorchCNNFlat model/init scheme; SGD optimizer, LR=0.01, batch_size=128; 5 clients; MALICIOUS_RATIO=0.2 (client 0); attack_start=round 10; SERVER_REF_FRACTION=0.10; same evaluate() on official PathMNIST test split -- identical across benchmark_v2_corrected and combined_e2e_minimal by construction (both derive these constants from the same locked protocol addenda).",True,"exact (partition,seed,attack,defense,regime) match found",0.3438718616962433,2.1194281578063965,False
c4_static__iid__directional_poisoning__seed42,cosine,A_condition_specific_oracle,42,iid,directional_poisoning,"K=50 local SGD steps/client/round; 25 FL rounds; same TorchCNNFlat model/init scheme; SGD optimizer, LR=0.01, batch_size=128; 5 clients; MALICIOUS_RATIO=0.2 (client 0); attack_start=round 10; SERVER_REF_FRACTION=0.10; same evaluate() on official PathMNIST test split -- identical across benchmark_v2_corrected and combined_e2e_minimal by construction (both derive these constants from the same locked protocol addenda).",True,"exact (partition,seed,attack,defense,regime) match found",0.416155993938446,1.7612943649291992,False
c4_static__iid__directional_poisoning__seed42,sign_consensus,A_condition_specific_oracle,42,iid,directional_poisoning,"K=50 local SGD steps/client/round; 25 FL rounds; same TorchCNNFlat model/init scheme; SGD optimizer, LR=0.01, batch_size=128; 5 clients; MALICIOUS_RATIO=0.2 (client 0); attack_start=round 10; SERVER_REF_FRACTION=0.10; same evaluate() on official PathMNIST test split -- identical across benchmark_v2_corrected and combined_e2e_minimal by construction (both derive these constants from the same locked protocol addenda).",True,"exact (partition,seed,attack,defense,regime) match found",0.4607242345809936,1.7925868034362793,False
c4_static__iid__directional_poisoning__seed42,median,not_applicable,42,iid,directional_poisoning,"K=50 local SGD steps/client/round; 25 FL rounds; same TorchCNNFlat model/init scheme; SGD optimizer, LR=0.01, batch_size=128; 5 clients; MALICIOUS_RATIO=0.2 (client 0); attack_start=round 10; SERVER_REF_FRACTION=0.10; same evaluate() on official PathMNIST test split -- identical across benchmark_v2_corrected and combined_e2e_minimal by construction (both derive these constants from the same locked protocol addenda).",True,"exact (partition,seed,attack,defense,regime) match found",0.434401124715805,1.8398467302322388,False
c4_static__iid__directional_poisoning__seed42,multi_krum,not_applicable,42,iid,directional_poisoning,"K=50 local SGD steps/client/round; 25 FL rounds; same TorchCNNFlat model/init scheme; SGD optimizer, LR=0.01, batch_size=128; 5 clients; MALICIOUS_RATIO=0.2 (client 0); attack_start=round 10; SERVER_REF_FRACTION=0.10; same evaluate() on official PathMNIST test split -- identical across benchmark_v2_corrected and combined_e2e_minimal by construction (both derive these constants from the same locked protocol addenda).",True,"exact (partition,seed,attack,defense,regime) match found",0.4605849683284759,1.7933269739151,False
c4_drift_aware__iid__directional_poisoning__seed42,fedavg,not_applicable,42,iid,directional_poisoning,"K=50 local SGD steps/client/round; 25 FL rounds; same TorchCNNFlat model/init scheme; SGD optimizer, LR=0.01, batch_size=128; 5 clients; MALICIOUS_RATIO=0.2 (client 0); attack_start=round 10; SERVER_REF_FRACTION=0.10; same evaluate() on official PathMNIST test split -- identical across benchmark_v2_corrected and combined_e2e_minimal by construction (both derive these constants from the same locked protocol addenda).",True,"exact (partition,seed,attack,defense,regime) match found",0.3523676991462707,2.088383436203003,False
c4_drift_aware__iid__directional_poisoning__seed42,norm,A_condition_specific_oracle,42,iid,directional_poisoning,"K=50 local SGD steps/client/round; 25 FL rounds; same TorchCNNFlat model/init scheme; SGD optimizer, LR=0.01, batch_size=128; 5 clients; MALICIOUS_RATIO=0.2 (client 0); attack_start=round 10; SERVER_REF_FRACTION=0.10; same evaluate() on official PathMNIST test split -- identical across benchmark_v2_corrected and combined_e2e_minimal by construction (both derive these constants from the same locked protocol addenda).",True,"exact (partition,seed,attack,defense,regime) match found",0.3438718616962433,2.1194281578063965,False
c4_drift_aware__iid__directional_poisoning__seed42,cosine,A_condition_specific_oracle,42,iid,directional_poisoning,"K=50 local SGD steps/client/round; 25 FL rounds; same TorchCNNFlat model/init scheme; SGD optimizer, LR=0.01, batch_size=128; 5 clients; MALICIOUS_RATIO=0.2 (client 0); attack_start=round 10; SERVER_REF_FRACTION=0.10; same evaluate() on official PathMNIST test split -- identical across benchmark_v2_corrected and combined_e2e_minimal by construction (both derive these constants from the same locked protocol addenda).",True,"exact (partition,seed,attack,defense,regime) match found",0.416155993938446,1.7612943649291992,False
c4_drift_aware__iid__directional_poisoning__seed42,sign_consensus,A_condition_specific_oracle,42,iid,directional_poisoning,"K=50 local SGD steps/client/round; 25 FL rounds; same TorchCNNFlat model/init scheme; SGD optimizer, LR=0.01, batch_size=128; 5 clients; MALICIOUS_RATIO=0.2 (client 0); attack_start=round 10; SERVER_REF_FRACTION=0.10; same evaluate() on official PathMNIST test split -- identical across benchmark_v2_corrected and combined_e2e_minimal by construction (both derive these constants from the same locked protocol addenda).",True,"exact (partition,seed,attack,defense,regime) match found",0.4607242345809936,1.7925868034362793,False
c4_drift_aware__iid__directional_poisoning__seed42,median,not_applicable,42,iid,directional_poisoning,"K=50 local SGD steps/client/round; 25 FL rounds; same TorchCNNFlat model/init scheme; SGD optimizer, LR=0.01, batch_size=128; 5 clients; MALICIOUS_RATIO=0.2 (client 0); attack_start=round 10; SERVER_REF_FRACTION=0.10; same evaluate() on official PathMNIST test split -- identical across benchmark_v2_corrected and combined_e2e_minimal by construction (both derive these constants from the same locked protocol addenda).",True,"exact (partition,seed,attack,defense,regime) match found",0.434401124715805,1.8398467302322388,False
c4_drift_aware__iid__directional_poisoning__seed42,multi_krum,not_applicable,42,iid,directional_poisoning,"K=50 local SGD steps/client/round; 25 FL rounds; same TorchCNNFlat model/init scheme; SGD optimizer, LR=0.01, batch_size=128; 5 clients; MALICIOUS_RATIO=0.2 (client 0); attack_start=round 10; SERVER_REF_FRACTION=0.10; same evaluate() on official PathMNIST test split -- identical across benchmark_v2_corrected and combined_e2e_minimal by construction (both derive these constants from the same locked protocol addenda).",True,"exact (partition,seed,attack,defense,regime) match found",0.4605849683284759,1.7933269739151,False
c3_static__iid__sparse_coordinate_attack__seed42,fedavg,not_applicable,42,iid,sparse_coordinate_attack,"K=50 local SGD steps/client/round; 25 FL rounds; same TorchCNNFlat model/init scheme; SGD optimizer, LR=0.01, batch_size=128; 5 clients; MALICIOUS_RATIO=0.2 (client 0); attack_start=round 10; SERVER_REF_FRACTION=0.10; same evaluate() on official PathMNIST test split -- identical across benchmark_v2_corrected and combined_e2e_minimal by construction (both derive these constants from the same locked protocol addenda).",True,"exact (partition,seed,attack,defense,regime) match found",0.3218663036823272,1.8629366159439087,False
c3_static__iid__sparse_coordinate_attack__seed42,norm,A_condition_specific_oracle,42,iid,sparse_coordinate_attack,"K=50 local SGD steps/client/round; 25 FL rounds; same TorchCNNFlat model/init scheme; SGD optimizer, LR=0.01, batch_size=128; 5 clients; MALICIOUS_RATIO=0.2 (client 0); attack_start=round 10; SERVER_REF_FRACTION=0.10; same evaluate() on official PathMNIST test split -- identical across benchmark_v2_corrected and combined_e2e_minimal by construction (both derive these constants from the same locked protocol addenda).",True,"exact (partition,seed,attack,defense,regime) match found",0.3505571186542511,2.1190719604492188,False
c3_static__iid__sparse_coordinate_attack__seed42,cosine,A_condition_specific_oracle,42,iid,sparse_coordinate_attack,"K=50 local SGD steps/client/round; 25 FL rounds; same TorchCNNFlat model/init scheme; SGD optimizer, LR=0.01, batch_size=128; 5 clients; MALICIOUS_RATIO=0.2 (client 0); attack_start=round 10; SERVER_REF_FRACTION=0.10; same evaluate() on official PathMNIST test split -- identical across benchmark_v2_corrected and combined_e2e_minimal by construction (both derive these constants from the same locked protocol addenda).",True,"exact (partition,seed,attack,defense,regime) match found",0.458077996969223,1.78882098197937,False
c3_static__iid__sparse_coordinate_attack__seed42,sign_consensus,A_condition_specific_oracle,42,iid,sparse_coordinate_attack,"K=50 local SGD steps/client/round; 25 FL rounds; same TorchCNNFlat model/init scheme; SGD optimizer, LR=0.01, batch_size=128; 5 clients; MALICIOUS_RATIO=0.2 (client 0); attack_start=round 10; SERVER_REF_FRACTION=0.10; same evaluate() on official PathMNIST test split -- identical across benchmark_v2_corrected and combined_e2e_minimal by construction (both derive these constants from the same locked protocol addenda).",True,"exact (partition,seed,attack,defense,regime) match found",0.4598885774612427,1.7812837362289429,False
c3_static__iid__sparse_coordinate_attack__seed42,median,not_applicable,42,iid,sparse_coordinate_attack,"K=50 local SGD steps/client/round; 25 FL rounds; same TorchCNNFlat model/init scheme; SGD optimizer, LR=0.01, batch_size=128; 5 clients; MALICIOUS_RATIO=0.2 (client 0); attack_start=round 10; SERVER_REF_FRACTION=0.10; same evaluate() on official PathMNIST test split -- identical across benchmark_v2_corrected and combined_e2e_minimal by construction (both derive these constants from the same locked protocol addenda).",True,"exact (partition,seed,attack,defense,regime) match found",0.4552924931049347,1.80487596988678,False
c3_static__iid__sparse_coordinate_attack__seed42,multi_krum,not_applicable,42,iid,sparse_coordinate_attack,"K=50 local SGD steps/client/round; 25 FL rounds; same TorchCNNFlat model/init scheme; SGD optimizer, LR=0.01, batch_size=128; 5 clients; MALICIOUS_RATIO=0.2 (client 0); attack_start=round 10; SERVER_REF_FRACTION=0.10; same evaluate() on official PathMNIST test split -- identical across benchmark_v2_corrected and combined_e2e_minimal by construction (both derive these constants from the same locked protocol addenda).",True,"exact (partition,seed,attack,defense,regime) match found",0.4600278735160827,1.7816803455352783,False
c4_static__iid__sparse_coordinate_attack__seed42,fedavg,not_applicable,42,iid,sparse_coordinate_attack,"K=50 local SGD steps/client/round; 25 FL rounds; same TorchCNNFlat model/init scheme; SGD optimizer, LR=0.01, batch_size=128; 5 clients; MALICIOUS_RATIO=0.2 (client 0); attack_start=round 10; SERVER_REF_FRACTION=0.10; same evaluate() on official PathMNIST test split -- identical across benchmark_v2_corrected and combined_e2e_minimal by construction (both derive these constants from the same locked protocol addenda).",True,"exact (partition,seed,attack,defense,regime) match found",0.3218663036823272,1.8629366159439087,False
c4_static__iid__sparse_coordinate_attack__seed42,norm,A_condition_specific_oracle,42,iid,sparse_coordinate_attack,"K=50 local SGD steps/client/round; 25 FL rounds; same TorchCNNFlat model/init scheme; SGD optimizer, LR=0.01, batch_size=128; 5 clients; MALICIOUS_RATIO=0.2 (client 0); attack_start=round 10; SERVER_REF_FRACTION=0.10; same evaluate() on official PathMNIST test split -- identical across benchmark_v2_corrected and combined_e2e_minimal by construction (both derive these constants from the same locked protocol addenda).",True,"exact (partition,seed,attack,defense,regime) match found",0.3505571186542511,2.1190719604492188,False
c4_static__iid__sparse_coordinate_attack__seed42,cosine,A_condition_specific_oracle,42,iid,sparse_coordinate_attack,"K=50 local SGD steps/client/round; 25 FL rounds; same TorchCNNFlat model/init scheme; SGD optimizer, LR=0.01, batch_size=128; 5 clients; MALICIOUS_RATIO=0.2 (client 0); attack_start=round 10; SERVER_REF_FRACTION=0.10; same evaluate() on official PathMNIST test split -- identical across benchmark_v2_corrected and combined_e2e_minimal by construction (both derive these constants from the same locked protocol addenda).",True,"exact (partition,seed,attack,defense,regime) match found",0.458077996969223,1.78882098197937,False
c4_static__iid__sparse_coordinate_attack__seed42,sign_consensus,A_condition_specific_oracle,42,iid,sparse_coordinate_attack,"K=50 local SGD steps/client/round; 25 FL rounds; same TorchCNNFlat model/init scheme; SGD optimizer, LR=0.01, batch_size=128; 5 clients; MALICIOUS_RATIO=0.2 (client 0); attack_start=round 10; SERVER_REF_FRACTION=0.10; same evaluate() on official PathMNIST test split -- identical across benchmark_v2_corrected and combined_e2e_minimal by construction (both derive these constants from the same locked protocol addenda).",True,"exact (partition,seed,attack,defense,regime) match found",0.4598885774612427,1.7812837362289429,False
c4_static__iid__sparse_coordinate_attack__seed42,median,not_applicable,42,iid,sparse_coordinate_attack,"K=50 local SGD steps/client/round; 25 FL rounds; same TorchCNNFlat model/init scheme; SGD optimizer, LR=0.01, batch_size=128; 5 clients; MALICIOUS_RATIO=0.2 (client 0); attack_start=round 10; SERVER_REF_FRACTION=0.10; same evaluate() on official PathMNIST test split -- identical across benchmark_v2_corrected and combined_e2e_minimal by construction (both derive these constants from the same locked protocol addenda).",True,"exact (partition,seed,attack,defense,regime) match found",0.4552924931049347,1.80487596988678,False
c4_static__iid__sparse_coordinate_attack__seed42,multi_krum,not_applicable,42,iid,sparse_coordinate_attack,"K=50 local SGD steps/client/round; 25 FL rounds; same TorchCNNFlat model/init scheme; SGD optimizer, LR=0.01, batch_size=128; 5 clients; MALICIOUS_RATIO=0.2 (client 0); attack_start=round 10; SERVER_REF_FRACTION=0.10; same evaluate() on official PathMNIST test split -- identical across benchmark_v2_corrected and combined_e2e_minimal by construction (both derive these constants from the same locked protocol addenda).",True,"exact (partition,seed,attack,defense,regime) match found",0.4600278735160827,1.7816803455352783,False
c4_drift_aware__iid__sparse_coordinate_attack__seed42,fedavg,not_applicable,42,iid,sparse_coordinate_attack,"K=50 local SGD steps/client/round; 25 FL rounds; same TorchCNNFlat model/init scheme; SGD optimizer, LR=0.01, batch_size=128; 5 clients; MALICIOUS_RATIO=0.2 (client 0); attack_start=round 10; SERVER_REF_FRACTION=0.10; same evaluate() on official PathMNIST test split -- identical across benchmark_v2_corrected and combined_e2e_minimal by construction (both derive these constants from the same locked protocol addenda).",True,"exact (partition,seed,attack,defense,regime) match found",0.3218663036823272,1.8629366159439087,False
c4_drift_aware__iid__sparse_coordinate_attack__seed42,norm,A_condition_specific_oracle,42,iid,sparse_coordinate_attack,"K=50 local SGD steps/client/round; 25 FL rounds; same TorchCNNFlat model/init scheme; SGD optimizer, LR=0.01, batch_size=128; 5 clients; MALICIOUS_RATIO=0.2 (client 0); attack_start=round 10; SERVER_REF_FRACTION=0.10; same evaluate() on official PathMNIST test split -- identical across benchmark_v2_corrected and combined_e2e_minimal by construction (both derive these constants from the same locked protocol addenda).",True,"exact (partition,seed,attack,defense,regime) match found",0.3505571186542511,2.1190719604492188,False
c4_drift_aware__iid__sparse_coordinate_attack__seed42,cosine,A_condition_specific_oracle,42,iid,sparse_coordinate_attack,"K=50 local SGD steps/client/round; 25 FL rounds; same TorchCNNFlat model/init scheme; SGD optimizer, LR=0.01, batch_size=128; 5 clients; MALICIOUS_RATIO=0.2 (client 0); attack_start=round 10; SERVER_REF_FRACTION=0.10; same evaluate() on official PathMNIST test split -- identical across benchmark_v2_corrected and combined_e2e_minimal by construction (both derive these constants from the same locked protocol addenda).",True,"exact (partition,seed,attack,defense,regime) match found",0.458077996969223,1.78882098197937,False
c4_drift_aware__iid__sparse_coordinate_attack__seed42,sign_consensus,A_condition_specific_oracle,42,iid,sparse_coordinate_attack,"K=50 local SGD steps/client/round; 25 FL rounds; same TorchCNNFlat model/init scheme; SGD optimizer, LR=0.01, batch_size=128; 5 clients; MALICIOUS_RATIO=0.2 (client 0); attack_start=round 10; SERVER_REF_FRACTION=0.10; same evaluate() on official PathMNIST test split -- identical across benchmark_v2_corrected and combined_e2e_minimal by construction (both derive these constants from the same locked protocol addenda).",True,"exact (partition,seed,attack,defense,regime) match found",0.4598885774612427,1.7812837362289429,False
c4_drift_aware__iid__sparse_coordinate_attack__seed42,median,not_applicable,42,iid,sparse_coordinate_attack,"K=50 local SGD steps/client/round; 25 FL rounds; same TorchCNNFlat model/init scheme; SGD optimizer, LR=0.01, batch_size=128; 5 clients; MALICIOUS_RATIO=0.2 (client 0); attack_start=round 10; SERVER_REF_FRACTION=0.10; same evaluate() on official PathMNIST test split -- identical across benchmark_v2_corrected and combined_e2e_minimal by construction (both derive these constants from the same locked protocol addenda).",True,"exact (partition,seed,attack,defense,regime) match found",0.4552924931049347,1.80487596988678,False
c4_drift_aware__iid__sparse_coordinate_attack__seed42,multi_krum,not_applicable,42,iid,sparse_coordinate_attack,"K=50 local SGD steps/client/round; 25 FL rounds; same TorchCNNFlat model/init scheme; SGD optimizer, LR=0.01, batch_size=128; 5 clients; MALICIOUS_RATIO=0.2 (client 0); attack_start=round 10; SERVER_REF_FRACTION=0.10; same evaluate() on official PathMNIST test split -- identical across benchmark_v2_corrected and combined_e2e_minimal by construction (both derive these constants from the same locked protocol addenda).",True,"exact (partition,seed,attack,defense,regime) match found",0.4600278735160827,1.7816803455352783,False
c3_static__dirichlet_a0.1__no_attack__seed42,fedavg,not_applicable,42,dirichlet_a0.1,no_attack,"K=50 local SGD steps/client/round; 25 FL rounds; same TorchCNNFlat model/init scheme; SGD optimizer, LR=0.01, batch_size=128; 5 clients; MALICIOUS_RATIO=0.2 (client 0); attack_start=round 10; SERVER_REF_FRACTION=0.10; same evaluate() on official PathMNIST test split -- identical across benchmark_v2_corrected and combined_e2e_minimal by construction (both derive these constants from the same locked protocol addenda).",True,"exact (partition,seed,attack,defense,regime) match found",0.2392757683992386,1.9085639715194704,False
c3_static__dirichlet_a0.1__no_attack__seed42,norm,A_condition_specific_oracle,42,dirichlet_a0.1,no_attack,"K=50 local SGD steps/client/round; 25 FL rounds; same TorchCNNFlat model/init scheme; SGD optimizer, LR=0.01, batch_size=128; 5 clients; MALICIOUS_RATIO=0.2 (client 0); attack_start=round 10; SERVER_REF_FRACTION=0.10; same evaluate() on official PathMNIST test split -- identical across benchmark_v2_corrected and combined_e2e_minimal by construction (both derive these constants from the same locked protocol addenda).",True,"exact (partition,seed,attack,defense,regime) match found",0.2334261834621429,3.013904094696045,False
c3_static__dirichlet_a0.1__no_attack__seed42,cosine,A_condition_specific_oracle,42,dirichlet_a0.1,no_attack,"K=50 local SGD steps/client/round; 25 FL rounds; same TorchCNNFlat model/init scheme; SGD optimizer, LR=0.01, batch_size=128; 5 clients; MALICIOUS_RATIO=0.2 (client 0); attack_start=round 10; SERVER_REF_FRACTION=0.10; same evaluate() on official PathMNIST test split -- identical across benchmark_v2_corrected and combined_e2e_minimal by construction (both derive these constants from the same locked protocol addenda).",True,"exact (partition,seed,attack,defense,regime) match found",0.2374651879072189,1.888893723487854,False
c3_static__dirichlet_a0.1__no_attack__seed42,sign_consensus,A_condition_specific_oracle,42,dirichlet_a0.1,no_attack,"K=50 local SGD steps/client/round; 25 FL rounds; same TorchCNNFlat model/init scheme; SGD optimizer, LR=0.01, batch_size=128; 5 clients; MALICIOUS_RATIO=0.2 (client 0); attack_start=round 10; SERVER_REF_FRACTION=0.10; same evaluate() on official PathMNIST test split -- identical across benchmark_v2_corrected and combined_e2e_minimal by construction (both derive these constants from the same locked protocol addenda).",True,"exact (partition,seed,attack,defense,regime) match found",0.2394150495529174,1.9076955318450928,False
c3_static__dirichlet_a0.1__no_attack__seed42,median,not_applicable,42,dirichlet_a0.1,no_attack,"K=50 local SGD steps/client/round; 25 FL rounds; same TorchCNNFlat model/init scheme; SGD optimizer, LR=0.01, batch_size=128; 5 clients; MALICIOUS_RATIO=0.2 (client 0); attack_start=round 10; SERVER_REF_FRACTION=0.10; same evaluate() on official PathMNIST test split -- identical across benchmark_v2_corrected and combined_e2e_minimal by construction (both derive these constants from the same locked protocol addenda).",True,"exact (partition,seed,attack,defense,regime) match found",0.2073816210031509,2.039194107055664,False
c3_static__dirichlet_a0.1__no_attack__seed42,multi_krum,not_applicable,42,dirichlet_a0.1,no_attack,"K=50 local SGD steps/client/round; 25 FL rounds; same TorchCNNFlat model/init scheme; SGD optimizer, LR=0.01, batch_size=128; 5 clients; MALICIOUS_RATIO=0.2 (client 0); attack_start=round 10; SERVER_REF_FRACTION=0.10; same evaluate() on official PathMNIST test split -- identical across benchmark_v2_corrected and combined_e2e_minimal by construction (both derive these constants from the same locked protocol addenda).",True,"exact (partition,seed,attack,defense,regime) match found",0.2363509833812713,2.153787851333618,False
c4_static__dirichlet_a0.1__no_attack__seed42,fedavg,not_applicable,42,dirichlet_a0.1,no_attack,"K=50 local SGD steps/client/round; 25 FL rounds; same TorchCNNFlat model/init scheme; SGD optimizer, LR=0.01, batch_size=128; 5 clients; MALICIOUS_RATIO=0.2 (client 0); attack_start=round 10; SERVER_REF_FRACTION=0.10; same evaluate() on official PathMNIST test split -- identical across benchmark_v2_corrected and combined_e2e_minimal by construction (both derive these constants from the same locked protocol addenda).",True,"exact (partition,seed,attack,defense,regime) match found",0.2392757683992386,1.9085639715194704,False
c4_static__dirichlet_a0.1__no_attack__seed42,norm,A_condition_specific_oracle,42,dirichlet_a0.1,no_attack,"K=50 local SGD steps/client/round; 25 FL rounds; same TorchCNNFlat model/init scheme; SGD optimizer, LR=0.01, batch_size=128; 5 clients; MALICIOUS_RATIO=0.2 (client 0); attack_start=round 10; SERVER_REF_FRACTION=0.10; same evaluate() on official PathMNIST test split -- identical across benchmark_v2_corrected and combined_e2e_minimal by construction (both derive these constants from the same locked protocol addenda).",True,"exact (partition,seed,attack,defense,regime) match found",0.2334261834621429,3.013904094696045,False
c4_static__dirichlet_a0.1__no_attack__seed42,cosine,A_condition_specific_oracle,42,dirichlet_a0.1,no_attack,"K=50 local SGD steps/client/round; 25 FL rounds; same TorchCNNFlat model/init scheme; SGD optimizer, LR=0.01, batch_size=128; 5 clients; MALICIOUS_RATIO=0.2 (client 0); attack_start=round 10; SERVER_REF_FRACTION=0.10; same evaluate() on official PathMNIST test split -- identical across benchmark_v2_corrected and combined_e2e_minimal by construction (both derive these constants from the same locked protocol addenda).",True,"exact (partition,seed,attack,defense,regime) match found",0.2374651879072189,1.888893723487854,False
c4_static__dirichlet_a0.1__no_attack__seed42,sign_consensus,A_condition_specific_oracle,42,dirichlet_a0.1,no_attack,"K=50 local SGD steps/client/round; 25 FL rounds; same TorchCNNFlat model/init scheme; SGD optimizer, LR=0.01, batch_size=128; 5 clients; MALICIOUS_RATIO=0.2 (client 0); attack_start=round 10; SERVER_REF_FRACTION=0.10; same evaluate() on official PathMNIST test split -- identical across benchmark_v2_corrected and combined_e2e_minimal by construction (both derive these constants from the same locked protocol addenda).",True,"exact (partition,seed,attack,defense,regime) match found",0.2394150495529174,1.9076955318450928,False
c4_static__dirichlet_a0.1__no_attack__seed42,median,not_applicable,42,dirichlet_a0.1,no_attack,"K=50 local SGD steps/client/round; 25 FL rounds; same TorchCNNFlat model/init scheme; SGD optimizer, LR=0.01, batch_size=128; 5 clients; MALICIOUS_RATIO=0.2 (client 0); attack_start=round 10; SERVER_REF_FRACTION=0.10; same evaluate() on official PathMNIST test split -- identical across benchmark_v2_corrected and combined_e2e_minimal by construction (both derive these constants from the same locked protocol addenda).",True,"exact (partition,seed,attack,defense,regime) match found",0.2073816210031509,2.039194107055664,False
c4_static__dirichlet_a0.1__no_attack__seed42,multi_krum,not_applicable,42,dirichlet_a0.1,no_attack,"K=50 local SGD steps/client/round; 25 FL rounds; same TorchCNNFlat model/init scheme; SGD optimizer, LR=0.01, batch_size=128; 5 clients; MALICIOUS_RATIO=0.2 (client 0); attack_start=round 10; SERVER_REF_FRACTION=0.10; same evaluate() on official PathMNIST test split -- identical across benchmark_v2_corrected and combined_e2e_minimal by construction (both derive these constants from the same locked protocol addenda).",True,"exact (partition,seed,attack,defense,regime) match found",0.2363509833812713,2.153787851333618,False
c4_drift_aware__dirichlet_a0.1__no_attack__seed42,fedavg,not_applicable,42,dirichlet_a0.1,no_attack,"K=50 local SGD steps/client/round; 25 FL rounds; same TorchCNNFlat model/init scheme; SGD optimizer, LR=0.01, batch_size=128; 5 clients; MALICIOUS_RATIO=0.2 (client 0); attack_start=round 10; SERVER_REF_FRACTION=0.10; same evaluate() on official PathMNIST test split -- identical across benchmark_v2_corrected and combined_e2e_minimal by construction (both derive these constants from the same locked protocol addenda).",True,"exact (partition,seed,attack,defense,regime) match found",0.2392757683992386,1.9085639715194704,False
c4_drift_aware__dirichlet_a0.1__no_attack__seed42,norm,A_condition_specific_oracle,42,dirichlet_a0.1,no_attack,"K=50 local SGD steps/client/round; 25 FL rounds; same TorchCNNFlat model/init scheme; SGD optimizer, LR=0.01, batch_size=128; 5 clients; MALICIOUS_RATIO=0.2 (client 0); attack_start=round 10; SERVER_REF_FRACTION=0.10; same evaluate() on official PathMNIST test split -- identical across benchmark_v2_corrected and combined_e2e_minimal by construction (both derive these constants from the same locked protocol addenda).",True,"exact (partition,seed,attack,defense,regime) match found",0.2334261834621429,3.013904094696045,False
c4_drift_aware__dirichlet_a0.1__no_attack__seed42,cosine,A_condition_specific_oracle,42,dirichlet_a0.1,no_attack,"K=50 local SGD steps/client/round; 25 FL rounds; same TorchCNNFlat model/init scheme; SGD optimizer, LR=0.01, batch_size=128; 5 clients; MALICIOUS_RATIO=0.2 (client 0); attack_start=round 10; SERVER_REF_FRACTION=0.10; same evaluate() on official PathMNIST test split -- identical across benchmark_v2_corrected and combined_e2e_minimal by construction (both derive these constants from the same locked protocol addenda).",True,"exact (partition,seed,attack,defense,regime) match found",0.2374651879072189,1.888893723487854,False
c4_drift_aware__dirichlet_a0.1__no_attack__seed42,sign_consensus,A_condition_specific_oracle,42,dirichlet_a0.1,no_attack,"K=50 local SGD steps/client/round; 25 FL rounds; same TorchCNNFlat model/init scheme; SGD optimizer, LR=0.01, batch_size=128; 5 clients; MALICIOUS_RATIO=0.2 (client 0); attack_start=round 10; SERVER_REF_FRACTION=0.10; same evaluate() on official PathMNIST test split -- identical across benchmark_v2_corrected and combined_e2e_minimal by construction (both derive these constants from the same locked protocol addenda).",True,"exact (partition,seed,attack,defense,regime) match found",0.2394150495529174,1.9076955318450928,False
c4_drift_aware__dirichlet_a0.1__no_attack__seed42,median,not_applicable,42,dirichlet_a0.1,no_attack,"K=50 local SGD steps/client/round; 25 FL rounds; same TorchCNNFlat model/init scheme; SGD optimizer, LR=0.01, batch_size=128; 5 clients; MALICIOUS_RATIO=0.2 (client 0); attack_start=round 10; SERVER_REF_FRACTION=0.10; same evaluate() on official PathMNIST test split -- identical across benchmark_v2_corrected and combined_e2e_minimal by construction (both derive these constants from the same locked protocol addenda).",True,"exact (partition,seed,attack,defense,regime) match found",0.2073816210031509,2.039194107055664,False
c4_drift_aware__dirichlet_a0.1__no_attack__seed42,multi_krum,not_applicable,42,dirichlet_a0.1,no_attack,"K=50 local SGD steps/client/round; 25 FL rounds; same TorchCNNFlat model/init scheme; SGD optimizer, LR=0.01, batch_size=128; 5 clients; MALICIOUS_RATIO=0.2 (client 0); attack_start=round 10; SERVER_REF_FRACTION=0.10; same evaluate() on official PathMNIST test split -- identical across benchmark_v2_corrected and combined_e2e_minimal by construction (both derive these constants from the same locked protocol addenda).",True,"exact (partition,seed,attack,defense,regime) match found",0.2363509833812713,2.153787851333618,False
c3_static__dirichlet_a0.1__large_norm__seed42,fedavg,not_applicable,42,dirichlet_a0.1,large_norm,"K=50 local SGD steps/client/round; 25 FL rounds; same TorchCNNFlat model/init scheme; SGD optimizer, LR=0.01, batch_size=128; 5 clients; MALICIOUS_RATIO=0.2 (client 0); attack_start=round 10; SERVER_REF_FRACTION=0.10; same evaluate() on official PathMNIST test split -- identical across benchmark_v2_corrected and combined_e2e_minimal by construction (both derive these constants from the same locked protocol addenda).",True,"exact (partition,seed,attack,defense,regime) match found",0.1183844059705734,98411872.0,True
c3_static__dirichlet_a0.1__large_norm__seed42,norm,A_condition_specific_oracle,42,dirichlet_a0.1,large_norm,"K=50 local SGD steps/client/round; 25 FL rounds; same TorchCNNFlat model/init scheme; SGD optimizer, LR=0.01, batch_size=128; 5 clients; MALICIOUS_RATIO=0.2 (client 0); attack_start=round 10; SERVER_REF_FRACTION=0.10; same evaluate() on official PathMNIST test split -- identical across benchmark_v2_corrected and combined_e2e_minimal by construction (both derive these constants from the same locked protocol addenda).",True,"exact (partition,seed,attack,defense,regime) match found",0.267409473657608,2.8890206813812256,False
c3_static__dirichlet_a0.1__large_norm__seed42,cosine,A_condition_specific_oracle,42,dirichlet_a0.1,large_norm,"K=50 local SGD steps/client/round; 25 FL rounds; same TorchCNNFlat model/init scheme; SGD optimizer, LR=0.01, batch_size=128; 5 clients; MALICIOUS_RATIO=0.2 (client 0); attack_start=round 10; SERVER_REF_FRACTION=0.10; same evaluate() on official PathMNIST test split -- identical across benchmark_v2_corrected and combined_e2e_minimal by construction (both derive these constants from the same locked protocol addenda).",True,"exact (partition,seed,attack,defense,regime) match found",0.0883008390665054,167020048.0,True
c3_static__dirichlet_a0.1__large_norm__seed42,sign_consensus,A_condition_specific_oracle,42,dirichlet_a0.1,large_norm,"K=50 local SGD steps/client/round; 25 FL rounds; same TorchCNNFlat model/init scheme; SGD optimizer, LR=0.01, batch_size=128; 5 clients; MALICIOUS_RATIO=0.2 (client 0); attack_start=round 10; SERVER_REF_FRACTION=0.10; same evaluate() on official PathMNIST test split -- identical across benchmark_v2_corrected and combined_e2e_minimal by construction (both derive these constants from the same locked protocol addenda).",True,"exact (partition,seed,attack,defense,regime) match found",0.1183844059705734,240100864.0,True
c3_static__dirichlet_a0.1__large_norm__seed42,median,not_applicable,42,dirichlet_a0.1,large_norm,"K=50 local SGD steps/client/round; 25 FL rounds; same TorchCNNFlat model/init scheme; SGD optimizer, LR=0.01, batch_size=128; 5 clients; MALICIOUS_RATIO=0.2 (client 0); attack_start=round 10; SERVER_REF_FRACTION=0.10; same evaluate() on official PathMNIST test split -- identical across benchmark_v2_corrected and combined_e2e_minimal by construction (both derive these constants from the same locked protocol addenda).",True,"exact (partition,seed,attack,defense,regime) match found",0.1310584992170334,2.459144592285156,False
c3_static__dirichlet_a0.1__large_norm__seed42,multi_krum,not_applicable,42,dirichlet_a0.1,large_norm,"K=50 local SGD steps/client/round; 25 FL rounds; same TorchCNNFlat model/init scheme; SGD optimizer, LR=0.01, batch_size=128; 5 clients; MALICIOUS_RATIO=0.2 (client 0); attack_start=round 10; SERVER_REF_FRACTION=0.10; same evaluate() on official PathMNIST test split -- identical across benchmark_v2_corrected and combined_e2e_minimal by construction (both derive these constants from the same locked protocol addenda).",True,"exact (partition,seed,attack,defense,regime) match found",0.3154596090316772,1.8490272760391235,False
c4_static__dirichlet_a0.1__large_norm__seed42,fedavg,not_applicable,42,dirichlet_a0.1,large_norm,"K=50 local SGD steps/client/round; 25 FL rounds; same TorchCNNFlat model/init scheme; SGD optimizer, LR=0.01, batch_size=128; 5 clients; MALICIOUS_RATIO=0.2 (client 0); attack_start=round 10; SERVER_REF_FRACTION=0.10; same evaluate() on official PathMNIST test split -- identical across benchmark_v2_corrected and combined_e2e_minimal by construction (both derive these constants from the same locked protocol addenda).",True,"exact (partition,seed,attack,defense,regime) match found",0.1183844059705734,98411872.0,True
c4_static__dirichlet_a0.1__large_norm__seed42,norm,A_condition_specific_oracle,42,dirichlet_a0.1,large_norm,"K=50 local SGD steps/client/round; 25 FL rounds; same TorchCNNFlat model/init scheme; SGD optimizer, LR=0.01, batch_size=128; 5 clients; MALICIOUS_RATIO=0.2 (client 0); attack_start=round 10; SERVER_REF_FRACTION=0.10; same evaluate() on official PathMNIST test split -- identical across benchmark_v2_corrected and combined_e2e_minimal by construction (both derive these constants from the same locked protocol addenda).",True,"exact (partition,seed,attack,defense,regime) match found",0.267409473657608,2.8890206813812256,False
c4_static__dirichlet_a0.1__large_norm__seed42,cosine,A_condition_specific_oracle,42,dirichlet_a0.1,large_norm,"K=50 local SGD steps/client/round; 25 FL rounds; same TorchCNNFlat model/init scheme; SGD optimizer, LR=0.01, batch_size=128; 5 clients; MALICIOUS_RATIO=0.2 (client 0); attack_start=round 10; SERVER_REF_FRACTION=0.10; same evaluate() on official PathMNIST test split -- identical across benchmark_v2_corrected and combined_e2e_minimal by construction (both derive these constants from the same locked protocol addenda).",True,"exact (partition,seed,attack,defense,regime) match found",0.0883008390665054,167020048.0,True
c4_static__dirichlet_a0.1__large_norm__seed42,sign_consensus,A_condition_specific_oracle,42,dirichlet_a0.1,large_norm,"K=50 local SGD steps/client/round; 25 FL rounds; same TorchCNNFlat model/init scheme; SGD optimizer, LR=0.01, batch_size=128; 5 clients; MALICIOUS_RATIO=0.2 (client 0); attack_start=round 10; SERVER_REF_FRACTION=0.10; same evaluate() on official PathMNIST test split -- identical across benchmark_v2_corrected and combined_e2e_minimal by construction (both derive these constants from the same locked protocol addenda).",True,"exact (partition,seed,attack,defense,regime) match found",0.1183844059705734,240100864.0,True
c4_static__dirichlet_a0.1__large_norm__seed42,median,not_applicable,42,dirichlet_a0.1,large_norm,"K=50 local SGD steps/client/round; 25 FL rounds; same TorchCNNFlat model/init scheme; SGD optimizer, LR=0.01, batch_size=128; 5 clients; MALICIOUS_RATIO=0.2 (client 0); attack_start=round 10; SERVER_REF_FRACTION=0.10; same evaluate() on official PathMNIST test split -- identical across benchmark_v2_corrected and combined_e2e_minimal by construction (both derive these constants from the same locked protocol addenda).",True,"exact (partition,seed,attack,defense,regime) match found",0.1310584992170334,2.459144592285156,False
c4_static__dirichlet_a0.1__large_norm__seed42,multi_krum,not_applicable,42,dirichlet_a0.1,large_norm,"K=50 local SGD steps/client/round; 25 FL rounds; same TorchCNNFlat model/init scheme; SGD optimizer, LR=0.01, batch_size=128; 5 clients; MALICIOUS_RATIO=0.2 (client 0); attack_start=round 10; SERVER_REF_FRACTION=0.10; same evaluate() on official PathMNIST test split -- identical across benchmark_v2_corrected and combined_e2e_minimal by construction (both derive these constants from the same locked protocol addenda).",True,"exact (partition,seed,attack,defense,regime) match found",0.3154596090316772,1.8490272760391235,False
c4_drift_aware__dirichlet_a0.1__large_norm__seed42,fedavg,not_applicable,42,dirichlet_a0.1,large_norm,"K=50 local SGD steps/client/round; 25 FL rounds; same TorchCNNFlat model/init scheme; SGD optimizer, LR=0.01, batch_size=128; 5 clients; MALICIOUS_RATIO=0.2 (client 0); attack_start=round 10; SERVER_REF_FRACTION=0.10; same evaluate() on official PathMNIST test split -- identical across benchmark_v2_corrected and combined_e2e_minimal by construction (both derive these constants from the same locked protocol addenda).",True,"exact (partition,seed,attack,defense,regime) match found",0.1183844059705734,98411872.0,True
c4_drift_aware__dirichlet_a0.1__large_norm__seed42,norm,A_condition_specific_oracle,42,dirichlet_a0.1,large_norm,"K=50 local SGD steps/client/round; 25 FL rounds; same TorchCNNFlat model/init scheme; SGD optimizer, LR=0.01, batch_size=128; 5 clients; MALICIOUS_RATIO=0.2 (client 0); attack_start=round 10; SERVER_REF_FRACTION=0.10; same evaluate() on official PathMNIST test split -- identical across benchmark_v2_corrected and combined_e2e_minimal by construction (both derive these constants from the same locked protocol addenda).",True,"exact (partition,seed,attack,defense,regime) match found",0.267409473657608,2.8890206813812256,False
c4_drift_aware__dirichlet_a0.1__large_norm__seed42,cosine,A_condition_specific_oracle,42,dirichlet_a0.1,large_norm,"K=50 local SGD steps/client/round; 25 FL rounds; same TorchCNNFlat model/init scheme; SGD optimizer, LR=0.01, batch_size=128; 5 clients; MALICIOUS_RATIO=0.2 (client 0); attack_start=round 10; SERVER_REF_FRACTION=0.10; same evaluate() on official PathMNIST test split -- identical across benchmark_v2_corrected and combined_e2e_minimal by construction (both derive these constants from the same locked protocol addenda).",True,"exact (partition,seed,attack,defense,regime) match found",0.0883008390665054,167020048.0,True
c4_drift_aware__dirichlet_a0.1__large_norm__seed42,sign_consensus,A_condition_specific_oracle,42,dirichlet_a0.1,large_norm,"K=50 local SGD steps/client/round; 25 FL rounds; same TorchCNNFlat model/init scheme; SGD optimizer, LR=0.01, batch_size=128; 5 clients; MALICIOUS_RATIO=0.2 (client 0); attack_start=round 10; SERVER_REF_FRACTION=0.10; same evaluate() on official PathMNIST test split -- identical across benchmark_v2_corrected and combined_e2e_minimal by construction (both derive these constants from the same locked protocol addenda).",True,"exact (partition,seed,attack,defense,regime) match found",0.1183844059705734,240100864.0,True
c4_drift_aware__dirichlet_a0.1__large_norm__seed42,median,not_applicable,42,dirichlet_a0.1,large_norm,"K=50 local SGD steps/client/round; 25 FL rounds; same TorchCNNFlat model/init scheme; SGD optimizer, LR=0.01, batch_size=128; 5 clients; MALICIOUS_RATIO=0.2 (client 0); attack_start=round 10; SERVER_REF_FRACTION=0.10; same evaluate() on official PathMNIST test split -- identical across benchmark_v2_corrected and combined_e2e_minimal by construction (both derive these constants from the same locked protocol addenda).",True,"exact (partition,seed,attack,defense,regime) match found",0.1310584992170334,2.459144592285156,False
c4_drift_aware__dirichlet_a0.1__large_norm__seed42,multi_krum,not_applicable,42,dirichlet_a0.1,large_norm,"K=50 local SGD steps/client/round; 25 FL rounds; same TorchCNNFlat model/init scheme; SGD optimizer, LR=0.01, batch_size=128; 5 clients; MALICIOUS_RATIO=0.2 (client 0); attack_start=round 10; SERVER_REF_FRACTION=0.10; same evaluate() on official PathMNIST test split -- identical across benchmark_v2_corrected and combined_e2e_minimal by construction (both derive these constants from the same locked protocol addenda).",True,"exact (partition,seed,attack,defense,regime) match found",0.3154596090316772,1.8490272760391235,False
c3_static__dirichlet_a0.1__directional_poisoning__seed42,fedavg,not_applicable,42,dirichlet_a0.1,directional_poisoning,"K=50 local SGD steps/client/round; 25 FL rounds; same TorchCNNFlat model/init scheme; SGD optimizer, LR=0.01, batch_size=128; 5 clients; MALICIOUS_RATIO=0.2 (client 0); attack_start=round 10; SERVER_REF_FRACTION=0.10; same evaluate() on official PathMNIST test split -- identical across benchmark_v2_corrected and combined_e2e_minimal by construction (both derive these constants from the same locked protocol addenda).",True,"exact (partition,seed,attack,defense,regime) match found",0.1032033488154411,3.048378229141236,False
c3_static__dirichlet_a0.1__directional_poisoning__seed42,norm,A_condition_specific_oracle,42,dirichlet_a0.1,directional_poisoning,"K=50 local SGD steps/client/round; 25 FL rounds; same TorchCNNFlat model/init scheme; SGD optimizer, LR=0.01, batch_size=128; 5 clients; MALICIOUS_RATIO=0.2 (client 0); attack_start=round 10; SERVER_REF_FRACTION=0.10; same evaluate() on official PathMNIST test split -- identical across benchmark_v2_corrected and combined_e2e_minimal by construction (both derive these constants from the same locked protocol addenda).",True,"exact (partition,seed,attack,defense,regime) match found",0.2668523788452148,2.787651300430298,False
c3_static__dirichlet_a0.1__directional_poisoning__seed42,cosine,A_condition_specific_oracle,42,dirichlet_a0.1,directional_poisoning,"K=50 local SGD steps/client/round; 25 FL rounds; same TorchCNNFlat model/init scheme; SGD optimizer, LR=0.01, batch_size=128; 5 clients; MALICIOUS_RATIO=0.2 (client 0); attack_start=round 10; SERVER_REF_FRACTION=0.10; same evaluate() on official PathMNIST test split -- identical across benchmark_v2_corrected and combined_e2e_minimal by construction (both derive these constants from the same locked protocol addenda).",True,"exact (partition,seed,attack,defense,regime) match found",0.2857938706874847,2.065115451812744,False
c3_static__dirichlet_a0.1__directional_poisoning__seed42,sign_consensus,A_condition_specific_oracle,42,dirichlet_a0.1,directional_poisoning,"K=50 local SGD steps/client/round; 25 FL rounds; same TorchCNNFlat model/init scheme; SGD optimizer, LR=0.01, batch_size=128; 5 clients; MALICIOUS_RATIO=0.2 (client 0); attack_start=round 10; SERVER_REF_FRACTION=0.10; same evaluate() on official PathMNIST test split -- identical across benchmark_v2_corrected and combined_e2e_minimal by construction (both derive these constants from the same locked protocol addenda).",True,"exact (partition,seed,attack,defense,regime) match found",0.1032033488154411,2.9937331676483154,False
c3_static__dirichlet_a0.1__directional_poisoning__seed42,median,not_applicable,42,dirichlet_a0.1,directional_poisoning,"K=50 local SGD steps/client/round; 25 FL rounds; same TorchCNNFlat model/init scheme; SGD optimizer, LR=0.01, batch_size=128; 5 clients; MALICIOUS_RATIO=0.2 (client 0); attack_start=round 10; SERVER_REF_FRACTION=0.10; same evaluate() on official PathMNIST test split -- identical across benchmark_v2_corrected and combined_e2e_minimal by construction (both derive these constants from the same locked protocol addenda).",True,"exact (partition,seed,attack,defense,regime) match found",0.1032033488154411,3.759022951126098,False
c3_static__dirichlet_a0.1__directional_poisoning__seed42,multi_krum,not_applicable,42,dirichlet_a0.1,directional_poisoning,"K=50 local SGD steps/client/round; 25 FL rounds; same TorchCNNFlat model/init scheme; SGD optimizer, LR=0.01, batch_size=128; 5 clients; MALICIOUS_RATIO=0.2 (client 0); attack_start=round 10; SERVER_REF_FRACTION=0.10; same evaluate() on official PathMNIST test split -- identical across benchmark_v2_corrected and combined_e2e_minimal by construction (both derive these constants from the same locked protocol addenda).",True,"exact (partition,seed,attack,defense,regime) match found",0.3317548930644989,1.9392532110214236,False
c4_static__dirichlet_a0.1__directional_poisoning__seed42,fedavg,not_applicable,42,dirichlet_a0.1,directional_poisoning,"K=50 local SGD steps/client/round; 25 FL rounds; same TorchCNNFlat model/init scheme; SGD optimizer, LR=0.01, batch_size=128; 5 clients; MALICIOUS_RATIO=0.2 (client 0); attack_start=round 10; SERVER_REF_FRACTION=0.10; same evaluate() on official PathMNIST test split -- identical across benchmark_v2_corrected and combined_e2e_minimal by construction (both derive these constants from the same locked protocol addenda).",True,"exact (partition,seed,attack,defense,regime) match found",0.1032033488154411,3.048378229141236,False
c4_static__dirichlet_a0.1__directional_poisoning__seed42,norm,A_condition_specific_oracle,42,dirichlet_a0.1,directional_poisoning,"K=50 local SGD steps/client/round; 25 FL rounds; same TorchCNNFlat model/init scheme; SGD optimizer, LR=0.01, batch_size=128; 5 clients; MALICIOUS_RATIO=0.2 (client 0); attack_start=round 10; SERVER_REF_FRACTION=0.10; same evaluate() on official PathMNIST test split -- identical across benchmark_v2_corrected and combined_e2e_minimal by construction (both derive these constants from the same locked protocol addenda).",True,"exact (partition,seed,attack,defense,regime) match found",0.2668523788452148,2.787651300430298,False
c4_static__dirichlet_a0.1__directional_poisoning__seed42,cosine,A_condition_specific_oracle,42,dirichlet_a0.1,directional_poisoning,"K=50 local SGD steps/client/round; 25 FL rounds; same TorchCNNFlat model/init scheme; SGD optimizer, LR=0.01, batch_size=128; 5 clients; MALICIOUS_RATIO=0.2 (client 0); attack_start=round 10; SERVER_REF_FRACTION=0.10; same evaluate() on official PathMNIST test split -- identical across benchmark_v2_corrected and combined_e2e_minimal by construction (both derive these constants from the same locked protocol addenda).",True,"exact (partition,seed,attack,defense,regime) match found",0.2857938706874847,2.065115451812744,False
c4_static__dirichlet_a0.1__directional_poisoning__seed42,sign_consensus,A_condition_specific_oracle,42,dirichlet_a0.1,directional_poisoning,"K=50 local SGD steps/client/round; 25 FL rounds; same TorchCNNFlat model/init scheme; SGD optimizer, LR=0.01, batch_size=128; 5 clients; MALICIOUS_RATIO=0.2 (client 0); attack_start=round 10; SERVER_REF_FRACTION=0.10; same evaluate() on official PathMNIST test split -- identical across benchmark_v2_corrected and combined_e2e_minimal by construction (both derive these constants from the same locked protocol addenda).",True,"exact (partition,seed,attack,defense,regime) match found",0.1032033488154411,2.9937331676483154,False
c4_static__dirichlet_a0.1__directional_poisoning__seed42,median,not_applicable,42,dirichlet_a0.1,directional_poisoning,"K=50 local SGD steps/client/round; 25 FL rounds; same TorchCNNFlat model/init scheme; SGD optimizer, LR=0.01, batch_size=128; 5 clients; MALICIOUS_RATIO=0.2 (client 0); attack_start=round 10; SERVER_REF_FRACTION=0.10; same evaluate() on official PathMNIST test split -- identical across benchmark_v2_corrected and combined_e2e_minimal by construction (both derive these constants from the same locked protocol addenda).",True,"exact (partition,seed,attack,defense,regime) match found",0.1032033488154411,3.759022951126098,False
c4_static__dirichlet_a0.1__directional_poisoning__seed42,multi_krum,not_applicable,42,dirichlet_a0.1,directional_poisoning,"K=50 local SGD steps/client/round; 25 FL rounds; same TorchCNNFlat model/init scheme; SGD optimizer, LR=0.01, batch_size=128; 5 clients; MALICIOUS_RATIO=0.2 (client 0); attack_start=round 10; SERVER_REF_FRACTION=0.10; same evaluate() on official PathMNIST test split -- identical across benchmark_v2_corrected and combined_e2e_minimal by construction (both derive these constants from the same locked protocol addenda).",True,"exact (partition,seed,attack,defense,regime) match found",0.3317548930644989,1.9392532110214236,False
c4_drift_aware__dirichlet_a0.1__directional_poisoning__seed42,fedavg,not_applicable,42,dirichlet_a0.1,directional_poisoning,"K=50 local SGD steps/client/round; 25 FL rounds; same TorchCNNFlat model/init scheme; SGD optimizer, LR=0.01, batch_size=128; 5 clients; MALICIOUS_RATIO=0.2 (client 0); attack_start=round 10; SERVER_REF_FRACTION=0.10; same evaluate() on official PathMNIST test split -- identical across benchmark_v2_corrected and combined_e2e_minimal by construction (both derive these constants from the same locked protocol addenda).",True,"exact (partition,seed,attack,defense,regime) match found",0.1032033488154411,3.048378229141236,False
c4_drift_aware__dirichlet_a0.1__directional_poisoning__seed42,norm,A_condition_specific_oracle,42,dirichlet_a0.1,directional_poisoning,"K=50 local SGD steps/client/round; 25 FL rounds; same TorchCNNFlat model/init scheme; SGD optimizer, LR=0.01, batch_size=128; 5 clients; MALICIOUS_RATIO=0.2 (client 0); attack_start=round 10; SERVER_REF_FRACTION=0.10; same evaluate() on official PathMNIST test split -- identical across benchmark_v2_corrected and combined_e2e_minimal by construction (both derive these constants from the same locked protocol addenda).",True,"exact (partition,seed,attack,defense,regime) match found",0.2668523788452148,2.787651300430298,False
c4_drift_aware__dirichlet_a0.1__directional_poisoning__seed42,cosine,A_condition_specific_oracle,42,dirichlet_a0.1,directional_poisoning,"K=50 local SGD steps/client/round; 25 FL rounds; same TorchCNNFlat model/init scheme; SGD optimizer, LR=0.01, batch_size=128; 5 clients; MALICIOUS_RATIO=0.2 (client 0); attack_start=round 10; SERVER_REF_FRACTION=0.10; same evaluate() on official PathMNIST test split -- identical across benchmark_v2_corrected and combined_e2e_minimal by construction (both derive these constants from the same locked protocol addenda).",True,"exact (partition,seed,attack,defense,regime) match found",0.2857938706874847,2.065115451812744,False
c4_drift_aware__dirichlet_a0.1__directional_poisoning__seed42,sign_consensus,A_condition_specific_oracle,42,dirichlet_a0.1,directional_poisoning,"K=50 local SGD steps/client/round; 25 FL rounds; same TorchCNNFlat model/init scheme; SGD optimizer, LR=0.01, batch_size=128; 5 clients; MALICIOUS_RATIO=0.2 (client 0); attack_start=round 10; SERVER_REF_FRACTION=0.10; same evaluate() on official PathMNIST test split -- identical across benchmark_v2_corrected and combined_e2e_minimal by construction (both derive these constants from the same locked protocol addenda).",True,"exact (partition,seed,attack,defense,regime) match found",0.1032033488154411,2.9937331676483154,False
c4_drift_aware__dirichlet_a0.1__directional_poisoning__seed42,median,not_applicable,42,dirichlet_a0.1,directional_poisoning,"K=50 local SGD steps/client/round; 25 FL rounds; same TorchCNNFlat model/init scheme; SGD optimizer, LR=0.01, batch_size=128; 5 clients; MALICIOUS_RATIO=0.2 (client 0); attack_start=round 10; SERVER_REF_FRACTION=0.10; same evaluate() on official PathMNIST test split -- identical across benchmark_v2_corrected and combined_e2e_minimal by construction (both derive these constants from the same locked protocol addenda).",True,"exact (partition,seed,attack,defense,regime) match found",0.1032033488154411,3.759022951126098,False
c4_drift_aware__dirichlet_a0.1__directional_poisoning__seed42,multi_krum,not_applicable,42,dirichlet_a0.1,directional_poisoning,"K=50 local SGD steps/client/round; 25 FL rounds; same TorchCNNFlat model/init scheme; SGD optimizer, LR=0.01, batch_size=128; 5 clients; MALICIOUS_RATIO=0.2 (client 0); attack_start=round 10; SERVER_REF_FRACTION=0.10; same evaluate() on official PathMNIST test split -- identical across benchmark_v2_corrected and combined_e2e_minimal by construction (both derive these constants from the same locked protocol addenda).",True,"exact (partition,seed,attack,defense,regime) match found",0.3317548930644989,1.9392532110214236,False
c3_static__dirichlet_a0.1__sparse_coordinate_attack__seed42,fedavg,not_applicable,42,dirichlet_a0.1,sparse_coordinate_attack,"K=50 local SGD steps/client/round; 25 FL rounds; same TorchCNNFlat model/init scheme; SGD optimizer, LR=0.01, batch_size=128; 5 clients; MALICIOUS_RATIO=0.2 (client 0); attack_start=round 10; SERVER_REF_FRACTION=0.10; same evaluate() on official PathMNIST test split -- identical across benchmark_v2_corrected and combined_e2e_minimal by construction (both derive these constants from the same locked protocol addenda).",True,"exact (partition,seed,attack,defense,regime) match found",0.1616991609334945,15.293771743774414,False
c3_static__dirichlet_a0.1__sparse_coordinate_attack__seed42,norm,A_condition_specific_oracle,42,dirichlet_a0.1,sparse_coordinate_attack,"K=50 local SGD steps/client/round; 25 FL rounds; same TorchCNNFlat model/init scheme; SGD optimizer, LR=0.01, batch_size=128; 5 clients; MALICIOUS_RATIO=0.2 (client 0); attack_start=round 10; SERVER_REF_FRACTION=0.10; same evaluate() on official PathMNIST test split -- identical across benchmark_v2_corrected and combined_e2e_minimal by construction (both derive these constants from the same locked protocol addenda).",True,"exact (partition,seed,attack,defense,regime) match found",0.2653203308582306,2.990519523620605,False
c3_static__dirichlet_a0.1__sparse_coordinate_attack__seed42,cosine,A_condition_specific_oracle,42,dirichlet_a0.1,sparse_coordinate_attack,"K=50 local SGD steps/client/round; 25 FL rounds; same TorchCNNFlat model/init scheme; SGD optimizer, LR=0.01, batch_size=128; 5 clients; MALICIOUS_RATIO=0.2 (client 0); attack_start=round 10; SERVER_REF_FRACTION=0.10; same evaluate() on official PathMNIST test split -- identical across benchmark_v2_corrected and combined_e2e_minimal by construction (both derive these constants from the same locked protocol addenda).",True,"exact (partition,seed,attack,defense,regime) match found",0.0883008390665054,472.4779968261719,True
c3_static__dirichlet_a0.1__sparse_coordinate_attack__seed42,sign_consensus,A_condition_specific_oracle,42,dirichlet_a0.1,sparse_coordinate_attack,"K=50 local SGD steps/client/round; 25 FL rounds; same TorchCNNFlat model/init scheme; SGD optimizer, LR=0.01, batch_size=128; 5 clients; MALICIOUS_RATIO=0.2 (client 0); attack_start=round 10; SERVER_REF_FRACTION=0.10; same evaluate() on official PathMNIST test split -- identical across benchmark_v2_corrected and combined_e2e_minimal by construction (both derive these constants from the same locked protocol addenda).",True,"exact (partition,seed,attack,defense,regime) match found",0.2651810646057129,2.042320489883423,False
c3_static__dirichlet_a0.1__sparse_coordinate_attack__seed42,median,not_applicable,42,dirichlet_a0.1,sparse_coordinate_attack,"K=50 local SGD steps/client/round; 25 FL rounds; same TorchCNNFlat model/init scheme; SGD optimizer, LR=0.01, batch_size=128; 5 clients; MALICIOUS_RATIO=0.2 (client 0); attack_start=round 10; SERVER_REF_FRACTION=0.10; same evaluate() on official PathMNIST test split -- identical across benchmark_v2_corrected and combined_e2e_minimal by construction (both derive these constants from the same locked protocol addenda).",True,"exact (partition,seed,attack,defense,regime) match found",0.0824512541294097,2.3729403018951416,False
c3_static__dirichlet_a0.1__sparse_coordinate_attack__seed42,multi_krum,not_applicable,42,dirichlet_a0.1,sparse_coordinate_attack,"K=50 local SGD steps/client/round; 25 FL rounds; same TorchCNNFlat model/init scheme; SGD optimizer, LR=0.01, batch_size=128; 5 clients; MALICIOUS_RATIO=0.2 (client 0); attack_start=round 10; SERVER_REF_FRACTION=0.10; same evaluate() on official PathMNIST test split -- identical across benchmark_v2_corrected and combined_e2e_minimal by construction (both derive these constants from the same locked protocol addenda).",True,"exact (partition,seed,attack,defense,regime) match found",0.3079387247562408,1.8506680727005005,False
c4_static__dirichlet_a0.1__sparse_coordinate_attack__seed42,fedavg,not_applicable,42,dirichlet_a0.1,sparse_coordinate_attack,"K=50 local SGD steps/client/round; 25 FL rounds; same TorchCNNFlat model/init scheme; SGD optimizer, LR=0.01, batch_size=128; 5 clients; MALICIOUS_RATIO=0.2 (client 0); attack_start=round 10; SERVER_REF_FRACTION=0.10; same evaluate() on official PathMNIST test split -- identical across benchmark_v2_corrected and combined_e2e_minimal by construction (both derive these constants from the same locked protocol addenda).",True,"exact (partition,seed,attack,defense,regime) match found",0.1616991609334945,15.293771743774414,False
c4_static__dirichlet_a0.1__sparse_coordinate_attack__seed42,norm,A_condition_specific_oracle,42,dirichlet_a0.1,sparse_coordinate_attack,"K=50 local SGD steps/client/round; 25 FL rounds; same TorchCNNFlat model/init scheme; SGD optimizer, LR=0.01, batch_size=128; 5 clients; MALICIOUS_RATIO=0.2 (client 0); attack_start=round 10; SERVER_REF_FRACTION=0.10; same evaluate() on official PathMNIST test split -- identical across benchmark_v2_corrected and combined_e2e_minimal by construction (both derive these constants from the same locked protocol addenda).",True,"exact (partition,seed,attack,defense,regime) match found",0.2653203308582306,2.990519523620605,False
c4_static__dirichlet_a0.1__sparse_coordinate_attack__seed42,cosine,A_condition_specific_oracle,42,dirichlet_a0.1,sparse_coordinate_attack,"K=50 local SGD steps/client/round; 25 FL rounds; same TorchCNNFlat model/init scheme; SGD optimizer, LR=0.01, batch_size=128; 5 clients; MALICIOUS_RATIO=0.2 (client 0); attack_start=round 10; SERVER_REF_FRACTION=0.10; same evaluate() on official PathMNIST test split -- identical across benchmark_v2_corrected and combined_e2e_minimal by construction (both derive these constants from the same locked protocol addenda).",True,"exact (partition,seed,attack,defense,regime) match found",0.0883008390665054,472.4779968261719,True
c4_static__dirichlet_a0.1__sparse_coordinate_attack__seed42,sign_consensus,A_condition_specific_oracle,42,dirichlet_a0.1,sparse_coordinate_attack,"K=50 local SGD steps/client/round; 25 FL rounds; same TorchCNNFlat model/init scheme; SGD optimizer, LR=0.01, batch_size=128; 5 clients; MALICIOUS_RATIO=0.2 (client 0); attack_start=round 10; SERVER_REF_FRACTION=0.10; same evaluate() on official PathMNIST test split -- identical across benchmark_v2_corrected and combined_e2e_minimal by construction (both derive these constants from the same locked protocol addenda).",True,"exact (partition,seed,attack,defense,regime) match found",0.2651810646057129,2.042320489883423,False
c4_static__dirichlet_a0.1__sparse_coordinate_attack__seed42,median,not_applicable,42,dirichlet_a0.1,sparse_coordinate_attack,"K=50 local SGD steps/client/round; 25 FL rounds; same TorchCNNFlat model/init scheme; SGD optimizer, LR=0.01, batch_size=128; 5 clients; MALICIOUS_RATIO=0.2 (client 0); attack_start=round 10; SERVER_REF_FRACTION=0.10; same evaluate() on official PathMNIST test split -- identical across benchmark_v2_corrected and combined_e2e_minimal by construction (both derive these constants from the same locked protocol addenda).",True,"exact (partition,seed,attack,defense,regime) match found",0.0824512541294097,2.3729403018951416,False
c4_static__dirichlet_a0.1__sparse_coordinate_attack__seed42,multi_krum,not_applicable,42,dirichlet_a0.1,sparse_coordinate_attack,"K=50 local SGD steps/client/round; 25 FL rounds; same TorchCNNFlat model/init scheme; SGD optimizer, LR=0.01, batch_size=128; 5 clients; MALICIOUS_RATIO=0.2 (client 0); attack_start=round 10; SERVER_REF_FRACTION=0.10; same evaluate() on official PathMNIST test split -- identical across benchmark_v2_corrected and combined_e2e_minimal by construction (both derive these constants from the same locked protocol addenda).",True,"exact (partition,seed,attack,defense,regime) match found",0.3079387247562408,1.8506680727005005,False
c4_drift_aware__dirichlet_a0.1__sparse_coordinate_attack__seed42,fedavg,not_applicable,42,dirichlet_a0.1,sparse_coordinate_attack,"K=50 local SGD steps/client/round; 25 FL rounds; same TorchCNNFlat model/init scheme; SGD optimizer, LR=0.01, batch_size=128; 5 clients; MALICIOUS_RATIO=0.2 (client 0); attack_start=round 10; SERVER_REF_FRACTION=0.10; same evaluate() on official PathMNIST test split -- identical across benchmark_v2_corrected and combined_e2e_minimal by construction (both derive these constants from the same locked protocol addenda).",True,"exact (partition,seed,attack,defense,regime) match found",0.1616991609334945,15.293771743774414,False
c4_drift_aware__dirichlet_a0.1__sparse_coordinate_attack__seed42,norm,A_condition_specific_oracle,42,dirichlet_a0.1,sparse_coordinate_attack,"K=50 local SGD steps/client/round; 25 FL rounds; same TorchCNNFlat model/init scheme; SGD optimizer, LR=0.01, batch_size=128; 5 clients; MALICIOUS_RATIO=0.2 (client 0); attack_start=round 10; SERVER_REF_FRACTION=0.10; same evaluate() on official PathMNIST test split -- identical across benchmark_v2_corrected and combined_e2e_minimal by construction (both derive these constants from the same locked protocol addenda).",True,"exact (partition,seed,attack,defense,regime) match found",0.2653203308582306,2.990519523620605,False
c4_drift_aware__dirichlet_a0.1__sparse_coordinate_attack__seed42,cosine,A_condition_specific_oracle,42,dirichlet_a0.1,sparse_coordinate_attack,"K=50 local SGD steps/client/round; 25 FL rounds; same TorchCNNFlat model/init scheme; SGD optimizer, LR=0.01, batch_size=128; 5 clients; MALICIOUS_RATIO=0.2 (client 0); attack_start=round 10; SERVER_REF_FRACTION=0.10; same evaluate() on official PathMNIST test split -- identical across benchmark_v2_corrected and combined_e2e_minimal by construction (both derive these constants from the same locked protocol addenda).",True,"exact (partition,seed,attack,defense,regime) match found",0.0883008390665054,472.4779968261719,True
c4_drift_aware__dirichlet_a0.1__sparse_coordinate_attack__seed42,sign_consensus,A_condition_specific_oracle,42,dirichlet_a0.1,sparse_coordinate_attack,"K=50 local SGD steps/client/round; 25 FL rounds; same TorchCNNFlat model/init scheme; SGD optimizer, LR=0.01, batch_size=128; 5 clients; MALICIOUS_RATIO=0.2 (client 0); attack_start=round 10; SERVER_REF_FRACTION=0.10; same evaluate() on official PathMNIST test split -- identical across benchmark_v2_corrected and combined_e2e_minimal by construction (both derive these constants from the same locked protocol addenda).",True,"exact (partition,seed,attack,defense,regime) match found",0.2651810646057129,2.042320489883423,False
c4_drift_aware__dirichlet_a0.1__sparse_coordinate_attack__seed42,median,not_applicable,42,dirichlet_a0.1,sparse_coordinate_attack,"K=50 local SGD steps/client/round; 25 FL rounds; same TorchCNNFlat model/init scheme; SGD optimizer, LR=0.01, batch_size=128; 5 clients; MALICIOUS_RATIO=0.2 (client 0); attack_start=round 10; SERVER_REF_FRACTION=0.10; same evaluate() on official PathMNIST test split -- identical across benchmark_v2_corrected and combined_e2e_minimal by construction (both derive these constants from the same locked protocol addenda).",True,"exact (partition,seed,attack,defense,regime) match found",0.0824512541294097,2.3729403018951416,False
c4_drift_aware__dirichlet_a0.1__sparse_coordinate_attack__seed42,multi_krum,not_applicable,42,dirichlet_a0.1,sparse_coordinate_attack,"K=50 local SGD steps/client/round; 25 FL rounds; same TorchCNNFlat model/init scheme; SGD optimizer, LR=0.01, batch_size=128; 5 clients; MALICIOUS_RATIO=0.2 (client 0); attack_start=round 10; SERVER_REF_FRACTION=0.10; same evaluate() on official PathMNIST test split -- identical across benchmark_v2_corrected and combined_e2e_minimal by construction (both derive these constants from the same locked protocol addenda).",True,"exact (partition,seed,attack,defense,regime) match found",0.3079387247562408,1.8506680727005005,False
c3_static__iid__no_attack__seed43,fedavg,not_applicable,43,iid,no_attack,"K=50 local SGD steps/client/round; 25 FL rounds; same TorchCNNFlat model/init scheme; SGD optimizer, LR=0.01, batch_size=128; 5 clients; MALICIOUS_RATIO=0.2 (client 0); attack_start=round 10; SERVER_REF_FRACTION=0.10; same evaluate() on official PathMNIST test split -- identical across benchmark_v2_corrected and combined_e2e_minimal by construction (both derive these constants from the same locked protocol addenda).",True,"exact (partition,seed,attack,defense,regime) match found",0.4342618584632873,1.5445717573165894,False
c3_static__iid__no_attack__seed43,norm,A_condition_specific_oracle,43,iid,no_attack,"K=50 local SGD steps/client/round; 25 FL rounds; same TorchCNNFlat model/init scheme; SGD optimizer, LR=0.01, batch_size=128; 5 clients; MALICIOUS_RATIO=0.2 (client 0); attack_start=round 10; SERVER_REF_FRACTION=0.10; same evaluate() on official PathMNIST test split -- identical across benchmark_v2_corrected and combined_e2e_minimal by construction (both derive these constants from the same locked protocol addenda).",True,"exact (partition,seed,attack,defense,regime) match found",0.3519498705863952,2.134474754333496,False
c3_static__iid__no_attack__seed43,cosine,A_condition_specific_oracle,43,iid,no_attack,"K=50 local SGD steps/client/round; 25 FL rounds; same TorchCNNFlat model/init scheme; SGD optimizer, LR=0.01, batch_size=128; 5 clients; MALICIOUS_RATIO=0.2 (client 0); attack_start=round 10; SERVER_REF_FRACTION=0.10; same evaluate() on official PathMNIST test split -- identical across benchmark_v2_corrected and combined_e2e_minimal by construction (both derive these constants from the same locked protocol addenda).",True,"exact (partition,seed,attack,defense,regime) match found",0.4037604629993438,1.5816683769226074,False
c3_static__iid__no_attack__seed43,sign_consensus,A_condition_specific_oracle,43,iid,no_attack,"K=50 local SGD steps/client/round; 25 FL rounds; same TorchCNNFlat model/init scheme; SGD optimizer, LR=0.01, batch_size=128; 5 clients; MALICIOUS_RATIO=0.2 (client 0); attack_start=round 10; SERVER_REF_FRACTION=0.10; same evaluate() on official PathMNIST test split -- identical across benchmark_v2_corrected and combined_e2e_minimal by construction (both derive these constants from the same locked protocol addenda).",True,"exact (partition,seed,attack,defense,regime) match found",0.4332869052886963,1.544658660888672,False
c3_static__iid__no_attack__seed43,median,not_applicable,43,iid,no_attack,"K=50 local SGD steps/client/round; 25 FL rounds; same TorchCNNFlat model/init scheme; SGD optimizer, LR=0.01, batch_size=128; 5 clients; MALICIOUS_RATIO=0.2 (client 0); attack_start=round 10; SERVER_REF_FRACTION=0.10; same evaluate() on official PathMNIST test split -- identical across benchmark_v2_corrected and combined_e2e_minimal by construction (both derive these constants from the same locked protocol addenda).",True,"exact (partition,seed,attack,defense,regime) match found",0.4291086494922638,1.5510445833206177,False
c3_static__iid__no_attack__seed43,multi_krum,not_applicable,43,iid,no_attack,"K=50 local SGD steps/client/round; 25 FL rounds; same TorchCNNFlat model/init scheme; SGD optimizer, LR=0.01, batch_size=128; 5 clients; MALICIOUS_RATIO=0.2 (client 0); attack_start=round 10; SERVER_REF_FRACTION=0.10; same evaluate() on official PathMNIST test split -- identical across benchmark_v2_corrected and combined_e2e_minimal by construction (both derive these constants from the same locked protocol addenda).",True,"exact (partition,seed,attack,defense,regime) match found",0.418662965297699,1.5589159727096558,False
c4_static__iid__no_attack__seed43,fedavg,not_applicable,43,iid,no_attack,"K=50 local SGD steps/client/round; 25 FL rounds; same TorchCNNFlat model/init scheme; SGD optimizer, LR=0.01, batch_size=128; 5 clients; MALICIOUS_RATIO=0.2 (client 0); attack_start=round 10; SERVER_REF_FRACTION=0.10; same evaluate() on official PathMNIST test split -- identical across benchmark_v2_corrected and combined_e2e_minimal by construction (both derive these constants from the same locked protocol addenda).",True,"exact (partition,seed,attack,defense,regime) match found",0.4342618584632873,1.5445717573165894,False
c4_static__iid__no_attack__seed43,norm,A_condition_specific_oracle,43,iid,no_attack,"K=50 local SGD steps/client/round; 25 FL rounds; same TorchCNNFlat model/init scheme; SGD optimizer, LR=0.01, batch_size=128; 5 clients; MALICIOUS_RATIO=0.2 (client 0); attack_start=round 10; SERVER_REF_FRACTION=0.10; same evaluate() on official PathMNIST test split -- identical across benchmark_v2_corrected and combined_e2e_minimal by construction (both derive these constants from the same locked protocol addenda).",True,"exact (partition,seed,attack,defense,regime) match found",0.3519498705863952,2.134474754333496,False
c4_static__iid__no_attack__seed43,cosine,A_condition_specific_oracle,43,iid,no_attack,"K=50 local SGD steps/client/round; 25 FL rounds; same TorchCNNFlat model/init scheme; SGD optimizer, LR=0.01, batch_size=128; 5 clients; MALICIOUS_RATIO=0.2 (client 0); attack_start=round 10; SERVER_REF_FRACTION=0.10; same evaluate() on official PathMNIST test split -- identical across benchmark_v2_corrected and combined_e2e_minimal by construction (both derive these constants from the same locked protocol addenda).",True,"exact (partition,seed,attack,defense,regime) match found",0.4037604629993438,1.5816683769226074,False
c4_static__iid__no_attack__seed43,sign_consensus,A_condition_specific_oracle,43,iid,no_attack,"K=50 local SGD steps/client/round; 25 FL rounds; same TorchCNNFlat model/init scheme; SGD optimizer, LR=0.01, batch_size=128; 5 clients; MALICIOUS_RATIO=0.2 (client 0); attack_start=round 10; SERVER_REF_FRACTION=0.10; same evaluate() on official PathMNIST test split -- identical across benchmark_v2_corrected and combined_e2e_minimal by construction (both derive these constants from the same locked protocol addenda).",True,"exact (partition,seed,attack,defense,regime) match found",0.4332869052886963,1.544658660888672,False
c4_static__iid__no_attack__seed43,median,not_applicable,43,iid,no_attack,"K=50 local SGD steps/client/round; 25 FL rounds; same TorchCNNFlat model/init scheme; SGD optimizer, LR=0.01, batch_size=128; 5 clients; MALICIOUS_RATIO=0.2 (client 0); attack_start=round 10; SERVER_REF_FRACTION=0.10; same evaluate() on official PathMNIST test split -- identical across benchmark_v2_corrected and combined_e2e_minimal by construction (both derive these constants from the same locked protocol addenda).",True,"exact (partition,seed,attack,defense,regime) match found",0.4291086494922638,1.5510445833206177,False
c4_static__iid__no_attack__seed43,multi_krum,not_applicable,43,iid,no_attack,"K=50 local SGD steps/client/round; 25 FL rounds; same TorchCNNFlat model/init scheme; SGD optimizer, LR=0.01, batch_size=128; 5 clients; MALICIOUS_RATIO=0.2 (client 0); attack_start=round 10; SERVER_REF_FRACTION=0.10; same evaluate() on official PathMNIST test split -- identical across benchmark_v2_corrected and combined_e2e_minimal by construction (both derive these constants from the same locked protocol addenda).",True,"exact (partition,seed,attack,defense,regime) match found",0.418662965297699,1.5589159727096558,False
c4_drift_aware__iid__no_attack__seed43,fedavg,not_applicable,43,iid,no_attack,"K=50 local SGD steps/client/round; 25 FL rounds; same TorchCNNFlat model/init scheme; SGD optimizer, LR=0.01, batch_size=128; 5 clients; MALICIOUS_RATIO=0.2 (client 0); attack_start=round 10; SERVER_REF_FRACTION=0.10; same evaluate() on official PathMNIST test split -- identical across benchmark_v2_corrected and combined_e2e_minimal by construction (both derive these constants from the same locked protocol addenda).",True,"exact (partition,seed,attack,defense,regime) match found",0.4342618584632873,1.5445717573165894,False
c4_drift_aware__iid__no_attack__seed43,norm,A_condition_specific_oracle,43,iid,no_attack,"K=50 local SGD steps/client/round; 25 FL rounds; same TorchCNNFlat model/init scheme; SGD optimizer, LR=0.01, batch_size=128; 5 clients; MALICIOUS_RATIO=0.2 (client 0); attack_start=round 10; SERVER_REF_FRACTION=0.10; same evaluate() on official PathMNIST test split -- identical across benchmark_v2_corrected and combined_e2e_minimal by construction (both derive these constants from the same locked protocol addenda).",True,"exact (partition,seed,attack,defense,regime) match found",0.3519498705863952,2.134474754333496,False
c4_drift_aware__iid__no_attack__seed43,cosine,A_condition_specific_oracle,43,iid,no_attack,"K=50 local SGD steps/client/round; 25 FL rounds; same TorchCNNFlat model/init scheme; SGD optimizer, LR=0.01, batch_size=128; 5 clients; MALICIOUS_RATIO=0.2 (client 0); attack_start=round 10; SERVER_REF_FRACTION=0.10; same evaluate() on official PathMNIST test split -- identical across benchmark_v2_corrected and combined_e2e_minimal by construction (both derive these constants from the same locked protocol addenda).",True,"exact (partition,seed,attack,defense,regime) match found",0.4037604629993438,1.5816683769226074,False
c4_drift_aware__iid__no_attack__seed43,sign_consensus,A_condition_specific_oracle,43,iid,no_attack,"K=50 local SGD steps/client/round; 25 FL rounds; same TorchCNNFlat model/init scheme; SGD optimizer, LR=0.01, batch_size=128; 5 clients; MALICIOUS_RATIO=0.2 (client 0); attack_start=round 10; SERVER_REF_FRACTION=0.10; same evaluate() on official PathMNIST test split -- identical across benchmark_v2_corrected and combined_e2e_minimal by construction (both derive these constants from the same locked protocol addenda).",True,"exact (partition,seed,attack,defense,regime) match found",0.4332869052886963,1.544658660888672,False
c4_drift_aware__iid__no_attack__seed43,median,not_applicable,43,iid,no_attack,"K=50 local SGD steps/client/round; 25 FL rounds; same TorchCNNFlat model/init scheme; SGD optimizer, LR=0.01, batch_size=128; 5 clients; MALICIOUS_RATIO=0.2 (client 0); attack_start=round 10; SERVER_REF_FRACTION=0.10; same evaluate() on official PathMNIST test split -- identical across benchmark_v2_corrected and combined_e2e_minimal by construction (both derive these constants from the same locked protocol addenda).",True,"exact (partition,seed,attack,defense,regime) match found",0.4291086494922638,1.5510445833206177,False
c4_drift_aware__iid__no_attack__seed43,multi_krum,not_applicable,43,iid,no_attack,"K=50 local SGD steps/client/round; 25 FL rounds; same TorchCNNFlat model/init scheme; SGD optimizer, LR=0.01, batch_size=128; 5 clients; MALICIOUS_RATIO=0.2 (client 0); attack_start=round 10; SERVER_REF_FRACTION=0.10; same evaluate() on official PathMNIST test split -- identical across benchmark_v2_corrected and combined_e2e_minimal by construction (both derive these constants from the same locked protocol addenda).",True,"exact (partition,seed,attack,defense,regime) match found",0.418662965297699,1.5589159727096558,False
c3_static__iid__large_norm__seed43,fedavg,not_applicable,43,iid,large_norm,"K=50 local SGD steps/client/round; 25 FL rounds; same TorchCNNFlat model/init scheme; SGD optimizer, LR=0.01, batch_size=128; 5 clients; MALICIOUS_RATIO=0.2 (client 0); attack_start=round 10; SERVER_REF_FRACTION=0.10; same evaluate() on official PathMNIST test split -- identical across benchmark_v2_corrected and combined_e2e_minimal by construction (both derive these constants from the same locked protocol addenda).",True,"exact (partition,seed,attack,defense,regime) match found",0.0591922029852867,126695992.0,True
c3_static__iid__large_norm__seed43,norm,A_condition_specific_oracle,43,iid,large_norm,"K=50 local SGD steps/client/round; 25 FL rounds; same TorchCNNFlat model/init scheme; SGD optimizer, LR=0.01, batch_size=128; 5 clients; MALICIOUS_RATIO=0.2 (client 0); attack_start=round 10; SERVER_REF_FRACTION=0.10; same evaluate() on official PathMNIST test split -- identical across benchmark_v2_corrected and combined_e2e_minimal by construction (both derive these constants from the same locked protocol addenda).",True,"exact (partition,seed,attack,defense,regime) match found",0.3519498705863952,2.1344757080078125,False
c3_static__iid__large_norm__seed43,cosine,A_condition_specific_oracle,43,iid,large_norm,"K=50 local SGD steps/client/round; 25 FL rounds; same TorchCNNFlat model/init scheme; SGD optimizer, LR=0.01, batch_size=128; 5 clients; MALICIOUS_RATIO=0.2 (client 0); attack_start=round 10; SERVER_REF_FRACTION=0.10; same evaluate() on official PathMNIST test split -- identical across benchmark_v2_corrected and combined_e2e_minimal by construction (both derive these constants from the same locked protocol addenda).",True,"exact (partition,seed,attack,defense,regime) match found",0.4557103216648102,1.558868408203125,False
c3_static__iid__large_norm__seed43,sign_consensus,A_condition_specific_oracle,43,iid,large_norm,"K=50 local SGD steps/client/round; 25 FL rounds; same TorchCNNFlat model/init scheme; SGD optimizer, LR=0.01, batch_size=128; 5 clients; MALICIOUS_RATIO=0.2 (client 0); attack_start=round 10; SERVER_REF_FRACTION=0.10; same evaluate() on official PathMNIST test split -- identical across benchmark_v2_corrected and combined_e2e_minimal by construction (both derive these constants from the same locked protocol addenda).",True,"exact (partition,seed,attack,defense,regime) match found",0.0591922029852867,126695936.0,True
c3_static__iid__large_norm__seed43,median,not_applicable,43,iid,large_norm,"K=50 local SGD steps/client/round; 25 FL rounds; same TorchCNNFlat model/init scheme; SGD optimizer, LR=0.01, batch_size=128; 5 clients; MALICIOUS_RATIO=0.2 (client 0); attack_start=round 10; SERVER_REF_FRACTION=0.10; same evaluate() on official PathMNIST test split -- identical across benchmark_v2_corrected and combined_e2e_minimal by construction (both derive these constants from the same locked protocol addenda).",True,"exact (partition,seed,attack,defense,regime) match found",0.4387186765670776,1.549066424369812,False
c3_static__iid__large_norm__seed43,multi_krum,not_applicable,43,iid,large_norm,"K=50 local SGD steps/client/round; 25 FL rounds; same TorchCNNFlat model/init scheme; SGD optimizer, LR=0.01, batch_size=128; 5 clients; MALICIOUS_RATIO=0.2 (client 0); attack_start=round 10; SERVER_REF_FRACTION=0.10; same evaluate() on official PathMNIST test split -- identical across benchmark_v2_corrected and combined_e2e_minimal by construction (both derive these constants from the same locked protocol addenda).",True,"exact (partition,seed,attack,defense,regime) match found",0.4445682466030121,1.563008189201355,False
c4_static__iid__large_norm__seed43,fedavg,not_applicable,43,iid,large_norm,"K=50 local SGD steps/client/round; 25 FL rounds; same TorchCNNFlat model/init scheme; SGD optimizer, LR=0.01, batch_size=128; 5 clients; MALICIOUS_RATIO=0.2 (client 0); attack_start=round 10; SERVER_REF_FRACTION=0.10; same evaluate() on official PathMNIST test split -- identical across benchmark_v2_corrected and combined_e2e_minimal by construction (both derive these constants from the same locked protocol addenda).",True,"exact (partition,seed,attack,defense,regime) match found",0.0591922029852867,126695992.0,True
c4_static__iid__large_norm__seed43,norm,A_condition_specific_oracle,43,iid,large_norm,"K=50 local SGD steps/client/round; 25 FL rounds; same TorchCNNFlat model/init scheme; SGD optimizer, LR=0.01, batch_size=128; 5 clients; MALICIOUS_RATIO=0.2 (client 0); attack_start=round 10; SERVER_REF_FRACTION=0.10; same evaluate() on official PathMNIST test split -- identical across benchmark_v2_corrected and combined_e2e_minimal by construction (both derive these constants from the same locked protocol addenda).",True,"exact (partition,seed,attack,defense,regime) match found",0.3519498705863952,2.1344757080078125,False
c4_static__iid__large_norm__seed43,cosine,A_condition_specific_oracle,43,iid,large_norm,"K=50 local SGD steps/client/round; 25 FL rounds; same TorchCNNFlat model/init scheme; SGD optimizer, LR=0.01, batch_size=128; 5 clients; MALICIOUS_RATIO=0.2 (client 0); attack_start=round 10; SERVER_REF_FRACTION=0.10; same evaluate() on official PathMNIST test split -- identical across benchmark_v2_corrected and combined_e2e_minimal by construction (both derive these constants from the same locked protocol addenda).",True,"exact (partition,seed,attack,defense,regime) match found",0.4557103216648102,1.558868408203125,False
c4_static__iid__large_norm__seed43,sign_consensus,A_condition_specific_oracle,43,iid,large_norm,"K=50 local SGD steps/client/round; 25 FL rounds; same TorchCNNFlat model/init scheme; SGD optimizer, LR=0.01, batch_size=128; 5 clients; MALICIOUS_RATIO=0.2 (client 0); attack_start=round 10; SERVER_REF_FRACTION=0.10; same evaluate() on official PathMNIST test split -- identical across benchmark_v2_corrected and combined_e2e_minimal by construction (both derive these constants from the same locked protocol addenda).",True,"exact (partition,seed,attack,defense,regime) match found",0.0591922029852867,126695936.0,True
c4_static__iid__large_norm__seed43,median,not_applicable,43,iid,large_norm,"K=50 local SGD steps/client/round; 25 FL rounds; same TorchCNNFlat model/init scheme; SGD optimizer, LR=0.01, batch_size=128; 5 clients; MALICIOUS_RATIO=0.2 (client 0); attack_start=round 10; SERVER_REF_FRACTION=0.10; same evaluate() on official PathMNIST test split -- identical across benchmark_v2_corrected and combined_e2e_minimal by construction (both derive these constants from the same locked protocol addenda).",True,"exact (partition,seed,attack,defense,regime) match found",0.4387186765670776,1.549066424369812,False
c4_static__iid__large_norm__seed43,multi_krum,not_applicable,43,iid,large_norm,"K=50 local SGD steps/client/round; 25 FL rounds; same TorchCNNFlat model/init scheme; SGD optimizer, LR=0.01, batch_size=128; 5 clients; MALICIOUS_RATIO=0.2 (client 0); attack_start=round 10; SERVER_REF_FRACTION=0.10; same evaluate() on official PathMNIST test split -- identical across benchmark_v2_corrected and combined_e2e_minimal by construction (both derive these constants from the same locked protocol addenda).",True,"exact (partition,seed,attack,defense,regime) match found",0.4445682466030121,1.563008189201355,False
c4_drift_aware__iid__large_norm__seed43,fedavg,not_applicable,43,iid,large_norm,"K=50 local SGD steps/client/round; 25 FL rounds; same TorchCNNFlat model/init scheme; SGD optimizer, LR=0.01, batch_size=128; 5 clients; MALICIOUS_RATIO=0.2 (client 0); attack_start=round 10; SERVER_REF_FRACTION=0.10; same evaluate() on official PathMNIST test split -- identical across benchmark_v2_corrected and combined_e2e_minimal by construction (both derive these constants from the same locked protocol addenda).",True,"exact (partition,seed,attack,defense,regime) match found",0.0591922029852867,126695992.0,True
c4_drift_aware__iid__large_norm__seed43,norm,A_condition_specific_oracle,43,iid,large_norm,"K=50 local SGD steps/client/round; 25 FL rounds; same TorchCNNFlat model/init scheme; SGD optimizer, LR=0.01, batch_size=128; 5 clients; MALICIOUS_RATIO=0.2 (client 0); attack_start=round 10; SERVER_REF_FRACTION=0.10; same evaluate() on official PathMNIST test split -- identical across benchmark_v2_corrected and combined_e2e_minimal by construction (both derive these constants from the same locked protocol addenda).",True,"exact (partition,seed,attack,defense,regime) match found",0.3519498705863952,2.1344757080078125,False
c4_drift_aware__iid__large_norm__seed43,cosine,A_condition_specific_oracle,43,iid,large_norm,"K=50 local SGD steps/client/round; 25 FL rounds; same TorchCNNFlat model/init scheme; SGD optimizer, LR=0.01, batch_size=128; 5 clients; MALICIOUS_RATIO=0.2 (client 0); attack_start=round 10; SERVER_REF_FRACTION=0.10; same evaluate() on official PathMNIST test split -- identical across benchmark_v2_corrected and combined_e2e_minimal by construction (both derive these constants from the same locked protocol addenda).",True,"exact (partition,seed,attack,defense,regime) match found",0.4557103216648102,1.558868408203125,False
c4_drift_aware__iid__large_norm__seed43,sign_consensus,A_condition_specific_oracle,43,iid,large_norm,"K=50 local SGD steps/client/round; 25 FL rounds; same TorchCNNFlat model/init scheme; SGD optimizer, LR=0.01, batch_size=128; 5 clients; MALICIOUS_RATIO=0.2 (client 0); attack_start=round 10; SERVER_REF_FRACTION=0.10; same evaluate() on official PathMNIST test split -- identical across benchmark_v2_corrected and combined_e2e_minimal by construction (both derive these constants from the same locked protocol addenda).",True,"exact (partition,seed,attack,defense,regime) match found",0.0591922029852867,126695936.0,True
c4_drift_aware__iid__large_norm__seed43,median,not_applicable,43,iid,large_norm,"K=50 local SGD steps/client/round; 25 FL rounds; same TorchCNNFlat model/init scheme; SGD optimizer, LR=0.01, batch_size=128; 5 clients; MALICIOUS_RATIO=0.2 (client 0); attack_start=round 10; SERVER_REF_FRACTION=0.10; same evaluate() on official PathMNIST test split -- identical across benchmark_v2_corrected and combined_e2e_minimal by construction (both derive these constants from the same locked protocol addenda).",True,"exact (partition,seed,attack,defense,regime) match found",0.4387186765670776,1.549066424369812,False
c4_drift_aware__iid__large_norm__seed43,multi_krum,not_applicable,43,iid,large_norm,"K=50 local SGD steps/client/round; 25 FL rounds; same TorchCNNFlat model/init scheme; SGD optimizer, LR=0.01, batch_size=128; 5 clients; MALICIOUS_RATIO=0.2 (client 0); attack_start=round 10; SERVER_REF_FRACTION=0.10; same evaluate() on official PathMNIST test split -- identical across benchmark_v2_corrected and combined_e2e_minimal by construction (both derive these constants from the same locked protocol addenda).",True,"exact (partition,seed,attack,defense,regime) match found",0.4445682466030121,1.563008189201355,False
c3_static__iid__directional_poisoning__seed43,fedavg,not_applicable,43,iid,directional_poisoning,"K=50 local SGD steps/client/round; 25 FL rounds; same TorchCNNFlat model/init scheme; SGD optimizer, LR=0.01, batch_size=128; 5 clients; MALICIOUS_RATIO=0.2 (client 0); attack_start=round 10; SERVER_REF_FRACTION=0.10; same evaluate() on official PathMNIST test split -- identical across benchmark_v2_corrected and combined_e2e_minimal by construction (both derive these constants from the same locked protocol addenda).",True,"exact (partition,seed,attack,defense,regime) match found",0.424234002828598,1.6547998189926147,False
c3_static__iid__directional_poisoning__seed43,norm,A_condition_specific_oracle,43,iid,directional_poisoning,"K=50 local SGD steps/client/round; 25 FL rounds; same TorchCNNFlat model/init scheme; SGD optimizer, LR=0.01, batch_size=128; 5 clients; MALICIOUS_RATIO=0.2 (client 0); attack_start=round 10; SERVER_REF_FRACTION=0.10; same evaluate() on official PathMNIST test split -- identical across benchmark_v2_corrected and combined_e2e_minimal by construction (both derive these constants from the same locked protocol addenda).",True,"exact (partition,seed,attack,defense,regime) match found",0.3519498705863952,2.13446044921875,False
c3_static__iid__directional_poisoning__seed43,cosine,A_condition_specific_oracle,43,iid,directional_poisoning,"K=50 local SGD steps/client/round; 25 FL rounds; same TorchCNNFlat model/init scheme; SGD optimizer, LR=0.01, batch_size=128; 5 clients; MALICIOUS_RATIO=0.2 (client 0); attack_start=round 10; SERVER_REF_FRACTION=0.10; same evaluate() on official PathMNIST test split -- identical across benchmark_v2_corrected and combined_e2e_minimal by construction (both derive these constants from the same locked protocol addenda).",True,"exact (partition,seed,attack,defense,regime) match found",0.3913649022579193,1.5877904891967771,False
c3_static__iid__directional_poisoning__seed43,sign_consensus,A_condition_specific_oracle,43,iid,directional_poisoning,"K=50 local SGD steps/client/round; 25 FL rounds; same TorchCNNFlat model/init scheme; SGD optimizer, LR=0.01, batch_size=128; 5 clients; MALICIOUS_RATIO=0.2 (client 0); attack_start=round 10; SERVER_REF_FRACTION=0.10; same evaluate() on official PathMNIST test split -- identical across benchmark_v2_corrected and combined_e2e_minimal by construction (both derive these constants from the same locked protocol addenda).",True,"exact (partition,seed,attack,defense,regime) match found",0.4188022315502167,1.5581371784210205,False
c3_static__iid__directional_poisoning__seed43,median,not_applicable,43,iid,directional_poisoning,"K=50 local SGD steps/client/round; 25 FL rounds; same TorchCNNFlat model/init scheme; SGD optimizer, LR=0.01, batch_size=128; 5 clients; MALICIOUS_RATIO=0.2 (client 0); attack_start=round 10; SERVER_REF_FRACTION=0.10; same evaluate() on official PathMNIST test split -- identical across benchmark_v2_corrected and combined_e2e_minimal by construction (both derive these constants from the same locked protocol addenda).",True,"exact (partition,seed,attack,defense,regime) match found",0.4139275848865509,1.5711827278137207,False
c3_static__iid__directional_poisoning__seed43,multi_krum,not_applicable,43,iid,directional_poisoning,"K=50 local SGD steps/client/round; 25 FL rounds; same TorchCNNFlat model/init scheme; SGD optimizer, LR=0.01, batch_size=128; 5 clients; MALICIOUS_RATIO=0.2 (client 0); attack_start=round 10; SERVER_REF_FRACTION=0.10; same evaluate() on official PathMNIST test split -- identical across benchmark_v2_corrected and combined_e2e_minimal by construction (both derive these constants from the same locked protocol addenda).",True,"exact (partition,seed,attack,defense,regime) match found",0.4188022315502167,1.558388590812683,False
c4_static__iid__directional_poisoning__seed43,fedavg,not_applicable,43,iid,directional_poisoning,"K=50 local SGD steps/client/round; 25 FL rounds; same TorchCNNFlat model/init scheme; SGD optimizer, LR=0.01, batch_size=128; 5 clients; MALICIOUS_RATIO=0.2 (client 0); attack_start=round 10; SERVER_REF_FRACTION=0.10; same evaluate() on official PathMNIST test split -- identical across benchmark_v2_corrected and combined_e2e_minimal by construction (both derive these constants from the same locked protocol addenda).",True,"exact (partition,seed,attack,defense,regime) match found",0.424234002828598,1.6547998189926147,False
c4_static__iid__directional_poisoning__seed43,norm,A_condition_specific_oracle,43,iid,directional_poisoning,"K=50 local SGD steps/client/round; 25 FL rounds; same TorchCNNFlat model/init scheme; SGD optimizer, LR=0.01, batch_size=128; 5 clients; MALICIOUS_RATIO=0.2 (client 0); attack_start=round 10; SERVER_REF_FRACTION=0.10; same evaluate() on official PathMNIST test split -- identical across benchmark_v2_corrected and combined_e2e_minimal by construction (both derive these constants from the same locked protocol addenda).",True,"exact (partition,seed,attack,defense,regime) match found",0.3519498705863952,2.13446044921875,False
c4_static__iid__directional_poisoning__seed43,cosine,A_condition_specific_oracle,43,iid,directional_poisoning,"K=50 local SGD steps/client/round; 25 FL rounds; same TorchCNNFlat model/init scheme; SGD optimizer, LR=0.01, batch_size=128; 5 clients; MALICIOUS_RATIO=0.2 (client 0); attack_start=round 10; SERVER_REF_FRACTION=0.10; same evaluate() on official PathMNIST test split -- identical across benchmark_v2_corrected and combined_e2e_minimal by construction (both derive these constants from the same locked protocol addenda).",True,"exact (partition,seed,attack,defense,regime) match found",0.3913649022579193,1.5877904891967771,False
c4_static__iid__directional_poisoning__seed43,sign_consensus,A_condition_specific_oracle,43,iid,directional_poisoning,"K=50 local SGD steps/client/round; 25 FL rounds; same TorchCNNFlat model/init scheme; SGD optimizer, LR=0.01, batch_size=128; 5 clients; MALICIOUS_RATIO=0.2 (client 0); attack_start=round 10; SERVER_REF_FRACTION=0.10; same evaluate() on official PathMNIST test split -- identical across benchmark_v2_corrected and combined_e2e_minimal by construction (both derive these constants from the same locked protocol addenda).",True,"exact (partition,seed,attack,defense,regime) match found",0.4188022315502167,1.5581371784210205,False
c4_static__iid__directional_poisoning__seed43,median,not_applicable,43,iid,directional_poisoning,"K=50 local SGD steps/client/round; 25 FL rounds; same TorchCNNFlat model/init scheme; SGD optimizer, LR=0.01, batch_size=128; 5 clients; MALICIOUS_RATIO=0.2 (client 0); attack_start=round 10; SERVER_REF_FRACTION=0.10; same evaluate() on official PathMNIST test split -- identical across benchmark_v2_corrected and combined_e2e_minimal by construction (both derive these constants from the same locked protocol addenda).",True,"exact (partition,seed,attack,defense,regime) match found",0.4139275848865509,1.5711827278137207,False
c4_static__iid__directional_poisoning__seed43,multi_krum,not_applicable,43,iid,directional_poisoning,"K=50 local SGD steps/client/round; 25 FL rounds; same TorchCNNFlat model/init scheme; SGD optimizer, LR=0.01, batch_size=128; 5 clients; MALICIOUS_RATIO=0.2 (client 0); attack_start=round 10; SERVER_REF_FRACTION=0.10; same evaluate() on official PathMNIST test split -- identical across benchmark_v2_corrected and combined_e2e_minimal by construction (both derive these constants from the same locked protocol addenda).",True,"exact (partition,seed,attack,defense,regime) match found",0.4188022315502167,1.558388590812683,False
c4_drift_aware__iid__directional_poisoning__seed43,fedavg,not_applicable,43,iid,directional_poisoning,"K=50 local SGD steps/client/round; 25 FL rounds; same TorchCNNFlat model/init scheme; SGD optimizer, LR=0.01, batch_size=128; 5 clients; MALICIOUS_RATIO=0.2 (client 0); attack_start=round 10; SERVER_REF_FRACTION=0.10; same evaluate() on official PathMNIST test split -- identical across benchmark_v2_corrected and combined_e2e_minimal by construction (both derive these constants from the same locked protocol addenda).",True,"exact (partition,seed,attack,defense,regime) match found",0.424234002828598,1.6547998189926147,False
c4_drift_aware__iid__directional_poisoning__seed43,norm,A_condition_specific_oracle,43,iid,directional_poisoning,"K=50 local SGD steps/client/round; 25 FL rounds; same TorchCNNFlat model/init scheme; SGD optimizer, LR=0.01, batch_size=128; 5 clients; MALICIOUS_RATIO=0.2 (client 0); attack_start=round 10; SERVER_REF_FRACTION=0.10; same evaluate() on official PathMNIST test split -- identical across benchmark_v2_corrected and combined_e2e_minimal by construction (both derive these constants from the same locked protocol addenda).",True,"exact (partition,seed,attack,defense,regime) match found",0.3519498705863952,2.13446044921875,False
c4_drift_aware__iid__directional_poisoning__seed43,cosine,A_condition_specific_oracle,43,iid,directional_poisoning,"K=50 local SGD steps/client/round; 25 FL rounds; same TorchCNNFlat model/init scheme; SGD optimizer, LR=0.01, batch_size=128; 5 clients; MALICIOUS_RATIO=0.2 (client 0); attack_start=round 10; SERVER_REF_FRACTION=0.10; same evaluate() on official PathMNIST test split -- identical across benchmark_v2_corrected and combined_e2e_minimal by construction (both derive these constants from the same locked protocol addenda).",True,"exact (partition,seed,attack,defense,regime) match found",0.3913649022579193,1.5877904891967771,False
c4_drift_aware__iid__directional_poisoning__seed43,sign_consensus,A_condition_specific_oracle,43,iid,directional_poisoning,"K=50 local SGD steps/client/round; 25 FL rounds; same TorchCNNFlat model/init scheme; SGD optimizer, LR=0.01, batch_size=128; 5 clients; MALICIOUS_RATIO=0.2 (client 0); attack_start=round 10; SERVER_REF_FRACTION=0.10; same evaluate() on official PathMNIST test split -- identical across benchmark_v2_corrected and combined_e2e_minimal by construction (both derive these constants from the same locked protocol addenda).",True,"exact (partition,seed,attack,defense,regime) match found",0.4188022315502167,1.5581371784210205,False
c4_drift_aware__iid__directional_poisoning__seed43,median,not_applicable,43,iid,directional_poisoning,"K=50 local SGD steps/client/round; 25 FL rounds; same TorchCNNFlat model/init scheme; SGD optimizer, LR=0.01, batch_size=128; 5 clients; MALICIOUS_RATIO=0.2 (client 0); attack_start=round 10; SERVER_REF_FRACTION=0.10; same evaluate() on official PathMNIST test split -- identical across benchmark_v2_corrected and combined_e2e_minimal by construction (both derive these constants from the same locked protocol addenda).",True,"exact (partition,seed,attack,defense,regime) match found",0.4139275848865509,1.5711827278137207,False
c4_drift_aware__iid__directional_poisoning__seed43,multi_krum,not_applicable,43,iid,directional_poisoning,"K=50 local SGD steps/client/round; 25 FL rounds; same TorchCNNFlat model/init scheme; SGD optimizer, LR=0.01, batch_size=128; 5 clients; MALICIOUS_RATIO=0.2 (client 0); attack_start=round 10; SERVER_REF_FRACTION=0.10; same evaluate() on official PathMNIST test split -- identical across benchmark_v2_corrected and combined_e2e_minimal by construction (both derive these constants from the same locked protocol addenda).",True,"exact (partition,seed,attack,defense,regime) match found",0.4188022315502167,1.558388590812683,False
c3_static__iid__sparse_coordinate_attack__seed43,fedavg,not_applicable,43,iid,sparse_coordinate_attack,"K=50 local SGD steps/client/round; 25 FL rounds; same TorchCNNFlat model/init scheme; SGD optimizer, LR=0.01, batch_size=128; 5 clients; MALICIOUS_RATIO=0.2 (client 0); attack_start=round 10; SERVER_REF_FRACTION=0.10; same evaluate() on official PathMNIST test split -- identical across benchmark_v2_corrected and combined_e2e_minimal by construction (both derive these constants from the same locked protocol addenda).",True,"exact (partition,seed,attack,defense,regime) match found",0.1926183849573135,1.9017075300216677,False
c3_static__iid__sparse_coordinate_attack__seed43,norm,A_condition_specific_oracle,43,iid,sparse_coordinate_attack,"K=50 local SGD steps/client/round; 25 FL rounds; same TorchCNNFlat model/init scheme; SGD optimizer, LR=0.01, batch_size=128; 5 clients; MALICIOUS_RATIO=0.2 (client 0); attack_start=round 10; SERVER_REF_FRACTION=0.10; same evaluate() on official PathMNIST test split -- identical across benchmark_v2_corrected and combined_e2e_minimal by construction (both derive these constants from the same locked protocol addenda).",True,"exact (partition,seed,attack,defense,regime) match found",0.3519498705863952,2.1344645023345947,False
c3_static__iid__sparse_coordinate_attack__seed43,cosine,A_condition_specific_oracle,43,iid,sparse_coordinate_attack,"K=50 local SGD steps/client/round; 25 FL rounds; same TorchCNNFlat model/init scheme; SGD optimizer, LR=0.01, batch_size=128; 5 clients; MALICIOUS_RATIO=0.2 (client 0); attack_start=round 10; SERVER_REF_FRACTION=0.10; same evaluate() on official PathMNIST test split -- identical across benchmark_v2_corrected and combined_e2e_minimal by construction (both derive these constants from the same locked protocol addenda).",True,"exact (partition,seed,attack,defense,regime) match found",0.441643476486206,1.553548812866211,False
c3_static__iid__sparse_coordinate_attack__seed43,sign_consensus,A_condition_specific_oracle,43,iid,sparse_coordinate_attack,"K=50 local SGD steps/client/round; 25 FL rounds; same TorchCNNFlat model/init scheme; SGD optimizer, LR=0.01, batch_size=128; 5 clients; MALICIOUS_RATIO=0.2 (client 0); attack_start=round 10; SERVER_REF_FRACTION=0.10; same evaluate() on official PathMNIST test split -- identical across benchmark_v2_corrected and combined_e2e_minimal by construction (both derive these constants from the same locked protocol addenda).",True,"exact (partition,seed,attack,defense,regime) match found",0.4472144842147827,1.543041706085205,False
c3_static__iid__sparse_coordinate_attack__seed43,median,not_applicable,43,iid,sparse_coordinate_attack,"K=50 local SGD steps/client/round; 25 FL rounds; same TorchCNNFlat model/init scheme; SGD optimizer, LR=0.01, batch_size=128; 5 clients; MALICIOUS_RATIO=0.2 (client 0); attack_start=round 10; SERVER_REF_FRACTION=0.10; same evaluate() on official PathMNIST test split -- identical across benchmark_v2_corrected and combined_e2e_minimal by construction (both derive these constants from the same locked protocol addenda).",True,"exact (partition,seed,attack,defense,regime) match found",0.4512535035610199,1.5455878973007202,False
c3_static__iid__sparse_coordinate_attack__seed43,multi_krum,not_applicable,43,iid,sparse_coordinate_attack,"K=50 local SGD steps/client/round; 25 FL rounds; same TorchCNNFlat model/init scheme; SGD optimizer, LR=0.01, batch_size=128; 5 clients; MALICIOUS_RATIO=0.2 (client 0); attack_start=round 10; SERVER_REF_FRACTION=0.10; same evaluate() on official PathMNIST test split -- identical across benchmark_v2_corrected and combined_e2e_minimal by construction (both derive these constants from the same locked protocol addenda).",True,"exact (partition,seed,attack,defense,regime) match found",0.4469359517097473,1.5431809425354004,False
c4_static__iid__sparse_coordinate_attack__seed43,fedavg,not_applicable,43,iid,sparse_coordinate_attack,"K=50 local SGD steps/client/round; 25 FL rounds; same TorchCNNFlat model/init scheme; SGD optimizer, LR=0.01, batch_size=128; 5 clients; MALICIOUS_RATIO=0.2 (client 0); attack_start=round 10; SERVER_REF_FRACTION=0.10; same evaluate() on official PathMNIST test split -- identical across benchmark_v2_corrected and combined_e2e_minimal by construction (both derive these constants from the same locked protocol addenda).",True,"exact (partition,seed,attack,defense,regime) match found",0.1926183849573135,1.9017075300216677,False
c4_static__iid__sparse_coordinate_attack__seed43,norm,A_condition_specific_oracle,43,iid,sparse_coordinate_attack,"K=50 local SGD steps/client/round; 25 FL rounds; same TorchCNNFlat model/init scheme; SGD optimizer, LR=0.01, batch_size=128; 5 clients; MALICIOUS_RATIO=0.2 (client 0); attack_start=round 10; SERVER_REF_FRACTION=0.10; same evaluate() on official PathMNIST test split -- identical across benchmark_v2_corrected and combined_e2e_minimal by construction (both derive these constants from the same locked protocol addenda).",True,"exact (partition,seed,attack,defense,regime) match found",0.3519498705863952,2.1344645023345947,False
c4_static__iid__sparse_coordinate_attack__seed43,cosine,A_condition_specific_oracle,43,iid,sparse_coordinate_attack,"K=50 local SGD steps/client/round; 25 FL rounds; same TorchCNNFlat model/init scheme; SGD optimizer, LR=0.01, batch_size=128; 5 clients; MALICIOUS_RATIO=0.2 (client 0); attack_start=round 10; SERVER_REF_FRACTION=0.10; same evaluate() on official PathMNIST test split -- identical across benchmark_v2_corrected and combined_e2e_minimal by construction (both derive these constants from the same locked protocol addenda).",True,"exact (partition,seed,attack,defense,regime) match found",0.441643476486206,1.553548812866211,False
c4_static__iid__sparse_coordinate_attack__seed43,sign_consensus,A_condition_specific_oracle,43,iid,sparse_coordinate_attack,"K=50 local SGD steps/client/round; 25 FL rounds; same TorchCNNFlat model/init scheme; SGD optimizer, LR=0.01, batch_size=128; 5 clients; MALICIOUS_RATIO=0.2 (client 0); attack_start=round 10; SERVER_REF_FRACTION=0.10; same evaluate() on official PathMNIST test split -- identical across benchmark_v2_corrected and combined_e2e_minimal by construction (both derive these constants from the same locked protocol addenda).",True,"exact (partition,seed,attack,defense,regime) match found",0.4472144842147827,1.543041706085205,False
c4_static__iid__sparse_coordinate_attack__seed43,median,not_applicable,43,iid,sparse_coordinate_attack,"K=50 local SGD steps/client/round; 25 FL rounds; same TorchCNNFlat model/init scheme; SGD optimizer, LR=0.01, batch_size=128; 5 clients; MALICIOUS_RATIO=0.2 (client 0); attack_start=round 10; SERVER_REF_FRACTION=0.10; same evaluate() on official PathMNIST test split -- identical across benchmark_v2_corrected and combined_e2e_minimal by construction (both derive these constants from the same locked protocol addenda).",True,"exact (partition,seed,attack,defense,regime) match found",0.4512535035610199,1.5455878973007202,False
c4_static__iid__sparse_coordinate_attack__seed43,multi_krum,not_applicable,43,iid,sparse_coordinate_attack,"K=50 local SGD steps/client/round; 25 FL rounds; same TorchCNNFlat model/init scheme; SGD optimizer, LR=0.01, batch_size=128; 5 clients; MALICIOUS_RATIO=0.2 (client 0); attack_start=round 10; SERVER_REF_FRACTION=0.10; same evaluate() on official PathMNIST test split -- identical across benchmark_v2_corrected and combined_e2e_minimal by construction (both derive these constants from the same locked protocol addenda).",True,"exact (partition,seed,attack,defense,regime) match found",0.4469359517097473,1.5431809425354004,False
c4_drift_aware__iid__sparse_coordinate_attack__seed43,fedavg,not_applicable,43,iid,sparse_coordinate_attack,"K=50 local SGD steps/client/round; 25 FL rounds; same TorchCNNFlat model/init scheme; SGD optimizer, LR=0.01, batch_size=128; 5 clients; MALICIOUS_RATIO=0.2 (client 0); attack_start=round 10; SERVER_REF_FRACTION=0.10; same evaluate() on official PathMNIST test split -- identical across benchmark_v2_corrected and combined_e2e_minimal by construction (both derive these constants from the same locked protocol addenda).",True,"exact (partition,seed,attack,defense,regime) match found",0.1926183849573135,1.9017075300216677,False
c4_drift_aware__iid__sparse_coordinate_attack__seed43,norm,A_condition_specific_oracle,43,iid,sparse_coordinate_attack,"K=50 local SGD steps/client/round; 25 FL rounds; same TorchCNNFlat model/init scheme; SGD optimizer, LR=0.01, batch_size=128; 5 clients; MALICIOUS_RATIO=0.2 (client 0); attack_start=round 10; SERVER_REF_FRACTION=0.10; same evaluate() on official PathMNIST test split -- identical across benchmark_v2_corrected and combined_e2e_minimal by construction (both derive these constants from the same locked protocol addenda).",True,"exact (partition,seed,attack,defense,regime) match found",0.3519498705863952,2.1344645023345947,False
c4_drift_aware__iid__sparse_coordinate_attack__seed43,cosine,A_condition_specific_oracle,43,iid,sparse_coordinate_attack,"K=50 local SGD steps/client/round; 25 FL rounds; same TorchCNNFlat model/init scheme; SGD optimizer, LR=0.01, batch_size=128; 5 clients; MALICIOUS_RATIO=0.2 (client 0); attack_start=round 10; SERVER_REF_FRACTION=0.10; same evaluate() on official PathMNIST test split -- identical across benchmark_v2_corrected and combined_e2e_minimal by construction (both derive these constants from the same locked protocol addenda).",True,"exact (partition,seed,attack,defense,regime) match found",0.441643476486206,1.553548812866211,False
c4_drift_aware__iid__sparse_coordinate_attack__seed43,sign_consensus,A_condition_specific_oracle,43,iid,sparse_coordinate_attack,"K=50 local SGD steps/client/round; 25 FL rounds; same TorchCNNFlat model/init scheme; SGD optimizer, LR=0.01, batch_size=128; 5 clients; MALICIOUS_RATIO=0.2 (client 0); attack_start=round 10; SERVER_REF_FRACTION=0.10; same evaluate() on official PathMNIST test split -- identical across benchmark_v2_corrected and combined_e2e_minimal by construction (both derive these constants from the same locked protocol addenda).",True,"exact (partition,seed,attack,defense,regime) match found",0.4472144842147827,1.543041706085205,False
c4_drift_aware__iid__sparse_coordinate_attack__seed43,median,not_applicable,43,iid,sparse_coordinate_attack,"K=50 local SGD steps/client/round; 25 FL rounds; same TorchCNNFlat model/init scheme; SGD optimizer, LR=0.01, batch_size=128; 5 clients; MALICIOUS_RATIO=0.2 (client 0); attack_start=round 10; SERVER_REF_FRACTION=0.10; same evaluate() on official PathMNIST test split -- identical across benchmark_v2_corrected and combined_e2e_minimal by construction (both derive these constants from the same locked protocol addenda).",True,"exact (partition,seed,attack,defense,regime) match found",0.4512535035610199,1.5455878973007202,False
c4_drift_aware__iid__sparse_coordinate_attack__seed43,multi_krum,not_applicable,43,iid,sparse_coordinate_attack,"K=50 local SGD steps/client/round; 25 FL rounds; same TorchCNNFlat model/init scheme; SGD optimizer, LR=0.01, batch_size=128; 5 clients; MALICIOUS_RATIO=0.2 (client 0); attack_start=round 10; SERVER_REF_FRACTION=0.10; same evaluate() on official PathMNIST test split -- identical across benchmark_v2_corrected and combined_e2e_minimal by construction (both derive these constants from the same locked protocol addenda).",True,"exact (partition,seed,attack,defense,regime) match found",0.4469359517097473,1.5431809425354004,False
c3_static__iid__no_attack__seed44,fedavg,not_applicable,44,iid,no_attack,"K=50 local SGD steps/client/round; 25 FL rounds; same TorchCNNFlat model/init scheme; SGD optimizer, LR=0.01, batch_size=128; 5 clients; MALICIOUS_RATIO=0.2 (client 0); attack_start=round 10; SERVER_REF_FRACTION=0.10; same evaluate() on official PathMNIST test split -- identical across benchmark_v2_corrected and combined_e2e_minimal by construction (both derive these constants from the same locked protocol addenda).",True,"exact (partition,seed,attack,defense,regime) match found",0.441643476486206,1.5674246549606323,False
c3_static__iid__no_attack__seed44,norm,A_condition_specific_oracle,44,iid,no_attack,"K=50 local SGD steps/client/round; 25 FL rounds; same TorchCNNFlat model/init scheme; SGD optimizer, LR=0.01, batch_size=128; 5 clients; MALICIOUS_RATIO=0.2 (client 0); attack_start=round 10; SERVER_REF_FRACTION=0.10; same evaluate() on official PathMNIST test split -- identical across benchmark_v2_corrected and combined_e2e_minimal by construction (both derive these constants from the same locked protocol addenda).",True,"exact (partition,seed,attack,defense,regime) match found",0.0814763233065605,2.1977293491363525,False
c3_static__iid__no_attack__seed44,cosine,A_condition_specific_oracle,44,iid,no_attack,"K=50 local SGD steps/client/round; 25 FL rounds; same TorchCNNFlat model/init scheme; SGD optimizer, LR=0.01, batch_size=128; 5 clients; MALICIOUS_RATIO=0.2 (client 0); attack_start=round 10; SERVER_REF_FRACTION=0.10; same evaluate() on official PathMNIST test split -- identical across benchmark_v2_corrected and combined_e2e_minimal by construction (both derive these constants from the same locked protocol addenda).",True,"exact (partition,seed,attack,defense,regime) match found",0.4381615817546844,1.605911374092102,False
c3_static__iid__no_attack__seed44,sign_consensus,A_condition_specific_oracle,44,iid,no_attack,"K=50 local SGD steps/client/round; 25 FL rounds; same TorchCNNFlat model/init scheme; SGD optimizer, LR=0.01, batch_size=128; 5 clients; MALICIOUS_RATIO=0.2 (client 0); attack_start=round 10; SERVER_REF_FRACTION=0.10; same evaluate() on official PathMNIST test split -- identical across benchmark_v2_corrected and combined_e2e_minimal by construction (both derive these constants from the same locked protocol addenda).",True,"exact (partition,seed,attack,defense,regime) match found",0.4419220089912414,1.5673208236694336,False
c3_static__iid__no_attack__seed44,median,not_applicable,44,iid,no_attack,"K=50 local SGD steps/client/round; 25 FL rounds; same TorchCNNFlat model/init scheme; SGD optimizer, LR=0.01, batch_size=128; 5 clients; MALICIOUS_RATIO=0.2 (client 0); attack_start=round 10; SERVER_REF_FRACTION=0.10; same evaluate() on official PathMNIST test split -- identical across benchmark_v2_corrected and combined_e2e_minimal by construction (both derive these constants from the same locked protocol addenda).",True,"exact (partition,seed,attack,defense,regime) match found",0.4611420631408691,1.5707420110702517,False
c3_static__iid__no_attack__seed44,multi_krum,not_applicable,44,iid,no_attack,"K=50 local SGD steps/client/round; 25 FL rounds; same TorchCNNFlat model/init scheme; SGD optimizer, LR=0.01, batch_size=128; 5 clients; MALICIOUS_RATIO=0.2 (client 0); attack_start=round 10; SERVER_REF_FRACTION=0.10; same evaluate() on official PathMNIST test split -- identical across benchmark_v2_corrected and combined_e2e_minimal by construction (both derive these constants from the same locked protocol addenda).",True,"exact (partition,seed,attack,defense,regime) match found",0.4619777202606201,1.5816229581832886,False
c4_static__iid__no_attack__seed44,fedavg,not_applicable,44,iid,no_attack,"K=50 local SGD steps/client/round; 25 FL rounds; same TorchCNNFlat model/init scheme; SGD optimizer, LR=0.01, batch_size=128; 5 clients; MALICIOUS_RATIO=0.2 (client 0); attack_start=round 10; SERVER_REF_FRACTION=0.10; same evaluate() on official PathMNIST test split -- identical across benchmark_v2_corrected and combined_e2e_minimal by construction (both derive these constants from the same locked protocol addenda).",True,"exact (partition,seed,attack,defense,regime) match found",0.441643476486206,1.5674246549606323,False
c4_static__iid__no_attack__seed44,norm,A_condition_specific_oracle,44,iid,no_attack,"K=50 local SGD steps/client/round; 25 FL rounds; same TorchCNNFlat model/init scheme; SGD optimizer, LR=0.01, batch_size=128; 5 clients; MALICIOUS_RATIO=0.2 (client 0); attack_start=round 10; SERVER_REF_FRACTION=0.10; same evaluate() on official PathMNIST test split -- identical across benchmark_v2_corrected and combined_e2e_minimal by construction (both derive these constants from the same locked protocol addenda).",True,"exact (partition,seed,attack,defense,regime) match found",0.0814763233065605,2.1977293491363525,False
c4_static__iid__no_attack__seed44,cosine,A_condition_specific_oracle,44,iid,no_attack,"K=50 local SGD steps/client/round; 25 FL rounds; same TorchCNNFlat model/init scheme; SGD optimizer, LR=0.01, batch_size=128; 5 clients; MALICIOUS_RATIO=0.2 (client 0); attack_start=round 10; SERVER_REF_FRACTION=0.10; same evaluate() on official PathMNIST test split -- identical across benchmark_v2_corrected and combined_e2e_minimal by construction (both derive these constants from the same locked protocol addenda).",True,"exact (partition,seed,attack,defense,regime) match found",0.4381615817546844,1.605911374092102,False
c4_static__iid__no_attack__seed44,sign_consensus,A_condition_specific_oracle,44,iid,no_attack,"K=50 local SGD steps/client/round; 25 FL rounds; same TorchCNNFlat model/init scheme; SGD optimizer, LR=0.01, batch_size=128; 5 clients; MALICIOUS_RATIO=0.2 (client 0); attack_start=round 10; SERVER_REF_FRACTION=0.10; same evaluate() on official PathMNIST test split -- identical across benchmark_v2_corrected and combined_e2e_minimal by construction (both derive these constants from the same locked protocol addenda).",True,"exact (partition,seed,attack,defense,regime) match found",0.4419220089912414,1.5673208236694336,False
c4_static__iid__no_attack__seed44,median,not_applicable,44,iid,no_attack,"K=50 local SGD steps/client/round; 25 FL rounds; same TorchCNNFlat model/init scheme; SGD optimizer, LR=0.01, batch_size=128; 5 clients; MALICIOUS_RATIO=0.2 (client 0); attack_start=round 10; SERVER_REF_FRACTION=0.10; same evaluate() on official PathMNIST test split -- identical across benchmark_v2_corrected and combined_e2e_minimal by construction (both derive these constants from the same locked protocol addenda).",True,"exact (partition,seed,attack,defense,regime) match found",0.4611420631408691,1.5707420110702517,False
c4_static__iid__no_attack__seed44,multi_krum,not_applicable,44,iid,no_attack,"K=50 local SGD steps/client/round; 25 FL rounds; same TorchCNNFlat model/init scheme; SGD optimizer, LR=0.01, batch_size=128; 5 clients; MALICIOUS_RATIO=0.2 (client 0); attack_start=round 10; SERVER_REF_FRACTION=0.10; same evaluate() on official PathMNIST test split -- identical across benchmark_v2_corrected and combined_e2e_minimal by construction (both derive these constants from the same locked protocol addenda).",True,"exact (partition,seed,attack,defense,regime) match found",0.4619777202606201,1.5816229581832886,False
c4_drift_aware__iid__no_attack__seed44,fedavg,not_applicable,44,iid,no_attack,"K=50 local SGD steps/client/round; 25 FL rounds; same TorchCNNFlat model/init scheme; SGD optimizer, LR=0.01, batch_size=128; 5 clients; MALICIOUS_RATIO=0.2 (client 0); attack_start=round 10; SERVER_REF_FRACTION=0.10; same evaluate() on official PathMNIST test split -- identical across benchmark_v2_corrected and combined_e2e_minimal by construction (both derive these constants from the same locked protocol addenda).",True,"exact (partition,seed,attack,defense,regime) match found",0.441643476486206,1.5674246549606323,False
c4_drift_aware__iid__no_attack__seed44,norm,A_condition_specific_oracle,44,iid,no_attack,"K=50 local SGD steps/client/round; 25 FL rounds; same TorchCNNFlat model/init scheme; SGD optimizer, LR=0.01, batch_size=128; 5 clients; MALICIOUS_RATIO=0.2 (client 0); attack_start=round 10; SERVER_REF_FRACTION=0.10; same evaluate() on official PathMNIST test split -- identical across benchmark_v2_corrected and combined_e2e_minimal by construction (both derive these constants from the same locked protocol addenda).",True,"exact (partition,seed,attack,defense,regime) match found",0.0814763233065605,2.1977293491363525,False
c4_drift_aware__iid__no_attack__seed44,cosine,A_condition_specific_oracle,44,iid,no_attack,"K=50 local SGD steps/client/round; 25 FL rounds; same TorchCNNFlat model/init scheme; SGD optimizer, LR=0.01, batch_size=128; 5 clients; MALICIOUS_RATIO=0.2 (client 0); attack_start=round 10; SERVER_REF_FRACTION=0.10; same evaluate() on official PathMNIST test split -- identical across benchmark_v2_corrected and combined_e2e_minimal by construction (both derive these constants from the same locked protocol addenda).",True,"exact (partition,seed,attack,defense,regime) match found",0.4381615817546844,1.605911374092102,False
c4_drift_aware__iid__no_attack__seed44,sign_consensus,A_condition_specific_oracle,44,iid,no_attack,"K=50 local SGD steps/client/round; 25 FL rounds; same TorchCNNFlat model/init scheme; SGD optimizer, LR=0.01, batch_size=128; 5 clients; MALICIOUS_RATIO=0.2 (client 0); attack_start=round 10; SERVER_REF_FRACTION=0.10; same evaluate() on official PathMNIST test split -- identical across benchmark_v2_corrected and combined_e2e_minimal by construction (both derive these constants from the same locked protocol addenda).",True,"exact (partition,seed,attack,defense,regime) match found",0.4419220089912414,1.5673208236694336,False
c4_drift_aware__iid__no_attack__seed44,median,not_applicable,44,iid,no_attack,"K=50 local SGD steps/client/round; 25 FL rounds; same TorchCNNFlat model/init scheme; SGD optimizer, LR=0.01, batch_size=128; 5 clients; MALICIOUS_RATIO=0.2 (client 0); attack_start=round 10; SERVER_REF_FRACTION=0.10; same evaluate() on official PathMNIST test split -- identical across benchmark_v2_corrected and combined_e2e_minimal by construction (both derive these constants from the same locked protocol addenda).",True,"exact (partition,seed,attack,defense,regime) match found",0.4611420631408691,1.5707420110702517,False
c4_drift_aware__iid__no_attack__seed44,multi_krum,not_applicable,44,iid,no_attack,"K=50 local SGD steps/client/round; 25 FL rounds; same TorchCNNFlat model/init scheme; SGD optimizer, LR=0.01, batch_size=128; 5 clients; MALICIOUS_RATIO=0.2 (client 0); attack_start=round 10; SERVER_REF_FRACTION=0.10; same evaluate() on official PathMNIST test split -- identical across benchmark_v2_corrected and combined_e2e_minimal by construction (both derive these constants from the same locked protocol addenda).",True,"exact (partition,seed,attack,defense,regime) match found",0.4619777202606201,1.5816229581832886,False
c3_static__iid__large_norm__seed44,fedavg,not_applicable,44,iid,large_norm,"K=50 local SGD steps/client/round; 25 FL rounds; same TorchCNNFlat model/init scheme; SGD optimizer, LR=0.01, batch_size=128; 5 clients; MALICIOUS_RATIO=0.2 (client 0); attack_start=round 10; SERVER_REF_FRACTION=0.10; same evaluate() on official PathMNIST test split -- identical across benchmark_v2_corrected and combined_e2e_minimal by construction (both derive these constants from the same locked protocol addenda).",True,"exact (partition,seed,attack,defense,regime) match found",0.1179665774106979,59232768.0,True
c3_static__iid__large_norm__seed44,norm,A_condition_specific_oracle,44,iid,large_norm,"K=50 local SGD steps/client/round; 25 FL rounds; same TorchCNNFlat model/init scheme; SGD optimizer, LR=0.01, batch_size=128; 5 clients; MALICIOUS_RATIO=0.2 (client 0); attack_start=round 10; SERVER_REF_FRACTION=0.10; same evaluate() on official PathMNIST test split -- identical across benchmark_v2_corrected and combined_e2e_minimal by construction (both derive these constants from the same locked protocol addenda).",True,"exact (partition,seed,attack,defense,regime) match found",0.0814763233065605,2.1977293491363525,False
c3_static__iid__large_norm__seed44,cosine,A_condition_specific_oracle,44,iid,large_norm,"K=50 local SGD steps/client/round; 25 FL rounds; same TorchCNNFlat model/init scheme; SGD optimizer, LR=0.01, batch_size=128; 5 clients; MALICIOUS_RATIO=0.2 (client 0); attack_start=round 10; SERVER_REF_FRACTION=0.10; same evaluate() on official PathMNIST test split -- identical across benchmark_v2_corrected and combined_e2e_minimal by construction (both derive these constants from the same locked protocol addenda).",True,"exact (partition,seed,attack,defense,regime) match found",0.4747911095619201,1.5529402494430542,False
c3_static__iid__large_norm__seed44,sign_consensus,A_condition_specific_oracle,44,iid,large_norm,"K=50 local SGD steps/client/round; 25 FL rounds; same TorchCNNFlat model/init scheme; SGD optimizer, LR=0.01, batch_size=128; 5 clients; MALICIOUS_RATIO=0.2 (client 0); attack_start=round 10; SERVER_REF_FRACTION=0.10; same evaluate() on official PathMNIST test split -- identical across benchmark_v2_corrected and combined_e2e_minimal by construction (both derive these constants from the same locked protocol addenda).",True,"exact (partition,seed,attack,defense,regime) match found",0.1179665774106979,59232788.0,True
c3_static__iid__large_norm__seed44,median,not_applicable,44,iid,large_norm,"K=50 local SGD steps/client/round; 25 FL rounds; same TorchCNNFlat model/init scheme; SGD optimizer, LR=0.01, batch_size=128; 5 clients; MALICIOUS_RATIO=0.2 (client 0); attack_start=round 10; SERVER_REF_FRACTION=0.10; same evaluate() on official PathMNIST test split -- identical across benchmark_v2_corrected and combined_e2e_minimal by construction (both derive these constants from the same locked protocol addenda).",True,"exact (partition,seed,attack,defense,regime) match found",0.4502785503864288,1.560171127319336,False
c3_static__iid__large_norm__seed44,multi_krum,not_applicable,44,iid,large_norm,"K=50 local SGD steps/client/round; 25 FL rounds; same TorchCNNFlat model/init scheme; SGD optimizer, LR=0.01, batch_size=128; 5 clients; MALICIOUS_RATIO=0.2 (client 0); attack_start=round 10; SERVER_REF_FRACTION=0.10; same evaluate() on official PathMNIST test split -- identical across benchmark_v2_corrected and combined_e2e_minimal by construction (both derive these constants from the same locked protocol addenda).",True,"exact (partition,seed,attack,defense,regime) match found",0.4364902675151825,1.5607898235321045,False
c4_static__iid__large_norm__seed44,fedavg,not_applicable,44,iid,large_norm,"K=50 local SGD steps/client/round; 25 FL rounds; same TorchCNNFlat model/init scheme; SGD optimizer, LR=0.01, batch_size=128; 5 clients; MALICIOUS_RATIO=0.2 (client 0); attack_start=round 10; SERVER_REF_FRACTION=0.10; same evaluate() on official PathMNIST test split -- identical across benchmark_v2_corrected and combined_e2e_minimal by construction (both derive these constants from the same locked protocol addenda).",True,"exact (partition,seed,attack,defense,regime) match found",0.1179665774106979,59232768.0,True
c4_static__iid__large_norm__seed44,norm,A_condition_specific_oracle,44,iid,large_norm,"K=50 local SGD steps/client/round; 25 FL rounds; same TorchCNNFlat model/init scheme; SGD optimizer, LR=0.01, batch_size=128; 5 clients; MALICIOUS_RATIO=0.2 (client 0); attack_start=round 10; SERVER_REF_FRACTION=0.10; same evaluate() on official PathMNIST test split -- identical across benchmark_v2_corrected and combined_e2e_minimal by construction (both derive these constants from the same locked protocol addenda).",True,"exact (partition,seed,attack,defense,regime) match found",0.0814763233065605,2.1977293491363525,False
c4_static__iid__large_norm__seed44,cosine,A_condition_specific_oracle,44,iid,large_norm,"K=50 local SGD steps/client/round; 25 FL rounds; same TorchCNNFlat model/init scheme; SGD optimizer, LR=0.01, batch_size=128; 5 clients; MALICIOUS_RATIO=0.2 (client 0); attack_start=round 10; SERVER_REF_FRACTION=0.10; same evaluate() on official PathMNIST test split -- identical across benchmark_v2_corrected and combined_e2e_minimal by construction (both derive these constants from the same locked protocol addenda).",True,"exact (partition,seed,attack,defense,regime) match found",0.4747911095619201,1.5529402494430542,False
c4_static__iid__large_norm__seed44,sign_consensus,A_condition_specific_oracle,44,iid,large_norm,"K=50 local SGD steps/client/round; 25 FL rounds; same TorchCNNFlat model/init scheme; SGD optimizer, LR=0.01, batch_size=128; 5 clients; MALICIOUS_RATIO=0.2 (client 0); attack_start=round 10; SERVER_REF_FRACTION=0.10; same evaluate() on official PathMNIST test split -- identical across benchmark_v2_corrected and combined_e2e_minimal by construction (both derive these constants from the same locked protocol addenda).",True,"exact (partition,seed,attack,defense,regime) match found",0.1179665774106979,59232788.0,True
c4_static__iid__large_norm__seed44,median,not_applicable,44,iid,large_norm,"K=50 local SGD steps/client/round; 25 FL rounds; same TorchCNNFlat model/init scheme; SGD optimizer, LR=0.01, batch_size=128; 5 clients; MALICIOUS_RATIO=0.2 (client 0); attack_start=round 10; SERVER_REF_FRACTION=0.10; same evaluate() on official PathMNIST test split -- identical across benchmark_v2_corrected and combined_e2e_minimal by construction (both derive these constants from the same locked protocol addenda).",True,"exact (partition,seed,attack,defense,regime) match found",0.4502785503864288,1.560171127319336,False
c4_static__iid__large_norm__seed44,multi_krum,not_applicable,44,iid,large_norm,"K=50 local SGD steps/client/round; 25 FL rounds; same TorchCNNFlat model/init scheme; SGD optimizer, LR=0.01, batch_size=128; 5 clients; MALICIOUS_RATIO=0.2 (client 0); attack_start=round 10; SERVER_REF_FRACTION=0.10; same evaluate() on official PathMNIST test split -- identical across benchmark_v2_corrected and combined_e2e_minimal by construction (both derive these constants from the same locked protocol addenda).",True,"exact (partition,seed,attack,defense,regime) match found",0.4364902675151825,1.5607898235321045,False
c4_drift_aware__iid__large_norm__seed44,fedavg,not_applicable,44,iid,large_norm,"K=50 local SGD steps/client/round; 25 FL rounds; same TorchCNNFlat model/init scheme; SGD optimizer, LR=0.01, batch_size=128; 5 clients; MALICIOUS_RATIO=0.2 (client 0); attack_start=round 10; SERVER_REF_FRACTION=0.10; same evaluate() on official PathMNIST test split -- identical across benchmark_v2_corrected and combined_e2e_minimal by construction (both derive these constants from the same locked protocol addenda).",True,"exact (partition,seed,attack,defense,regime) match found",0.1179665774106979,59232768.0,True
c4_drift_aware__iid__large_norm__seed44,norm,A_condition_specific_oracle,44,iid,large_norm,"K=50 local SGD steps/client/round; 25 FL rounds; same TorchCNNFlat model/init scheme; SGD optimizer, LR=0.01, batch_size=128; 5 clients; MALICIOUS_RATIO=0.2 (client 0); attack_start=round 10; SERVER_REF_FRACTION=0.10; same evaluate() on official PathMNIST test split -- identical across benchmark_v2_corrected and combined_e2e_minimal by construction (both derive these constants from the same locked protocol addenda).",True,"exact (partition,seed,attack,defense,regime) match found",0.0814763233065605,2.1977293491363525,False
c4_drift_aware__iid__large_norm__seed44,cosine,A_condition_specific_oracle,44,iid,large_norm,"K=50 local SGD steps/client/round; 25 FL rounds; same TorchCNNFlat model/init scheme; SGD optimizer, LR=0.01, batch_size=128; 5 clients; MALICIOUS_RATIO=0.2 (client 0); attack_start=round 10; SERVER_REF_FRACTION=0.10; same evaluate() on official PathMNIST test split -- identical across benchmark_v2_corrected and combined_e2e_minimal by construction (both derive these constants from the same locked protocol addenda).",True,"exact (partition,seed,attack,defense,regime) match found",0.4747911095619201,1.5529402494430542,False
c4_drift_aware__iid__large_norm__seed44,sign_consensus,A_condition_specific_oracle,44,iid,large_norm,"K=50 local SGD steps/client/round; 25 FL rounds; same TorchCNNFlat model/init scheme; SGD optimizer, LR=0.01, batch_size=128; 5 clients; MALICIOUS_RATIO=0.2 (client 0); attack_start=round 10; SERVER_REF_FRACTION=0.10; same evaluate() on official PathMNIST test split -- identical across benchmark_v2_corrected and combined_e2e_minimal by construction (both derive these constants from the same locked protocol addenda).",True,"exact (partition,seed,attack,defense,regime) match found",0.1179665774106979,59232788.0,True
c4_drift_aware__iid__large_norm__seed44,median,not_applicable,44,iid,large_norm,"K=50 local SGD steps/client/round; 25 FL rounds; same TorchCNNFlat model/init scheme; SGD optimizer, LR=0.01, batch_size=128; 5 clients; MALICIOUS_RATIO=0.2 (client 0); attack_start=round 10; SERVER_REF_FRACTION=0.10; same evaluate() on official PathMNIST test split -- identical across benchmark_v2_corrected and combined_e2e_minimal by construction (both derive these constants from the same locked protocol addenda).",True,"exact (partition,seed,attack,defense,regime) match found",0.4502785503864288,1.560171127319336,False
c4_drift_aware__iid__large_norm__seed44,multi_krum,not_applicable,44,iid,large_norm,"K=50 local SGD steps/client/round; 25 FL rounds; same TorchCNNFlat model/init scheme; SGD optimizer, LR=0.01, batch_size=128; 5 clients; MALICIOUS_RATIO=0.2 (client 0); attack_start=round 10; SERVER_REF_FRACTION=0.10; same evaluate() on official PathMNIST test split -- identical across benchmark_v2_corrected and combined_e2e_minimal by construction (both derive these constants from the same locked protocol addenda).",True,"exact (partition,seed,attack,defense,regime) match found",0.4364902675151825,1.5607898235321045,False
c3_static__iid__directional_poisoning__seed44,fedavg,not_applicable,44,iid,directional_poisoning,"K=50 local SGD steps/client/round; 25 FL rounds; same TorchCNNFlat model/init scheme; SGD optimizer, LR=0.01, batch_size=128; 5 clients; MALICIOUS_RATIO=0.2 (client 0); attack_start=round 10; SERVER_REF_FRACTION=0.10; same evaluate() on official PathMNIST test split -- identical across benchmark_v2_corrected and combined_e2e_minimal by construction (both derive these constants from the same locked protocol addenda).",True,"exact (partition,seed,attack,defense,regime) match found",0.395821750164032,1.7168753147125244,False
c3_static__iid__directional_poisoning__seed44,norm,A_condition_specific_oracle,44,iid,directional_poisoning,"K=50 local SGD steps/client/round; 25 FL rounds; same TorchCNNFlat model/init scheme; SGD optimizer, LR=0.01, batch_size=128; 5 clients; MALICIOUS_RATIO=0.2 (client 0); attack_start=round 10; SERVER_REF_FRACTION=0.10; same evaluate() on official PathMNIST test split -- identical across benchmark_v2_corrected and combined_e2e_minimal by construction (both derive these constants from the same locked protocol addenda).",True,"exact (partition,seed,attack,defense,regime) match found",0.0814763233065605,2.1977293491363525,False
c3_static__iid__directional_poisoning__seed44,cosine,A_condition_specific_oracle,44,iid,directional_poisoning,"K=50 local SGD steps/client/round; 25 FL rounds; same TorchCNNFlat model/init scheme; SGD optimizer, LR=0.01, batch_size=128; 5 clients; MALICIOUS_RATIO=0.2 (client 0); attack_start=round 10; SERVER_REF_FRACTION=0.10; same evaluate() on official PathMNIST test split -- identical across benchmark_v2_corrected and combined_e2e_minimal by construction (both derive these constants from the same locked protocol addenda).",True,"exact (partition,seed,attack,defense,regime) match found",0.4220055937767029,1.6128451824188232,False
c3_static__iid__directional_poisoning__seed44,sign_consensus,A_condition_specific_oracle,44,iid,directional_poisoning,"K=50 local SGD steps/client/round; 25 FL rounds; same TorchCNNFlat model/init scheme; SGD optimizer, LR=0.01, batch_size=128; 5 clients; MALICIOUS_RATIO=0.2 (client 0); attack_start=round 10; SERVER_REF_FRACTION=0.10; same evaluate() on official PathMNIST test split -- identical across benchmark_v2_corrected and combined_e2e_minimal by construction (both derive these constants from the same locked protocol addenda).",True,"exact (partition,seed,attack,defense,regime) match found",0.4328690767288208,1.5717936754226685,False
c3_static__iid__directional_poisoning__seed44,median,not_applicable,44,iid,directional_poisoning,"K=50 local SGD steps/client/round; 25 FL rounds; same TorchCNNFlat model/init scheme; SGD optimizer, LR=0.01, batch_size=128; 5 clients; MALICIOUS_RATIO=0.2 (client 0); attack_start=round 10; SERVER_REF_FRACTION=0.10; same evaluate() on official PathMNIST test split -- identical across benchmark_v2_corrected and combined_e2e_minimal by construction (both derive these constants from the same locked protocol addenda).",True,"exact (partition,seed,attack,defense,regime) match found",0.4605849683284759,1.5814036130905151,False
c3_static__iid__directional_poisoning__seed44,multi_krum,not_applicable,44,iid,directional_poisoning,"K=50 local SGD steps/client/round; 25 FL rounds; same TorchCNNFlat model/init scheme; SGD optimizer, LR=0.01, batch_size=128; 5 clients; MALICIOUS_RATIO=0.2 (client 0); attack_start=round 10; SERVER_REF_FRACTION=0.10; same evaluate() on official PathMNIST test split -- identical across benchmark_v2_corrected and combined_e2e_minimal by construction (both derive these constants from the same locked protocol addenda).",True,"exact (partition,seed,attack,defense,regime) match found",0.4311977922916412,1.5717211961746216,False
c4_static__iid__directional_poisoning__seed44,fedavg,not_applicable,44,iid,directional_poisoning,"K=50 local SGD steps/client/round; 25 FL rounds; same TorchCNNFlat model/init scheme; SGD optimizer, LR=0.01, batch_size=128; 5 clients; MALICIOUS_RATIO=0.2 (client 0); attack_start=round 10; SERVER_REF_FRACTION=0.10; same evaluate() on official PathMNIST test split -- identical across benchmark_v2_corrected and combined_e2e_minimal by construction (both derive these constants from the same locked protocol addenda).",True,"exact (partition,seed,attack,defense,regime) match found",0.395821750164032,1.7168753147125244,False
c4_static__iid__directional_poisoning__seed44,norm,A_condition_specific_oracle,44,iid,directional_poisoning,"K=50 local SGD steps/client/round; 25 FL rounds; same TorchCNNFlat model/init scheme; SGD optimizer, LR=0.01, batch_size=128; 5 clients; MALICIOUS_RATIO=0.2 (client 0); attack_start=round 10; SERVER_REF_FRACTION=0.10; same evaluate() on official PathMNIST test split -- identical across benchmark_v2_corrected and combined_e2e_minimal by construction (both derive these constants from the same locked protocol addenda).",True,"exact (partition,seed,attack,defense,regime) match found",0.0814763233065605,2.1977293491363525,False
c4_static__iid__directional_poisoning__seed44,cosine,A_condition_specific_oracle,44,iid,directional_poisoning,"K=50 local SGD steps/client/round; 25 FL rounds; same TorchCNNFlat model/init scheme; SGD optimizer, LR=0.01, batch_size=128; 5 clients; MALICIOUS_RATIO=0.2 (client 0); attack_start=round 10; SERVER_REF_FRACTION=0.10; same evaluate() on official PathMNIST test split -- identical across benchmark_v2_corrected and combined_e2e_minimal by construction (both derive these constants from the same locked protocol addenda).",True,"exact (partition,seed,attack,defense,regime) match found",0.4220055937767029,1.6128451824188232,False
c4_static__iid__directional_poisoning__seed44,sign_consensus,A_condition_specific_oracle,44,iid,directional_poisoning,"K=50 local SGD steps/client/round; 25 FL rounds; same TorchCNNFlat model/init scheme; SGD optimizer, LR=0.01, batch_size=128; 5 clients; MALICIOUS_RATIO=0.2 (client 0); attack_start=round 10; SERVER_REF_FRACTION=0.10; same evaluate() on official PathMNIST test split -- identical across benchmark_v2_corrected and combined_e2e_minimal by construction (both derive these constants from the same locked protocol addenda).",True,"exact (partition,seed,attack,defense,regime) match found",0.4328690767288208,1.5717936754226685,False
c4_static__iid__directional_poisoning__seed44,median,not_applicable,44,iid,directional_poisoning,"K=50 local SGD steps/client/round; 25 FL rounds; same TorchCNNFlat model/init scheme; SGD optimizer, LR=0.01, batch_size=128; 5 clients; MALICIOUS_RATIO=0.2 (client 0); attack_start=round 10; SERVER_REF_FRACTION=0.10; same evaluate() on official PathMNIST test split -- identical across benchmark_v2_corrected and combined_e2e_minimal by construction (both derive these constants from the same locked protocol addenda).",True,"exact (partition,seed,attack,defense,regime) match found",0.4605849683284759,1.5814036130905151,False
c4_static__iid__directional_poisoning__seed44,multi_krum,not_applicable,44,iid,directional_poisoning,"K=50 local SGD steps/client/round; 25 FL rounds; same TorchCNNFlat model/init scheme; SGD optimizer, LR=0.01, batch_size=128; 5 clients; MALICIOUS_RATIO=0.2 (client 0); attack_start=round 10; SERVER_REF_FRACTION=0.10; same evaluate() on official PathMNIST test split -- identical across benchmark_v2_corrected and combined_e2e_minimal by construction (both derive these constants from the same locked protocol addenda).",True,"exact (partition,seed,attack,defense,regime) match found",0.4311977922916412,1.5717211961746216,False
c4_drift_aware__iid__directional_poisoning__seed44,fedavg,not_applicable,44,iid,directional_poisoning,"K=50 local SGD steps/client/round; 25 FL rounds; same TorchCNNFlat model/init scheme; SGD optimizer, LR=0.01, batch_size=128; 5 clients; MALICIOUS_RATIO=0.2 (client 0); attack_start=round 10; SERVER_REF_FRACTION=0.10; same evaluate() on official PathMNIST test split -- identical across benchmark_v2_corrected and combined_e2e_minimal by construction (both derive these constants from the same locked protocol addenda).",True,"exact (partition,seed,attack,defense,regime) match found",0.395821750164032,1.7168753147125244,False
c4_drift_aware__iid__directional_poisoning__seed44,norm,A_condition_specific_oracle,44,iid,directional_poisoning,"K=50 local SGD steps/client/round; 25 FL rounds; same TorchCNNFlat model/init scheme; SGD optimizer, LR=0.01, batch_size=128; 5 clients; MALICIOUS_RATIO=0.2 (client 0); attack_start=round 10; SERVER_REF_FRACTION=0.10; same evaluate() on official PathMNIST test split -- identical across benchmark_v2_corrected and combined_e2e_minimal by construction (both derive these constants from the same locked protocol addenda).",True,"exact (partition,seed,attack,defense,regime) match found",0.0814763233065605,2.1977293491363525,False
c4_drift_aware__iid__directional_poisoning__seed44,cosine,A_condition_specific_oracle,44,iid,directional_poisoning,"K=50 local SGD steps/client/round; 25 FL rounds; same TorchCNNFlat model/init scheme; SGD optimizer, LR=0.01, batch_size=128; 5 clients; MALICIOUS_RATIO=0.2 (client 0); attack_start=round 10; SERVER_REF_FRACTION=0.10; same evaluate() on official PathMNIST test split -- identical across benchmark_v2_corrected and combined_e2e_minimal by construction (both derive these constants from the same locked protocol addenda).",True,"exact (partition,seed,attack,defense,regime) match found",0.4220055937767029,1.6128451824188232,False
c4_drift_aware__iid__directional_poisoning__seed44,sign_consensus,A_condition_specific_oracle,44,iid,directional_poisoning,"K=50 local SGD steps/client/round; 25 FL rounds; same TorchCNNFlat model/init scheme; SGD optimizer, LR=0.01, batch_size=128; 5 clients; MALICIOUS_RATIO=0.2 (client 0); attack_start=round 10; SERVER_REF_FRACTION=0.10; same evaluate() on official PathMNIST test split -- identical across benchmark_v2_corrected and combined_e2e_minimal by construction (both derive these constants from the same locked protocol addenda).",True,"exact (partition,seed,attack,defense,regime) match found",0.4328690767288208,1.5717936754226685,False
c4_drift_aware__iid__directional_poisoning__seed44,median,not_applicable,44,iid,directional_poisoning,"K=50 local SGD steps/client/round; 25 FL rounds; same TorchCNNFlat model/init scheme; SGD optimizer, LR=0.01, batch_size=128; 5 clients; MALICIOUS_RATIO=0.2 (client 0); attack_start=round 10; SERVER_REF_FRACTION=0.10; same evaluate() on official PathMNIST test split -- identical across benchmark_v2_corrected and combined_e2e_minimal by construction (both derive these constants from the same locked protocol addenda).",True,"exact (partition,seed,attack,defense,regime) match found",0.4605849683284759,1.5814036130905151,False
c4_drift_aware__iid__directional_poisoning__seed44,multi_krum,not_applicable,44,iid,directional_poisoning,"K=50 local SGD steps/client/round; 25 FL rounds; same TorchCNNFlat model/init scheme; SGD optimizer, LR=0.01, batch_size=128; 5 clients; MALICIOUS_RATIO=0.2 (client 0); attack_start=round 10; SERVER_REF_FRACTION=0.10; same evaluate() on official PathMNIST test split -- identical across benchmark_v2_corrected and combined_e2e_minimal by construction (both derive these constants from the same locked protocol addenda).",True,"exact (partition,seed,attack,defense,regime) match found",0.4311977922916412,1.5717211961746216,False
c3_static__iid__sparse_coordinate_attack__seed44,fedavg,not_applicable,44,iid,sparse_coordinate_attack,"K=50 local SGD steps/client/round; 25 FL rounds; same TorchCNNFlat model/init scheme; SGD optimizer, LR=0.01, batch_size=128; 5 clients; MALICIOUS_RATIO=0.2 (client 0); attack_start=round 10; SERVER_REF_FRACTION=0.10; same evaluate() on official PathMNIST test split -- identical across benchmark_v2_corrected and combined_e2e_minimal by construction (both derive these constants from the same locked protocol addenda).",True,"exact (partition,seed,attack,defense,regime) match found",0.4047353863716125,1.6866164207458496,False
c3_static__iid__sparse_coordinate_attack__seed44,norm,A_condition_specific_oracle,44,iid,sparse_coordinate_attack,"K=50 local SGD steps/client/round; 25 FL rounds; same TorchCNNFlat model/init scheme; SGD optimizer, LR=0.01, batch_size=128; 5 clients; MALICIOUS_RATIO=0.2 (client 0); attack_start=round 10; SERVER_REF_FRACTION=0.10; same evaluate() on official PathMNIST test split -- identical across benchmark_v2_corrected and combined_e2e_minimal by construction (both derive these constants from the same locked protocol addenda).",True,"exact (partition,seed,attack,defense,regime) match found",0.0814763233065605,2.1977293491363525,False
c3_static__iid__sparse_coordinate_attack__seed44,cosine,A_condition_specific_oracle,44,iid,sparse_coordinate_attack,"K=50 local SGD steps/client/round; 25 FL rounds; same TorchCNNFlat model/init scheme; SGD optimizer, LR=0.01, batch_size=128; 5 clients; MALICIOUS_RATIO=0.2 (client 0); attack_start=round 10; SERVER_REF_FRACTION=0.10; same evaluate() on official PathMNIST test split -- identical across benchmark_v2_corrected and combined_e2e_minimal by construction (both derive these constants from the same locked protocol addenda).",True,"exact (partition,seed,attack,defense,regime) match found",0.4795264601707458,1.564225673675537,False
c3_static__iid__sparse_coordinate_attack__seed44,sign_consensus,A_condition_specific_oracle,44,iid,sparse_coordinate_attack,"K=50 local SGD steps/client/round; 25 FL rounds; same TorchCNNFlat model/init scheme; SGD optimizer, LR=0.01, batch_size=128; 5 clients; MALICIOUS_RATIO=0.2 (client 0); attack_start=round 10; SERVER_REF_FRACTION=0.10; same evaluate() on official PathMNIST test split -- identical across benchmark_v2_corrected and combined_e2e_minimal by construction (both derive these constants from the same locked protocol addenda).",True,"exact (partition,seed,attack,defense,regime) match found",0.4736768901348114,1.5660794973373413,False
c3_static__iid__sparse_coordinate_attack__seed44,median,not_applicable,44,iid,sparse_coordinate_attack,"K=50 local SGD steps/client/round; 25 FL rounds; same TorchCNNFlat model/init scheme; SGD optimizer, LR=0.01, batch_size=128; 5 clients; MALICIOUS_RATIO=0.2 (client 0); attack_start=round 10; SERVER_REF_FRACTION=0.10; same evaluate() on official PathMNIST test split -- identical across benchmark_v2_corrected and combined_e2e_minimal by construction (both derive these constants from the same locked protocol addenda).",True,"exact (partition,seed,attack,defense,regime) match found",0.4706128239631653,1.5722261667251587,False
c3_static__iid__sparse_coordinate_attack__seed44,multi_krum,not_applicable,44,iid,sparse_coordinate_attack,"K=50 local SGD steps/client/round; 25 FL rounds; same TorchCNNFlat model/init scheme; SGD optimizer, LR=0.01, batch_size=128; 5 clients; MALICIOUS_RATIO=0.2 (client 0); attack_start=round 10; SERVER_REF_FRACTION=0.10; same evaluate() on official PathMNIST test split -- identical across benchmark_v2_corrected and combined_e2e_minimal by construction (both derive these constants from the same locked protocol addenda).",True,"exact (partition,seed,attack,defense,regime) match found",0.4743732810020447,1.565874695777893,False
c4_static__iid__sparse_coordinate_attack__seed44,fedavg,not_applicable,44,iid,sparse_coordinate_attack,"K=50 local SGD steps/client/round; 25 FL rounds; same TorchCNNFlat model/init scheme; SGD optimizer, LR=0.01, batch_size=128; 5 clients; MALICIOUS_RATIO=0.2 (client 0); attack_start=round 10; SERVER_REF_FRACTION=0.10; same evaluate() on official PathMNIST test split -- identical across benchmark_v2_corrected and combined_e2e_minimal by construction (both derive these constants from the same locked protocol addenda).",True,"exact (partition,seed,attack,defense,regime) match found",0.4047353863716125,1.6866164207458496,False
c4_static__iid__sparse_coordinate_attack__seed44,norm,A_condition_specific_oracle,44,iid,sparse_coordinate_attack,"K=50 local SGD steps/client/round; 25 FL rounds; same TorchCNNFlat model/init scheme; SGD optimizer, LR=0.01, batch_size=128; 5 clients; MALICIOUS_RATIO=0.2 (client 0); attack_start=round 10; SERVER_REF_FRACTION=0.10; same evaluate() on official PathMNIST test split -- identical across benchmark_v2_corrected and combined_e2e_minimal by construction (both derive these constants from the same locked protocol addenda).",True,"exact (partition,seed,attack,defense,regime) match found",0.0814763233065605,2.1977293491363525,False
c4_static__iid__sparse_coordinate_attack__seed44,cosine,A_condition_specific_oracle,44,iid,sparse_coordinate_attack,"K=50 local SGD steps/client/round; 25 FL rounds; same TorchCNNFlat model/init scheme; SGD optimizer, LR=0.01, batch_size=128; 5 clients; MALICIOUS_RATIO=0.2 (client 0); attack_start=round 10; SERVER_REF_FRACTION=0.10; same evaluate() on official PathMNIST test split -- identical across benchmark_v2_corrected and combined_e2e_minimal by construction (both derive these constants from the same locked protocol addenda).",True,"exact (partition,seed,attack,defense,regime) match found",0.4795264601707458,1.564225673675537,False
c4_static__iid__sparse_coordinate_attack__seed44,sign_consensus,A_condition_specific_oracle,44,iid,sparse_coordinate_attack,"K=50 local SGD steps/client/round; 25 FL rounds; same TorchCNNFlat model/init scheme; SGD optimizer, LR=0.01, batch_size=128; 5 clients; MALICIOUS_RATIO=0.2 (client 0); attack_start=round 10; SERVER_REF_FRACTION=0.10; same evaluate() on official PathMNIST test split -- identical across benchmark_v2_corrected and combined_e2e_minimal by construction (both derive these constants from the same locked protocol addenda).",True,"exact (partition,seed,attack,defense,regime) match found",0.4736768901348114,1.5660794973373413,False
c4_static__iid__sparse_coordinate_attack__seed44,median,not_applicable,44,iid,sparse_coordinate_attack,"K=50 local SGD steps/client/round; 25 FL rounds; same TorchCNNFlat model/init scheme; SGD optimizer, LR=0.01, batch_size=128; 5 clients; MALICIOUS_RATIO=0.2 (client 0); attack_start=round 10; SERVER_REF_FRACTION=0.10; same evaluate() on official PathMNIST test split -- identical across benchmark_v2_corrected and combined_e2e_minimal by construction (both derive these constants from the same locked protocol addenda).",True,"exact (partition,seed,attack,defense,regime) match found",0.4706128239631653,1.5722261667251587,False
c4_static__iid__sparse_coordinate_attack__seed44,multi_krum,not_applicable,44,iid,sparse_coordinate_attack,"K=50 local SGD steps/client/round; 25 FL rounds; same TorchCNNFlat model/init scheme; SGD optimizer, LR=0.01, batch_size=128; 5 clients; MALICIOUS_RATIO=0.2 (client 0); attack_start=round 10; SERVER_REF_FRACTION=0.10; same evaluate() on official PathMNIST test split -- identical across benchmark_v2_corrected and combined_e2e_minimal by construction (both derive these constants from the same locked protocol addenda).",True,"exact (partition,seed,attack,defense,regime) match found",0.4743732810020447,1.565874695777893,False
c4_drift_aware__iid__sparse_coordinate_attack__seed44,fedavg,not_applicable,44,iid,sparse_coordinate_attack,"K=50 local SGD steps/client/round; 25 FL rounds; same TorchCNNFlat model/init scheme; SGD optimizer, LR=0.01, batch_size=128; 5 clients; MALICIOUS_RATIO=0.2 (client 0); attack_start=round 10; SERVER_REF_FRACTION=0.10; same evaluate() on official PathMNIST test split -- identical across benchmark_v2_corrected and combined_e2e_minimal by construction (both derive these constants from the same locked protocol addenda).",True,"exact (partition,seed,attack,defense,regime) match found",0.4047353863716125,1.6866164207458496,False
c4_drift_aware__iid__sparse_coordinate_attack__seed44,norm,A_condition_specific_oracle,44,iid,sparse_coordinate_attack,"K=50 local SGD steps/client/round; 25 FL rounds; same TorchCNNFlat model/init scheme; SGD optimizer, LR=0.01, batch_size=128; 5 clients; MALICIOUS_RATIO=0.2 (client 0); attack_start=round 10; SERVER_REF_FRACTION=0.10; same evaluate() on official PathMNIST test split -- identical across benchmark_v2_corrected and combined_e2e_minimal by construction (both derive these constants from the same locked protocol addenda).",True,"exact (partition,seed,attack,defense,regime) match found",0.0814763233065605,2.1977293491363525,False
c4_drift_aware__iid__sparse_coordinate_attack__seed44,cosine,A_condition_specific_oracle,44,iid,sparse_coordinate_attack,"K=50 local SGD steps/client/round; 25 FL rounds; same TorchCNNFlat model/init scheme; SGD optimizer, LR=0.01, batch_size=128; 5 clients; MALICIOUS_RATIO=0.2 (client 0); attack_start=round 10; SERVER_REF_FRACTION=0.10; same evaluate() on official PathMNIST test split -- identical across benchmark_v2_corrected and combined_e2e_minimal by construction (both derive these constants from the same locked protocol addenda).",True,"exact (partition,seed,attack,defense,regime) match found",0.4795264601707458,1.564225673675537,False
c4_drift_aware__iid__sparse_coordinate_attack__seed44,sign_consensus,A_condition_specific_oracle,44,iid,sparse_coordinate_attack,"K=50 local SGD steps/client/round; 25 FL rounds; same TorchCNNFlat model/init scheme; SGD optimizer, LR=0.01, batch_size=128; 5 clients; MALICIOUS_RATIO=0.2 (client 0); attack_start=round 10; SERVER_REF_FRACTION=0.10; same evaluate() on official PathMNIST test split -- identical across benchmark_v2_corrected and combined_e2e_minimal by construction (both derive these constants from the same locked protocol addenda).",True,"exact (partition,seed,attack,defense,regime) match found",0.4736768901348114,1.5660794973373413,False
c4_drift_aware__iid__sparse_coordinate_attack__seed44,median,not_applicable,44,iid,sparse_coordinate_attack,"K=50 local SGD steps/client/round; 25 FL rounds; same TorchCNNFlat model/init scheme; SGD optimizer, LR=0.01, batch_size=128; 5 clients; MALICIOUS_RATIO=0.2 (client 0); attack_start=round 10; SERVER_REF_FRACTION=0.10; same evaluate() on official PathMNIST test split -- identical across benchmark_v2_corrected and combined_e2e_minimal by construction (both derive these constants from the same locked protocol addenda).",True,"exact (partition,seed,attack,defense,regime) match found",0.4706128239631653,1.5722261667251587,False
c4_drift_aware__iid__sparse_coordinate_attack__seed44,multi_krum,not_applicable,44,iid,sparse_coordinate_attack,"K=50 local SGD steps/client/round; 25 FL rounds; same TorchCNNFlat model/init scheme; SGD optimizer, LR=0.01, batch_size=128; 5 clients; MALICIOUS_RATIO=0.2 (client 0); attack_start=round 10; SERVER_REF_FRACTION=0.10; same evaluate() on official PathMNIST test split -- identical across benchmark_v2_corrected and combined_e2e_minimal by construction (both derive these constants from the same locked protocol addenda).",True,"exact (partition,seed,attack,defense,regime) match found",0.4743732810020447,1.565874695777893,False
c3_static__dirichlet_a1.0__no_attack__seed42,fedavg,not_applicable,42,dirichlet_a1.0,no_attack,"K=50 local SGD steps/client/round; 25 FL rounds; same TorchCNNFlat model/init scheme; SGD optimizer, LR=0.01, batch_size=128; 5 clients; MALICIOUS_RATIO=0.2 (client 0); attack_start=round 10; SERVER_REF_FRACTION=0.10; same evaluate() on official PathMNIST test split -- identical across benchmark_v2_corrected and combined_e2e_minimal by construction (both derive these constants from the same locked protocol addenda).",True,"exact (partition,seed,attack,defense,regime) match found",0.4224234223365783,1.6691710948944092,False
c3_static__dirichlet_a1.0__no_attack__seed42,norm,A_condition_specific_oracle,42,dirichlet_a1.0,no_attack,"K=50 local SGD steps/client/round; 25 FL rounds; same TorchCNNFlat model/init scheme; SGD optimizer, LR=0.01, batch_size=128; 5 clients; MALICIOUS_RATIO=0.2 (client 0); attack_start=round 10; SERVER_REF_FRACTION=0.10; same evaluate() on official PathMNIST test split -- identical across benchmark_v2_corrected and combined_e2e_minimal by construction (both derive these constants from the same locked protocol addenda).",True,"exact (partition,seed,attack,defense,regime) match found",0.4077994525432586,1.6619213819503784,False
c3_static__dirichlet_a1.0__no_attack__seed42,cosine,A_condition_specific_oracle,42,dirichlet_a1.0,no_attack,"K=50 local SGD steps/client/round; 25 FL rounds; same TorchCNNFlat model/init scheme; SGD optimizer, LR=0.01, batch_size=128; 5 clients; MALICIOUS_RATIO=0.2 (client 0); attack_start=round 10; SERVER_REF_FRACTION=0.10; same evaluate() on official PathMNIST test split -- identical across benchmark_v2_corrected and combined_e2e_minimal by construction (both derive these constants from the same locked protocol addenda).",True,"exact (partition,seed,attack,defense,regime) match found",0.4192200601100921,1.6985490322113037,False
c3_static__dirichlet_a1.0__no_attack__seed42,sign_consensus,A_condition_specific_oracle,42,dirichlet_a1.0,no_attack,"K=50 local SGD steps/client/round; 25 FL rounds; same TorchCNNFlat model/init scheme; SGD optimizer, LR=0.01, batch_size=128; 5 clients; MALICIOUS_RATIO=0.2 (client 0); attack_start=round 10; SERVER_REF_FRACTION=0.10; same evaluate() on official PathMNIST test split -- identical across benchmark_v2_corrected and combined_e2e_minimal by construction (both derive these constants from the same locked protocol addenda).",True,"exact (partition,seed,attack,defense,regime) match found",0.435236781835556,1.7267663478851318,False
c3_static__dirichlet_a1.0__no_attack__seed42,median,not_applicable,42,dirichlet_a1.0,no_attack,"K=50 local SGD steps/client/round; 25 FL rounds; same TorchCNNFlat model/init scheme; SGD optimizer, LR=0.01, batch_size=128; 5 clients; MALICIOUS_RATIO=0.2 (client 0); attack_start=round 10; SERVER_REF_FRACTION=0.10; same evaluate() on official PathMNIST test split -- identical across benchmark_v2_corrected and combined_e2e_minimal by construction (both derive these constants from the same locked protocol addenda).",True,"exact (partition,seed,attack,defense,regime) match found",0.4133704900741577,1.754642128944397,False
c3_static__dirichlet_a1.0__no_attack__seed42,multi_krum,not_applicable,42,dirichlet_a1.0,no_attack,"K=50 local SGD steps/client/round; 25 FL rounds; same TorchCNNFlat model/init scheme; SGD optimizer, LR=0.01, batch_size=128; 5 clients; MALICIOUS_RATIO=0.2 (client 0); attack_start=round 10; SERVER_REF_FRACTION=0.10; same evaluate() on official PathMNIST test split -- identical across benchmark_v2_corrected and combined_e2e_minimal by construction (both derive these constants from the same locked protocol addenda).",True,"exact (partition,seed,attack,defense,regime) match found",0.4483287036418915,1.7659367322921753,False
c4_static__dirichlet_a1.0__no_attack__seed42,fedavg,not_applicable,42,dirichlet_a1.0,no_attack,"K=50 local SGD steps/client/round; 25 FL rounds; same TorchCNNFlat model/init scheme; SGD optimizer, LR=0.01, batch_size=128; 5 clients; MALICIOUS_RATIO=0.2 (client 0); attack_start=round 10; SERVER_REF_FRACTION=0.10; same evaluate() on official PathMNIST test split -- identical across benchmark_v2_corrected and combined_e2e_minimal by construction (both derive these constants from the same locked protocol addenda).",True,"exact (partition,seed,attack,defense,regime) match found",0.4224234223365783,1.6691710948944092,False
c4_static__dirichlet_a1.0__no_attack__seed42,norm,A_condition_specific_oracle,42,dirichlet_a1.0,no_attack,"K=50 local SGD steps/client/round; 25 FL rounds; same TorchCNNFlat model/init scheme; SGD optimizer, LR=0.01, batch_size=128; 5 clients; MALICIOUS_RATIO=0.2 (client 0); attack_start=round 10; SERVER_REF_FRACTION=0.10; same evaluate() on official PathMNIST test split -- identical across benchmark_v2_corrected and combined_e2e_minimal by construction (both derive these constants from the same locked protocol addenda).",True,"exact (partition,seed,attack,defense,regime) match found",0.4077994525432586,1.6619213819503784,False
c4_static__dirichlet_a1.0__no_attack__seed42,cosine,A_condition_specific_oracle,42,dirichlet_a1.0,no_attack,"K=50 local SGD steps/client/round; 25 FL rounds; same TorchCNNFlat model/init scheme; SGD optimizer, LR=0.01, batch_size=128; 5 clients; MALICIOUS_RATIO=0.2 (client 0); attack_start=round 10; SERVER_REF_FRACTION=0.10; same evaluate() on official PathMNIST test split -- identical across benchmark_v2_corrected and combined_e2e_minimal by construction (both derive these constants from the same locked protocol addenda).",True,"exact (partition,seed,attack,defense,regime) match found",0.4192200601100921,1.6985490322113037,False
c4_static__dirichlet_a1.0__no_attack__seed42,sign_consensus,A_condition_specific_oracle,42,dirichlet_a1.0,no_attack,"K=50 local SGD steps/client/round; 25 FL rounds; same TorchCNNFlat model/init scheme; SGD optimizer, LR=0.01, batch_size=128; 5 clients; MALICIOUS_RATIO=0.2 (client 0); attack_start=round 10; SERVER_REF_FRACTION=0.10; same evaluate() on official PathMNIST test split -- identical across benchmark_v2_corrected and combined_e2e_minimal by construction (both derive these constants from the same locked protocol addenda).",True,"exact (partition,seed,attack,defense,regime) match found",0.435236781835556,1.7267663478851318,False
c4_static__dirichlet_a1.0__no_attack__seed42,median,not_applicable,42,dirichlet_a1.0,no_attack,"K=50 local SGD steps/client/round; 25 FL rounds; same TorchCNNFlat model/init scheme; SGD optimizer, LR=0.01, batch_size=128; 5 clients; MALICIOUS_RATIO=0.2 (client 0); attack_start=round 10; SERVER_REF_FRACTION=0.10; same evaluate() on official PathMNIST test split -- identical across benchmark_v2_corrected and combined_e2e_minimal by construction (both derive these constants from the same locked protocol addenda).",True,"exact (partition,seed,attack,defense,regime) match found",0.4133704900741577,1.754642128944397,False
c4_static__dirichlet_a1.0__no_attack__seed42,multi_krum,not_applicable,42,dirichlet_a1.0,no_attack,"K=50 local SGD steps/client/round; 25 FL rounds; same TorchCNNFlat model/init scheme; SGD optimizer, LR=0.01, batch_size=128; 5 clients; MALICIOUS_RATIO=0.2 (client 0); attack_start=round 10; SERVER_REF_FRACTION=0.10; same evaluate() on official PathMNIST test split -- identical across benchmark_v2_corrected and combined_e2e_minimal by construction (both derive these constants from the same locked protocol addenda).",True,"exact (partition,seed,attack,defense,regime) match found",0.4483287036418915,1.7659367322921753,False
c4_drift_aware__dirichlet_a1.0__no_attack__seed42,fedavg,not_applicable,42,dirichlet_a1.0,no_attack,"K=50 local SGD steps/client/round; 25 FL rounds; same TorchCNNFlat model/init scheme; SGD optimizer, LR=0.01, batch_size=128; 5 clients; MALICIOUS_RATIO=0.2 (client 0); attack_start=round 10; SERVER_REF_FRACTION=0.10; same evaluate() on official PathMNIST test split -- identical across benchmark_v2_corrected and combined_e2e_minimal by construction (both derive these constants from the same locked protocol addenda).",True,"exact (partition,seed,attack,defense,regime) match found",0.4224234223365783,1.6691710948944092,False
c4_drift_aware__dirichlet_a1.0__no_attack__seed42,norm,A_condition_specific_oracle,42,dirichlet_a1.0,no_attack,"K=50 local SGD steps/client/round; 25 FL rounds; same TorchCNNFlat model/init scheme; SGD optimizer, LR=0.01, batch_size=128; 5 clients; MALICIOUS_RATIO=0.2 (client 0); attack_start=round 10; SERVER_REF_FRACTION=0.10; same evaluate() on official PathMNIST test split -- identical across benchmark_v2_corrected and combined_e2e_minimal by construction (both derive these constants from the same locked protocol addenda).",True,"exact (partition,seed,attack,defense,regime) match found",0.4077994525432586,1.6619213819503784,False
c4_drift_aware__dirichlet_a1.0__no_attack__seed42,cosine,A_condition_specific_oracle,42,dirichlet_a1.0,no_attack,"K=50 local SGD steps/client/round; 25 FL rounds; same TorchCNNFlat model/init scheme; SGD optimizer, LR=0.01, batch_size=128; 5 clients; MALICIOUS_RATIO=0.2 (client 0); attack_start=round 10; SERVER_REF_FRACTION=0.10; same evaluate() on official PathMNIST test split -- identical across benchmark_v2_corrected and combined_e2e_minimal by construction (both derive these constants from the same locked protocol addenda).",True,"exact (partition,seed,attack,defense,regime) match found",0.4192200601100921,1.6985490322113037,False
c4_drift_aware__dirichlet_a1.0__no_attack__seed42,sign_consensus,A_condition_specific_oracle,42,dirichlet_a1.0,no_attack,"K=50 local SGD steps/client/round; 25 FL rounds; same TorchCNNFlat model/init scheme; SGD optimizer, LR=0.01, batch_size=128; 5 clients; MALICIOUS_RATIO=0.2 (client 0); attack_start=round 10; SERVER_REF_FRACTION=0.10; same evaluate() on official PathMNIST test split -- identical across benchmark_v2_corrected and combined_e2e_minimal by construction (both derive these constants from the same locked protocol addenda).",True,"exact (partition,seed,attack,defense,regime) match found",0.435236781835556,1.7267663478851318,False
c4_drift_aware__dirichlet_a1.0__no_attack__seed42,median,not_applicable,42,dirichlet_a1.0,no_attack,"K=50 local SGD steps/client/round; 25 FL rounds; same TorchCNNFlat model/init scheme; SGD optimizer, LR=0.01, batch_size=128; 5 clients; MALICIOUS_RATIO=0.2 (client 0); attack_start=round 10; SERVER_REF_FRACTION=0.10; same evaluate() on official PathMNIST test split -- identical across benchmark_v2_corrected and combined_e2e_minimal by construction (both derive these constants from the same locked protocol addenda).",True,"exact (partition,seed,attack,defense,regime) match found",0.4133704900741577,1.754642128944397,False
c4_drift_aware__dirichlet_a1.0__no_attack__seed42,multi_krum,not_applicable,42,dirichlet_a1.0,no_attack,"K=50 local SGD steps/client/round; 25 FL rounds; same TorchCNNFlat model/init scheme; SGD optimizer, LR=0.01, batch_size=128; 5 clients; MALICIOUS_RATIO=0.2 (client 0); attack_start=round 10; SERVER_REF_FRACTION=0.10; same evaluate() on official PathMNIST test split -- identical across benchmark_v2_corrected and combined_e2e_minimal by construction (both derive these constants from the same locked protocol addenda).",True,"exact (partition,seed,attack,defense,regime) match found",0.4483287036418915,1.7659367322921753,False
c3_static__dirichlet_a1.0__large_norm__seed42,fedavg,not_applicable,42,dirichlet_a1.0,large_norm,"K=50 local SGD steps/client/round; 25 FL rounds; same TorchCNNFlat model/init scheme; SGD optimizer, LR=0.01, batch_size=128; 5 clients; MALICIOUS_RATIO=0.2 (client 0); attack_start=round 10; SERVER_REF_FRACTION=0.10; same evaluate() on official PathMNIST test split -- identical across benchmark_v2_corrected and combined_e2e_minimal by construction (both derive these constants from the same locked protocol addenda).",True,"exact (partition,seed,attack,defense,regime) match found",0.0601671338081359,79102416.0,True
c3_static__dirichlet_a1.0__large_norm__seed42,norm,A_condition_specific_oracle,42,dirichlet_a1.0,large_norm,"K=50 local SGD steps/client/round; 25 FL rounds; same TorchCNNFlat model/init scheme; SGD optimizer, LR=0.01, batch_size=128; 5 clients; MALICIOUS_RATIO=0.2 (client 0); attack_start=round 10; SERVER_REF_FRACTION=0.10; same evaluate() on official PathMNIST test split -- identical across benchmark_v2_corrected and combined_e2e_minimal by construction (both derive these constants from the same locked protocol addenda).",True,"exact (partition,seed,attack,defense,regime) match found",0.3908078074455261,1.874124884605408,False
c3_static__dirichlet_a1.0__large_norm__seed42,cosine,A_condition_specific_oracle,42,dirichlet_a1.0,large_norm,"K=50 local SGD steps/client/round; 25 FL rounds; same TorchCNNFlat model/init scheme; SGD optimizer, LR=0.01, batch_size=128; 5 clients; MALICIOUS_RATIO=0.2 (client 0); attack_start=round 10; SERVER_REF_FRACTION=0.10; same evaluate() on official PathMNIST test split -- identical across benchmark_v2_corrected and combined_e2e_minimal by construction (both derive these constants from the same locked protocol addenda).",True,"exact (partition,seed,attack,defense,regime) match found",0.1324512511491775,98931248.0,True
c3_static__dirichlet_a1.0__large_norm__seed42,sign_consensus,A_condition_specific_oracle,42,dirichlet_a1.0,large_norm,"K=50 local SGD steps/client/round; 25 FL rounds; same TorchCNNFlat model/init scheme; SGD optimizer, LR=0.01, batch_size=128; 5 clients; MALICIOUS_RATIO=0.2 (client 0); attack_start=round 10; SERVER_REF_FRACTION=0.10; same evaluate() on official PathMNIST test split -- identical across benchmark_v2_corrected and combined_e2e_minimal by construction (both derive these constants from the same locked protocol addenda).",True,"exact (partition,seed,attack,defense,regime) match found",0.0601671338081359,79100736.0,True
c3_static__dirichlet_a1.0__large_norm__seed42,median,not_applicable,42,dirichlet_a1.0,large_norm,"K=50 local SGD steps/client/round; 25 FL rounds; same TorchCNNFlat model/init scheme; SGD optimizer, LR=0.01, batch_size=128; 5 clients; MALICIOUS_RATIO=0.2 (client 0); attack_start=round 10; SERVER_REF_FRACTION=0.10; same evaluate() on official PathMNIST test split -- identical across benchmark_v2_corrected and combined_e2e_minimal by construction (both derive these constants from the same locked protocol addenda).",True,"exact (partition,seed,attack,defense,regime) match found",0.3435933291912079,1.9519712924957275,False
c3_static__dirichlet_a1.0__large_norm__seed42,multi_krum,not_applicable,42,dirichlet_a1.0,large_norm,"K=50 local SGD steps/client/round; 25 FL rounds; same TorchCNNFlat model/init scheme; SGD optimizer, LR=0.01, batch_size=128; 5 clients; MALICIOUS_RATIO=0.2 (client 0); attack_start=round 10; SERVER_REF_FRACTION=0.10; same evaluate() on official PathMNIST test split -- identical across benchmark_v2_corrected and combined_e2e_minimal by construction (both derive these constants from the same locked protocol addenda).",True,"exact (partition,seed,attack,defense,regime) match found",0.399582177400589,1.923275351524353,False
c4_static__dirichlet_a1.0__large_norm__seed42,fedavg,not_applicable,42,dirichlet_a1.0,large_norm,"K=50 local SGD steps/client/round; 25 FL rounds; same TorchCNNFlat model/init scheme; SGD optimizer, LR=0.01, batch_size=128; 5 clients; MALICIOUS_RATIO=0.2 (client 0); attack_start=round 10; SERVER_REF_FRACTION=0.10; same evaluate() on official PathMNIST test split -- identical across benchmark_v2_corrected and combined_e2e_minimal by construction (both derive these constants from the same locked protocol addenda).",True,"exact (partition,seed,attack,defense,regime) match found",0.0601671338081359,79102416.0,True
c4_static__dirichlet_a1.0__large_norm__seed42,norm,A_condition_specific_oracle,42,dirichlet_a1.0,large_norm,"K=50 local SGD steps/client/round; 25 FL rounds; same TorchCNNFlat model/init scheme; SGD optimizer, LR=0.01, batch_size=128; 5 clients; MALICIOUS_RATIO=0.2 (client 0); attack_start=round 10; SERVER_REF_FRACTION=0.10; same evaluate() on official PathMNIST test split -- identical across benchmark_v2_corrected and combined_e2e_minimal by construction (both derive these constants from the same locked protocol addenda).",True,"exact (partition,seed,attack,defense,regime) match found",0.3908078074455261,1.874124884605408,False
c4_static__dirichlet_a1.0__large_norm__seed42,cosine,A_condition_specific_oracle,42,dirichlet_a1.0,large_norm,"K=50 local SGD steps/client/round; 25 FL rounds; same TorchCNNFlat model/init scheme; SGD optimizer, LR=0.01, batch_size=128; 5 clients; MALICIOUS_RATIO=0.2 (client 0); attack_start=round 10; SERVER_REF_FRACTION=0.10; same evaluate() on official PathMNIST test split -- identical across benchmark_v2_corrected and combined_e2e_minimal by construction (both derive these constants from the same locked protocol addenda).",True,"exact (partition,seed,attack,defense,regime) match found",0.1324512511491775,98931248.0,True
c4_static__dirichlet_a1.0__large_norm__seed42,sign_consensus,A_condition_specific_oracle,42,dirichlet_a1.0,large_norm,"K=50 local SGD steps/client/round; 25 FL rounds; same TorchCNNFlat model/init scheme; SGD optimizer, LR=0.01, batch_size=128; 5 clients; MALICIOUS_RATIO=0.2 (client 0); attack_start=round 10; SERVER_REF_FRACTION=0.10; same evaluate() on official PathMNIST test split -- identical across benchmark_v2_corrected and combined_e2e_minimal by construction (both derive these constants from the same locked protocol addenda).",True,"exact (partition,seed,attack,defense,regime) match found",0.0601671338081359,79100736.0,True
c4_static__dirichlet_a1.0__large_norm__seed42,median,not_applicable,42,dirichlet_a1.0,large_norm,"K=50 local SGD steps/client/round; 25 FL rounds; same TorchCNNFlat model/init scheme; SGD optimizer, LR=0.01, batch_size=128; 5 clients; MALICIOUS_RATIO=0.2 (client 0); attack_start=round 10; SERVER_REF_FRACTION=0.10; same evaluate() on official PathMNIST test split -- identical across benchmark_v2_corrected and combined_e2e_minimal by construction (both derive these constants from the same locked protocol addenda).",True,"exact (partition,seed,attack,defense,regime) match found",0.3435933291912079,1.9519712924957275,False
c4_static__dirichlet_a1.0__large_norm__seed42,multi_krum,not_applicable,42,dirichlet_a1.0,large_norm,"K=50 local SGD steps/client/round; 25 FL rounds; same TorchCNNFlat model/init scheme; SGD optimizer, LR=0.01, batch_size=128; 5 clients; MALICIOUS_RATIO=0.2 (client 0); attack_start=round 10; SERVER_REF_FRACTION=0.10; same evaluate() on official PathMNIST test split -- identical across benchmark_v2_corrected and combined_e2e_minimal by construction (both derive these constants from the same locked protocol addenda).",True,"exact (partition,seed,attack,defense,regime) match found",0.399582177400589,1.923275351524353,False
c4_drift_aware__dirichlet_a1.0__large_norm__seed42,fedavg,not_applicable,42,dirichlet_a1.0,large_norm,"K=50 local SGD steps/client/round; 25 FL rounds; same TorchCNNFlat model/init scheme; SGD optimizer, LR=0.01, batch_size=128; 5 clients; MALICIOUS_RATIO=0.2 (client 0); attack_start=round 10; SERVER_REF_FRACTION=0.10; same evaluate() on official PathMNIST test split -- identical across benchmark_v2_corrected and combined_e2e_minimal by construction (both derive these constants from the same locked protocol addenda).",True,"exact (partition,seed,attack,defense,regime) match found",0.0601671338081359,79102416.0,True
c4_drift_aware__dirichlet_a1.0__large_norm__seed42,norm,A_condition_specific_oracle,42,dirichlet_a1.0,large_norm,"K=50 local SGD steps/client/round; 25 FL rounds; same TorchCNNFlat model/init scheme; SGD optimizer, LR=0.01, batch_size=128; 5 clients; MALICIOUS_RATIO=0.2 (client 0); attack_start=round 10; SERVER_REF_FRACTION=0.10; same evaluate() on official PathMNIST test split -- identical across benchmark_v2_corrected and combined_e2e_minimal by construction (both derive these constants from the same locked protocol addenda).",True,"exact (partition,seed,attack,defense,regime) match found",0.3908078074455261,1.874124884605408,False
c4_drift_aware__dirichlet_a1.0__large_norm__seed42,cosine,A_condition_specific_oracle,42,dirichlet_a1.0,large_norm,"K=50 local SGD steps/client/round; 25 FL rounds; same TorchCNNFlat model/init scheme; SGD optimizer, LR=0.01, batch_size=128; 5 clients; MALICIOUS_RATIO=0.2 (client 0); attack_start=round 10; SERVER_REF_FRACTION=0.10; same evaluate() on official PathMNIST test split -- identical across benchmark_v2_corrected and combined_e2e_minimal by construction (both derive these constants from the same locked protocol addenda).",True,"exact (partition,seed,attack,defense,regime) match found",0.1324512511491775,98931248.0,True
c4_drift_aware__dirichlet_a1.0__large_norm__seed42,sign_consensus,A_condition_specific_oracle,42,dirichlet_a1.0,large_norm,"K=50 local SGD steps/client/round; 25 FL rounds; same TorchCNNFlat model/init scheme; SGD optimizer, LR=0.01, batch_size=128; 5 clients; MALICIOUS_RATIO=0.2 (client 0); attack_start=round 10; SERVER_REF_FRACTION=0.10; same evaluate() on official PathMNIST test split -- identical across benchmark_v2_corrected and combined_e2e_minimal by construction (both derive these constants from the same locked protocol addenda).",True,"exact (partition,seed,attack,defense,regime) match found",0.0601671338081359,79100736.0,True
c4_drift_aware__dirichlet_a1.0__large_norm__seed42,median,not_applicable,42,dirichlet_a1.0,large_norm,"K=50 local SGD steps/client/round; 25 FL rounds; same TorchCNNFlat model/init scheme; SGD optimizer, LR=0.01, batch_size=128; 5 clients; MALICIOUS_RATIO=0.2 (client 0); attack_start=round 10; SERVER_REF_FRACTION=0.10; same evaluate() on official PathMNIST test split -- identical across benchmark_v2_corrected and combined_e2e_minimal by construction (both derive these constants from the same locked protocol addenda).",True,"exact (partition,seed,attack,defense,regime) match found",0.3435933291912079,1.9519712924957275,False
c4_drift_aware__dirichlet_a1.0__large_norm__seed42,multi_krum,not_applicable,42,dirichlet_a1.0,large_norm,"K=50 local SGD steps/client/round; 25 FL rounds; same TorchCNNFlat model/init scheme; SGD optimizer, LR=0.01, batch_size=128; 5 clients; MALICIOUS_RATIO=0.2 (client 0); attack_start=round 10; SERVER_REF_FRACTION=0.10; same evaluate() on official PathMNIST test split -- identical across benchmark_v2_corrected and combined_e2e_minimal by construction (both derive these constants from the same locked protocol addenda).",True,"exact (partition,seed,attack,defense,regime) match found",0.399582177400589,1.923275351524353,False
c3_static__dirichlet_a1.0__directional_poisoning__seed42,fedavg,not_applicable,42,dirichlet_a1.0,directional_poisoning,"K=50 local SGD steps/client/round; 25 FL rounds; same TorchCNNFlat model/init scheme; SGD optimizer, LR=0.01, batch_size=128; 5 clients; MALICIOUS_RATIO=0.2 (client 0); attack_start=round 10; SERVER_REF_FRACTION=0.10; same evaluate() on official PathMNIST test split -- identical across benchmark_v2_corrected and combined_e2e_minimal by construction (both derive these constants from the same locked protocol addenda).",True,"exact (partition,seed,attack,defense,regime) match found",0.1842618435621261,2.5022168159484863,False
c3_static__dirichlet_a1.0__directional_poisoning__seed42,norm,A_condition_specific_oracle,42,dirichlet_a1.0,directional_poisoning,"K=50 local SGD steps/client/round; 25 FL rounds; same TorchCNNFlat model/init scheme; SGD optimizer, LR=0.01, batch_size=128; 5 clients; MALICIOUS_RATIO=0.2 (client 0); attack_start=round 10; SERVER_REF_FRACTION=0.10; same evaluate() on official PathMNIST test split -- identical across benchmark_v2_corrected and combined_e2e_minimal by construction (both derive these constants from the same locked protocol addenda).",True,"exact (partition,seed,attack,defense,regime) match found",0.3424791097640991,2.037379264831543,False
c3_static__dirichlet_a1.0__directional_poisoning__seed42,cosine,A_condition_specific_oracle,42,dirichlet_a1.0,directional_poisoning,"K=50 local SGD steps/client/round; 25 FL rounds; same TorchCNNFlat model/init scheme; SGD optimizer, LR=0.01, batch_size=128; 5 clients; MALICIOUS_RATIO=0.2 (client 0); attack_start=round 10; SERVER_REF_FRACTION=0.10; same evaluate() on official PathMNIST test split -- identical across benchmark_v2_corrected and combined_e2e_minimal by construction (both derive these constants from the same locked protocol addenda).",True,"exact (partition,seed,attack,defense,regime) match found",0.4433147609233856,1.7557241916656494,False
c3_static__dirichlet_a1.0__directional_poisoning__seed42,sign_consensus,A_condition_specific_oracle,42,dirichlet_a1.0,directional_poisoning,"K=50 local SGD steps/client/round; 25 FL rounds; same TorchCNNFlat model/init scheme; SGD optimizer, LR=0.01, batch_size=128; 5 clients; MALICIOUS_RATIO=0.2 (client 0); attack_start=round 10; SERVER_REF_FRACTION=0.10; same evaluate() on official PathMNIST test split -- identical across benchmark_v2_corrected and combined_e2e_minimal by construction (both derive these constants from the same locked protocol addenda).",True,"exact (partition,seed,attack,defense,regime) match found",0.2463788390159607,2.110865354537964,False
c3_static__dirichlet_a1.0__directional_poisoning__seed42,median,not_applicable,42,dirichlet_a1.0,directional_poisoning,"K=50 local SGD steps/client/round; 25 FL rounds; same TorchCNNFlat model/init scheme; SGD optimizer, LR=0.01, batch_size=128; 5 clients; MALICIOUS_RATIO=0.2 (client 0); attack_start=round 10; SERVER_REF_FRACTION=0.10; same evaluate() on official PathMNIST test split -- identical across benchmark_v2_corrected and combined_e2e_minimal by construction (both derive these constants from the same locked protocol addenda).",True,"exact (partition,seed,attack,defense,regime) match found",0.25640669465065,2.464401960372925,False
c3_static__dirichlet_a1.0__directional_poisoning__seed42,multi_krum,not_applicable,42,dirichlet_a1.0,directional_poisoning,"K=50 local SGD steps/client/round; 25 FL rounds; same TorchCNNFlat model/init scheme; SGD optimizer, LR=0.01, batch_size=128; 5 clients; MALICIOUS_RATIO=0.2 (client 0); attack_start=round 10; SERVER_REF_FRACTION=0.10; same evaluate() on official PathMNIST test split -- identical across benchmark_v2_corrected and combined_e2e_minimal by construction (both derive these constants from the same locked protocol addenda).",True,"exact (partition,seed,attack,defense,regime) match found",0.4529247879981994,1.7812975645065308,False
c4_static__dirichlet_a1.0__directional_poisoning__seed42,fedavg,not_applicable,42,dirichlet_a1.0,directional_poisoning,"K=50 local SGD steps/client/round; 25 FL rounds; same TorchCNNFlat model/init scheme; SGD optimizer, LR=0.01, batch_size=128; 5 clients; MALICIOUS_RATIO=0.2 (client 0); attack_start=round 10; SERVER_REF_FRACTION=0.10; same evaluate() on official PathMNIST test split -- identical across benchmark_v2_corrected and combined_e2e_minimal by construction (both derive these constants from the same locked protocol addenda).",True,"exact (partition,seed,attack,defense,regime) match found",0.1842618435621261,2.5022168159484863,False
c4_static__dirichlet_a1.0__directional_poisoning__seed42,norm,A_condition_specific_oracle,42,dirichlet_a1.0,directional_poisoning,"K=50 local SGD steps/client/round; 25 FL rounds; same TorchCNNFlat model/init scheme; SGD optimizer, LR=0.01, batch_size=128; 5 clients; MALICIOUS_RATIO=0.2 (client 0); attack_start=round 10; SERVER_REF_FRACTION=0.10; same evaluate() on official PathMNIST test split -- identical across benchmark_v2_corrected and combined_e2e_minimal by construction (both derive these constants from the same locked protocol addenda).",True,"exact (partition,seed,attack,defense,regime) match found",0.3424791097640991,2.037379264831543,False
c4_static__dirichlet_a1.0__directional_poisoning__seed42,cosine,A_condition_specific_oracle,42,dirichlet_a1.0,directional_poisoning,"K=50 local SGD steps/client/round; 25 FL rounds; same TorchCNNFlat model/init scheme; SGD optimizer, LR=0.01, batch_size=128; 5 clients; MALICIOUS_RATIO=0.2 (client 0); attack_start=round 10; SERVER_REF_FRACTION=0.10; same evaluate() on official PathMNIST test split -- identical across benchmark_v2_corrected and combined_e2e_minimal by construction (both derive these constants from the same locked protocol addenda).",True,"exact (partition,seed,attack,defense,regime) match found",0.4433147609233856,1.7557241916656494,False
c4_static__dirichlet_a1.0__directional_poisoning__seed42,sign_consensus,A_condition_specific_oracle,42,dirichlet_a1.0,directional_poisoning,"K=50 local SGD steps/client/round; 25 FL rounds; same TorchCNNFlat model/init scheme; SGD optimizer, LR=0.01, batch_size=128; 5 clients; MALICIOUS_RATIO=0.2 (client 0); attack_start=round 10; SERVER_REF_FRACTION=0.10; same evaluate() on official PathMNIST test split -- identical across benchmark_v2_corrected and combined_e2e_minimal by construction (both derive these constants from the same locked protocol addenda).",True,"exact (partition,seed,attack,defense,regime) match found",0.2463788390159607,2.110865354537964,False
c4_static__dirichlet_a1.0__directional_poisoning__seed42,median,not_applicable,42,dirichlet_a1.0,directional_poisoning,"K=50 local SGD steps/client/round; 25 FL rounds; same TorchCNNFlat model/init scheme; SGD optimizer, LR=0.01, batch_size=128; 5 clients; MALICIOUS_RATIO=0.2 (client 0); attack_start=round 10; SERVER_REF_FRACTION=0.10; same evaluate() on official PathMNIST test split -- identical across benchmark_v2_corrected and combined_e2e_minimal by construction (both derive these constants from the same locked protocol addenda).",True,"exact (partition,seed,attack,defense,regime) match found",0.25640669465065,2.464401960372925,False
c4_static__dirichlet_a1.0__directional_poisoning__seed42,multi_krum,not_applicable,42,dirichlet_a1.0,directional_poisoning,"K=50 local SGD steps/client/round; 25 FL rounds; same TorchCNNFlat model/init scheme; SGD optimizer, LR=0.01, batch_size=128; 5 clients; MALICIOUS_RATIO=0.2 (client 0); attack_start=round 10; SERVER_REF_FRACTION=0.10; same evaluate() on official PathMNIST test split -- identical across benchmark_v2_corrected and combined_e2e_minimal by construction (both derive these constants from the same locked protocol addenda).",True,"exact (partition,seed,attack,defense,regime) match found",0.4529247879981994,1.7812975645065308,False
c4_drift_aware__dirichlet_a1.0__directional_poisoning__seed42,fedavg,not_applicable,42,dirichlet_a1.0,directional_poisoning,"K=50 local SGD steps/client/round; 25 FL rounds; same TorchCNNFlat model/init scheme; SGD optimizer, LR=0.01, batch_size=128; 5 clients; MALICIOUS_RATIO=0.2 (client 0); attack_start=round 10; SERVER_REF_FRACTION=0.10; same evaluate() on official PathMNIST test split -- identical across benchmark_v2_corrected and combined_e2e_minimal by construction (both derive these constants from the same locked protocol addenda).",True,"exact (partition,seed,attack,defense,regime) match found",0.1842618435621261,2.5022168159484863,False
c4_drift_aware__dirichlet_a1.0__directional_poisoning__seed42,norm,A_condition_specific_oracle,42,dirichlet_a1.0,directional_poisoning,"K=50 local SGD steps/client/round; 25 FL rounds; same TorchCNNFlat model/init scheme; SGD optimizer, LR=0.01, batch_size=128; 5 clients; MALICIOUS_RATIO=0.2 (client 0); attack_start=round 10; SERVER_REF_FRACTION=0.10; same evaluate() on official PathMNIST test split -- identical across benchmark_v2_corrected and combined_e2e_minimal by construction (both derive these constants from the same locked protocol addenda).",True,"exact (partition,seed,attack,defense,regime) match found",0.3424791097640991,2.037379264831543,False
c4_drift_aware__dirichlet_a1.0__directional_poisoning__seed42,cosine,A_condition_specific_oracle,42,dirichlet_a1.0,directional_poisoning,"K=50 local SGD steps/client/round; 25 FL rounds; same TorchCNNFlat model/init scheme; SGD optimizer, LR=0.01, batch_size=128; 5 clients; MALICIOUS_RATIO=0.2 (client 0); attack_start=round 10; SERVER_REF_FRACTION=0.10; same evaluate() on official PathMNIST test split -- identical across benchmark_v2_corrected and combined_e2e_minimal by construction (both derive these constants from the same locked protocol addenda).",True,"exact (partition,seed,attack,defense,regime) match found",0.4433147609233856,1.7557241916656494,False
c4_drift_aware__dirichlet_a1.0__directional_poisoning__seed42,sign_consensus,A_condition_specific_oracle,42,dirichlet_a1.0,directional_poisoning,"K=50 local SGD steps/client/round; 25 FL rounds; same TorchCNNFlat model/init scheme; SGD optimizer, LR=0.01, batch_size=128; 5 clients; MALICIOUS_RATIO=0.2 (client 0); attack_start=round 10; SERVER_REF_FRACTION=0.10; same evaluate() on official PathMNIST test split -- identical across benchmark_v2_corrected and combined_e2e_minimal by construction (both derive these constants from the same locked protocol addenda).",True,"exact (partition,seed,attack,defense,regime) match found",0.2463788390159607,2.110865354537964,False
c4_drift_aware__dirichlet_a1.0__directional_poisoning__seed42,median,not_applicable,42,dirichlet_a1.0,directional_poisoning,"K=50 local SGD steps/client/round; 25 FL rounds; same TorchCNNFlat model/init scheme; SGD optimizer, LR=0.01, batch_size=128; 5 clients; MALICIOUS_RATIO=0.2 (client 0); attack_start=round 10; SERVER_REF_FRACTION=0.10; same evaluate() on official PathMNIST test split -- identical across benchmark_v2_corrected and combined_e2e_minimal by construction (both derive these constants from the same locked protocol addenda).",True,"exact (partition,seed,attack,defense,regime) match found",0.25640669465065,2.464401960372925,False
c4_drift_aware__dirichlet_a1.0__directional_poisoning__seed42,multi_krum,not_applicable,42,dirichlet_a1.0,directional_poisoning,"K=50 local SGD steps/client/round; 25 FL rounds; same TorchCNNFlat model/init scheme; SGD optimizer, LR=0.01, batch_size=128; 5 clients; MALICIOUS_RATIO=0.2 (client 0); attack_start=round 10; SERVER_REF_FRACTION=0.10; same evaluate() on official PathMNIST test split -- identical across benchmark_v2_corrected and combined_e2e_minimal by construction (both derive these constants from the same locked protocol addenda).",True,"exact (partition,seed,attack,defense,regime) match found",0.4529247879981994,1.7812975645065308,False
c3_static__dirichlet_a1.0__sparse_coordinate_attack__seed42,fedavg,not_applicable,42,dirichlet_a1.0,sparse_coordinate_attack,"K=50 local SGD steps/client/round; 25 FL rounds; same TorchCNNFlat model/init scheme; SGD optimizer, LR=0.01, batch_size=128; 5 clients; MALICIOUS_RATIO=0.2 (client 0); attack_start=round 10; SERVER_REF_FRACTION=0.10; same evaluate() on official PathMNIST test split -- identical across benchmark_v2_corrected and combined_e2e_minimal by construction (both derive these constants from the same locked protocol addenda).",True,"exact (partition,seed,attack,defense,regime) match found",0.2749303579330444,2.249331474304199,False
c3_static__dirichlet_a1.0__sparse_coordinate_attack__seed42,norm,A_condition_specific_oracle,42,dirichlet_a1.0,sparse_coordinate_attack,"K=50 local SGD steps/client/round; 25 FL rounds; same TorchCNNFlat model/init scheme; SGD optimizer, LR=0.01, batch_size=128; 5 clients; MALICIOUS_RATIO=0.2 (client 0); attack_start=round 10; SERVER_REF_FRACTION=0.10; same evaluate() on official PathMNIST test split -- identical across benchmark_v2_corrected and combined_e2e_minimal by construction (both derive these constants from the same locked protocol addenda).",True,"exact (partition,seed,attack,defense,regime) match found",0.4777158796787262,1.7695255279541016,False
c3_static__dirichlet_a1.0__sparse_coordinate_attack__seed42,cosine,A_condition_specific_oracle,42,dirichlet_a1.0,sparse_coordinate_attack,"K=50 local SGD steps/client/round; 25 FL rounds; same TorchCNNFlat model/init scheme; SGD optimizer, LR=0.01, batch_size=128; 5 clients; MALICIOUS_RATIO=0.2 (client 0); attack_start=round 10; SERVER_REF_FRACTION=0.10; same evaluate() on official PathMNIST test split -- identical across benchmark_v2_corrected and combined_e2e_minimal by construction (both derive these constants from the same locked protocol addenda).",True,"exact (partition,seed,attack,defense,regime) match found",0.1717270165681839,2.8382301330566406,False
c3_static__dirichlet_a1.0__sparse_coordinate_attack__seed42,sign_consensus,A_condition_specific_oracle,42,dirichlet_a1.0,sparse_coordinate_attack,"K=50 local SGD steps/client/round; 25 FL rounds; same TorchCNNFlat model/init scheme; SGD optimizer, LR=0.01, batch_size=128; 5 clients; MALICIOUS_RATIO=0.2 (client 0); attack_start=round 10; SERVER_REF_FRACTION=0.10; same evaluate() on official PathMNIST test split -- identical across benchmark_v2_corrected and combined_e2e_minimal by construction (both derive these constants from the same locked protocol addenda).",True,"exact (partition,seed,attack,defense,regime) match found",0.4935933351516723,1.812509536743164,False
c3_static__dirichlet_a1.0__sparse_coordinate_attack__seed42,median,not_applicable,42,dirichlet_a1.0,sparse_coordinate_attack,"K=50 local SGD steps/client/round; 25 FL rounds; same TorchCNNFlat model/init scheme; SGD optimizer, LR=0.01, batch_size=128; 5 clients; MALICIOUS_RATIO=0.2 (client 0); attack_start=round 10; SERVER_REF_FRACTION=0.10; same evaluate() on official PathMNIST test split -- identical across benchmark_v2_corrected and combined_e2e_minimal by construction (both derive these constants from the same locked protocol addenda).",True,"exact (partition,seed,attack,defense,regime) match found",0.1672701984643936,2.1202261447906494,False
c3_static__dirichlet_a1.0__sparse_coordinate_attack__seed42,multi_krum,not_applicable,42,dirichlet_a1.0,sparse_coordinate_attack,"K=50 local SGD steps/client/round; 25 FL rounds; same TorchCNNFlat model/init scheme; SGD optimizer, LR=0.01, batch_size=128; 5 clients; MALICIOUS_RATIO=0.2 (client 0); attack_start=round 10; SERVER_REF_FRACTION=0.10; same evaluate() on official PathMNIST test split -- identical across benchmark_v2_corrected and combined_e2e_minimal by construction (both derive these constants from the same locked protocol addenda).",True,"exact (partition,seed,attack,defense,regime) match found",0.5023676753044128,1.8107966184616089,False
c4_static__dirichlet_a1.0__sparse_coordinate_attack__seed42,fedavg,not_applicable,42,dirichlet_a1.0,sparse_coordinate_attack,"K=50 local SGD steps/client/round; 25 FL rounds; same TorchCNNFlat model/init scheme; SGD optimizer, LR=0.01, batch_size=128; 5 clients; MALICIOUS_RATIO=0.2 (client 0); attack_start=round 10; SERVER_REF_FRACTION=0.10; same evaluate() on official PathMNIST test split -- identical across benchmark_v2_corrected and combined_e2e_minimal by construction (both derive these constants from the same locked protocol addenda).",True,"exact (partition,seed,attack,defense,regime) match found",0.2749303579330444,2.249331474304199,False
c4_static__dirichlet_a1.0__sparse_coordinate_attack__seed42,norm,A_condition_specific_oracle,42,dirichlet_a1.0,sparse_coordinate_attack,"K=50 local SGD steps/client/round; 25 FL rounds; same TorchCNNFlat model/init scheme; SGD optimizer, LR=0.01, batch_size=128; 5 clients; MALICIOUS_RATIO=0.2 (client 0); attack_start=round 10; SERVER_REF_FRACTION=0.10; same evaluate() on official PathMNIST test split -- identical across benchmark_v2_corrected and combined_e2e_minimal by construction (both derive these constants from the same locked protocol addenda).",True,"exact (partition,seed,attack,defense,regime) match found",0.4777158796787262,1.7695255279541016,False
c4_static__dirichlet_a1.0__sparse_coordinate_attack__seed42,cosine,A_condition_specific_oracle,42,dirichlet_a1.0,sparse_coordinate_attack,"K=50 local SGD steps/client/round; 25 FL rounds; same TorchCNNFlat model/init scheme; SGD optimizer, LR=0.01, batch_size=128; 5 clients; MALICIOUS_RATIO=0.2 (client 0); attack_start=round 10; SERVER_REF_FRACTION=0.10; same evaluate() on official PathMNIST test split -- identical across benchmark_v2_corrected and combined_e2e_minimal by construction (both derive these constants from the same locked protocol addenda).",True,"exact (partition,seed,attack,defense,regime) match found",0.1717270165681839,2.8382301330566406,False
c4_static__dirichlet_a1.0__sparse_coordinate_attack__seed42,sign_consensus,A_condition_specific_oracle,42,dirichlet_a1.0,sparse_coordinate_attack,"K=50 local SGD steps/client/round; 25 FL rounds; same TorchCNNFlat model/init scheme; SGD optimizer, LR=0.01, batch_size=128; 5 clients; MALICIOUS_RATIO=0.2 (client 0); attack_start=round 10; SERVER_REF_FRACTION=0.10; same evaluate() on official PathMNIST test split -- identical across benchmark_v2_corrected and combined_e2e_minimal by construction (both derive these constants from the same locked protocol addenda).",True,"exact (partition,seed,attack,defense,regime) match found",0.4935933351516723,1.812509536743164,False
c4_static__dirichlet_a1.0__sparse_coordinate_attack__seed42,median,not_applicable,42,dirichlet_a1.0,sparse_coordinate_attack,"K=50 local SGD steps/client/round; 25 FL rounds; same TorchCNNFlat model/init scheme; SGD optimizer, LR=0.01, batch_size=128; 5 clients; MALICIOUS_RATIO=0.2 (client 0); attack_start=round 10; SERVER_REF_FRACTION=0.10; same evaluate() on official PathMNIST test split -- identical across benchmark_v2_corrected and combined_e2e_minimal by construction (both derive these constants from the same locked protocol addenda).",True,"exact (partition,seed,attack,defense,regime) match found",0.1672701984643936,2.1202261447906494,False
c4_static__dirichlet_a1.0__sparse_coordinate_attack__seed42,multi_krum,not_applicable,42,dirichlet_a1.0,sparse_coordinate_attack,"K=50 local SGD steps/client/round; 25 FL rounds; same TorchCNNFlat model/init scheme; SGD optimizer, LR=0.01, batch_size=128; 5 clients; MALICIOUS_RATIO=0.2 (client 0); attack_start=round 10; SERVER_REF_FRACTION=0.10; same evaluate() on official PathMNIST test split -- identical across benchmark_v2_corrected and combined_e2e_minimal by construction (both derive these constants from the same locked protocol addenda).",True,"exact (partition,seed,attack,defense,regime) match found",0.5023676753044128,1.8107966184616089,False
c4_drift_aware__dirichlet_a1.0__sparse_coordinate_attack__seed42,fedavg,not_applicable,42,dirichlet_a1.0,sparse_coordinate_attack,"K=50 local SGD steps/client/round; 25 FL rounds; same TorchCNNFlat model/init scheme; SGD optimizer, LR=0.01, batch_size=128; 5 clients; MALICIOUS_RATIO=0.2 (client 0); attack_start=round 10; SERVER_REF_FRACTION=0.10; same evaluate() on official PathMNIST test split -- identical across benchmark_v2_corrected and combined_e2e_minimal by construction (both derive these constants from the same locked protocol addenda).",True,"exact (partition,seed,attack,defense,regime) match found",0.2749303579330444,2.249331474304199,False
c4_drift_aware__dirichlet_a1.0__sparse_coordinate_attack__seed42,norm,A_condition_specific_oracle,42,dirichlet_a1.0,sparse_coordinate_attack,"K=50 local SGD steps/client/round; 25 FL rounds; same TorchCNNFlat model/init scheme; SGD optimizer, LR=0.01, batch_size=128; 5 clients; MALICIOUS_RATIO=0.2 (client 0); attack_start=round 10; SERVER_REF_FRACTION=0.10; same evaluate() on official PathMNIST test split -- identical across benchmark_v2_corrected and combined_e2e_minimal by construction (both derive these constants from the same locked protocol addenda).",True,"exact (partition,seed,attack,defense,regime) match found",0.4777158796787262,1.7695255279541016,False
c4_drift_aware__dirichlet_a1.0__sparse_coordinate_attack__seed42,cosine,A_condition_specific_oracle,42,dirichlet_a1.0,sparse_coordinate_attack,"K=50 local SGD steps/client/round; 25 FL rounds; same TorchCNNFlat model/init scheme; SGD optimizer, LR=0.01, batch_size=128; 5 clients; MALICIOUS_RATIO=0.2 (client 0); attack_start=round 10; SERVER_REF_FRACTION=0.10; same evaluate() on official PathMNIST test split -- identical across benchmark_v2_corrected and combined_e2e_minimal by construction (both derive these constants from the same locked protocol addenda).",True,"exact (partition,seed,attack,defense,regime) match found",0.1717270165681839,2.8382301330566406,False
c4_drift_aware__dirichlet_a1.0__sparse_coordinate_attack__seed42,sign_consensus,A_condition_specific_oracle,42,dirichlet_a1.0,sparse_coordinate_attack,"K=50 local SGD steps/client/round; 25 FL rounds; same TorchCNNFlat model/init scheme; SGD optimizer, LR=0.01, batch_size=128; 5 clients; MALICIOUS_RATIO=0.2 (client 0); attack_start=round 10; SERVER_REF_FRACTION=0.10; same evaluate() on official PathMNIST test split -- identical across benchmark_v2_corrected and combined_e2e_minimal by construction (both derive these constants from the same locked protocol addenda).",True,"exact (partition,seed,attack,defense,regime) match found",0.4935933351516723,1.812509536743164,False
c4_drift_aware__dirichlet_a1.0__sparse_coordinate_attack__seed42,median,not_applicable,42,dirichlet_a1.0,sparse_coordinate_attack,"K=50 local SGD steps/client/round; 25 FL rounds; same TorchCNNFlat model/init scheme; SGD optimizer, LR=0.01, batch_size=128; 5 clients; MALICIOUS_RATIO=0.2 (client 0); attack_start=round 10; SERVER_REF_FRACTION=0.10; same evaluate() on official PathMNIST test split -- identical across benchmark_v2_corrected and combined_e2e_minimal by construction (both derive these constants from the same locked protocol addenda).",True,"exact (partition,seed,attack,defense,regime) match found",0.1672701984643936,2.1202261447906494,False
c4_drift_aware__dirichlet_a1.0__sparse_coordinate_attack__seed42,multi_krum,not_applicable,42,dirichlet_a1.0,sparse_coordinate_attack,"K=50 local SGD steps/client/round; 25 FL rounds; same TorchCNNFlat model/init scheme; SGD optimizer, LR=0.01, batch_size=128; 5 clients; MALICIOUS_RATIO=0.2 (client 0); attack_start=round 10; SERVER_REF_FRACTION=0.10; same evaluate() on official PathMNIST test split -- identical across benchmark_v2_corrected and combined_e2e_minimal by construction (both derive these constants from the same locked protocol addenda).",True,"exact (partition,seed,attack,defense,regime) match found",0.5023676753044128,1.8107966184616089,False
c3_static__dirichlet_a1.0__no_attack__seed43,fedavg,not_applicable,43,dirichlet_a1.0,no_attack,"K=50 local SGD steps/client/round; 25 FL rounds; same TorchCNNFlat model/init scheme; SGD optimizer, LR=0.01, batch_size=128; 5 clients; MALICIOUS_RATIO=0.2 (client 0); attack_start=round 10; SERVER_REF_FRACTION=0.10; same evaluate() on official PathMNIST test split -- identical across benchmark_v2_corrected and combined_e2e_minimal by construction (both derive these constants from the same locked protocol addenda).",True,"exact (partition,seed,attack,defense,regime) match found",0.4774373471736908,1.5187689065933228,False
c3_static__dirichlet_a1.0__no_attack__seed43,norm,A_condition_specific_oracle,43,dirichlet_a1.0,no_attack,"K=50 local SGD steps/client/round; 25 FL rounds; same TorchCNNFlat model/init scheme; SGD optimizer, LR=0.01, batch_size=128; 5 clients; MALICIOUS_RATIO=0.2 (client 0); attack_start=round 10; SERVER_REF_FRACTION=0.10; same evaluate() on official PathMNIST test split -- identical across benchmark_v2_corrected and combined_e2e_minimal by construction (both derive these constants from the same locked protocol addenda).",True,"exact (partition,seed,attack,defense,regime) match found",0.4817548990249634,1.5219565629959106,False
c3_static__dirichlet_a1.0__no_attack__seed43,cosine,A_condition_specific_oracle,43,dirichlet_a1.0,no_attack,"K=50 local SGD steps/client/round; 25 FL rounds; same TorchCNNFlat model/init scheme; SGD optimizer, LR=0.01, batch_size=128; 5 clients; MALICIOUS_RATIO=0.2 (client 0); attack_start=round 10; SERVER_REF_FRACTION=0.10; same evaluate() on official PathMNIST test split -- identical across benchmark_v2_corrected and combined_e2e_minimal by construction (both derive these constants from the same locked protocol addenda).",True,"exact (partition,seed,attack,defense,regime) match found",0.4899721443653106,1.5195499658584597,False
c3_static__dirichlet_a1.0__no_attack__seed43,sign_consensus,A_condition_specific_oracle,43,dirichlet_a1.0,no_attack,"K=50 local SGD steps/client/round; 25 FL rounds; same TorchCNNFlat model/init scheme; SGD optimizer, LR=0.01, batch_size=128; 5 clients; MALICIOUS_RATIO=0.2 (client 0); attack_start=round 10; SERVER_REF_FRACTION=0.10; same evaluate() on official PathMNIST test split -- identical across benchmark_v2_corrected and combined_e2e_minimal by construction (both derive these constants from the same locked protocol addenda).",True,"exact (partition,seed,attack,defense,regime) match found",0.4785515367984772,1.5173232555389404,False
c3_static__dirichlet_a1.0__no_attack__seed43,median,not_applicable,43,dirichlet_a1.0,no_attack,"K=50 local SGD steps/client/round; 25 FL rounds; same TorchCNNFlat model/init scheme; SGD optimizer, LR=0.01, batch_size=128; 5 clients; MALICIOUS_RATIO=0.2 (client 0); attack_start=round 10; SERVER_REF_FRACTION=0.10; same evaluate() on official PathMNIST test split -- identical across benchmark_v2_corrected and combined_e2e_minimal by construction (both derive these constants from the same locked protocol addenda).",True,"exact (partition,seed,attack,defense,regime) match found",0.458913654088974,1.6413524150848389,False
c3_static__dirichlet_a1.0__no_attack__seed43,multi_krum,not_applicable,43,dirichlet_a1.0,no_attack,"K=50 local SGD steps/client/round; 25 FL rounds; same TorchCNNFlat model/init scheme; SGD optimizer, LR=0.01, batch_size=128; 5 clients; MALICIOUS_RATIO=0.2 (client 0); attack_start=round 10; SERVER_REF_FRACTION=0.10; same evaluate() on official PathMNIST test split -- identical across benchmark_v2_corrected and combined_e2e_minimal by construction (both derive these constants from the same locked protocol addenda).",True,"exact (partition,seed,attack,defense,regime) match found",0.4403899908065796,1.599971890449524,False
c4_static__dirichlet_a1.0__no_attack__seed43,fedavg,not_applicable,43,dirichlet_a1.0,no_attack,"K=50 local SGD steps/client/round; 25 FL rounds; same TorchCNNFlat model/init scheme; SGD optimizer, LR=0.01, batch_size=128; 5 clients; MALICIOUS_RATIO=0.2 (client 0); attack_start=round 10; SERVER_REF_FRACTION=0.10; same evaluate() on official PathMNIST test split -- identical across benchmark_v2_corrected and combined_e2e_minimal by construction (both derive these constants from the same locked protocol addenda).",True,"exact (partition,seed,attack,defense,regime) match found",0.4774373471736908,1.5187689065933228,False
c4_static__dirichlet_a1.0__no_attack__seed43,norm,A_condition_specific_oracle,43,dirichlet_a1.0,no_attack,"K=50 local SGD steps/client/round; 25 FL rounds; same TorchCNNFlat model/init scheme; SGD optimizer, LR=0.01, batch_size=128; 5 clients; MALICIOUS_RATIO=0.2 (client 0); attack_start=round 10; SERVER_REF_FRACTION=0.10; same evaluate() on official PathMNIST test split -- identical across benchmark_v2_corrected and combined_e2e_minimal by construction (both derive these constants from the same locked protocol addenda).",True,"exact (partition,seed,attack,defense,regime) match found",0.4817548990249634,1.5219565629959106,False
c4_static__dirichlet_a1.0__no_attack__seed43,cosine,A_condition_specific_oracle,43,dirichlet_a1.0,no_attack,"K=50 local SGD steps/client/round; 25 FL rounds; same TorchCNNFlat model/init scheme; SGD optimizer, LR=0.01, batch_size=128; 5 clients; MALICIOUS_RATIO=0.2 (client 0); attack_start=round 10; SERVER_REF_FRACTION=0.10; same evaluate() on official PathMNIST test split -- identical across benchmark_v2_corrected and combined_e2e_minimal by construction (both derive these constants from the same locked protocol addenda).",True,"exact (partition,seed,attack,defense,regime) match found",0.4899721443653106,1.5195499658584597,False
c4_static__dirichlet_a1.0__no_attack__seed43,sign_consensus,A_condition_specific_oracle,43,dirichlet_a1.0,no_attack,"K=50 local SGD steps/client/round; 25 FL rounds; same TorchCNNFlat model/init scheme; SGD optimizer, LR=0.01, batch_size=128; 5 clients; MALICIOUS_RATIO=0.2 (client 0); attack_start=round 10; SERVER_REF_FRACTION=0.10; same evaluate() on official PathMNIST test split -- identical across benchmark_v2_corrected and combined_e2e_minimal by construction (both derive these constants from the same locked protocol addenda).",True,"exact (partition,seed,attack,defense,regime) match found",0.4785515367984772,1.5173232555389404,False
c4_static__dirichlet_a1.0__no_attack__seed43,median,not_applicable,43,dirichlet_a1.0,no_attack,"K=50 local SGD steps/client/round; 25 FL rounds; same TorchCNNFlat model/init scheme; SGD optimizer, LR=0.01, batch_size=128; 5 clients; MALICIOUS_RATIO=0.2 (client 0); attack_start=round 10; SERVER_REF_FRACTION=0.10; same evaluate() on official PathMNIST test split -- identical across benchmark_v2_corrected and combined_e2e_minimal by construction (both derive these constants from the same locked protocol addenda).",True,"exact (partition,seed,attack,defense,regime) match found",0.458913654088974,1.6413524150848389,False
c4_static__dirichlet_a1.0__no_attack__seed43,multi_krum,not_applicable,43,dirichlet_a1.0,no_attack,"K=50 local SGD steps/client/round; 25 FL rounds; same TorchCNNFlat model/init scheme; SGD optimizer, LR=0.01, batch_size=128; 5 clients; MALICIOUS_RATIO=0.2 (client 0); attack_start=round 10; SERVER_REF_FRACTION=0.10; same evaluate() on official PathMNIST test split -- identical across benchmark_v2_corrected and combined_e2e_minimal by construction (both derive these constants from the same locked protocol addenda).",True,"exact (partition,seed,attack,defense,regime) match found",0.4403899908065796,1.599971890449524,False
c4_drift_aware__dirichlet_a1.0__no_attack__seed43,fedavg,not_applicable,43,dirichlet_a1.0,no_attack,"K=50 local SGD steps/client/round; 25 FL rounds; same TorchCNNFlat model/init scheme; SGD optimizer, LR=0.01, batch_size=128; 5 clients; MALICIOUS_RATIO=0.2 (client 0); attack_start=round 10; SERVER_REF_FRACTION=0.10; same evaluate() on official PathMNIST test split -- identical across benchmark_v2_corrected and combined_e2e_minimal by construction (both derive these constants from the same locked protocol addenda).",True,"exact (partition,seed,attack,defense,regime) match found",0.4774373471736908,1.5187689065933228,False
c4_drift_aware__dirichlet_a1.0__no_attack__seed43,norm,A_condition_specific_oracle,43,dirichlet_a1.0,no_attack,"K=50 local SGD steps/client/round; 25 FL rounds; same TorchCNNFlat model/init scheme; SGD optimizer, LR=0.01, batch_size=128; 5 clients; MALICIOUS_RATIO=0.2 (client 0); attack_start=round 10; SERVER_REF_FRACTION=0.10; same evaluate() on official PathMNIST test split -- identical across benchmark_v2_corrected and combined_e2e_minimal by construction (both derive these constants from the same locked protocol addenda).",True,"exact (partition,seed,attack,defense,regime) match found",0.4817548990249634,1.5219565629959106,False
c4_drift_aware__dirichlet_a1.0__no_attack__seed43,cosine,A_condition_specific_oracle,43,dirichlet_a1.0,no_attack,"K=50 local SGD steps/client/round; 25 FL rounds; same TorchCNNFlat model/init scheme; SGD optimizer, LR=0.01, batch_size=128; 5 clients; MALICIOUS_RATIO=0.2 (client 0); attack_start=round 10; SERVER_REF_FRACTION=0.10; same evaluate() on official PathMNIST test split -- identical across benchmark_v2_corrected and combined_e2e_minimal by construction (both derive these constants from the same locked protocol addenda).",True,"exact (partition,seed,attack,defense,regime) match found",0.4899721443653106,1.5195499658584597,False
c4_drift_aware__dirichlet_a1.0__no_attack__seed43,sign_consensus,A_condition_specific_oracle,43,dirichlet_a1.0,no_attack,"K=50 local SGD steps/client/round; 25 FL rounds; same TorchCNNFlat model/init scheme; SGD optimizer, LR=0.01, batch_size=128; 5 clients; MALICIOUS_RATIO=0.2 (client 0); attack_start=round 10; SERVER_REF_FRACTION=0.10; same evaluate() on official PathMNIST test split -- identical across benchmark_v2_corrected and combined_e2e_minimal by construction (both derive these constants from the same locked protocol addenda).",True,"exact (partition,seed,attack,defense,regime) match found",0.4785515367984772,1.5173232555389404,False
c4_drift_aware__dirichlet_a1.0__no_attack__seed43,median,not_applicable,43,dirichlet_a1.0,no_attack,"K=50 local SGD steps/client/round; 25 FL rounds; same TorchCNNFlat model/init scheme; SGD optimizer, LR=0.01, batch_size=128; 5 clients; MALICIOUS_RATIO=0.2 (client 0); attack_start=round 10; SERVER_REF_FRACTION=0.10; same evaluate() on official PathMNIST test split -- identical across benchmark_v2_corrected and combined_e2e_minimal by construction (both derive these constants from the same locked protocol addenda).",True,"exact (partition,seed,attack,defense,regime) match found",0.458913654088974,1.6413524150848389,False
c4_drift_aware__dirichlet_a1.0__no_attack__seed43,multi_krum,not_applicable,43,dirichlet_a1.0,no_attack,"K=50 local SGD steps/client/round; 25 FL rounds; same TorchCNNFlat model/init scheme; SGD optimizer, LR=0.01, batch_size=128; 5 clients; MALICIOUS_RATIO=0.2 (client 0); attack_start=round 10; SERVER_REF_FRACTION=0.10; same evaluate() on official PathMNIST test split -- identical across benchmark_v2_corrected and combined_e2e_minimal by construction (both derive these constants from the same locked protocol addenda).",True,"exact (partition,seed,attack,defense,regime) match found",0.4403899908065796,1.599971890449524,False
c3_static__dirichlet_a1.0__large_norm__seed43,fedavg,not_applicable,43,dirichlet_a1.0,large_norm,"K=50 local SGD steps/client/round; 25 FL rounds; same TorchCNNFlat model/init scheme; SGD optimizer, LR=0.01, batch_size=128; 5 clients; MALICIOUS_RATIO=0.2 (client 0); attack_start=round 10; SERVER_REF_FRACTION=0.10; same evaluate() on official PathMNIST test split -- identical across benchmark_v2_corrected and combined_e2e_minimal by construction (both derive these constants from the same locked protocol addenda).",True,"exact (partition,seed,attack,defense,regime) match found",0.0824512541294097,172088736.0,True
c3_static__dirichlet_a1.0__large_norm__seed43,norm,A_condition_specific_oracle,43,dirichlet_a1.0,large_norm,"K=50 local SGD steps/client/round; 25 FL rounds; same TorchCNNFlat model/init scheme; SGD optimizer, LR=0.01, batch_size=128; 5 clients; MALICIOUS_RATIO=0.2 (client 0); attack_start=round 10; SERVER_REF_FRACTION=0.10; same evaluate() on official PathMNIST test split -- identical across benchmark_v2_corrected and combined_e2e_minimal by construction (both derive these constants from the same locked protocol addenda).",True,"exact (partition,seed,attack,defense,regime) match found",0.4674094915390014,1.521207332611084,False
c3_static__dirichlet_a1.0__large_norm__seed43,cosine,A_condition_specific_oracle,43,dirichlet_a1.0,large_norm,"K=50 local SGD steps/client/round; 25 FL rounds; same TorchCNNFlat model/init scheme; SGD optimizer, LR=0.01, batch_size=128; 5 clients; MALICIOUS_RATIO=0.2 (client 0); attack_start=round 10; SERVER_REF_FRACTION=0.10; same evaluate() on official PathMNIST test split -- identical across benchmark_v2_corrected and combined_e2e_minimal by construction (both derive these constants from the same locked protocol addenda).",True,"exact (partition,seed,attack,defense,regime) match found",0.1452646255493164,71242640.0,True
c3_static__dirichlet_a1.0__large_norm__seed43,sign_consensus,A_condition_specific_oracle,43,dirichlet_a1.0,large_norm,"K=50 local SGD steps/client/round; 25 FL rounds; same TorchCNNFlat model/init scheme; SGD optimizer, LR=0.01, batch_size=128; 5 clients; MALICIOUS_RATIO=0.2 (client 0); attack_start=round 10; SERVER_REF_FRACTION=0.10; same evaluate() on official PathMNIST test split -- identical across benchmark_v2_corrected and combined_e2e_minimal by construction (both derive these constants from the same locked protocol addenda).",True,"exact (partition,seed,attack,defense,regime) match found",0.0824512541294097,172087328.0,True
c3_static__dirichlet_a1.0__large_norm__seed43,median,not_applicable,43,dirichlet_a1.0,large_norm,"K=50 local SGD steps/client/round; 25 FL rounds; same TorchCNNFlat model/init scheme; SGD optimizer, LR=0.01, batch_size=128; 5 clients; MALICIOUS_RATIO=0.2 (client 0); attack_start=round 10; SERVER_REF_FRACTION=0.10; same evaluate() on official PathMNIST test split -- identical across benchmark_v2_corrected and combined_e2e_minimal by construction (both derive these constants from the same locked protocol addenda).",True,"exact (partition,seed,attack,defense,regime) match found",0.4591922163963318,1.5600184202194214,False
c3_static__dirichlet_a1.0__large_norm__seed43,multi_krum,not_applicable,43,dirichlet_a1.0,large_norm,"K=50 local SGD steps/client/round; 25 FL rounds; same TorchCNNFlat model/init scheme; SGD optimizer, LR=0.01, batch_size=128; 5 clients; MALICIOUS_RATIO=0.2 (client 0); attack_start=round 10; SERVER_REF_FRACTION=0.10; same evaluate() on official PathMNIST test split -- identical across benchmark_v2_corrected and combined_e2e_minimal by construction (both derive these constants from the same locked protocol addenda).",True,"exact (partition,seed,attack,defense,regime) match found",0.4630919396877289,1.5226811170578003,False
c4_static__dirichlet_a1.0__large_norm__seed43,fedavg,not_applicable,43,dirichlet_a1.0,large_norm,"K=50 local SGD steps/client/round; 25 FL rounds; same TorchCNNFlat model/init scheme; SGD optimizer, LR=0.01, batch_size=128; 5 clients; MALICIOUS_RATIO=0.2 (client 0); attack_start=round 10; SERVER_REF_FRACTION=0.10; same evaluate() on official PathMNIST test split -- identical across benchmark_v2_corrected and combined_e2e_minimal by construction (both derive these constants from the same locked protocol addenda).",True,"exact (partition,seed,attack,defense,regime) match found",0.0824512541294097,172088736.0,True
c4_static__dirichlet_a1.0__large_norm__seed43,norm,A_condition_specific_oracle,43,dirichlet_a1.0,large_norm,"K=50 local SGD steps/client/round; 25 FL rounds; same TorchCNNFlat model/init scheme; SGD optimizer, LR=0.01, batch_size=128; 5 clients; MALICIOUS_RATIO=0.2 (client 0); attack_start=round 10; SERVER_REF_FRACTION=0.10; same evaluate() on official PathMNIST test split -- identical across benchmark_v2_corrected and combined_e2e_minimal by construction (both derive these constants from the same locked protocol addenda).",True,"exact (partition,seed,attack,defense,regime) match found",0.4674094915390014,1.521207332611084,False
c4_static__dirichlet_a1.0__large_norm__seed43,cosine,A_condition_specific_oracle,43,dirichlet_a1.0,large_norm,"K=50 local SGD steps/client/round; 25 FL rounds; same TorchCNNFlat model/init scheme; SGD optimizer, LR=0.01, batch_size=128; 5 clients; MALICIOUS_RATIO=0.2 (client 0); attack_start=round 10; SERVER_REF_FRACTION=0.10; same evaluate() on official PathMNIST test split -- identical across benchmark_v2_corrected and combined_e2e_minimal by construction (both derive these constants from the same locked protocol addenda).",True,"exact (partition,seed,attack,defense,regime) match found",0.1452646255493164,71242640.0,True
c4_static__dirichlet_a1.0__large_norm__seed43,sign_consensus,A_condition_specific_oracle,43,dirichlet_a1.0,large_norm,"K=50 local SGD steps/client/round; 25 FL rounds; same TorchCNNFlat model/init scheme; SGD optimizer, LR=0.01, batch_size=128; 5 clients; MALICIOUS_RATIO=0.2 (client 0); attack_start=round 10; SERVER_REF_FRACTION=0.10; same evaluate() on official PathMNIST test split -- identical across benchmark_v2_corrected and combined_e2e_minimal by construction (both derive these constants from the same locked protocol addenda).",True,"exact (partition,seed,attack,defense,regime) match found",0.0824512541294097,172087328.0,True
c4_static__dirichlet_a1.0__large_norm__seed43,median,not_applicable,43,dirichlet_a1.0,large_norm,"K=50 local SGD steps/client/round; 25 FL rounds; same TorchCNNFlat model/init scheme; SGD optimizer, LR=0.01, batch_size=128; 5 clients; MALICIOUS_RATIO=0.2 (client 0); attack_start=round 10; SERVER_REF_FRACTION=0.10; same evaluate() on official PathMNIST test split -- identical across benchmark_v2_corrected and combined_e2e_minimal by construction (both derive these constants from the same locked protocol addenda).",True,"exact (partition,seed,attack,defense,regime) match found",0.4591922163963318,1.5600184202194214,False
c4_static__dirichlet_a1.0__large_norm__seed43,multi_krum,not_applicable,43,dirichlet_a1.0,large_norm,"K=50 local SGD steps/client/round; 25 FL rounds; same TorchCNNFlat model/init scheme; SGD optimizer, LR=0.01, batch_size=128; 5 clients; MALICIOUS_RATIO=0.2 (client 0); attack_start=round 10; SERVER_REF_FRACTION=0.10; same evaluate() on official PathMNIST test split -- identical across benchmark_v2_corrected and combined_e2e_minimal by construction (both derive these constants from the same locked protocol addenda).",True,"exact (partition,seed,attack,defense,regime) match found",0.4630919396877289,1.5226811170578003,False
c4_drift_aware__dirichlet_a1.0__large_norm__seed43,fedavg,not_applicable,43,dirichlet_a1.0,large_norm,"K=50 local SGD steps/client/round; 25 FL rounds; same TorchCNNFlat model/init scheme; SGD optimizer, LR=0.01, batch_size=128; 5 clients; MALICIOUS_RATIO=0.2 (client 0); attack_start=round 10; SERVER_REF_FRACTION=0.10; same evaluate() on official PathMNIST test split -- identical across benchmark_v2_corrected and combined_e2e_minimal by construction (both derive these constants from the same locked protocol addenda).",True,"exact (partition,seed,attack,defense,regime) match found",0.0824512541294097,172088736.0,True
c4_drift_aware__dirichlet_a1.0__large_norm__seed43,norm,A_condition_specific_oracle,43,dirichlet_a1.0,large_norm,"K=50 local SGD steps/client/round; 25 FL rounds; same TorchCNNFlat model/init scheme; SGD optimizer, LR=0.01, batch_size=128; 5 clients; MALICIOUS_RATIO=0.2 (client 0); attack_start=round 10; SERVER_REF_FRACTION=0.10; same evaluate() on official PathMNIST test split -- identical across benchmark_v2_corrected and combined_e2e_minimal by construction (both derive these constants from the same locked protocol addenda).",True,"exact (partition,seed,attack,defense,regime) match found",0.4674094915390014,1.521207332611084,False
c4_drift_aware__dirichlet_a1.0__large_norm__seed43,cosine,A_condition_specific_oracle,43,dirichlet_a1.0,large_norm,"K=50 local SGD steps/client/round; 25 FL rounds; same TorchCNNFlat model/init scheme; SGD optimizer, LR=0.01, batch_size=128; 5 clients; MALICIOUS_RATIO=0.2 (client 0); attack_start=round 10; SERVER_REF_FRACTION=0.10; same evaluate() on official PathMNIST test split -- identical across benchmark_v2_corrected and combined_e2e_minimal by construction (both derive these constants from the same locked protocol addenda).",True,"exact (partition,seed,attack,defense,regime) match found",0.1452646255493164,71242640.0,True
c4_drift_aware__dirichlet_a1.0__large_norm__seed43,sign_consensus,A_condition_specific_oracle,43,dirichlet_a1.0,large_norm,"K=50 local SGD steps/client/round; 25 FL rounds; same TorchCNNFlat model/init scheme; SGD optimizer, LR=0.01, batch_size=128; 5 clients; MALICIOUS_RATIO=0.2 (client 0); attack_start=round 10; SERVER_REF_FRACTION=0.10; same evaluate() on official PathMNIST test split -- identical across benchmark_v2_corrected and combined_e2e_minimal by construction (both derive these constants from the same locked protocol addenda).",True,"exact (partition,seed,attack,defense,regime) match found",0.0824512541294097,172087328.0,True
c4_drift_aware__dirichlet_a1.0__large_norm__seed43,median,not_applicable,43,dirichlet_a1.0,large_norm,"K=50 local SGD steps/client/round; 25 FL rounds; same TorchCNNFlat model/init scheme; SGD optimizer, LR=0.01, batch_size=128; 5 clients; MALICIOUS_RATIO=0.2 (client 0); attack_start=round 10; SERVER_REF_FRACTION=0.10; same evaluate() on official PathMNIST test split -- identical across benchmark_v2_corrected and combined_e2e_minimal by construction (both derive these constants from the same locked protocol addenda).",True,"exact (partition,seed,attack,defense,regime) match found",0.4591922163963318,1.5600184202194214,False
c4_drift_aware__dirichlet_a1.0__large_norm__seed43,multi_krum,not_applicable,43,dirichlet_a1.0,large_norm,"K=50 local SGD steps/client/round; 25 FL rounds; same TorchCNNFlat model/init scheme; SGD optimizer, LR=0.01, batch_size=128; 5 clients; MALICIOUS_RATIO=0.2 (client 0); attack_start=round 10; SERVER_REF_FRACTION=0.10; same evaluate() on official PathMNIST test split -- identical across benchmark_v2_corrected and combined_e2e_minimal by construction (both derive these constants from the same locked protocol addenda).",True,"exact (partition,seed,attack,defense,regime) match found",0.4630919396877289,1.5226811170578003,False
c3_static__dirichlet_a1.0__directional_poisoning__seed43,fedavg,not_applicable,43,dirichlet_a1.0,directional_poisoning,"K=50 local SGD steps/client/round; 25 FL rounds; same TorchCNNFlat model/init scheme; SGD optimizer, LR=0.01, batch_size=128; 5 clients; MALICIOUS_RATIO=0.2 (client 0); attack_start=round 10; SERVER_REF_FRACTION=0.10; same evaluate() on official PathMNIST test split -- identical across benchmark_v2_corrected and combined_e2e_minimal by construction (both derive these constants from the same locked protocol addenda).",True,"exact (partition,seed,attack,defense,regime) match found",0.336490273475647,1.6935346126556396,False
c3_static__dirichlet_a1.0__directional_poisoning__seed43,norm,A_condition_specific_oracle,43,dirichlet_a1.0,directional_poisoning,"K=50 local SGD steps/client/round; 25 FL rounds; same TorchCNNFlat model/init scheme; SGD optimizer, LR=0.01, batch_size=128; 5 clients; MALICIOUS_RATIO=0.2 (client 0); attack_start=round 10; SERVER_REF_FRACTION=0.10; same evaluate() on official PathMNIST test split -- identical across benchmark_v2_corrected and combined_e2e_minimal by construction (both derive these constants from the same locked protocol addenda).",True,"exact (partition,seed,attack,defense,regime) match found",0.3335654735565185,1.6920974254608154,False
c3_static__dirichlet_a1.0__directional_poisoning__seed43,cosine,A_condition_specific_oracle,43,dirichlet_a1.0,directional_poisoning,"K=50 local SGD steps/client/round; 25 FL rounds; same TorchCNNFlat model/init scheme; SGD optimizer, LR=0.01, batch_size=128; 5 clients; MALICIOUS_RATIO=0.2 (client 0); attack_start=round 10; SERVER_REF_FRACTION=0.10; same evaluate() on official PathMNIST test split -- identical across benchmark_v2_corrected and combined_e2e_minimal by construction (both derive these constants from the same locked protocol addenda).",True,"exact (partition,seed,attack,defense,regime) match found",0.4600278735160827,1.532423496246338,False
c3_static__dirichlet_a1.0__directional_poisoning__seed43,sign_consensus,A_condition_specific_oracle,43,dirichlet_a1.0,directional_poisoning,"K=50 local SGD steps/client/round; 25 FL rounds; same TorchCNNFlat model/init scheme; SGD optimizer, LR=0.01, batch_size=128; 5 clients; MALICIOUS_RATIO=0.2 (client 0); attack_start=round 10; SERVER_REF_FRACTION=0.10; same evaluate() on official PathMNIST test split -- identical across benchmark_v2_corrected and combined_e2e_minimal by construction (both derive these constants from the same locked protocol addenda).",True,"exact (partition,seed,attack,defense,regime) match found",0.3424791097640991,1.592576265335083,False
c3_static__dirichlet_a1.0__directional_poisoning__seed43,median,not_applicable,43,dirichlet_a1.0,directional_poisoning,"K=50 local SGD steps/client/round; 25 FL rounds; same TorchCNNFlat model/init scheme; SGD optimizer, LR=0.01, batch_size=128; 5 clients; MALICIOUS_RATIO=0.2 (client 0); attack_start=round 10; SERVER_REF_FRACTION=0.10; same evaluate() on official PathMNIST test split -- identical across benchmark_v2_corrected and combined_e2e_minimal by construction (both derive these constants from the same locked protocol addenda).",True,"exact (partition,seed,attack,defense,regime) match found",0.2693593502044678,1.9816923141479488,False
c3_static__dirichlet_a1.0__directional_poisoning__seed43,multi_krum,not_applicable,43,dirichlet_a1.0,directional_poisoning,"K=50 local SGD steps/client/round; 25 FL rounds; same TorchCNNFlat model/init scheme; SGD optimizer, LR=0.01, batch_size=128; 5 clients; MALICIOUS_RATIO=0.2 (client 0); attack_start=round 10; SERVER_REF_FRACTION=0.10; same evaluate() on official PathMNIST test split -- identical across benchmark_v2_corrected and combined_e2e_minimal by construction (both derive these constants from the same locked protocol addenda).",True,"exact (partition,seed,attack,defense,regime) match found",0.4508356750011444,1.5294976234436035,False
c4_static__dirichlet_a1.0__directional_poisoning__seed43,fedavg,not_applicable,43,dirichlet_a1.0,directional_poisoning,"K=50 local SGD steps/client/round; 25 FL rounds; same TorchCNNFlat model/init scheme; SGD optimizer, LR=0.01, batch_size=128; 5 clients; MALICIOUS_RATIO=0.2 (client 0); attack_start=round 10; SERVER_REF_FRACTION=0.10; same evaluate() on official PathMNIST test split -- identical across benchmark_v2_corrected and combined_e2e_minimal by construction (both derive these constants from the same locked protocol addenda).",True,"exact (partition,seed,attack,defense,regime) match found",0.336490273475647,1.6935346126556396,False
c4_static__dirichlet_a1.0__directional_poisoning__seed43,norm,A_condition_specific_oracle,43,dirichlet_a1.0,directional_poisoning,"K=50 local SGD steps/client/round; 25 FL rounds; same TorchCNNFlat model/init scheme; SGD optimizer, LR=0.01, batch_size=128; 5 clients; MALICIOUS_RATIO=0.2 (client 0); attack_start=round 10; SERVER_REF_FRACTION=0.10; same evaluate() on official PathMNIST test split -- identical across benchmark_v2_corrected and combined_e2e_minimal by construction (both derive these constants from the same locked protocol addenda).",True,"exact (partition,seed,attack,defense,regime) match found",0.3335654735565185,1.6920974254608154,False
c4_static__dirichlet_a1.0__directional_poisoning__seed43,cosine,A_condition_specific_oracle,43,dirichlet_a1.0,directional_poisoning,"K=50 local SGD steps/client/round; 25 FL rounds; same TorchCNNFlat model/init scheme; SGD optimizer, LR=0.01, batch_size=128; 5 clients; MALICIOUS_RATIO=0.2 (client 0); attack_start=round 10; SERVER_REF_FRACTION=0.10; same evaluate() on official PathMNIST test split -- identical across benchmark_v2_corrected and combined_e2e_minimal by construction (both derive these constants from the same locked protocol addenda).",True,"exact (partition,seed,attack,defense,regime) match found",0.4600278735160827,1.532423496246338,False
c4_static__dirichlet_a1.0__directional_poisoning__seed43,sign_consensus,A_condition_specific_oracle,43,dirichlet_a1.0,directional_poisoning,"K=50 local SGD steps/client/round; 25 FL rounds; same TorchCNNFlat model/init scheme; SGD optimizer, LR=0.01, batch_size=128; 5 clients; MALICIOUS_RATIO=0.2 (client 0); attack_start=round 10; SERVER_REF_FRACTION=0.10; same evaluate() on official PathMNIST test split -- identical across benchmark_v2_corrected and combined_e2e_minimal by construction (both derive these constants from the same locked protocol addenda).",True,"exact (partition,seed,attack,defense,regime) match found",0.3424791097640991,1.592576265335083,False
c4_static__dirichlet_a1.0__directional_poisoning__seed43,median,not_applicable,43,dirichlet_a1.0,directional_poisoning,"K=50 local SGD steps/client/round; 25 FL rounds; same TorchCNNFlat model/init scheme; SGD optimizer, LR=0.01, batch_size=128; 5 clients; MALICIOUS_RATIO=0.2 (client 0); attack_start=round 10; SERVER_REF_FRACTION=0.10; same evaluate() on official PathMNIST test split -- identical across benchmark_v2_corrected and combined_e2e_minimal by construction (both derive these constants from the same locked protocol addenda).",True,"exact (partition,seed,attack,defense,regime) match found",0.2693593502044678,1.9816923141479488,False
c4_static__dirichlet_a1.0__directional_poisoning__seed43,multi_krum,not_applicable,43,dirichlet_a1.0,directional_poisoning,"K=50 local SGD steps/client/round; 25 FL rounds; same TorchCNNFlat model/init scheme; SGD optimizer, LR=0.01, batch_size=128; 5 clients; MALICIOUS_RATIO=0.2 (client 0); attack_start=round 10; SERVER_REF_FRACTION=0.10; same evaluate() on official PathMNIST test split -- identical across benchmark_v2_corrected and combined_e2e_minimal by construction (both derive these constants from the same locked protocol addenda).",True,"exact (partition,seed,attack,defense,regime) match found",0.4508356750011444,1.5294976234436035,False
c4_drift_aware__dirichlet_a1.0__directional_poisoning__seed43,fedavg,not_applicable,43,dirichlet_a1.0,directional_poisoning,"K=50 local SGD steps/client/round; 25 FL rounds; same TorchCNNFlat model/init scheme; SGD optimizer, LR=0.01, batch_size=128; 5 clients; MALICIOUS_RATIO=0.2 (client 0); attack_start=round 10; SERVER_REF_FRACTION=0.10; same evaluate() on official PathMNIST test split -- identical across benchmark_v2_corrected and combined_e2e_minimal by construction (both derive these constants from the same locked protocol addenda).",True,"exact (partition,seed,attack,defense,regime) match found",0.336490273475647,1.6935346126556396,False
c4_drift_aware__dirichlet_a1.0__directional_poisoning__seed43,norm,A_condition_specific_oracle,43,dirichlet_a1.0,directional_poisoning,"K=50 local SGD steps/client/round; 25 FL rounds; same TorchCNNFlat model/init scheme; SGD optimizer, LR=0.01, batch_size=128; 5 clients; MALICIOUS_RATIO=0.2 (client 0); attack_start=round 10; SERVER_REF_FRACTION=0.10; same evaluate() on official PathMNIST test split -- identical across benchmark_v2_corrected and combined_e2e_minimal by construction (both derive these constants from the same locked protocol addenda).",True,"exact (partition,seed,attack,defense,regime) match found",0.3335654735565185,1.6920974254608154,False
c4_drift_aware__dirichlet_a1.0__directional_poisoning__seed43,cosine,A_condition_specific_oracle,43,dirichlet_a1.0,directional_poisoning,"K=50 local SGD steps/client/round; 25 FL rounds; same TorchCNNFlat model/init scheme; SGD optimizer, LR=0.01, batch_size=128; 5 clients; MALICIOUS_RATIO=0.2 (client 0); attack_start=round 10; SERVER_REF_FRACTION=0.10; same evaluate() on official PathMNIST test split -- identical across benchmark_v2_corrected and combined_e2e_minimal by construction (both derive these constants from the same locked protocol addenda).",True,"exact (partition,seed,attack,defense,regime) match found",0.4600278735160827,1.532423496246338,False
c4_drift_aware__dirichlet_a1.0__directional_poisoning__seed43,sign_consensus,A_condition_specific_oracle,43,dirichlet_a1.0,directional_poisoning,"K=50 local SGD steps/client/round; 25 FL rounds; same TorchCNNFlat model/init scheme; SGD optimizer, LR=0.01, batch_size=128; 5 clients; MALICIOUS_RATIO=0.2 (client 0); attack_start=round 10; SERVER_REF_FRACTION=0.10; same evaluate() on official PathMNIST test split -- identical across benchmark_v2_corrected and combined_e2e_minimal by construction (both derive these constants from the same locked protocol addenda).",True,"exact (partition,seed,attack,defense,regime) match found",0.3424791097640991,1.592576265335083,False
c4_drift_aware__dirichlet_a1.0__directional_poisoning__seed43,median,not_applicable,43,dirichlet_a1.0,directional_poisoning,"K=50 local SGD steps/client/round; 25 FL rounds; same TorchCNNFlat model/init scheme; SGD optimizer, LR=0.01, batch_size=128; 5 clients; MALICIOUS_RATIO=0.2 (client 0); attack_start=round 10; SERVER_REF_FRACTION=0.10; same evaluate() on official PathMNIST test split -- identical across benchmark_v2_corrected and combined_e2e_minimal by construction (both derive these constants from the same locked protocol addenda).",True,"exact (partition,seed,attack,defense,regime) match found",0.2693593502044678,1.9816923141479488,False
c4_drift_aware__dirichlet_a1.0__directional_poisoning__seed43,multi_krum,not_applicable,43,dirichlet_a1.0,directional_poisoning,"K=50 local SGD steps/client/round; 25 FL rounds; same TorchCNNFlat model/init scheme; SGD optimizer, LR=0.01, batch_size=128; 5 clients; MALICIOUS_RATIO=0.2 (client 0); attack_start=round 10; SERVER_REF_FRACTION=0.10; same evaluate() on official PathMNIST test split -- identical across benchmark_v2_corrected and combined_e2e_minimal by construction (both derive these constants from the same locked protocol addenda).",True,"exact (partition,seed,attack,defense,regime) match found",0.4508356750011444,1.5294976234436035,False
c3_static__dirichlet_a1.0__sparse_coordinate_attack__seed43,fedavg,not_applicable,43,dirichlet_a1.0,sparse_coordinate_attack,"K=50 local SGD steps/client/round; 25 FL rounds; same TorchCNNFlat model/init scheme; SGD optimizer, LR=0.01, batch_size=128; 5 clients; MALICIOUS_RATIO=0.2 (client 0); attack_start=round 10; SERVER_REF_FRACTION=0.10; same evaluate() on official PathMNIST test split -- identical across benchmark_v2_corrected and combined_e2e_minimal by construction (both derive these constants from the same locked protocol addenda).",True,"exact (partition,seed,attack,defense,regime) match found",0.4488857984542846,1.4888620376586914,False
c3_static__dirichlet_a1.0__sparse_coordinate_attack__seed43,norm,A_condition_specific_oracle,43,dirichlet_a1.0,sparse_coordinate_attack,"K=50 local SGD steps/client/round; 25 FL rounds; same TorchCNNFlat model/init scheme; SGD optimizer, LR=0.01, batch_size=128; 5 clients; MALICIOUS_RATIO=0.2 (client 0); attack_start=round 10; SERVER_REF_FRACTION=0.10; same evaluate() on official PathMNIST test split -- identical across benchmark_v2_corrected and combined_e2e_minimal by construction (both derive these constants from the same locked protocol addenda).",True,"exact (partition,seed,attack,defense,regime) match found",0.4451253712177276,1.521882176399231,False
c3_static__dirichlet_a1.0__sparse_coordinate_attack__seed43,cosine,A_condition_specific_oracle,43,dirichlet_a1.0,sparse_coordinate_attack,"K=50 local SGD steps/client/round; 25 FL rounds; same TorchCNNFlat model/init scheme; SGD optimizer, LR=0.01, batch_size=128; 5 clients; MALICIOUS_RATIO=0.2 (client 0); attack_start=round 10; SERVER_REF_FRACTION=0.10; same evaluate() on official PathMNIST test split -- identical across benchmark_v2_corrected and combined_e2e_minimal by construction (both derive these constants from the same locked protocol addenda).",True,"exact (partition,seed,attack,defense,regime) match found",0.3378830254077911,1.7392581701278689,False
c3_static__dirichlet_a1.0__sparse_coordinate_attack__seed43,sign_consensus,A_condition_specific_oracle,43,dirichlet_a1.0,sparse_coordinate_attack,"K=50 local SGD steps/client/round; 25 FL rounds; same TorchCNNFlat model/init scheme; SGD optimizer, LR=0.01, batch_size=128; 5 clients; MALICIOUS_RATIO=0.2 (client 0); attack_start=round 10; SERVER_REF_FRACTION=0.10; same evaluate() on official PathMNIST test split -- identical across benchmark_v2_corrected and combined_e2e_minimal by construction (both derive these constants from the same locked protocol addenda).",True,"exact (partition,seed,attack,defense,regime) match found",0.4650417864322662,1.559024691581726,False
c3_static__dirichlet_a1.0__sparse_coordinate_attack__seed43,median,not_applicable,43,dirichlet_a1.0,sparse_coordinate_attack,"K=50 local SGD steps/client/round; 25 FL rounds; same TorchCNNFlat model/init scheme; SGD optimizer, LR=0.01, batch_size=128; 5 clients; MALICIOUS_RATIO=0.2 (client 0); attack_start=round 10; SERVER_REF_FRACTION=0.10; same evaluate() on official PathMNIST test split -- identical across benchmark_v2_corrected and combined_e2e_minimal by construction (both derive these constants from the same locked protocol addenda).",True,"exact (partition,seed,attack,defense,regime) match found",0.4331476390361786,1.5726155042648315,False
c3_static__dirichlet_a1.0__sparse_coordinate_attack__seed43,multi_krum,not_applicable,43,dirichlet_a1.0,sparse_coordinate_attack,"K=50 local SGD steps/client/round; 25 FL rounds; same TorchCNNFlat model/init scheme; SGD optimizer, LR=0.01, batch_size=128; 5 clients; MALICIOUS_RATIO=0.2 (client 0); attack_start=round 10; SERVER_REF_FRACTION=0.10; same evaluate() on official PathMNIST test split -- identical across benchmark_v2_corrected and combined_e2e_minimal by construction (both derive these constants from the same locked protocol addenda).",True,"exact (partition,seed,attack,defense,regime) match found",0.453481912612915,1.5206788778305054,False
c4_static__dirichlet_a1.0__sparse_coordinate_attack__seed43,fedavg,not_applicable,43,dirichlet_a1.0,sparse_coordinate_attack,"K=50 local SGD steps/client/round; 25 FL rounds; same TorchCNNFlat model/init scheme; SGD optimizer, LR=0.01, batch_size=128; 5 clients; MALICIOUS_RATIO=0.2 (client 0); attack_start=round 10; SERVER_REF_FRACTION=0.10; same evaluate() on official PathMNIST test split -- identical across benchmark_v2_corrected and combined_e2e_minimal by construction (both derive these constants from the same locked protocol addenda).",True,"exact (partition,seed,attack,defense,regime) match found",0.4488857984542846,1.4888620376586914,False
c4_static__dirichlet_a1.0__sparse_coordinate_attack__seed43,norm,A_condition_specific_oracle,43,dirichlet_a1.0,sparse_coordinate_attack,"K=50 local SGD steps/client/round; 25 FL rounds; same TorchCNNFlat model/init scheme; SGD optimizer, LR=0.01, batch_size=128; 5 clients; MALICIOUS_RATIO=0.2 (client 0); attack_start=round 10; SERVER_REF_FRACTION=0.10; same evaluate() on official PathMNIST test split -- identical across benchmark_v2_corrected and combined_e2e_minimal by construction (both derive these constants from the same locked protocol addenda).",True,"exact (partition,seed,attack,defense,regime) match found",0.4451253712177276,1.521882176399231,False
c4_static__dirichlet_a1.0__sparse_coordinate_attack__seed43,cosine,A_condition_specific_oracle,43,dirichlet_a1.0,sparse_coordinate_attack,"K=50 local SGD steps/client/round; 25 FL rounds; same TorchCNNFlat model/init scheme; SGD optimizer, LR=0.01, batch_size=128; 5 clients; MALICIOUS_RATIO=0.2 (client 0); attack_start=round 10; SERVER_REF_FRACTION=0.10; same evaluate() on official PathMNIST test split -- identical across benchmark_v2_corrected and combined_e2e_minimal by construction (both derive these constants from the same locked protocol addenda).",True,"exact (partition,seed,attack,defense,regime) match found",0.3378830254077911,1.7392581701278689,False
c4_static__dirichlet_a1.0__sparse_coordinate_attack__seed43,sign_consensus,A_condition_specific_oracle,43,dirichlet_a1.0,sparse_coordinate_attack,"K=50 local SGD steps/client/round; 25 FL rounds; same TorchCNNFlat model/init scheme; SGD optimizer, LR=0.01, batch_size=128; 5 clients; MALICIOUS_RATIO=0.2 (client 0); attack_start=round 10; SERVER_REF_FRACTION=0.10; same evaluate() on official PathMNIST test split -- identical across benchmark_v2_corrected and combined_e2e_minimal by construction (both derive these constants from the same locked protocol addenda).",True,"exact (partition,seed,attack,defense,regime) match found",0.4650417864322662,1.559024691581726,False
c4_static__dirichlet_a1.0__sparse_coordinate_attack__seed43,median,not_applicable,43,dirichlet_a1.0,sparse_coordinate_attack,"K=50 local SGD steps/client/round; 25 FL rounds; same TorchCNNFlat model/init scheme; SGD optimizer, LR=0.01, batch_size=128; 5 clients; MALICIOUS_RATIO=0.2 (client 0); attack_start=round 10; SERVER_REF_FRACTION=0.10; same evaluate() on official PathMNIST test split -- identical across benchmark_v2_corrected and combined_e2e_minimal by construction (both derive these constants from the same locked protocol addenda).",True,"exact (partition,seed,attack,defense,regime) match found",0.4331476390361786,1.5726155042648315,False
c4_static__dirichlet_a1.0__sparse_coordinate_attack__seed43,multi_krum,not_applicable,43,dirichlet_a1.0,sparse_coordinate_attack,"K=50 local SGD steps/client/round; 25 FL rounds; same TorchCNNFlat model/init scheme; SGD optimizer, LR=0.01, batch_size=128; 5 clients; MALICIOUS_RATIO=0.2 (client 0); attack_start=round 10; SERVER_REF_FRACTION=0.10; same evaluate() on official PathMNIST test split -- identical across benchmark_v2_corrected and combined_e2e_minimal by construction (both derive these constants from the same locked protocol addenda).",True,"exact (partition,seed,attack,defense,regime) match found",0.453481912612915,1.5206788778305054,False
c4_drift_aware__dirichlet_a1.0__sparse_coordinate_attack__seed43,fedavg,not_applicable,43,dirichlet_a1.0,sparse_coordinate_attack,"K=50 local SGD steps/client/round; 25 FL rounds; same TorchCNNFlat model/init scheme; SGD optimizer, LR=0.01, batch_size=128; 5 clients; MALICIOUS_RATIO=0.2 (client 0); attack_start=round 10; SERVER_REF_FRACTION=0.10; same evaluate() on official PathMNIST test split -- identical across benchmark_v2_corrected and combined_e2e_minimal by construction (both derive these constants from the same locked protocol addenda).",True,"exact (partition,seed,attack,defense,regime) match found",0.4488857984542846,1.4888620376586914,False
c4_drift_aware__dirichlet_a1.0__sparse_coordinate_attack__seed43,norm,A_condition_specific_oracle,43,dirichlet_a1.0,sparse_coordinate_attack,"K=50 local SGD steps/client/round; 25 FL rounds; same TorchCNNFlat model/init scheme; SGD optimizer, LR=0.01, batch_size=128; 5 clients; MALICIOUS_RATIO=0.2 (client 0); attack_start=round 10; SERVER_REF_FRACTION=0.10; same evaluate() on official PathMNIST test split -- identical across benchmark_v2_corrected and combined_e2e_minimal by construction (both derive these constants from the same locked protocol addenda).",True,"exact (partition,seed,attack,defense,regime) match found",0.4451253712177276,1.521882176399231,False
c4_drift_aware__dirichlet_a1.0__sparse_coordinate_attack__seed43,cosine,A_condition_specific_oracle,43,dirichlet_a1.0,sparse_coordinate_attack,"K=50 local SGD steps/client/round; 25 FL rounds; same TorchCNNFlat model/init scheme; SGD optimizer, LR=0.01, batch_size=128; 5 clients; MALICIOUS_RATIO=0.2 (client 0); attack_start=round 10; SERVER_REF_FRACTION=0.10; same evaluate() on official PathMNIST test split -- identical across benchmark_v2_corrected and combined_e2e_minimal by construction (both derive these constants from the same locked protocol addenda).",True,"exact (partition,seed,attack,defense,regime) match found",0.3378830254077911,1.7392581701278689,False
c4_drift_aware__dirichlet_a1.0__sparse_coordinate_attack__seed43,sign_consensus,A_condition_specific_oracle,43,dirichlet_a1.0,sparse_coordinate_attack,"K=50 local SGD steps/client/round; 25 FL rounds; same TorchCNNFlat model/init scheme; SGD optimizer, LR=0.01, batch_size=128; 5 clients; MALICIOUS_RATIO=0.2 (client 0); attack_start=round 10; SERVER_REF_FRACTION=0.10; same evaluate() on official PathMNIST test split -- identical across benchmark_v2_corrected and combined_e2e_minimal by construction (both derive these constants from the same locked protocol addenda).",True,"exact (partition,seed,attack,defense,regime) match found",0.4650417864322662,1.559024691581726,False
c4_drift_aware__dirichlet_a1.0__sparse_coordinate_attack__seed43,median,not_applicable,43,dirichlet_a1.0,sparse_coordinate_attack,"K=50 local SGD steps/client/round; 25 FL rounds; same TorchCNNFlat model/init scheme; SGD optimizer, LR=0.01, batch_size=128; 5 clients; MALICIOUS_RATIO=0.2 (client 0); attack_start=round 10; SERVER_REF_FRACTION=0.10; same evaluate() on official PathMNIST test split -- identical across benchmark_v2_corrected and combined_e2e_minimal by construction (both derive these constants from the same locked protocol addenda).",True,"exact (partition,seed,attack,defense,regime) match found",0.4331476390361786,1.5726155042648315,False
c4_drift_aware__dirichlet_a1.0__sparse_coordinate_attack__seed43,multi_krum,not_applicable,43,dirichlet_a1.0,sparse_coordinate_attack,"K=50 local SGD steps/client/round; 25 FL rounds; same TorchCNNFlat model/init scheme; SGD optimizer, LR=0.01, batch_size=128; 5 clients; MALICIOUS_RATIO=0.2 (client 0); attack_start=round 10; SERVER_REF_FRACTION=0.10; same evaluate() on official PathMNIST test split -- identical across benchmark_v2_corrected and combined_e2e_minimal by construction (both derive these constants from the same locked protocol addenda).",True,"exact (partition,seed,attack,defense,regime) match found",0.453481912612915,1.5206788778305054,False
c3_static__dirichlet_a1.0__no_attack__seed44,fedavg,not_applicable,44,dirichlet_a1.0,no_attack,"K=50 local SGD steps/client/round; 25 FL rounds; same TorchCNNFlat model/init scheme; SGD optimizer, LR=0.01, batch_size=128; 5 clients; MALICIOUS_RATIO=0.2 (client 0); attack_start=round 10; SERVER_REF_FRACTION=0.10; same evaluate() on official PathMNIST test split -- identical across benchmark_v2_corrected and combined_e2e_minimal by construction (both derive these constants from the same locked protocol addenda).",True,"exact (partition,seed,attack,defense,regime) match found",0.4498607218265533,1.620954155921936,False
c3_static__dirichlet_a1.0__no_attack__seed44,norm,A_condition_specific_oracle,44,dirichlet_a1.0,no_attack,"K=50 local SGD steps/client/round; 25 FL rounds; same TorchCNNFlat model/init scheme; SGD optimizer, LR=0.01, batch_size=128; 5 clients; MALICIOUS_RATIO=0.2 (client 0); attack_start=round 10; SERVER_REF_FRACTION=0.10; same evaluate() on official PathMNIST test split -- identical across benchmark_v2_corrected and combined_e2e_minimal by construction (both derive these constants from the same locked protocol addenda).",True,"exact (partition,seed,attack,defense,regime) match found",0.4363509714603424,1.827647089958191,False
c3_static__dirichlet_a1.0__no_attack__seed44,cosine,A_condition_specific_oracle,44,dirichlet_a1.0,no_attack,"K=50 local SGD steps/client/round; 25 FL rounds; same TorchCNNFlat model/init scheme; SGD optimizer, LR=0.01, batch_size=128; 5 clients; MALICIOUS_RATIO=0.2 (client 0); attack_start=round 10; SERVER_REF_FRACTION=0.10; same evaluate() on official PathMNIST test split -- identical across benchmark_v2_corrected and combined_e2e_minimal by construction (both derive these constants from the same locked protocol addenda).",True,"exact (partition,seed,attack,defense,regime) match found",0.4387186765670776,1.5747114419937134,False
c3_static__dirichlet_a1.0__no_attack__seed44,sign_consensus,A_condition_specific_oracle,44,dirichlet_a1.0,no_attack,"K=50 local SGD steps/client/round; 25 FL rounds; same TorchCNNFlat model/init scheme; SGD optimizer, LR=0.01, batch_size=128; 5 clients; MALICIOUS_RATIO=0.2 (client 0); attack_start=round 10; SERVER_REF_FRACTION=0.10; same evaluate() on official PathMNIST test split -- identical across benchmark_v2_corrected and combined_e2e_minimal by construction (both derive these constants from the same locked protocol addenda).",True,"exact (partition,seed,attack,defense,regime) match found",0.4480501413345337,1.6204386949539185,False
c3_static__dirichlet_a1.0__no_attack__seed44,median,not_applicable,44,dirichlet_a1.0,no_attack,"K=50 local SGD steps/client/round; 25 FL rounds; same TorchCNNFlat model/init scheme; SGD optimizer, LR=0.01, batch_size=128; 5 clients; MALICIOUS_RATIO=0.2 (client 0); attack_start=round 10; SERVER_REF_FRACTION=0.10; same evaluate() on official PathMNIST test split -- identical across benchmark_v2_corrected and combined_e2e_minimal by construction (both derive these constants from the same locked protocol addenda).",True,"exact (partition,seed,attack,defense,regime) match found",0.3544568419456482,1.714733600616455,False
c3_static__dirichlet_a1.0__no_attack__seed44,multi_krum,not_applicable,44,dirichlet_a1.0,no_attack,"K=50 local SGD steps/client/round; 25 FL rounds; same TorchCNNFlat model/init scheme; SGD optimizer, LR=0.01, batch_size=128; 5 clients; MALICIOUS_RATIO=0.2 (client 0); attack_start=round 10; SERVER_REF_FRACTION=0.10; same evaluate() on official PathMNIST test split -- identical across benchmark_v2_corrected and combined_e2e_minimal by construction (both derive these constants from the same locked protocol addenda).",True,"exact (partition,seed,attack,defense,regime) match found",0.4218662977218628,1.6308999061584473,False
c4_static__dirichlet_a1.0__no_attack__seed44,fedavg,not_applicable,44,dirichlet_a1.0,no_attack,"K=50 local SGD steps/client/round; 25 FL rounds; same TorchCNNFlat model/init scheme; SGD optimizer, LR=0.01, batch_size=128; 5 clients; MALICIOUS_RATIO=0.2 (client 0); attack_start=round 10; SERVER_REF_FRACTION=0.10; same evaluate() on official PathMNIST test split -- identical across benchmark_v2_corrected and combined_e2e_minimal by construction (both derive these constants from the same locked protocol addenda).",True,"exact (partition,seed,attack,defense,regime) match found",0.4498607218265533,1.620954155921936,False
c4_static__dirichlet_a1.0__no_attack__seed44,norm,A_condition_specific_oracle,44,dirichlet_a1.0,no_attack,"K=50 local SGD steps/client/round; 25 FL rounds; same TorchCNNFlat model/init scheme; SGD optimizer, LR=0.01, batch_size=128; 5 clients; MALICIOUS_RATIO=0.2 (client 0); attack_start=round 10; SERVER_REF_FRACTION=0.10; same evaluate() on official PathMNIST test split -- identical across benchmark_v2_corrected and combined_e2e_minimal by construction (both derive these constants from the same locked protocol addenda).",True,"exact (partition,seed,attack,defense,regime) match found",0.4363509714603424,1.827647089958191,False
c4_static__dirichlet_a1.0__no_attack__seed44,cosine,A_condition_specific_oracle,44,dirichlet_a1.0,no_attack,"K=50 local SGD steps/client/round; 25 FL rounds; same TorchCNNFlat model/init scheme; SGD optimizer, LR=0.01, batch_size=128; 5 clients; MALICIOUS_RATIO=0.2 (client 0); attack_start=round 10; SERVER_REF_FRACTION=0.10; same evaluate() on official PathMNIST test split -- identical across benchmark_v2_corrected and combined_e2e_minimal by construction (both derive these constants from the same locked protocol addenda).",True,"exact (partition,seed,attack,defense,regime) match found",0.4387186765670776,1.5747114419937134,False
c4_static__dirichlet_a1.0__no_attack__seed44,sign_consensus,A_condition_specific_oracle,44,dirichlet_a1.0,no_attack,"K=50 local SGD steps/client/round; 25 FL rounds; same TorchCNNFlat model/init scheme; SGD optimizer, LR=0.01, batch_size=128; 5 clients; MALICIOUS_RATIO=0.2 (client 0); attack_start=round 10; SERVER_REF_FRACTION=0.10; same evaluate() on official PathMNIST test split -- identical across benchmark_v2_corrected and combined_e2e_minimal by construction (both derive these constants from the same locked protocol addenda).",True,"exact (partition,seed,attack,defense,regime) match found",0.4480501413345337,1.6204386949539185,False
c4_static__dirichlet_a1.0__no_attack__seed44,median,not_applicable,44,dirichlet_a1.0,no_attack,"K=50 local SGD steps/client/round; 25 FL rounds; same TorchCNNFlat model/init scheme; SGD optimizer, LR=0.01, batch_size=128; 5 clients; MALICIOUS_RATIO=0.2 (client 0); attack_start=round 10; SERVER_REF_FRACTION=0.10; same evaluate() on official PathMNIST test split -- identical across benchmark_v2_corrected and combined_e2e_minimal by construction (both derive these constants from the same locked protocol addenda).",True,"exact (partition,seed,attack,defense,regime) match found",0.3544568419456482,1.714733600616455,False
c4_static__dirichlet_a1.0__no_attack__seed44,multi_krum,not_applicable,44,dirichlet_a1.0,no_attack,"K=50 local SGD steps/client/round; 25 FL rounds; same TorchCNNFlat model/init scheme; SGD optimizer, LR=0.01, batch_size=128; 5 clients; MALICIOUS_RATIO=0.2 (client 0); attack_start=round 10; SERVER_REF_FRACTION=0.10; same evaluate() on official PathMNIST test split -- identical across benchmark_v2_corrected and combined_e2e_minimal by construction (both derive these constants from the same locked protocol addenda).",True,"exact (partition,seed,attack,defense,regime) match found",0.4218662977218628,1.6308999061584473,False
c4_drift_aware__dirichlet_a1.0__no_attack__seed44,fedavg,not_applicable,44,dirichlet_a1.0,no_attack,"K=50 local SGD steps/client/round; 25 FL rounds; same TorchCNNFlat model/init scheme; SGD optimizer, LR=0.01, batch_size=128; 5 clients; MALICIOUS_RATIO=0.2 (client 0); attack_start=round 10; SERVER_REF_FRACTION=0.10; same evaluate() on official PathMNIST test split -- identical across benchmark_v2_corrected and combined_e2e_minimal by construction (both derive these constants from the same locked protocol addenda).",True,"exact (partition,seed,attack,defense,regime) match found",0.4498607218265533,1.620954155921936,False
c4_drift_aware__dirichlet_a1.0__no_attack__seed44,norm,A_condition_specific_oracle,44,dirichlet_a1.0,no_attack,"K=50 local SGD steps/client/round; 25 FL rounds; same TorchCNNFlat model/init scheme; SGD optimizer, LR=0.01, batch_size=128; 5 clients; MALICIOUS_RATIO=0.2 (client 0); attack_start=round 10; SERVER_REF_FRACTION=0.10; same evaluate() on official PathMNIST test split -- identical across benchmark_v2_corrected and combined_e2e_minimal by construction (both derive these constants from the same locked protocol addenda).",True,"exact (partition,seed,attack,defense,regime) match found",0.4363509714603424,1.827647089958191,False
c4_drift_aware__dirichlet_a1.0__no_attack__seed44,cosine,A_condition_specific_oracle,44,dirichlet_a1.0,no_attack,"K=50 local SGD steps/client/round; 25 FL rounds; same TorchCNNFlat model/init scheme; SGD optimizer, LR=0.01, batch_size=128; 5 clients; MALICIOUS_RATIO=0.2 (client 0); attack_start=round 10; SERVER_REF_FRACTION=0.10; same evaluate() on official PathMNIST test split -- identical across benchmark_v2_corrected and combined_e2e_minimal by construction (both derive these constants from the same locked protocol addenda).",True,"exact (partition,seed,attack,defense,regime) match found",0.4387186765670776,1.5747114419937134,False
c4_drift_aware__dirichlet_a1.0__no_attack__seed44,sign_consensus,A_condition_specific_oracle,44,dirichlet_a1.0,no_attack,"K=50 local SGD steps/client/round; 25 FL rounds; same TorchCNNFlat model/init scheme; SGD optimizer, LR=0.01, batch_size=128; 5 clients; MALICIOUS_RATIO=0.2 (client 0); attack_start=round 10; SERVER_REF_FRACTION=0.10; same evaluate() on official PathMNIST test split -- identical across benchmark_v2_corrected and combined_e2e_minimal by construction (both derive these constants from the same locked protocol addenda).",True,"exact (partition,seed,attack,defense,regime) match found",0.4480501413345337,1.6204386949539185,False
c4_drift_aware__dirichlet_a1.0__no_attack__seed44,median,not_applicable,44,dirichlet_a1.0,no_attack,"K=50 local SGD steps/client/round; 25 FL rounds; same TorchCNNFlat model/init scheme; SGD optimizer, LR=0.01, batch_size=128; 5 clients; MALICIOUS_RATIO=0.2 (client 0); attack_start=round 10; SERVER_REF_FRACTION=0.10; same evaluate() on official PathMNIST test split -- identical across benchmark_v2_corrected and combined_e2e_minimal by construction (both derive these constants from the same locked protocol addenda).",True,"exact (partition,seed,attack,defense,regime) match found",0.3544568419456482,1.714733600616455,False
c4_drift_aware__dirichlet_a1.0__no_attack__seed44,multi_krum,not_applicable,44,dirichlet_a1.0,no_attack,"K=50 local SGD steps/client/round; 25 FL rounds; same TorchCNNFlat model/init scheme; SGD optimizer, LR=0.01, batch_size=128; 5 clients; MALICIOUS_RATIO=0.2 (client 0); attack_start=round 10; SERVER_REF_FRACTION=0.10; same evaluate() on official PathMNIST test split -- identical across benchmark_v2_corrected and combined_e2e_minimal by construction (both derive these constants from the same locked protocol addenda).",True,"exact (partition,seed,attack,defense,regime) match found",0.4218662977218628,1.6308999061584473,False
c3_static__dirichlet_a1.0__large_norm__seed44,fedavg,not_applicable,44,dirichlet_a1.0,large_norm,"K=50 local SGD steps/client/round; 25 FL rounds; same TorchCNNFlat model/init scheme; SGD optimizer, LR=0.01, batch_size=128; 5 clients; MALICIOUS_RATIO=0.2 (client 0); attack_start=round 10; SERVER_REF_FRACTION=0.10; same evaluate() on official PathMNIST test split -- identical across benchmark_v2_corrected and combined_e2e_minimal by construction (both derive these constants from the same locked protocol addenda).",True,"exact (partition,seed,attack,defense,regime) match found",0.0884401127696037,297364832.0,True
c3_static__dirichlet_a1.0__large_norm__seed44,norm,A_condition_specific_oracle,44,dirichlet_a1.0,large_norm,"K=50 local SGD steps/client/round; 25 FL rounds; same TorchCNNFlat model/init scheme; SGD optimizer, LR=0.01, batch_size=128; 5 clients; MALICIOUS_RATIO=0.2 (client 0); attack_start=round 10; SERVER_REF_FRACTION=0.10; same evaluate() on official PathMNIST test split -- identical across benchmark_v2_corrected and combined_e2e_minimal by construction (both derive these constants from the same locked protocol addenda).",True,"exact (partition,seed,attack,defense,regime) match found",0.4252089262008667,1.8033641576766968,False
c3_static__dirichlet_a1.0__large_norm__seed44,cosine,A_condition_specific_oracle,44,dirichlet_a1.0,large_norm,"K=50 local SGD steps/client/round; 25 FL rounds; same TorchCNNFlat model/init scheme; SGD optimizer, LR=0.01, batch_size=128; 5 clients; MALICIOUS_RATIO=0.2 (client 0); attack_start=round 10; SERVER_REF_FRACTION=0.10; same evaluate() on official PathMNIST test split -- identical across benchmark_v2_corrected and combined_e2e_minimal by construction (both derive these constants from the same locked protocol addenda).",True,"exact (partition,seed,attack,defense,regime) match found",0.1427576690912246,51758648.0,True
c3_static__dirichlet_a1.0__large_norm__seed44,sign_consensus,A_condition_specific_oracle,44,dirichlet_a1.0,large_norm,"K=50 local SGD steps/client/round; 25 FL rounds; same TorchCNNFlat model/init scheme; SGD optimizer, LR=0.01, batch_size=128; 5 clients; MALICIOUS_RATIO=0.2 (client 0); attack_start=round 10; SERVER_REF_FRACTION=0.10; same evaluate() on official PathMNIST test split -- identical across benchmark_v2_corrected and combined_e2e_minimal by construction (both derive these constants from the same locked protocol addenda).",True,"exact (partition,seed,attack,defense,regime) match found",0.0884401127696037,2288583680.0,True
c3_static__dirichlet_a1.0__large_norm__seed44,median,not_applicable,44,dirichlet_a1.0,large_norm,"K=50 local SGD steps/client/round; 25 FL rounds; same TorchCNNFlat model/init scheme; SGD optimizer, LR=0.01, batch_size=128; 5 clients; MALICIOUS_RATIO=0.2 (client 0); attack_start=round 10; SERVER_REF_FRACTION=0.10; same evaluate() on official PathMNIST test split -- identical across benchmark_v2_corrected and combined_e2e_minimal by construction (both derive these constants from the same locked protocol addenda).",True,"exact (partition,seed,attack,defense,regime) match found",0.4214484691619873,1.62955641746521,False
c3_static__dirichlet_a1.0__large_norm__seed44,multi_krum,not_applicable,44,dirichlet_a1.0,large_norm,"K=50 local SGD steps/client/round; 25 FL rounds; same TorchCNNFlat model/init scheme; SGD optimizer, LR=0.01, batch_size=128; 5 clients; MALICIOUS_RATIO=0.2 (client 0); attack_start=round 10; SERVER_REF_FRACTION=0.10; same evaluate() on official PathMNIST test split -- identical across benchmark_v2_corrected and combined_e2e_minimal by construction (both derive these constants from the same locked protocol addenda).",True,"exact (partition,seed,attack,defense,regime) match found",0.4019498825073242,1.5342881679534912,False
c4_static__dirichlet_a1.0__large_norm__seed44,fedavg,not_applicable,44,dirichlet_a1.0,large_norm,"K=50 local SGD steps/client/round; 25 FL rounds; same TorchCNNFlat model/init scheme; SGD optimizer, LR=0.01, batch_size=128; 5 clients; MALICIOUS_RATIO=0.2 (client 0); attack_start=round 10; SERVER_REF_FRACTION=0.10; same evaluate() on official PathMNIST test split -- identical across benchmark_v2_corrected and combined_e2e_minimal by construction (both derive these constants from the same locked protocol addenda).",True,"exact (partition,seed,attack,defense,regime) match found",0.0884401127696037,297364832.0,True
c4_static__dirichlet_a1.0__large_norm__seed44,norm,A_condition_specific_oracle,44,dirichlet_a1.0,large_norm,"K=50 local SGD steps/client/round; 25 FL rounds; same TorchCNNFlat model/init scheme; SGD optimizer, LR=0.01, batch_size=128; 5 clients; MALICIOUS_RATIO=0.2 (client 0); attack_start=round 10; SERVER_REF_FRACTION=0.10; same evaluate() on official PathMNIST test split -- identical across benchmark_v2_corrected and combined_e2e_minimal by construction (both derive these constants from the same locked protocol addenda).",True,"exact (partition,seed,attack,defense,regime) match found",0.4252089262008667,1.8033641576766968,False
c4_static__dirichlet_a1.0__large_norm__seed44,cosine,A_condition_specific_oracle,44,dirichlet_a1.0,large_norm,"K=50 local SGD steps/client/round; 25 FL rounds; same TorchCNNFlat model/init scheme; SGD optimizer, LR=0.01, batch_size=128; 5 clients; MALICIOUS_RATIO=0.2 (client 0); attack_start=round 10; SERVER_REF_FRACTION=0.10; same evaluate() on official PathMNIST test split -- identical across benchmark_v2_corrected and combined_e2e_minimal by construction (both derive these constants from the same locked protocol addenda).",True,"exact (partition,seed,attack,defense,regime) match found",0.1427576690912246,51758648.0,True
c4_static__dirichlet_a1.0__large_norm__seed44,sign_consensus,A_condition_specific_oracle,44,dirichlet_a1.0,large_norm,"K=50 local SGD steps/client/round; 25 FL rounds; same TorchCNNFlat model/init scheme; SGD optimizer, LR=0.01, batch_size=128; 5 clients; MALICIOUS_RATIO=0.2 (client 0); attack_start=round 10; SERVER_REF_FRACTION=0.10; same evaluate() on official PathMNIST test split -- identical across benchmark_v2_corrected and combined_e2e_minimal by construction (both derive these constants from the same locked protocol addenda).",True,"exact (partition,seed,attack,defense,regime) match found",0.0884401127696037,2288583680.0,True
c4_static__dirichlet_a1.0__large_norm__seed44,median,not_applicable,44,dirichlet_a1.0,large_norm,"K=50 local SGD steps/client/round; 25 FL rounds; same TorchCNNFlat model/init scheme; SGD optimizer, LR=0.01, batch_size=128; 5 clients; MALICIOUS_RATIO=0.2 (client 0); attack_start=round 10; SERVER_REF_FRACTION=0.10; same evaluate() on official PathMNIST test split -- identical across benchmark_v2_corrected and combined_e2e_minimal by construction (both derive these constants from the same locked protocol addenda).",True,"exact (partition,seed,attack,defense,regime) match found",0.4214484691619873,1.62955641746521,False
c4_static__dirichlet_a1.0__large_norm__seed44,multi_krum,not_applicable,44,dirichlet_a1.0,large_norm,"K=50 local SGD steps/client/round; 25 FL rounds; same TorchCNNFlat model/init scheme; SGD optimizer, LR=0.01, batch_size=128; 5 clients; MALICIOUS_RATIO=0.2 (client 0); attack_start=round 10; SERVER_REF_FRACTION=0.10; same evaluate() on official PathMNIST test split -- identical across benchmark_v2_corrected and combined_e2e_minimal by construction (both derive these constants from the same locked protocol addenda).",True,"exact (partition,seed,attack,defense,regime) match found",0.4019498825073242,1.5342881679534912,False
c4_drift_aware__dirichlet_a1.0__large_norm__seed44,fedavg,not_applicable,44,dirichlet_a1.0,large_norm,"K=50 local SGD steps/client/round; 25 FL rounds; same TorchCNNFlat model/init scheme; SGD optimizer, LR=0.01, batch_size=128; 5 clients; MALICIOUS_RATIO=0.2 (client 0); attack_start=round 10; SERVER_REF_FRACTION=0.10; same evaluate() on official PathMNIST test split -- identical across benchmark_v2_corrected and combined_e2e_minimal by construction (both derive these constants from the same locked protocol addenda).",True,"exact (partition,seed,attack,defense,regime) match found",0.0884401127696037,297364832.0,True
c4_drift_aware__dirichlet_a1.0__large_norm__seed44,norm,A_condition_specific_oracle,44,dirichlet_a1.0,large_norm,"K=50 local SGD steps/client/round; 25 FL rounds; same TorchCNNFlat model/init scheme; SGD optimizer, LR=0.01, batch_size=128; 5 clients; MALICIOUS_RATIO=0.2 (client 0); attack_start=round 10; SERVER_REF_FRACTION=0.10; same evaluate() on official PathMNIST test split -- identical across benchmark_v2_corrected and combined_e2e_minimal by construction (both derive these constants from the same locked protocol addenda).",True,"exact (partition,seed,attack,defense,regime) match found",0.4252089262008667,1.8033641576766968,False
c4_drift_aware__dirichlet_a1.0__large_norm__seed44,cosine,A_condition_specific_oracle,44,dirichlet_a1.0,large_norm,"K=50 local SGD steps/client/round; 25 FL rounds; same TorchCNNFlat model/init scheme; SGD optimizer, LR=0.01, batch_size=128; 5 clients; MALICIOUS_RATIO=0.2 (client 0); attack_start=round 10; SERVER_REF_FRACTION=0.10; same evaluate() on official PathMNIST test split -- identical across benchmark_v2_corrected and combined_e2e_minimal by construction (both derive these constants from the same locked protocol addenda).",True,"exact (partition,seed,attack,defense,regime) match found",0.1427576690912246,51758648.0,True
c4_drift_aware__dirichlet_a1.0__large_norm__seed44,sign_consensus,A_condition_specific_oracle,44,dirichlet_a1.0,large_norm,"K=50 local SGD steps/client/round; 25 FL rounds; same TorchCNNFlat model/init scheme; SGD optimizer, LR=0.01, batch_size=128; 5 clients; MALICIOUS_RATIO=0.2 (client 0); attack_start=round 10; SERVER_REF_FRACTION=0.10; same evaluate() on official PathMNIST test split -- identical across benchmark_v2_corrected and combined_e2e_minimal by construction (both derive these constants from the same locked protocol addenda).",True,"exact (partition,seed,attack,defense,regime) match found",0.0884401127696037,2288583680.0,True
c4_drift_aware__dirichlet_a1.0__large_norm__seed44,median,not_applicable,44,dirichlet_a1.0,large_norm,"K=50 local SGD steps/client/round; 25 FL rounds; same TorchCNNFlat model/init scheme; SGD optimizer, LR=0.01, batch_size=128; 5 clients; MALICIOUS_RATIO=0.2 (client 0); attack_start=round 10; SERVER_REF_FRACTION=0.10; same evaluate() on official PathMNIST test split -- identical across benchmark_v2_corrected and combined_e2e_minimal by construction (both derive these constants from the same locked protocol addenda).",True,"exact (partition,seed,attack,defense,regime) match found",0.4214484691619873,1.62955641746521,False
c4_drift_aware__dirichlet_a1.0__large_norm__seed44,multi_krum,not_applicable,44,dirichlet_a1.0,large_norm,"K=50 local SGD steps/client/round; 25 FL rounds; same TorchCNNFlat model/init scheme; SGD optimizer, LR=0.01, batch_size=128; 5 clients; MALICIOUS_RATIO=0.2 (client 0); attack_start=round 10; SERVER_REF_FRACTION=0.10; same evaluate() on official PathMNIST test split -- identical across benchmark_v2_corrected and combined_e2e_minimal by construction (both derive these constants from the same locked protocol addenda).",True,"exact (partition,seed,attack,defense,regime) match found",0.4019498825073242,1.5342881679534912,False
c3_static__dirichlet_a1.0__directional_poisoning__seed44,fedavg,not_applicable,44,dirichlet_a1.0,directional_poisoning,"K=50 local SGD steps/client/round; 25 FL rounds; same TorchCNNFlat model/init scheme; SGD optimizer, LR=0.01, batch_size=128; 5 clients; MALICIOUS_RATIO=0.2 (client 0); attack_start=round 10; SERVER_REF_FRACTION=0.10; same evaluate() on official PathMNIST test split -- identical across benchmark_v2_corrected and combined_e2e_minimal by construction (both derive these constants from the same locked protocol addenda).",True,"exact (partition,seed,attack,defense,regime) match found",0.4222841262817383,1.699081301689148,False
c3_static__dirichlet_a1.0__directional_poisoning__seed44,norm,A_condition_specific_oracle,44,dirichlet_a1.0,directional_poisoning,"K=50 local SGD steps/client/round; 25 FL rounds; same TorchCNNFlat model/init scheme; SGD optimizer, LR=0.01, batch_size=128; 5 clients; MALICIOUS_RATIO=0.2 (client 0); attack_start=round 10; SERVER_REF_FRACTION=0.10; same evaluate() on official PathMNIST test split -- identical across benchmark_v2_corrected and combined_e2e_minimal by construction (both derive these constants from the same locked protocol addenda).",True,"exact (partition,seed,attack,defense,regime) match found",0.4402506947517395,1.8234690427780151,False
c3_static__dirichlet_a1.0__directional_poisoning__seed44,cosine,A_condition_specific_oracle,44,dirichlet_a1.0,directional_poisoning,"K=50 local SGD steps/client/round; 25 FL rounds; same TorchCNNFlat model/init scheme; SGD optimizer, LR=0.01, batch_size=128; 5 clients; MALICIOUS_RATIO=0.2 (client 0); attack_start=round 10; SERVER_REF_FRACTION=0.10; same evaluate() on official PathMNIST test split -- identical across benchmark_v2_corrected and combined_e2e_minimal by construction (both derive these constants from the same locked protocol addenda).",True,"exact (partition,seed,attack,defense,regime) match found",0.4303621351718902,1.5522911548614502,False
c3_static__dirichlet_a1.0__directional_poisoning__seed44,sign_consensus,A_condition_specific_oracle,44,dirichlet_a1.0,directional_poisoning,"K=50 local SGD steps/client/round; 25 FL rounds; same TorchCNNFlat model/init scheme; SGD optimizer, LR=0.01, batch_size=128; 5 clients; MALICIOUS_RATIO=0.2 (client 0); attack_start=round 10; SERVER_REF_FRACTION=0.10; same evaluate() on official PathMNIST test split -- identical across benchmark_v2_corrected and combined_e2e_minimal by construction (both derive these constants from the same locked protocol addenda).",True,"exact (partition,seed,attack,defense,regime) match found",0.3888579607009887,1.6684552431106567,False
c3_static__dirichlet_a1.0__directional_poisoning__seed44,median,not_applicable,44,dirichlet_a1.0,directional_poisoning,"K=50 local SGD steps/client/round; 25 FL rounds; same TorchCNNFlat model/init scheme; SGD optimizer, LR=0.01, batch_size=128; 5 clients; MALICIOUS_RATIO=0.2 (client 0); attack_start=round 10; SERVER_REF_FRACTION=0.10; same evaluate() on official PathMNIST test split -- identical across benchmark_v2_corrected and combined_e2e_minimal by construction (both derive these constants from the same locked protocol addenda).",True,"exact (partition,seed,attack,defense,regime) match found",0.4182451367378235,1.7888492345809937,False
c3_static__dirichlet_a1.0__directional_poisoning__seed44,multi_krum,not_applicable,44,dirichlet_a1.0,directional_poisoning,"K=50 local SGD steps/client/round; 25 FL rounds; same TorchCNNFlat model/init scheme; SGD optimizer, LR=0.01, batch_size=128; 5 clients; MALICIOUS_RATIO=0.2 (client 0); attack_start=round 10; SERVER_REF_FRACTION=0.10; same evaluate() on official PathMNIST test split -- identical across benchmark_v2_corrected and combined_e2e_minimal by construction (both derive these constants from the same locked protocol addenda).",True,"exact (partition,seed,attack,defense,regime) match found",0.409749299287796,1.604511260986328,False
c4_static__dirichlet_a1.0__directional_poisoning__seed44,fedavg,not_applicable,44,dirichlet_a1.0,directional_poisoning,"K=50 local SGD steps/client/round; 25 FL rounds; same TorchCNNFlat model/init scheme; SGD optimizer, LR=0.01, batch_size=128; 5 clients; MALICIOUS_RATIO=0.2 (client 0); attack_start=round 10; SERVER_REF_FRACTION=0.10; same evaluate() on official PathMNIST test split -- identical across benchmark_v2_corrected and combined_e2e_minimal by construction (both derive these constants from the same locked protocol addenda).",True,"exact (partition,seed,attack,defense,regime) match found",0.4222841262817383,1.699081301689148,False
c4_static__dirichlet_a1.0__directional_poisoning__seed44,norm,A_condition_specific_oracle,44,dirichlet_a1.0,directional_poisoning,"K=50 local SGD steps/client/round; 25 FL rounds; same TorchCNNFlat model/init scheme; SGD optimizer, LR=0.01, batch_size=128; 5 clients; MALICIOUS_RATIO=0.2 (client 0); attack_start=round 10; SERVER_REF_FRACTION=0.10; same evaluate() on official PathMNIST test split -- identical across benchmark_v2_corrected and combined_e2e_minimal by construction (both derive these constants from the same locked protocol addenda).",True,"exact (partition,seed,attack,defense,regime) match found",0.4402506947517395,1.8234690427780151,False
c4_static__dirichlet_a1.0__directional_poisoning__seed44,cosine,A_condition_specific_oracle,44,dirichlet_a1.0,directional_poisoning,"K=50 local SGD steps/client/round; 25 FL rounds; same TorchCNNFlat model/init scheme; SGD optimizer, LR=0.01, batch_size=128; 5 clients; MALICIOUS_RATIO=0.2 (client 0); attack_start=round 10; SERVER_REF_FRACTION=0.10; same evaluate() on official PathMNIST test split -- identical across benchmark_v2_corrected and combined_e2e_minimal by construction (both derive these constants from the same locked protocol addenda).",True,"exact (partition,seed,attack,defense,regime) match found",0.4303621351718902,1.5522911548614502,False
c4_static__dirichlet_a1.0__directional_poisoning__seed44,sign_consensus,A_condition_specific_oracle,44,dirichlet_a1.0,directional_poisoning,"K=50 local SGD steps/client/round; 25 FL rounds; same TorchCNNFlat model/init scheme; SGD optimizer, LR=0.01, batch_size=128; 5 clients; MALICIOUS_RATIO=0.2 (client 0); attack_start=round 10; SERVER_REF_FRACTION=0.10; same evaluate() on official PathMNIST test split -- identical across benchmark_v2_corrected and combined_e2e_minimal by construction (both derive these constants from the same locked protocol addenda).",True,"exact (partition,seed,attack,defense,regime) match found",0.3888579607009887,1.6684552431106567,False
c4_static__dirichlet_a1.0__directional_poisoning__seed44,median,not_applicable,44,dirichlet_a1.0,directional_poisoning,"K=50 local SGD steps/client/round; 25 FL rounds; same TorchCNNFlat model/init scheme; SGD optimizer, LR=0.01, batch_size=128; 5 clients; MALICIOUS_RATIO=0.2 (client 0); attack_start=round 10; SERVER_REF_FRACTION=0.10; same evaluate() on official PathMNIST test split -- identical across benchmark_v2_corrected and combined_e2e_minimal by construction (both derive these constants from the same locked protocol addenda).",True,"exact (partition,seed,attack,defense,regime) match found",0.4182451367378235,1.7888492345809937,False
c4_static__dirichlet_a1.0__directional_poisoning__seed44,multi_krum,not_applicable,44,dirichlet_a1.0,directional_poisoning,"K=50 local SGD steps/client/round; 25 FL rounds; same TorchCNNFlat model/init scheme; SGD optimizer, LR=0.01, batch_size=128; 5 clients; MALICIOUS_RATIO=0.2 (client 0); attack_start=round 10; SERVER_REF_FRACTION=0.10; same evaluate() on official PathMNIST test split -- identical across benchmark_v2_corrected and combined_e2e_minimal by construction (both derive these constants from the same locked protocol addenda).",True,"exact (partition,seed,attack,defense,regime) match found",0.409749299287796,1.604511260986328,False
c4_drift_aware__dirichlet_a1.0__directional_poisoning__seed44,fedavg,not_applicable,44,dirichlet_a1.0,directional_poisoning,"K=50 local SGD steps/client/round; 25 FL rounds; same TorchCNNFlat model/init scheme; SGD optimizer, LR=0.01, batch_size=128; 5 clients; MALICIOUS_RATIO=0.2 (client 0); attack_start=round 10; SERVER_REF_FRACTION=0.10; same evaluate() on official PathMNIST test split -- identical across benchmark_v2_corrected and combined_e2e_minimal by construction (both derive these constants from the same locked protocol addenda).",True,"exact (partition,seed,attack,defense,regime) match found",0.4222841262817383,1.699081301689148,False
c4_drift_aware__dirichlet_a1.0__directional_poisoning__seed44,norm,A_condition_specific_oracle,44,dirichlet_a1.0,directional_poisoning,"K=50 local SGD steps/client/round; 25 FL rounds; same TorchCNNFlat model/init scheme; SGD optimizer, LR=0.01, batch_size=128; 5 clients; MALICIOUS_RATIO=0.2 (client 0); attack_start=round 10; SERVER_REF_FRACTION=0.10; same evaluate() on official PathMNIST test split -- identical across benchmark_v2_corrected and combined_e2e_minimal by construction (both derive these constants from the same locked protocol addenda).",True,"exact (partition,seed,attack,defense,regime) match found",0.4402506947517395,1.8234690427780151,False
c4_drift_aware__dirichlet_a1.0__directional_poisoning__seed44,cosine,A_condition_specific_oracle,44,dirichlet_a1.0,directional_poisoning,"K=50 local SGD steps/client/round; 25 FL rounds; same TorchCNNFlat model/init scheme; SGD optimizer, LR=0.01, batch_size=128; 5 clients; MALICIOUS_RATIO=0.2 (client 0); attack_start=round 10; SERVER_REF_FRACTION=0.10; same evaluate() on official PathMNIST test split -- identical across benchmark_v2_corrected and combined_e2e_minimal by construction (both derive these constants from the same locked protocol addenda).",True,"exact (partition,seed,attack,defense,regime) match found",0.4303621351718902,1.5522911548614502,False
c4_drift_aware__dirichlet_a1.0__directional_poisoning__seed44,sign_consensus,A_condition_specific_oracle,44,dirichlet_a1.0,directional_poisoning,"K=50 local SGD steps/client/round; 25 FL rounds; same TorchCNNFlat model/init scheme; SGD optimizer, LR=0.01, batch_size=128; 5 clients; MALICIOUS_RATIO=0.2 (client 0); attack_start=round 10; SERVER_REF_FRACTION=0.10; same evaluate() on official PathMNIST test split -- identical across benchmark_v2_corrected and combined_e2e_minimal by construction (both derive these constants from the same locked protocol addenda).",True,"exact (partition,seed,attack,defense,regime) match found",0.3888579607009887,1.6684552431106567,False
c4_drift_aware__dirichlet_a1.0__directional_poisoning__seed44,median,not_applicable,44,dirichlet_a1.0,directional_poisoning,"K=50 local SGD steps/client/round; 25 FL rounds; same TorchCNNFlat model/init scheme; SGD optimizer, LR=0.01, batch_size=128; 5 clients; MALICIOUS_RATIO=0.2 (client 0); attack_start=round 10; SERVER_REF_FRACTION=0.10; same evaluate() on official PathMNIST test split -- identical across benchmark_v2_corrected and combined_e2e_minimal by construction (both derive these constants from the same locked protocol addenda).",True,"exact (partition,seed,attack,defense,regime) match found",0.4182451367378235,1.7888492345809937,False
c4_drift_aware__dirichlet_a1.0__directional_poisoning__seed44,multi_krum,not_applicable,44,dirichlet_a1.0,directional_poisoning,"K=50 local SGD steps/client/round; 25 FL rounds; same TorchCNNFlat model/init scheme; SGD optimizer, LR=0.01, batch_size=128; 5 clients; MALICIOUS_RATIO=0.2 (client 0); attack_start=round 10; SERVER_REF_FRACTION=0.10; same evaluate() on official PathMNIST test split -- identical across benchmark_v2_corrected and combined_e2e_minimal by construction (both derive these constants from the same locked protocol addenda).",True,"exact (partition,seed,attack,defense,regime) match found",0.409749299287796,1.604511260986328,False
c3_static__dirichlet_a1.0__sparse_coordinate_attack__seed44,fedavg,not_applicable,44,dirichlet_a1.0,sparse_coordinate_attack,"K=50 local SGD steps/client/round; 25 FL rounds; same TorchCNNFlat model/init scheme; SGD optimizer, LR=0.01, batch_size=128; 5 clients; MALICIOUS_RATIO=0.2 (client 0); attack_start=round 10; SERVER_REF_FRACTION=0.10; same evaluate() on official PathMNIST test split -- identical across benchmark_v2_corrected and combined_e2e_minimal by construction (both derive these constants from the same locked protocol addenda).",True,"exact (partition,seed,attack,defense,regime) match found",0.4047353863716125,1.606360673904419,False
c3_static__dirichlet_a1.0__sparse_coordinate_attack__seed44,norm,A_condition_specific_oracle,44,dirichlet_a1.0,sparse_coordinate_attack,"K=50 local SGD steps/client/round; 25 FL rounds; same TorchCNNFlat model/init scheme; SGD optimizer, LR=0.01, batch_size=128; 5 clients; MALICIOUS_RATIO=0.2 (client 0); attack_start=round 10; SERVER_REF_FRACTION=0.10; same evaluate() on official PathMNIST test split -- identical across benchmark_v2_corrected and combined_e2e_minimal by construction (both derive these constants from the same locked protocol addenda).",True,"exact (partition,seed,attack,defense,regime) match found",0.3800835609436035,1.812913417816162,False
c3_static__dirichlet_a1.0__sparse_coordinate_attack__seed44,cosine,A_condition_specific_oracle,44,dirichlet_a1.0,sparse_coordinate_attack,"K=50 local SGD steps/client/round; 25 FL rounds; same TorchCNNFlat model/init scheme; SGD optimizer, LR=0.01, batch_size=128; 5 clients; MALICIOUS_RATIO=0.2 (client 0); attack_start=round 10; SERVER_REF_FRACTION=0.10; same evaluate() on official PathMNIST test split -- identical across benchmark_v2_corrected and combined_e2e_minimal by construction (both derive these constants from the same locked protocol addenda).",True,"exact (partition,seed,attack,defense,regime) match found",0.3841225802898407,1.5951499938964844,False
c3_static__dirichlet_a1.0__sparse_coordinate_attack__seed44,sign_consensus,A_condition_specific_oracle,44,dirichlet_a1.0,sparse_coordinate_attack,"K=50 local SGD steps/client/round; 25 FL rounds; same TorchCNNFlat model/init scheme; SGD optimizer, LR=0.01, batch_size=128; 5 clients; MALICIOUS_RATIO=0.2 (client 0); attack_start=round 10; SERVER_REF_FRACTION=0.10; same evaluate() on official PathMNIST test split -- identical across benchmark_v2_corrected and combined_e2e_minimal by construction (both derive these constants from the same locked protocol addenda).",True,"exact (partition,seed,attack,defense,regime) match found",0.4142061471939087,1.5581873655319214,False
c3_static__dirichlet_a1.0__sparse_coordinate_attack__seed44,median,not_applicable,44,dirichlet_a1.0,sparse_coordinate_attack,"K=50 local SGD steps/client/round; 25 FL rounds; same TorchCNNFlat model/init scheme; SGD optimizer, LR=0.01, batch_size=128; 5 clients; MALICIOUS_RATIO=0.2 (client 0); attack_start=round 10; SERVER_REF_FRACTION=0.10; same evaluate() on official PathMNIST test split -- identical across benchmark_v2_corrected and combined_e2e_minimal by construction (both derive these constants from the same locked protocol addenda).",True,"exact (partition,seed,attack,defense,regime) match found",0.4325905442237854,1.6699485778808594,False
c3_static__dirichlet_a1.0__sparse_coordinate_attack__seed44,multi_krum,not_applicable,44,dirichlet_a1.0,sparse_coordinate_attack,"K=50 local SGD steps/client/round; 25 FL rounds; same TorchCNNFlat model/init scheme; SGD optimizer, LR=0.01, batch_size=128; 5 clients; MALICIOUS_RATIO=0.2 (client 0); attack_start=round 10; SERVER_REF_FRACTION=0.10; same evaluate() on official PathMNIST test split -- identical across benchmark_v2_corrected and combined_e2e_minimal by construction (both derive these constants from the same locked protocol addenda).",True,"exact (partition,seed,attack,defense,regime) match found",0.4140668511390686,1.5541391372680664,False
c4_static__dirichlet_a1.0__sparse_coordinate_attack__seed44,fedavg,not_applicable,44,dirichlet_a1.0,sparse_coordinate_attack,"K=50 local SGD steps/client/round; 25 FL rounds; same TorchCNNFlat model/init scheme; SGD optimizer, LR=0.01, batch_size=128; 5 clients; MALICIOUS_RATIO=0.2 (client 0); attack_start=round 10; SERVER_REF_FRACTION=0.10; same evaluate() on official PathMNIST test split -- identical across benchmark_v2_corrected and combined_e2e_minimal by construction (both derive these constants from the same locked protocol addenda).",True,"exact (partition,seed,attack,defense,regime) match found",0.4047353863716125,1.606360673904419,False
c4_static__dirichlet_a1.0__sparse_coordinate_attack__seed44,norm,A_condition_specific_oracle,44,dirichlet_a1.0,sparse_coordinate_attack,"K=50 local SGD steps/client/round; 25 FL rounds; same TorchCNNFlat model/init scheme; SGD optimizer, LR=0.01, batch_size=128; 5 clients; MALICIOUS_RATIO=0.2 (client 0); attack_start=round 10; SERVER_REF_FRACTION=0.10; same evaluate() on official PathMNIST test split -- identical across benchmark_v2_corrected and combined_e2e_minimal by construction (both derive these constants from the same locked protocol addenda).",True,"exact (partition,seed,attack,defense,regime) match found",0.3800835609436035,1.812913417816162,False
c4_static__dirichlet_a1.0__sparse_coordinate_attack__seed44,cosine,A_condition_specific_oracle,44,dirichlet_a1.0,sparse_coordinate_attack,"K=50 local SGD steps/client/round; 25 FL rounds; same TorchCNNFlat model/init scheme; SGD optimizer, LR=0.01, batch_size=128; 5 clients; MALICIOUS_RATIO=0.2 (client 0); attack_start=round 10; SERVER_REF_FRACTION=0.10; same evaluate() on official PathMNIST test split -- identical across benchmark_v2_corrected and combined_e2e_minimal by construction (both derive these constants from the same locked protocol addenda).",True,"exact (partition,seed,attack,defense,regime) match found",0.3841225802898407,1.5951499938964844,False
c4_static__dirichlet_a1.0__sparse_coordinate_attack__seed44,sign_consensus,A_condition_specific_oracle,44,dirichlet_a1.0,sparse_coordinate_attack,"K=50 local SGD steps/client/round; 25 FL rounds; same TorchCNNFlat model/init scheme; SGD optimizer, LR=0.01, batch_size=128; 5 clients; MALICIOUS_RATIO=0.2 (client 0); attack_start=round 10; SERVER_REF_FRACTION=0.10; same evaluate() on official PathMNIST test split -- identical across benchmark_v2_corrected and combined_e2e_minimal by construction (both derive these constants from the same locked protocol addenda).",True,"exact (partition,seed,attack,defense,regime) match found",0.4142061471939087,1.5581873655319214,False
c4_static__dirichlet_a1.0__sparse_coordinate_attack__seed44,median,not_applicable,44,dirichlet_a1.0,sparse_coordinate_attack,"K=50 local SGD steps/client/round; 25 FL rounds; same TorchCNNFlat model/init scheme; SGD optimizer, LR=0.01, batch_size=128; 5 clients; MALICIOUS_RATIO=0.2 (client 0); attack_start=round 10; SERVER_REF_FRACTION=0.10; same evaluate() on official PathMNIST test split -- identical across benchmark_v2_corrected and combined_e2e_minimal by construction (both derive these constants from the same locked protocol addenda).",True,"exact (partition,seed,attack,defense,regime) match found",0.4325905442237854,1.6699485778808594,False
c4_static__dirichlet_a1.0__sparse_coordinate_attack__seed44,multi_krum,not_applicable,44,dirichlet_a1.0,sparse_coordinate_attack,"K=50 local SGD steps/client/round; 25 FL rounds; same TorchCNNFlat model/init scheme; SGD optimizer, LR=0.01, batch_size=128; 5 clients; MALICIOUS_RATIO=0.2 (client 0); attack_start=round 10; SERVER_REF_FRACTION=0.10; same evaluate() on official PathMNIST test split -- identical across benchmark_v2_corrected and combined_e2e_minimal by construction (both derive these constants from the same locked protocol addenda).",True,"exact (partition,seed,attack,defense,regime) match found",0.4140668511390686,1.5541391372680664,False
c4_drift_aware__dirichlet_a1.0__sparse_coordinate_attack__seed44,fedavg,not_applicable,44,dirichlet_a1.0,sparse_coordinate_attack,"K=50 local SGD steps/client/round; 25 FL rounds; same TorchCNNFlat model/init scheme; SGD optimizer, LR=0.01, batch_size=128; 5 clients; MALICIOUS_RATIO=0.2 (client 0); attack_start=round 10; SERVER_REF_FRACTION=0.10; same evaluate() on official PathMNIST test split -- identical across benchmark_v2_corrected and combined_e2e_minimal by construction (both derive these constants from the same locked protocol addenda).",True,"exact (partition,seed,attack,defense,regime) match found",0.4047353863716125,1.606360673904419,False
c4_drift_aware__dirichlet_a1.0__sparse_coordinate_attack__seed44,norm,A_condition_specific_oracle,44,dirichlet_a1.0,sparse_coordinate_attack,"K=50 local SGD steps/client/round; 25 FL rounds; same TorchCNNFlat model/init scheme; SGD optimizer, LR=0.01, batch_size=128; 5 clients; MALICIOUS_RATIO=0.2 (client 0); attack_start=round 10; SERVER_REF_FRACTION=0.10; same evaluate() on official PathMNIST test split -- identical across benchmark_v2_corrected and combined_e2e_minimal by construction (both derive these constants from the same locked protocol addenda).",True,"exact (partition,seed,attack,defense,regime) match found",0.3800835609436035,1.812913417816162,False
c4_drift_aware__dirichlet_a1.0__sparse_coordinate_attack__seed44,cosine,A_condition_specific_oracle,44,dirichlet_a1.0,sparse_coordinate_attack,"K=50 local SGD steps/client/round; 25 FL rounds; same TorchCNNFlat model/init scheme; SGD optimizer, LR=0.01, batch_size=128; 5 clients; MALICIOUS_RATIO=0.2 (client 0); attack_start=round 10; SERVER_REF_FRACTION=0.10; same evaluate() on official PathMNIST test split -- identical across benchmark_v2_corrected and combined_e2e_minimal by construction (both derive these constants from the same locked protocol addenda).",True,"exact (partition,seed,attack,defense,regime) match found",0.3841225802898407,1.5951499938964844,False
c4_drift_aware__dirichlet_a1.0__sparse_coordinate_attack__seed44,sign_consensus,A_condition_specific_oracle,44,dirichlet_a1.0,sparse_coordinate_attack,"K=50 local SGD steps/client/round; 25 FL rounds; same TorchCNNFlat model/init scheme; SGD optimizer, LR=0.01, batch_size=128; 5 clients; MALICIOUS_RATIO=0.2 (client 0); attack_start=round 10; SERVER_REF_FRACTION=0.10; same evaluate() on official PathMNIST test split -- identical across benchmark_v2_corrected and combined_e2e_minimal by construction (both derive these constants from the same locked protocol addenda).",True,"exact (partition,seed,attack,defense,regime) match found",0.4142061471939087,1.5581873655319214,False
c4_drift_aware__dirichlet_a1.0__sparse_coordinate_attack__seed44,median,not_applicable,44,dirichlet_a1.0,sparse_coordinate_attack,"K=50 local SGD steps/client/round; 25 FL rounds; same TorchCNNFlat model/init scheme; SGD optimizer, LR=0.01, batch_size=128; 5 clients; MALICIOUS_RATIO=0.2 (client 0); attack_start=round 10; SERVER_REF_FRACTION=0.10; same evaluate() on official PathMNIST test split -- identical across benchmark_v2_corrected and combined_e2e_minimal by construction (both derive these constants from the same locked protocol addenda).",True,"exact (partition,seed,attack,defense,regime) match found",0.4325905442237854,1.6699485778808594,False
c4_drift_aware__dirichlet_a1.0__sparse_coordinate_attack__seed44,multi_krum,not_applicable,44,dirichlet_a1.0,sparse_coordinate_attack,"K=50 local SGD steps/client/round; 25 FL rounds; same TorchCNNFlat model/init scheme; SGD optimizer, LR=0.01, batch_size=128; 5 clients; MALICIOUS_RATIO=0.2 (client 0); attack_start=round 10; SERVER_REF_FRACTION=0.10; same evaluate() on official PathMNIST test split -- identical across benchmark_v2_corrected and combined_e2e_minimal by construction (both derive these constants from the same locked protocol addenda).",True,"exact (partition,seed,attack,defense,regime) match found",0.4140668511390686,1.5541391372680664,False
c3_static__dirichlet_a0.5__no_attack__seed42,fedavg,not_applicable,42,dirichlet_a0.5,no_attack,"K=50 local SGD steps/client/round; 25 FL rounds; same TorchCNNFlat model/init scheme; SGD optimizer, LR=0.01, batch_size=128; 5 clients; MALICIOUS_RATIO=0.2 (client 0); attack_start=round 10; SERVER_REF_FRACTION=0.10; same evaluate() on official PathMNIST test split -- identical across benchmark_v2_corrected and combined_e2e_minimal by construction (both derive these constants from the same locked protocol addenda).",True,"exact (partition,seed,attack,defense,regime) match found",0.3215877413749695,1.7159699201583862,False
c3_static__dirichlet_a0.5__no_attack__seed42,norm,A_condition_specific_oracle,42,dirichlet_a0.5,no_attack,"K=50 local SGD steps/client/round; 25 FL rounds; same TorchCNNFlat model/init scheme; SGD optimizer, LR=0.01, batch_size=128; 5 clients; MALICIOUS_RATIO=0.2 (client 0); attack_start=round 10; SERVER_REF_FRACTION=0.10; same evaluate() on official PathMNIST test split -- identical across benchmark_v2_corrected and combined_e2e_minimal by construction (both derive these constants from the same locked protocol addenda).",True,"exact (partition,seed,attack,defense,regime) match found",0.1516713201999664,2.37811541557312,False
c3_static__dirichlet_a0.5__no_attack__seed42,cosine,A_condition_specific_oracle,42,dirichlet_a0.5,no_attack,"K=50 local SGD steps/client/round; 25 FL rounds; same TorchCNNFlat model/init scheme; SGD optimizer, LR=0.01, batch_size=128; 5 clients; MALICIOUS_RATIO=0.2 (client 0); attack_start=round 10; SERVER_REF_FRACTION=0.10; same evaluate() on official PathMNIST test split -- identical across benchmark_v2_corrected and combined_e2e_minimal by construction (both derive these constants from the same locked protocol addenda).",True,"exact (partition,seed,attack,defense,regime) match found",0.2678273022174835,1.724340796470642,False
c3_static__dirichlet_a0.5__no_attack__seed42,sign_consensus,A_condition_specific_oracle,42,dirichlet_a0.5,no_attack,"K=50 local SGD steps/client/round; 25 FL rounds; same TorchCNNFlat model/init scheme; SGD optimizer, LR=0.01, batch_size=128; 5 clients; MALICIOUS_RATIO=0.2 (client 0); attack_start=round 10; SERVER_REF_FRACTION=0.10; same evaluate() on official PathMNIST test split -- identical across benchmark_v2_corrected and combined_e2e_minimal by construction (both derive these constants from the same locked protocol addenda).",True,"exact (partition,seed,attack,defense,regime) match found",0.3097493052482605,1.7180966138839722,False
c3_static__dirichlet_a0.5__no_attack__seed42,median,not_applicable,42,dirichlet_a0.5,no_attack,"K=50 local SGD steps/client/round; 25 FL rounds; same TorchCNNFlat model/init scheme; SGD optimizer, LR=0.01, batch_size=128; 5 clients; MALICIOUS_RATIO=0.2 (client 0); attack_start=round 10; SERVER_REF_FRACTION=0.10; same evaluate() on official PathMNIST test split -- identical across benchmark_v2_corrected and combined_e2e_minimal by construction (both derive these constants from the same locked protocol addenda).",True,"exact (partition,seed,attack,defense,regime) match found",0.2644846737384796,2.0722365379333496,False
c3_static__dirichlet_a0.5__no_attack__seed42,multi_krum,not_applicable,42,dirichlet_a0.5,no_attack,"K=50 local SGD steps/client/round; 25 FL rounds; same TorchCNNFlat model/init scheme; SGD optimizer, LR=0.01, batch_size=128; 5 clients; MALICIOUS_RATIO=0.2 (client 0); attack_start=round 10; SERVER_REF_FRACTION=0.10; same evaluate() on official PathMNIST test split -- identical across benchmark_v2_corrected and combined_e2e_minimal by construction (both derive these constants from the same locked protocol addenda).",True,"exact (partition,seed,attack,defense,regime) match found",0.3513927757740021,1.8356276750564573,False
c4_static__dirichlet_a0.5__no_attack__seed42,fedavg,not_applicable,42,dirichlet_a0.5,no_attack,"K=50 local SGD steps/client/round; 25 FL rounds; same TorchCNNFlat model/init scheme; SGD optimizer, LR=0.01, batch_size=128; 5 clients; MALICIOUS_RATIO=0.2 (client 0); attack_start=round 10; SERVER_REF_FRACTION=0.10; same evaluate() on official PathMNIST test split -- identical across benchmark_v2_corrected and combined_e2e_minimal by construction (both derive these constants from the same locked protocol addenda).",True,"exact (partition,seed,attack,defense,regime) match found",0.3215877413749695,1.7159699201583862,False
c4_static__dirichlet_a0.5__no_attack__seed42,norm,A_condition_specific_oracle,42,dirichlet_a0.5,no_attack,"K=50 local SGD steps/client/round; 25 FL rounds; same TorchCNNFlat model/init scheme; SGD optimizer, LR=0.01, batch_size=128; 5 clients; MALICIOUS_RATIO=0.2 (client 0); attack_start=round 10; SERVER_REF_FRACTION=0.10; same evaluate() on official PathMNIST test split -- identical across benchmark_v2_corrected and combined_e2e_minimal by construction (both derive these constants from the same locked protocol addenda).",True,"exact (partition,seed,attack,defense,regime) match found",0.1516713201999664,2.37811541557312,False
c4_static__dirichlet_a0.5__no_attack__seed42,cosine,A_condition_specific_oracle,42,dirichlet_a0.5,no_attack,"K=50 local SGD steps/client/round; 25 FL rounds; same TorchCNNFlat model/init scheme; SGD optimizer, LR=0.01, batch_size=128; 5 clients; MALICIOUS_RATIO=0.2 (client 0); attack_start=round 10; SERVER_REF_FRACTION=0.10; same evaluate() on official PathMNIST test split -- identical across benchmark_v2_corrected and combined_e2e_minimal by construction (both derive these constants from the same locked protocol addenda).",True,"exact (partition,seed,attack,defense,regime) match found",0.2678273022174835,1.724340796470642,False
c4_static__dirichlet_a0.5__no_attack__seed42,sign_consensus,A_condition_specific_oracle,42,dirichlet_a0.5,no_attack,"K=50 local SGD steps/client/round; 25 FL rounds; same TorchCNNFlat model/init scheme; SGD optimizer, LR=0.01, batch_size=128; 5 clients; MALICIOUS_RATIO=0.2 (client 0); attack_start=round 10; SERVER_REF_FRACTION=0.10; same evaluate() on official PathMNIST test split -- identical across benchmark_v2_corrected and combined_e2e_minimal by construction (both derive these constants from the same locked protocol addenda).",True,"exact (partition,seed,attack,defense,regime) match found",0.3097493052482605,1.7180966138839722,False
c4_static__dirichlet_a0.5__no_attack__seed42,median,not_applicable,42,dirichlet_a0.5,no_attack,"K=50 local SGD steps/client/round; 25 FL rounds; same TorchCNNFlat model/init scheme; SGD optimizer, LR=0.01, batch_size=128; 5 clients; MALICIOUS_RATIO=0.2 (client 0); attack_start=round 10; SERVER_REF_FRACTION=0.10; same evaluate() on official PathMNIST test split -- identical across benchmark_v2_corrected and combined_e2e_minimal by construction (both derive these constants from the same locked protocol addenda).",True,"exact (partition,seed,attack,defense,regime) match found",0.2644846737384796,2.0722365379333496,False
c4_static__dirichlet_a0.5__no_attack__seed42,multi_krum,not_applicable,42,dirichlet_a0.5,no_attack,"K=50 local SGD steps/client/round; 25 FL rounds; same TorchCNNFlat model/init scheme; SGD optimizer, LR=0.01, batch_size=128; 5 clients; MALICIOUS_RATIO=0.2 (client 0); attack_start=round 10; SERVER_REF_FRACTION=0.10; same evaluate() on official PathMNIST test split -- identical across benchmark_v2_corrected and combined_e2e_minimal by construction (both derive these constants from the same locked protocol addenda).",True,"exact (partition,seed,attack,defense,regime) match found",0.3513927757740021,1.8356276750564573,False
c4_drift_aware__dirichlet_a0.5__no_attack__seed42,fedavg,not_applicable,42,dirichlet_a0.5,no_attack,"K=50 local SGD steps/client/round; 25 FL rounds; same TorchCNNFlat model/init scheme; SGD optimizer, LR=0.01, batch_size=128; 5 clients; MALICIOUS_RATIO=0.2 (client 0); attack_start=round 10; SERVER_REF_FRACTION=0.10; same evaluate() on official PathMNIST test split -- identical across benchmark_v2_corrected and combined_e2e_minimal by construction (both derive these constants from the same locked protocol addenda).",True,"exact (partition,seed,attack,defense,regime) match found",0.3215877413749695,1.7159699201583862,False
c4_drift_aware__dirichlet_a0.5__no_attack__seed42,norm,A_condition_specific_oracle,42,dirichlet_a0.5,no_attack,"K=50 local SGD steps/client/round; 25 FL rounds; same TorchCNNFlat model/init scheme; SGD optimizer, LR=0.01, batch_size=128; 5 clients; MALICIOUS_RATIO=0.2 (client 0); attack_start=round 10; SERVER_REF_FRACTION=0.10; same evaluate() on official PathMNIST test split -- identical across benchmark_v2_corrected and combined_e2e_minimal by construction (both derive these constants from the same locked protocol addenda).",True,"exact (partition,seed,attack,defense,regime) match found",0.1516713201999664,2.37811541557312,False
c4_drift_aware__dirichlet_a0.5__no_attack__seed42,cosine,A_condition_specific_oracle,42,dirichlet_a0.5,no_attack,"K=50 local SGD steps/client/round; 25 FL rounds; same TorchCNNFlat model/init scheme; SGD optimizer, LR=0.01, batch_size=128; 5 clients; MALICIOUS_RATIO=0.2 (client 0); attack_start=round 10; SERVER_REF_FRACTION=0.10; same evaluate() on official PathMNIST test split -- identical across benchmark_v2_corrected and combined_e2e_minimal by construction (both derive these constants from the same locked protocol addenda).",True,"exact (partition,seed,attack,defense,regime) match found",0.2678273022174835,1.724340796470642,False
c4_drift_aware__dirichlet_a0.5__no_attack__seed42,sign_consensus,A_condition_specific_oracle,42,dirichlet_a0.5,no_attack,"K=50 local SGD steps/client/round; 25 FL rounds; same TorchCNNFlat model/init scheme; SGD optimizer, LR=0.01, batch_size=128; 5 clients; MALICIOUS_RATIO=0.2 (client 0); attack_start=round 10; SERVER_REF_FRACTION=0.10; same evaluate() on official PathMNIST test split -- identical across benchmark_v2_corrected and combined_e2e_minimal by construction (both derive these constants from the same locked protocol addenda).",True,"exact (partition,seed,attack,defense,regime) match found",0.3097493052482605,1.7180966138839722,False
c4_drift_aware__dirichlet_a0.5__no_attack__seed42,median,not_applicable,42,dirichlet_a0.5,no_attack,"K=50 local SGD steps/client/round; 25 FL rounds; same TorchCNNFlat model/init scheme; SGD optimizer, LR=0.01, batch_size=128; 5 clients; MALICIOUS_RATIO=0.2 (client 0); attack_start=round 10; SERVER_REF_FRACTION=0.10; same evaluate() on official PathMNIST test split -- identical across benchmark_v2_corrected and combined_e2e_minimal by construction (both derive these constants from the same locked protocol addenda).",True,"exact (partition,seed,attack,defense,regime) match found",0.2644846737384796,2.0722365379333496,False
c4_drift_aware__dirichlet_a0.5__no_attack__seed42,multi_krum,not_applicable,42,dirichlet_a0.5,no_attack,"K=50 local SGD steps/client/round; 25 FL rounds; same TorchCNNFlat model/init scheme; SGD optimizer, LR=0.01, batch_size=128; 5 clients; MALICIOUS_RATIO=0.2 (client 0); attack_start=round 10; SERVER_REF_FRACTION=0.10; same evaluate() on official PathMNIST test split -- identical across benchmark_v2_corrected and combined_e2e_minimal by construction (both derive these constants from the same locked protocol addenda).",True,"exact (partition,seed,attack,defense,regime) match found",0.3513927757740021,1.8356276750564573,False
c3_static__dirichlet_a0.5__large_norm__seed42,fedavg,not_applicable,42,dirichlet_a0.5,large_norm,"K=50 local SGD steps/client/round; 25 FL rounds; same TorchCNNFlat model/init scheme; SGD optimizer, LR=0.01, batch_size=128; 5 clients; MALICIOUS_RATIO=0.2 (client 0); attack_start=round 10; SERVER_REF_FRACTION=0.10; same evaluate() on official PathMNIST test split -- identical across benchmark_v2_corrected and combined_e2e_minimal by construction (both derive these constants from the same locked protocol addenda).",True,"exact (partition,seed,attack,defense,regime) match found",0.0472144857048988,98219576.0,True
c3_static__dirichlet_a0.5__large_norm__seed42,norm,A_condition_specific_oracle,42,dirichlet_a0.5,large_norm,"K=50 local SGD steps/client/round; 25 FL rounds; same TorchCNNFlat model/init scheme; SGD optimizer, LR=0.01, batch_size=128; 5 clients; MALICIOUS_RATIO=0.2 (client 0); attack_start=round 10; SERVER_REF_FRACTION=0.10; same evaluate() on official PathMNIST test split -- identical across benchmark_v2_corrected and combined_e2e_minimal by construction (both derive these constants from the same locked protocol addenda).",True,"exact (partition,seed,attack,defense,regime) match found",0.4086351096630096,2.114403247833252,False
c3_static__dirichlet_a0.5__large_norm__seed42,cosine,A_condition_specific_oracle,42,dirichlet_a0.5,large_norm,"K=50 local SGD steps/client/round; 25 FL rounds; same TorchCNNFlat model/init scheme; SGD optimizer, LR=0.01, batch_size=128; 5 clients; MALICIOUS_RATIO=0.2 (client 0); attack_start=round 10; SERVER_REF_FRACTION=0.10; same evaluate() on official PathMNIST test split -- identical across benchmark_v2_corrected and combined_e2e_minimal by construction (both derive these constants from the same locked protocol addenda).",True,"exact (partition,seed,attack,defense,regime) match found",0.0827298089861869,96153960.0,True
c3_static__dirichlet_a0.5__large_norm__seed42,sign_consensus,A_condition_specific_oracle,42,dirichlet_a0.5,large_norm,"K=50 local SGD steps/client/round; 25 FL rounds; same TorchCNNFlat model/init scheme; SGD optimizer, LR=0.01, batch_size=128; 5 clients; MALICIOUS_RATIO=0.2 (client 0); attack_start=round 10; SERVER_REF_FRACTION=0.10; same evaluate() on official PathMNIST test split -- identical across benchmark_v2_corrected and combined_e2e_minimal by construction (both derive these constants from the same locked protocol addenda).",True,"exact (partition,seed,attack,defense,regime) match found",0.0472144857048988,98221760.0,True
c3_static__dirichlet_a0.5__large_norm__seed42,median,not_applicable,42,dirichlet_a0.5,large_norm,"K=50 local SGD steps/client/round; 25 FL rounds; same TorchCNNFlat model/init scheme; SGD optimizer, LR=0.01, batch_size=128; 5 clients; MALICIOUS_RATIO=0.2 (client 0); attack_start=round 10; SERVER_REF_FRACTION=0.10; same evaluate() on official PathMNIST test split -- identical across benchmark_v2_corrected and combined_e2e_minimal by construction (both derive these constants from the same locked protocol addenda).",True,"exact (partition,seed,attack,defense,regime) match found",0.2653203308582306,2.0080182552337646,False
c3_static__dirichlet_a0.5__large_norm__seed42,multi_krum,not_applicable,42,dirichlet_a0.5,large_norm,"K=50 local SGD steps/client/round; 25 FL rounds; same TorchCNNFlat model/init scheme; SGD optimizer, LR=0.01, batch_size=128; 5 clients; MALICIOUS_RATIO=0.2 (client 0); attack_start=round 10; SERVER_REF_FRACTION=0.10; same evaluate() on official PathMNIST test split -- identical across benchmark_v2_corrected and combined_e2e_minimal by construction (both derive these constants from the same locked protocol addenda).",True,"exact (partition,seed,attack,defense,regime) match found",0.4309192299842834,1.6281682252883911,False
c4_static__dirichlet_a0.5__large_norm__seed42,fedavg,not_applicable,42,dirichlet_a0.5,large_norm,"K=50 local SGD steps/client/round; 25 FL rounds; same TorchCNNFlat model/init scheme; SGD optimizer, LR=0.01, batch_size=128; 5 clients; MALICIOUS_RATIO=0.2 (client 0); attack_start=round 10; SERVER_REF_FRACTION=0.10; same evaluate() on official PathMNIST test split -- identical across benchmark_v2_corrected and combined_e2e_minimal by construction (both derive these constants from the same locked protocol addenda).",True,"exact (partition,seed,attack,defense,regime) match found",0.0472144857048988,98219576.0,True
c4_static__dirichlet_a0.5__large_norm__seed42,norm,A_condition_specific_oracle,42,dirichlet_a0.5,large_norm,"K=50 local SGD steps/client/round; 25 FL rounds; same TorchCNNFlat model/init scheme; SGD optimizer, LR=0.01, batch_size=128; 5 clients; MALICIOUS_RATIO=0.2 (client 0); attack_start=round 10; SERVER_REF_FRACTION=0.10; same evaluate() on official PathMNIST test split -- identical across benchmark_v2_corrected and combined_e2e_minimal by construction (both derive these constants from the same locked protocol addenda).",True,"exact (partition,seed,attack,defense,regime) match found",0.4086351096630096,2.114403247833252,False
c4_static__dirichlet_a0.5__large_norm__seed42,cosine,A_condition_specific_oracle,42,dirichlet_a0.5,large_norm,"K=50 local SGD steps/client/round; 25 FL rounds; same TorchCNNFlat model/init scheme; SGD optimizer, LR=0.01, batch_size=128; 5 clients; MALICIOUS_RATIO=0.2 (client 0); attack_start=round 10; SERVER_REF_FRACTION=0.10; same evaluate() on official PathMNIST test split -- identical across benchmark_v2_corrected and combined_e2e_minimal by construction (both derive these constants from the same locked protocol addenda).",True,"exact (partition,seed,attack,defense,regime) match found",0.0827298089861869,96153960.0,True
c4_static__dirichlet_a0.5__large_norm__seed42,sign_consensus,A_condition_specific_oracle,42,dirichlet_a0.5,large_norm,"K=50 local SGD steps/client/round; 25 FL rounds; same TorchCNNFlat model/init scheme; SGD optimizer, LR=0.01, batch_size=128; 5 clients; MALICIOUS_RATIO=0.2 (client 0); attack_start=round 10; SERVER_REF_FRACTION=0.10; same evaluate() on official PathMNIST test split -- identical across benchmark_v2_corrected and combined_e2e_minimal by construction (both derive these constants from the same locked protocol addenda).",True,"exact (partition,seed,attack,defense,regime) match found",0.0472144857048988,98221760.0,True
c4_static__dirichlet_a0.5__large_norm__seed42,median,not_applicable,42,dirichlet_a0.5,large_norm,"K=50 local SGD steps/client/round; 25 FL rounds; same TorchCNNFlat model/init scheme; SGD optimizer, LR=0.01, batch_size=128; 5 clients; MALICIOUS_RATIO=0.2 (client 0); attack_start=round 10; SERVER_REF_FRACTION=0.10; same evaluate() on official PathMNIST test split -- identical across benchmark_v2_corrected and combined_e2e_minimal by construction (both derive these constants from the same locked protocol addenda).",True,"exact (partition,seed,attack,defense,regime) match found",0.2653203308582306,2.0080182552337646,False
c4_static__dirichlet_a0.5__large_norm__seed42,multi_krum,not_applicable,42,dirichlet_a0.5,large_norm,"K=50 local SGD steps/client/round; 25 FL rounds; same TorchCNNFlat model/init scheme; SGD optimizer, LR=0.01, batch_size=128; 5 clients; MALICIOUS_RATIO=0.2 (client 0); attack_start=round 10; SERVER_REF_FRACTION=0.10; same evaluate() on official PathMNIST test split -- identical across benchmark_v2_corrected and combined_e2e_minimal by construction (both derive these constants from the same locked protocol addenda).",True,"exact (partition,seed,attack,defense,regime) match found",0.4309192299842834,1.6281682252883911,False
c4_drift_aware__dirichlet_a0.5__large_norm__seed42,fedavg,not_applicable,42,dirichlet_a0.5,large_norm,"K=50 local SGD steps/client/round; 25 FL rounds; same TorchCNNFlat model/init scheme; SGD optimizer, LR=0.01, batch_size=128; 5 clients; MALICIOUS_RATIO=0.2 (client 0); attack_start=round 10; SERVER_REF_FRACTION=0.10; same evaluate() on official PathMNIST test split -- identical across benchmark_v2_corrected and combined_e2e_minimal by construction (both derive these constants from the same locked protocol addenda).",True,"exact (partition,seed,attack,defense,regime) match found",0.0472144857048988,98219576.0,True
c4_drift_aware__dirichlet_a0.5__large_norm__seed42,norm,A_condition_specific_oracle,42,dirichlet_a0.5,large_norm,"K=50 local SGD steps/client/round; 25 FL rounds; same TorchCNNFlat model/init scheme; SGD optimizer, LR=0.01, batch_size=128; 5 clients; MALICIOUS_RATIO=0.2 (client 0); attack_start=round 10; SERVER_REF_FRACTION=0.10; same evaluate() on official PathMNIST test split -- identical across benchmark_v2_corrected and combined_e2e_minimal by construction (both derive these constants from the same locked protocol addenda).",True,"exact (partition,seed,attack,defense,regime) match found",0.4086351096630096,2.114403247833252,False
c4_drift_aware__dirichlet_a0.5__large_norm__seed42,cosine,A_condition_specific_oracle,42,dirichlet_a0.5,large_norm,"K=50 local SGD steps/client/round; 25 FL rounds; same TorchCNNFlat model/init scheme; SGD optimizer, LR=0.01, batch_size=128; 5 clients; MALICIOUS_RATIO=0.2 (client 0); attack_start=round 10; SERVER_REF_FRACTION=0.10; same evaluate() on official PathMNIST test split -- identical across benchmark_v2_corrected and combined_e2e_minimal by construction (both derive these constants from the same locked protocol addenda).",True,"exact (partition,seed,attack,defense,regime) match found",0.0827298089861869,96153960.0,True
c4_drift_aware__dirichlet_a0.5__large_norm__seed42,sign_consensus,A_condition_specific_oracle,42,dirichlet_a0.5,large_norm,"K=50 local SGD steps/client/round; 25 FL rounds; same TorchCNNFlat model/init scheme; SGD optimizer, LR=0.01, batch_size=128; 5 clients; MALICIOUS_RATIO=0.2 (client 0); attack_start=round 10; SERVER_REF_FRACTION=0.10; same evaluate() on official PathMNIST test split -- identical across benchmark_v2_corrected and combined_e2e_minimal by construction (both derive these constants from the same locked protocol addenda).",True,"exact (partition,seed,attack,defense,regime) match found",0.0472144857048988,98221760.0,True
c4_drift_aware__dirichlet_a0.5__large_norm__seed42,median,not_applicable,42,dirichlet_a0.5,large_norm,"K=50 local SGD steps/client/round; 25 FL rounds; same TorchCNNFlat model/init scheme; SGD optimizer, LR=0.01, batch_size=128; 5 clients; MALICIOUS_RATIO=0.2 (client 0); attack_start=round 10; SERVER_REF_FRACTION=0.10; same evaluate() on official PathMNIST test split -- identical across benchmark_v2_corrected and combined_e2e_minimal by construction (both derive these constants from the same locked protocol addenda).",True,"exact (partition,seed,attack,defense,regime) match found",0.2653203308582306,2.0080182552337646,False
c4_drift_aware__dirichlet_a0.5__large_norm__seed42,multi_krum,not_applicable,42,dirichlet_a0.5,large_norm,"K=50 local SGD steps/client/round; 25 FL rounds; same TorchCNNFlat model/init scheme; SGD optimizer, LR=0.01, batch_size=128; 5 clients; MALICIOUS_RATIO=0.2 (client 0); attack_start=round 10; SERVER_REF_FRACTION=0.10; same evaluate() on official PathMNIST test split -- identical across benchmark_v2_corrected and combined_e2e_minimal by construction (both derive these constants from the same locked protocol addenda).",True,"exact (partition,seed,attack,defense,regime) match found",0.4309192299842834,1.6281682252883911,False
c3_static__dirichlet_a0.5__directional_poisoning__seed42,fedavg,not_applicable,42,dirichlet_a0.5,directional_poisoning,"K=50 local SGD steps/client/round; 25 FL rounds; same TorchCNNFlat model/init scheme; SGD optimizer, LR=0.01, batch_size=128; 5 clients; MALICIOUS_RATIO=0.2 (client 0); attack_start=round 10; SERVER_REF_FRACTION=0.10; same evaluate() on official PathMNIST test split -- identical across benchmark_v2_corrected and combined_e2e_minimal by construction (both derive these constants from the same locked protocol addenda).",True,"exact (partition,seed,attack,defense,regime) match found",0.1717270165681839,2.5318267345428467,False
c3_static__dirichlet_a0.5__directional_poisoning__seed42,norm,A_condition_specific_oracle,42,dirichlet_a0.5,directional_poisoning,"K=50 local SGD steps/client/round; 25 FL rounds; same TorchCNNFlat model/init scheme; SGD optimizer, LR=0.01, batch_size=128; 5 clients; MALICIOUS_RATIO=0.2 (client 0); attack_start=round 10; SERVER_REF_FRACTION=0.10; same evaluate() on official PathMNIST test split -- identical across benchmark_v2_corrected and combined_e2e_minimal by construction (both derive these constants from the same locked protocol addenda).",True,"exact (partition,seed,attack,defense,regime) match found",0.151949867606163,2.377752780914306,False
c3_static__dirichlet_a0.5__directional_poisoning__seed42,cosine,A_condition_specific_oracle,42,dirichlet_a0.5,directional_poisoning,"K=50 local SGD steps/client/round; 25 FL rounds; same TorchCNNFlat model/init scheme; SGD optimizer, LR=0.01, batch_size=128; 5 clients; MALICIOUS_RATIO=0.2 (client 0); attack_start=round 10; SERVER_REF_FRACTION=0.10; same evaluate() on official PathMNIST test split -- identical across benchmark_v2_corrected and combined_e2e_minimal by construction (both derive these constants from the same locked protocol addenda).",True,"exact (partition,seed,attack,defense,regime) match found",0.3557103276252746,1.8526220321655276,False
c3_static__dirichlet_a0.5__directional_poisoning__seed42,sign_consensus,A_condition_specific_oracle,42,dirichlet_a0.5,directional_poisoning,"K=50 local SGD steps/client/round; 25 FL rounds; same TorchCNNFlat model/init scheme; SGD optimizer, LR=0.01, batch_size=128; 5 clients; MALICIOUS_RATIO=0.2 (client 0); attack_start=round 10; SERVER_REF_FRACTION=0.10; same evaluate() on official PathMNIST test split -- identical across benchmark_v2_corrected and combined_e2e_minimal by construction (both derive these constants from the same locked protocol addenda).",True,"exact (partition,seed,attack,defense,regime) match found",0.1717270165681839,2.530151844024658,False
c3_static__dirichlet_a0.5__directional_poisoning__seed42,median,not_applicable,42,dirichlet_a0.5,directional_poisoning,"K=50 local SGD steps/client/round; 25 FL rounds; same TorchCNNFlat model/init scheme; SGD optimizer, LR=0.01, batch_size=128; 5 clients; MALICIOUS_RATIO=0.2 (client 0); attack_start=round 10; SERVER_REF_FRACTION=0.10; same evaluate() on official PathMNIST test split -- identical across benchmark_v2_corrected and combined_e2e_minimal by construction (both derive these constants from the same locked protocol addenda).",True,"exact (partition,seed,attack,defense,regime) match found",0.1717270165681839,2.6677229404449463,False
c3_static__dirichlet_a0.5__directional_poisoning__seed42,multi_krum,not_applicable,42,dirichlet_a0.5,directional_poisoning,"K=50 local SGD steps/client/round; 25 FL rounds; same TorchCNNFlat model/init scheme; SGD optimizer, LR=0.01, batch_size=128; 5 clients; MALICIOUS_RATIO=0.2 (client 0); attack_start=round 10; SERVER_REF_FRACTION=0.10; same evaluate() on official PathMNIST test split -- identical across benchmark_v2_corrected and combined_e2e_minimal by construction (both derive these constants from the same locked protocol addenda).",True,"exact (partition,seed,attack,defense,regime) match found",0.3537604510784149,1.685200572013855,False
c4_static__dirichlet_a0.5__directional_poisoning__seed42,fedavg,not_applicable,42,dirichlet_a0.5,directional_poisoning,"K=50 local SGD steps/client/round; 25 FL rounds; same TorchCNNFlat model/init scheme; SGD optimizer, LR=0.01, batch_size=128; 5 clients; MALICIOUS_RATIO=0.2 (client 0); attack_start=round 10; SERVER_REF_FRACTION=0.10; same evaluate() on official PathMNIST test split -- identical across benchmark_v2_corrected and combined_e2e_minimal by construction (both derive these constants from the same locked protocol addenda).",True,"exact (partition,seed,attack,defense,regime) match found",0.1717270165681839,2.5318267345428467,False
c4_static__dirichlet_a0.5__directional_poisoning__seed42,norm,A_condition_specific_oracle,42,dirichlet_a0.5,directional_poisoning,"K=50 local SGD steps/client/round; 25 FL rounds; same TorchCNNFlat model/init scheme; SGD optimizer, LR=0.01, batch_size=128; 5 clients; MALICIOUS_RATIO=0.2 (client 0); attack_start=round 10; SERVER_REF_FRACTION=0.10; same evaluate() on official PathMNIST test split -- identical across benchmark_v2_corrected and combined_e2e_minimal by construction (both derive these constants from the same locked protocol addenda).",True,"exact (partition,seed,attack,defense,regime) match found",0.151949867606163,2.377752780914306,False
c4_static__dirichlet_a0.5__directional_poisoning__seed42,cosine,A_condition_specific_oracle,42,dirichlet_a0.5,directional_poisoning,"K=50 local SGD steps/client/round; 25 FL rounds; same TorchCNNFlat model/init scheme; SGD optimizer, LR=0.01, batch_size=128; 5 clients; MALICIOUS_RATIO=0.2 (client 0); attack_start=round 10; SERVER_REF_FRACTION=0.10; same evaluate() on official PathMNIST test split -- identical across benchmark_v2_corrected and combined_e2e_minimal by construction (both derive these constants from the same locked protocol addenda).",True,"exact (partition,seed,attack,defense,regime) match found",0.3557103276252746,1.8526220321655276,False
c4_static__dirichlet_a0.5__directional_poisoning__seed42,sign_consensus,A_condition_specific_oracle,42,dirichlet_a0.5,directional_poisoning,"K=50 local SGD steps/client/round; 25 FL rounds; same TorchCNNFlat model/init scheme; SGD optimizer, LR=0.01, batch_size=128; 5 clients; MALICIOUS_RATIO=0.2 (client 0); attack_start=round 10; SERVER_REF_FRACTION=0.10; same evaluate() on official PathMNIST test split -- identical across benchmark_v2_corrected and combined_e2e_minimal by construction (both derive these constants from the same locked protocol addenda).",True,"exact (partition,seed,attack,defense,regime) match found",0.1717270165681839,2.530151844024658,False
c4_static__dirichlet_a0.5__directional_poisoning__seed42,median,not_applicable,42,dirichlet_a0.5,directional_poisoning,"K=50 local SGD steps/client/round; 25 FL rounds; same TorchCNNFlat model/init scheme; SGD optimizer, LR=0.01, batch_size=128; 5 clients; MALICIOUS_RATIO=0.2 (client 0); attack_start=round 10; SERVER_REF_FRACTION=0.10; same evaluate() on official PathMNIST test split -- identical across benchmark_v2_corrected and combined_e2e_minimal by construction (both derive these constants from the same locked protocol addenda).",True,"exact (partition,seed,attack,defense,regime) match found",0.1717270165681839,2.6677229404449463,False
c4_static__dirichlet_a0.5__directional_poisoning__seed42,multi_krum,not_applicable,42,dirichlet_a0.5,directional_poisoning,"K=50 local SGD steps/client/round; 25 FL rounds; same TorchCNNFlat model/init scheme; SGD optimizer, LR=0.01, batch_size=128; 5 clients; MALICIOUS_RATIO=0.2 (client 0); attack_start=round 10; SERVER_REF_FRACTION=0.10; same evaluate() on official PathMNIST test split -- identical across benchmark_v2_corrected and combined_e2e_minimal by construction (both derive these constants from the same locked protocol addenda).",True,"exact (partition,seed,attack,defense,regime) match found",0.3537604510784149,1.685200572013855,False
c4_drift_aware__dirichlet_a0.5__directional_poisoning__seed42,fedavg,not_applicable,42,dirichlet_a0.5,directional_poisoning,"K=50 local SGD steps/client/round; 25 FL rounds; same TorchCNNFlat model/init scheme; SGD optimizer, LR=0.01, batch_size=128; 5 clients; MALICIOUS_RATIO=0.2 (client 0); attack_start=round 10; SERVER_REF_FRACTION=0.10; same evaluate() on official PathMNIST test split -- identical across benchmark_v2_corrected and combined_e2e_minimal by construction (both derive these constants from the same locked protocol addenda).",True,"exact (partition,seed,attack,defense,regime) match found",0.1717270165681839,2.5318267345428467,False
c4_drift_aware__dirichlet_a0.5__directional_poisoning__seed42,norm,A_condition_specific_oracle,42,dirichlet_a0.5,directional_poisoning,"K=50 local SGD steps/client/round; 25 FL rounds; same TorchCNNFlat model/init scheme; SGD optimizer, LR=0.01, batch_size=128; 5 clients; MALICIOUS_RATIO=0.2 (client 0); attack_start=round 10; SERVER_REF_FRACTION=0.10; same evaluate() on official PathMNIST test split -- identical across benchmark_v2_corrected and combined_e2e_minimal by construction (both derive these constants from the same locked protocol addenda).",True,"exact (partition,seed,attack,defense,regime) match found",0.151949867606163,2.377752780914306,False
c4_drift_aware__dirichlet_a0.5__directional_poisoning__seed42,cosine,A_condition_specific_oracle,42,dirichlet_a0.5,directional_poisoning,"K=50 local SGD steps/client/round; 25 FL rounds; same TorchCNNFlat model/init scheme; SGD optimizer, LR=0.01, batch_size=128; 5 clients; MALICIOUS_RATIO=0.2 (client 0); attack_start=round 10; SERVER_REF_FRACTION=0.10; same evaluate() on official PathMNIST test split -- identical across benchmark_v2_corrected and combined_e2e_minimal by construction (both derive these constants from the same locked protocol addenda).",True,"exact (partition,seed,attack,defense,regime) match found",0.3557103276252746,1.8526220321655276,False
c4_drift_aware__dirichlet_a0.5__directional_poisoning__seed42,sign_consensus,A_condition_specific_oracle,42,dirichlet_a0.5,directional_poisoning,"K=50 local SGD steps/client/round; 25 FL rounds; same TorchCNNFlat model/init scheme; SGD optimizer, LR=0.01, batch_size=128; 5 clients; MALICIOUS_RATIO=0.2 (client 0); attack_start=round 10; SERVER_REF_FRACTION=0.10; same evaluate() on official PathMNIST test split -- identical across benchmark_v2_corrected and combined_e2e_minimal by construction (both derive these constants from the same locked protocol addenda).",True,"exact (partition,seed,attack,defense,regime) match found",0.1717270165681839,2.530151844024658,False
c4_drift_aware__dirichlet_a0.5__directional_poisoning__seed42,median,not_applicable,42,dirichlet_a0.5,directional_poisoning,"K=50 local SGD steps/client/round; 25 FL rounds; same TorchCNNFlat model/init scheme; SGD optimizer, LR=0.01, batch_size=128; 5 clients; MALICIOUS_RATIO=0.2 (client 0); attack_start=round 10; SERVER_REF_FRACTION=0.10; same evaluate() on official PathMNIST test split -- identical across benchmark_v2_corrected and combined_e2e_minimal by construction (both derive these constants from the same locked protocol addenda).",True,"exact (partition,seed,attack,defense,regime) match found",0.1717270165681839,2.6677229404449463,False
c4_drift_aware__dirichlet_a0.5__directional_poisoning__seed42,multi_krum,not_applicable,42,dirichlet_a0.5,directional_poisoning,"K=50 local SGD steps/client/round; 25 FL rounds; same TorchCNNFlat model/init scheme; SGD optimizer, LR=0.01, batch_size=128; 5 clients; MALICIOUS_RATIO=0.2 (client 0); attack_start=round 10; SERVER_REF_FRACTION=0.10; same evaluate() on official PathMNIST test split -- identical across benchmark_v2_corrected and combined_e2e_minimal by construction (both derive these constants from the same locked protocol addenda).",True,"exact (partition,seed,attack,defense,regime) match found",0.3537604510784149,1.685200572013855,False
c3_static__dirichlet_a0.5__sparse_coordinate_attack__seed42,fedavg,not_applicable,42,dirichlet_a0.5,sparse_coordinate_attack,"K=50 local SGD steps/client/round; 25 FL rounds; same TorchCNNFlat model/init scheme; SGD optimizer, LR=0.01, batch_size=128; 5 clients; MALICIOUS_RATIO=0.2 (client 0); attack_start=round 10; SERVER_REF_FRACTION=0.10; same evaluate() on official PathMNIST test split -- identical across benchmark_v2_corrected and combined_e2e_minimal by construction (both derive these constants from the same locked protocol addenda).",True,"exact (partition,seed,attack,defense,regime) match found",0.2316156029701233,2.126955509185791,False
c3_static__dirichlet_a0.5__sparse_coordinate_attack__seed42,norm,A_condition_specific_oracle,42,dirichlet_a0.5,sparse_coordinate_attack,"K=50 local SGD steps/client/round; 25 FL rounds; same TorchCNNFlat model/init scheme; SGD optimizer, LR=0.01, batch_size=128; 5 clients; MALICIOUS_RATIO=0.2 (client 0); attack_start=round 10; SERVER_REF_FRACTION=0.10; same evaluate() on official PathMNIST test split -- identical across benchmark_v2_corrected and combined_e2e_minimal by construction (both derive these constants from the same locked protocol addenda).",True,"exact (partition,seed,attack,defense,regime) match found",0.3850975036621094,2.1641767024993896,False
c3_static__dirichlet_a0.5__sparse_coordinate_attack__seed42,cosine,A_condition_specific_oracle,42,dirichlet_a0.5,sparse_coordinate_attack,"K=50 local SGD steps/client/round; 25 FL rounds; same TorchCNNFlat model/init scheme; SGD optimizer, LR=0.01, batch_size=128; 5 clients; MALICIOUS_RATIO=0.2 (client 0); attack_start=round 10; SERVER_REF_FRACTION=0.10; same evaluate() on official PathMNIST test split -- identical across benchmark_v2_corrected and combined_e2e_minimal by construction (both derive these constants from the same locked protocol addenda).",True,"exact (partition,seed,attack,defense,regime) match found",0.16852368414402,76.31236267089844,True
c3_static__dirichlet_a0.5__sparse_coordinate_attack__seed42,sign_consensus,A_condition_specific_oracle,42,dirichlet_a0.5,sparse_coordinate_attack,"K=50 local SGD steps/client/round; 25 FL rounds; same TorchCNNFlat model/init scheme; SGD optimizer, LR=0.01, batch_size=128; 5 clients; MALICIOUS_RATIO=0.2 (client 0); attack_start=round 10; SERVER_REF_FRACTION=0.10; same evaluate() on official PathMNIST test split -- identical across benchmark_v2_corrected and combined_e2e_minimal by construction (both derive these constants from the same locked protocol addenda).",True,"exact (partition,seed,attack,defense,regime) match found",0.351253479719162,1.7008064985275269,False
c3_static__dirichlet_a0.5__sparse_coordinate_attack__seed42,median,not_applicable,42,dirichlet_a0.5,sparse_coordinate_attack,"K=50 local SGD steps/client/round; 25 FL rounds; same TorchCNNFlat model/init scheme; SGD optimizer, LR=0.01, batch_size=128; 5 clients; MALICIOUS_RATIO=0.2 (client 0); attack_start=round 10; SERVER_REF_FRACTION=0.10; same evaluate() on official PathMNIST test split -- identical across benchmark_v2_corrected and combined_e2e_minimal by construction (both derive these constants from the same locked protocol addenda).",True,"exact (partition,seed,attack,defense,regime) match found",0.1717270165681839,2.210738182067871,False
c3_static__dirichlet_a0.5__sparse_coordinate_attack__seed42,multi_krum,not_applicable,42,dirichlet_a0.5,sparse_coordinate_attack,"K=50 local SGD steps/client/round; 25 FL rounds; same TorchCNNFlat model/init scheme; SGD optimizer, LR=0.01, batch_size=128; 5 clients; MALICIOUS_RATIO=0.2 (client 0); attack_start=round 10; SERVER_REF_FRACTION=0.10; same evaluate() on official PathMNIST test split -- identical across benchmark_v2_corrected and combined_e2e_minimal by construction (both derive these constants from the same locked protocol addenda).",True,"exact (partition,seed,attack,defense,regime) match found",0.4211699366569519,1.6194300651550293,False
c4_static__dirichlet_a0.5__sparse_coordinate_attack__seed42,fedavg,not_applicable,42,dirichlet_a0.5,sparse_coordinate_attack,"K=50 local SGD steps/client/round; 25 FL rounds; same TorchCNNFlat model/init scheme; SGD optimizer, LR=0.01, batch_size=128; 5 clients; MALICIOUS_RATIO=0.2 (client 0); attack_start=round 10; SERVER_REF_FRACTION=0.10; same evaluate() on official PathMNIST test split -- identical across benchmark_v2_corrected and combined_e2e_minimal by construction (both derive these constants from the same locked protocol addenda).",True,"exact (partition,seed,attack,defense,regime) match found",0.2316156029701233,2.126955509185791,False
c4_static__dirichlet_a0.5__sparse_coordinate_attack__seed42,norm,A_condition_specific_oracle,42,dirichlet_a0.5,sparse_coordinate_attack,"K=50 local SGD steps/client/round; 25 FL rounds; same TorchCNNFlat model/init scheme; SGD optimizer, LR=0.01, batch_size=128; 5 clients; MALICIOUS_RATIO=0.2 (client 0); attack_start=round 10; SERVER_REF_FRACTION=0.10; same evaluate() on official PathMNIST test split -- identical across benchmark_v2_corrected and combined_e2e_minimal by construction (both derive these constants from the same locked protocol addenda).",True,"exact (partition,seed,attack,defense,regime) match found",0.3850975036621094,2.1641767024993896,False
c4_static__dirichlet_a0.5__sparse_coordinate_attack__seed42,cosine,A_condition_specific_oracle,42,dirichlet_a0.5,sparse_coordinate_attack,"K=50 local SGD steps/client/round; 25 FL rounds; same TorchCNNFlat model/init scheme; SGD optimizer, LR=0.01, batch_size=128; 5 clients; MALICIOUS_RATIO=0.2 (client 0); attack_start=round 10; SERVER_REF_FRACTION=0.10; same evaluate() on official PathMNIST test split -- identical across benchmark_v2_corrected and combined_e2e_minimal by construction (both derive these constants from the same locked protocol addenda).",True,"exact (partition,seed,attack,defense,regime) match found",0.16852368414402,76.31236267089844,True
c4_static__dirichlet_a0.5__sparse_coordinate_attack__seed42,sign_consensus,A_condition_specific_oracle,42,dirichlet_a0.5,sparse_coordinate_attack,"K=50 local SGD steps/client/round; 25 FL rounds; same TorchCNNFlat model/init scheme; SGD optimizer, LR=0.01, batch_size=128; 5 clients; MALICIOUS_RATIO=0.2 (client 0); attack_start=round 10; SERVER_REF_FRACTION=0.10; same evaluate() on official PathMNIST test split -- identical across benchmark_v2_corrected and combined_e2e_minimal by construction (both derive these constants from the same locked protocol addenda).",True,"exact (partition,seed,attack,defense,regime) match found",0.351253479719162,1.7008064985275269,False
c4_static__dirichlet_a0.5__sparse_coordinate_attack__seed42,median,not_applicable,42,dirichlet_a0.5,sparse_coordinate_attack,"K=50 local SGD steps/client/round; 25 FL rounds; same TorchCNNFlat model/init scheme; SGD optimizer, LR=0.01, batch_size=128; 5 clients; MALICIOUS_RATIO=0.2 (client 0); attack_start=round 10; SERVER_REF_FRACTION=0.10; same evaluate() on official PathMNIST test split -- identical across benchmark_v2_corrected and combined_e2e_minimal by construction (both derive these constants from the same locked protocol addenda).",True,"exact (partition,seed,attack,defense,regime) match found",0.1717270165681839,2.210738182067871,False
c4_static__dirichlet_a0.5__sparse_coordinate_attack__seed42,multi_krum,not_applicable,42,dirichlet_a0.5,sparse_coordinate_attack,"K=50 local SGD steps/client/round; 25 FL rounds; same TorchCNNFlat model/init scheme; SGD optimizer, LR=0.01, batch_size=128; 5 clients; MALICIOUS_RATIO=0.2 (client 0); attack_start=round 10; SERVER_REF_FRACTION=0.10; same evaluate() on official PathMNIST test split -- identical across benchmark_v2_corrected and combined_e2e_minimal by construction (both derive these constants from the same locked protocol addenda).",True,"exact (partition,seed,attack,defense,regime) match found",0.4211699366569519,1.6194300651550293,False
c4_drift_aware__dirichlet_a0.5__sparse_coordinate_attack__seed42,fedavg,not_applicable,42,dirichlet_a0.5,sparse_coordinate_attack,"K=50 local SGD steps/client/round; 25 FL rounds; same TorchCNNFlat model/init scheme; SGD optimizer, LR=0.01, batch_size=128; 5 clients; MALICIOUS_RATIO=0.2 (client 0); attack_start=round 10; SERVER_REF_FRACTION=0.10; same evaluate() on official PathMNIST test split -- identical across benchmark_v2_corrected and combined_e2e_minimal by construction (both derive these constants from the same locked protocol addenda).",True,"exact (partition,seed,attack,defense,regime) match found",0.2316156029701233,2.126955509185791,False
c4_drift_aware__dirichlet_a0.5__sparse_coordinate_attack__seed42,norm,A_condition_specific_oracle,42,dirichlet_a0.5,sparse_coordinate_attack,"K=50 local SGD steps/client/round; 25 FL rounds; same TorchCNNFlat model/init scheme; SGD optimizer, LR=0.01, batch_size=128; 5 clients; MALICIOUS_RATIO=0.2 (client 0); attack_start=round 10; SERVER_REF_FRACTION=0.10; same evaluate() on official PathMNIST test split -- identical across benchmark_v2_corrected and combined_e2e_minimal by construction (both derive these constants from the same locked protocol addenda).",True,"exact (partition,seed,attack,defense,regime) match found",0.3850975036621094,2.1641767024993896,False
c4_drift_aware__dirichlet_a0.5__sparse_coordinate_attack__seed42,cosine,A_condition_specific_oracle,42,dirichlet_a0.5,sparse_coordinate_attack,"K=50 local SGD steps/client/round; 25 FL rounds; same TorchCNNFlat model/init scheme; SGD optimizer, LR=0.01, batch_size=128; 5 clients; MALICIOUS_RATIO=0.2 (client 0); attack_start=round 10; SERVER_REF_FRACTION=0.10; same evaluate() on official PathMNIST test split -- identical across benchmark_v2_corrected and combined_e2e_minimal by construction (both derive these constants from the same locked protocol addenda).",True,"exact (partition,seed,attack,defense,regime) match found",0.16852368414402,76.31236267089844,True
c4_drift_aware__dirichlet_a0.5__sparse_coordinate_attack__seed42,sign_consensus,A_condition_specific_oracle,42,dirichlet_a0.5,sparse_coordinate_attack,"K=50 local SGD steps/client/round; 25 FL rounds; same TorchCNNFlat model/init scheme; SGD optimizer, LR=0.01, batch_size=128; 5 clients; MALICIOUS_RATIO=0.2 (client 0); attack_start=round 10; SERVER_REF_FRACTION=0.10; same evaluate() on official PathMNIST test split -- identical across benchmark_v2_corrected and combined_e2e_minimal by construction (both derive these constants from the same locked protocol addenda).",True,"exact (partition,seed,attack,defense,regime) match found",0.351253479719162,1.7008064985275269,False
c4_drift_aware__dirichlet_a0.5__sparse_coordinate_attack__seed42,median,not_applicable,42,dirichlet_a0.5,sparse_coordinate_attack,"K=50 local SGD steps/client/round; 25 FL rounds; same TorchCNNFlat model/init scheme; SGD optimizer, LR=0.01, batch_size=128; 5 clients; MALICIOUS_RATIO=0.2 (client 0); attack_start=round 10; SERVER_REF_FRACTION=0.10; same evaluate() on official PathMNIST test split -- identical across benchmark_v2_corrected and combined_e2e_minimal by construction (both derive these constants from the same locked protocol addenda).",True,"exact (partition,seed,attack,defense,regime) match found",0.1717270165681839,2.210738182067871,False
c4_drift_aware__dirichlet_a0.5__sparse_coordinate_attack__seed42,multi_krum,not_applicable,42,dirichlet_a0.5,sparse_coordinate_attack,"K=50 local SGD steps/client/round; 25 FL rounds; same TorchCNNFlat model/init scheme; SGD optimizer, LR=0.01, batch_size=128; 5 clients; MALICIOUS_RATIO=0.2 (client 0); attack_start=round 10; SERVER_REF_FRACTION=0.10; same evaluate() on official PathMNIST test split -- identical across benchmark_v2_corrected and combined_e2e_minimal by construction (both derive these constants from the same locked protocol addenda).",True,"exact (partition,seed,attack,defense,regime) match found",0.4211699366569519,1.6194300651550293,False
c3_static__dirichlet_a0.5__no_attack__seed43,fedavg,not_applicable,43,dirichlet_a0.5,no_attack,"K=50 local SGD steps/client/round; 25 FL rounds; same TorchCNNFlat model/init scheme; SGD optimizer, LR=0.01, batch_size=128; 5 clients; MALICIOUS_RATIO=0.2 (client 0); attack_start=round 10; SERVER_REF_FRACTION=0.10; same evaluate() on official PathMNIST test split -- identical across benchmark_v2_corrected and combined_e2e_minimal by construction (both derive these constants from the same locked protocol addenda).",True,"exact (partition,seed,attack,defense,regime) match found",0.4044568240642547,1.6191635131835938,False
c3_static__dirichlet_a0.5__no_attack__seed43,norm,A_condition_specific_oracle,43,dirichlet_a0.5,no_attack,"K=50 local SGD steps/client/round; 25 FL rounds; same TorchCNNFlat model/init scheme; SGD optimizer, LR=0.01, batch_size=128; 5 clients; MALICIOUS_RATIO=0.2 (client 0); attack_start=round 10; SERVER_REF_FRACTION=0.10; same evaluate() on official PathMNIST test split -- identical across benchmark_v2_corrected and combined_e2e_minimal by construction (both derive these constants from the same locked protocol addenda).",True,"exact (partition,seed,attack,defense,regime) match found",0.4009749293327331,1.6170235872268677,False
c3_static__dirichlet_a0.5__no_attack__seed43,cosine,A_condition_specific_oracle,43,dirichlet_a0.5,no_attack,"K=50 local SGD steps/client/round; 25 FL rounds; same TorchCNNFlat model/init scheme; SGD optimizer, LR=0.01, batch_size=128; 5 clients; MALICIOUS_RATIO=0.2 (client 0); attack_start=round 10; SERVER_REF_FRACTION=0.10; same evaluate() on official PathMNIST test split -- identical across benchmark_v2_corrected and combined_e2e_minimal by construction (both derive these constants from the same locked protocol addenda).",True,"exact (partition,seed,attack,defense,regime) match found",0.3824512660503387,1.6268492937088013,False
c3_static__dirichlet_a0.5__no_attack__seed43,sign_consensus,A_condition_specific_oracle,43,dirichlet_a0.5,no_attack,"K=50 local SGD steps/client/round; 25 FL rounds; same TorchCNNFlat model/init scheme; SGD optimizer, LR=0.01, batch_size=128; 5 clients; MALICIOUS_RATIO=0.2 (client 0); attack_start=round 10; SERVER_REF_FRACTION=0.10; same evaluate() on official PathMNIST test split -- identical across benchmark_v2_corrected and combined_e2e_minimal by construction (both derive these constants from the same locked protocol addenda).",True,"exact (partition,seed,attack,defense,regime) match found",0.4038997292518616,1.6193169355392456,False
c3_static__dirichlet_a0.5__no_attack__seed43,median,not_applicable,43,dirichlet_a0.5,no_attack,"K=50 local SGD steps/client/round; 25 FL rounds; same TorchCNNFlat model/init scheme; SGD optimizer, LR=0.01, batch_size=128; 5 clients; MALICIOUS_RATIO=0.2 (client 0); attack_start=round 10; SERVER_REF_FRACTION=0.10; same evaluate() on official PathMNIST test split -- identical across benchmark_v2_corrected and combined_e2e_minimal by construction (both derive these constants from the same locked protocol addenda).",True,"exact (partition,seed,attack,defense,regime) match found",0.2323119789361953,1.853576183319092,False
c3_static__dirichlet_a0.5__no_attack__seed43,multi_krum,not_applicable,43,dirichlet_a0.5,no_attack,"K=50 local SGD steps/client/round; 25 FL rounds; same TorchCNNFlat model/init scheme; SGD optimizer, LR=0.01, batch_size=128; 5 clients; MALICIOUS_RATIO=0.2 (client 0); attack_start=round 10; SERVER_REF_FRACTION=0.10; same evaluate() on official PathMNIST test split -- identical across benchmark_v2_corrected and combined_e2e_minimal by construction (both derive these constants from the same locked protocol addenda).",True,"exact (partition,seed,attack,defense,regime) match found",0.3320334255695343,1.767914891242981,False
c4_static__dirichlet_a0.5__no_attack__seed43,fedavg,not_applicable,43,dirichlet_a0.5,no_attack,"K=50 local SGD steps/client/round; 25 FL rounds; same TorchCNNFlat model/init scheme; SGD optimizer, LR=0.01, batch_size=128; 5 clients; MALICIOUS_RATIO=0.2 (client 0); attack_start=round 10; SERVER_REF_FRACTION=0.10; same evaluate() on official PathMNIST test split -- identical across benchmark_v2_corrected and combined_e2e_minimal by construction (both derive these constants from the same locked protocol addenda).",True,"exact (partition,seed,attack,defense,regime) match found",0.4044568240642547,1.6191635131835938,False
c4_static__dirichlet_a0.5__no_attack__seed43,norm,A_condition_specific_oracle,43,dirichlet_a0.5,no_attack,"K=50 local SGD steps/client/round; 25 FL rounds; same TorchCNNFlat model/init scheme; SGD optimizer, LR=0.01, batch_size=128; 5 clients; MALICIOUS_RATIO=0.2 (client 0); attack_start=round 10; SERVER_REF_FRACTION=0.10; same evaluate() on official PathMNIST test split -- identical across benchmark_v2_corrected and combined_e2e_minimal by construction (both derive these constants from the same locked protocol addenda).",True,"exact (partition,seed,attack,defense,regime) match found",0.4009749293327331,1.6170235872268677,False
c4_static__dirichlet_a0.5__no_attack__seed43,cosine,A_condition_specific_oracle,43,dirichlet_a0.5,no_attack,"K=50 local SGD steps/client/round; 25 FL rounds; same TorchCNNFlat model/init scheme; SGD optimizer, LR=0.01, batch_size=128; 5 clients; MALICIOUS_RATIO=0.2 (client 0); attack_start=round 10; SERVER_REF_FRACTION=0.10; same evaluate() on official PathMNIST test split -- identical across benchmark_v2_corrected and combined_e2e_minimal by construction (both derive these constants from the same locked protocol addenda).",True,"exact (partition,seed,attack,defense,regime) match found",0.3824512660503387,1.6268492937088013,False
c4_static__dirichlet_a0.5__no_attack__seed43,sign_consensus,A_condition_specific_oracle,43,dirichlet_a0.5,no_attack,"K=50 local SGD steps/client/round; 25 FL rounds; same TorchCNNFlat model/init scheme; SGD optimizer, LR=0.01, batch_size=128; 5 clients; MALICIOUS_RATIO=0.2 (client 0); attack_start=round 10; SERVER_REF_FRACTION=0.10; same evaluate() on official PathMNIST test split -- identical across benchmark_v2_corrected and combined_e2e_minimal by construction (both derive these constants from the same locked protocol addenda).",True,"exact (partition,seed,attack,defense,regime) match found",0.4038997292518616,1.6193169355392456,False
c4_static__dirichlet_a0.5__no_attack__seed43,median,not_applicable,43,dirichlet_a0.5,no_attack,"K=50 local SGD steps/client/round; 25 FL rounds; same TorchCNNFlat model/init scheme; SGD optimizer, LR=0.01, batch_size=128; 5 clients; MALICIOUS_RATIO=0.2 (client 0); attack_start=round 10; SERVER_REF_FRACTION=0.10; same evaluate() on official PathMNIST test split -- identical across benchmark_v2_corrected and combined_e2e_minimal by construction (both derive these constants from the same locked protocol addenda).",True,"exact (partition,seed,attack,defense,regime) match found",0.2323119789361953,1.853576183319092,False
c4_static__dirichlet_a0.5__no_attack__seed43,multi_krum,not_applicable,43,dirichlet_a0.5,no_attack,"K=50 local SGD steps/client/round; 25 FL rounds; same TorchCNNFlat model/init scheme; SGD optimizer, LR=0.01, batch_size=128; 5 clients; MALICIOUS_RATIO=0.2 (client 0); attack_start=round 10; SERVER_REF_FRACTION=0.10; same evaluate() on official PathMNIST test split -- identical across benchmark_v2_corrected and combined_e2e_minimal by construction (both derive these constants from the same locked protocol addenda).",True,"exact (partition,seed,attack,defense,regime) match found",0.3320334255695343,1.767914891242981,False
c4_drift_aware__dirichlet_a0.5__no_attack__seed43,fedavg,not_applicable,43,dirichlet_a0.5,no_attack,"K=50 local SGD steps/client/round; 25 FL rounds; same TorchCNNFlat model/init scheme; SGD optimizer, LR=0.01, batch_size=128; 5 clients; MALICIOUS_RATIO=0.2 (client 0); attack_start=round 10; SERVER_REF_FRACTION=0.10; same evaluate() on official PathMNIST test split -- identical across benchmark_v2_corrected and combined_e2e_minimal by construction (both derive these constants from the same locked protocol addenda).",True,"exact (partition,seed,attack,defense,regime) match found",0.4044568240642547,1.6191635131835938,False
c4_drift_aware__dirichlet_a0.5__no_attack__seed43,norm,A_condition_specific_oracle,43,dirichlet_a0.5,no_attack,"K=50 local SGD steps/client/round; 25 FL rounds; same TorchCNNFlat model/init scheme; SGD optimizer, LR=0.01, batch_size=128; 5 clients; MALICIOUS_RATIO=0.2 (client 0); attack_start=round 10; SERVER_REF_FRACTION=0.10; same evaluate() on official PathMNIST test split -- identical across benchmark_v2_corrected and combined_e2e_minimal by construction (both derive these constants from the same locked protocol addenda).",True,"exact (partition,seed,attack,defense,regime) match found",0.4009749293327331,1.6170235872268677,False
c4_drift_aware__dirichlet_a0.5__no_attack__seed43,cosine,A_condition_specific_oracle,43,dirichlet_a0.5,no_attack,"K=50 local SGD steps/client/round; 25 FL rounds; same TorchCNNFlat model/init scheme; SGD optimizer, LR=0.01, batch_size=128; 5 clients; MALICIOUS_RATIO=0.2 (client 0); attack_start=round 10; SERVER_REF_FRACTION=0.10; same evaluate() on official PathMNIST test split -- identical across benchmark_v2_corrected and combined_e2e_minimal by construction (both derive these constants from the same locked protocol addenda).",True,"exact (partition,seed,attack,defense,regime) match found",0.3824512660503387,1.6268492937088013,False
c4_drift_aware__dirichlet_a0.5__no_attack__seed43,sign_consensus,A_condition_specific_oracle,43,dirichlet_a0.5,no_attack,"K=50 local SGD steps/client/round; 25 FL rounds; same TorchCNNFlat model/init scheme; SGD optimizer, LR=0.01, batch_size=128; 5 clients; MALICIOUS_RATIO=0.2 (client 0); attack_start=round 10; SERVER_REF_FRACTION=0.10; same evaluate() on official PathMNIST test split -- identical across benchmark_v2_corrected and combined_e2e_minimal by construction (both derive these constants from the same locked protocol addenda).",True,"exact (partition,seed,attack,defense,regime) match found",0.4038997292518616,1.6193169355392456,False
c4_drift_aware__dirichlet_a0.5__no_attack__seed43,median,not_applicable,43,dirichlet_a0.5,no_attack,"K=50 local SGD steps/client/round; 25 FL rounds; same TorchCNNFlat model/init scheme; SGD optimizer, LR=0.01, batch_size=128; 5 clients; MALICIOUS_RATIO=0.2 (client 0); attack_start=round 10; SERVER_REF_FRACTION=0.10; same evaluate() on official PathMNIST test split -- identical across benchmark_v2_corrected and combined_e2e_minimal by construction (both derive these constants from the same locked protocol addenda).",True,"exact (partition,seed,attack,defense,regime) match found",0.2323119789361953,1.853576183319092,False
c4_drift_aware__dirichlet_a0.5__no_attack__seed43,multi_krum,not_applicable,43,dirichlet_a0.5,no_attack,"K=50 local SGD steps/client/round; 25 FL rounds; same TorchCNNFlat model/init scheme; SGD optimizer, LR=0.01, batch_size=128; 5 clients; MALICIOUS_RATIO=0.2 (client 0); attack_start=round 10; SERVER_REF_FRACTION=0.10; same evaluate() on official PathMNIST test split -- identical across benchmark_v2_corrected and combined_e2e_minimal by construction (both derive these constants from the same locked protocol addenda).",True,"exact (partition,seed,attack,defense,regime) match found",0.3320334255695343,1.767914891242981,False
c3_static__dirichlet_a0.5__large_norm__seed43,fedavg,not_applicable,43,dirichlet_a0.5,large_norm,"K=50 local SGD steps/client/round; 25 FL rounds; same TorchCNNFlat model/init scheme; SGD optimizer, LR=0.01, batch_size=128; 5 clients; MALICIOUS_RATIO=0.2 (client 0); attack_start=round 10; SERVER_REF_FRACTION=0.10; same evaluate() on official PathMNIST test split -- identical across benchmark_v2_corrected and combined_e2e_minimal by construction (both derive these constants from the same locked protocol addenda).",True,"exact (partition,seed,attack,defense,regime) match found",0.1022284179925918,64792480.0,True
c3_static__dirichlet_a0.5__large_norm__seed43,norm,A_condition_specific_oracle,43,dirichlet_a0.5,large_norm,"K=50 local SGD steps/client/round; 25 FL rounds; same TorchCNNFlat model/init scheme; SGD optimizer, LR=0.01, batch_size=128; 5 clients; MALICIOUS_RATIO=0.2 (client 0); attack_start=round 10; SERVER_REF_FRACTION=0.10; same evaluate() on official PathMNIST test split -- identical across benchmark_v2_corrected and combined_e2e_minimal by construction (both derive these constants from the same locked protocol addenda).",True,"exact (partition,seed,attack,defense,regime) match found",0.3350974917411804,1.785112738609314,False
c3_static__dirichlet_a0.5__large_norm__seed43,cosine,A_condition_specific_oracle,43,dirichlet_a0.5,large_norm,"K=50 local SGD steps/client/round; 25 FL rounds; same TorchCNNFlat model/init scheme; SGD optimizer, LR=0.01, batch_size=128; 5 clients; MALICIOUS_RATIO=0.2 (client 0); attack_start=round 10; SERVER_REF_FRACTION=0.10; same evaluate() on official PathMNIST test split -- identical across benchmark_v2_corrected and combined_e2e_minimal by construction (both derive these constants from the same locked protocol addenda).",True,"exact (partition,seed,attack,defense,regime) match found",0.0830083563923835,184627696.0,True
c3_static__dirichlet_a0.5__large_norm__seed43,sign_consensus,A_condition_specific_oracle,43,dirichlet_a0.5,large_norm,"K=50 local SGD steps/client/round; 25 FL rounds; same TorchCNNFlat model/init scheme; SGD optimizer, LR=0.01, batch_size=128; 5 clients; MALICIOUS_RATIO=0.2 (client 0); attack_start=round 10; SERVER_REF_FRACTION=0.10; same evaluate() on official PathMNIST test split -- identical across benchmark_v2_corrected and combined_e2e_minimal by construction (both derive these constants from the same locked protocol addenda).",True,"exact (partition,seed,attack,defense,regime) match found",0.1022284179925918,64799232.0,True
c3_static__dirichlet_a0.5__large_norm__seed43,median,not_applicable,43,dirichlet_a0.5,large_norm,"K=50 local SGD steps/client/round; 25 FL rounds; same TorchCNNFlat model/init scheme; SGD optimizer, LR=0.01, batch_size=128; 5 clients; MALICIOUS_RATIO=0.2 (client 0); attack_start=round 10; SERVER_REF_FRACTION=0.10; same evaluate() on official PathMNIST test split -- identical across benchmark_v2_corrected and combined_e2e_minimal by construction (both derive these constants from the same locked protocol addenda).",True,"exact (partition,seed,attack,defense,regime) match found",0.3133704960346222,1.900312542915344,False
c3_static__dirichlet_a0.5__large_norm__seed43,multi_krum,not_applicable,43,dirichlet_a0.5,large_norm,"K=50 local SGD steps/client/round; 25 FL rounds; same TorchCNNFlat model/init scheme; SGD optimizer, LR=0.01, batch_size=128; 5 clients; MALICIOUS_RATIO=0.2 (client 0); attack_start=round 10; SERVER_REF_FRACTION=0.10; same evaluate() on official PathMNIST test split -- identical across benchmark_v2_corrected and combined_e2e_minimal by construction (both derive these constants from the same locked protocol addenda).",True,"exact (partition,seed,attack,defense,regime) match found",0.3302228450775146,1.7972811460494995,False
c4_static__dirichlet_a0.5__large_norm__seed43,fedavg,not_applicable,43,dirichlet_a0.5,large_norm,"K=50 local SGD steps/client/round; 25 FL rounds; same TorchCNNFlat model/init scheme; SGD optimizer, LR=0.01, batch_size=128; 5 clients; MALICIOUS_RATIO=0.2 (client 0); attack_start=round 10; SERVER_REF_FRACTION=0.10; same evaluate() on official PathMNIST test split -- identical across benchmark_v2_corrected and combined_e2e_minimal by construction (both derive these constants from the same locked protocol addenda).",True,"exact (partition,seed,attack,defense,regime) match found",0.1022284179925918,64792480.0,True
c4_static__dirichlet_a0.5__large_norm__seed43,norm,A_condition_specific_oracle,43,dirichlet_a0.5,large_norm,"K=50 local SGD steps/client/round; 25 FL rounds; same TorchCNNFlat model/init scheme; SGD optimizer, LR=0.01, batch_size=128; 5 clients; MALICIOUS_RATIO=0.2 (client 0); attack_start=round 10; SERVER_REF_FRACTION=0.10; same evaluate() on official PathMNIST test split -- identical across benchmark_v2_corrected and combined_e2e_minimal by construction (both derive these constants from the same locked protocol addenda).",True,"exact (partition,seed,attack,defense,regime) match found",0.3350974917411804,1.785112738609314,False
c4_static__dirichlet_a0.5__large_norm__seed43,cosine,A_condition_specific_oracle,43,dirichlet_a0.5,large_norm,"K=50 local SGD steps/client/round; 25 FL rounds; same TorchCNNFlat model/init scheme; SGD optimizer, LR=0.01, batch_size=128; 5 clients; MALICIOUS_RATIO=0.2 (client 0); attack_start=round 10; SERVER_REF_FRACTION=0.10; same evaluate() on official PathMNIST test split -- identical across benchmark_v2_corrected and combined_e2e_minimal by construction (both derive these constants from the same locked protocol addenda).",True,"exact (partition,seed,attack,defense,regime) match found",0.0830083563923835,184627696.0,True
c4_static__dirichlet_a0.5__large_norm__seed43,sign_consensus,A_condition_specific_oracle,43,dirichlet_a0.5,large_norm,"K=50 local SGD steps/client/round; 25 FL rounds; same TorchCNNFlat model/init scheme; SGD optimizer, LR=0.01, batch_size=128; 5 clients; MALICIOUS_RATIO=0.2 (client 0); attack_start=round 10; SERVER_REF_FRACTION=0.10; same evaluate() on official PathMNIST test split -- identical across benchmark_v2_corrected and combined_e2e_minimal by construction (both derive these constants from the same locked protocol addenda).",True,"exact (partition,seed,attack,defense,regime) match found",0.1022284179925918,64799232.0,True
c4_static__dirichlet_a0.5__large_norm__seed43,median,not_applicable,43,dirichlet_a0.5,large_norm,"K=50 local SGD steps/client/round; 25 FL rounds; same TorchCNNFlat model/init scheme; SGD optimizer, LR=0.01, batch_size=128; 5 clients; MALICIOUS_RATIO=0.2 (client 0); attack_start=round 10; SERVER_REF_FRACTION=0.10; same evaluate() on official PathMNIST test split -- identical across benchmark_v2_corrected and combined_e2e_minimal by construction (both derive these constants from the same locked protocol addenda).",True,"exact (partition,seed,attack,defense,regime) match found",0.3133704960346222,1.900312542915344,False
c4_static__dirichlet_a0.5__large_norm__seed43,multi_krum,not_applicable,43,dirichlet_a0.5,large_norm,"K=50 local SGD steps/client/round; 25 FL rounds; same TorchCNNFlat model/init scheme; SGD optimizer, LR=0.01, batch_size=128; 5 clients; MALICIOUS_RATIO=0.2 (client 0); attack_start=round 10; SERVER_REF_FRACTION=0.10; same evaluate() on official PathMNIST test split -- identical across benchmark_v2_corrected and combined_e2e_minimal by construction (both derive these constants from the same locked protocol addenda).",True,"exact (partition,seed,attack,defense,regime) match found",0.3302228450775146,1.7972811460494995,False
c4_drift_aware__dirichlet_a0.5__large_norm__seed43,fedavg,not_applicable,43,dirichlet_a0.5,large_norm,"K=50 local SGD steps/client/round; 25 FL rounds; same TorchCNNFlat model/init scheme; SGD optimizer, LR=0.01, batch_size=128; 5 clients; MALICIOUS_RATIO=0.2 (client 0); attack_start=round 10; SERVER_REF_FRACTION=0.10; same evaluate() on official PathMNIST test split -- identical across benchmark_v2_corrected and combined_e2e_minimal by construction (both derive these constants from the same locked protocol addenda).",True,"exact (partition,seed,attack,defense,regime) match found",0.1022284179925918,64792480.0,True
c4_drift_aware__dirichlet_a0.5__large_norm__seed43,norm,A_condition_specific_oracle,43,dirichlet_a0.5,large_norm,"K=50 local SGD steps/client/round; 25 FL rounds; same TorchCNNFlat model/init scheme; SGD optimizer, LR=0.01, batch_size=128; 5 clients; MALICIOUS_RATIO=0.2 (client 0); attack_start=round 10; SERVER_REF_FRACTION=0.10; same evaluate() on official PathMNIST test split -- identical across benchmark_v2_corrected and combined_e2e_minimal by construction (both derive these constants from the same locked protocol addenda).",True,"exact (partition,seed,attack,defense,regime) match found",0.3350974917411804,1.785112738609314,False
c4_drift_aware__dirichlet_a0.5__large_norm__seed43,cosine,A_condition_specific_oracle,43,dirichlet_a0.5,large_norm,"K=50 local SGD steps/client/round; 25 FL rounds; same TorchCNNFlat model/init scheme; SGD optimizer, LR=0.01, batch_size=128; 5 clients; MALICIOUS_RATIO=0.2 (client 0); attack_start=round 10; SERVER_REF_FRACTION=0.10; same evaluate() on official PathMNIST test split -- identical across benchmark_v2_corrected and combined_e2e_minimal by construction (both derive these constants from the same locked protocol addenda).",True,"exact (partition,seed,attack,defense,regime) match found",0.0830083563923835,184627696.0,True
c4_drift_aware__dirichlet_a0.5__large_norm__seed43,sign_consensus,A_condition_specific_oracle,43,dirichlet_a0.5,large_norm,"K=50 local SGD steps/client/round; 25 FL rounds; same TorchCNNFlat model/init scheme; SGD optimizer, LR=0.01, batch_size=128; 5 clients; MALICIOUS_RATIO=0.2 (client 0); attack_start=round 10; SERVER_REF_FRACTION=0.10; same evaluate() on official PathMNIST test split -- identical across benchmark_v2_corrected and combined_e2e_minimal by construction (both derive these constants from the same locked protocol addenda).",True,"exact (partition,seed,attack,defense,regime) match found",0.1022284179925918,64799232.0,True
c4_drift_aware__dirichlet_a0.5__large_norm__seed43,median,not_applicable,43,dirichlet_a0.5,large_norm,"K=50 local SGD steps/client/round; 25 FL rounds; same TorchCNNFlat model/init scheme; SGD optimizer, LR=0.01, batch_size=128; 5 clients; MALICIOUS_RATIO=0.2 (client 0); attack_start=round 10; SERVER_REF_FRACTION=0.10; same evaluate() on official PathMNIST test split -- identical across benchmark_v2_corrected and combined_e2e_minimal by construction (both derive these constants from the same locked protocol addenda).",True,"exact (partition,seed,attack,defense,regime) match found",0.3133704960346222,1.900312542915344,False
c4_drift_aware__dirichlet_a0.5__large_norm__seed43,multi_krum,not_applicable,43,dirichlet_a0.5,large_norm,"K=50 local SGD steps/client/round; 25 FL rounds; same TorchCNNFlat model/init scheme; SGD optimizer, LR=0.01, batch_size=128; 5 clients; MALICIOUS_RATIO=0.2 (client 0); attack_start=round 10; SERVER_REF_FRACTION=0.10; same evaluate() on official PathMNIST test split -- identical across benchmark_v2_corrected and combined_e2e_minimal by construction (both derive these constants from the same locked protocol addenda).",True,"exact (partition,seed,attack,defense,regime) match found",0.3302228450775146,1.7972811460494995,False
c3_static__dirichlet_a0.5__directional_poisoning__seed43,fedavg,not_applicable,43,dirichlet_a0.5,directional_poisoning,"K=50 local SGD steps/client/round; 25 FL rounds; same TorchCNNFlat model/init scheme; SGD optimizer, LR=0.01, batch_size=128; 5 clients; MALICIOUS_RATIO=0.2 (client 0); attack_start=round 10; SERVER_REF_FRACTION=0.10; same evaluate() on official PathMNIST test split -- identical across benchmark_v2_corrected and combined_e2e_minimal by construction (both derive these constants from the same locked protocol addenda).",True,"exact (partition,seed,attack,defense,regime) match found",0.3000000119209289,2.1577322483062744,False
c3_static__dirichlet_a0.5__directional_poisoning__seed43,norm,A_condition_specific_oracle,43,dirichlet_a0.5,directional_poisoning,"K=50 local SGD steps/client/round; 25 FL rounds; same TorchCNNFlat model/init scheme; SGD optimizer, LR=0.01, batch_size=128; 5 clients; MALICIOUS_RATIO=0.2 (client 0); attack_start=round 10; SERVER_REF_FRACTION=0.10; same evaluate() on official PathMNIST test split -- identical across benchmark_v2_corrected and combined_e2e_minimal by construction (both derive these constants from the same locked protocol addenda).",True,"exact (partition,seed,attack,defense,regime) match found",0.3189415037631988,1.785049557685852,False
c3_static__dirichlet_a0.5__directional_poisoning__seed43,cosine,A_condition_specific_oracle,43,dirichlet_a0.5,directional_poisoning,"K=50 local SGD steps/client/round; 25 FL rounds; same TorchCNNFlat model/init scheme; SGD optimizer, LR=0.01, batch_size=128; 5 clients; MALICIOUS_RATIO=0.2 (client 0); attack_start=round 10; SERVER_REF_FRACTION=0.10; same evaluate() on official PathMNIST test split -- identical across benchmark_v2_corrected and combined_e2e_minimal by construction (both derive these constants from the same locked protocol addenda).",True,"exact (partition,seed,attack,defense,regime) match found",0.3285515308380127,1.7680233716964722,False
c3_static__dirichlet_a0.5__directional_poisoning__seed43,sign_consensus,A_condition_specific_oracle,43,dirichlet_a0.5,directional_poisoning,"K=50 local SGD steps/client/round; 25 FL rounds; same TorchCNNFlat model/init scheme; SGD optimizer, LR=0.01, batch_size=128; 5 clients; MALICIOUS_RATIO=0.2 (client 0); attack_start=round 10; SERVER_REF_FRACTION=0.10; same evaluate() on official PathMNIST test split -- identical across benchmark_v2_corrected and combined_e2e_minimal by construction (both derive these constants from the same locked protocol addenda).",True,"exact (partition,seed,attack,defense,regime) match found",0.2998607456684112,2.1598458290100098,False
c3_static__dirichlet_a0.5__directional_poisoning__seed43,median,not_applicable,43,dirichlet_a0.5,directional_poisoning,"K=50 local SGD steps/client/round; 25 FL rounds; same TorchCNNFlat model/init scheme; SGD optimizer, LR=0.01, batch_size=128; 5 clients; MALICIOUS_RATIO=0.2 (client 0); attack_start=round 10; SERVER_REF_FRACTION=0.10; same evaluate() on official PathMNIST test split -- identical across benchmark_v2_corrected and combined_e2e_minimal by construction (both derive these constants from the same locked protocol addenda).",True,"exact (partition,seed,attack,defense,regime) match found",0.3700557053089142,2.1740667819976807,False
c3_static__dirichlet_a0.5__directional_poisoning__seed43,multi_krum,not_applicable,43,dirichlet_a0.5,directional_poisoning,"K=50 local SGD steps/client/round; 25 FL rounds; same TorchCNNFlat model/init scheme; SGD optimizer, LR=0.01, batch_size=128; 5 clients; MALICIOUS_RATIO=0.2 (client 0); attack_start=round 10; SERVER_REF_FRACTION=0.10; same evaluate() on official PathMNIST test split -- identical across benchmark_v2_corrected and combined_e2e_minimal by construction (both derive these constants from the same locked protocol addenda).",True,"exact (partition,seed,attack,defense,regime) match found",0.3328690826892853,1.7699942588806152,False
c4_static__dirichlet_a0.5__directional_poisoning__seed43,fedavg,not_applicable,43,dirichlet_a0.5,directional_poisoning,"K=50 local SGD steps/client/round; 25 FL rounds; same TorchCNNFlat model/init scheme; SGD optimizer, LR=0.01, batch_size=128; 5 clients; MALICIOUS_RATIO=0.2 (client 0); attack_start=round 10; SERVER_REF_FRACTION=0.10; same evaluate() on official PathMNIST test split -- identical across benchmark_v2_corrected and combined_e2e_minimal by construction (both derive these constants from the same locked protocol addenda).",True,"exact (partition,seed,attack,defense,regime) match found",0.3000000119209289,2.1577322483062744,False
c4_static__dirichlet_a0.5__directional_poisoning__seed43,norm,A_condition_specific_oracle,43,dirichlet_a0.5,directional_poisoning,"K=50 local SGD steps/client/round; 25 FL rounds; same TorchCNNFlat model/init scheme; SGD optimizer, LR=0.01, batch_size=128; 5 clients; MALICIOUS_RATIO=0.2 (client 0); attack_start=round 10; SERVER_REF_FRACTION=0.10; same evaluate() on official PathMNIST test split -- identical across benchmark_v2_corrected and combined_e2e_minimal by construction (both derive these constants from the same locked protocol addenda).",True,"exact (partition,seed,attack,defense,regime) match found",0.3189415037631988,1.785049557685852,False
c4_static__dirichlet_a0.5__directional_poisoning__seed43,cosine,A_condition_specific_oracle,43,dirichlet_a0.5,directional_poisoning,"K=50 local SGD steps/client/round; 25 FL rounds; same TorchCNNFlat model/init scheme; SGD optimizer, LR=0.01, batch_size=128; 5 clients; MALICIOUS_RATIO=0.2 (client 0); attack_start=round 10; SERVER_REF_FRACTION=0.10; same evaluate() on official PathMNIST test split -- identical across benchmark_v2_corrected and combined_e2e_minimal by construction (both derive these constants from the same locked protocol addenda).",True,"exact (partition,seed,attack,defense,regime) match found",0.3285515308380127,1.7680233716964722,False
c4_static__dirichlet_a0.5__directional_poisoning__seed43,sign_consensus,A_condition_specific_oracle,43,dirichlet_a0.5,directional_poisoning,"K=50 local SGD steps/client/round; 25 FL rounds; same TorchCNNFlat model/init scheme; SGD optimizer, LR=0.01, batch_size=128; 5 clients; MALICIOUS_RATIO=0.2 (client 0); attack_start=round 10; SERVER_REF_FRACTION=0.10; same evaluate() on official PathMNIST test split -- identical across benchmark_v2_corrected and combined_e2e_minimal by construction (both derive these constants from the same locked protocol addenda).",True,"exact (partition,seed,attack,defense,regime) match found",0.2998607456684112,2.1598458290100098,False
c4_static__dirichlet_a0.5__directional_poisoning__seed43,median,not_applicable,43,dirichlet_a0.5,directional_poisoning,"K=50 local SGD steps/client/round; 25 FL rounds; same TorchCNNFlat model/init scheme; SGD optimizer, LR=0.01, batch_size=128; 5 clients; MALICIOUS_RATIO=0.2 (client 0); attack_start=round 10; SERVER_REF_FRACTION=0.10; same evaluate() on official PathMNIST test split -- identical across benchmark_v2_corrected and combined_e2e_minimal by construction (both derive these constants from the same locked protocol addenda).",True,"exact (partition,seed,attack,defense,regime) match found",0.3700557053089142,2.1740667819976807,False
c4_static__dirichlet_a0.5__directional_poisoning__seed43,multi_krum,not_applicable,43,dirichlet_a0.5,directional_poisoning,"K=50 local SGD steps/client/round; 25 FL rounds; same TorchCNNFlat model/init scheme; SGD optimizer, LR=0.01, batch_size=128; 5 clients; MALICIOUS_RATIO=0.2 (client 0); attack_start=round 10; SERVER_REF_FRACTION=0.10; same evaluate() on official PathMNIST test split -- identical across benchmark_v2_corrected and combined_e2e_minimal by construction (both derive these constants from the same locked protocol addenda).",True,"exact (partition,seed,attack,defense,regime) match found",0.3328690826892853,1.7699942588806152,False
c4_drift_aware__dirichlet_a0.5__directional_poisoning__seed43,fedavg,not_applicable,43,dirichlet_a0.5,directional_poisoning,"K=50 local SGD steps/client/round; 25 FL rounds; same TorchCNNFlat model/init scheme; SGD optimizer, LR=0.01, batch_size=128; 5 clients; MALICIOUS_RATIO=0.2 (client 0); attack_start=round 10; SERVER_REF_FRACTION=0.10; same evaluate() on official PathMNIST test split -- identical across benchmark_v2_corrected and combined_e2e_minimal by construction (both derive these constants from the same locked protocol addenda).",True,"exact (partition,seed,attack,defense,regime) match found",0.3000000119209289,2.1577322483062744,False
c4_drift_aware__dirichlet_a0.5__directional_poisoning__seed43,norm,A_condition_specific_oracle,43,dirichlet_a0.5,directional_poisoning,"K=50 local SGD steps/client/round; 25 FL rounds; same TorchCNNFlat model/init scheme; SGD optimizer, LR=0.01, batch_size=128; 5 clients; MALICIOUS_RATIO=0.2 (client 0); attack_start=round 10; SERVER_REF_FRACTION=0.10; same evaluate() on official PathMNIST test split -- identical across benchmark_v2_corrected and combined_e2e_minimal by construction (both derive these constants from the same locked protocol addenda).",True,"exact (partition,seed,attack,defense,regime) match found",0.3189415037631988,1.785049557685852,False
c4_drift_aware__dirichlet_a0.5__directional_poisoning__seed43,cosine,A_condition_specific_oracle,43,dirichlet_a0.5,directional_poisoning,"K=50 local SGD steps/client/round; 25 FL rounds; same TorchCNNFlat model/init scheme; SGD optimizer, LR=0.01, batch_size=128; 5 clients; MALICIOUS_RATIO=0.2 (client 0); attack_start=round 10; SERVER_REF_FRACTION=0.10; same evaluate() on official PathMNIST test split -- identical across benchmark_v2_corrected and combined_e2e_minimal by construction (both derive these constants from the same locked protocol addenda).",True,"exact (partition,seed,attack,defense,regime) match found",0.3285515308380127,1.7680233716964722,False
c4_drift_aware__dirichlet_a0.5__directional_poisoning__seed43,sign_consensus,A_condition_specific_oracle,43,dirichlet_a0.5,directional_poisoning,"K=50 local SGD steps/client/round; 25 FL rounds; same TorchCNNFlat model/init scheme; SGD optimizer, LR=0.01, batch_size=128; 5 clients; MALICIOUS_RATIO=0.2 (client 0); attack_start=round 10; SERVER_REF_FRACTION=0.10; same evaluate() on official PathMNIST test split -- identical across benchmark_v2_corrected and combined_e2e_minimal by construction (both derive these constants from the same locked protocol addenda).",True,"exact (partition,seed,attack,defense,regime) match found",0.2998607456684112,2.1598458290100098,False
c4_drift_aware__dirichlet_a0.5__directional_poisoning__seed43,median,not_applicable,43,dirichlet_a0.5,directional_poisoning,"K=50 local SGD steps/client/round; 25 FL rounds; same TorchCNNFlat model/init scheme; SGD optimizer, LR=0.01, batch_size=128; 5 clients; MALICIOUS_RATIO=0.2 (client 0); attack_start=round 10; SERVER_REF_FRACTION=0.10; same evaluate() on official PathMNIST test split -- identical across benchmark_v2_corrected and combined_e2e_minimal by construction (both derive these constants from the same locked protocol addenda).",True,"exact (partition,seed,attack,defense,regime) match found",0.3700557053089142,2.1740667819976807,False
c4_drift_aware__dirichlet_a0.5__directional_poisoning__seed43,multi_krum,not_applicable,43,dirichlet_a0.5,directional_poisoning,"K=50 local SGD steps/client/round; 25 FL rounds; same TorchCNNFlat model/init scheme; SGD optimizer, LR=0.01, batch_size=128; 5 clients; MALICIOUS_RATIO=0.2 (client 0); attack_start=round 10; SERVER_REF_FRACTION=0.10; same evaluate() on official PathMNIST test split -- identical across benchmark_v2_corrected and combined_e2e_minimal by construction (both derive these constants from the same locked protocol addenda).",True,"exact (partition,seed,attack,defense,regime) match found",0.3328690826892853,1.7699942588806152,False
c3_static__dirichlet_a0.5__sparse_coordinate_attack__seed43,fedavg,not_applicable,43,dirichlet_a0.5,sparse_coordinate_attack,"K=50 local SGD steps/client/round; 25 FL rounds; same TorchCNNFlat model/init scheme; SGD optimizer, LR=0.01, batch_size=128; 5 clients; MALICIOUS_RATIO=0.2 (client 0); attack_start=round 10; SERVER_REF_FRACTION=0.10; same evaluate() on official PathMNIST test split -- identical across benchmark_v2_corrected and combined_e2e_minimal by construction (both derive these constants from the same locked protocol addenda).",True,"exact (partition,seed,attack,defense,regime) match found",0.2146239578723907,2.346790313720703,False
c3_static__dirichlet_a0.5__sparse_coordinate_attack__seed43,norm,A_condition_specific_oracle,43,dirichlet_a0.5,sparse_coordinate_attack,"K=50 local SGD steps/client/round; 25 FL rounds; same TorchCNNFlat model/init scheme; SGD optimizer, LR=0.01, batch_size=128; 5 clients; MALICIOUS_RATIO=0.2 (client 0); attack_start=round 10; SERVER_REF_FRACTION=0.10; same evaluate() on official PathMNIST test split -- identical across benchmark_v2_corrected and combined_e2e_minimal by construction (both derive these constants from the same locked protocol addenda).",True,"exact (partition,seed,attack,defense,regime) match found",0.344986081123352,1.795437574386597,False
c3_static__dirichlet_a0.5__sparse_coordinate_attack__seed43,cosine,A_condition_specific_oracle,43,dirichlet_a0.5,sparse_coordinate_attack,"K=50 local SGD steps/client/round; 25 FL rounds; same TorchCNNFlat model/init scheme; SGD optimizer, LR=0.01, batch_size=128; 5 clients; MALICIOUS_RATIO=0.2 (client 0); attack_start=round 10; SERVER_REF_FRACTION=0.10; same evaluate() on official PathMNIST test split -- identical across benchmark_v2_corrected and combined_e2e_minimal by construction (both derive these constants from the same locked protocol addenda).",True,"exact (partition,seed,attack,defense,regime) match found",0.3346796631813049,1.893547296524048,False
c3_static__dirichlet_a0.5__sparse_coordinate_attack__seed43,sign_consensus,A_condition_specific_oracle,43,dirichlet_a0.5,sparse_coordinate_attack,"K=50 local SGD steps/client/round; 25 FL rounds; same TorchCNNFlat model/init scheme; SGD optimizer, LR=0.01, batch_size=128; 5 clients; MALICIOUS_RATIO=0.2 (client 0); attack_start=round 10; SERVER_REF_FRACTION=0.10; same evaluate() on official PathMNIST test split -- identical across benchmark_v2_corrected and combined_e2e_minimal by construction (both derive these constants from the same locked protocol addenda).",True,"exact (partition,seed,attack,defense,regime) match found",0.3451253473758697,1.7909770011901855,False
c3_static__dirichlet_a0.5__sparse_coordinate_attack__seed43,median,not_applicable,43,dirichlet_a0.5,sparse_coordinate_attack,"K=50 local SGD steps/client/round; 25 FL rounds; same TorchCNNFlat model/init scheme; SGD optimizer, LR=0.01, batch_size=128; 5 clients; MALICIOUS_RATIO=0.2 (client 0); attack_start=round 10; SERVER_REF_FRACTION=0.10; same evaluate() on official PathMNIST test split -- identical across benchmark_v2_corrected and combined_e2e_minimal by construction (both derive these constants from the same locked protocol addenda).",True,"exact (partition,seed,attack,defense,regime) match found",0.3412256240844726,1.8376727104187007,False
c3_static__dirichlet_a0.5__sparse_coordinate_attack__seed43,multi_krum,not_applicable,43,dirichlet_a0.5,sparse_coordinate_attack,"K=50 local SGD steps/client/round; 25 FL rounds; same TorchCNNFlat model/init scheme; SGD optimizer, LR=0.01, batch_size=128; 5 clients; MALICIOUS_RATIO=0.2 (client 0); attack_start=round 10; SERVER_REF_FRACTION=0.10; same evaluate() on official PathMNIST test split -- identical across benchmark_v2_corrected and combined_e2e_minimal by construction (both derive these constants from the same locked protocol addenda).",True,"exact (partition,seed,attack,defense,regime) match found",0.3434540331363678,1.8054622411727903,False
c4_static__dirichlet_a0.5__sparse_coordinate_attack__seed43,fedavg,not_applicable,43,dirichlet_a0.5,sparse_coordinate_attack,"K=50 local SGD steps/client/round; 25 FL rounds; same TorchCNNFlat model/init scheme; SGD optimizer, LR=0.01, batch_size=128; 5 clients; MALICIOUS_RATIO=0.2 (client 0); attack_start=round 10; SERVER_REF_FRACTION=0.10; same evaluate() on official PathMNIST test split -- identical across benchmark_v2_corrected and combined_e2e_minimal by construction (both derive these constants from the same locked protocol addenda).",True,"exact (partition,seed,attack,defense,regime) match found",0.2146239578723907,2.346790313720703,False
c4_static__dirichlet_a0.5__sparse_coordinate_attack__seed43,norm,A_condition_specific_oracle,43,dirichlet_a0.5,sparse_coordinate_attack,"K=50 local SGD steps/client/round; 25 FL rounds; same TorchCNNFlat model/init scheme; SGD optimizer, LR=0.01, batch_size=128; 5 clients; MALICIOUS_RATIO=0.2 (client 0); attack_start=round 10; SERVER_REF_FRACTION=0.10; same evaluate() on official PathMNIST test split -- identical across benchmark_v2_corrected and combined_e2e_minimal by construction (both derive these constants from the same locked protocol addenda).",True,"exact (partition,seed,attack,defense,regime) match found",0.344986081123352,1.795437574386597,False
c4_static__dirichlet_a0.5__sparse_coordinate_attack__seed43,cosine,A_condition_specific_oracle,43,dirichlet_a0.5,sparse_coordinate_attack,"K=50 local SGD steps/client/round; 25 FL rounds; same TorchCNNFlat model/init scheme; SGD optimizer, LR=0.01, batch_size=128; 5 clients; MALICIOUS_RATIO=0.2 (client 0); attack_start=round 10; SERVER_REF_FRACTION=0.10; same evaluate() on official PathMNIST test split -- identical across benchmark_v2_corrected and combined_e2e_minimal by construction (both derive these constants from the same locked protocol addenda).",True,"exact (partition,seed,attack,defense,regime) match found",0.3346796631813049,1.893547296524048,False
c4_static__dirichlet_a0.5__sparse_coordinate_attack__seed43,sign_consensus,A_condition_specific_oracle,43,dirichlet_a0.5,sparse_coordinate_attack,"K=50 local SGD steps/client/round; 25 FL rounds; same TorchCNNFlat model/init scheme; SGD optimizer, LR=0.01, batch_size=128; 5 clients; MALICIOUS_RATIO=0.2 (client 0); attack_start=round 10; SERVER_REF_FRACTION=0.10; same evaluate() on official PathMNIST test split -- identical across benchmark_v2_corrected and combined_e2e_minimal by construction (both derive these constants from the same locked protocol addenda).",True,"exact (partition,seed,attack,defense,regime) match found",0.3451253473758697,1.7909770011901855,False
c4_static__dirichlet_a0.5__sparse_coordinate_attack__seed43,median,not_applicable,43,dirichlet_a0.5,sparse_coordinate_attack,"K=50 local SGD steps/client/round; 25 FL rounds; same TorchCNNFlat model/init scheme; SGD optimizer, LR=0.01, batch_size=128; 5 clients; MALICIOUS_RATIO=0.2 (client 0); attack_start=round 10; SERVER_REF_FRACTION=0.10; same evaluate() on official PathMNIST test split -- identical across benchmark_v2_corrected and combined_e2e_minimal by construction (both derive these constants from the same locked protocol addenda).",True,"exact (partition,seed,attack,defense,regime) match found",0.3412256240844726,1.8376727104187007,False
c4_static__dirichlet_a0.5__sparse_coordinate_attack__seed43,multi_krum,not_applicable,43,dirichlet_a0.5,sparse_coordinate_attack,"K=50 local SGD steps/client/round; 25 FL rounds; same TorchCNNFlat model/init scheme; SGD optimizer, LR=0.01, batch_size=128; 5 clients; MALICIOUS_RATIO=0.2 (client 0); attack_start=round 10; SERVER_REF_FRACTION=0.10; same evaluate() on official PathMNIST test split -- identical across benchmark_v2_corrected and combined_e2e_minimal by construction (both derive these constants from the same locked protocol addenda).",True,"exact (partition,seed,attack,defense,regime) match found",0.3434540331363678,1.8054622411727903,False
c4_drift_aware__dirichlet_a0.5__sparse_coordinate_attack__seed43,fedavg,not_applicable,43,dirichlet_a0.5,sparse_coordinate_attack,"K=50 local SGD steps/client/round; 25 FL rounds; same TorchCNNFlat model/init scheme; SGD optimizer, LR=0.01, batch_size=128; 5 clients; MALICIOUS_RATIO=0.2 (client 0); attack_start=round 10; SERVER_REF_FRACTION=0.10; same evaluate() on official PathMNIST test split -- identical across benchmark_v2_corrected and combined_e2e_minimal by construction (both derive these constants from the same locked protocol addenda).",True,"exact (partition,seed,attack,defense,regime) match found",0.2146239578723907,2.346790313720703,False
c4_drift_aware__dirichlet_a0.5__sparse_coordinate_attack__seed43,norm,A_condition_specific_oracle,43,dirichlet_a0.5,sparse_coordinate_attack,"K=50 local SGD steps/client/round; 25 FL rounds; same TorchCNNFlat model/init scheme; SGD optimizer, LR=0.01, batch_size=128; 5 clients; MALICIOUS_RATIO=0.2 (client 0); attack_start=round 10; SERVER_REF_FRACTION=0.10; same evaluate() on official PathMNIST test split -- identical across benchmark_v2_corrected and combined_e2e_minimal by construction (both derive these constants from the same locked protocol addenda).",True,"exact (partition,seed,attack,defense,regime) match found",0.344986081123352,1.795437574386597,False
c4_drift_aware__dirichlet_a0.5__sparse_coordinate_attack__seed43,cosine,A_condition_specific_oracle,43,dirichlet_a0.5,sparse_coordinate_attack,"K=50 local SGD steps/client/round; 25 FL rounds; same TorchCNNFlat model/init scheme; SGD optimizer, LR=0.01, batch_size=128; 5 clients; MALICIOUS_RATIO=0.2 (client 0); attack_start=round 10; SERVER_REF_FRACTION=0.10; same evaluate() on official PathMNIST test split -- identical across benchmark_v2_corrected and combined_e2e_minimal by construction (both derive these constants from the same locked protocol addenda).",True,"exact (partition,seed,attack,defense,regime) match found",0.3346796631813049,1.893547296524048,False
c4_drift_aware__dirichlet_a0.5__sparse_coordinate_attack__seed43,sign_consensus,A_condition_specific_oracle,43,dirichlet_a0.5,sparse_coordinate_attack,"K=50 local SGD steps/client/round; 25 FL rounds; same TorchCNNFlat model/init scheme; SGD optimizer, LR=0.01, batch_size=128; 5 clients; MALICIOUS_RATIO=0.2 (client 0); attack_start=round 10; SERVER_REF_FRACTION=0.10; same evaluate() on official PathMNIST test split -- identical across benchmark_v2_corrected and combined_e2e_minimal by construction (both derive these constants from the same locked protocol addenda).",True,"exact (partition,seed,attack,defense,regime) match found",0.3451253473758697,1.7909770011901855,False
c4_drift_aware__dirichlet_a0.5__sparse_coordinate_attack__seed43,median,not_applicable,43,dirichlet_a0.5,sparse_coordinate_attack,"K=50 local SGD steps/client/round; 25 FL rounds; same TorchCNNFlat model/init scheme; SGD optimizer, LR=0.01, batch_size=128; 5 clients; MALICIOUS_RATIO=0.2 (client 0); attack_start=round 10; SERVER_REF_FRACTION=0.10; same evaluate() on official PathMNIST test split -- identical across benchmark_v2_corrected and combined_e2e_minimal by construction (both derive these constants from the same locked protocol addenda).",True,"exact (partition,seed,attack,defense,regime) match found",0.3412256240844726,1.8376727104187007,False
c4_drift_aware__dirichlet_a0.5__sparse_coordinate_attack__seed43,multi_krum,not_applicable,43,dirichlet_a0.5,sparse_coordinate_attack,"K=50 local SGD steps/client/round; 25 FL rounds; same TorchCNNFlat model/init scheme; SGD optimizer, LR=0.01, batch_size=128; 5 clients; MALICIOUS_RATIO=0.2 (client 0); attack_start=round 10; SERVER_REF_FRACTION=0.10; same evaluate() on official PathMNIST test split -- identical across benchmark_v2_corrected and combined_e2e_minimal by construction (both derive these constants from the same locked protocol addenda).",True,"exact (partition,seed,attack,defense,regime) match found",0.3434540331363678,1.8054622411727903,False
c3_static__dirichlet_a0.5__no_attack__seed44,fedavg,not_applicable,44,dirichlet_a0.5,no_attack,"K=50 local SGD steps/client/round; 25 FL rounds; same TorchCNNFlat model/init scheme; SGD optimizer, LR=0.01, batch_size=128; 5 clients; MALICIOUS_RATIO=0.2 (client 0); attack_start=round 10; SERVER_REF_FRACTION=0.10; same evaluate() on official PathMNIST test split -- identical across benchmark_v2_corrected and combined_e2e_minimal by construction (both derive these constants from the same locked protocol addenda).",True,"exact (partition,seed,attack,defense,regime) match found",0.4995821714401245,1.5618700981140137,False
c3_static__dirichlet_a0.5__no_attack__seed44,norm,A_condition_specific_oracle,44,dirichlet_a0.5,no_attack,"K=50 local SGD steps/client/round; 25 FL rounds; same TorchCNNFlat model/init scheme; SGD optimizer, LR=0.01, batch_size=128; 5 clients; MALICIOUS_RATIO=0.2 (client 0); attack_start=round 10; SERVER_REF_FRACTION=0.10; same evaluate() on official PathMNIST test split -- identical across benchmark_v2_corrected and combined_e2e_minimal by construction (both derive these constants from the same locked protocol addenda).",True,"exact (partition,seed,attack,defense,regime) match found",0.5023676753044128,1.538615584373474,False
c3_static__dirichlet_a0.5__no_attack__seed44,cosine,A_condition_specific_oracle,44,dirichlet_a0.5,no_attack,"K=50 local SGD steps/client/round; 25 FL rounds; same TorchCNNFlat model/init scheme; SGD optimizer, LR=0.01, batch_size=128; 5 clients; MALICIOUS_RATIO=0.2 (client 0); attack_start=round 10; SERVER_REF_FRACTION=0.10; same evaluate() on official PathMNIST test split -- identical across benchmark_v2_corrected and combined_e2e_minimal by construction (both derive these constants from the same locked protocol addenda).",True,"exact (partition,seed,attack,defense,regime) match found",0.4965181052684784,1.5579893589019775,False
c3_static__dirichlet_a0.5__no_attack__seed44,sign_consensus,A_condition_specific_oracle,44,dirichlet_a0.5,no_attack,"K=50 local SGD steps/client/round; 25 FL rounds; same TorchCNNFlat model/init scheme; SGD optimizer, LR=0.01, batch_size=128; 5 clients; MALICIOUS_RATIO=0.2 (client 0); attack_start=round 10; SERVER_REF_FRACTION=0.10; same evaluate() on official PathMNIST test split -- identical across benchmark_v2_corrected and combined_e2e_minimal by construction (both derive these constants from the same locked protocol addenda).",True,"exact (partition,seed,attack,defense,regime) match found",0.4998607337474823,1.5613932609558103,False
c3_static__dirichlet_a0.5__no_attack__seed44,median,not_applicable,44,dirichlet_a0.5,no_attack,"K=50 local SGD steps/client/round; 25 FL rounds; same TorchCNNFlat model/init scheme; SGD optimizer, LR=0.01, batch_size=128; 5 clients; MALICIOUS_RATIO=0.2 (client 0); attack_start=round 10; SERVER_REF_FRACTION=0.10; same evaluate() on official PathMNIST test split -- identical across benchmark_v2_corrected and combined_e2e_minimal by construction (both derive these constants from the same locked protocol addenda).",True,"exact (partition,seed,attack,defense,regime) match found",0.3862117230892181,1.647241711616516,False
c3_static__dirichlet_a0.5__no_attack__seed44,multi_krum,not_applicable,44,dirichlet_a0.5,no_attack,"K=50 local SGD steps/client/round; 25 FL rounds; same TorchCNNFlat model/init scheme; SGD optimizer, LR=0.01, batch_size=128; 5 clients; MALICIOUS_RATIO=0.2 (client 0); attack_start=round 10; SERVER_REF_FRACTION=0.10; same evaluate() on official PathMNIST test split -- identical across benchmark_v2_corrected and combined_e2e_minimal by construction (both derive these constants from the same locked protocol addenda).",True,"exact (partition,seed,attack,defense,regime) match found",0.4518105983734131,1.6357269287109375,False
c4_static__dirichlet_a0.5__no_attack__seed44,fedavg,not_applicable,44,dirichlet_a0.5,no_attack,"K=50 local SGD steps/client/round; 25 FL rounds; same TorchCNNFlat model/init scheme; SGD optimizer, LR=0.01, batch_size=128; 5 clients; MALICIOUS_RATIO=0.2 (client 0); attack_start=round 10; SERVER_REF_FRACTION=0.10; same evaluate() on official PathMNIST test split -- identical across benchmark_v2_corrected and combined_e2e_minimal by construction (both derive these constants from the same locked protocol addenda).",True,"exact (partition,seed,attack,defense,regime) match found",0.4995821714401245,1.5618700981140137,False
c4_static__dirichlet_a0.5__no_attack__seed44,norm,A_condition_specific_oracle,44,dirichlet_a0.5,no_attack,"K=50 local SGD steps/client/round; 25 FL rounds; same TorchCNNFlat model/init scheme; SGD optimizer, LR=0.01, batch_size=128; 5 clients; MALICIOUS_RATIO=0.2 (client 0); attack_start=round 10; SERVER_REF_FRACTION=0.10; same evaluate() on official PathMNIST test split -- identical across benchmark_v2_corrected and combined_e2e_minimal by construction (both derive these constants from the same locked protocol addenda).",True,"exact (partition,seed,attack,defense,regime) match found",0.5023676753044128,1.538615584373474,False
c4_static__dirichlet_a0.5__no_attack__seed44,cosine,A_condition_specific_oracle,44,dirichlet_a0.5,no_attack,"K=50 local SGD steps/client/round; 25 FL rounds; same TorchCNNFlat model/init scheme; SGD optimizer, LR=0.01, batch_size=128; 5 clients; MALICIOUS_RATIO=0.2 (client 0); attack_start=round 10; SERVER_REF_FRACTION=0.10; same evaluate() on official PathMNIST test split -- identical across benchmark_v2_corrected and combined_e2e_minimal by construction (both derive these constants from the same locked protocol addenda).",True,"exact (partition,seed,attack,defense,regime) match found",0.4965181052684784,1.5579893589019775,False
c4_static__dirichlet_a0.5__no_attack__seed44,sign_consensus,A_condition_specific_oracle,44,dirichlet_a0.5,no_attack,"K=50 local SGD steps/client/round; 25 FL rounds; same TorchCNNFlat model/init scheme; SGD optimizer, LR=0.01, batch_size=128; 5 clients; MALICIOUS_RATIO=0.2 (client 0); attack_start=round 10; SERVER_REF_FRACTION=0.10; same evaluate() on official PathMNIST test split -- identical across benchmark_v2_corrected and combined_e2e_minimal by construction (both derive these constants from the same locked protocol addenda).",True,"exact (partition,seed,attack,defense,regime) match found",0.4998607337474823,1.5613932609558103,False
c4_static__dirichlet_a0.5__no_attack__seed44,median,not_applicable,44,dirichlet_a0.5,no_attack,"K=50 local SGD steps/client/round; 25 FL rounds; same TorchCNNFlat model/init scheme; SGD optimizer, LR=0.01, batch_size=128; 5 clients; MALICIOUS_RATIO=0.2 (client 0); attack_start=round 10; SERVER_REF_FRACTION=0.10; same evaluate() on official PathMNIST test split -- identical across benchmark_v2_corrected and combined_e2e_minimal by construction (both derive these constants from the same locked protocol addenda).",True,"exact (partition,seed,attack,defense,regime) match found",0.3862117230892181,1.647241711616516,False
c4_static__dirichlet_a0.5__no_attack__seed44,multi_krum,not_applicable,44,dirichlet_a0.5,no_attack,"K=50 local SGD steps/client/round; 25 FL rounds; same TorchCNNFlat model/init scheme; SGD optimizer, LR=0.01, batch_size=128; 5 clients; MALICIOUS_RATIO=0.2 (client 0); attack_start=round 10; SERVER_REF_FRACTION=0.10; same evaluate() on official PathMNIST test split -- identical across benchmark_v2_corrected and combined_e2e_minimal by construction (both derive these constants from the same locked protocol addenda).",True,"exact (partition,seed,attack,defense,regime) match found",0.4518105983734131,1.6357269287109375,False
c4_drift_aware__dirichlet_a0.5__no_attack__seed44,fedavg,not_applicable,44,dirichlet_a0.5,no_attack,"K=50 local SGD steps/client/round; 25 FL rounds; same TorchCNNFlat model/init scheme; SGD optimizer, LR=0.01, batch_size=128; 5 clients; MALICIOUS_RATIO=0.2 (client 0); attack_start=round 10; SERVER_REF_FRACTION=0.10; same evaluate() on official PathMNIST test split -- identical across benchmark_v2_corrected and combined_e2e_minimal by construction (both derive these constants from the same locked protocol addenda).",True,"exact (partition,seed,attack,defense,regime) match found",0.4995821714401245,1.5618700981140137,False
c4_drift_aware__dirichlet_a0.5__no_attack__seed44,norm,A_condition_specific_oracle,44,dirichlet_a0.5,no_attack,"K=50 local SGD steps/client/round; 25 FL rounds; same TorchCNNFlat model/init scheme; SGD optimizer, LR=0.01, batch_size=128; 5 clients; MALICIOUS_RATIO=0.2 (client 0); attack_start=round 10; SERVER_REF_FRACTION=0.10; same evaluate() on official PathMNIST test split -- identical across benchmark_v2_corrected and combined_e2e_minimal by construction (both derive these constants from the same locked protocol addenda).",True,"exact (partition,seed,attack,defense,regime) match found",0.5023676753044128,1.538615584373474,False
c4_drift_aware__dirichlet_a0.5__no_attack__seed44,cosine,A_condition_specific_oracle,44,dirichlet_a0.5,no_attack,"K=50 local SGD steps/client/round; 25 FL rounds; same TorchCNNFlat model/init scheme; SGD optimizer, LR=0.01, batch_size=128; 5 clients; MALICIOUS_RATIO=0.2 (client 0); attack_start=round 10; SERVER_REF_FRACTION=0.10; same evaluate() on official PathMNIST test split -- identical across benchmark_v2_corrected and combined_e2e_minimal by construction (both derive these constants from the same locked protocol addenda).",True,"exact (partition,seed,attack,defense,regime) match found",0.4965181052684784,1.5579893589019775,False
c4_drift_aware__dirichlet_a0.5__no_attack__seed44,sign_consensus,A_condition_specific_oracle,44,dirichlet_a0.5,no_attack,"K=50 local SGD steps/client/round; 25 FL rounds; same TorchCNNFlat model/init scheme; SGD optimizer, LR=0.01, batch_size=128; 5 clients; MALICIOUS_RATIO=0.2 (client 0); attack_start=round 10; SERVER_REF_FRACTION=0.10; same evaluate() on official PathMNIST test split -- identical across benchmark_v2_corrected and combined_e2e_minimal by construction (both derive these constants from the same locked protocol addenda).",True,"exact (partition,seed,attack,defense,regime) match found",0.4998607337474823,1.5613932609558103,False
c4_drift_aware__dirichlet_a0.5__no_attack__seed44,median,not_applicable,44,dirichlet_a0.5,no_attack,"K=50 local SGD steps/client/round; 25 FL rounds; same TorchCNNFlat model/init scheme; SGD optimizer, LR=0.01, batch_size=128; 5 clients; MALICIOUS_RATIO=0.2 (client 0); attack_start=round 10; SERVER_REF_FRACTION=0.10; same evaluate() on official PathMNIST test split -- identical across benchmark_v2_corrected and combined_e2e_minimal by construction (both derive these constants from the same locked protocol addenda).",True,"exact (partition,seed,attack,defense,regime) match found",0.3862117230892181,1.647241711616516,False
c4_drift_aware__dirichlet_a0.5__no_attack__seed44,multi_krum,not_applicable,44,dirichlet_a0.5,no_attack,"K=50 local SGD steps/client/round; 25 FL rounds; same TorchCNNFlat model/init scheme; SGD optimizer, LR=0.01, batch_size=128; 5 clients; MALICIOUS_RATIO=0.2 (client 0); attack_start=round 10; SERVER_REF_FRACTION=0.10; same evaluate() on official PathMNIST test split -- identical across benchmark_v2_corrected and combined_e2e_minimal by construction (both derive these constants from the same locked protocol addenda).",True,"exact (partition,seed,attack,defense,regime) match found",0.4518105983734131,1.6357269287109375,False
c3_static__dirichlet_a0.5__large_norm__seed44,fedavg,not_applicable,44,dirichlet_a0.5,large_norm,"K=50 local SGD steps/client/round; 25 FL rounds; same TorchCNNFlat model/init scheme; SGD optimizer, LR=0.01, batch_size=128; 5 clients; MALICIOUS_RATIO=0.2 (client 0); attack_start=round 10; SERVER_REF_FRACTION=0.10; same evaluate() on official PathMNIST test split -- identical across benchmark_v2_corrected and combined_e2e_minimal by construction (both derive these constants from the same locked protocol addenda).",True,"exact (partition,seed,attack,defense,regime) match found",0.0472144857048988,141775216.0,True
c3_static__dirichlet_a0.5__large_norm__seed44,norm,A_condition_specific_oracle,44,dirichlet_a0.5,large_norm,"K=50 local SGD steps/client/round; 25 FL rounds; same TorchCNNFlat model/init scheme; SGD optimizer, LR=0.01, batch_size=128; 5 clients; MALICIOUS_RATIO=0.2 (client 0); attack_start=round 10; SERVER_REF_FRACTION=0.10; same evaluate() on official PathMNIST test split -- identical across benchmark_v2_corrected and combined_e2e_minimal by construction (both derive these constants from the same locked protocol addenda).",True,"exact (partition,seed,attack,defense,regime) match found",0.4293872117996216,1.5902091264724731,False
c3_static__dirichlet_a0.5__large_norm__seed44,cosine,A_condition_specific_oracle,44,dirichlet_a0.5,large_norm,"K=50 local SGD steps/client/round; 25 FL rounds; same TorchCNNFlat model/init scheme; SGD optimizer, LR=0.01, batch_size=128; 5 clients; MALICIOUS_RATIO=0.2 (client 0); attack_start=round 10; SERVER_REF_FRACTION=0.10; same evaluate() on official PathMNIST test split -- identical across benchmark_v2_corrected and combined_e2e_minimal by construction (both derive these constants from the same locked protocol addenda).",True,"exact (partition,seed,attack,defense,regime) match found",0.123398333787918,99061112.0,True
c3_static__dirichlet_a0.5__large_norm__seed44,sign_consensus,A_condition_specific_oracle,44,dirichlet_a0.5,large_norm,"K=50 local SGD steps/client/round; 25 FL rounds; same TorchCNNFlat model/init scheme; SGD optimizer, LR=0.01, batch_size=128; 5 clients; MALICIOUS_RATIO=0.2 (client 0); attack_start=round 10; SERVER_REF_FRACTION=0.10; same evaluate() on official PathMNIST test split -- identical across benchmark_v2_corrected and combined_e2e_minimal by construction (both derive these constants from the same locked protocol addenda).",True,"exact (partition,seed,attack,defense,regime) match found",0.0472144857048988,1082066176.0,True
c3_static__dirichlet_a0.5__large_norm__seed44,median,not_applicable,44,dirichlet_a0.5,large_norm,"K=50 local SGD steps/client/round; 25 FL rounds; same TorchCNNFlat model/init scheme; SGD optimizer, LR=0.01, batch_size=128; 5 clients; MALICIOUS_RATIO=0.2 (client 0); attack_start=round 10; SERVER_REF_FRACTION=0.10; same evaluate() on official PathMNIST test split -- identical across benchmark_v2_corrected and combined_e2e_minimal by construction (both derive these constants from the same locked protocol addenda).",True,"exact (partition,seed,attack,defense,regime) match found",0.3577994406223297,1.7126338481903076,False
c3_static__dirichlet_a0.5__large_norm__seed44,multi_krum,not_applicable,44,dirichlet_a0.5,large_norm,"K=50 local SGD steps/client/round; 25 FL rounds; same TorchCNNFlat model/init scheme; SGD optimizer, LR=0.01, batch_size=128; 5 clients; MALICIOUS_RATIO=0.2 (client 0); attack_start=round 10; SERVER_REF_FRACTION=0.10; same evaluate() on official PathMNIST test split -- identical across benchmark_v2_corrected and combined_e2e_minimal by construction (both derive these constants from the same locked protocol addenda).",True,"exact (partition,seed,attack,defense,regime) match found",0.4171309173107147,1.630513310432434,False
c4_static__dirichlet_a0.5__large_norm__seed44,fedavg,not_applicable,44,dirichlet_a0.5,large_norm,"K=50 local SGD steps/client/round; 25 FL rounds; same TorchCNNFlat model/init scheme; SGD optimizer, LR=0.01, batch_size=128; 5 clients; MALICIOUS_RATIO=0.2 (client 0); attack_start=round 10; SERVER_REF_FRACTION=0.10; same evaluate() on official PathMNIST test split -- identical across benchmark_v2_corrected and combined_e2e_minimal by construction (both derive these constants from the same locked protocol addenda).",True,"exact (partition,seed,attack,defense,regime) match found",0.0472144857048988,141775216.0,True
c4_static__dirichlet_a0.5__large_norm__seed44,norm,A_condition_specific_oracle,44,dirichlet_a0.5,large_norm,"K=50 local SGD steps/client/round; 25 FL rounds; same TorchCNNFlat model/init scheme; SGD optimizer, LR=0.01, batch_size=128; 5 clients; MALICIOUS_RATIO=0.2 (client 0); attack_start=round 10; SERVER_REF_FRACTION=0.10; same evaluate() on official PathMNIST test split -- identical across benchmark_v2_corrected and combined_e2e_minimal by construction (both derive these constants from the same locked protocol addenda).",True,"exact (partition,seed,attack,defense,regime) match found",0.4293872117996216,1.5902091264724731,False
c4_static__dirichlet_a0.5__large_norm__seed44,cosine,A_condition_specific_oracle,44,dirichlet_a0.5,large_norm,"K=50 local SGD steps/client/round; 25 FL rounds; same TorchCNNFlat model/init scheme; SGD optimizer, LR=0.01, batch_size=128; 5 clients; MALICIOUS_RATIO=0.2 (client 0); attack_start=round 10; SERVER_REF_FRACTION=0.10; same evaluate() on official PathMNIST test split -- identical across benchmark_v2_corrected and combined_e2e_minimal by construction (both derive these constants from the same locked protocol addenda).",True,"exact (partition,seed,attack,defense,regime) match found",0.123398333787918,99061112.0,True
c4_static__dirichlet_a0.5__large_norm__seed44,sign_consensus,A_condition_specific_oracle,44,dirichlet_a0.5,large_norm,"K=50 local SGD steps/client/round; 25 FL rounds; same TorchCNNFlat model/init scheme; SGD optimizer, LR=0.01, batch_size=128; 5 clients; MALICIOUS_RATIO=0.2 (client 0); attack_start=round 10; SERVER_REF_FRACTION=0.10; same evaluate() on official PathMNIST test split -- identical across benchmark_v2_corrected and combined_e2e_minimal by construction (both derive these constants from the same locked protocol addenda).",True,"exact (partition,seed,attack,defense,regime) match found",0.0472144857048988,1082066176.0,True
c4_static__dirichlet_a0.5__large_norm__seed44,median,not_applicable,44,dirichlet_a0.5,large_norm,"K=50 local SGD steps/client/round; 25 FL rounds; same TorchCNNFlat model/init scheme; SGD optimizer, LR=0.01, batch_size=128; 5 clients; MALICIOUS_RATIO=0.2 (client 0); attack_start=round 10; SERVER_REF_FRACTION=0.10; same evaluate() on official PathMNIST test split -- identical across benchmark_v2_corrected and combined_e2e_minimal by construction (both derive these constants from the same locked protocol addenda).",True,"exact (partition,seed,attack,defense,regime) match found",0.3577994406223297,1.7126338481903076,False
c4_static__dirichlet_a0.5__large_norm__seed44,multi_krum,not_applicable,44,dirichlet_a0.5,large_norm,"K=50 local SGD steps/client/round; 25 FL rounds; same TorchCNNFlat model/init scheme; SGD optimizer, LR=0.01, batch_size=128; 5 clients; MALICIOUS_RATIO=0.2 (client 0); attack_start=round 10; SERVER_REF_FRACTION=0.10; same evaluate() on official PathMNIST test split -- identical across benchmark_v2_corrected and combined_e2e_minimal by construction (both derive these constants from the same locked protocol addenda).",True,"exact (partition,seed,attack,defense,regime) match found",0.4171309173107147,1.630513310432434,False
c4_drift_aware__dirichlet_a0.5__large_norm__seed44,fedavg,not_applicable,44,dirichlet_a0.5,large_norm,"K=50 local SGD steps/client/round; 25 FL rounds; same TorchCNNFlat model/init scheme; SGD optimizer, LR=0.01, batch_size=128; 5 clients; MALICIOUS_RATIO=0.2 (client 0); attack_start=round 10; SERVER_REF_FRACTION=0.10; same evaluate() on official PathMNIST test split -- identical across benchmark_v2_corrected and combined_e2e_minimal by construction (both derive these constants from the same locked protocol addenda).",True,"exact (partition,seed,attack,defense,regime) match found",0.0472144857048988,141775216.0,True
c4_drift_aware__dirichlet_a0.5__large_norm__seed44,norm,A_condition_specific_oracle,44,dirichlet_a0.5,large_norm,"K=50 local SGD steps/client/round; 25 FL rounds; same TorchCNNFlat model/init scheme; SGD optimizer, LR=0.01, batch_size=128; 5 clients; MALICIOUS_RATIO=0.2 (client 0); attack_start=round 10; SERVER_REF_FRACTION=0.10; same evaluate() on official PathMNIST test split -- identical across benchmark_v2_corrected and combined_e2e_minimal by construction (both derive these constants from the same locked protocol addenda).",True,"exact (partition,seed,attack,defense,regime) match found",0.4293872117996216,1.5902091264724731,False
c4_drift_aware__dirichlet_a0.5__large_norm__seed44,cosine,A_condition_specific_oracle,44,dirichlet_a0.5,large_norm,"K=50 local SGD steps/client/round; 25 FL rounds; same TorchCNNFlat model/init scheme; SGD optimizer, LR=0.01, batch_size=128; 5 clients; MALICIOUS_RATIO=0.2 (client 0); attack_start=round 10; SERVER_REF_FRACTION=0.10; same evaluate() on official PathMNIST test split -- identical across benchmark_v2_corrected and combined_e2e_minimal by construction (both derive these constants from the same locked protocol addenda).",True,"exact (partition,seed,attack,defense,regime) match found",0.123398333787918,99061112.0,True
c4_drift_aware__dirichlet_a0.5__large_norm__seed44,sign_consensus,A_condition_specific_oracle,44,dirichlet_a0.5,large_norm,"K=50 local SGD steps/client/round; 25 FL rounds; same TorchCNNFlat model/init scheme; SGD optimizer, LR=0.01, batch_size=128; 5 clients; MALICIOUS_RATIO=0.2 (client 0); attack_start=round 10; SERVER_REF_FRACTION=0.10; same evaluate() on official PathMNIST test split -- identical across benchmark_v2_corrected and combined_e2e_minimal by construction (both derive these constants from the same locked protocol addenda).",True,"exact (partition,seed,attack,defense,regime) match found",0.0472144857048988,1082066176.0,True
c4_drift_aware__dirichlet_a0.5__large_norm__seed44,median,not_applicable,44,dirichlet_a0.5,large_norm,"K=50 local SGD steps/client/round; 25 FL rounds; same TorchCNNFlat model/init scheme; SGD optimizer, LR=0.01, batch_size=128; 5 clients; MALICIOUS_RATIO=0.2 (client 0); attack_start=round 10; SERVER_REF_FRACTION=0.10; same evaluate() on official PathMNIST test split -- identical across benchmark_v2_corrected and combined_e2e_minimal by construction (both derive these constants from the same locked protocol addenda).",True,"exact (partition,seed,attack,defense,regime) match found",0.3577994406223297,1.7126338481903076,False
c4_drift_aware__dirichlet_a0.5__large_norm__seed44,multi_krum,not_applicable,44,dirichlet_a0.5,large_norm,"K=50 local SGD steps/client/round; 25 FL rounds; same TorchCNNFlat model/init scheme; SGD optimizer, LR=0.01, batch_size=128; 5 clients; MALICIOUS_RATIO=0.2 (client 0); attack_start=round 10; SERVER_REF_FRACTION=0.10; same evaluate() on official PathMNIST test split -- identical across benchmark_v2_corrected and combined_e2e_minimal by construction (both derive these constants from the same locked protocol addenda).",True,"exact (partition,seed,attack,defense,regime) match found",0.4171309173107147,1.630513310432434,False
c3_static__dirichlet_a0.5__directional_poisoning__seed44,fedavg,not_applicable,44,dirichlet_a0.5,directional_poisoning,"K=50 local SGD steps/client/round; 25 FL rounds; same TorchCNNFlat model/init scheme; SGD optimizer, LR=0.01, batch_size=128; 5 clients; MALICIOUS_RATIO=0.2 (client 0); attack_start=round 10; SERVER_REF_FRACTION=0.10; same evaluate() on official PathMNIST test split -- identical across benchmark_v2_corrected and combined_e2e_minimal by construction (both derive these constants from the same locked protocol addenda).",True,"exact (partition,seed,attack,defense,regime) match found",0.356824517250061,1.9855386018753047,False
c3_static__dirichlet_a0.5__directional_poisoning__seed44,norm,A_condition_specific_oracle,44,dirichlet_a0.5,directional_poisoning,"K=50 local SGD steps/client/round; 25 FL rounds; same TorchCNNFlat model/init scheme; SGD optimizer, LR=0.01, batch_size=128; 5 clients; MALICIOUS_RATIO=0.2 (client 0); attack_start=round 10; SERVER_REF_FRACTION=0.10; same evaluate() on official PathMNIST test split -- identical across benchmark_v2_corrected and combined_e2e_minimal by construction (both derive these constants from the same locked protocol addenda).",True,"exact (partition,seed,attack,defense,regime) match found",0.4318941533565521,1.6469842195510864,False
c3_static__dirichlet_a0.5__directional_poisoning__seed44,cosine,A_condition_specific_oracle,44,dirichlet_a0.5,directional_poisoning,"K=50 local SGD steps/client/round; 25 FL rounds; same TorchCNNFlat model/init scheme; SGD optimizer, LR=0.01, batch_size=128; 5 clients; MALICIOUS_RATIO=0.2 (client 0); attack_start=round 10; SERVER_REF_FRACTION=0.10; same evaluate() on official PathMNIST test split -- identical across benchmark_v2_corrected and combined_e2e_minimal by construction (both derive these constants from the same locked protocol addenda).",True,"exact (partition,seed,attack,defense,regime) match found",0.4488857984542846,1.6171448230743408,False
c3_static__dirichlet_a0.5__directional_poisoning__seed44,sign_consensus,A_condition_specific_oracle,44,dirichlet_a0.5,directional_poisoning,"K=50 local SGD steps/client/round; 25 FL rounds; same TorchCNNFlat model/init scheme; SGD optimizer, LR=0.01, batch_size=128; 5 clients; MALICIOUS_RATIO=0.2 (client 0); attack_start=round 10; SERVER_REF_FRACTION=0.10; same evaluate() on official PathMNIST test split -- identical across benchmark_v2_corrected and combined_e2e_minimal by construction (both derive these constants from the same locked protocol addenda).",True,"exact (partition,seed,attack,defense,regime) match found",0.3518106043338775,2.005936861038208,False
c3_static__dirichlet_a0.5__directional_poisoning__seed44,median,not_applicable,44,dirichlet_a0.5,directional_poisoning,"K=50 local SGD steps/client/round; 25 FL rounds; same TorchCNNFlat model/init scheme; SGD optimizer, LR=0.01, batch_size=128; 5 clients; MALICIOUS_RATIO=0.2 (client 0); attack_start=round 10; SERVER_REF_FRACTION=0.10; same evaluate() on official PathMNIST test split -- identical across benchmark_v2_corrected and combined_e2e_minimal by construction (both derive these constants from the same locked protocol addenda).",True,"exact (partition,seed,attack,defense,regime) match found",0.3523676991462707,1.9329577684402464,False
c3_static__dirichlet_a0.5__directional_poisoning__seed44,multi_krum,not_applicable,44,dirichlet_a0.5,directional_poisoning,"K=50 local SGD steps/client/round; 25 FL rounds; same TorchCNNFlat model/init scheme; SGD optimizer, LR=0.01, batch_size=128; 5 clients; MALICIOUS_RATIO=0.2 (client 0); attack_start=round 10; SERVER_REF_FRACTION=0.10; same evaluate() on official PathMNIST test split -- identical across benchmark_v2_corrected and combined_e2e_minimal by construction (both derive these constants from the same locked protocol addenda).",True,"exact (partition,seed,attack,defense,regime) match found",0.4356546103954315,1.6305266618728638,False
c4_static__dirichlet_a0.5__directional_poisoning__seed44,fedavg,not_applicable,44,dirichlet_a0.5,directional_poisoning,"K=50 local SGD steps/client/round; 25 FL rounds; same TorchCNNFlat model/init scheme; SGD optimizer, LR=0.01, batch_size=128; 5 clients; MALICIOUS_RATIO=0.2 (client 0); attack_start=round 10; SERVER_REF_FRACTION=0.10; same evaluate() on official PathMNIST test split -- identical across benchmark_v2_corrected and combined_e2e_minimal by construction (both derive these constants from the same locked protocol addenda).",True,"exact (partition,seed,attack,defense,regime) match found",0.356824517250061,1.9855386018753047,False
c4_static__dirichlet_a0.5__directional_poisoning__seed44,norm,A_condition_specific_oracle,44,dirichlet_a0.5,directional_poisoning,"K=50 local SGD steps/client/round; 25 FL rounds; same TorchCNNFlat model/init scheme; SGD optimizer, LR=0.01, batch_size=128; 5 clients; MALICIOUS_RATIO=0.2 (client 0); attack_start=round 10; SERVER_REF_FRACTION=0.10; same evaluate() on official PathMNIST test split -- identical across benchmark_v2_corrected and combined_e2e_minimal by construction (both derive these constants from the same locked protocol addenda).",True,"exact (partition,seed,attack,defense,regime) match found",0.4318941533565521,1.6469842195510864,False
c4_static__dirichlet_a0.5__directional_poisoning__seed44,cosine,A_condition_specific_oracle,44,dirichlet_a0.5,directional_poisoning,"K=50 local SGD steps/client/round; 25 FL rounds; same TorchCNNFlat model/init scheme; SGD optimizer, LR=0.01, batch_size=128; 5 clients; MALICIOUS_RATIO=0.2 (client 0); attack_start=round 10; SERVER_REF_FRACTION=0.10; same evaluate() on official PathMNIST test split -- identical across benchmark_v2_corrected and combined_e2e_minimal by construction (both derive these constants from the same locked protocol addenda).",True,"exact (partition,seed,attack,defense,regime) match found",0.4488857984542846,1.6171448230743408,False
c4_static__dirichlet_a0.5__directional_poisoning__seed44,sign_consensus,A_condition_specific_oracle,44,dirichlet_a0.5,directional_poisoning,"K=50 local SGD steps/client/round; 25 FL rounds; same TorchCNNFlat model/init scheme; SGD optimizer, LR=0.01, batch_size=128; 5 clients; MALICIOUS_RATIO=0.2 (client 0); attack_start=round 10; SERVER_REF_FRACTION=0.10; same evaluate() on official PathMNIST test split -- identical across benchmark_v2_corrected and combined_e2e_minimal by construction (both derive these constants from the same locked protocol addenda).",True,"exact (partition,seed,attack,defense,regime) match found",0.3518106043338775,2.005936861038208,False
c4_static__dirichlet_a0.5__directional_poisoning__seed44,median,not_applicable,44,dirichlet_a0.5,directional_poisoning,"K=50 local SGD steps/client/round; 25 FL rounds; same TorchCNNFlat model/init scheme; SGD optimizer, LR=0.01, batch_size=128; 5 clients; MALICIOUS_RATIO=0.2 (client 0); attack_start=round 10; SERVER_REF_FRACTION=0.10; same evaluate() on official PathMNIST test split -- identical across benchmark_v2_corrected and combined_e2e_minimal by construction (both derive these constants from the same locked protocol addenda).",True,"exact (partition,seed,attack,defense,regime) match found",0.3523676991462707,1.9329577684402464,False
c4_static__dirichlet_a0.5__directional_poisoning__seed44,multi_krum,not_applicable,44,dirichlet_a0.5,directional_poisoning,"K=50 local SGD steps/client/round; 25 FL rounds; same TorchCNNFlat model/init scheme; SGD optimizer, LR=0.01, batch_size=128; 5 clients; MALICIOUS_RATIO=0.2 (client 0); attack_start=round 10; SERVER_REF_FRACTION=0.10; same evaluate() on official PathMNIST test split -- identical across benchmark_v2_corrected and combined_e2e_minimal by construction (both derive these constants from the same locked protocol addenda).",True,"exact (partition,seed,attack,defense,regime) match found",0.4356546103954315,1.6305266618728638,False
c4_drift_aware__dirichlet_a0.5__directional_poisoning__seed44,fedavg,not_applicable,44,dirichlet_a0.5,directional_poisoning,"K=50 local SGD steps/client/round; 25 FL rounds; same TorchCNNFlat model/init scheme; SGD optimizer, LR=0.01, batch_size=128; 5 clients; MALICIOUS_RATIO=0.2 (client 0); attack_start=round 10; SERVER_REF_FRACTION=0.10; same evaluate() on official PathMNIST test split -- identical across benchmark_v2_corrected and combined_e2e_minimal by construction (both derive these constants from the same locked protocol addenda).",True,"exact (partition,seed,attack,defense,regime) match found",0.356824517250061,1.9855386018753047,False
c4_drift_aware__dirichlet_a0.5__directional_poisoning__seed44,norm,A_condition_specific_oracle,44,dirichlet_a0.5,directional_poisoning,"K=50 local SGD steps/client/round; 25 FL rounds; same TorchCNNFlat model/init scheme; SGD optimizer, LR=0.01, batch_size=128; 5 clients; MALICIOUS_RATIO=0.2 (client 0); attack_start=round 10; SERVER_REF_FRACTION=0.10; same evaluate() on official PathMNIST test split -- identical across benchmark_v2_corrected and combined_e2e_minimal by construction (both derive these constants from the same locked protocol addenda).",True,"exact (partition,seed,attack,defense,regime) match found",0.4318941533565521,1.6469842195510864,False
c4_drift_aware__dirichlet_a0.5__directional_poisoning__seed44,cosine,A_condition_specific_oracle,44,dirichlet_a0.5,directional_poisoning,"K=50 local SGD steps/client/round; 25 FL rounds; same TorchCNNFlat model/init scheme; SGD optimizer, LR=0.01, batch_size=128; 5 clients; MALICIOUS_RATIO=0.2 (client 0); attack_start=round 10; SERVER_REF_FRACTION=0.10; same evaluate() on official PathMNIST test split -- identical across benchmark_v2_corrected and combined_e2e_minimal by construction (both derive these constants from the same locked protocol addenda).",True,"exact (partition,seed,attack,defense,regime) match found",0.4488857984542846,1.6171448230743408,False
c4_drift_aware__dirichlet_a0.5__directional_poisoning__seed44,sign_consensus,A_condition_specific_oracle,44,dirichlet_a0.5,directional_poisoning,"K=50 local SGD steps/client/round; 25 FL rounds; same TorchCNNFlat model/init scheme; SGD optimizer, LR=0.01, batch_size=128; 5 clients; MALICIOUS_RATIO=0.2 (client 0); attack_start=round 10; SERVER_REF_FRACTION=0.10; same evaluate() on official PathMNIST test split -- identical across benchmark_v2_corrected and combined_e2e_minimal by construction (both derive these constants from the same locked protocol addenda).",True,"exact (partition,seed,attack,defense,regime) match found",0.3518106043338775,2.005936861038208,False
c4_drift_aware__dirichlet_a0.5__directional_poisoning__seed44,median,not_applicable,44,dirichlet_a0.5,directional_poisoning,"K=50 local SGD steps/client/round; 25 FL rounds; same TorchCNNFlat model/init scheme; SGD optimizer, LR=0.01, batch_size=128; 5 clients; MALICIOUS_RATIO=0.2 (client 0); attack_start=round 10; SERVER_REF_FRACTION=0.10; same evaluate() on official PathMNIST test split -- identical across benchmark_v2_corrected and combined_e2e_minimal by construction (both derive these constants from the same locked protocol addenda).",True,"exact (partition,seed,attack,defense,regime) match found",0.3523676991462707,1.9329577684402464,False
c4_drift_aware__dirichlet_a0.5__directional_poisoning__seed44,multi_krum,not_applicable,44,dirichlet_a0.5,directional_poisoning,"K=50 local SGD steps/client/round; 25 FL rounds; same TorchCNNFlat model/init scheme; SGD optimizer, LR=0.01, batch_size=128; 5 clients; MALICIOUS_RATIO=0.2 (client 0); attack_start=round 10; SERVER_REF_FRACTION=0.10; same evaluate() on official PathMNIST test split -- identical across benchmark_v2_corrected and combined_e2e_minimal by construction (both derive these constants from the same locked protocol addenda).",True,"exact (partition,seed,attack,defense,regime) match found",0.4356546103954315,1.6305266618728638,False
c3_static__dirichlet_a0.5__sparse_coordinate_attack__seed44,fedavg,not_applicable,44,dirichlet_a0.5,sparse_coordinate_attack,"K=50 local SGD steps/client/round; 25 FL rounds; same TorchCNNFlat model/init scheme; SGD optimizer, LR=0.01, batch_size=128; 5 clients; MALICIOUS_RATIO=0.2 (client 0); attack_start=round 10; SERVER_REF_FRACTION=0.10; same evaluate() on official PathMNIST test split -- identical across benchmark_v2_corrected and combined_e2e_minimal by construction (both derive these constants from the same locked protocol addenda).",True,"exact (partition,seed,attack,defense,regime) match found",0.3243732750415802,2.079190492630005,False
c3_static__dirichlet_a0.5__sparse_coordinate_attack__seed44,norm,A_condition_specific_oracle,44,dirichlet_a0.5,sparse_coordinate_attack,"K=50 local SGD steps/client/round; 25 FL rounds; same TorchCNNFlat model/init scheme; SGD optimizer, LR=0.01, batch_size=128; 5 clients; MALICIOUS_RATIO=0.2 (client 0); attack_start=round 10; SERVER_REF_FRACTION=0.10; same evaluate() on official PathMNIST test split -- identical across benchmark_v2_corrected and combined_e2e_minimal by construction (both derive these constants from the same locked protocol addenda).",True,"exact (partition,seed,attack,defense,regime) match found",0.4547353982925415,1.5972477197647097,False
c3_static__dirichlet_a0.5__sparse_coordinate_attack__seed44,cosine,A_condition_specific_oracle,44,dirichlet_a0.5,sparse_coordinate_attack,"K=50 local SGD steps/client/round; 25 FL rounds; same TorchCNNFlat model/init scheme; SGD optimizer, LR=0.01, batch_size=128; 5 clients; MALICIOUS_RATIO=0.2 (client 0); attack_start=round 10; SERVER_REF_FRACTION=0.10; same evaluate() on official PathMNIST test split -- identical across benchmark_v2_corrected and combined_e2e_minimal by construction (both derive these constants from the same locked protocol addenda).",True,"exact (partition,seed,attack,defense,regime) match found",0.1717270165681839,4.452081680297852,False
c3_static__dirichlet_a0.5__sparse_coordinate_attack__seed44,sign_consensus,A_condition_specific_oracle,44,dirichlet_a0.5,sparse_coordinate_attack,"K=50 local SGD steps/client/round; 25 FL rounds; same TorchCNNFlat model/init scheme; SGD optimizer, LR=0.01, batch_size=128; 5 clients; MALICIOUS_RATIO=0.2 (client 0); attack_start=round 10; SERVER_REF_FRACTION=0.10; same evaluate() on official PathMNIST test split -- identical across benchmark_v2_corrected and combined_e2e_minimal by construction (both derive these constants from the same locked protocol addenda).",True,"exact (partition,seed,attack,defense,regime) match found",0.4512535035610199,1.6215194463729858,False
c3_static__dirichlet_a0.5__sparse_coordinate_attack__seed44,median,not_applicable,44,dirichlet_a0.5,sparse_coordinate_attack,"K=50 local SGD steps/client/round; 25 FL rounds; same TorchCNNFlat model/init scheme; SGD optimizer, LR=0.01, batch_size=128; 5 clients; MALICIOUS_RATIO=0.2 (client 0); attack_start=round 10; SERVER_REF_FRACTION=0.10; same evaluate() on official PathMNIST test split -- identical across benchmark_v2_corrected and combined_e2e_minimal by construction (both derive these constants from the same locked protocol addenda).",True,"exact (partition,seed,attack,defense,regime) match found",0.3520891368389129,1.6985844373703003,False
c3_static__dirichlet_a0.5__sparse_coordinate_attack__seed44,multi_krum,not_applicable,44,dirichlet_a0.5,sparse_coordinate_attack,"K=50 local SGD steps/client/round; 25 FL rounds; same TorchCNNFlat model/init scheme; SGD optimizer, LR=0.01, batch_size=128; 5 clients; MALICIOUS_RATIO=0.2 (client 0); attack_start=round 10; SERVER_REF_FRACTION=0.10; same evaluate() on official PathMNIST test split -- identical across benchmark_v2_corrected and combined_e2e_minimal by construction (both derive these constants from the same locked protocol addenda).",True,"exact (partition,seed,attack,defense,regime) match found",0.4420613050460815,1.6288424730300903,False
c4_static__dirichlet_a0.5__sparse_coordinate_attack__seed44,fedavg,not_applicable,44,dirichlet_a0.5,sparse_coordinate_attack,"K=50 local SGD steps/client/round; 25 FL rounds; same TorchCNNFlat model/init scheme; SGD optimizer, LR=0.01, batch_size=128; 5 clients; MALICIOUS_RATIO=0.2 (client 0); attack_start=round 10; SERVER_REF_FRACTION=0.10; same evaluate() on official PathMNIST test split -- identical across benchmark_v2_corrected and combined_e2e_minimal by construction (both derive these constants from the same locked protocol addenda).",True,"exact (partition,seed,attack,defense,regime) match found",0.3243732750415802,2.079190492630005,False
c4_static__dirichlet_a0.5__sparse_coordinate_attack__seed44,norm,A_condition_specific_oracle,44,dirichlet_a0.5,sparse_coordinate_attack,"K=50 local SGD steps/client/round; 25 FL rounds; same TorchCNNFlat model/init scheme; SGD optimizer, LR=0.01, batch_size=128; 5 clients; MALICIOUS_RATIO=0.2 (client 0); attack_start=round 10; SERVER_REF_FRACTION=0.10; same evaluate() on official PathMNIST test split -- identical across benchmark_v2_corrected and combined_e2e_minimal by construction (both derive these constants from the same locked protocol addenda).",True,"exact (partition,seed,attack,defense,regime) match found",0.4547353982925415,1.5972477197647097,False
c4_static__dirichlet_a0.5__sparse_coordinate_attack__seed44,cosine,A_condition_specific_oracle,44,dirichlet_a0.5,sparse_coordinate_attack,"K=50 local SGD steps/client/round; 25 FL rounds; same TorchCNNFlat model/init scheme; SGD optimizer, LR=0.01, batch_size=128; 5 clients; MALICIOUS_RATIO=0.2 (client 0); attack_start=round 10; SERVER_REF_FRACTION=0.10; same evaluate() on official PathMNIST test split -- identical across benchmark_v2_corrected and combined_e2e_minimal by construction (both derive these constants from the same locked protocol addenda).",True,"exact (partition,seed,attack,defense,regime) match found",0.1717270165681839,4.452081680297852,False
c4_static__dirichlet_a0.5__sparse_coordinate_attack__seed44,sign_consensus,A_condition_specific_oracle,44,dirichlet_a0.5,sparse_coordinate_attack,"K=50 local SGD steps/client/round; 25 FL rounds; same TorchCNNFlat model/init scheme; SGD optimizer, LR=0.01, batch_size=128; 5 clients; MALICIOUS_RATIO=0.2 (client 0); attack_start=round 10; SERVER_REF_FRACTION=0.10; same evaluate() on official PathMNIST test split -- identical across benchmark_v2_corrected and combined_e2e_minimal by construction (both derive these constants from the same locked protocol addenda).",True,"exact (partition,seed,attack,defense,regime) match found",0.4512535035610199,1.6215194463729858,False
c4_static__dirichlet_a0.5__sparse_coordinate_attack__seed44,median,not_applicable,44,dirichlet_a0.5,sparse_coordinate_attack,"K=50 local SGD steps/client/round; 25 FL rounds; same TorchCNNFlat model/init scheme; SGD optimizer, LR=0.01, batch_size=128; 5 clients; MALICIOUS_RATIO=0.2 (client 0); attack_start=round 10; SERVER_REF_FRACTION=0.10; same evaluate() on official PathMNIST test split -- identical across benchmark_v2_corrected and combined_e2e_minimal by construction (both derive these constants from the same locked protocol addenda).",True,"exact (partition,seed,attack,defense,regime) match found",0.3520891368389129,1.6985844373703003,False
c4_static__dirichlet_a0.5__sparse_coordinate_attack__seed44,multi_krum,not_applicable,44,dirichlet_a0.5,sparse_coordinate_attack,"K=50 local SGD steps/client/round; 25 FL rounds; same TorchCNNFlat model/init scheme; SGD optimizer, LR=0.01, batch_size=128; 5 clients; MALICIOUS_RATIO=0.2 (client 0); attack_start=round 10; SERVER_REF_FRACTION=0.10; same evaluate() on official PathMNIST test split -- identical across benchmark_v2_corrected and combined_e2e_minimal by construction (both derive these constants from the same locked protocol addenda).",True,"exact (partition,seed,attack,defense,regime) match found",0.4420613050460815,1.6288424730300903,False
c4_drift_aware__dirichlet_a0.5__sparse_coordinate_attack__seed44,fedavg,not_applicable,44,dirichlet_a0.5,sparse_coordinate_attack,"K=50 local SGD steps/client/round; 25 FL rounds; same TorchCNNFlat model/init scheme; SGD optimizer, LR=0.01, batch_size=128; 5 clients; MALICIOUS_RATIO=0.2 (client 0); attack_start=round 10; SERVER_REF_FRACTION=0.10; same evaluate() on official PathMNIST test split -- identical across benchmark_v2_corrected and combined_e2e_minimal by construction (both derive these constants from the same locked protocol addenda).",True,"exact (partition,seed,attack,defense,regime) match found",0.3243732750415802,2.079190492630005,False
c4_drift_aware__dirichlet_a0.5__sparse_coordinate_attack__seed44,norm,A_condition_specific_oracle,44,dirichlet_a0.5,sparse_coordinate_attack,"K=50 local SGD steps/client/round; 25 FL rounds; same TorchCNNFlat model/init scheme; SGD optimizer, LR=0.01, batch_size=128; 5 clients; MALICIOUS_RATIO=0.2 (client 0); attack_start=round 10; SERVER_REF_FRACTION=0.10; same evaluate() on official PathMNIST test split -- identical across benchmark_v2_corrected and combined_e2e_minimal by construction (both derive these constants from the same locked protocol addenda).",True,"exact (partition,seed,attack,defense,regime) match found",0.4547353982925415,1.5972477197647097,False
c4_drift_aware__dirichlet_a0.5__sparse_coordinate_attack__seed44,cosine,A_condition_specific_oracle,44,dirichlet_a0.5,sparse_coordinate_attack,"K=50 local SGD steps/client/round; 25 FL rounds; same TorchCNNFlat model/init scheme; SGD optimizer, LR=0.01, batch_size=128; 5 clients; MALICIOUS_RATIO=0.2 (client 0); attack_start=round 10; SERVER_REF_FRACTION=0.10; same evaluate() on official PathMNIST test split -- identical across benchmark_v2_corrected and combined_e2e_minimal by construction (both derive these constants from the same locked protocol addenda).",True,"exact (partition,seed,attack,defense,regime) match found",0.1717270165681839,4.452081680297852,False
c4_drift_aware__dirichlet_a0.5__sparse_coordinate_attack__seed44,sign_consensus,A_condition_specific_oracle,44,dirichlet_a0.5,sparse_coordinate_attack,"K=50 local SGD steps/client/round; 25 FL rounds; same TorchCNNFlat model/init scheme; SGD optimizer, LR=0.01, batch_size=128; 5 clients; MALICIOUS_RATIO=0.2 (client 0); attack_start=round 10; SERVER_REF_FRACTION=0.10; same evaluate() on official PathMNIST test split -- identical across benchmark_v2_corrected and combined_e2e_minimal by construction (both derive these constants from the same locked protocol addenda).",True,"exact (partition,seed,attack,defense,regime) match found",0.4512535035610199,1.6215194463729858,False
c4_drift_aware__dirichlet_a0.5__sparse_coordinate_attack__seed44,median,not_applicable,44,dirichlet_a0.5,sparse_coordinate_attack,"K=50 local SGD steps/client/round; 25 FL rounds; same TorchCNNFlat model/init scheme; SGD optimizer, LR=0.01, batch_size=128; 5 clients; MALICIOUS_RATIO=0.2 (client 0); attack_start=round 10; SERVER_REF_FRACTION=0.10; same evaluate() on official PathMNIST test split -- identical across benchmark_v2_corrected and combined_e2e_minimal by construction (both derive these constants from the same locked protocol addenda).",True,"exact (partition,seed,attack,defense,regime) match found",0.3520891368389129,1.6985844373703003,False
c4_drift_aware__dirichlet_a0.5__sparse_coordinate_attack__seed44,multi_krum,not_applicable,44,dirichlet_a0.5,sparse_coordinate_attack,"K=50 local SGD steps/client/round; 25 FL rounds; same TorchCNNFlat model/init scheme; SGD optimizer, LR=0.01, batch_size=128; 5 clients; MALICIOUS_RATIO=0.2 (client 0); attack_start=round 10; SERVER_REF_FRACTION=0.10; same evaluate() on official PathMNIST test split -- identical across benchmark_v2_corrected and combined_e2e_minimal by construction (both derive these constants from the same locked protocol addenda).",True,"exact (partition,seed,attack,defense,regime) match found",0.4420613050460815,1.6288424730300903,False
c3_static__dirichlet_a0.1__no_attack__seed43,fedavg,not_applicable,43,dirichlet_a0.1,no_attack,"K=50 local SGD steps/client/round; 25 FL rounds; same TorchCNNFlat model/init scheme; SGD optimizer, LR=0.01, batch_size=128; 5 clients; MALICIOUS_RATIO=0.2 (client 0); attack_start=round 10; SERVER_REF_FRACTION=0.10; same evaluate() on official PathMNIST test split -- identical across benchmark_v2_corrected and combined_e2e_minimal by construction (both derive these constants from the same locked protocol addenda).",True,"exact (partition,seed,attack,defense,regime) match found",0.2440111488103866,1.8356366157531736,False
c3_static__dirichlet_a0.1__no_attack__seed43,norm,A_condition_specific_oracle,43,dirichlet_a0.1,no_attack,"K=50 local SGD steps/client/round; 25 FL rounds; same TorchCNNFlat model/init scheme; SGD optimizer, LR=0.01, batch_size=128; 5 clients; MALICIOUS_RATIO=0.2 (client 0); attack_start=round 10; SERVER_REF_FRACTION=0.10; same evaluate() on official PathMNIST test split -- identical across benchmark_v2_corrected and combined_e2e_minimal by construction (both derive these constants from the same locked protocol addenda).",True,"exact (partition,seed,attack,defense,regime) match found",0.2417827397584915,1.883148193359375,False
c3_static__dirichlet_a0.1__no_attack__seed43,cosine,A_condition_specific_oracle,43,dirichlet_a0.1,no_attack,"K=50 local SGD steps/client/round; 25 FL rounds; same TorchCNNFlat model/init scheme; SGD optimizer, LR=0.01, batch_size=128; 5 clients; MALICIOUS_RATIO=0.2 (client 0); attack_start=round 10; SERVER_REF_FRACTION=0.10; same evaluate() on official PathMNIST test split -- identical across benchmark_v2_corrected and combined_e2e_minimal by construction (both derive these constants from the same locked protocol addenda).",True,"exact (partition,seed,attack,defense,regime) match found",0.2651810646057129,1.8085126876831052,False
c3_static__dirichlet_a0.1__no_attack__seed43,sign_consensus,A_condition_specific_oracle,43,dirichlet_a0.1,no_attack,"K=50 local SGD steps/client/round; 25 FL rounds; same TorchCNNFlat model/init scheme; SGD optimizer, LR=0.01, batch_size=128; 5 clients; MALICIOUS_RATIO=0.2 (client 0); attack_start=round 10; SERVER_REF_FRACTION=0.10; same evaluate() on official PathMNIST test split -- identical across benchmark_v2_corrected and combined_e2e_minimal by construction (both derive these constants from the same locked protocol addenda).",True,"exact (partition,seed,attack,defense,regime) match found",0.2444289773702621,1.8462300300598145,False
c3_static__dirichlet_a0.1__no_attack__seed43,median,not_applicable,43,dirichlet_a0.1,no_attack,"K=50 local SGD steps/client/round; 25 FL rounds; same TorchCNNFlat model/init scheme; SGD optimizer, LR=0.01, batch_size=128; 5 clients; MALICIOUS_RATIO=0.2 (client 0); attack_start=round 10; SERVER_REF_FRACTION=0.10; same evaluate() on official PathMNIST test split -- identical across benchmark_v2_corrected and combined_e2e_minimal by construction (both derive these constants from the same locked protocol addenda).",True,"exact (partition,seed,attack,defense,regime) match found",0.2406685352325439,2.327742576599121,False
c3_static__dirichlet_a0.1__no_attack__seed43,multi_krum,not_applicable,43,dirichlet_a0.1,no_attack,"K=50 local SGD steps/client/round; 25 FL rounds; same TorchCNNFlat model/init scheme; SGD optimizer, LR=0.01, batch_size=128; 5 clients; MALICIOUS_RATIO=0.2 (client 0); attack_start=round 10; SERVER_REF_FRACTION=0.10; same evaluate() on official PathMNIST test split -- identical across benchmark_v2_corrected and combined_e2e_minimal by construction (both derive these constants from the same locked protocol addenda).",True,"exact (partition,seed,attack,defense,regime) match found",0.2406685352325439,2.4111227989196777,False
c4_static__dirichlet_a0.1__no_attack__seed43,fedavg,not_applicable,43,dirichlet_a0.1,no_attack,"K=50 local SGD steps/client/round; 25 FL rounds; same TorchCNNFlat model/init scheme; SGD optimizer, LR=0.01, batch_size=128; 5 clients; MALICIOUS_RATIO=0.2 (client 0); attack_start=round 10; SERVER_REF_FRACTION=0.10; same evaluate() on official PathMNIST test split -- identical across benchmark_v2_corrected and combined_e2e_minimal by construction (both derive these constants from the same locked protocol addenda).",True,"exact (partition,seed,attack,defense,regime) match found",0.2440111488103866,1.8356366157531736,False
c4_static__dirichlet_a0.1__no_attack__seed43,norm,A_condition_specific_oracle,43,dirichlet_a0.1,no_attack,"K=50 local SGD steps/client/round; 25 FL rounds; same TorchCNNFlat model/init scheme; SGD optimizer, LR=0.01, batch_size=128; 5 clients; MALICIOUS_RATIO=0.2 (client 0); attack_start=round 10; SERVER_REF_FRACTION=0.10; same evaluate() on official PathMNIST test split -- identical across benchmark_v2_corrected and combined_e2e_minimal by construction (both derive these constants from the same locked protocol addenda).",True,"exact (partition,seed,attack,defense,regime) match found",0.2417827397584915,1.883148193359375,False
c4_static__dirichlet_a0.1__no_attack__seed43,cosine,A_condition_specific_oracle,43,dirichlet_a0.1,no_attack,"K=50 local SGD steps/client/round; 25 FL rounds; same TorchCNNFlat model/init scheme; SGD optimizer, LR=0.01, batch_size=128; 5 clients; MALICIOUS_RATIO=0.2 (client 0); attack_start=round 10; SERVER_REF_FRACTION=0.10; same evaluate() on official PathMNIST test split -- identical across benchmark_v2_corrected and combined_e2e_minimal by construction (both derive these constants from the same locked protocol addenda).",True,"exact (partition,seed,attack,defense,regime) match found",0.2651810646057129,1.8085126876831052,False
c4_static__dirichlet_a0.1__no_attack__seed43,sign_consensus,A_condition_specific_oracle,43,dirichlet_a0.1,no_attack,"K=50 local SGD steps/client/round; 25 FL rounds; same TorchCNNFlat model/init scheme; SGD optimizer, LR=0.01, batch_size=128; 5 clients; MALICIOUS_RATIO=0.2 (client 0); attack_start=round 10; SERVER_REF_FRACTION=0.10; same evaluate() on official PathMNIST test split -- identical across benchmark_v2_corrected and combined_e2e_minimal by construction (both derive these constants from the same locked protocol addenda).",True,"exact (partition,seed,attack,defense,regime) match found",0.2444289773702621,1.8462300300598145,False
c4_static__dirichlet_a0.1__no_attack__seed43,median,not_applicable,43,dirichlet_a0.1,no_attack,"K=50 local SGD steps/client/round; 25 FL rounds; same TorchCNNFlat model/init scheme; SGD optimizer, LR=0.01, batch_size=128; 5 clients; MALICIOUS_RATIO=0.2 (client 0); attack_start=round 10; SERVER_REF_FRACTION=0.10; same evaluate() on official PathMNIST test split -- identical across benchmark_v2_corrected and combined_e2e_minimal by construction (both derive these constants from the same locked protocol addenda).",True,"exact (partition,seed,attack,defense,regime) match found",0.2406685352325439,2.327742576599121,False
c4_static__dirichlet_a0.1__no_attack__seed43,multi_krum,not_applicable,43,dirichlet_a0.1,no_attack,"K=50 local SGD steps/client/round; 25 FL rounds; same TorchCNNFlat model/init scheme; SGD optimizer, LR=0.01, batch_size=128; 5 clients; MALICIOUS_RATIO=0.2 (client 0); attack_start=round 10; SERVER_REF_FRACTION=0.10; same evaluate() on official PathMNIST test split -- identical across benchmark_v2_corrected and combined_e2e_minimal by construction (both derive these constants from the same locked protocol addenda).",True,"exact (partition,seed,attack,defense,regime) match found",0.2406685352325439,2.4111227989196777,False
c4_drift_aware__dirichlet_a0.1__no_attack__seed43,fedavg,not_applicable,43,dirichlet_a0.1,no_attack,"K=50 local SGD steps/client/round; 25 FL rounds; same TorchCNNFlat model/init scheme; SGD optimizer, LR=0.01, batch_size=128; 5 clients; MALICIOUS_RATIO=0.2 (client 0); attack_start=round 10; SERVER_REF_FRACTION=0.10; same evaluate() on official PathMNIST test split -- identical across benchmark_v2_corrected and combined_e2e_minimal by construction (both derive these constants from the same locked protocol addenda).",True,"exact (partition,seed,attack,defense,regime) match found",0.2440111488103866,1.8356366157531736,False
c4_drift_aware__dirichlet_a0.1__no_attack__seed43,norm,A_condition_specific_oracle,43,dirichlet_a0.1,no_attack,"K=50 local SGD steps/client/round; 25 FL rounds; same TorchCNNFlat model/init scheme; SGD optimizer, LR=0.01, batch_size=128; 5 clients; MALICIOUS_RATIO=0.2 (client 0); attack_start=round 10; SERVER_REF_FRACTION=0.10; same evaluate() on official PathMNIST test split -- identical across benchmark_v2_corrected and combined_e2e_minimal by construction (both derive these constants from the same locked protocol addenda).",True,"exact (partition,seed,attack,defense,regime) match found",0.2417827397584915,1.883148193359375,False
c4_drift_aware__dirichlet_a0.1__no_attack__seed43,cosine,A_condition_specific_oracle,43,dirichlet_a0.1,no_attack,"K=50 local SGD steps/client/round; 25 FL rounds; same TorchCNNFlat model/init scheme; SGD optimizer, LR=0.01, batch_size=128; 5 clients; MALICIOUS_RATIO=0.2 (client 0); attack_start=round 10; SERVER_REF_FRACTION=0.10; same evaluate() on official PathMNIST test split -- identical across benchmark_v2_corrected and combined_e2e_minimal by construction (both derive these constants from the same locked protocol addenda).",True,"exact (partition,seed,attack,defense,regime) match found",0.2651810646057129,1.8085126876831052,False
c4_drift_aware__dirichlet_a0.1__no_attack__seed43,sign_consensus,A_condition_specific_oracle,43,dirichlet_a0.1,no_attack,"K=50 local SGD steps/client/round; 25 FL rounds; same TorchCNNFlat model/init scheme; SGD optimizer, LR=0.01, batch_size=128; 5 clients; MALICIOUS_RATIO=0.2 (client 0); attack_start=round 10; SERVER_REF_FRACTION=0.10; same evaluate() on official PathMNIST test split -- identical across benchmark_v2_corrected and combined_e2e_minimal by construction (both derive these constants from the same locked protocol addenda).",True,"exact (partition,seed,attack,defense,regime) match found",0.2444289773702621,1.8462300300598145,False
c4_drift_aware__dirichlet_a0.1__no_attack__seed43,median,not_applicable,43,dirichlet_a0.1,no_attack,"K=50 local SGD steps/client/round; 25 FL rounds; same TorchCNNFlat model/init scheme; SGD optimizer, LR=0.01, batch_size=128; 5 clients; MALICIOUS_RATIO=0.2 (client 0); attack_start=round 10; SERVER_REF_FRACTION=0.10; same evaluate() on official PathMNIST test split -- identical across benchmark_v2_corrected and combined_e2e_minimal by construction (both derive these constants from the same locked protocol addenda).",True,"exact (partition,seed,attack,defense,regime) match found",0.2406685352325439,2.327742576599121,False
c4_drift_aware__dirichlet_a0.1__no_attack__seed43,multi_krum,not_applicable,43,dirichlet_a0.1,no_attack,"K=50 local SGD steps/client/round; 25 FL rounds; same TorchCNNFlat model/init scheme; SGD optimizer, LR=0.01, batch_size=128; 5 clients; MALICIOUS_RATIO=0.2 (client 0); attack_start=round 10; SERVER_REF_FRACTION=0.10; same evaluate() on official PathMNIST test split -- identical across benchmark_v2_corrected and combined_e2e_minimal by construction (both derive these constants from the same locked protocol addenda).",True,"exact (partition,seed,attack,defense,regime) match found",0.2406685352325439,2.4111227989196777,False
c3_static__dirichlet_a0.1__large_norm__seed43,fedavg,not_applicable,43,dirichlet_a0.1,large_norm,"K=50 local SGD steps/client/round; 25 FL rounds; same TorchCNNFlat model/init scheme; SGD optimizer, LR=0.01, batch_size=128; 5 clients; MALICIOUS_RATIO=0.2 (client 0); attack_start=round 10; SERVER_REF_FRACTION=0.10; same evaluate() on official PathMNIST test split -- identical across benchmark_v2_corrected and combined_e2e_minimal by construction (both derive these constants from the same locked protocol addenda).",True,"exact (partition,seed,attack,defense,regime) match found",0.0650417879223823,53989720.0,True
c3_static__dirichlet_a0.1__large_norm__seed43,norm,A_condition_specific_oracle,43,dirichlet_a0.1,large_norm,"K=50 local SGD steps/client/round; 25 FL rounds; same TorchCNNFlat model/init scheme; SGD optimizer, LR=0.01, batch_size=128; 5 clients; MALICIOUS_RATIO=0.2 (client 0); attack_start=round 10; SERVER_REF_FRACTION=0.10; same evaluate() on official PathMNIST test split -- identical across benchmark_v2_corrected and combined_e2e_minimal by construction (both derive these constants from the same locked protocol addenda).",True,"exact (partition,seed,attack,defense,regime) match found",0.2554317712783813,2.283630132675171,False
c3_static__dirichlet_a0.1__large_norm__seed43,cosine,A_condition_specific_oracle,43,dirichlet_a0.1,large_norm,"K=50 local SGD steps/client/round; 25 FL rounds; same TorchCNNFlat model/init scheme; SGD optimizer, LR=0.01, batch_size=128; 5 clients; MALICIOUS_RATIO=0.2 (client 0); attack_start=round 10; SERVER_REF_FRACTION=0.10; same evaluate() on official PathMNIST test split -- identical across benchmark_v2_corrected and combined_e2e_minimal by construction (both derive these constants from the same locked protocol addenda).",True,"exact (partition,seed,attack,defense,regime) match found",0.1041782721877098,67890760.0,True
c3_static__dirichlet_a0.1__large_norm__seed43,sign_consensus,A_condition_specific_oracle,43,dirichlet_a0.1,large_norm,"K=50 local SGD steps/client/round; 25 FL rounds; same TorchCNNFlat model/init scheme; SGD optimizer, LR=0.01, batch_size=128; 5 clients; MALICIOUS_RATIO=0.2 (client 0); attack_start=round 10; SERVER_REF_FRACTION=0.10; same evaluate() on official PathMNIST test split -- identical across benchmark_v2_corrected and combined_e2e_minimal by construction (both derive these constants from the same locked protocol addenda).",True,"exact (partition,seed,attack,defense,regime) match found",0.0649025067687034,131616888.0,True
c3_static__dirichlet_a0.1__large_norm__seed43,median,not_applicable,43,dirichlet_a0.1,large_norm,"K=50 local SGD steps/client/round; 25 FL rounds; same TorchCNNFlat model/init scheme; SGD optimizer, LR=0.01, batch_size=128; 5 clients; MALICIOUS_RATIO=0.2 (client 0); attack_start=round 10; SERVER_REF_FRACTION=0.10; same evaluate() on official PathMNIST test split -- identical across benchmark_v2_corrected and combined_e2e_minimal by construction (both derive these constants from the same locked protocol addenda).",True,"exact (partition,seed,attack,defense,regime) match found",0.0586351007223129,2.912379503250122,False
c3_static__dirichlet_a0.1__large_norm__seed43,multi_krum,not_applicable,43,dirichlet_a0.1,large_norm,"K=50 local SGD steps/client/round; 25 FL rounds; same TorchCNNFlat model/init scheme; SGD optimizer, LR=0.01, batch_size=128; 5 clients; MALICIOUS_RATIO=0.2 (client 0); attack_start=round 10; SERVER_REF_FRACTION=0.10; same evaluate() on official PathMNIST test split -- identical across benchmark_v2_corrected and combined_e2e_minimal by construction (both derive these constants from the same locked protocol addenda).",True,"exact (partition,seed,attack,defense,regime) match found",0.2660167217254638,2.282145977020264,False
c4_static__dirichlet_a0.1__large_norm__seed43,fedavg,not_applicable,43,dirichlet_a0.1,large_norm,"K=50 local SGD steps/client/round; 25 FL rounds; same TorchCNNFlat model/init scheme; SGD optimizer, LR=0.01, batch_size=128; 5 clients; MALICIOUS_RATIO=0.2 (client 0); attack_start=round 10; SERVER_REF_FRACTION=0.10; same evaluate() on official PathMNIST test split -- identical across benchmark_v2_corrected and combined_e2e_minimal by construction (both derive these constants from the same locked protocol addenda).",True,"exact (partition,seed,attack,defense,regime) match found",0.0650417879223823,53989720.0,True
c4_static__dirichlet_a0.1__large_norm__seed43,norm,A_condition_specific_oracle,43,dirichlet_a0.1,large_norm,"K=50 local SGD steps/client/round; 25 FL rounds; same TorchCNNFlat model/init scheme; SGD optimizer, LR=0.01, batch_size=128; 5 clients; MALICIOUS_RATIO=0.2 (client 0); attack_start=round 10; SERVER_REF_FRACTION=0.10; same evaluate() on official PathMNIST test split -- identical across benchmark_v2_corrected and combined_e2e_minimal by construction (both derive these constants from the same locked protocol addenda).",True,"exact (partition,seed,attack,defense,regime) match found",0.2554317712783813,2.283630132675171,False
c4_static__dirichlet_a0.1__large_norm__seed43,cosine,A_condition_specific_oracle,43,dirichlet_a0.1,large_norm,"K=50 local SGD steps/client/round; 25 FL rounds; same TorchCNNFlat model/init scheme; SGD optimizer, LR=0.01, batch_size=128; 5 clients; MALICIOUS_RATIO=0.2 (client 0); attack_start=round 10; SERVER_REF_FRACTION=0.10; same evaluate() on official PathMNIST test split -- identical across benchmark_v2_corrected and combined_e2e_minimal by construction (both derive these constants from the same locked protocol addenda).",True,"exact (partition,seed,attack,defense,regime) match found",0.1041782721877098,67890760.0,True
c4_static__dirichlet_a0.1__large_norm__seed43,sign_consensus,A_condition_specific_oracle,43,dirichlet_a0.1,large_norm,"K=50 local SGD steps/client/round; 25 FL rounds; same TorchCNNFlat model/init scheme; SGD optimizer, LR=0.01, batch_size=128; 5 clients; MALICIOUS_RATIO=0.2 (client 0); attack_start=round 10; SERVER_REF_FRACTION=0.10; same evaluate() on official PathMNIST test split -- identical across benchmark_v2_corrected and combined_e2e_minimal by construction (both derive these constants from the same locked protocol addenda).",True,"exact (partition,seed,attack,defense,regime) match found",0.0649025067687034,131616888.0,True
c4_static__dirichlet_a0.1__large_norm__seed43,median,not_applicable,43,dirichlet_a0.1,large_norm,"K=50 local SGD steps/client/round; 25 FL rounds; same TorchCNNFlat model/init scheme; SGD optimizer, LR=0.01, batch_size=128; 5 clients; MALICIOUS_RATIO=0.2 (client 0); attack_start=round 10; SERVER_REF_FRACTION=0.10; same evaluate() on official PathMNIST test split -- identical across benchmark_v2_corrected and combined_e2e_minimal by construction (both derive these constants from the same locked protocol addenda).",True,"exact (partition,seed,attack,defense,regime) match found",0.0586351007223129,2.912379503250122,False
c4_static__dirichlet_a0.1__large_norm__seed43,multi_krum,not_applicable,43,dirichlet_a0.1,large_norm,"K=50 local SGD steps/client/round; 25 FL rounds; same TorchCNNFlat model/init scheme; SGD optimizer, LR=0.01, batch_size=128; 5 clients; MALICIOUS_RATIO=0.2 (client 0); attack_start=round 10; SERVER_REF_FRACTION=0.10; same evaluate() on official PathMNIST test split -- identical across benchmark_v2_corrected and combined_e2e_minimal by construction (both derive these constants from the same locked protocol addenda).",True,"exact (partition,seed,attack,defense,regime) match found",0.2660167217254638,2.282145977020264,False
c4_drift_aware__dirichlet_a0.1__large_norm__seed43,fedavg,not_applicable,43,dirichlet_a0.1,large_norm,"K=50 local SGD steps/client/round; 25 FL rounds; same TorchCNNFlat model/init scheme; SGD optimizer, LR=0.01, batch_size=128; 5 clients; MALICIOUS_RATIO=0.2 (client 0); attack_start=round 10; SERVER_REF_FRACTION=0.10; same evaluate() on official PathMNIST test split -- identical across benchmark_v2_corrected and combined_e2e_minimal by construction (both derive these constants from the same locked protocol addenda).",True,"exact (partition,seed,attack,defense,regime) match found",0.0650417879223823,53989720.0,True
c4_drift_aware__dirichlet_a0.1__large_norm__seed43,norm,A_condition_specific_oracle,43,dirichlet_a0.1,large_norm,"K=50 local SGD steps/client/round; 25 FL rounds; same TorchCNNFlat model/init scheme; SGD optimizer, LR=0.01, batch_size=128; 5 clients; MALICIOUS_RATIO=0.2 (client 0); attack_start=round 10; SERVER_REF_FRACTION=0.10; same evaluate() on official PathMNIST test split -- identical across benchmark_v2_corrected and combined_e2e_minimal by construction (both derive these constants from the same locked protocol addenda).",True,"exact (partition,seed,attack,defense,regime) match found",0.2554317712783813,2.283630132675171,False
c4_drift_aware__dirichlet_a0.1__large_norm__seed43,cosine,A_condition_specific_oracle,43,dirichlet_a0.1,large_norm,"K=50 local SGD steps/client/round; 25 FL rounds; same TorchCNNFlat model/init scheme; SGD optimizer, LR=0.01, batch_size=128; 5 clients; MALICIOUS_RATIO=0.2 (client 0); attack_start=round 10; SERVER_REF_FRACTION=0.10; same evaluate() on official PathMNIST test split -- identical across benchmark_v2_corrected and combined_e2e_minimal by construction (both derive these constants from the same locked protocol addenda).",True,"exact (partition,seed,attack,defense,regime) match found",0.1041782721877098,67890760.0,True
c4_drift_aware__dirichlet_a0.1__large_norm__seed43,sign_consensus,A_condition_specific_oracle,43,dirichlet_a0.1,large_norm,"K=50 local SGD steps/client/round; 25 FL rounds; same TorchCNNFlat model/init scheme; SGD optimizer, LR=0.01, batch_size=128; 5 clients; MALICIOUS_RATIO=0.2 (client 0); attack_start=round 10; SERVER_REF_FRACTION=0.10; same evaluate() on official PathMNIST test split -- identical across benchmark_v2_corrected and combined_e2e_minimal by construction (both derive these constants from the same locked protocol addenda).",True,"exact (partition,seed,attack,defense,regime) match found",0.0649025067687034,131616888.0,True
c4_drift_aware__dirichlet_a0.1__large_norm__seed43,median,not_applicable,43,dirichlet_a0.1,large_norm,"K=50 local SGD steps/client/round; 25 FL rounds; same TorchCNNFlat model/init scheme; SGD optimizer, LR=0.01, batch_size=128; 5 clients; MALICIOUS_RATIO=0.2 (client 0); attack_start=round 10; SERVER_REF_FRACTION=0.10; same evaluate() on official PathMNIST test split -- identical across benchmark_v2_corrected and combined_e2e_minimal by construction (both derive these constants from the same locked protocol addenda).",True,"exact (partition,seed,attack,defense,regime) match found",0.0586351007223129,2.912379503250122,False
c4_drift_aware__dirichlet_a0.1__large_norm__seed43,multi_krum,not_applicable,43,dirichlet_a0.1,large_norm,"K=50 local SGD steps/client/round; 25 FL rounds; same TorchCNNFlat model/init scheme; SGD optimizer, LR=0.01, batch_size=128; 5 clients; MALICIOUS_RATIO=0.2 (client 0); attack_start=round 10; SERVER_REF_FRACTION=0.10; same evaluate() on official PathMNIST test split -- identical across benchmark_v2_corrected and combined_e2e_minimal by construction (both derive these constants from the same locked protocol addenda).",True,"exact (partition,seed,attack,defense,regime) match found",0.2660167217254638,2.282145977020264,False
c3_static__dirichlet_a0.1__directional_poisoning__seed43,fedavg,not_applicable,43,dirichlet_a0.1,directional_poisoning,"K=50 local SGD steps/client/round; 25 FL rounds; same TorchCNNFlat model/init scheme; SGD optimizer, LR=0.01, batch_size=128; 5 clients; MALICIOUS_RATIO=0.2 (client 0); attack_start=round 10; SERVER_REF_FRACTION=0.10; same evaluate() on official PathMNIST test split -- identical across benchmark_v2_corrected and combined_e2e_minimal by construction (both derive these constants from the same locked protocol addenda).",True,"exact (partition,seed,attack,defense,regime) match found",0.0586351007223129,9.513028144836426,False
c3_static__dirichlet_a0.1__directional_poisoning__seed43,norm,A_condition_specific_oracle,43,dirichlet_a0.1,directional_poisoning,"K=50 local SGD steps/client/round; 25 FL rounds; same TorchCNNFlat model/init scheme; SGD optimizer, LR=0.01, batch_size=128; 5 clients; MALICIOUS_RATIO=0.2 (client 0); attack_start=round 10; SERVER_REF_FRACTION=0.10; same evaluate() on official PathMNIST test split -- identical across benchmark_v2_corrected and combined_e2e_minimal by construction (both derive these constants from the same locked protocol addenda).",True,"exact (partition,seed,attack,defense,regime) match found",0.219916433095932,2.841644048690796,False
c3_static__dirichlet_a0.1__directional_poisoning__seed43,cosine,A_condition_specific_oracle,43,dirichlet_a0.1,directional_poisoning,"K=50 local SGD steps/client/round; 25 FL rounds; same TorchCNNFlat model/init scheme; SGD optimizer, LR=0.01, batch_size=128; 5 clients; MALICIOUS_RATIO=0.2 (client 0); attack_start=round 10; SERVER_REF_FRACTION=0.10; same evaluate() on official PathMNIST test split -- identical across benchmark_v2_corrected and combined_e2e_minimal by construction (both derive these constants from the same locked protocol addenda).",True,"exact (partition,seed,attack,defense,regime) match found",0.2314763218164444,2.411221504211426,False
c3_static__dirichlet_a0.1__directional_poisoning__seed43,sign_consensus,A_condition_specific_oracle,43,dirichlet_a0.1,directional_poisoning,"K=50 local SGD steps/client/round; 25 FL rounds; same TorchCNNFlat model/init scheme; SGD optimizer, LR=0.01, batch_size=128; 5 clients; MALICIOUS_RATIO=0.2 (client 0); attack_start=round 10; SERVER_REF_FRACTION=0.10; same evaluate() on official PathMNIST test split -- identical across benchmark_v2_corrected and combined_e2e_minimal by construction (both derive these constants from the same locked protocol addenda).",True,"exact (partition,seed,attack,defense,regime) match found",0.0586351007223129,11.867790222167969,False
c3_static__dirichlet_a0.1__directional_poisoning__seed43,median,not_applicable,43,dirichlet_a0.1,directional_poisoning,"K=50 local SGD steps/client/round; 25 FL rounds; same TorchCNNFlat model/init scheme; SGD optimizer, LR=0.01, batch_size=128; 5 clients; MALICIOUS_RATIO=0.2 (client 0); attack_start=round 10; SERVER_REF_FRACTION=0.10; same evaluate() on official PathMNIST test split -- identical across benchmark_v2_corrected and combined_e2e_minimal by construction (both derive these constants from the same locked protocol addenda).",True,"exact (partition,seed,attack,defense,regime) match found",0.0586351007223129,4.35138463973999,False
c3_static__dirichlet_a0.1__directional_poisoning__seed43,multi_krum,not_applicable,43,dirichlet_a0.1,directional_poisoning,"K=50 local SGD steps/client/round; 25 FL rounds; same TorchCNNFlat model/init scheme; SGD optimizer, LR=0.01, batch_size=128; 5 clients; MALICIOUS_RATIO=0.2 (client 0); attack_start=round 10; SERVER_REF_FRACTION=0.10; same evaluate() on official PathMNIST test split -- identical across benchmark_v2_corrected and combined_e2e_minimal by construction (both derive these constants from the same locked protocol addenda).",True,"exact (partition,seed,attack,defense,regime) match found",0.2491643577814102,2.344216823577881,False
c4_static__dirichlet_a0.1__directional_poisoning__seed43,fedavg,not_applicable,43,dirichlet_a0.1,directional_poisoning,"K=50 local SGD steps/client/round; 25 FL rounds; same TorchCNNFlat model/init scheme; SGD optimizer, LR=0.01, batch_size=128; 5 clients; MALICIOUS_RATIO=0.2 (client 0); attack_start=round 10; SERVER_REF_FRACTION=0.10; same evaluate() on official PathMNIST test split -- identical across benchmark_v2_corrected and combined_e2e_minimal by construction (both derive these constants from the same locked protocol addenda).",True,"exact (partition,seed,attack,defense,regime) match found",0.0586351007223129,9.513028144836426,False
c4_static__dirichlet_a0.1__directional_poisoning__seed43,norm,A_condition_specific_oracle,43,dirichlet_a0.1,directional_poisoning,"K=50 local SGD steps/client/round; 25 FL rounds; same TorchCNNFlat model/init scheme; SGD optimizer, LR=0.01, batch_size=128; 5 clients; MALICIOUS_RATIO=0.2 (client 0); attack_start=round 10; SERVER_REF_FRACTION=0.10; same evaluate() on official PathMNIST test split -- identical across benchmark_v2_corrected and combined_e2e_minimal by construction (both derive these constants from the same locked protocol addenda).",True,"exact (partition,seed,attack,defense,regime) match found",0.219916433095932,2.841644048690796,False
c4_static__dirichlet_a0.1__directional_poisoning__seed43,cosine,A_condition_specific_oracle,43,dirichlet_a0.1,directional_poisoning,"K=50 local SGD steps/client/round; 25 FL rounds; same TorchCNNFlat model/init scheme; SGD optimizer, LR=0.01, batch_size=128; 5 clients; MALICIOUS_RATIO=0.2 (client 0); attack_start=round 10; SERVER_REF_FRACTION=0.10; same evaluate() on official PathMNIST test split -- identical across benchmark_v2_corrected and combined_e2e_minimal by construction (both derive these constants from the same locked protocol addenda).",True,"exact (partition,seed,attack,defense,regime) match found",0.2314763218164444,2.411221504211426,False
c4_static__dirichlet_a0.1__directional_poisoning__seed43,sign_consensus,A_condition_specific_oracle,43,dirichlet_a0.1,directional_poisoning,"K=50 local SGD steps/client/round; 25 FL rounds; same TorchCNNFlat model/init scheme; SGD optimizer, LR=0.01, batch_size=128; 5 clients; MALICIOUS_RATIO=0.2 (client 0); attack_start=round 10; SERVER_REF_FRACTION=0.10; same evaluate() on official PathMNIST test split -- identical across benchmark_v2_corrected and combined_e2e_minimal by construction (both derive these constants from the same locked protocol addenda).",True,"exact (partition,seed,attack,defense,regime) match found",0.0586351007223129,11.867790222167969,False
c4_static__dirichlet_a0.1__directional_poisoning__seed43,median,not_applicable,43,dirichlet_a0.1,directional_poisoning,"K=50 local SGD steps/client/round; 25 FL rounds; same TorchCNNFlat model/init scheme; SGD optimizer, LR=0.01, batch_size=128; 5 clients; MALICIOUS_RATIO=0.2 (client 0); attack_start=round 10; SERVER_REF_FRACTION=0.10; same evaluate() on official PathMNIST test split -- identical across benchmark_v2_corrected and combined_e2e_minimal by construction (both derive these constants from the same locked protocol addenda).",True,"exact (partition,seed,attack,defense,regime) match found",0.0586351007223129,4.35138463973999,False
c4_static__dirichlet_a0.1__directional_poisoning__seed43,multi_krum,not_applicable,43,dirichlet_a0.1,directional_poisoning,"K=50 local SGD steps/client/round; 25 FL rounds; same TorchCNNFlat model/init scheme; SGD optimizer, LR=0.01, batch_size=128; 5 clients; MALICIOUS_RATIO=0.2 (client 0); attack_start=round 10; SERVER_REF_FRACTION=0.10; same evaluate() on official PathMNIST test split -- identical across benchmark_v2_corrected and combined_e2e_minimal by construction (both derive these constants from the same locked protocol addenda).",True,"exact (partition,seed,attack,defense,regime) match found",0.2491643577814102,2.344216823577881,False
c4_drift_aware__dirichlet_a0.1__directional_poisoning__seed43,fedavg,not_applicable,43,dirichlet_a0.1,directional_poisoning,"K=50 local SGD steps/client/round; 25 FL rounds; same TorchCNNFlat model/init scheme; SGD optimizer, LR=0.01, batch_size=128; 5 clients; MALICIOUS_RATIO=0.2 (client 0); attack_start=round 10; SERVER_REF_FRACTION=0.10; same evaluate() on official PathMNIST test split -- identical across benchmark_v2_corrected and combined_e2e_minimal by construction (both derive these constants from the same locked protocol addenda).",True,"exact (partition,seed,attack,defense,regime) match found",0.0586351007223129,9.513028144836426,False
c4_drift_aware__dirichlet_a0.1__directional_poisoning__seed43,norm,A_condition_specific_oracle,43,dirichlet_a0.1,directional_poisoning,"K=50 local SGD steps/client/round; 25 FL rounds; same TorchCNNFlat model/init scheme; SGD optimizer, LR=0.01, batch_size=128; 5 clients; MALICIOUS_RATIO=0.2 (client 0); attack_start=round 10; SERVER_REF_FRACTION=0.10; same evaluate() on official PathMNIST test split -- identical across benchmark_v2_corrected and combined_e2e_minimal by construction (both derive these constants from the same locked protocol addenda).",True,"exact (partition,seed,attack,defense,regime) match found",0.219916433095932,2.841644048690796,False
c4_drift_aware__dirichlet_a0.1__directional_poisoning__seed43,cosine,A_condition_specific_oracle,43,dirichlet_a0.1,directional_poisoning,"K=50 local SGD steps/client/round; 25 FL rounds; same TorchCNNFlat model/init scheme; SGD optimizer, LR=0.01, batch_size=128; 5 clients; MALICIOUS_RATIO=0.2 (client 0); attack_start=round 10; SERVER_REF_FRACTION=0.10; same evaluate() on official PathMNIST test split -- identical across benchmark_v2_corrected and combined_e2e_minimal by construction (both derive these constants from the same locked protocol addenda).",True,"exact (partition,seed,attack,defense,regime) match found",0.2314763218164444,2.411221504211426,False
c4_drift_aware__dirichlet_a0.1__directional_poisoning__seed43,sign_consensus,A_condition_specific_oracle,43,dirichlet_a0.1,directional_poisoning,"K=50 local SGD steps/client/round; 25 FL rounds; same TorchCNNFlat model/init scheme; SGD optimizer, LR=0.01, batch_size=128; 5 clients; MALICIOUS_RATIO=0.2 (client 0); attack_start=round 10; SERVER_REF_FRACTION=0.10; same evaluate() on official PathMNIST test split -- identical across benchmark_v2_corrected and combined_e2e_minimal by construction (both derive these constants from the same locked protocol addenda).",True,"exact (partition,seed,attack,defense,regime) match found",0.0586351007223129,11.867790222167969,False
c4_drift_aware__dirichlet_a0.1__directional_poisoning__seed43,median,not_applicable,43,dirichlet_a0.1,directional_poisoning,"K=50 local SGD steps/client/round; 25 FL rounds; same TorchCNNFlat model/init scheme; SGD optimizer, LR=0.01, batch_size=128; 5 clients; MALICIOUS_RATIO=0.2 (client 0); attack_start=round 10; SERVER_REF_FRACTION=0.10; same evaluate() on official PathMNIST test split -- identical across benchmark_v2_corrected and combined_e2e_minimal by construction (both derive these constants from the same locked protocol addenda).",True,"exact (partition,seed,attack,defense,regime) match found",0.0586351007223129,4.35138463973999,False
c4_drift_aware__dirichlet_a0.1__directional_poisoning__seed43,multi_krum,not_applicable,43,dirichlet_a0.1,directional_poisoning,"K=50 local SGD steps/client/round; 25 FL rounds; same TorchCNNFlat model/init scheme; SGD optimizer, LR=0.01, batch_size=128; 5 clients; MALICIOUS_RATIO=0.2 (client 0); attack_start=round 10; SERVER_REF_FRACTION=0.10; same evaluate() on official PathMNIST test split -- identical across benchmark_v2_corrected and combined_e2e_minimal by construction (both derive these constants from the same locked protocol addenda).",True,"exact (partition,seed,attack,defense,regime) match found",0.2491643577814102,2.344216823577881,False
c3_static__dirichlet_a0.1__sparse_coordinate_attack__seed43,fedavg,not_applicable,43,dirichlet_a0.1,sparse_coordinate_attack,"K=50 local SGD steps/client/round; 25 FL rounds; same TorchCNNFlat model/init scheme; SGD optimizer, LR=0.01, batch_size=128; 5 clients; MALICIOUS_RATIO=0.2 (client 0); attack_start=round 10; SERVER_REF_FRACTION=0.10; same evaluate() on official PathMNIST test split -- identical across benchmark_v2_corrected and combined_e2e_minimal by construction (both derive these constants from the same locked protocol addenda).",True,"exact (partition,seed,attack,defense,regime) match found",0.1296657472848892,2.9326155185699463,False
c3_static__dirichlet_a0.1__sparse_coordinate_attack__seed43,norm,A_condition_specific_oracle,43,dirichlet_a0.1,sparse_coordinate_attack,"K=50 local SGD steps/client/round; 25 FL rounds; same TorchCNNFlat model/init scheme; SGD optimizer, LR=0.01, batch_size=128; 5 clients; MALICIOUS_RATIO=0.2 (client 0); attack_start=round 10; SERVER_REF_FRACTION=0.10; same evaluate() on official PathMNIST test split -- identical across benchmark_v2_corrected and combined_e2e_minimal by construction (both derive these constants from the same locked protocol addenda).",True,"exact (partition,seed,attack,defense,regime) match found",0.2415041774511337,2.338253974914551,False
c3_static__dirichlet_a0.1__sparse_coordinate_attack__seed43,cosine,A_condition_specific_oracle,43,dirichlet_a0.1,sparse_coordinate_attack,"K=50 local SGD steps/client/round; 25 FL rounds; same TorchCNNFlat model/init scheme; SGD optimizer, LR=0.01, batch_size=128; 5 clients; MALICIOUS_RATIO=0.2 (client 0); attack_start=round 10; SERVER_REF_FRACTION=0.10; same evaluate() on official PathMNIST test split -- identical across benchmark_v2_corrected and combined_e2e_minimal by construction (both derive these constants from the same locked protocol addenda).",True,"exact (partition,seed,attack,defense,regime) match found",0.2224234044551849,2.15435004234314,False
c3_static__dirichlet_a0.1__sparse_coordinate_attack__seed43,sign_consensus,A_condition_specific_oracle,43,dirichlet_a0.1,sparse_coordinate_attack,"K=50 local SGD steps/client/round; 25 FL rounds; same TorchCNNFlat model/init scheme; SGD optimizer, LR=0.01, batch_size=128; 5 clients; MALICIOUS_RATIO=0.2 (client 0); attack_start=round 10; SERVER_REF_FRACTION=0.10; same evaluate() on official PathMNIST test split -- identical across benchmark_v2_corrected and combined_e2e_minimal by construction (both derive these constants from the same locked protocol addenda).",True,"exact (partition,seed,attack,defense,regime) match found",0.2391365021467209,2.4072530269622803,False
c3_static__dirichlet_a0.1__sparse_coordinate_attack__seed43,median,not_applicable,43,dirichlet_a0.1,sparse_coordinate_attack,"K=50 local SGD steps/client/round; 25 FL rounds; same TorchCNNFlat model/init scheme; SGD optimizer, LR=0.01, batch_size=128; 5 clients; MALICIOUS_RATIO=0.2 (client 0); attack_start=round 10; SERVER_REF_FRACTION=0.10; same evaluate() on official PathMNIST test split -- identical across benchmark_v2_corrected and combined_e2e_minimal by construction (both derive these constants from the same locked protocol addenda).",True,"exact (partition,seed,attack,defense,regime) match found",0.0586351007223129,3.121255397796631,False
c3_static__dirichlet_a0.1__sparse_coordinate_attack__seed43,multi_krum,not_applicable,43,dirichlet_a0.1,sparse_coordinate_attack,"K=50 local SGD steps/client/round; 25 FL rounds; same TorchCNNFlat model/init scheme; SGD optimizer, LR=0.01, batch_size=128; 5 clients; MALICIOUS_RATIO=0.2 (client 0); attack_start=round 10; SERVER_REF_FRACTION=0.10; same evaluate() on official PathMNIST test split -- identical across benchmark_v2_corrected and combined_e2e_minimal by construction (both derive these constants from the same locked protocol addenda).",True,"exact (partition,seed,attack,defense,regime) match found",0.2494429051876068,2.337076425552368,False
c4_static__dirichlet_a0.1__sparse_coordinate_attack__seed43,fedavg,not_applicable,43,dirichlet_a0.1,sparse_coordinate_attack,"K=50 local SGD steps/client/round; 25 FL rounds; same TorchCNNFlat model/init scheme; SGD optimizer, LR=0.01, batch_size=128; 5 clients; MALICIOUS_RATIO=0.2 (client 0); attack_start=round 10; SERVER_REF_FRACTION=0.10; same evaluate() on official PathMNIST test split -- identical across benchmark_v2_corrected and combined_e2e_minimal by construction (both derive these constants from the same locked protocol addenda).",True,"exact (partition,seed,attack,defense,regime) match found",0.1296657472848892,2.9326155185699463,False
c4_static__dirichlet_a0.1__sparse_coordinate_attack__seed43,norm,A_condition_specific_oracle,43,dirichlet_a0.1,sparse_coordinate_attack,"K=50 local SGD steps/client/round; 25 FL rounds; same TorchCNNFlat model/init scheme; SGD optimizer, LR=0.01, batch_size=128; 5 clients; MALICIOUS_RATIO=0.2 (client 0); attack_start=round 10; SERVER_REF_FRACTION=0.10; same evaluate() on official PathMNIST test split -- identical across benchmark_v2_corrected and combined_e2e_minimal by construction (both derive these constants from the same locked protocol addenda).",True,"exact (partition,seed,attack,defense,regime) match found",0.2415041774511337,2.338253974914551,False
c4_static__dirichlet_a0.1__sparse_coordinate_attack__seed43,cosine,A_condition_specific_oracle,43,dirichlet_a0.1,sparse_coordinate_attack,"K=50 local SGD steps/client/round; 25 FL rounds; same TorchCNNFlat model/init scheme; SGD optimizer, LR=0.01, batch_size=128; 5 clients; MALICIOUS_RATIO=0.2 (client 0); attack_start=round 10; SERVER_REF_FRACTION=0.10; same evaluate() on official PathMNIST test split -- identical across benchmark_v2_corrected and combined_e2e_minimal by construction (both derive these constants from the same locked protocol addenda).",True,"exact (partition,seed,attack,defense,regime) match found",0.2224234044551849,2.15435004234314,False
c4_static__dirichlet_a0.1__sparse_coordinate_attack__seed43,sign_consensus,A_condition_specific_oracle,43,dirichlet_a0.1,sparse_coordinate_attack,"K=50 local SGD steps/client/round; 25 FL rounds; same TorchCNNFlat model/init scheme; SGD optimizer, LR=0.01, batch_size=128; 5 clients; MALICIOUS_RATIO=0.2 (client 0); attack_start=round 10; SERVER_REF_FRACTION=0.10; same evaluate() on official PathMNIST test split -- identical across benchmark_v2_corrected and combined_e2e_minimal by construction (both derive these constants from the same locked protocol addenda).",True,"exact (partition,seed,attack,defense,regime) match found",0.2391365021467209,2.4072530269622803,False
c4_static__dirichlet_a0.1__sparse_coordinate_attack__seed43,median,not_applicable,43,dirichlet_a0.1,sparse_coordinate_attack,"K=50 local SGD steps/client/round; 25 FL rounds; same TorchCNNFlat model/init scheme; SGD optimizer, LR=0.01, batch_size=128; 5 clients; MALICIOUS_RATIO=0.2 (client 0); attack_start=round 10; SERVER_REF_FRACTION=0.10; same evaluate() on official PathMNIST test split -- identical across benchmark_v2_corrected and combined_e2e_minimal by construction (both derive these constants from the same locked protocol addenda).",True,"exact (partition,seed,attack,defense,regime) match found",0.0586351007223129,3.121255397796631,False
c4_static__dirichlet_a0.1__sparse_coordinate_attack__seed43,multi_krum,not_applicable,43,dirichlet_a0.1,sparse_coordinate_attack,"K=50 local SGD steps/client/round; 25 FL rounds; same TorchCNNFlat model/init scheme; SGD optimizer, LR=0.01, batch_size=128; 5 clients; MALICIOUS_RATIO=0.2 (client 0); attack_start=round 10; SERVER_REF_FRACTION=0.10; same evaluate() on official PathMNIST test split -- identical across benchmark_v2_corrected and combined_e2e_minimal by construction (both derive these constants from the same locked protocol addenda).",True,"exact (partition,seed,attack,defense,regime) match found",0.2494429051876068,2.337076425552368,False
c4_drift_aware__dirichlet_a0.1__sparse_coordinate_attack__seed43,fedavg,not_applicable,43,dirichlet_a0.1,sparse_coordinate_attack,"K=50 local SGD steps/client/round; 25 FL rounds; same TorchCNNFlat model/init scheme; SGD optimizer, LR=0.01, batch_size=128; 5 clients; MALICIOUS_RATIO=0.2 (client 0); attack_start=round 10; SERVER_REF_FRACTION=0.10; same evaluate() on official PathMNIST test split -- identical across benchmark_v2_corrected and combined_e2e_minimal by construction (both derive these constants from the same locked protocol addenda).",True,"exact (partition,seed,attack,defense,regime) match found",0.1296657472848892,2.9326155185699463,False
c4_drift_aware__dirichlet_a0.1__sparse_coordinate_attack__seed43,norm,A_condition_specific_oracle,43,dirichlet_a0.1,sparse_coordinate_attack,"K=50 local SGD steps/client/round; 25 FL rounds; same TorchCNNFlat model/init scheme; SGD optimizer, LR=0.01, batch_size=128; 5 clients; MALICIOUS_RATIO=0.2 (client 0); attack_start=round 10; SERVER_REF_FRACTION=0.10; same evaluate() on official PathMNIST test split -- identical across benchmark_v2_corrected and combined_e2e_minimal by construction (both derive these constants from the same locked protocol addenda).",True,"exact (partition,seed,attack,defense,regime) match found",0.2415041774511337,2.338253974914551,False
c4_drift_aware__dirichlet_a0.1__sparse_coordinate_attack__seed43,cosine,A_condition_specific_oracle,43,dirichlet_a0.1,sparse_coordinate_attack,"K=50 local SGD steps/client/round; 25 FL rounds; same TorchCNNFlat model/init scheme; SGD optimizer, LR=0.01, batch_size=128; 5 clients; MALICIOUS_RATIO=0.2 (client 0); attack_start=round 10; SERVER_REF_FRACTION=0.10; same evaluate() on official PathMNIST test split -- identical across benchmark_v2_corrected and combined_e2e_minimal by construction (both derive these constants from the same locked protocol addenda).",True,"exact (partition,seed,attack,defense,regime) match found",0.2224234044551849,2.15435004234314,False
c4_drift_aware__dirichlet_a0.1__sparse_coordinate_attack__seed43,sign_consensus,A_condition_specific_oracle,43,dirichlet_a0.1,sparse_coordinate_attack,"K=50 local SGD steps/client/round; 25 FL rounds; same TorchCNNFlat model/init scheme; SGD optimizer, LR=0.01, batch_size=128; 5 clients; MALICIOUS_RATIO=0.2 (client 0); attack_start=round 10; SERVER_REF_FRACTION=0.10; same evaluate() on official PathMNIST test split -- identical across benchmark_v2_corrected and combined_e2e_minimal by construction (both derive these constants from the same locked protocol addenda).",True,"exact (partition,seed,attack,defense,regime) match found",0.2391365021467209,2.4072530269622803,False
c4_drift_aware__dirichlet_a0.1__sparse_coordinate_attack__seed43,median,not_applicable,43,dirichlet_a0.1,sparse_coordinate_attack,"K=50 local SGD steps/client/round; 25 FL rounds; same TorchCNNFlat model/init scheme; SGD optimizer, LR=0.01, batch_size=128; 5 clients; MALICIOUS_RATIO=0.2 (client 0); attack_start=round 10; SERVER_REF_FRACTION=0.10; same evaluate() on official PathMNIST test split -- identical across benchmark_v2_corrected and combined_e2e_minimal by construction (both derive these constants from the same locked protocol addenda).",True,"exact (partition,seed,attack,defense,regime) match found",0.0586351007223129,3.121255397796631,False
c4_drift_aware__dirichlet_a0.1__sparse_coordinate_attack__seed43,multi_krum,not_applicable,43,dirichlet_a0.1,sparse_coordinate_attack,"K=50 local SGD steps/client/round; 25 FL rounds; same TorchCNNFlat model/init scheme; SGD optimizer, LR=0.01, batch_size=128; 5 clients; MALICIOUS_RATIO=0.2 (client 0); attack_start=round 10; SERVER_REF_FRACTION=0.10; same evaluate() on official PathMNIST test split -- identical across benchmark_v2_corrected and combined_e2e_minimal by construction (both derive these constants from the same locked protocol addenda).",True,"exact (partition,seed,attack,defense,regime) match found",0.2494429051876068,2.337076425552368,False
c3_static__dirichlet_a0.1__no_attack__seed44,fedavg,not_applicable,44,dirichlet_a0.1,no_attack,"K=50 local SGD steps/client/round; 25 FL rounds; same TorchCNNFlat model/init scheme; SGD optimizer, LR=0.01, batch_size=128; 5 clients; MALICIOUS_RATIO=0.2 (client 0); attack_start=round 10; SERVER_REF_FRACTION=0.10; same evaluate() on official PathMNIST test split -- identical across benchmark_v2_corrected and combined_e2e_minimal by construction (both derive these constants from the same locked protocol addenda).",True,"exact (partition,seed,attack,defense,regime) match found",0.1040389984846115,2.04189682006836,False
c3_static__dirichlet_a0.1__no_attack__seed44,norm,A_condition_specific_oracle,44,dirichlet_a0.1,no_attack,"K=50 local SGD steps/client/round; 25 FL rounds; same TorchCNNFlat model/init scheme; SGD optimizer, LR=0.01, batch_size=128; 5 clients; MALICIOUS_RATIO=0.2 (client 0); attack_start=round 10; SERVER_REF_FRACTION=0.10; same evaluate() on official PathMNIST test split -- identical across benchmark_v2_corrected and combined_e2e_minimal by construction (both derive these constants from the same locked protocol addenda).",True,"exact (partition,seed,attack,defense,regime) match found",0.1043175533413887,2.0459773540496826,False
c3_static__dirichlet_a0.1__no_attack__seed44,cosine,A_condition_specific_oracle,44,dirichlet_a0.1,no_attack,"K=50 local SGD steps/client/round; 25 FL rounds; same TorchCNNFlat model/init scheme; SGD optimizer, LR=0.01, batch_size=128; 5 clients; MALICIOUS_RATIO=0.2 (client 0); attack_start=round 10; SERVER_REF_FRACTION=0.10; same evaluate() on official PathMNIST test split -- identical across benchmark_v2_corrected and combined_e2e_minimal by construction (both derive these constants from the same locked protocol addenda).",True,"exact (partition,seed,attack,defense,regime) match found",0.1108635142445564,2.0107345581054688,False
c3_static__dirichlet_a0.1__no_attack__seed44,sign_consensus,A_condition_specific_oracle,44,dirichlet_a0.1,no_attack,"K=50 local SGD steps/client/round; 25 FL rounds; same TorchCNNFlat model/init scheme; SGD optimizer, LR=0.01, batch_size=128; 5 clients; MALICIOUS_RATIO=0.2 (client 0); attack_start=round 10; SERVER_REF_FRACTION=0.10; same evaluate() on official PathMNIST test split -- identical across benchmark_v2_corrected and combined_e2e_minimal by construction (both derive these constants from the same locked protocol addenda).",True,"exact (partition,seed,attack,defense,regime) match found",0.1040389984846115,2.041964054107666,False
c3_static__dirichlet_a0.1__no_attack__seed44,median,not_applicable,44,dirichlet_a0.1,no_attack,"K=50 local SGD steps/client/round; 25 FL rounds; same TorchCNNFlat model/init scheme; SGD optimizer, LR=0.01, batch_size=128; 5 clients; MALICIOUS_RATIO=0.2 (client 0); attack_start=round 10; SERVER_REF_FRACTION=0.10; same evaluate() on official PathMNIST test split -- identical across benchmark_v2_corrected and combined_e2e_minimal by construction (both derive these constants from the same locked protocol addenda).",True,"exact (partition,seed,attack,defense,regime) match found",0.1717270165681839,2.392295837402344,False
c3_static__dirichlet_a0.1__no_attack__seed44,multi_krum,not_applicable,44,dirichlet_a0.1,no_attack,"K=50 local SGD steps/client/round; 25 FL rounds; same TorchCNNFlat model/init scheme; SGD optimizer, LR=0.01, batch_size=128; 5 clients; MALICIOUS_RATIO=0.2 (client 0); attack_start=round 10; SERVER_REF_FRACTION=0.10; same evaluate() on official PathMNIST test split -- identical across benchmark_v2_corrected and combined_e2e_minimal by construction (both derive these constants from the same locked protocol addenda).",True,"exact (partition,seed,attack,defense,regime) match found",0.1058495864272117,2.347745180130005,False
c4_static__dirichlet_a0.1__no_attack__seed44,fedavg,not_applicable,44,dirichlet_a0.1,no_attack,"K=50 local SGD steps/client/round; 25 FL rounds; same TorchCNNFlat model/init scheme; SGD optimizer, LR=0.01, batch_size=128; 5 clients; MALICIOUS_RATIO=0.2 (client 0); attack_start=round 10; SERVER_REF_FRACTION=0.10; same evaluate() on official PathMNIST test split -- identical across benchmark_v2_corrected and combined_e2e_minimal by construction (both derive these constants from the same locked protocol addenda).",True,"exact (partition,seed,attack,defense,regime) match found",0.1040389984846115,2.04189682006836,False
c4_static__dirichlet_a0.1__no_attack__seed44,norm,A_condition_specific_oracle,44,dirichlet_a0.1,no_attack,"K=50 local SGD steps/client/round; 25 FL rounds; same TorchCNNFlat model/init scheme; SGD optimizer, LR=0.01, batch_size=128; 5 clients; MALICIOUS_RATIO=0.2 (client 0); attack_start=round 10; SERVER_REF_FRACTION=0.10; same evaluate() on official PathMNIST test split -- identical across benchmark_v2_corrected and combined_e2e_minimal by construction (both derive these constants from the same locked protocol addenda).",True,"exact (partition,seed,attack,defense,regime) match found",0.1043175533413887,2.0459773540496826,False
c4_static__dirichlet_a0.1__no_attack__seed44,cosine,A_condition_specific_oracle,44,dirichlet_a0.1,no_attack,"K=50 local SGD steps/client/round; 25 FL rounds; same TorchCNNFlat model/init scheme; SGD optimizer, LR=0.01, batch_size=128; 5 clients; MALICIOUS_RATIO=0.2 (client 0); attack_start=round 10; SERVER_REF_FRACTION=0.10; same evaluate() on official PathMNIST test split -- identical across benchmark_v2_corrected and combined_e2e_minimal by construction (both derive these constants from the same locked protocol addenda).",True,"exact (partition,seed,attack,defense,regime) match found",0.1108635142445564,2.0107345581054688,False
c4_static__dirichlet_a0.1__no_attack__seed44,sign_consensus,A_condition_specific_oracle,44,dirichlet_a0.1,no_attack,"K=50 local SGD steps/client/round; 25 FL rounds; same TorchCNNFlat model/init scheme; SGD optimizer, LR=0.01, batch_size=128; 5 clients; MALICIOUS_RATIO=0.2 (client 0); attack_start=round 10; SERVER_REF_FRACTION=0.10; same evaluate() on official PathMNIST test split -- identical across benchmark_v2_corrected and combined_e2e_minimal by construction (both derive these constants from the same locked protocol addenda).",True,"exact (partition,seed,attack,defense,regime) match found",0.1040389984846115,2.041964054107666,False
c4_static__dirichlet_a0.1__no_attack__seed44,median,not_applicable,44,dirichlet_a0.1,no_attack,"K=50 local SGD steps/client/round; 25 FL rounds; same TorchCNNFlat model/init scheme; SGD optimizer, LR=0.01, batch_size=128; 5 clients; MALICIOUS_RATIO=0.2 (client 0); attack_start=round 10; SERVER_REF_FRACTION=0.10; same evaluate() on official PathMNIST test split -- identical across benchmark_v2_corrected and combined_e2e_minimal by construction (both derive these constants from the same locked protocol addenda).",True,"exact (partition,seed,attack,defense,regime) match found",0.1717270165681839,2.392295837402344,False
c4_static__dirichlet_a0.1__no_attack__seed44,multi_krum,not_applicable,44,dirichlet_a0.1,no_attack,"K=50 local SGD steps/client/round; 25 FL rounds; same TorchCNNFlat model/init scheme; SGD optimizer, LR=0.01, batch_size=128; 5 clients; MALICIOUS_RATIO=0.2 (client 0); attack_start=round 10; SERVER_REF_FRACTION=0.10; same evaluate() on official PathMNIST test split -- identical across benchmark_v2_corrected and combined_e2e_minimal by construction (both derive these constants from the same locked protocol addenda).",True,"exact (partition,seed,attack,defense,regime) match found",0.1058495864272117,2.347745180130005,False
c4_drift_aware__dirichlet_a0.1__no_attack__seed44,fedavg,not_applicable,44,dirichlet_a0.1,no_attack,"K=50 local SGD steps/client/round; 25 FL rounds; same TorchCNNFlat model/init scheme; SGD optimizer, LR=0.01, batch_size=128; 5 clients; MALICIOUS_RATIO=0.2 (client 0); attack_start=round 10; SERVER_REF_FRACTION=0.10; same evaluate() on official PathMNIST test split -- identical across benchmark_v2_corrected and combined_e2e_minimal by construction (both derive these constants from the same locked protocol addenda).",True,"exact (partition,seed,attack,defense,regime) match found",0.1040389984846115,2.04189682006836,False
c4_drift_aware__dirichlet_a0.1__no_attack__seed44,norm,A_condition_specific_oracle,44,dirichlet_a0.1,no_attack,"K=50 local SGD steps/client/round; 25 FL rounds; same TorchCNNFlat model/init scheme; SGD optimizer, LR=0.01, batch_size=128; 5 clients; MALICIOUS_RATIO=0.2 (client 0); attack_start=round 10; SERVER_REF_FRACTION=0.10; same evaluate() on official PathMNIST test split -- identical across benchmark_v2_corrected and combined_e2e_minimal by construction (both derive these constants from the same locked protocol addenda).",True,"exact (partition,seed,attack,defense,regime) match found",0.1043175533413887,2.0459773540496826,False
c4_drift_aware__dirichlet_a0.1__no_attack__seed44,cosine,A_condition_specific_oracle,44,dirichlet_a0.1,no_attack,"K=50 local SGD steps/client/round; 25 FL rounds; same TorchCNNFlat model/init scheme; SGD optimizer, LR=0.01, batch_size=128; 5 clients; MALICIOUS_RATIO=0.2 (client 0); attack_start=round 10; SERVER_REF_FRACTION=0.10; same evaluate() on official PathMNIST test split -- identical across benchmark_v2_corrected and combined_e2e_minimal by construction (both derive these constants from the same locked protocol addenda).",True,"exact (partition,seed,attack,defense,regime) match found",0.1108635142445564,2.0107345581054688,False
c4_drift_aware__dirichlet_a0.1__no_attack__seed44,sign_consensus,A_condition_specific_oracle,44,dirichlet_a0.1,no_attack,"K=50 local SGD steps/client/round; 25 FL rounds; same TorchCNNFlat model/init scheme; SGD optimizer, LR=0.01, batch_size=128; 5 clients; MALICIOUS_RATIO=0.2 (client 0); attack_start=round 10; SERVER_REF_FRACTION=0.10; same evaluate() on official PathMNIST test split -- identical across benchmark_v2_corrected and combined_e2e_minimal by construction (both derive these constants from the same locked protocol addenda).",True,"exact (partition,seed,attack,defense,regime) match found",0.1040389984846115,2.041964054107666,False
c4_drift_aware__dirichlet_a0.1__no_attack__seed44,median,not_applicable,44,dirichlet_a0.1,no_attack,"K=50 local SGD steps/client/round; 25 FL rounds; same TorchCNNFlat model/init scheme; SGD optimizer, LR=0.01, batch_size=128; 5 clients; MALICIOUS_RATIO=0.2 (client 0); attack_start=round 10; SERVER_REF_FRACTION=0.10; same evaluate() on official PathMNIST test split -- identical across benchmark_v2_corrected and combined_e2e_minimal by construction (both derive these constants from the same locked protocol addenda).",True,"exact (partition,seed,attack,defense,regime) match found",0.1717270165681839,2.392295837402344,False
c4_drift_aware__dirichlet_a0.1__no_attack__seed44,multi_krum,not_applicable,44,dirichlet_a0.1,no_attack,"K=50 local SGD steps/client/round; 25 FL rounds; same TorchCNNFlat model/init scheme; SGD optimizer, LR=0.01, batch_size=128; 5 clients; MALICIOUS_RATIO=0.2 (client 0); attack_start=round 10; SERVER_REF_FRACTION=0.10; same evaluate() on official PathMNIST test split -- identical across benchmark_v2_corrected and combined_e2e_minimal by construction (both derive these constants from the same locked protocol addenda).",True,"exact (partition,seed,attack,defense,regime) match found",0.1058495864272117,2.347745180130005,False
c3_static__dirichlet_a0.1__large_norm__seed44,fedavg,not_applicable,44,dirichlet_a0.1,large_norm,"K=50 local SGD steps/client/round; 25 FL rounds; same TorchCNNFlat model/init scheme; SGD optimizer, LR=0.01, batch_size=128; 5 clients; MALICIOUS_RATIO=0.2 (client 0); attack_start=round 10; SERVER_REF_FRACTION=0.10; same evaluate() on official PathMNIST test split -- identical across benchmark_v2_corrected and combined_e2e_minimal by construction (both derive these constants from the same locked protocol addenda).",True,"exact (partition,seed,attack,defense,regime) match found",0.0586351007223129,168710288.0,True
c3_static__dirichlet_a0.1__large_norm__seed44,norm,A_condition_specific_oracle,44,dirichlet_a0.1,large_norm,"K=50 local SGD steps/client/round; 25 FL rounds; same TorchCNNFlat model/init scheme; SGD optimizer, LR=0.01, batch_size=128; 5 clients; MALICIOUS_RATIO=0.2 (client 0); attack_start=round 10; SERVER_REF_FRACTION=0.10; same evaluate() on official PathMNIST test split -- identical across benchmark_v2_corrected and combined_e2e_minimal by construction (both derive these constants from the same locked protocol addenda).",True,"exact (partition,seed,attack,defense,regime) match found",0.3396936058998108,1.9471056461334229,False
c3_static__dirichlet_a0.1__large_norm__seed44,cosine,A_condition_specific_oracle,44,dirichlet_a0.1,large_norm,"K=50 local SGD steps/client/round; 25 FL rounds; same TorchCNNFlat model/init scheme; SGD optimizer, LR=0.01, batch_size=128; 5 clients; MALICIOUS_RATIO=0.2 (client 0); attack_start=round 10; SERVER_REF_FRACTION=0.10; same evaluate() on official PathMNIST test split -- identical across benchmark_v2_corrected and combined_e2e_minimal by construction (both derive these constants from the same locked protocol addenda).",True,"exact (partition,seed,attack,defense,regime) match found",0.0898328721523284,280811392.0,True
c3_static__dirichlet_a0.1__large_norm__seed44,sign_consensus,A_condition_specific_oracle,44,dirichlet_a0.1,large_norm,"K=50 local SGD steps/client/round; 25 FL rounds; same TorchCNNFlat model/init scheme; SGD optimizer, LR=0.01, batch_size=128; 5 clients; MALICIOUS_RATIO=0.2 (client 0); attack_start=round 10; SERVER_REF_FRACTION=0.10; same evaluate() on official PathMNIST test split -- identical across benchmark_v2_corrected and combined_e2e_minimal by construction (both derive these constants from the same locked protocol addenda).",True,"exact (partition,seed,attack,defense,regime) match found",0.0586351007223129,6468918272.0,True
c3_static__dirichlet_a0.1__large_norm__seed44,median,not_applicable,44,dirichlet_a0.1,large_norm,"K=50 local SGD steps/client/round; 25 FL rounds; same TorchCNNFlat model/init scheme; SGD optimizer, LR=0.01, batch_size=128; 5 clients; MALICIOUS_RATIO=0.2 (client 0); attack_start=round 10; SERVER_REF_FRACTION=0.10; same evaluate() on official PathMNIST test split -- identical across benchmark_v2_corrected and combined_e2e_minimal by construction (both derive these constants from the same locked protocol addenda).",True,"exact (partition,seed,attack,defense,regime) match found",0.1717270165681839,2.640777349472046,False
c3_static__dirichlet_a0.1__large_norm__seed44,multi_krum,not_applicable,44,dirichlet_a0.1,large_norm,"K=50 local SGD steps/client/round; 25 FL rounds; same TorchCNNFlat model/init scheme; SGD optimizer, LR=0.01, batch_size=128; 5 clients; MALICIOUS_RATIO=0.2 (client 0); attack_start=round 10; SERVER_REF_FRACTION=0.10; same evaluate() on official PathMNIST test split -- identical across benchmark_v2_corrected and combined_e2e_minimal by construction (both derive these constants from the same locked protocol addenda).",True,"exact (partition,seed,attack,defense,regime) match found",0.3153203427791595,1.9575579166412356,False
c4_static__dirichlet_a0.1__large_norm__seed44,fedavg,not_applicable,44,dirichlet_a0.1,large_norm,"K=50 local SGD steps/client/round; 25 FL rounds; same TorchCNNFlat model/init scheme; SGD optimizer, LR=0.01, batch_size=128; 5 clients; MALICIOUS_RATIO=0.2 (client 0); attack_start=round 10; SERVER_REF_FRACTION=0.10; same evaluate() on official PathMNIST test split -- identical across benchmark_v2_corrected and combined_e2e_minimal by construction (both derive these constants from the same locked protocol addenda).",True,"exact (partition,seed,attack,defense,regime) match found",0.0586351007223129,168710288.0,True
c4_static__dirichlet_a0.1__large_norm__seed44,norm,A_condition_specific_oracle,44,dirichlet_a0.1,large_norm,"K=50 local SGD steps/client/round; 25 FL rounds; same TorchCNNFlat model/init scheme; SGD optimizer, LR=0.01, batch_size=128; 5 clients; MALICIOUS_RATIO=0.2 (client 0); attack_start=round 10; SERVER_REF_FRACTION=0.10; same evaluate() on official PathMNIST test split -- identical across benchmark_v2_corrected and combined_e2e_minimal by construction (both derive these constants from the same locked protocol addenda).",True,"exact (partition,seed,attack,defense,regime) match found",0.3396936058998108,1.9471056461334229,False
c4_static__dirichlet_a0.1__large_norm__seed44,cosine,A_condition_specific_oracle,44,dirichlet_a0.1,large_norm,"K=50 local SGD steps/client/round; 25 FL rounds; same TorchCNNFlat model/init scheme; SGD optimizer, LR=0.01, batch_size=128; 5 clients; MALICIOUS_RATIO=0.2 (client 0); attack_start=round 10; SERVER_REF_FRACTION=0.10; same evaluate() on official PathMNIST test split -- identical across benchmark_v2_corrected and combined_e2e_minimal by construction (both derive these constants from the same locked protocol addenda).",True,"exact (partition,seed,attack,defense,regime) match found",0.0898328721523284,280811392.0,True
c4_static__dirichlet_a0.1__large_norm__seed44,sign_consensus,A_condition_specific_oracle,44,dirichlet_a0.1,large_norm,"K=50 local SGD steps/client/round; 25 FL rounds; same TorchCNNFlat model/init scheme; SGD optimizer, LR=0.01, batch_size=128; 5 clients; MALICIOUS_RATIO=0.2 (client 0); attack_start=round 10; SERVER_REF_FRACTION=0.10; same evaluate() on official PathMNIST test split -- identical across benchmark_v2_corrected and combined_e2e_minimal by construction (both derive these constants from the same locked protocol addenda).",True,"exact (partition,seed,attack,defense,regime) match found",0.0586351007223129,6468918272.0,True
c4_static__dirichlet_a0.1__large_norm__seed44,median,not_applicable,44,dirichlet_a0.1,large_norm,"K=50 local SGD steps/client/round; 25 FL rounds; same TorchCNNFlat model/init scheme; SGD optimizer, LR=0.01, batch_size=128; 5 clients; MALICIOUS_RATIO=0.2 (client 0); attack_start=round 10; SERVER_REF_FRACTION=0.10; same evaluate() on official PathMNIST test split -- identical across benchmark_v2_corrected and combined_e2e_minimal by construction (both derive these constants from the same locked protocol addenda).",True,"exact (partition,seed,attack,defense,regime) match found",0.1717270165681839,2.640777349472046,False
c4_static__dirichlet_a0.1__large_norm__seed44,multi_krum,not_applicable,44,dirichlet_a0.1,large_norm,"K=50 local SGD steps/client/round; 25 FL rounds; same TorchCNNFlat model/init scheme; SGD optimizer, LR=0.01, batch_size=128; 5 clients; MALICIOUS_RATIO=0.2 (client 0); attack_start=round 10; SERVER_REF_FRACTION=0.10; same evaluate() on official PathMNIST test split -- identical across benchmark_v2_corrected and combined_e2e_minimal by construction (both derive these constants from the same locked protocol addenda).",True,"exact (partition,seed,attack,defense,regime) match found",0.3153203427791595,1.9575579166412356,False
c4_drift_aware__dirichlet_a0.1__large_norm__seed44,fedavg,not_applicable,44,dirichlet_a0.1,large_norm,"K=50 local SGD steps/client/round; 25 FL rounds; same TorchCNNFlat model/init scheme; SGD optimizer, LR=0.01, batch_size=128; 5 clients; MALICIOUS_RATIO=0.2 (client 0); attack_start=round 10; SERVER_REF_FRACTION=0.10; same evaluate() on official PathMNIST test split -- identical across benchmark_v2_corrected and combined_e2e_minimal by construction (both derive these constants from the same locked protocol addenda).",True,"exact (partition,seed,attack,defense,regime) match found",0.0586351007223129,168710288.0,True
c4_drift_aware__dirichlet_a0.1__large_norm__seed44,norm,A_condition_specific_oracle,44,dirichlet_a0.1,large_norm,"K=50 local SGD steps/client/round; 25 FL rounds; same TorchCNNFlat model/init scheme; SGD optimizer, LR=0.01, batch_size=128; 5 clients; MALICIOUS_RATIO=0.2 (client 0); attack_start=round 10; SERVER_REF_FRACTION=0.10; same evaluate() on official PathMNIST test split -- identical across benchmark_v2_corrected and combined_e2e_minimal by construction (both derive these constants from the same locked protocol addenda).",True,"exact (partition,seed,attack,defense,regime) match found",0.3396936058998108,1.9471056461334229,False
c4_drift_aware__dirichlet_a0.1__large_norm__seed44,cosine,A_condition_specific_oracle,44,dirichlet_a0.1,large_norm,"K=50 local SGD steps/client/round; 25 FL rounds; same TorchCNNFlat model/init scheme; SGD optimizer, LR=0.01, batch_size=128; 5 clients; MALICIOUS_RATIO=0.2 (client 0); attack_start=round 10; SERVER_REF_FRACTION=0.10; same evaluate() on official PathMNIST test split -- identical across benchmark_v2_corrected and combined_e2e_minimal by construction (both derive these constants from the same locked protocol addenda).",True,"exact (partition,seed,attack,defense,regime) match found",0.0898328721523284,280811392.0,True
c4_drift_aware__dirichlet_a0.1__large_norm__seed44,sign_consensus,A_condition_specific_oracle,44,dirichlet_a0.1,large_norm,"K=50 local SGD steps/client/round; 25 FL rounds; same TorchCNNFlat model/init scheme; SGD optimizer, LR=0.01, batch_size=128; 5 clients; MALICIOUS_RATIO=0.2 (client 0); attack_start=round 10; SERVER_REF_FRACTION=0.10; same evaluate() on official PathMNIST test split -- identical across benchmark_v2_corrected and combined_e2e_minimal by construction (both derive these constants from the same locked protocol addenda).",True,"exact (partition,seed,attack,defense,regime) match found",0.0586351007223129,6468918272.0,True
c4_drift_aware__dirichlet_a0.1__large_norm__seed44,median,not_applicable,44,dirichlet_a0.1,large_norm,"K=50 local SGD steps/client/round; 25 FL rounds; same TorchCNNFlat model/init scheme; SGD optimizer, LR=0.01, batch_size=128; 5 clients; MALICIOUS_RATIO=0.2 (client 0); attack_start=round 10; SERVER_REF_FRACTION=0.10; same evaluate() on official PathMNIST test split -- identical across benchmark_v2_corrected and combined_e2e_minimal by construction (both derive these constants from the same locked protocol addenda).",True,"exact (partition,seed,attack,defense,regime) match found",0.1717270165681839,2.640777349472046,False
c4_drift_aware__dirichlet_a0.1__large_norm__seed44,multi_krum,not_applicable,44,dirichlet_a0.1,large_norm,"K=50 local SGD steps/client/round; 25 FL rounds; same TorchCNNFlat model/init scheme; SGD optimizer, LR=0.01, batch_size=128; 5 clients; MALICIOUS_RATIO=0.2 (client 0); attack_start=round 10; SERVER_REF_FRACTION=0.10; same evaluate() on official PathMNIST test split -- identical across benchmark_v2_corrected and combined_e2e_minimal by construction (both derive these constants from the same locked protocol addenda).",True,"exact (partition,seed,attack,defense,regime) match found",0.3153203427791595,1.9575579166412356,False
c3_static__dirichlet_a0.1__directional_poisoning__seed44,fedavg,not_applicable,44,dirichlet_a0.1,directional_poisoning,"K=50 local SGD steps/client/round; 25 FL rounds; same TorchCNNFlat model/init scheme; SGD optimizer, LR=0.01, batch_size=128; 5 clients; MALICIOUS_RATIO=0.2 (client 0); attack_start=round 10; SERVER_REF_FRACTION=0.10; same evaluate() on official PathMNIST test split -- identical across benchmark_v2_corrected and combined_e2e_minimal by construction (both derive these constants from the same locked protocol addenda).",True,"exact (partition,seed,attack,defense,regime) match found",0.1717270165681839,2.8182685375213623,False
c3_static__dirichlet_a0.1__directional_poisoning__seed44,norm,A_condition_specific_oracle,44,dirichlet_a0.1,directional_poisoning,"K=50 local SGD steps/client/round; 25 FL rounds; same TorchCNNFlat model/init scheme; SGD optimizer, LR=0.01, batch_size=128; 5 clients; MALICIOUS_RATIO=0.2 (client 0); attack_start=round 10; SERVER_REF_FRACTION=0.10; same evaluate() on official PathMNIST test split -- identical across benchmark_v2_corrected and combined_e2e_minimal by construction (both derive these constants from the same locked protocol addenda).",True,"exact (partition,seed,attack,defense,regime) match found",0.353064090013504,2.054996967315674,False
c3_static__dirichlet_a0.1__directional_poisoning__seed44,cosine,A_condition_specific_oracle,44,dirichlet_a0.1,directional_poisoning,"K=50 local SGD steps/client/round; 25 FL rounds; same TorchCNNFlat model/init scheme; SGD optimizer, LR=0.01, batch_size=128; 5 clients; MALICIOUS_RATIO=0.2 (client 0); attack_start=round 10; SERVER_REF_FRACTION=0.10; same evaluate() on official PathMNIST test split -- identical across benchmark_v2_corrected and combined_e2e_minimal by construction (both derive these constants from the same locked protocol addenda).",True,"exact (partition,seed,attack,defense,regime) match found",0.3523676991462707,1.9807865619659424,False
c3_static__dirichlet_a0.1__directional_poisoning__seed44,sign_consensus,A_condition_specific_oracle,44,dirichlet_a0.1,directional_poisoning,"K=50 local SGD steps/client/round; 25 FL rounds; same TorchCNNFlat model/init scheme; SGD optimizer, LR=0.01, batch_size=128; 5 clients; MALICIOUS_RATIO=0.2 (client 0); attack_start=round 10; SERVER_REF_FRACTION=0.10; same evaluate() on official PathMNIST test split -- identical across benchmark_v2_corrected and combined_e2e_minimal by construction (both derive these constants from the same locked protocol addenda).",True,"exact (partition,seed,attack,defense,regime) match found",0.1717270165681839,2.820281505584717,False
c3_static__dirichlet_a0.1__directional_poisoning__seed44,median,not_applicable,44,dirichlet_a0.1,directional_poisoning,"K=50 local SGD steps/client/round; 25 FL rounds; same TorchCNNFlat model/init scheme; SGD optimizer, LR=0.01, batch_size=128; 5 clients; MALICIOUS_RATIO=0.2 (client 0); attack_start=round 10; SERVER_REF_FRACTION=0.10; same evaluate() on official PathMNIST test split -- identical across benchmark_v2_corrected and combined_e2e_minimal by construction (both derive these constants from the same locked protocol addenda).",True,"exact (partition,seed,attack,defense,regime) match found",0.1441504210233688,3.60610032081604,False
c3_static__dirichlet_a0.1__directional_poisoning__seed44,multi_krum,not_applicable,44,dirichlet_a0.1,directional_poisoning,"K=50 local SGD steps/client/round; 25 FL rounds; same TorchCNNFlat model/init scheme; SGD optimizer, LR=0.01, batch_size=128; 5 clients; MALICIOUS_RATIO=0.2 (client 0); attack_start=round 10; SERVER_REF_FRACTION=0.10; same evaluate() on official PathMNIST test split -- identical across benchmark_v2_corrected and combined_e2e_minimal by construction (both derive these constants from the same locked protocol addenda).",True,"exact (partition,seed,attack,defense,regime) match found",0.3540390133857727,1.9553381204605105,False
c4_static__dirichlet_a0.1__directional_poisoning__seed44,fedavg,not_applicable,44,dirichlet_a0.1,directional_poisoning,"K=50 local SGD steps/client/round; 25 FL rounds; same TorchCNNFlat model/init scheme; SGD optimizer, LR=0.01, batch_size=128; 5 clients; MALICIOUS_RATIO=0.2 (client 0); attack_start=round 10; SERVER_REF_FRACTION=0.10; same evaluate() on official PathMNIST test split -- identical across benchmark_v2_corrected and combined_e2e_minimal by construction (both derive these constants from the same locked protocol addenda).",True,"exact (partition,seed,attack,defense,regime) match found",0.1717270165681839,2.8182685375213623,False
c4_static__dirichlet_a0.1__directional_poisoning__seed44,norm,A_condition_specific_oracle,44,dirichlet_a0.1,directional_poisoning,"K=50 local SGD steps/client/round; 25 FL rounds; same TorchCNNFlat model/init scheme; SGD optimizer, LR=0.01, batch_size=128; 5 clients; MALICIOUS_RATIO=0.2 (client 0); attack_start=round 10; SERVER_REF_FRACTION=0.10; same evaluate() on official PathMNIST test split -- identical across benchmark_v2_corrected and combined_e2e_minimal by construction (both derive these constants from the same locked protocol addenda).",True,"exact (partition,seed,attack,defense,regime) match found",0.353064090013504,2.054996967315674,False
c4_static__dirichlet_a0.1__directional_poisoning__seed44,cosine,A_condition_specific_oracle,44,dirichlet_a0.1,directional_poisoning,"K=50 local SGD steps/client/round; 25 FL rounds; same TorchCNNFlat model/init scheme; SGD optimizer, LR=0.01, batch_size=128; 5 clients; MALICIOUS_RATIO=0.2 (client 0); attack_start=round 10; SERVER_REF_FRACTION=0.10; same evaluate() on official PathMNIST test split -- identical across benchmark_v2_corrected and combined_e2e_minimal by construction (both derive these constants from the same locked protocol addenda).",True,"exact (partition,seed,attack,defense,regime) match found",0.3523676991462707,1.9807865619659424,False
c4_static__dirichlet_a0.1__directional_poisoning__seed44,sign_consensus,A_condition_specific_oracle,44,dirichlet_a0.1,directional_poisoning,"K=50 local SGD steps/client/round; 25 FL rounds; same TorchCNNFlat model/init scheme; SGD optimizer, LR=0.01, batch_size=128; 5 clients; MALICIOUS_RATIO=0.2 (client 0); attack_start=round 10; SERVER_REF_FRACTION=0.10; same evaluate() on official PathMNIST test split -- identical across benchmark_v2_corrected and combined_e2e_minimal by construction (both derive these constants from the same locked protocol addenda).",True,"exact (partition,seed,attack,defense,regime) match found",0.1717270165681839,2.820281505584717,False
c4_static__dirichlet_a0.1__directional_poisoning__seed44,median,not_applicable,44,dirichlet_a0.1,directional_poisoning,"K=50 local SGD steps/client/round; 25 FL rounds; same TorchCNNFlat model/init scheme; SGD optimizer, LR=0.01, batch_size=128; 5 clients; MALICIOUS_RATIO=0.2 (client 0); attack_start=round 10; SERVER_REF_FRACTION=0.10; same evaluate() on official PathMNIST test split -- identical across benchmark_v2_corrected and combined_e2e_minimal by construction (both derive these constants from the same locked protocol addenda).",True,"exact (partition,seed,attack,defense,regime) match found",0.1441504210233688,3.60610032081604,False
c4_static__dirichlet_a0.1__directional_poisoning__seed44,multi_krum,not_applicable,44,dirichlet_a0.1,directional_poisoning,"K=50 local SGD steps/client/round; 25 FL rounds; same TorchCNNFlat model/init scheme; SGD optimizer, LR=0.01, batch_size=128; 5 clients; MALICIOUS_RATIO=0.2 (client 0); attack_start=round 10; SERVER_REF_FRACTION=0.10; same evaluate() on official PathMNIST test split -- identical across benchmark_v2_corrected and combined_e2e_minimal by construction (both derive these constants from the same locked protocol addenda).",True,"exact (partition,seed,attack,defense,regime) match found",0.3540390133857727,1.9553381204605105,False
c4_drift_aware__dirichlet_a0.1__directional_poisoning__seed44,fedavg,not_applicable,44,dirichlet_a0.1,directional_poisoning,"K=50 local SGD steps/client/round; 25 FL rounds; same TorchCNNFlat model/init scheme; SGD optimizer, LR=0.01, batch_size=128; 5 clients; MALICIOUS_RATIO=0.2 (client 0); attack_start=round 10; SERVER_REF_FRACTION=0.10; same evaluate() on official PathMNIST test split -- identical across benchmark_v2_corrected and combined_e2e_minimal by construction (both derive these constants from the same locked protocol addenda).",True,"exact (partition,seed,attack,defense,regime) match found",0.1717270165681839,2.8182685375213623,False
c4_drift_aware__dirichlet_a0.1__directional_poisoning__seed44,norm,A_condition_specific_oracle,44,dirichlet_a0.1,directional_poisoning,"K=50 local SGD steps/client/round; 25 FL rounds; same TorchCNNFlat model/init scheme; SGD optimizer, LR=0.01, batch_size=128; 5 clients; MALICIOUS_RATIO=0.2 (client 0); attack_start=round 10; SERVER_REF_FRACTION=0.10; same evaluate() on official PathMNIST test split -- identical across benchmark_v2_corrected and combined_e2e_minimal by construction (both derive these constants from the same locked protocol addenda).",True,"exact (partition,seed,attack,defense,regime) match found",0.353064090013504,2.054996967315674,False
c4_drift_aware__dirichlet_a0.1__directional_poisoning__seed44,cosine,A_condition_specific_oracle,44,dirichlet_a0.1,directional_poisoning,"K=50 local SGD steps/client/round; 25 FL rounds; same TorchCNNFlat model/init scheme; SGD optimizer, LR=0.01, batch_size=128; 5 clients; MALICIOUS_RATIO=0.2 (client 0); attack_start=round 10; SERVER_REF_FRACTION=0.10; same evaluate() on official PathMNIST test split -- identical across benchmark_v2_corrected and combined_e2e_minimal by construction (both derive these constants from the same locked protocol addenda).",True,"exact (partition,seed,attack,defense,regime) match found",0.3523676991462707,1.9807865619659424,False
c4_drift_aware__dirichlet_a0.1__directional_poisoning__seed44,sign_consensus,A_condition_specific_oracle,44,dirichlet_a0.1,directional_poisoning,"K=50 local SGD steps/client/round; 25 FL rounds; same TorchCNNFlat model/init scheme; SGD optimizer, LR=0.01, batch_size=128; 5 clients; MALICIOUS_RATIO=0.2 (client 0); attack_start=round 10; SERVER_REF_FRACTION=0.10; same evaluate() on official PathMNIST test split -- identical across benchmark_v2_corrected and combined_e2e_minimal by construction (both derive these constants from the same locked protocol addenda).",True,"exact (partition,seed,attack,defense,regime) match found",0.1717270165681839,2.820281505584717,False
c4_drift_aware__dirichlet_a0.1__directional_poisoning__seed44,median,not_applicable,44,dirichlet_a0.1,directional_poisoning,"K=50 local SGD steps/client/round; 25 FL rounds; same TorchCNNFlat model/init scheme; SGD optimizer, LR=0.01, batch_size=128; 5 clients; MALICIOUS_RATIO=0.2 (client 0); attack_start=round 10; SERVER_REF_FRACTION=0.10; same evaluate() on official PathMNIST test split -- identical across benchmark_v2_corrected and combined_e2e_minimal by construction (both derive these constants from the same locked protocol addenda).",True,"exact (partition,seed,attack,defense,regime) match found",0.1441504210233688,3.60610032081604,False
c4_drift_aware__dirichlet_a0.1__directional_poisoning__seed44,multi_krum,not_applicable,44,dirichlet_a0.1,directional_poisoning,"K=50 local SGD steps/client/round; 25 FL rounds; same TorchCNNFlat model/init scheme; SGD optimizer, LR=0.01, batch_size=128; 5 clients; MALICIOUS_RATIO=0.2 (client 0); attack_start=round 10; SERVER_REF_FRACTION=0.10; same evaluate() on official PathMNIST test split -- identical across benchmark_v2_corrected and combined_e2e_minimal by construction (both derive these constants from the same locked protocol addenda).",True,"exact (partition,seed,attack,defense,regime) match found",0.3540390133857727,1.9553381204605105,False
c3_static__dirichlet_a0.1__sparse_coordinate_attack__seed44,fedavg,not_applicable,44,dirichlet_a0.1,sparse_coordinate_attack,"K=50 local SGD steps/client/round; 25 FL rounds; same TorchCNNFlat model/init scheme; SGD optimizer, LR=0.01, batch_size=128; 5 clients; MALICIOUS_RATIO=0.2 (client 0); attack_start=round 10; SERVER_REF_FRACTION=0.10; same evaluate() on official PathMNIST test split -- identical across benchmark_v2_corrected and combined_e2e_minimal by construction (both derive these constants from the same locked protocol addenda).",True,"exact (partition,seed,attack,defense,regime) match found",0.1713092029094696,5.904489517211914,False
c3_static__dirichlet_a0.1__sparse_coordinate_attack__seed44,norm,A_condition_specific_oracle,44,dirichlet_a0.1,sparse_coordinate_attack,"K=50 local SGD steps/client/round; 25 FL rounds; same TorchCNNFlat model/init scheme; SGD optimizer, LR=0.01, batch_size=128; 5 clients; MALICIOUS_RATIO=0.2 (client 0); attack_start=round 10; SERVER_REF_FRACTION=0.10; same evaluate() on official PathMNIST test split -- identical across benchmark_v2_corrected and combined_e2e_minimal by construction (both derive these constants from the same locked protocol addenda).",True,"exact (partition,seed,attack,defense,regime) match found",0.3190807998180389,1.9661872386932373,False
c3_static__dirichlet_a0.1__sparse_coordinate_attack__seed44,cosine,A_condition_specific_oracle,44,dirichlet_a0.1,sparse_coordinate_attack,"K=50 local SGD steps/client/round; 25 FL rounds; same TorchCNNFlat model/init scheme; SGD optimizer, LR=0.01, batch_size=128; 5 clients; MALICIOUS_RATIO=0.2 (client 0); attack_start=round 10; SERVER_REF_FRACTION=0.10; same evaluate() on official PathMNIST test split -- identical across benchmark_v2_corrected and combined_e2e_minimal by construction (both derive these constants from the same locked protocol addenda).",True,"exact (partition,seed,attack,defense,regime) match found",0.0646239593625068,8.41952133178711,False
c3_static__dirichlet_a0.1__sparse_coordinate_attack__seed44,sign_consensus,A_condition_specific_oracle,44,dirichlet_a0.1,sparse_coordinate_attack,"K=50 local SGD steps/client/round; 25 FL rounds; same TorchCNNFlat model/init scheme; SGD optimizer, LR=0.01, batch_size=128; 5 clients; MALICIOUS_RATIO=0.2 (client 0); attack_start=round 10; SERVER_REF_FRACTION=0.10; same evaluate() on official PathMNIST test split -- identical across benchmark_v2_corrected and combined_e2e_minimal by construction (both derive these constants from the same locked protocol addenda).",True,"exact (partition,seed,attack,defense,regime) match found",0.3236768841743469,1.9531927108764648,False
c3_static__dirichlet_a0.1__sparse_coordinate_attack__seed44,median,not_applicable,44,dirichlet_a0.1,sparse_coordinate_attack,"K=50 local SGD steps/client/round; 25 FL rounds; same TorchCNNFlat model/init scheme; SGD optimizer, LR=0.01, batch_size=128; 5 clients; MALICIOUS_RATIO=0.2 (client 0); attack_start=round 10; SERVER_REF_FRACTION=0.10; same evaluate() on official PathMNIST test split -- identical across benchmark_v2_corrected and combined_e2e_minimal by construction (both derive these constants from the same locked protocol addenda).",True,"exact (partition,seed,attack,defense,regime) match found",0.1717270165681839,2.7796313762664795,False
c3_static__dirichlet_a0.1__sparse_coordinate_attack__seed44,multi_krum,not_applicable,44,dirichlet_a0.1,sparse_coordinate_attack,"K=50 local SGD steps/client/round; 25 FL rounds; same TorchCNNFlat model/init scheme; SGD optimizer, LR=0.01, batch_size=128; 5 clients; MALICIOUS_RATIO=0.2 (client 0); attack_start=round 10; SERVER_REF_FRACTION=0.10; same evaluate() on official PathMNIST test split -- identical across benchmark_v2_corrected and combined_e2e_minimal by construction (both derive these constants from the same locked protocol addenda).",True,"exact (partition,seed,attack,defense,regime) match found",0.2895543277263641,1.9777028560638428,False
c4_static__dirichlet_a0.1__sparse_coordinate_attack__seed44,fedavg,not_applicable,44,dirichlet_a0.1,sparse_coordinate_attack,"K=50 local SGD steps/client/round; 25 FL rounds; same TorchCNNFlat model/init scheme; SGD optimizer, LR=0.01, batch_size=128; 5 clients; MALICIOUS_RATIO=0.2 (client 0); attack_start=round 10; SERVER_REF_FRACTION=0.10; same evaluate() on official PathMNIST test split -- identical across benchmark_v2_corrected and combined_e2e_minimal by construction (both derive these constants from the same locked protocol addenda).",True,"exact (partition,seed,attack,defense,regime) match found",0.1713092029094696,5.904489517211914,False
c4_static__dirichlet_a0.1__sparse_coordinate_attack__seed44,norm,A_condition_specific_oracle,44,dirichlet_a0.1,sparse_coordinate_attack,"K=50 local SGD steps/client/round; 25 FL rounds; same TorchCNNFlat model/init scheme; SGD optimizer, LR=0.01, batch_size=128; 5 clients; MALICIOUS_RATIO=0.2 (client 0); attack_start=round 10; SERVER_REF_FRACTION=0.10; same evaluate() on official PathMNIST test split -- identical across benchmark_v2_corrected and combined_e2e_minimal by construction (both derive these constants from the same locked protocol addenda).",True,"exact (partition,seed,attack,defense,regime) match found",0.3190807998180389,1.9661872386932373,False
c4_static__dirichlet_a0.1__sparse_coordinate_attack__seed44,cosine,A_condition_specific_oracle,44,dirichlet_a0.1,sparse_coordinate_attack,"K=50 local SGD steps/client/round; 25 FL rounds; same TorchCNNFlat model/init scheme; SGD optimizer, LR=0.01, batch_size=128; 5 clients; MALICIOUS_RATIO=0.2 (client 0); attack_start=round 10; SERVER_REF_FRACTION=0.10; same evaluate() on official PathMNIST test split -- identical across benchmark_v2_corrected and combined_e2e_minimal by construction (both derive these constants from the same locked protocol addenda).",True,"exact (partition,seed,attack,defense,regime) match found",0.0646239593625068,8.41952133178711,False
c4_static__dirichlet_a0.1__sparse_coordinate_attack__seed44,sign_consensus,A_condition_specific_oracle,44,dirichlet_a0.1,sparse_coordinate_attack,"K=50 local SGD steps/client/round; 25 FL rounds; same TorchCNNFlat model/init scheme; SGD optimizer, LR=0.01, batch_size=128; 5 clients; MALICIOUS_RATIO=0.2 (client 0); attack_start=round 10; SERVER_REF_FRACTION=0.10; same evaluate() on official PathMNIST test split -- identical across benchmark_v2_corrected and combined_e2e_minimal by construction (both derive these constants from the same locked protocol addenda).",True,"exact (partition,seed,attack,defense,regime) match found",0.3236768841743469,1.9531927108764648,False
c4_static__dirichlet_a0.1__sparse_coordinate_attack__seed44,median,not_applicable,44,dirichlet_a0.1,sparse_coordinate_attack,"K=50 local SGD steps/client/round; 25 FL rounds; same TorchCNNFlat model/init scheme; SGD optimizer, LR=0.01, batch_size=128; 5 clients; MALICIOUS_RATIO=0.2 (client 0); attack_start=round 10; SERVER_REF_FRACTION=0.10; same evaluate() on official PathMNIST test split -- identical across benchmark_v2_corrected and combined_e2e_minimal by construction (both derive these constants from the same locked protocol addenda).",True,"exact (partition,seed,attack,defense,regime) match found",0.1717270165681839,2.7796313762664795,False
c4_static__dirichlet_a0.1__sparse_coordinate_attack__seed44,multi_krum,not_applicable,44,dirichlet_a0.1,sparse_coordinate_attack,"K=50 local SGD steps/client/round; 25 FL rounds; same TorchCNNFlat model/init scheme; SGD optimizer, LR=0.01, batch_size=128; 5 clients; MALICIOUS_RATIO=0.2 (client 0); attack_start=round 10; SERVER_REF_FRACTION=0.10; same evaluate() on official PathMNIST test split -- identical across benchmark_v2_corrected and combined_e2e_minimal by construction (both derive these constants from the same locked protocol addenda).",True,"exact (partition,seed,attack,defense,regime) match found",0.2895543277263641,1.9777028560638428,False
c4_drift_aware__dirichlet_a0.1__sparse_coordinate_attack__seed44,fedavg,not_applicable,44,dirichlet_a0.1,sparse_coordinate_attack,"K=50 local SGD steps/client/round; 25 FL rounds; same TorchCNNFlat model/init scheme; SGD optimizer, LR=0.01, batch_size=128; 5 clients; MALICIOUS_RATIO=0.2 (client 0); attack_start=round 10; SERVER_REF_FRACTION=0.10; same evaluate() on official PathMNIST test split -- identical across benchmark_v2_corrected and combined_e2e_minimal by construction (both derive these constants from the same locked protocol addenda).",True,"exact (partition,seed,attack,defense,regime) match found",0.1713092029094696,5.904489517211914,False
c4_drift_aware__dirichlet_a0.1__sparse_coordinate_attack__seed44,norm,A_condition_specific_oracle,44,dirichlet_a0.1,sparse_coordinate_attack,"K=50 local SGD steps/client/round; 25 FL rounds; same TorchCNNFlat model/init scheme; SGD optimizer, LR=0.01, batch_size=128; 5 clients; MALICIOUS_RATIO=0.2 (client 0); attack_start=round 10; SERVER_REF_FRACTION=0.10; same evaluate() on official PathMNIST test split -- identical across benchmark_v2_corrected and combined_e2e_minimal by construction (both derive these constants from the same locked protocol addenda).",True,"exact (partition,seed,attack,defense,regime) match found",0.3190807998180389,1.9661872386932373,False
c4_drift_aware__dirichlet_a0.1__sparse_coordinate_attack__seed44,cosine,A_condition_specific_oracle,44,dirichlet_a0.1,sparse_coordinate_attack,"K=50 local SGD steps/client/round; 25 FL rounds; same TorchCNNFlat model/init scheme; SGD optimizer, LR=0.01, batch_size=128; 5 clients; MALICIOUS_RATIO=0.2 (client 0); attack_start=round 10; SERVER_REF_FRACTION=0.10; same evaluate() on official PathMNIST test split -- identical across benchmark_v2_corrected and combined_e2e_minimal by construction (both derive these constants from the same locked protocol addenda).",True,"exact (partition,seed,attack,defense,regime) match found",0.0646239593625068,8.41952133178711,False
c4_drift_aware__dirichlet_a0.1__sparse_coordinate_attack__seed44,sign_consensus,A_condition_specific_oracle,44,dirichlet_a0.1,sparse_coordinate_attack,"K=50 local SGD steps/client/round; 25 FL rounds; same TorchCNNFlat model/init scheme; SGD optimizer, LR=0.01, batch_size=128; 5 clients; MALICIOUS_RATIO=0.2 (client 0); attack_start=round 10; SERVER_REF_FRACTION=0.10; same evaluate() on official PathMNIST test split -- identical across benchmark_v2_corrected and combined_e2e_minimal by construction (both derive these constants from the same locked protocol addenda).",True,"exact (partition,seed,attack,defense,regime) match found",0.3236768841743469,1.9531927108764648,False
c4_drift_aware__dirichlet_a0.1__sparse_coordinate_attack__seed44,median,not_applicable,44,dirichlet_a0.1,sparse_coordinate_attack,"K=50 local SGD steps/client/round; 25 FL rounds; same TorchCNNFlat model/init scheme; SGD optimizer, LR=0.01, batch_size=128; 5 clients; MALICIOUS_RATIO=0.2 (client 0); attack_start=round 10; SERVER_REF_FRACTION=0.10; same evaluate() on official PathMNIST test split -- identical across benchmark_v2_corrected and combined_e2e_minimal by construction (both derive these constants from the same locked protocol addenda).",True,"exact (partition,seed,attack,defense,regime) match found",0.1717270165681839,2.7796313762664795,False
c4_drift_aware__dirichlet_a0.1__sparse_coordinate_attack__seed44,multi_krum,not_applicable,44,dirichlet_a0.1,sparse_coordinate_attack,"K=50 local SGD steps/client/round; 25 FL rounds; same TorchCNNFlat model/init scheme; SGD optimizer, LR=0.01, batch_size=128; 5 clients; MALICIOUS_RATIO=0.2 (client 0); attack_start=round 10; SERVER_REF_FRACTION=0.10; same evaluate() on official PathMNIST test split -- identical across benchmark_v2_corrected and combined_e2e_minimal by construction (both derive these constants from the same locked protocol addenda).",True,"exact (partition,seed,attack,defense,regime) match found",0.2895543277263641,1.9777028560638428,False
