run_id,round,partition,attack,seed,client_id,malicious_role,norm_score,tau_used,tau_without_self,delta_threshold,relative_shift,malicious_norm_over_threshold,accepted
c4_drift_aware__iid__large_norm__seed42,10,iid,large_norm,42,0,True,22675.82743809989,0.0394632805068011,0.0384452771213527,0.0010180033854483989,0.026479283326143452,574605.7384710311,False
c4_drift_aware__iid__large_norm__seed42,11,iid,large_norm,42,0,True,22767.66210945729,0.0383621759557991,0.0364115616347804,0.001950614321018701,0.05357128981678914,593492.4581882475,False
c4_drift_aware__iid__large_norm__seed42,12,iid,large_norm,42,0,True,22715.58034403,0.0464995726079227,0.0423489105400282,0.004150662067894502,0.0980110707681912,488511.59419387154,False
c4_drift_aware__iid__large_norm__seed42,13,iid,large_norm,42,0,True,22767.29899810903,0.0477829689815477,0.0470562391924724,0.0007267297890753005,0.015443856150568779,476473.09247152583,False
c4_drift_aware__iid__large_norm__seed42,14,iid,large_norm,42,0,True,22805.14196573228,0.0488835235322644,0.0481037386087061,0.0007797849235582979,0.01621048480038863,466520.01160841633,False
c4_drift_aware__iid__large_norm__seed42,15,iid,large_norm,42,0,True,22729.39133170397,0.0593105778257165,0.0540203620334815,0.005290215792235001,0.09793003217853588,383226.6041732732,False
c4_drift_aware__iid__large_norm__seed42,16,iid,large_norm,42,0,True,22725.541262631305,0.0630864372312266,0.0620434104792125,0.0010430267520140993,0.01681124141883791,360228.63645535824,False
c4_drift_aware__iid__large_norm__seed42,17,iid,large_norm,42,0,True,22769.11449906999,0.0685678115630682,0.0636318000910103,0.004936011472057897,0.07757145743163159,332067.10233309865,False
c4_drift_aware__iid__large_norm__seed42,18,iid,large_norm,42,0,True,22809.54752130984,0.0762648330269697,0.0734945444523463,0.0027702885746234,0.037693798842710693,299083.4256890545,False
c4_drift_aware__iid__large_norm__seed42,19,iid,large_norm,42,0,True,22734.77734591694,0.0990981743180151,0.0895485735230512,0.009549600794963892,0.10664157360927334,229416.71228936026,False
c4_drift_aware__iid__large_norm__seed42,20,iid,large_norm,42,0,True,22795.233848710555,0.1053813252807855,0.1032676134318723,0.002113711848913208,0.020468293772545307,216311.89195973112,False
c4_drift_aware__iid__large_norm__seed42,21,iid,large_norm,42,0,True,22769.46547778948,0.1375846230463239,0.1258211667432152,0.01176345630310871,0.09349346066005261,165494.26072216762,False
c4_drift_aware__iid__large_norm__seed42,22,iid,large_norm,42,0,True,22792.420025169897,0.1576859693801929,0.1483594519458206,0.009326517434372295,0.06286432924933051,144543.10751145927,False
c4_drift_aware__iid__large_norm__seed42,23,iid,large_norm,42,0,True,22805.86832291249,0.1553182486515406,0.1523397512787239,0.002978497372816691,0.0195516754347798,146833.15399775002,False
c4_drift_aware__iid__large_norm__seed42,24,iid,large_norm,42,0,True,22779.66766036392,0.1632173027886326,0.1570327643915297,0.006184538397102923,0.039383745303515245,139566.4998205719,False
c4_drift_aware__iid__directional_poisoning__seed42,10,iid,directional_poisoning,42,0,True,0.0323055925206408,0.0371018218727238,0.0373465815713858,-0.0002447596986619935,-0.006553737674602151,0.8707279289805159,False
c4_drift_aware__iid__directional_poisoning__seed42,11,iid,directional_poisoning,42,0,True,0.0335336269175815,0.0388171617335674,0.0379750807146945,0.0008420810188728978,0.022174568243828737,0.8638866269447794,False
c4_drift_aware__iid__directional_poisoning__seed42,12,iid,directional_poisoning,42,0,True,0.0350735511846502,0.0428438954275603,0.0404618443388138,0.0023820510887464993,0.0588715400316409,0.8186359068108533,False
c4_drift_aware__iid__directional_poisoning__seed42,13,iid,directional_poisoning,42,0,True,0.0380988285784493,0.0394730819200541,0.0448238309670538,-0.005350749046999698,-0.11937286330864,0.9651850508053028,False
c4_drift_aware__iid__directional_poisoning__seed42,14,iid,directional_poisoning,42,0,True,0.0426265758248138,0.0505366547447998,0.0513410079583613,-0.0008043532135615025,-0.01566687615899265,0.8434783829691469,False
c4_drift_aware__iid__directional_poisoning__seed42,15,iid,directional_poisoning,42,0,True,0.0451033740414646,0.0496362202385444,0.0487182920451059,0.0009179281934384997,0.018841551189615485,0.9086786589451088,False
c4_drift_aware__iid__directional_poisoning__seed42,16,iid,directional_poisoning,42,0,True,0.0525780741045125,0.056554997406347,0.0581268636932611,-0.0015718662869141017,-0.02704199378808623,0.9296804264128887,False
c4_drift_aware__iid__directional_poisoning__seed42,17,iid,directional_poisoning,42,0,True,0.057698486791215,0.0599652963409294,0.0597687065130119,0.00019658982791749546,0.0032891765505197444,0.9621979763624184,False
c4_drift_aware__iid__directional_poisoning__seed42,18,iid,directional_poisoning,42,0,True,0.0643751614240337,0.0734727396309376,0.0727113769578887,0.0007613626730489098,0.010471025373235035,0.8761775013072586,False
c4_drift_aware__iid__directional_poisoning__seed42,19,iid,directional_poisoning,42,0,True,0.0764991825313905,0.0864120736183995,0.0861177490873176,0.00029432453108189927,0.0034176988391031215,0.8852834948645616,False
c4_drift_aware__iid__directional_poisoning__seed42,20,iid,directional_poisoning,42,0,True,0.0872004348156769,0.1041432395312685,0.1086107708939273,-0.004467531362658803,-0.04113340993612811,0.8373124862271583,False
c4_drift_aware__iid__directional_poisoning__seed42,21,iid,directional_poisoning,42,0,True,0.1039608006897142,0.1238783937270307,0.1200254716747906,0.0038529220522401098,0.03210086991101035,0.8392165700727001,False
c4_drift_aware__iid__directional_poisoning__seed42,22,iid,directional_poisoning,42,0,True,0.1332275987559051,0.1403625428681242,0.1416759647617404,-0.0013134218936162179,-0.009270604903414834,0.9491677482722535,False
c4_drift_aware__iid__directional_poisoning__seed42,23,iid,directional_poisoning,42,0,True,0.1409489412267185,0.1633990013432869,0.1559676096830341,0.0074313916602527785,0.04764701898910459,0.8626058915170308,False
c4_drift_aware__iid__directional_poisoning__seed42,24,iid,directional_poisoning,42,0,True,0.1496207200549362,0.1575914375444449,0.1650628492272286,-0.007471411682783702,-0.045264041652997376,0.9494216334738317,False
c4_drift_aware__iid__sparse_coordinate_attack__seed42,10,iid,sparse_coordinate_attack,42,0,True,3.0593542145298502,0.037723694524977,0.0347170745252424,0.0030066199997346027,0.08660349527862789,81.09900827725768,False
c4_drift_aware__iid__sparse_coordinate_attack__seed42,11,iid,sparse_coordinate_attack,42,0,True,3.5605621221394874,0.0358417312240303,0.0355369152633013,0.00030481596072900324,0.00857744569191081,99.34124275091621,False
c4_drift_aware__iid__sparse_coordinate_attack__seed42,12,iid,sparse_coordinate_attack,42,0,True,3.9428716148159046,0.0435223047222062,0.04109184719682,0.0024304575253862037,0.05914695228337876,90.59427436075438,False
c4_drift_aware__iid__sparse_coordinate_attack__seed42,13,iid,sparse_coordinate_attack,42,0,True,3.509187864578376,0.0405559362064245,0.0401272173208147,0.0004287188856098023,0.010683992417969591,86.52710781270245,False
c4_drift_aware__iid__sparse_coordinate_attack__seed42,14,iid,sparse_coordinate_attack,42,0,True,3.740171177391744,0.0632573597004169,0.0527382367823929,0.010519122918024003,0.19945913173828178,59.12626127781767,False
c4_drift_aware__iid__sparse_coordinate_attack__seed42,15,iid,sparse_coordinate_attack,42,0,True,4.5261561318916,0.0482803031109395,0.0476662384158814,0.0006140646950580989,0.012882591860940831,93.74746719156471,False
c4_drift_aware__iid__sparse_coordinate_attack__seed42,16,iid,sparse_coordinate_attack,42,0,True,4.162697369728683,0.060788669435565,0.0567341488550853,0.004054520580479698,0.07146525791434828,68.47817871949104,False
c4_drift_aware__iid__sparse_coordinate_attack__seed42,17,iid,sparse_coordinate_attack,42,0,True,4.53424082749935,0.0811689499871944,0.072330634883405,0.008838315103789393,0.1221932465826757,55.86176522198075,False
c4_drift_aware__iid__sparse_coordinate_attack__seed42,18,iid,sparse_coordinate_attack,42,0,True,5.604085037972947,0.0789843370003188,0.0763093379919685,0.002674999008350304,0.03505467454889788,70.95185261794788,False
c4_drift_aware__iid__sparse_coordinate_attack__seed42,19,iid,sparse_coordinate_attack,42,0,True,6.01650281844309,0.0930884035683391,0.090438266655657,0.002650136912682094,0.02930326963001701,64.63214093070344,False
c4_drift_aware__iid__sparse_coordinate_attack__seed42,20,iid,sparse_coordinate_attack,42,0,True,6.718274736052661,0.1409445213013569,0.117228800234679,0.023715721066677894,0.2023028557760692,47.66609353823803,False
c4_drift_aware__iid__sparse_coordinate_attack__seed42,21,iid,sparse_coordinate_attack,42,0,True,7.35394536881899,0.1406164616231507,0.1272741570237436,0.013342304599407107,0.10483121563255011,52.29789801230681,False
c4_drift_aware__iid__sparse_coordinate_attack__seed42,22,iid,sparse_coordinate_attack,42,0,True,7.749725964365513,0.133689186078665,0.133520868147059,0.00016831793160601571,0.0012606114230820568,57.96823356980752,False
c4_drift_aware__iid__sparse_coordinate_attack__seed42,23,iid,sparse_coordinate_attack,42,0,True,9.58081290995072,0.1657118509373411,0.156617428260025,0.009094422677316083,0.05806775643268139,57.816099788622935,False
c4_drift_aware__iid__sparse_coordinate_attack__seed42,24,iid,sparse_coordinate_attack,42,0,True,8.63582894183178,0.1609792904245652,0.157172952892973,0.0038063375315922077,0.024217509829341535,53.645589560344874,False
c4_drift_aware__dirichlet_a0.1__large_norm__seed42,10,dirichlet_a0.1,large_norm,42,0,True,22676.601276513265,0.6283884260760076,0.440378317289212,0.18801010878679564,0.4269286234256687,36086.91747891993,False
c4_drift_aware__dirichlet_a0.1__large_norm__seed42,11,dirichlet_a0.1,large_norm,42,0,True,22765.62102266848,0.357550802510896,0.3268336792270689,0.030717123283827086,0.0939839595370655,63671.0108404098,False
c4_drift_aware__dirichlet_a0.1__large_norm__seed42,12,dirichlet_a0.1,large_norm,42,0,True,22722.93545976085,0.6559685781440283,0.4498755793032264,0.2060929988408019,0.45811110520824805,34640.28036838629,False
c4_drift_aware__dirichlet_a0.1__large_norm__seed42,13,dirichlet_a0.1,large_norm,42,0,True,22758.57820693149,0.4633461948472958,0.3579876560125503,0.1053585388347455,0.2943077423626357,49117.870093725476,False
c4_drift_aware__dirichlet_a0.1__large_norm__seed42,14,dirichlet_a0.1,large_norm,42,0,True,22794.10117683793,0.6475933972180853,0.4368165115671409,0.21077688565094438,0.4825295749346849,35198.16797817308,False
c4_drift_aware__dirichlet_a0.1__large_norm__seed42,15,dirichlet_a0.1,large_norm,42,0,True,22709.992999108563,0.4079902374985283,0.3290969566744251,0.07889328082410318,0.2397265584626847,55663.079436283035,False
c4_drift_aware__dirichlet_a0.1__large_norm__seed42,16,dirichlet_a0.1,large_norm,42,0,True,22724.33005622684,0.5559017808040274,0.3966401994637685,0.15926158134025892,0.4015265763671209,40878.318510438214,False
c4_drift_aware__dirichlet_a0.1__large_norm__seed42,17,dirichlet_a0.1,large_norm,42,0,True,22779.08996102844,0.3851165442139924,0.3307345667018974,0.054381977512095,0.16442786145516922,59148.56243716992,False
c4_drift_aware__dirichlet_a0.1__large_norm__seed42,18,dirichlet_a0.1,large_norm,42,0,True,22788.408151118285,0.4619062170377601,0.357160199051226,0.1047460179865341,0.2932746097263509,49335.573565694984,False
c4_drift_aware__dirichlet_a0.1__large_norm__seed42,19,dirichlet_a0.1,large_norm,42,0,True,22722.69555089945,0.3600537211946248,0.3479005167006203,0.012153204494004533,0.03493298776691028,63109.18125080795,False
c4_drift_aware__dirichlet_a0.1__large_norm__seed42,20,dirichlet_a0.1,large_norm,42,0,True,22784.57607914202,0.5490693298729602,0.4121151200611316,0.1369542098118286,0.3323202744696999,41496.7197027992,False
c4_drift_aware__dirichlet_a0.1__large_norm__seed42,21,dirichlet_a0.1,large_norm,42,0,True,22765.17240598565,0.3772399986070676,0.3261503525310171,0.05108964607605049,0.1566444606899262,60346.655948585685,False
c4_drift_aware__dirichlet_a0.1__large_norm__seed42,22,dirichlet_a0.1,large_norm,42,0,True,22783.4739791094,0.2897322198726903,0.2856569321433316,0.004075287729358723,0.01426637084835001,78636.31455666396,False
c4_drift_aware__dirichlet_a0.1__large_norm__seed42,23,dirichlet_a0.1,large_norm,42,0,True,22805.462322176507,0.8090991793988946,0.5848514974692931,0.22424768192960154,0.38342670387259353,28186.238353522254,False
c4_drift_aware__dirichlet_a0.1__large_norm__seed42,24,dirichlet_a0.1,large_norm,42,0,True,22807.328415094584,0.3424795578109008,0.3124711034151331,0.03000845439576766,0.09603593442015008,66594.71461852212,False
c4_drift_aware__dirichlet_a0.1__directional_poisoning__seed42,10,dirichlet_a0.1,directional_poisoning,42,0,True,0.2934084201919412,0.380746834153678,0.4026524244040681,-0.021905590250390128,-0.05440322452500005,0.7706128951646515,True
c4_drift_aware__dirichlet_a0.1__directional_poisoning__seed42,11,dirichlet_a0.1,directional_poisoning,42,0,True,0.3876989059452018,0.3557375640191823,0.3126558461016879,0.04308171791749438,0.13779277904012874,1.0898452824742908,False
c4_drift_aware__dirichlet_a0.1__directional_poisoning__seed42,12,dirichlet_a0.1,directional_poisoning,42,0,True,0.3758898446463874,0.332935567824559,0.2931697182139565,0.03976584961060253,0.13564105410634958,1.1290167857477553,False
c4_drift_aware__dirichlet_a0.1__directional_poisoning__seed42,13,dirichlet_a0.1,directional_poisoning,42,0,True,0.3636096618918295,0.3781967386796109,0.3223317668720191,0.05586497180759181,0.17331512915936964,0.9614299244390396,False
c4_drift_aware__dirichlet_a0.1__directional_poisoning__seed42,14,dirichlet_a0.1,directional_poisoning,42,0,True,0.3706832286787958,0.3184097186603898,0.2990797402175768,0.019329978442813034,0.06463152077352587,1.1641705857419509,False
c4_drift_aware__dirichlet_a0.1__directional_poisoning__seed42,15,dirichlet_a0.1,directional_poisoning,42,0,True,0.3806559833842084,0.3169730583476641,0.288199796574186,0.02877326177347811,0.099837897581831,1.2009095831945922,False
c4_drift_aware__dirichlet_a0.1__directional_poisoning__seed42,16,dirichlet_a0.1,directional_poisoning,42,0,True,0.3799478628107786,0.3070371969180011,0.2989560013851119,0.008081195532889163,0.027031387546821824,1.2374652538019666,False
c4_drift_aware__dirichlet_a0.1__directional_poisoning__seed42,17,dirichlet_a0.1,directional_poisoning,42,0,True,0.3866246430810069,0.2992286805468608,0.2942518760346141,0.004976804512246691,0.016913416421723164,1.2920708081004268,False
c4_drift_aware__dirichlet_a0.1__directional_poisoning__seed42,18,dirichlet_a0.1,directional_poisoning,42,0,True,0.4083306514411012,0.3255224136319685,0.3001645316687202,0.025357881963248285,0.08447994112520524,1.2543856715892832,False
c4_drift_aware__dirichlet_a0.1__directional_poisoning__seed42,19,dirichlet_a0.1,directional_poisoning,42,0,True,0.4111562717007832,0.3607045405405459,0.3132596264786438,0.0474449140619021,0.1514555660913955,1.1398699641668808,False
c4_drift_aware__dirichlet_a0.1__directional_poisoning__seed42,20,dirichlet_a0.1,directional_poisoning,42,0,True,0.4200598154465499,0.3554122305249774,0.31457551269076,0.040836717834217384,0.12981531043187544,1.1818946546270563,False
c4_drift_aware__dirichlet_a0.1__directional_poisoning__seed42,21,dirichlet_a0.1,directional_poisoning,42,0,True,0.4307659973027598,0.3413321601774586,0.3048670979755534,0.03646506220190521,0.11960970024003462,1.2620140952402625,False
c4_drift_aware__dirichlet_a0.1__directional_poisoning__seed42,22,dirichlet_a0.1,directional_poisoning,42,0,True,0.4534557708420521,0.3441244650555558,0.3060785468267575,0.03804591822879827,0.1243011593698284,1.3177086109493719,False
c4_drift_aware__dirichlet_a0.1__directional_poisoning__seed42,23,dirichlet_a0.1,directional_poisoning,42,0,True,0.4537229666106516,0.3755549046601326,0.3270803354899496,0.048474569170183,0.14820386281422446,1.2081401706662813,False
c4_drift_aware__dirichlet_a0.1__directional_poisoning__seed42,24,dirichlet_a0.1,directional_poisoning,42,0,True,0.4624216336374562,0.2975340305457126,0.2915996377901006,0.0059343927556119724,0.02035116641634401,1.5541806521738715,False
c4_drift_aware__dirichlet_a0.1__sparse_coordinate_attack__seed42,10,dirichlet_a0.1,sparse_coordinate_attack,42,0,True,16.071749760821408,0.5299977074536434,0.4045577420123805,0.1254399654412629,0.31006690124700204,30.324187321559567,False
c4_drift_aware__dirichlet_a0.1__sparse_coordinate_attack__seed42,11,dirichlet_a0.1,sparse_coordinate_attack,42,0,True,19.40990574684489,0.3818690459008582,0.3207177053738863,0.06115134052697191,0.1906702982165668,50.828696264331775,False
c4_drift_aware__dirichlet_a0.1__sparse_coordinate_attack__seed42,12,dirichlet_a0.1,sparse_coordinate_attack,42,0,True,17.080690429630298,0.3788768770427951,0.3217272469363626,0.05714963010643248,0.1776337896483372,45.082430374078996,False
c4_drift_aware__dirichlet_a0.1__sparse_coordinate_attack__seed42,13,dirichlet_a0.1,sparse_coordinate_attack,42,0,True,17.991263276479476,0.3784794239507463,0.324983318023582,0.053496105927164306,0.16461185224062003,47.53564431238614,False
c4_drift_aware__dirichlet_a0.1__sparse_coordinate_attack__seed42,14,dirichlet_a0.1,sparse_coordinate_attack,42,0,True,20.435929387006794,0.3147961818690987,0.3029019577859597,0.011894224083139004,0.03926757083407116,64.91797094128874,False
c4_drift_aware__dirichlet_a0.1__sparse_coordinate_attack__seed42,15,dirichlet_a0.1,sparse_coordinate_attack,42,0,True,19.14083273388761,0.3065547794038323,0.2847065774901556,0.0218482019136767,0.0767393648094841,62.438539601670705,False
c4_drift_aware__dirichlet_a0.1__sparse_coordinate_attack__seed42,16,dirichlet_a0.1,sparse_coordinate_attack,42,0,True,17.630605317915812,0.2884295440309223,0.2862257982523906,0.0022037457785317183,0.00769932616831583,61.126211522997274,False
c4_drift_aware__dirichlet_a0.1__sparse_coordinate_attack__seed42,17,dirichlet_a0.1,sparse_coordinate_attack,42,0,True,19.85131386653569,0.2995275758371406,0.292896767002209,0.006630808834931612,0.022638723202027023,66.27541324385192,False
c4_drift_aware__dirichlet_a0.1__sparse_coordinate_attack__seed42,18,dirichlet_a0.1,sparse_coordinate_attack,42,0,True,20.063952219003003,0.3507141892352178,0.3161513503419353,0.03456283889328249,0.10932371111463181,57.208840802122396,False
c4_drift_aware__dirichlet_a0.1__sparse_coordinate_attack__seed42,19,dirichlet_a0.1,sparse_coordinate_attack,42,0,True,19.49267832656963,0.3544372475727754,0.3207810085640605,0.033656239008714894,0.10491967451369144,54.99613389974559,False
c4_drift_aware__dirichlet_a0.1__sparse_coordinate_attack__seed42,20,dirichlet_a0.1,sparse_coordinate_attack,42,0,True,20.854596784426576,0.3289222414970461,0.2991854456009449,0.029736795896101176,0.09939252170630074,63.40281730268418,False
c4_drift_aware__dirichlet_a0.1__sparse_coordinate_attack__seed42,21,dirichlet_a0.1,sparse_coordinate_attack,42,0,True,21.583029977315768,0.3523501009552615,0.3096244430907471,0.04272565786451438,0.1379918763454732,61.25450203874414,False
c4_drift_aware__dirichlet_a0.1__sparse_coordinate_attack__seed42,22,dirichlet_a0.1,sparse_coordinate_attack,42,0,True,21.49284473171252,0.2788319926733374,0.2768065168627613,0.002025475810576105,0.007317298138541736,77.08170258960287,False
c4_drift_aware__dirichlet_a0.1__sparse_coordinate_attack__seed42,23,dirichlet_a0.1,sparse_coordinate_attack,42,0,True,20.82879853345403,0.6698087485459027,0.4642653907908718,0.20554335775503085,0.4427281503902103,31.096635537639013,False
c4_drift_aware__dirichlet_a0.1__sparse_coordinate_attack__seed42,24,dirichlet_a0.1,sparse_coordinate_attack,42,0,True,21.53632285181816,0.3469028600404376,0.3165051867899217,0.0303976732505159,0.0960416274969047,62.08171027851349,False
c4_drift_aware__iid__large_norm__seed43,10,iid,large_norm,43,0,True,22773.372683516474,0.1001653628852094,0.0964132224183527,0.0037521404668566932,0.038917280978075224,227357.7614810322,False
c4_drift_aware__iid__large_norm__seed43,11,iid,large_norm,43,0,True,22716.027680290517,0.123452453033562,0.118828657663158,0.004623795370403999,0.0389114499930733,184006.28843004763,False
c4_drift_aware__iid__large_norm__seed43,12,iid,large_norm,43,0,True,22789.850408787413,0.1685602977984099,0.1589329676483655,0.009627330150044383,0.0605747837751609,135202.95530115278,False
c4_drift_aware__iid__large_norm__seed43,13,iid,large_norm,43,0,True,22848.71299178165,0.1755803869145185,0.1698215749995436,0.005758811914974904,0.03391095574864608,130132.49027014372,False
c4_drift_aware__iid__large_norm__seed43,14,iid,large_norm,43,0,True,22754.099097447724,0.1663944885083249,0.1651136093927123,0.0012808791156125876,0.007757562325259921,136747.9133559722,False
c4_drift_aware__iid__large_norm__seed43,15,iid,large_norm,43,0,True,22795.6375674812,0.1542366760944996,0.1517481846077076,0.002488491486792005,0.016398822122486265,147796.47840384278,False
c4_drift_aware__iid__large_norm__seed43,16,iid,large_norm,43,0,True,22783.3162808782,0.1406497293439505,0.1356121442511449,0.005037585092805608,0.03714700568023117,161986.2077740865,False
c4_drift_aware__iid__large_norm__seed43,17,iid,large_norm,43,0,True,22824.866987765887,0.1263888951848008,0.1226495222257288,0.003739372959071993,0.030488279866185786,180592.34519292443,False
c4_drift_aware__iid__large_norm__seed43,18,iid,large_norm,43,0,True,22766.497608225774,0.1465773833669824,0.1375638096112277,0.009013573755754706,0.06552285649276636,155320.67147921328,False
c4_drift_aware__iid__large_norm__seed43,19,iid,large_norm,43,0,True,22729.50060367712,0.1518772154049041,0.1400767286414006,0.011800486763503482,0.08424302079264699,149657.08018204282,False
c4_drift_aware__iid__large_norm__seed43,20,iid,large_norm,43,0,True,22768.208202349528,0.1361605999936672,0.1342696349048107,0.0018909650888565,0.014083341257292338,167215.8333865191,False
c4_drift_aware__iid__large_norm__seed43,21,iid,large_norm,43,0,True,22729.819607001045,0.1498804451348313,0.1386543107271972,0.01122613440763412,0.08096491446069481,151653.00307557447,False
c4_drift_aware__iid__large_norm__seed43,22,iid,large_norm,43,0,True,22779.529940043096,0.1376174515653145,0.1284310672001427,0.009186384365171801,0.07152774297869881,165527.9158343644,False
c4_drift_aware__iid__large_norm__seed43,23,iid,large_norm,43,0,True,22814.79045044037,0.1354704088667743,0.1261968323131599,0.00927357655361441,0.07348501847179373,168411.6158007401,False
c4_drift_aware__iid__large_norm__seed43,24,iid,large_norm,43,0,True,22753.24413701449,0.1108393587459027,0.1064672880100673,0.004372070735835398,0.041064920667670105,205281.26826478587,False
c4_drift_aware__iid__directional_poisoning__seed43,10,iid,directional_poisoning,43,0,True,0.0911392158200247,0.0998599543541036,0.0984354389678951,0.001424515386208497,0.014471570413508343,0.9126703132353221,False
c4_drift_aware__iid__directional_poisoning__seed43,11,iid,directional_poisoning,43,0,True,0.1126134711898215,0.134616324879698,0.1267223687973396,0.007893956082358378,0.062293312201121845,0.8365513713916964,False
c4_drift_aware__iid__directional_poisoning__seed43,12,iid,directional_poisoning,43,0,True,0.1373267989907453,0.1550966777449994,0.1535299957136822,0.0015666820313172125,0.010204403537136253,0.8854270832063194,False
c4_drift_aware__iid__directional_poisoning__seed43,13,iid,directional_poisoning,43,0,True,0.1548805499104107,0.1738168072964927,0.1673382298232532,0.006478577473239516,0.03871546555788448,0.891056235121262,False
c4_drift_aware__iid__directional_poisoning__seed43,14,iid,directional_poisoning,43,0,True,0.1561051547246822,0.1781469382820811,0.1829839583486266,-0.004837020066545489,-0.02643412083877785,0.8762718923493507,False
c4_drift_aware__iid__directional_poisoning__seed43,15,iid,directional_poisoning,43,0,True,0.1416316198331232,0.14438495103996,0.1473794589317313,-0.002994507891771303,-0.020318353137382672,0.9809306220142376,False
c4_drift_aware__iid__directional_poisoning__seed43,16,iid,directional_poisoning,43,0,True,0.1321681537151743,0.139683632323685,0.1378890589627721,0.0017945733609129044,0.0130146175078141,0.9461964262849688,False
c4_drift_aware__iid__directional_poisoning__seed43,17,iid,directional_poisoning,43,0,True,0.1246750472605443,0.1332496457186936,0.1323401841646861,0.0009094615540075068,0.00687214967810351,0.9356501219053796,False
c4_drift_aware__iid__directional_poisoning__seed43,18,iid,directional_poisoning,43,0,True,0.1234487998733273,0.1303579967560771,0.12584238365248,0.004515613103597105,0.03588308622687246,0.9469982889068315,False
c4_drift_aware__iid__directional_poisoning__seed43,19,iid,directional_poisoning,43,0,True,0.1313117697975577,0.1385876621554816,0.133664148289816,0.004923513865665613,0.03683496231906743,0.9474997106902556,False
c4_drift_aware__iid__directional_poisoning__seed43,20,iid,directional_poisoning,43,0,True,0.1344260799485141,0.1600914300309343,0.1594753679095961,0.00061606212133819,0.0038630550248200416,0.8396831730626624,False
c4_drift_aware__iid__directional_poisoning__seed43,21,iid,directional_poisoning,43,0,True,0.1348418606292641,0.1530300169784408,0.153044845339432,-1.482836099120366e-05,-9.688899327720862e-05,0.8811464789176683,False
c4_drift_aware__iid__directional_poisoning__seed43,22,iid,directional_poisoning,43,0,True,0.1208634562548029,0.144362255728193,0.1330575638506833,0.01130469187750971,0.08496091128044245,0.8372233839457737,False
c4_drift_aware__iid__directional_poisoning__seed43,23,iid,directional_poisoning,43,0,True,0.1046704230467679,0.1207448844686886,0.1202264518320455,0.0005184326366430986,0.004312134548953844,0.8668725263794582,False
c4_drift_aware__iid__directional_poisoning__seed43,24,iid,directional_poisoning,43,0,True,0.0998218954348142,0.1123125313813608,0.1054524106100772,0.006860120771283604,0.06505418635378299,0.8887868006096823,False
c4_drift_aware__iid__sparse_coordinate_attack__seed43,10,iid,sparse_coordinate_attack,43,0,True,3.937508936219904,0.1040946656604915,0.1013554850085478,0.002739180651943701,0.02702548018701398,37.82623164439791,False
c4_drift_aware__iid__sparse_coordinate_attack__seed43,11,iid,sparse_coordinate_attack,43,0,True,4.736012457126226,0.1250782886725127,0.1203533797835152,0.0047249088889975005,0.03925863068819835,37.86438483761424,False
c4_drift_aware__iid__sparse_coordinate_attack__seed43,12,iid,sparse_coordinate_attack,43,0,True,6.130769906175433,0.1459703456894077,0.144768368483678,0.001201977205729704,0.008302761289081058,42.000105413330616,False
c4_drift_aware__iid__sparse_coordinate_attack__seed43,13,iid,sparse_coordinate_attack,43,0,True,7.341545445744293,0.1745061308587912,0.1701027565080161,0.004403374350775091,0.02588655493403237,42.07041557574276,False
c4_drift_aware__iid__sparse_coordinate_attack__seed43,14,iid,sparse_coordinate_attack,43,0,True,7.594859128501501,0.1767841820626405,0.165836633331207,0.010947548731433498,0.06601405558908797,42.96119166255718,False
c4_drift_aware__iid__sparse_coordinate_attack__seed43,15,iid,sparse_coordinate_attack,43,0,True,6.845840046371674,0.1639437413146837,0.1542412937594698,0.009702447555213906,0.06290434499560345,41.75725155150234,False
c4_drift_aware__iid__sparse_coordinate_attack__seed43,16,iid,sparse_coordinate_attack,43,0,True,7.135892484263804,0.1604123868546234,0.1506724221112521,0.009739964743371299,0.06464331432980877,44.484672438237794,False
c4_drift_aware__iid__sparse_coordinate_attack__seed43,17,iid,sparse_coordinate_attack,43,0,True,7.131546748511544,0.1443105155123102,0.1342671485071032,0.010043367005206999,0.07480137261331404,49.418067167137224,False
c4_drift_aware__iid__sparse_coordinate_attack__seed43,18,iid,sparse_coordinate_attack,43,0,True,8.712357280632855,0.1420344411814727,0.1347988638991017,0.0072355772823710085,0.053676841726106164,61.33975117697942,False
c4_drift_aware__iid__sparse_coordinate_attack__seed43,19,iid,sparse_coordinate_attack,43,0,True,9.352427886103111,0.1486551480638619,0.1380031550068234,0.010651993057038511,0.07718659081752034,62.913582260099936,False
c4_drift_aware__iid__sparse_coordinate_attack__seed43,20,iid,sparse_coordinate_attack,43,0,True,9.067995752327397,0.1633189637372504,0.1449784289869582,0.01834053475029221,0.12650526618647567,55.52322611424416,False
c4_drift_aware__iid__sparse_coordinate_attack__seed43,21,iid,sparse_coordinate_attack,43,0,True,8.523931330925356,0.1488749301920275,0.138871752611306,0.0100031775807215,0.07203176594681437,57.2556529157105,False
c4_drift_aware__iid__sparse_coordinate_attack__seed43,22,iid,sparse_coordinate_attack,43,0,True,7.851318554455352,0.1298243417475362,0.1263402544559798,0.0034840872915564147,0.027577016577644782,60.47647497203161,False
c4_drift_aware__iid__sparse_coordinate_attack__seed43,23,iid,sparse_coordinate_attack,43,0,True,7.303281276343756,0.1403770176221751,0.125203721107205,0.015173296514970097,0.12118886228611403,52.02618918718266,False
c4_drift_aware__iid__sparse_coordinate_attack__seed43,24,iid,sparse_coordinate_attack,43,0,True,6.05321445510218,0.110181995037331,0.1064048325518439,0.0037771624854871094,0.03549803514466087,54.938326838711504,False
c4_drift_aware__iid__large_norm__seed44,10,iid,large_norm,44,0,True,22717.54914979004,0.0807638589038397,0.0730374472467322,0.00772641165710751,0.10578698939198208,281283.60207303066,False
c4_drift_aware__iid__large_norm__seed44,11,iid,large_norm,44,0,True,22702.281221574816,0.0773211997110405,0.0769263394077715,0.000394860303269004,0.00513296624158764,293610.0488147653,False
c4_drift_aware__iid__large_norm__seed44,12,iid,large_norm,44,0,True,22690.38178200398,0.1137693729699792,0.1048439554078575,0.008925417562121701,0.08513049252482503,199441.91648126062,False
c4_drift_aware__iid__large_norm__seed44,13,iid,large_norm,44,0,True,22718.264069549703,0.1189672827852834,0.1165060276992633,0.0024612550860201032,0.021125560064354218,190962.28423198062,False
c4_drift_aware__iid__large_norm__seed44,14,iid,large_norm,44,0,True,22788.43789734787,0.1565041191825732,0.1457610833711029,0.010743035811470292,0.0737030458542825,145609.18917899876,False
c4_drift_aware__iid__large_norm__seed44,15,iid,large_norm,44,0,True,22740.4371415577,0.1688021144036237,0.1622193748156093,0.006582739588014391,0.04057924397438238,134716.54204036162,False
c4_drift_aware__iid__large_norm__seed44,16,iid,large_norm,44,0,True,22668.10509836103,0.17991699714521,0.167160626963527,0.012756370181683019,0.07631205035182327,125992.01552961518,False
c4_drift_aware__iid__large_norm__seed44,17,iid,large_norm,44,0,True,22781.603849477226,0.1578385926757642,0.1507158219788779,0.007122770696886299,0.047259608204137465,144334.81357931098,False
c4_drift_aware__iid__large_norm__seed44,18,iid,large_norm,44,0,True,22749.589011534503,0.1586288196840581,0.1431184436257449,0.01551037605831318,0.10837440420238814,143413.97141354886,False
c4_drift_aware__iid__large_norm__seed44,19,iid,large_norm,44,0,True,22762.47700948382,0.1361635930349419,0.1332056941588078,0.0029578988761340963,0.022205498757490724,167170.06728547902,False
c4_drift_aware__iid__large_norm__seed44,20,iid,large_norm,44,0,True,22749.56365472404,0.1407420949486486,0.1348947580315883,0.005847336917060297,0.043347399130891556,161640.08119265587,False
c4_drift_aware__iid__large_norm__seed44,21,iid,large_norm,44,0,True,22803.73523947308,0.138603219910101,0.1335943019189423,0.0050089179911586845,0.03749350024073497,164525.29208386168,False
c4_drift_aware__iid__large_norm__seed44,22,iid,large_norm,44,0,True,22710.91143684582,0.1334648343903002,0.1303184468692689,0.003146387521031302,0.02414383839448035,170164.01017237824,False
c4_drift_aware__iid__large_norm__seed44,23,iid,large_norm,44,0,True,22773.55078439713,0.1784788921129036,0.1538567777370254,0.02462211437587819,0.16003269233912282,127598.0062112379,False
c4_drift_aware__iid__large_norm__seed44,24,iid,large_norm,44,0,True,22716.986988511017,0.1258655639925245,0.1247117748666895,0.0011537891258349975,0.009251645460649879,180486.11763150914,False
c4_drift_aware__iid__directional_poisoning__seed44,10,iid,directional_poisoning,44,0,True,0.0677351298252656,0.072848352977866,0.0681852295699549,0.004663123407911099,0.06838905489240818,0.9298100376524094,False
c4_drift_aware__iid__directional_poisoning__seed44,11,iid,directional_poisoning,44,0,True,0.0803341313552264,0.0957167799819879,0.0864781291527145,0.009238650829273401,0.10683222358983474,0.8392899486416466,False
c4_drift_aware__iid__directional_poisoning__seed44,12,iid,directional_poisoning,44,0,True,0.0970845328977698,0.1005384657289659,0.0987869025597054,0.0017515631692604922,0.01773072263503628,0.9656456580458738,False
c4_drift_aware__iid__directional_poisoning__seed44,13,iid,directional_poisoning,44,0,True,0.1135479783637477,0.1217793102914585,0.1211847785635232,0.0005945317279353046,0.004905993434015809,0.9324077964638618,False
c4_drift_aware__iid__directional_poisoning__seed44,14,iid,directional_poisoning,44,0,True,0.1411845960673026,0.1391142321104244,0.1373940263783596,0.0017202057320648,0.012520236704670467,1.0148824741039781,False
c4_drift_aware__iid__directional_poisoning__seed44,15,iid,directional_poisoning,44,0,True,0.1574750613913329,0.1770008629544993,0.1639531669039382,0.01304769605056108,0.07958184826161885,0.8896852747650966,False
c4_drift_aware__iid__directional_poisoning__seed44,16,iid,directional_poisoning,44,0,True,0.1583648161207305,0.1732714835822337,0.1631885201134689,0.010082963468764805,0.061787210655221816,0.9139692974670666,False
c4_drift_aware__iid__directional_poisoning__seed44,17,iid,directional_poisoning,44,0,True,0.151016924977646,0.1552188354080369,0.1526585914547685,0.0025602439532683985,0.016771043993465497,0.9729291202363102,False
c4_drift_aware__iid__directional_poisoning__seed44,18,iid,directional_poisoning,44,0,True,0.1292905460822624,0.1297593839593331,0.1403834407713014,-0.010624056811968319,-0.07567884612029109,0.996386867271059,False
c4_drift_aware__iid__directional_poisoning__seed44,19,iid,directional_poisoning,44,0,True,0.1202762669610295,0.1326983544225702,0.1362694394890302,-0.003571085066460006,-0.0262060596994492,0.9063885342392168,False
c4_drift_aware__iid__directional_poisoning__seed44,20,iid,directional_poisoning,44,0,True,0.1261729498952387,0.1310133583478689,0.1273858574059204,0.003627500941948497,0.028476480951800737,0.9630540846088544,False
c4_drift_aware__iid__directional_poisoning__seed44,21,iid,directional_poisoning,44,0,True,0.1193975301492148,0.1335092498925755,0.1330592992668009,0.0004499506257746033,0.0033815797035906133,0.8943015577219158,False
c4_drift_aware__iid__directional_poisoning__seed44,22,iid,directional_poisoning,44,0,True,0.129185472105441,0.1373935424303651,0.1379107553180687,-0.0005172128877035942,-0.0037503448263387935,0.9402586891659469,False
c4_drift_aware__iid__directional_poisoning__seed44,23,iid,directional_poisoning,44,0,True,0.1323275556350168,0.1451959299459583,0.1444128317010664,0.0007830982448919221,0.005422636172060737,0.9113723482763525,False
c4_drift_aware__iid__directional_poisoning__seed44,24,iid,directional_poisoning,44,0,True,0.1245387486400533,0.1269854072247409,0.1297798407671844,-0.0027944335424435196,-0.021532107960099366,0.980732757895894,False
c4_drift_aware__iid__sparse_coordinate_attack__seed44,10,iid,sparse_coordinate_attack,44,0,True,4.283930515940662,0.0746469687389401,0.0687709239110362,0.005876044827903895,0.0854437383378082,57.389209345160204,False
c4_drift_aware__iid__sparse_coordinate_attack__seed44,11,iid,sparse_coordinate_attack,44,0,True,5.379381347219685,0.0955607596376226,0.0840732934319962,0.011487466205626407,0.1366363292871142,56.292785528483854,False
c4_drift_aware__iid__sparse_coordinate_attack__seed44,12,iid,sparse_coordinate_attack,44,0,True,6.910158291428883,0.1003463507887412,0.0961057881083238,0.004240562680417392,0.044123905166229146,68.86307511049219,False
c4_drift_aware__iid__sparse_coordinate_attack__seed44,13,iid,sparse_coordinate_attack,44,0,True,8.725245336272549,0.1230347378635358,0.1175329095413863,0.005501828322149502,0.04681095995681252,70.91692547799119,False
c4_drift_aware__iid__sparse_coordinate_attack__seed44,14,iid,sparse_coordinate_attack,44,0,True,10.851557569015055,0.1453168985423354,0.1404741851475378,0.00484271339479761,0.034474045104524974,74.67512503959513,False
c4_drift_aware__iid__sparse_coordinate_attack__seed44,15,iid,sparse_coordinate_attack,44,0,True,11.14885063995463,0.1602920521587039,0.1576283840001054,0.0026636681585985034,0.01689840427848783,69.55335894580874,False
c4_drift_aware__iid__sparse_coordinate_attack__seed44,16,iid,sparse_coordinate_attack,44,0,True,10.845252523383856,0.1826636302354193,0.1690042844601539,0.013659345775265397,0.0808224822163361,59.3728073257186,False
c4_drift_aware__iid__sparse_coordinate_attack__seed44,17,iid,sparse_coordinate_attack,44,0,True,8.037439433717037,0.1609021412840713,0.1501641797172842,0.01073796156678708,0.07150814253441506,49.95234600095849,False
c4_drift_aware__iid__sparse_coordinate_attack__seed44,18,iid,sparse_coordinate_attack,44,0,True,8.708858997250385,0.1523490300253158,0.1398845308310289,0.01246449919428691,0.08910562962350131,57.163862453231474,False
c4_drift_aware__iid__sparse_coordinate_attack__seed44,19,iid,sparse_coordinate_attack,44,0,True,6.836480782399765,0.1288469357518343,0.1247740314903045,0.004072904261529814,0.03264224304434931,53.058931844271186,False
c4_drift_aware__iid__sparse_coordinate_attack__seed44,20,iid,sparse_coordinate_attack,44,0,True,10.181622742033571,0.1328489636666611,0.1267532307275093,0.0060957329391518045,0.04809134176829187,76.64058838713157,False
c4_drift_aware__iid__sparse_coordinate_attack__seed44,21,iid,sparse_coordinate_attack,44,0,True,8.821943041474507,0.1327824844751103,0.1253124402965009,0.007470044178609386,0.059611353517133384,66.43905690082306,False
c4_drift_aware__iid__sparse_coordinate_attack__seed44,22,iid,sparse_coordinate_attack,44,0,True,9.779340491906058,0.1579078410268543,0.1439792298283904,0.013928611198463892,0.09674042023328974,61.93068329167362,False
c4_drift_aware__iid__sparse_coordinate_attack__seed44,23,iid,sparse_coordinate_attack,44,0,True,12.34830760567264,0.1415413442637963,0.1355537226754804,0.0059876215883158945,0.04417157618496717,87.24170078997273,False
c4_drift_aware__iid__sparse_coordinate_attack__seed44,24,iid,sparse_coordinate_attack,44,0,True,8.957732029589915,0.1275957330937129,0.1266730413368071,0.0009226917569057913,0.0072840420279519005,70.20400927522313,False
c4_drift_aware__dirichlet_a1.0__large_norm__seed42,10,dirichlet_a1.0,large_norm,42,0,True,22688.92283228304,0.3548893014865864,0.245784866183163,0.10910443530342337,0.4439021693960478,63932.39451638021,False
c4_drift_aware__dirichlet_a1.0__large_norm__seed42,11,dirichlet_a1.0,large_norm,42,0,True,22759.424855827678,0.4531919938076989,0.3399986756505395,0.11319331815715944,0.33292282077446333,50220.27124663877,False
c4_drift_aware__dirichlet_a1.0__large_norm__seed42,12,dirichlet_a1.0,large_norm,42,0,True,22735.01355266644,0.1954051017915469,0.1897827910172754,0.0056223107742714995,0.029624976764936056,116348.10628905465,False
c4_drift_aware__dirichlet_a1.0__large_norm__seed42,13,dirichlet_a1.0,large_norm,42,0,True,22782.12874464917,0.2278918325459823,0.1968653921595536,0.03102644038642871,0.15760230910104656,99969.04448101431,False
c4_drift_aware__dirichlet_a1.0__large_norm__seed42,14,dirichlet_a1.0,large_norm,42,0,True,22783.79344853755,0.3889873218081681,0.2640537655693456,0.12493355623882246,0.4731368097305641,58572.07207327324,False
c4_drift_aware__dirichlet_a1.0__large_norm__seed42,15,dirichlet_a1.0,large_norm,42,0,True,22709.249870675456,0.2939315303453003,0.2239471922388123,0.06998433810648799,0.31250375325919805,77260.3396580062,False
c4_drift_aware__dirichlet_a1.0__large_norm__seed42,16,dirichlet_a1.0,large_norm,42,0,True,22717.44589263633,0.4270368342746987,0.2882616320680907,0.138775202206608,0.48142099665149923,53197.8603935204,False
c4_drift_aware__dirichlet_a1.0__large_norm__seed42,17,dirichlet_a1.0,large_norm,42,0,True,22765.865769990807,0.3787902331258064,0.2784157078345861,0.10037452529122032,0.3605203387118352,60101.51207470456,False
c4_drift_aware__dirichlet_a1.0__large_norm__seed42,18,dirichlet_a1.0,large_norm,42,0,True,22808.468373857744,0.4292935739264529,0.3196515786731175,0.1096419952533354,0.3430047043986529,53130.234783727086,False
c4_drift_aware__dirichlet_a1.0__large_norm__seed42,19,dirichlet_a1.0,large_norm,42,0,True,22745.25945640856,0.4649939440869102,0.3216195861571812,0.14337435792972897,0.4457886400601839,48915.1735106411,False
c4_drift_aware__dirichlet_a1.0__large_norm__seed42,20,dirichlet_a1.0,large_norm,42,0,True,22787.40083036137,0.4672367684343407,0.3189823597083873,0.1482544087259534,0.4647730641327224,48770.56424030895,False
c4_drift_aware__dirichlet_a1.0__large_norm__seed42,21,dirichlet_a1.0,large_norm,42,0,True,22758.23354681624,0.4701212713338082,0.3198280629821853,0.1502932083516229,0.46991876494588397,48409.282741552066,False
c4_drift_aware__dirichlet_a1.0__large_norm__seed42,22,dirichlet_a1.0,large_norm,42,0,True,22787.867031058875,0.3629013352087212,0.2716186128020944,0.09128272240662683,0.33606946690776623,62793.56072898582,False
c4_drift_aware__dirichlet_a1.0__large_norm__seed42,23,dirichlet_a1.0,large_norm,42,0,True,22790.54704304476,0.3760958837667312,0.2939821910819303,0.0821136926848009,0.279315193830624,60597.70400779051,False
c4_drift_aware__dirichlet_a1.0__large_norm__seed42,24,dirichlet_a1.0,large_norm,42,0,True,22818.263679441618,0.3650365078535242,0.2898047387292783,0.0752317691242459,0.259594682454533,62509.538603732624,False
c4_drift_aware__dirichlet_a1.0__directional_poisoning__seed42,10,dirichlet_a1.0,directional_poisoning,42,0,True,0.171415710187531,0.2361899887892608,0.2308967730315501,0.0052932157577107175,0.022924598244547335,0.7257534964383088,True
c4_drift_aware__dirichlet_a1.0__directional_poisoning__seed42,11,dirichlet_a1.0,directional_poisoning,42,0,True,0.2243414667682602,0.2887655186171878,0.2256408103277008,0.06312470828948699,0.2797574968721759,0.7768983909248056,False
c4_drift_aware__dirichlet_a1.0__directional_poisoning__seed42,12,dirichlet_a1.0,directional_poisoning,42,0,True,0.2075705684614044,0.2409577266864699,0.1910718893982615,0.04988583728820839,0.2610841262171676,0.8614397691902684,False
c4_drift_aware__dirichlet_a1.0__directional_poisoning__seed42,13,dirichlet_a1.0,directional_poisoning,42,0,True,0.2026482764715455,0.2723799588212911,0.2178990012320844,0.054480957589206735,0.2500284869648348,0.7439911414499601,False
c4_drift_aware__dirichlet_a1.0__directional_poisoning__seed42,14,dirichlet_a1.0,directional_poisoning,42,0,True,0.2150405813048398,0.305370441065822,0.2245132249520903,0.0808572161137317,0.36014455776930787,0.704195797583723,False
c4_drift_aware__dirichlet_a1.0__directional_poisoning__seed42,15,dirichlet_a1.0,directional_poisoning,42,0,True,0.2070263595183516,0.2184324540989966,0.1949742397078112,0.023458214391185395,0.12031442936430949,0.9477820517665585,False
c4_drift_aware__dirichlet_a1.0__directional_poisoning__seed42,16,dirichlet_a1.0,directional_poisoning,42,0,True,0.2069547684757403,0.3118279830093645,0.2507292617490916,0.06109872126027288,0.24368404722307704,0.663682478007515,False
c4_drift_aware__dirichlet_a1.0__directional_poisoning__seed42,17,dirichlet_a1.0,directional_poisoning,42,0,True,0.2286622579766455,0.3441657832307776,0.249559262227398,0.09460652100337963,0.37909440891508295,0.664395675334517,False
c4_drift_aware__dirichlet_a1.0__directional_poisoning__seed42,18,dirichlet_a1.0,directional_poisoning,42,0,True,0.2380258983412982,0.377376646942115,0.3043311258729372,0.07304552106917778,0.24001988248706238,0.6307382830125376,False
c4_drift_aware__dirichlet_a1.0__directional_poisoning__seed42,19,dirichlet_a1.0,directional_poisoning,42,0,True,0.2532233525055347,0.4675426423409575,0.3587893605967047,0.1087532817442528,0.3031117800243145,0.5416048282519447,False
c4_drift_aware__dirichlet_a1.0__directional_poisoning__seed42,20,dirichlet_a1.0,directional_poisoning,42,0,True,0.2521077632272639,0.4255808701460042,0.3060125032693438,0.11956836687666039,0.3907303316015803,0.592385092734016,False
c4_drift_aware__dirichlet_a1.0__directional_poisoning__seed42,21,dirichlet_a1.0,directional_poisoning,42,0,True,0.2628003322203183,0.4824413682930507,0.3391142545054104,0.1433271137876403,0.4226513981155976,0.5447300946644459,False
c4_drift_aware__dirichlet_a1.0__directional_poisoning__seed42,22,dirichlet_a1.0,directional_poisoning,42,0,True,0.2689047310765461,0.3781779861288359,0.2818102913280698,0.09636769480076612,0.34195945913337694,0.7110533688889467,False
c4_drift_aware__dirichlet_a1.0__directional_poisoning__seed42,23,dirichlet_a1.0,directional_poisoning,42,0,True,0.2641763273309466,0.3977559569144899,0.2908051538682588,0.10695080304623111,0.3677747853625806,0.6641668659854655,False
c4_drift_aware__dirichlet_a1.0__directional_poisoning__seed42,24,dirichlet_a1.0,directional_poisoning,42,0,True,0.2618732894780643,0.3796646140197192,0.2959207899237472,0.08374382409597197,0.2829940543128148,0.6897490042737116,False
c4_drift_aware__dirichlet_a1.0__sparse_coordinate_attack__seed42,10,dirichlet_a1.0,sparse_coordinate_attack,42,0,True,4.356523285936455,0.376837169003937,0.2641565450965336,0.11268062390740341,0.4265676016705371,11.560757919532456,False
c4_drift_aware__dirichlet_a1.0__sparse_coordinate_attack__seed42,11,dirichlet_a1.0,sparse_coordinate_attack,42,0,True,5.306394690631428,0.2222034535237803,0.2102639697555817,0.011939483768198589,0.056783308058330054,23.880793059157092,False
c4_drift_aware__dirichlet_a1.0__sparse_coordinate_attack__seed42,12,dirichlet_a1.0,sparse_coordinate_attack,42,0,True,4.988700402239893,0.2380594775771729,0.230771413859359,0.007288063717813903,0.03158131068285403,20.955689111863574,False
c4_drift_aware__dirichlet_a1.0__sparse_coordinate_attack__seed42,13,dirichlet_a1.0,sparse_coordinate_attack,42,0,True,5.117402411015653,0.3196650266762593,0.2340992601707243,0.08556576650553499,0.36551062332761514,16.00864024514731,False
c4_drift_aware__dirichlet_a1.0__sparse_coordinate_attack__seed42,14,dirichlet_a1.0,sparse_coordinate_attack,42,0,True,4.727093762455062,0.2204328366513932,0.207950250883394,0.01248258576799921,0.060026788690909993,21.444598882201905,False
c4_drift_aware__dirichlet_a1.0__sparse_coordinate_attack__seed42,15,dirichlet_a1.0,sparse_coordinate_attack,42,0,True,5.371618286269156,0.2302967384008489,0.1959088592203957,0.03438787918045322,0.1755299853069287,23.324769267550145,False
c4_drift_aware__dirichlet_a1.0__sparse_coordinate_attack__seed42,16,dirichlet_a1.0,sparse_coordinate_attack,42,0,True,4.74253270269358,0.3185837438341349,0.2382876700894138,0.08029607374472111,0.336971164788305,14.886298483461534,False
c4_drift_aware__dirichlet_a1.0__sparse_coordinate_attack__seed42,17,dirichlet_a1.0,sparse_coordinate_attack,42,0,True,6.060175428867596,0.3188055030422812,0.2409154672630856,0.07789003577919562,0.3233085723555383,19.009005086288838,False
c4_drift_aware__dirichlet_a1.0__sparse_coordinate_attack__seed42,18,dirichlet_a1.0,sparse_coordinate_attack,42,0,True,7.970988151045074,0.392496913177263,0.2896279281897134,0.1028689849875496,0.35517633133835036,20.308409782181254,False
c4_drift_aware__dirichlet_a1.0__sparse_coordinate_attack__seed42,19,dirichlet_a1.0,sparse_coordinate_attack,42,0,True,9.43293882731599,0.5420583746960461,0.358360587784211,0.18369778691183514,0.5126059984655731,17.40207193110044,False
c4_drift_aware__dirichlet_a1.0__sparse_coordinate_attack__seed42,20,dirichlet_a1.0,sparse_coordinate_attack,42,0,True,9.20121420554215,0.5429183339032726,0.3594364176270683,0.1834819162762043,0.510471135583638,16.947694765418362,False
c4_drift_aware__dirichlet_a1.0__sparse_coordinate_attack__seed42,21,dirichlet_a1.0,sparse_coordinate_attack,42,0,True,11.20893840278187,0.4183229242874438,0.3080834502725088,0.110239474014935,0.357823420626538,26.79494178301314,False
c4_drift_aware__dirichlet_a1.0__sparse_coordinate_attack__seed42,22,dirichlet_a1.0,sparse_coordinate_attack,42,0,True,12.711526115088724,0.4712071944477857,0.3153373031875344,0.1558698912602513,0.49429575785885965,26.97651110778463,False
c4_drift_aware__dirichlet_a1.0__sparse_coordinate_attack__seed42,23,dirichlet_a1.0,sparse_coordinate_attack,42,0,True,12.640107066625085,0.348728096365925,0.26284618154978,0.08588191481614499,0.3267383011226281,36.2463110897771,False
c4_drift_aware__dirichlet_a1.0__sparse_coordinate_attack__seed42,24,dirichlet_a1.0,sparse_coordinate_attack,42,0,True,14.490429062373488,0.4270839316460259,0.3067329261960629,0.12035100544996302,0.3923641551707265,33.928761980170655,False
c4_drift_aware__dirichlet_a1.0__large_norm__seed43,10,dirichlet_a1.0,large_norm,43,0,True,22762.182512849333,0.5358745563967989,0.4262740071603381,0.10960054923646084,0.2571129071804649,42476.699520688984,False
c4_drift_aware__dirichlet_a1.0__large_norm__seed43,11,dirichlet_a1.0,large_norm,43,0,True,22730.66178927559,0.6353152081982634,0.4533759443574254,0.18193926384083797,0.4012988913620074,35778.55762927371,False
c4_drift_aware__dirichlet_a1.0__large_norm__seed43,12,dirichlet_a1.0,large_norm,43,0,True,22776.904329753776,0.6192925317299649,0.420688586515538,0.19860394521442692,0.4720925444148972,36778.91006714961,False
c4_drift_aware__dirichlet_a1.0__large_norm__seed43,13,dirichlet_a1.0,large_norm,43,0,True,22833.364210817104,0.5370347604899306,0.3972811912229377,0.1397535692669929,0.3517749451888071,42517.479110638,False
c4_drift_aware__dirichlet_a1.0__large_norm__seed43,14,dirichlet_a1.0,large_norm,43,0,True,22766.95114408527,0.4173231393706453,0.334752493948629,0.08257064542201631,0.2466617782231895,54554.72988729919,False
c4_drift_aware__dirichlet_a1.0__large_norm__seed43,15,dirichlet_a1.0,large_norm,43,0,True,22809.186859746205,0.3616156708898222,0.2815360699963906,0.08007960089343164,0.2844381570519838,63075.769928941365,False
c4_drift_aware__dirichlet_a1.0__large_norm__seed43,16,dirichlet_a1.0,large_norm,43,0,True,22786.49516773825,0.3400234871242019,0.2586132639956143,0.08141022312858759,0.31479523467121234,67014.47408959406,False
c4_drift_aware__dirichlet_a1.0__large_norm__seed43,17,dirichlet_a1.0,large_norm,43,0,True,22837.446650171296,0.2967181725672352,0.2558305955677495,0.0408875769994857,0.15982285820328232,76966.79462730385,False
c4_drift_aware__dirichlet_a1.0__large_norm__seed43,18,dirichlet_a1.0,large_norm,43,0,True,22722.13005093469,0.3619625078762286,0.2725760725147034,0.08938643536152518,0.3279320687867915,62774.8166080903,False
c4_drift_aware__dirichlet_a1.0__large_norm__seed43,19,dirichlet_a1.0,large_norm,43,0,True,22692.044929174783,0.2289370275285708,0.2108439138077907,0.018093113720780124,0.0858128337404804,99119.15592746511,False
c4_drift_aware__dirichlet_a1.0__large_norm__seed43,20,dirichlet_a1.0,large_norm,43,0,True,22735.618504482736,0.3239032696728847,0.2475332410090239,0.07637002866386078,0.30852433536826146,70192.61808454053,False
c4_drift_aware__dirichlet_a1.0__large_norm__seed43,21,dirichlet_a1.0,large_norm,43,0,True,22748.42223722703,0.3205175674142618,0.2531019140945368,0.06741565331972499,0.2663577379922318,70974.02623122121,False
c4_drift_aware__dirichlet_a1.0__large_norm__seed43,22,dirichlet_a1.0,large_norm,43,0,True,22794.31058882592,0.267980299814208,0.2323214249495719,0.03565887486463612,0.15348939458500782,85059.650297538,False
c4_drift_aware__dirichlet_a1.0__large_norm__seed43,23,dirichlet_a1.0,large_norm,43,0,True,22805.54379498181,0.3138085281298884,0.2511667458663074,0.06264178226358103,0.24940316859033715,72673.43539351606,False
c4_drift_aware__dirichlet_a1.0__large_norm__seed43,24,dirichlet_a1.0,large_norm,43,0,True,22712.561901388704,0.283521779550167,0.2465397240170489,0.03698205553311809,0.15000444930554346,80108.70253926962,False
c4_drift_aware__dirichlet_a1.0__directional_poisoning__seed43,10,dirichlet_a1.0,directional_poisoning,43,0,True,0.1693691798888749,0.4227189357345422,0.4406866572816212,-0.017967721547078985,-0.04077210246825489,0.4006661769115421,True
c4_drift_aware__dirichlet_a1.0__directional_poisoning__seed43,11,dirichlet_a1.0,directional_poisoning,43,0,True,0.2202899481388773,0.413180168933506,0.4586426491608895,-0.04546248022738347,-0.09912397006811172,0.5331571181344114,False
c4_drift_aware__dirichlet_a1.0__directional_poisoning__seed43,12,dirichlet_a1.0,directional_poisoning,43,0,True,0.2305069574833522,0.3560098441453411,0.4098831348099105,-0.05387329066456942,-0.13143573396732697,0.6474735496056893,False
c4_drift_aware__dirichlet_a1.0__directional_poisoning__seed43,13,dirichlet_a1.0,directional_poisoning,43,0,True,0.2448832826968174,0.3616826976787357,0.4485747745817991,-0.08689207690306344,-0.1937070067840348,0.677066622950083,False
c4_drift_aware__dirichlet_a1.0__directional_poisoning__seed43,14,dirichlet_a1.0,directional_poisoning,43,0,True,0.2490571382119465,0.3554326857266321,0.3338052112198003,0.021627474506831834,0.06479070361963528,0.7007153484007365,False
c4_drift_aware__dirichlet_a1.0__directional_poisoning__seed43,15,dirichlet_a1.0,directional_poisoning,43,0,True,0.2480162634335125,0.4204703566553588,0.2928796963389919,0.1275906603163669,0.4356418758666283,0.5898543369534147,False
c4_drift_aware__dirichlet_a1.0__directional_poisoning__seed43,16,dirichlet_a1.0,directional_poisoning,43,0,True,0.2347688693144092,0.3621285930692241,0.2778083616316757,0.08432023143754841,0.3035194151187644,0.6483024920087739,False
c4_drift_aware__dirichlet_a1.0__directional_poisoning__seed43,17,dirichlet_a1.0,directional_poisoning,43,0,True,0.2369210535484534,0.2426005724417973,0.2285389829865384,0.0140615894552589,0.06152818775817851,0.9765890128115567,False
c4_drift_aware__dirichlet_a1.0__directional_poisoning__seed43,18,dirichlet_a1.0,directional_poisoning,43,0,True,0.2375293469933091,0.3161905378876513,0.2859545104602581,0.030236027427393175,0.10573719357924019,0.7512221857749202,False
c4_drift_aware__dirichlet_a1.0__directional_poisoning__seed43,19,dirichlet_a1.0,directional_poisoning,43,0,True,0.2212199088163972,0.3241132727150325,0.2547521527877133,0.06936111992731919,0.2722690237091668,0.6825388758790467,False
c4_drift_aware__dirichlet_a1.0__directional_poisoning__seed43,20,dirichlet_a1.0,directional_poisoning,43,0,True,0.2268837130830374,0.2381832385727122,0.2107703553541121,0.02741288321860011,0.13006043080652466,0.9525595270373095,False
c4_drift_aware__dirichlet_a1.0__directional_poisoning__seed43,21,dirichlet_a1.0,directional_poisoning,43,0,True,0.2143464598985949,0.3217328582835911,0.2704158042972425,0.051317053986348615,0.18977091268652566,0.6662249576935019,False
c4_drift_aware__dirichlet_a1.0__directional_poisoning__seed43,22,dirichlet_a1.0,directional_poisoning,43,0,True,0.2079312507196072,0.2739312621614935,0.2541590184661998,0.01977224369529368,0.07779477515539412,0.7590636025946661,False
c4_drift_aware__dirichlet_a1.0__directional_poisoning__seed43,23,dirichlet_a1.0,directional_poisoning,43,0,True,0.1949807052900404,0.2369637548981441,0.218580252972828,0.018383501925316126,0.08410412960589539,0.8228292355252829,False
c4_drift_aware__dirichlet_a1.0__directional_poisoning__seed43,24,dirichlet_a1.0,directional_poisoning,43,0,True,0.1863480232247709,0.2364753094345695,0.2065232479677258,0.029952061466843677,0.14502997488943425,0.7880231710885304,False
c4_drift_aware__dirichlet_a1.0__sparse_coordinate_attack__seed43,10,dirichlet_a1.0,sparse_coordinate_attack,43,0,True,5.598495242141844,0.4865650089319391,0.4068851319518685,0.07967987698007062,0.19582892252129813,11.506160819971672,False
c4_drift_aware__dirichlet_a1.0__sparse_coordinate_attack__seed43,11,dirichlet_a1.0,sparse_coordinate_attack,43,0,True,8.232550087717401,0.663061424246633,0.4329710239406589,0.23009040030597405,0.5314221681899647,12.41596899875631,False
c4_drift_aware__dirichlet_a1.0__sparse_coordinate_attack__seed43,12,dirichlet_a1.0,sparse_coordinate_attack,43,0,True,8.84922253325789,0.4794340474892442,0.3939256223051748,0.08550842518406937,0.2170674369534304,18.457643088972354,False
c4_drift_aware__dirichlet_a1.0__sparse_coordinate_attack__seed43,13,dirichlet_a1.0,sparse_coordinate_attack,43,0,True,8.565270057523472,0.5173451426735856,0.409425335353352,0.10791980732023354,0.26358849343579094,16.55620078553179,False
c4_drift_aware__dirichlet_a1.0__sparse_coordinate_attack__seed43,14,dirichlet_a1.0,sparse_coordinate_attack,43,0,True,10.029501651847664,0.3558118568477314,0.3363529603171076,0.019458896530623826,0.05785260968798468,28.18765439888013,False
c4_drift_aware__dirichlet_a1.0__sparse_coordinate_attack__seed43,15,dirichlet_a1.0,sparse_coordinate_attack,43,0,True,9.694530848547446,0.3791824851236959,0.276391750827934,0.10279073429576191,0.3719023233792301,25.566926819905518,False
c4_drift_aware__dirichlet_a1.0__sparse_coordinate_attack__seed43,16,dirichlet_a1.0,sparse_coordinate_attack,43,0,True,8.730341914824436,0.3705622751642867,0.2771007923987458,0.0934614827655409,0.3372833471766135,23.559715869495587,False
c4_drift_aware__dirichlet_a1.0__sparse_coordinate_attack__seed43,17,dirichlet_a1.0,sparse_coordinate_attack,43,0,True,8.612073157001966,0.3594746352063049,0.2775214026748654,0.08195323253143949,0.29530418822310833,23.95738756938842,False
c4_drift_aware__dirichlet_a1.0__sparse_coordinate_attack__seed43,18,dirichlet_a1.0,sparse_coordinate_attack,43,0,True,8.978853932454442,0.3522910317994986,0.2654395355799099,0.08685149621958871,0.3271987951223727,25.48703521230886,False
c4_drift_aware__dirichlet_a1.0__sparse_coordinate_attack__seed43,19,dirichlet_a1.0,sparse_coordinate_attack,43,0,True,8.690798092345522,0.2680651909402385,0.2244913875851147,0.043573803355123814,0.19410011147355505,32.420464820003495,False
c4_drift_aware__dirichlet_a1.0__sparse_coordinate_attack__seed43,20,dirichlet_a1.0,sparse_coordinate_attack,43,0,True,9.363926119856355,0.3616965455657952,0.2838803428164862,0.077816202749309,0.27411620676960047,25.88890116494903,False
c4_drift_aware__dirichlet_a1.0__sparse_coordinate_attack__seed43,21,dirichlet_a1.0,sparse_coordinate_attack,43,0,True,8.478263817622373,0.1983995631332209,0.1852038070023557,0.01319575613086521,0.07124991837072424,42.73327866115011,False
c4_drift_aware__dirichlet_a1.0__sparse_coordinate_attack__seed43,22,dirichlet_a1.0,sparse_coordinate_attack,43,0,True,6.490679537813691,0.3387385887365766,0.2508411675005939,0.08789742123598271,0.3504106686785159,19.161323078136903,False
c4_drift_aware__dirichlet_a1.0__sparse_coordinate_attack__seed43,23,dirichlet_a1.0,sparse_coordinate_attack,43,0,True,7.965551744092903,0.2779380768441312,0.2245093100966447,0.05342876674748648,0.23798018320258946,28.659447581052444,False
c4_drift_aware__dirichlet_a1.0__sparse_coordinate_attack__seed43,24,dirichlet_a1.0,sparse_coordinate_attack,43,0,True,7.181332880331681,0.2634602002305155,0.2232459565021349,0.04021424372838056,0.18013425353124365,27.257752305844857,False
c4_drift_aware__dirichlet_a1.0__large_norm__seed44,10,dirichlet_a1.0,large_norm,44,0,True,22733.082859807364,0.2573821783250594,0.2340461084054382,0.023336069919621172,0.09970714778643568,88324.23055762914,False
c4_drift_aware__dirichlet_a1.0__large_norm__seed44,11,dirichlet_a1.0,large_norm,44,0,True,22708.90142684232,0.6566036891950089,0.4514383149629,0.2051653742321089,0.4544704501853587,34585.40029630851,False
c4_drift_aware__dirichlet_a1.0__large_norm__seed44,12,dirichlet_a1.0,large_norm,44,0,True,22693.735750083,0.3954482954140281,0.3128884248569661,0.08255987055706199,0.26386361398573127,57387.36520870072,False
c4_drift_aware__dirichlet_a1.0__large_norm__seed44,13,dirichlet_a1.0,large_norm,44,0,True,22753.08797901575,0.3718474867257881,0.3091274081802677,0.06272007854552042,0.20289394238684005,61189.30150466388,False
c4_drift_aware__dirichlet_a1.0__large_norm__seed44,14,dirichlet_a1.0,large_norm,44,0,True,22798.644324537872,0.3580145719282931,0.3140034188747025,0.0440111530535906,0.14016138171779738,63680.77199132616,False
c4_drift_aware__dirichlet_a1.0__large_norm__seed44,15,dirichlet_a1.0,large_norm,44,0,True,22749.20324017291,0.3883001900617078,0.3257532220043426,0.0625469680573652,0.1920072123078844,58586.639467154666,False
c4_drift_aware__dirichlet_a1.0__large_norm__seed44,16,dirichlet_a1.0,large_norm,44,0,True,22672.46120376409,0.2770643361901527,0.2650060948554369,0.01205824133471578,0.04550175097404327,81831.03432050417,False
c4_drift_aware__dirichlet_a1.0__large_norm__seed44,17,dirichlet_a1.0,large_norm,44,0,True,22791.15569395505,0.3843636091905068,0.3018948347337451,0.0824687744567617,0.27317053810971853,59295.82080352147,False
c4_drift_aware__dirichlet_a1.0__large_norm__seed44,18,dirichlet_a1.0,large_norm,44,0,True,22748.749498172117,0.2540607221611918,0.2441852490785248,0.009875473082667008,0.04044254564898499,89540.59999773954,False
c4_drift_aware__dirichlet_a1.0__large_norm__seed44,19,dirichlet_a1.0,large_norm,44,0,True,22739.878098603684,0.3314155862971637,0.2756700381635238,0.05574554813363991,0.20221837855506222,68614.38942166702,False
c4_drift_aware__dirichlet_a1.0__large_norm__seed44,20,dirichlet_a1.0,large_norm,44,0,True,22767.160538872944,0.3456067276116397,0.316681919979111,0.028924807632528693,0.09133709822915256,65875.91826180113,False
c4_drift_aware__dirichlet_a1.0__large_norm__seed44,21,dirichlet_a1.0,large_norm,44,0,True,22787.616938088948,0.4330631543382977,0.3507639302216074,0.08229922411669027,0.23462852655543817,52619.616122520216,False
c4_drift_aware__dirichlet_a1.0__large_norm__seed44,22,dirichlet_a1.0,large_norm,44,0,True,22762.59664780336,0.4061787698567433,0.3195531652656926,0.08662560459105068,0.2710835441702659,56040.83309384088,False
c4_drift_aware__dirichlet_a1.0__large_norm__seed44,23,dirichlet_a1.0,large_norm,44,0,True,22787.654665734342,0.3309147028136255,0.2718025168159401,0.05911218599768542,0.21748211418408298,68862.6237274461,False
c4_drift_aware__dirichlet_a1.0__large_norm__seed44,24,dirichlet_a1.0,large_norm,44,0,True,22733.54070625329,0.2403926891871729,0.219965837246916,0.020426851940256896,0.09286374737058532,94568.35306897647,False
c4_drift_aware__dirichlet_a1.0__directional_poisoning__seed44,10,dirichlet_a1.0,directional_poisoning,44,0,True,0.1456761667883325,0.2299580110489126,0.2179570903683649,0.0120009206805477,0.05506093268296611,0.6334902886133715,True
c4_drift_aware__dirichlet_a1.0__directional_poisoning__seed44,11,dirichlet_a1.0,directional_poisoning,44,0,True,0.2063099489128065,0.2716200073449844,0.2653214554467891,0.006298551898195337,0.023739323635131076,0.7595535797581079,False
c4_drift_aware__dirichlet_a1.0__directional_poisoning__seed44,12,dirichlet_a1.0,directional_poisoning,44,0,True,0.172740130120505,0.2839147989366018,0.3073790251140272,-0.023464226177425385,-0.07633645844481728,0.6084224237958017,False
c4_drift_aware__dirichlet_a1.0__directional_poisoning__seed44,13,dirichlet_a1.0,directional_poisoning,44,0,True,0.179153930519678,0.2787353660697093,0.2564595632307138,0.022275802838995495,0.08685892839549111,0.6427384262206367,False
c4_drift_aware__dirichlet_a1.0__directional_poisoning__seed44,14,dirichlet_a1.0,directional_poisoning,44,0,True,0.1835008280460957,0.3470698756104336,0.2874078015792396,0.059662074031194,0.20758682855289473,0.5287143625569654,False
c4_drift_aware__dirichlet_a1.0__directional_poisoning__seed44,15,dirichlet_a1.0,directional_poisoning,44,0,True,0.1922506574430797,0.3635334291316723,0.3141705864378416,0.04936284269383068,0.1571211463603932,0.5288390063667192,False
c4_drift_aware__dirichlet_a1.0__directional_poisoning__seed44,16,dirichlet_a1.0,directional_poisoning,44,0,True,0.1959458173540252,0.304978423806226,0.3112728146913909,-0.006294390885164924,-0.0202214603655814,0.6424907536361432,False
c4_drift_aware__dirichlet_a1.0__directional_poisoning__seed44,17,dirichlet_a1.0,directional_poisoning,44,0,True,0.1934271704550167,0.3531327941261162,0.294519112251289,0.058613681874827184,0.1990148667323733,0.5477462690308423,True
c4_drift_aware__dirichlet_a1.0__directional_poisoning__seed44,18,dirichlet_a1.0,directional_poisoning,44,0,True,0.223334572264648,0.3355669862597346,0.3475956591648313,-0.012028672905096738,-0.034605359957595706,0.6655439343242879,False
c4_drift_aware__dirichlet_a1.0__directional_poisoning__seed44,19,dirichlet_a1.0,directional_poisoning,44,0,True,0.1850808759803558,0.3209220018833853,0.2802032333129814,0.04071876857040391,0.14531869632254335,0.5767160708651237,False
c4_drift_aware__dirichlet_a1.0__directional_poisoning__seed44,20,dirichlet_a1.0,directional_poisoning,44,0,True,0.1920281768847002,0.2766279455832363,0.2631526739761706,0.013475271607065686,0.05120704799787031,0.6941749015264246,False
c4_drift_aware__dirichlet_a1.0__directional_poisoning__seed44,21,dirichlet_a1.0,directional_poisoning,44,0,True,0.1949730826500318,0.261358687251484,0.3319816521158775,-0.07062296486439351,-0.21273153023451644,0.7459980944211938,False
c4_drift_aware__dirichlet_a1.0__directional_poisoning__seed44,22,dirichlet_a1.0,directional_poisoning,44,0,True,0.1918560531089228,0.3203368781481275,0.3147302039640533,0.0056066741840741785,0.01781422346332715,0.5989196567627357,False
c4_drift_aware__dirichlet_a1.0__directional_poisoning__seed44,23,dirichlet_a1.0,directional_poisoning,44,0,True,0.1947731252282367,0.2785246869092787,0.3040353767292613,-0.025510689819982613,-0.08390697850500299,0.6993029141854071,False
c4_drift_aware__dirichlet_a1.0__directional_poisoning__seed44,24,dirichlet_a1.0,directional_poisoning,44,0,True,0.1800585810500233,0.2507676709982289,0.2407554591758191,0.0100122118224098,0.04158664504092542,0.71802948256155,False
c4_drift_aware__dirichlet_a1.0__sparse_coordinate_attack__seed44,10,dirichlet_a1.0,sparse_coordinate_attack,44,0,True,4.587338803180606,0.2307981903049041,0.2150627646487871,0.01573542565611699,0.07316666686496878,19.875973884891994,False
c4_drift_aware__dirichlet_a1.0__sparse_coordinate_attack__seed44,11,dirichlet_a1.0,sparse_coordinate_attack,44,0,True,6.2107185627409605,0.2941489149881834,0.2591587283044735,0.0349901866837099,0.13501450216487235,21.114198442616924,False
c4_drift_aware__dirichlet_a1.0__sparse_coordinate_attack__seed44,12,dirichlet_a1.0,sparse_coordinate_attack,44,0,True,7.632486013719963,0.3700987804491516,0.2880413666730651,0.0820574137760865,0.28488065698293924,20.622834813065808,False
c4_drift_aware__dirichlet_a1.0__sparse_coordinate_attack__seed44,13,dirichlet_a1.0,sparse_coordinate_attack,44,0,True,8.63642554830011,0.3923305390019491,0.299885152626326,0.0924453863756231,0.30826930098408484,22.013136092516124,False
c4_drift_aware__dirichlet_a1.0__sparse_coordinate_attack__seed44,14,dirichlet_a1.0,sparse_coordinate_attack,44,0,True,8.518650007756854,0.3718338904864225,0.2908877596581021,0.08094613082832042,0.2782727293972812,22.90982674175557,False
c4_drift_aware__dirichlet_a1.0__sparse_coordinate_attack__seed44,15,dirichlet_a1.0,sparse_coordinate_attack,44,0,True,10.00467468722244,0.3009146016975691,0.255676251361435,0.0452383503361341,0.1769360669802031,33.24755472410584,False
c4_drift_aware__dirichlet_a1.0__sparse_coordinate_attack__seed44,16,dirichlet_a1.0,sparse_coordinate_attack,44,0,True,8.528819436194276,0.3184251969598212,0.271342574845709,0.04708262211411218,0.1735172673911727,26.78437359110887,False
c4_drift_aware__dirichlet_a1.0__sparse_coordinate_attack__seed44,17,dirichlet_a1.0,sparse_coordinate_attack,44,0,True,7.406616228505876,0.304176951314714,0.2698443620961236,0.03433258921859039,0.12723107850724885,24.349695782316807,False
c4_drift_aware__dirichlet_a1.0__sparse_coordinate_attack__seed44,18,dirichlet_a1.0,sparse_coordinate_attack,44,0,True,7.25394090447013,0.4360437163131617,0.3424774150340696,0.0935663012790921,0.2732042966097024,16.63581111959066,False
c4_drift_aware__dirichlet_a1.0__sparse_coordinate_attack__seed44,19,dirichlet_a1.0,sparse_coordinate_attack,44,0,True,7.527279886725357,0.3331303804768923,0.2753879652903962,0.05774241518649609,0.20967661068851282,22.595597183150005,False
c4_drift_aware__dirichlet_a1.0__sparse_coordinate_attack__seed44,20,dirichlet_a1.0,sparse_coordinate_attack,44,0,True,8.211567167041522,0.3564316043604915,0.3237311490792415,0.032700455281249985,0.10101114883216168,23.038268959832255,False
c4_drift_aware__dirichlet_a1.0__sparse_coordinate_attack__seed44,21,dirichlet_a1.0,sparse_coordinate_attack,44,0,True,8.902281526130135,0.4104605809077044,0.3298649542270793,0.08059562668062509,0.24432915848690914,21.688517582963442,False
c4_drift_aware__dirichlet_a1.0__sparse_coordinate_attack__seed44,22,dirichlet_a1.0,sparse_coordinate_attack,44,0,True,8.713113208146702,0.3624814155718819,0.3066529139095985,0.055828501662283425,0.18205762648889,24.037406702355053,False
c4_drift_aware__dirichlet_a1.0__sparse_coordinate_attack__seed44,23,dirichlet_a1.0,sparse_coordinate_attack,44,0,True,8.481182443583915,0.2777994727966226,0.2659686835490545,0.011830789247568085,0.04448188820465417,30.52987235074057,False
c4_drift_aware__dirichlet_a1.0__sparse_coordinate_attack__seed44,24,dirichlet_a1.0,sparse_coordinate_attack,44,0,True,8.248983884072274,0.2709092509839768,0.2314314877183454,0.03947776326563138,0.17058077815960912,30.44925137886919,False
c4_drift_aware__dirichlet_a0.5__large_norm__seed42,10,dirichlet_a0.5,large_norm,42,0,True,22679.123773923417,0.331727371357324,0.3204279587959198,0.01129941256140421,0.03526350385860303,68366.75454644451,False
c4_drift_aware__dirichlet_a0.5__large_norm__seed42,11,dirichlet_a0.5,large_norm,42,0,True,22768.40950137788,0.3140692989389122,0.2832981226545714,0.03077117628434084,0.1086176498312362,72494.85886809467,False
c4_drift_aware__dirichlet_a0.5__large_norm__seed42,12,dirichlet_a0.5,large_norm,42,0,True,22721.34342012353,0.4251517780367884,0.3224562224149611,0.1026955556218273,0.3184790631506899,53442.898733819835,False
c4_drift_aware__dirichlet_a0.5__large_norm__seed42,13,dirichlet_a0.5,large_norm,42,0,True,22766.48602141644,0.4205109836344251,0.3091960846087219,0.11131489902570318,0.3600139347384323,54140.050813057205,False
c4_drift_aware__dirichlet_a0.5__large_norm__seed42,14,dirichlet_a0.5,large_norm,42,0,True,22801.588295191035,0.3616986812799339,0.3148032804683461,0.04689540081158777,0.14896731934247798,63040.28594880036,False
c4_drift_aware__dirichlet_a0.5__large_norm__seed42,15,dirichlet_a0.5,large_norm,42,0,True,22717.386886749093,0.4102583490251256,0.3356667499703235,0.07459159905480212,0.22221920717913468,55373.36885582261,False
c4_drift_aware__dirichlet_a0.5__large_norm__seed42,16,dirichlet_a0.5,large_norm,42,0,True,22719.82544859973,0.4234728072658132,0.3197412123722351,0.10373159489357814,0.3244235990849259,53651.2027662228,False
c4_drift_aware__dirichlet_a0.5__large_norm__seed42,17,dirichlet_a0.5,large_norm,42,0,True,22773.0695670831,0.5894838130590789,0.4298326239469436,0.15965118911213533,0.3714264116253816,38632.22206035495,False
c4_drift_aware__dirichlet_a0.5__large_norm__seed42,18,dirichlet_a0.5,large_norm,42,0,True,22789.50127696163,0.3022067228051066,0.2655062279015896,0.036700494903516956,0.13822837676380256,75410.30545392136,False
c4_drift_aware__dirichlet_a0.5__large_norm__seed42,19,dirichlet_a0.5,large_norm,42,0,True,22727.61118113527,0.7074522776919048,0.5276826484809201,0.17976962921098472,0.34067754497613506,32125.999021849413,False
c4_drift_aware__dirichlet_a0.5__large_norm__seed42,20,dirichlet_a0.5,large_norm,42,0,True,22795.92927481667,0.7100054872423607,0.4944347183227146,0.2155707689196461,0.43599440114345767,32106.694503665534,False
c4_drift_aware__dirichlet_a0.5__large_norm__seed42,21,dirichlet_a0.5,large_norm,42,0,True,22760.964599649866,0.3831320756221759,0.3140068248014425,0.0691252508207334,0.22013932615777926,59407.61958572087,False
c4_drift_aware__dirichlet_a0.5__large_norm__seed42,22,dirichlet_a0.5,large_norm,42,0,True,22786.93286571504,0.3892476975563441,0.3160634837850534,0.0731842137712907,0.2315490954376159,58540.95736151812,False
c4_drift_aware__dirichlet_a0.5__large_norm__seed42,23,dirichlet_a0.5,large_norm,42,0,True,22794.961846607883,0.5364510516787583,0.404036984817345,0.13241406686141327,0.32772758890197723,42492.15613479333,False
c4_drift_aware__dirichlet_a0.5__large_norm__seed42,24,dirichlet_a0.5,large_norm,42,0,True,22813.61555721828,0.5047631207269865,0.4121184032236726,0.09264471750331388,0.22480121435642855,45196.6766596595,False
c4_drift_aware__dirichlet_a0.5__directional_poisoning__seed42,10,dirichlet_a0.5,directional_poisoning,42,0,True,0.2406754127476567,0.3070283067117915,0.3126323090901584,-0.00560400237836689,-0.017925218268949872,0.7838867214728169,True
c4_drift_aware__dirichlet_a0.5__directional_poisoning__seed42,11,dirichlet_a0.5,directional_poisoning,42,0,True,0.3133652134494795,0.2866799480414739,0.2637936917224705,0.022886256319003373,0.08675816381189783,1.093083822535593,False
c4_drift_aware__dirichlet_a0.5__directional_poisoning__seed42,12,dirichlet_a0.5,directional_poisoning,42,0,True,0.2987879323509173,0.3176681458250477,0.3090689553342394,0.008599190490808317,0.027822886583703667,0.9405662364254536,False
c4_drift_aware__dirichlet_a0.5__directional_poisoning__seed42,13,dirichlet_a0.5,directional_poisoning,42,0,True,0.3049788381313876,0.3077542731983757,0.2788667531629721,0.028887520035403624,0.1035889711044956,0.9909816522183622,False
c4_drift_aware__dirichlet_a0.5__directional_poisoning__seed42,14,dirichlet_a0.5,directional_poisoning,42,0,True,0.3036451802039117,0.3543043631202859,0.3275404630575861,0.026763900062699797,0.0817117366595233,0.8570178970695445,False
c4_drift_aware__dirichlet_a0.5__directional_poisoning__seed42,15,dirichlet_a0.5,directional_poisoning,42,0,True,0.3294774908979703,0.3853189731107724,0.3167420532432854,0.06857691986748699,0.21650715200363355,0.8550772577794952,False
c4_drift_aware__dirichlet_a0.5__directional_poisoning__seed42,16,dirichlet_a0.5,directional_poisoning,42,0,True,0.3334455359898818,0.3856243207539407,0.300375687676486,0.08524863307745473,0.28380670132421026,0.8646901091143752,False
c4_drift_aware__dirichlet_a0.5__directional_poisoning__seed42,17,dirichlet_a0.5,directional_poisoning,42,0,True,0.35448597941425,0.4298686676808202,0.3255844847898999,0.10428418289092034,0.3202983795687165,0.824637862830835,False
c4_drift_aware__dirichlet_a0.5__directional_poisoning__seed42,18,dirichlet_a0.5,directional_poisoning,42,0,True,0.3723861327224217,0.3519994101967846,0.2856944709875425,0.06630493920924208,0.2320833825731729,1.057916922401205,False
c4_drift_aware__dirichlet_a0.5__directional_poisoning__seed42,19,dirichlet_a0.5,directional_poisoning,42,0,True,0.3813138452644462,0.355394756286043,0.2905034382482016,0.06489131803784143,0.2233753873246736,1.0729304203845427,False
c4_drift_aware__dirichlet_a0.5__directional_poisoning__seed42,20,dirichlet_a0.5,directional_poisoning,42,0,True,0.3945744831011599,0.3931040436633151,0.313318506975349,0.07978553668796606,0.25464674097353385,1.0037405858869877,False
c4_drift_aware__dirichlet_a0.5__directional_poisoning__seed42,21,dirichlet_a0.5,directional_poisoning,42,0,True,0.4049456287184466,0.4119571074490992,0.3231349081112986,0.08882219933780061,0.2748765209458807,0.9829800758286008,False
c4_drift_aware__dirichlet_a0.5__directional_poisoning__seed42,22,dirichlet_a0.5,directional_poisoning,42,0,True,0.4143444209901606,0.4408500432508843,0.3436267788720595,0.09722326437882478,0.28293273503874194,0.9398761037534037,False
c4_drift_aware__dirichlet_a0.5__directional_poisoning__seed42,23,dirichlet_a0.5,directional_poisoning,42,0,True,0.4086668089258518,0.4067480846436793,0.3236298649362463,0.083118219707433,0.2568311170040099,1.0047172300365061,False
c4_drift_aware__dirichlet_a0.5__directional_poisoning__seed42,24,dirichlet_a0.5,directional_poisoning,42,0,True,0.3812749799353617,0.4419907599495848,0.3757582228676838,0.06623253708190102,0.17626370642386066,0.8626311101590708,False
c4_drift_aware__dirichlet_a0.5__sparse_coordinate_attack__seed42,10,dirichlet_a0.5,sparse_coordinate_attack,42,0,True,10.369262255941912,0.3910742080309644,0.3336173232609022,0.05745688477006217,0.172223924730457,26.514820059728656,False
c4_drift_aware__dirichlet_a0.5__sparse_coordinate_attack__seed42,11,dirichlet_a0.5,sparse_coordinate_attack,42,0,True,13.806433941261806,0.350184869389013,0.3113383315635825,0.038846537825430516,0.12477274362696697,39.42612930521715,False
c4_drift_aware__dirichlet_a0.5__sparse_coordinate_attack__seed42,12,dirichlet_a0.5,sparse_coordinate_attack,42,0,True,12.727692116494746,0.2976380968637288,0.2727716159291358,0.024866480934592983,0.09116227452732151,42.762308490105745,False
c4_drift_aware__dirichlet_a0.5__sparse_coordinate_attack__seed42,13,dirichlet_a0.5,sparse_coordinate_attack,42,0,True,11.900102017558018,0.3807985209122576,0.3179018033388791,0.0628967175733785,0.1978495148903935,31.250389284731497,False
c4_drift_aware__dirichlet_a0.5__sparse_coordinate_attack__seed42,14,dirichlet_a0.5,sparse_coordinate_attack,42,0,True,11.830060820716104,0.3866830372710128,0.3331793373795201,0.05350369989149267,0.1605852881283191,30.593689612572334,False
c4_drift_aware__dirichlet_a0.5__sparse_coordinate_attack__seed42,15,dirichlet_a0.5,sparse_coordinate_attack,42,0,True,14.11965021850346,0.4380538496653354,0.3829355457238972,0.055118303941438185,0.14393624346688197,32.232681505460114,False
c4_drift_aware__dirichlet_a0.5__sparse_coordinate_attack__seed42,16,dirichlet_a0.5,sparse_coordinate_attack,42,0,True,15.637206693880913,0.3887273900977073,0.3065413906683085,0.0821859994293988,0.268107348408058,40.22666550445667,False
c4_drift_aware__dirichlet_a0.5__sparse_coordinate_attack__seed42,17,dirichlet_a0.5,sparse_coordinate_attack,42,0,True,16.110499520429837,0.410456495671489,0.312516754149479,0.09793974152201002,0.3133903709852456,39.250199936716214,False
c4_drift_aware__dirichlet_a0.5__sparse_coordinate_attack__seed42,18,dirichlet_a0.5,sparse_coordinate_attack,42,0,True,19.31388949927979,0.3467702252078558,0.2814594983110021,0.06531072689685369,0.23204307294219578,55.6965047610502,False
c4_drift_aware__dirichlet_a0.5__sparse_coordinate_attack__seed42,19,dirichlet_a0.5,sparse_coordinate_attack,42,0,True,20.689988059845703,0.3372583757921261,0.2812738552063975,0.05598452058572856,0.19903919098576497,61.34758851059126,False
c4_drift_aware__dirichlet_a0.5__sparse_coordinate_attack__seed42,20,dirichlet_a0.5,sparse_coordinate_attack,42,0,True,23.02762864258915,0.4077421485891352,0.3224571463285745,0.08528500226056074,0.26448476404259247,56.475958451362196,False
c4_drift_aware__dirichlet_a0.5__sparse_coordinate_attack__seed42,21,dirichlet_a0.5,sparse_coordinate_attack,42,0,True,22.986512795964284,0.374969101377473,0.3094384775437042,0.06553062383376884,0.2117727063355057,61.30241855001347,False
c4_drift_aware__dirichlet_a0.5__sparse_coordinate_attack__seed42,22,dirichlet_a0.5,sparse_coordinate_attack,42,0,True,18.47180182079005,0.4904081262474753,0.373271668426308,0.11713645782116733,0.3138102024056847,37.66618216980483,False
c4_drift_aware__dirichlet_a0.5__sparse_coordinate_attack__seed42,23,dirichlet_a0.5,sparse_coordinate_attack,42,0,True,20.13141186406346,0.5263577994423276,0.3826202129833671,0.1437375864589605,0.3756664744348175,38.24662973626029,False
c4_drift_aware__dirichlet_a0.5__sparse_coordinate_attack__seed42,24,dirichlet_a0.5,sparse_coordinate_attack,42,0,True,18.62610255847105,0.5688817010195548,0.4134772864165547,0.15540441460300014,0.3758475246604939,32.74160959139516,False
c4_drift_aware__dirichlet_a0.5__large_norm__seed43,10,dirichlet_a0.5,large_norm,43,0,True,22760.2137409162,0.2617599950456331,0.2341232378116169,0.02763675723401618,0.11804363160334219,86950.69594934997,False
c4_drift_aware__dirichlet_a0.5__large_norm__seed43,11,dirichlet_a0.5,large_norm,43,0,True,22730.91861326016,0.3552113913349846,0.2823941040355124,0.07281728729947218,0.25785696747519576,63992.65104598971,False
c4_drift_aware__dirichlet_a0.5__large_norm__seed43,12,dirichlet_a0.5,large_norm,43,0,True,22774.671349851465,0.6852747387502363,0.4718063319402241,0.21346840681001217,0.45244921985713776,33234.36581273457,False
c4_drift_aware__dirichlet_a0.5__large_norm__seed43,13,dirichlet_a0.5,large_norm,43,0,True,22836.42268843816,0.3850275802841691,0.3087343149967412,0.07629326528742791,0.24711624714678448,59311.13472854014,False
c4_drift_aware__dirichlet_a0.5__large_norm__seed43,14,dirichlet_a0.5,large_norm,43,0,True,22763.62677776373,0.3172174245901981,0.2989114547809191,0.01830596980927901,0.06124211540402823,71760.32907767047,False
c4_drift_aware__dirichlet_a0.5__large_norm__seed43,15,dirichlet_a0.5,large_norm,43,0,True,22809.071102277347,0.2397946079167166,0.2394468932761188,0.00034771464059782375,0.0014521576615189396,95119.19930326038,False
c4_drift_aware__dirichlet_a0.5__large_norm__seed43,16,dirichlet_a0.5,large_norm,43,0,True,22790.55114008978,0.4021280350716801,0.3105067657272262,0.09162126934445392,0.29507012232043056,56674.8626119224,False
c4_drift_aware__dirichlet_a0.5__large_norm__seed43,17,dirichlet_a0.5,large_norm,43,0,True,22836.937841772808,0.4070038979818315,0.3542267884687092,0.05277710951312231,0.14899242866772738,56109.87500368421,False
c4_drift_aware__dirichlet_a0.5__large_norm__seed43,18,dirichlet_a0.5,large_norm,43,0,True,22721.501173112774,0.2775305788805099,0.237030650950004,0.04049992793050591,0.17086367424712687,81870.26188164821,False
c4_drift_aware__dirichlet_a0.5__large_norm__seed43,19,dirichlet_a0.5,large_norm,43,0,True,22685.283127069364,0.5217228194785404,0.3421855019000563,0.17953731757848407,0.5246783296824842,43481.4853407087,False
c4_drift_aware__dirichlet_a0.5__large_norm__seed43,20,dirichlet_a0.5,large_norm,43,0,True,22736.66064855107,0.3602245133270121,0.2728405119750741,0.08738400135193802,0.32027502338040315,63118.02725071825,False
c4_drift_aware__dirichlet_a0.5__large_norm__seed43,21,dirichlet_a0.5,large_norm,43,0,True,22750.67807940674,0.338783926444933,0.2569691554119286,0.08181477103300439,0.31838362429861694,67153.94770390533,False
c4_drift_aware__dirichlet_a0.5__large_norm__seed43,22,dirichlet_a0.5,large_norm,43,0,True,22789.35345132205,0.308954506626923,0.2395116888101021,0.06944281781682088,0.28993498464235257,73762.81284946998,False
c4_drift_aware__dirichlet_a0.5__large_norm__seed43,23,dirichlet_a0.5,large_norm,43,0,True,22802.80988737203,0.2647086783092123,0.2146763578090254,0.05003232050018691,0.23305929451577206,86143.03857743395,False
c4_drift_aware__dirichlet_a0.5__large_norm__seed43,24,dirichlet_a0.5,large_norm,43,0,True,22708.884363748035,0.4636359215576394,0.3006263704346555,0.16300955112298388,0.5422330412574895,48979.993369484546,False
c4_drift_aware__dirichlet_a0.5__directional_poisoning__seed43,10,dirichlet_a0.5,directional_poisoning,43,0,True,0.2153864345226957,0.2918411104434046,0.2583443468163446,0.03349676362706,0.12965936371300837,0.7380263671401586,True
c4_drift_aware__dirichlet_a0.5__directional_poisoning__seed43,11,dirichlet_a0.5,directional_poisoning,43,0,True,0.3188567094848528,0.4065170836414725,0.3400471422644491,0.06646994137702339,0.19547272455926362,0.7843623855327769,False
c4_drift_aware__dirichlet_a0.5__directional_poisoning__seed43,12,dirichlet_a0.5,directional_poisoning,43,0,True,0.2837989445156607,0.4094313640373571,0.3115659250530028,0.09786543898435429,0.31410828693062526,0.6931538945066418,False
c4_drift_aware__dirichlet_a0.5__directional_poisoning__seed43,13,dirichlet_a0.5,directional_poisoning,43,0,True,0.2818913641463765,0.3921638779797614,0.3041150389416058,0.08804883903815558,0.2895247776781672,0.7188101198880031,True
c4_drift_aware__dirichlet_a0.5__directional_poisoning__seed43,14,dirichlet_a0.5,directional_poisoning,43,0,True,0.3442830378537238,0.3870680365439504,0.3228395255605594,0.064228510983391,0.19894872188239163,0.8894638806338934,False
c4_drift_aware__dirichlet_a0.5__directional_poisoning__seed43,15,dirichlet_a0.5,directional_poisoning,43,0,True,0.3001481570953231,0.2856257354928936,0.2699892803182828,0.01563645517461082,0.057915096318555466,1.0508442335469832,False
c4_drift_aware__dirichlet_a0.5__directional_poisoning__seed43,16,dirichlet_a0.5,directional_poisoning,43,0,True,0.3112058523712136,0.3018896940620268,0.2942962973395719,0.007593396722454904,0.025801876513904323,1.0308594777908275,False
c4_drift_aware__dirichlet_a0.5__directional_poisoning__seed43,17,dirichlet_a0.5,directional_poisoning,43,0,True,0.319492354398252,0.3576347365338163,0.2850698731655229,0.07256486336829338,0.2545511476274427,0.8933482174991195,False
c4_drift_aware__dirichlet_a0.5__directional_poisoning__seed43,18,dirichlet_a0.5,directional_poisoning,43,0,True,0.3136916159475835,0.2949814673842614,0.2518500408175565,0.04313142656670488,0.1712583663941109,1.0634282171325329,False
c4_drift_aware__dirichlet_a0.5__directional_poisoning__seed43,19,dirichlet_a0.5,directional_poisoning,43,0,True,0.3261396201793671,0.3810320194538389,0.2881937587209723,0.0928382607328666,0.3221383458992675,0.8559375683094741,False
c4_drift_aware__dirichlet_a0.5__directional_poisoning__seed43,20,dirichlet_a0.5,directional_poisoning,43,0,True,0.3273528252005067,0.2430980443063388,0.2176197213188484,0.025478322987490393,0.11707727053910014,1.3465876541071413,False
c4_drift_aware__dirichlet_a0.5__directional_poisoning__seed43,21,dirichlet_a0.5,directional_poisoning,43,0,True,0.3586785049046545,0.4845506647724118,0.3200230092124801,0.1645276555599317,0.514111957027106,0.7402291049855889,False
c4_drift_aware__dirichlet_a0.5__directional_poisoning__seed43,22,dirichlet_a0.5,directional_poisoning,43,0,True,0.3520213635252459,0.3109230282532353,0.2440514268276838,0.06687160142555151,0.27400618916588926,1.1321817026641638,False
c4_drift_aware__dirichlet_a0.5__directional_poisoning__seed43,23,dirichlet_a0.5,directional_poisoning,43,0,True,0.336030264400632,0.2413455452523646,0.2031899467780339,0.0381555984743307,0.18778290500765837,1.3923201443360378,False
c4_drift_aware__dirichlet_a0.5__directional_poisoning__seed43,24,dirichlet_a0.5,directional_poisoning,43,0,True,0.3604885431121386,0.5135854068445951,0.3358335369008614,0.1777518699437337,0.5292856442631171,0.7019057362375918,False
c4_drift_aware__dirichlet_a0.5__sparse_coordinate_attack__seed43,10,dirichlet_a0.5,sparse_coordinate_attack,43,0,True,5.541224410991768,0.289518786748846,0.2518110987301148,0.0377076880187312,0.14974593339567374,19.13942951066147,False
c4_drift_aware__dirichlet_a0.5__sparse_coordinate_attack__seed43,11,dirichlet_a0.5,sparse_coordinate_attack,43,0,True,7.275742464135222,0.3516088485182278,0.2828209612311865,0.06878788728704133,0.24322061203523032,20.692717190699593,False
c4_drift_aware__dirichlet_a0.5__sparse_coordinate_attack__seed43,12,dirichlet_a0.5,sparse_coordinate_attack,43,0,True,7.526554467496824,0.3615336835582515,0.2930071004632232,0.06852658309502829,0.23387345558074424,20.81840450776178,False
c4_drift_aware__dirichlet_a0.5__sparse_coordinate_attack__seed43,13,dirichlet_a0.5,sparse_coordinate_attack,43,0,True,6.950716514394429,0.3570990203816619,0.2927966030444487,0.0643024173372132,0.21961462895610034,19.46439535724744,False
c4_drift_aware__dirichlet_a0.5__sparse_coordinate_attack__seed43,14,dirichlet_a0.5,sparse_coordinate_attack,43,0,True,7.238063036869834,0.3158032277965577,0.2958361199099268,0.019967107886630864,0.06749381344208492,22.919534696879783,False
c4_drift_aware__dirichlet_a0.5__sparse_coordinate_attack__seed43,15,dirichlet_a0.5,sparse_coordinate_attack,43,0,True,8.67948629811363,0.3140778158242355,0.2680774935089619,0.04600032231527362,0.171593376650755,27.63482761536667,False
c4_drift_aware__dirichlet_a0.5__sparse_coordinate_attack__seed43,16,dirichlet_a0.5,sparse_coordinate_attack,43,0,True,11.074603642933017,0.3395605250247935,0.2745478155487131,0.0650127094760804,0.2367992232833671,32.61452031894576,False
c4_drift_aware__dirichlet_a0.5__sparse_coordinate_attack__seed43,17,dirichlet_a0.5,sparse_coordinate_attack,43,0,True,12.272911463237596,0.2985860662022813,0.2561729027624026,0.042413163439878665,0.16556459712374957,41.103429973598104,False
c4_drift_aware__dirichlet_a0.5__sparse_coordinate_attack__seed43,18,dirichlet_a0.5,sparse_coordinate_attack,43,0,True,14.31287846892744,0.3714616645966838,0.2876580888438905,0.08380357575279329,0.29133050313169795,38.53123978343152,False
c4_drift_aware__dirichlet_a0.5__sparse_coordinate_attack__seed43,19,dirichlet_a0.5,sparse_coordinate_attack,43,0,True,14.452748787655732,0.361330000526776,0.2788824819963577,0.08244751853041832,0.295635344107039,39.99875118751654,False
c4_drift_aware__dirichlet_a0.5__sparse_coordinate_attack__seed43,20,dirichlet_a0.5,sparse_coordinate_attack,43,0,True,16.192148166449147,0.3379195530634213,0.2579729624005615,0.0799465906628598,0.3099029833162307,47.91716850847686,False
c4_drift_aware__dirichlet_a0.5__sparse_coordinate_attack__seed43,21,dirichlet_a0.5,sparse_coordinate_attack,43,0,True,17.986313307187558,0.3305429911143165,0.2532009750003402,0.07734201611397629,0.30545702327517643,54.41444468857937,False
c4_drift_aware__dirichlet_a0.5__sparse_coordinate_attack__seed43,22,dirichlet_a0.5,sparse_coordinate_attack,43,0,True,16.87585917915386,0.2593586519013758,0.2137815891983956,0.0455770627029802,0.2131945172354545,65.06765459889537,False
c4_drift_aware__dirichlet_a0.5__sparse_coordinate_attack__seed43,23,dirichlet_a0.5,sparse_coordinate_attack,43,0,True,17.234324751954002,0.5023623350394459,0.3221677847244399,0.18019455031500603,0.5593189600540973,34.30656231542667,False
c4_drift_aware__dirichlet_a0.5__sparse_coordinate_attack__seed43,24,dirichlet_a0.5,sparse_coordinate_attack,43,0,True,15.999532412225433,0.3585053540862171,0.2585788098507838,0.09992654423543329,0.3864452168106782,44.62843366176813,False
c4_drift_aware__dirichlet_a0.5__large_norm__seed44,10,dirichlet_a0.5,large_norm,44,0,True,22718.323150319426,0.4117394846539216,0.3388519522386535,0.07288753241526807,0.21510140913673523,55176.450151276615,False
c4_drift_aware__dirichlet_a0.5__large_norm__seed44,11,dirichlet_a0.5,large_norm,44,0,True,22702.498596655834,0.7270442882887644,0.4525810172083296,0.27446327108043483,0.6064400861826147,31225.743688999246,False
c4_drift_aware__dirichlet_a0.5__large_norm__seed44,12,dirichlet_a0.5,large_norm,44,0,True,22690.01193147701,0.4627521267955342,0.4211294827181101,0.041622644077424054,0.09883574004075332,49032.75558904677,False
c4_drift_aware__dirichlet_a0.5__large_norm__seed44,13,dirichlet_a0.5,large_norm,44,0,True,22746.438441581784,0.5939494931751099,0.4145162834746071,0.1794332097005028,0.43287372982416195,38296.92373333773,False
c4_drift_aware__dirichlet_a0.5__large_norm__seed44,14,dirichlet_a0.5,large_norm,44,0,True,22799.56366928994,0.4226686950288394,0.3808914162100903,0.0417772788187491,0.1096829097238195,53941.926472066465,False
c4_drift_aware__dirichlet_a0.5__large_norm__seed44,15,dirichlet_a0.5,large_norm,44,0,True,22750.58533073199,0.3016729497592867,0.2529404876360021,0.04873246212328464,0.19266374702896058,75414.73423084608,False
c4_drift_aware__dirichlet_a0.5__large_norm__seed44,16,dirichlet_a0.5,large_norm,44,0,True,22663.45730408429,0.8088564538179748,0.5636568432157139,0.24519961060226092,0.43501576101405015,28019.133923093454,False
c4_drift_aware__dirichlet_a0.5__large_norm__seed44,17,dirichlet_a0.5,large_norm,44,0,True,22781.13223082157,0.6827592457620794,0.4539357977305684,0.22882344803151095,0.5040876907604632,33366.27423535484,False
c4_drift_aware__dirichlet_a0.5__large_norm__seed44,18,dirichlet_a0.5,large_norm,44,0,True,22748.861500856943,0.8289078813156319,0.5345049141422606,0.2944029671733712,0.5507956229847022,27444.378336408437,False
c4_drift_aware__dirichlet_a0.5__large_norm__seed44,19,dirichlet_a0.5,large_norm,44,0,True,22741.198535096435,0.4710428931324205,0.3700954112001438,0.1009474819322767,0.27276069596465585,48278.40280928172,False
c4_drift_aware__dirichlet_a0.5__large_norm__seed44,20,dirichlet_a0.5,large_norm,44,0,True,22773.499881258213,0.635606016219286,0.4244131445674688,0.21119287165181722,0.49761152394808533,35829.585152009146,False
c4_drift_aware__dirichlet_a0.5__large_norm__seed44,21,dirichlet_a0.5,large_norm,44,0,True,22793.41866340429,0.4894814764269403,0.3912045863186795,0.0982768901082608,0.25121609905719094,46566.45810131371,False
c4_drift_aware__dirichlet_a0.5__large_norm__seed44,22,dirichlet_a0.5,large_norm,44,0,True,22749.18102568306,0.4348767257771057,0.3523545029377327,0.082522222839373,0.2342022654779472,52311.792462637015,False
c4_drift_aware__dirichlet_a0.5__large_norm__seed44,23,dirichlet_a0.5,large_norm,44,0,True,22798.169080451225,0.4350090547192149,0.3626094047063402,0.07239965001287474,0.19966291296693672,52408.493186806765,False
c4_drift_aware__dirichlet_a0.5__large_norm__seed44,24,dirichlet_a0.5,large_norm,44,0,True,22723.84570331452,0.3629774954922274,0.3285927478346214,0.03438474765760602,0.1046424423064615,62604.007095533874,False
c4_drift_aware__dirichlet_a0.5__directional_poisoning__seed44,10,dirichlet_a0.5,directional_poisoning,44,0,True,0.2216314411228725,0.2907442682537455,0.3151512372415759,-0.024406968987830402,-0.07744525835106113,0.762289975496421,True
c4_drift_aware__dirichlet_a0.5__directional_poisoning__seed44,11,dirichlet_a0.5,directional_poisoning,44,0,True,0.3056029658647265,0.2722571434581549,0.2501991591195311,0.02205798433862377,0.08816170452469708,1.122479145939092,False
c4_drift_aware__dirichlet_a0.5__directional_poisoning__seed44,12,dirichlet_a0.5,directional_poisoning,44,0,True,0.2854134431059312,0.2893686617586987,0.2791356156997058,0.01023304605899289,0.03665976494379565,0.9863315584046703,False
c4_drift_aware__dirichlet_a0.5__directional_poisoning__seed44,13,dirichlet_a0.5,directional_poisoning,44,0,True,0.2843680800918868,0.3604828255146098,0.2814011462766557,0.07908167923795412,0.2810282768365344,0.7888533377032183,False
c4_drift_aware__dirichlet_a0.5__directional_poisoning__seed44,14,dirichlet_a0.5,directional_poisoning,44,0,True,0.2861345064715438,0.3450587721577749,0.274390864347922,0.07066790780985294,0.2575446816634809,0.8292341176612994,False
c4_drift_aware__dirichlet_a0.5__directional_poisoning__seed44,15,dirichlet_a0.5,directional_poisoning,44,0,True,0.2852749045981888,0.3315830224188054,0.2742472168086073,0.057335805610198076,0.2090661348450869,0.8603423134187879,False
c4_drift_aware__dirichlet_a0.5__directional_poisoning__seed44,16,dirichlet_a0.5,directional_poisoning,44,0,True,0.2905203247670396,0.2677980152286606,0.2415583678781049,0.0262396473505557,0.10862653022973207,1.0848486853757204,False
c4_drift_aware__dirichlet_a0.5__directional_poisoning__seed44,17,dirichlet_a0.5,directional_poisoning,44,0,True,0.2959354695624134,0.2329767890359493,0.2189162614426919,0.014060527593257377,0.06422788101987642,1.270235849618261,False
c4_drift_aware__dirichlet_a0.5__directional_poisoning__seed44,18,dirichlet_a0.5,directional_poisoning,44,0,True,0.3112490860400136,0.3401085593865064,0.2672348134294154,0.07287374595709101,0.2726955557245879,0.9151462891773439,False
c4_drift_aware__dirichlet_a0.5__directional_poisoning__seed44,19,dirichlet_a0.5,directional_poisoning,44,0,True,0.3036788127787558,0.400819303560421,0.2948815551251217,0.1059377484352993,0.3592552555223356,0.7576451784662565,False
c4_drift_aware__dirichlet_a0.5__directional_poisoning__seed44,20,dirichlet_a0.5,directional_poisoning,44,0,True,0.3376883008126569,0.3679922172218025,0.3361757768617672,0.03181644036003528,0.0946422751128733,0.9176506594679411,False
c4_drift_aware__dirichlet_a0.5__directional_poisoning__seed44,21,dirichlet_a0.5,directional_poisoning,44,0,True,0.3216230440188131,0.4592154521105082,0.3534263867054569,0.10578906540505129,0.29932418569871855,0.7003750473566728,False
c4_drift_aware__dirichlet_a0.5__directional_poisoning__seed44,22,dirichlet_a0.5,directional_poisoning,44,0,True,0.3144007389047408,0.4961486697882726,0.3816425535823768,0.11450611620589579,0.30003498071967455,0.6336825190701585,False
c4_drift_aware__dirichlet_a0.5__directional_poisoning__seed44,23,dirichlet_a0.5,directional_poisoning,44,0,True,0.3094658595272329,0.4213855363410405,0.3606529296398107,0.06073260670122976,0.16839626607742877,0.7344007632876428,False
c4_drift_aware__dirichlet_a0.5__directional_poisoning__seed44,24,dirichlet_a0.5,directional_poisoning,44,0,True,0.3144372631757064,0.4143213617942545,0.3816429388283205,0.032678422965933984,0.08562564544298866,0.7589211954073732,False
c4_drift_aware__dirichlet_a0.5__sparse_coordinate_attack__seed44,10,dirichlet_a0.5,sparse_coordinate_attack,44,0,True,6.8544162643538975,0.4062434858982716,0.3118598251158424,0.09438366078242916,0.30264770637695865,16.8726798146625,False
c4_drift_aware__dirichlet_a0.5__sparse_coordinate_attack__seed44,11,dirichlet_a0.5,sparse_coordinate_attack,44,0,True,8.944715161190016,0.3294466544236663,0.2719918854558767,0.05745476896778956,0.21123707007468806,27.15072392171623,False
c4_drift_aware__dirichlet_a0.5__sparse_coordinate_attack__seed44,12,dirichlet_a0.5,sparse_coordinate_attack,44,0,True,9.913166780333045,0.3262609415473418,0.273549609916019,0.0527113316313228,0.19269386510002856,30.38416653038011,False
c4_drift_aware__dirichlet_a0.5__sparse_coordinate_attack__seed44,13,dirichlet_a0.5,sparse_coordinate_attack,44,0,True,10.101243579664194,0.3288552191769909,0.2684523663787855,0.0604028527982054,0.22500398716164471,30.716385176869196,False
c4_drift_aware__dirichlet_a0.5__sparse_coordinate_attack__seed44,14,dirichlet_a0.5,sparse_coordinate_attack,44,0,True,9.548104638286494,0.3635206710104564,0.2864974951153654,0.077023175895091,0.2688441511995618,26.265644294026544,False
c4_drift_aware__dirichlet_a0.5__sparse_coordinate_attack__seed44,15,dirichlet_a0.5,sparse_coordinate_attack,44,0,True,9.263472505751508,0.3700825186061369,0.2911413758694126,0.07894114273672431,0.27114367547720963,25.030829720466286,False
c4_drift_aware__dirichlet_a0.5__sparse_coordinate_attack__seed44,16,dirichlet_a0.5,sparse_coordinate_attack,44,0,True,12.38664635088172,0.2489866673803684,0.2323397080012361,0.016646959379132298,0.07164922226313435,49.74823142621956,False
c4_drift_aware__dirichlet_a0.5__sparse_coordinate_attack__seed44,17,dirichlet_a0.5,sparse_coordinate_attack,44,0,True,12.665186042398773,0.2817013957448709,0.2435610716576396,0.03814032408723131,0.15659449939045705,44.959614093887126,False
c4_drift_aware__dirichlet_a0.5__sparse_coordinate_attack__seed44,18,dirichlet_a0.5,sparse_coordinate_attack,44,0,True,13.964619029845483,0.3813550062416958,0.2888241604955924,0.09253084574610343,0.32037086366781115,36.61842325729156,False
c4_drift_aware__dirichlet_a0.5__sparse_coordinate_attack__seed44,19,dirichlet_a0.5,sparse_coordinate_attack,44,0,True,13.859918567086778,0.4281569901659046,0.3261029247174066,0.10205406544849799,0.3129504757951366,32.37111359951466,False
c4_drift_aware__dirichlet_a0.5__sparse_coordinate_attack__seed44,20,dirichlet_a0.5,sparse_coordinate_attack,44,0,True,12.900683839917535,0.3854508831740352,0.3344756803678307,0.05097520280620449,0.15240331599040585,33.469073241408914,False
c4_drift_aware__dirichlet_a0.5__sparse_coordinate_attack__seed44,21,dirichlet_a0.5,sparse_coordinate_attack,44,0,True,13.528032490412572,0.4617308188875187,0.3752564860639656,0.0864743328235531,0.23044060805071023,29.29852619109687,False
c4_drift_aware__dirichlet_a0.5__sparse_coordinate_attack__seed44,22,dirichlet_a0.5,sparse_coordinate_attack,44,0,True,12.949108539505607,0.3610248617748495,0.3116966732923759,0.04932818848247361,0.1582570258496249,35.867636582826876,False
c4_drift_aware__dirichlet_a0.5__sparse_coordinate_attack__seed44,23,dirichlet_a0.5,sparse_coordinate_attack,44,0,True,13.677462071872045,0.4608866135928541,0.3687306948110063,0.09215591878184781,0.24992744048358254,29.67641426000425,False
c4_drift_aware__dirichlet_a0.5__sparse_coordinate_attack__seed44,24,dirichlet_a0.5,sparse_coordinate_attack,44,0,True,14.88150883962481,0.481426675276439,0.3554463769551912,0.1259802983212478,0.35442842152567305,30.91126770464003,False
c4_drift_aware__dirichlet_a0.1__large_norm__seed43,10,dirichlet_a0.1,large_norm,43,0,True,22758.939150910144,0.3845285868308217,0.3591834538332242,0.025345132997597497,0.07056319751679244,59186.59868303428,False
c4_drift_aware__dirichlet_a0.1__large_norm__seed43,11,dirichlet_a0.1,large_norm,43,0,True,22736.460815651,0.8039061476403162,0.6106765808185785,0.19322956682173775,0.31641882608749156,28282.481583688237,False
c4_drift_aware__dirichlet_a0.1__large_norm__seed43,12,dirichlet_a0.1,large_norm,43,0,True,22826.3114852745,0.5823297615965639,0.4020402404916743,0.1802895211048896,0.4484365069635937,39198.25671058264,False
c4_drift_aware__dirichlet_a0.1__large_norm__seed43,13,dirichlet_a0.1,large_norm,43,0,True,22814.96124314462,1.684177421923251,0.9298955931809544,0.7542818287422967,0.811146793547086,13546.649507443824,False
c4_drift_aware__dirichlet_a0.1__large_norm__seed43,14,dirichlet_a0.1,large_norm,43,0,True,22736.567684969275,0.7279856514932034,0.4883836257876615,0.2396020257055419,0.4906020862577314,31232.164587768046,False
c4_drift_aware__dirichlet_a0.1__large_norm__seed43,15,dirichlet_a0.1,large_norm,43,0,True,22802.952063821827,0.823683409003928,0.7200358107703795,0.10364759823354852,0.14394783798691077,27684.12209661623,False
c4_drift_aware__dirichlet_a0.1__large_norm__seed43,16,dirichlet_a0.1,large_norm,43,0,True,22814.330923788537,0.6493910174944167,0.5235571350775947,0.12583388241682203,0.24034412671727337,35131.885580762115,False
c4_drift_aware__dirichlet_a0.1__large_norm__seed43,17,dirichlet_a0.1,large_norm,43,0,True,22806.599345012277,0.8964508441390082,0.7397304308483701,0.15672041329063813,0.21186151975781387,25440.992659130978,False
c4_drift_aware__dirichlet_a0.1__large_norm__seed43,18,dirichlet_a0.1,large_norm,43,0,True,22716.970666571124,0.5766814320714282,0.5023997501209132,0.07428168195051499,0.1478537398409086,39392.58211413574,False
c4_drift_aware__dirichlet_a0.1__large_norm__seed43,19,dirichlet_a0.1,large_norm,43,0,True,22745.40385416123,0.5428221498736057,0.4206118942232483,0.12221025565035737,0.2905534943942688,41902.129195460104,False
c4_drift_aware__dirichlet_a0.1__large_norm__seed43,20,dirichlet_a0.1,large_norm,43,0,True,22715.53209217586,1.0484515991311534,0.7311180072403656,0.3173335918907878,0.4340388128156989,21665.789923922202,False
c4_drift_aware__dirichlet_a0.1__large_norm__seed43,21,dirichlet_a0.1,large_norm,43,0,True,22732.738811364583,0.56248183535287,0.4784136998404654,0.08406813551240461,0.17572267587746432,40415.062998618116,False
c4_drift_aware__dirichlet_a0.1__large_norm__seed43,22,dirichlet_a0.1,large_norm,43,0,True,22820.103707196347,0.5962472046229832,0.4690826980002991,0.12716450662268408,0.2710918717846272,38272.89005342318,False
c4_drift_aware__dirichlet_a0.1__large_norm__seed43,23,dirichlet_a0.1,large_norm,43,0,True,22782.42474128539,0.568198818359928,0.434350335355076,0.13384848300485203,0.30815789032471347,40095.867863726824,False
c4_drift_aware__dirichlet_a0.1__large_norm__seed43,24,dirichlet_a0.1,large_norm,43,0,True,22644.78832012465,0.5478355006274676,0.4155184959883815,0.13231700463908608,0.3184383027868532,41335.014423468856,False
c4_drift_aware__dirichlet_a0.1__directional_poisoning__seed43,10,dirichlet_a0.1,directional_poisoning,43,0,True,0.2818460761472939,0.3562420130950387,0.3298185216129905,0.0264234914820482,0.08011524444662195,0.7911646178355236,True
c4_drift_aware__dirichlet_a0.1__directional_poisoning__seed43,11,dirichlet_a0.1,directional_poisoning,43,0,True,0.4057873594445582,0.4973572400167165,0.4216522836192247,0.07570495639749181,0.17954357023204828,0.8158871064808857,False
c4_drift_aware__dirichlet_a0.1__directional_poisoning__seed43,12,dirichlet_a0.1,directional_poisoning,43,0,True,0.3844883887391248,0.3055205768754666,0.2877999304633065,0.01772064641216009,0.06157279601712556,1.258469700048538,False
c4_drift_aware__dirichlet_a0.1__directional_poisoning__seed43,13,dirichlet_a0.1,directional_poisoning,43,0,True,0.3769021629303719,0.3438421524271766,0.3134335310251093,0.030408621402067293,0.0970177673799401,1.0961488004592375,False
c4_drift_aware__dirichlet_a0.1__directional_poisoning__seed43,14,dirichlet_a0.1,directional_poisoning,43,0,True,0.3886573382209829,0.338008769670642,0.3108892977005008,0.027119471970141196,0.0872319252246087,1.1498439481309708,False
c4_drift_aware__dirichlet_a0.1__directional_poisoning__seed43,15,dirichlet_a0.1,directional_poisoning,43,0,True,0.4117829401378451,0.4315970243651826,0.3637383440557579,0.06785868030942471,0.18655905108267215,0.9540912399558797,False
c4_drift_aware__dirichlet_a0.1__directional_poisoning__seed43,16,dirichlet_a0.1,directional_poisoning,43,0,True,0.4161859617356389,0.5099648571539142,0.387151568943778,0.12281328821013615,0.31722275734331595,0.8161071413005787,False
c4_drift_aware__dirichlet_a0.1__directional_poisoning__seed43,17,dirichlet_a0.1,directional_poisoning,43,0,True,0.4186237062880843,0.48793063922412,0.415546867183555,0.07238377204056501,0.17418918961213517,0.8579574075400477,False
c4_drift_aware__dirichlet_a0.1__directional_poisoning__seed43,18,dirichlet_a0.1,directional_poisoning,43,0,True,0.4329428321591916,0.4591627091287714,0.3953248644069731,0.06383784472179826,0.16148198727029583,0.9428963274928617,False
c4_drift_aware__dirichlet_a0.1__directional_poisoning__seed43,19,dirichlet_a0.1,directional_poisoning,43,0,True,0.434408786340471,0.6443767862081882,0.4616058830910635,0.18277090311712468,0.3959457836482307,0.6741533767793432,False
c4_drift_aware__dirichlet_a0.1__directional_poisoning__seed43,20,dirichlet_a0.1,directional_poisoning,43,0,True,0.4215691492502704,0.4368781213693083,0.3713790511021115,0.06549907026719681,0.17636716468745486,0.9649582540982942,False
c4_drift_aware__dirichlet_a0.1__directional_poisoning__seed43,21,dirichlet_a0.1,directional_poisoning,43,0,True,0.4250977145104992,0.3697564537939796,0.3515825727871055,0.018173881006874115,0.051691643481655114,1.1496694923068322,False
c4_drift_aware__dirichlet_a0.1__directional_poisoning__seed43,22,dirichlet_a0.1,directional_poisoning,43,0,True,0.4366604386003284,0.4706783620168342,0.4183711167391621,0.05230724527767211,0.12502594750173351,0.927725754651774,False
c4_drift_aware__dirichlet_a0.1__directional_poisoning__seed43,23,dirichlet_a0.1,directional_poisoning,43,0,True,0.4301645969858015,0.5661380776068581,0.4101729780568103,0.15596509955004778,0.38024225849525883,0.7598227605607544,False
c4_drift_aware__dirichlet_a0.1__directional_poisoning__seed43,24,dirichlet_a0.1,directional_poisoning,43,0,True,0.428831584764581,0.5549731765566284,0.4409343258952328,0.11403885066139557,0.2586300135056655,0.772706867429698,False
c4_drift_aware__dirichlet_a0.1__sparse_coordinate_attack__seed43,10,dirichlet_a0.1,sparse_coordinate_attack,43,0,True,8.790516117793398,0.3929457257000862,0.3316731200641225,0.061272605635963706,0.18473792999600888,22.370814957032298,False
c4_drift_aware__dirichlet_a0.1__sparse_coordinate_attack__seed43,11,dirichlet_a0.1,sparse_coordinate_attack,43,0,True,11.69176591594324,0.3826141088390682,0.3253857516416821,0.057228357197386115,0.17587849777886566,30.557592221098485,False
c4_drift_aware__dirichlet_a0.1__sparse_coordinate_attack__seed43,12,dirichlet_a0.1,sparse_coordinate_attack,43,0,True,12.092373600188056,0.2920291709818913,0.2831276507837331,0.008901520198158208,0.03143995358107086,41.40810166165867,False
c4_drift_aware__dirichlet_a0.1__sparse_coordinate_attack__seed43,13,dirichlet_a0.1,sparse_coordinate_attack,43,0,True,12.297887579479903,0.3081763340843448,0.2970074128259722,0.0111689212583726,0.03760485690273626,39.905360079058156,False
c4_drift_aware__dirichlet_a0.1__sparse_coordinate_attack__seed43,14,dirichlet_a0.1,sparse_coordinate_attack,43,0,True,12.934144649286129,0.4314221205056217,0.3609456029935113,0.07047651751211037,0.19525523216687396,29.980253757335074,False
c4_drift_aware__dirichlet_a0.1__sparse_coordinate_attack__seed43,15,dirichlet_a0.1,sparse_coordinate_attack,43,0,True,14.122847444431567,0.504126908265583,0.4062736270472441,0.09785328121833892,0.24085560741298107,28.014468604781158,False
c4_drift_aware__dirichlet_a0.1__sparse_coordinate_attack__seed43,16,dirichlet_a0.1,sparse_coordinate_attack,43,0,True,15.13270982362414,0.4365692294537199,0.3841673117740822,0.0524019176796377,0.1364038950571978,34.66279527432507,False
c4_drift_aware__dirichlet_a0.1__sparse_coordinate_attack__seed43,17,dirichlet_a0.1,sparse_coordinate_attack,43,0,True,14.46314745195918,0.5915024045770888,0.4931269386228012,0.09837546595428759,0.19949318978401254,24.451544643001093,False
c4_drift_aware__dirichlet_a0.1__sparse_coordinate_attack__seed43,18,dirichlet_a0.1,sparse_coordinate_attack,43,0,True,16.175728353058375,0.4100320873788888,0.3973062917817462,0.012725795597142597,0.03203018895087951,39.44990855828131,False
c4_drift_aware__dirichlet_a0.1__sparse_coordinate_attack__seed43,19,dirichlet_a0.1,sparse_coordinate_attack,43,0,True,16.676032452715642,0.4474104091865237,0.4202501249225909,0.0271602842639328,0.06462885470631487,37.272339020980326,False
c4_drift_aware__dirichlet_a0.1__sparse_coordinate_attack__seed43,20,dirichlet_a0.1,sparse_coordinate_attack,43,0,True,17.541272847742533,0.408157883839961,0.3879401986552647,0.0202176851846963,0.05211546845307037,42.97668510703196,False
c4_drift_aware__dirichlet_a0.1__sparse_coordinate_attack__seed43,21,dirichlet_a0.1,sparse_coordinate_attack,43,0,True,18.761721632386312,0.419978383592783,0.3975125432499942,0.022465840342788812,0.056516053956717854,44.673065008455154,False
c4_drift_aware__dirichlet_a0.1__sparse_coordinate_attack__seed43,22,dirichlet_a0.1,sparse_coordinate_attack,43,0,True,18.202379763387967,0.5285918211593896,0.3957043046351383,0.13288751652425135,0.3358252992642603,34.43560614211488,False
c4_drift_aware__dirichlet_a0.1__sparse_coordinate_attack__seed43,23,dirichlet_a0.1,sparse_coordinate_attack,43,0,True,18.25515231735923,0.525956673632483,0.4182496573499471,0.10770701628253587,0.25751848062464283,34.70847169079783,False
c4_drift_aware__dirichlet_a0.1__sparse_coordinate_attack__seed43,24,dirichlet_a0.1,sparse_coordinate_attack,43,0,True,20.67459662990567,0.6169044768027903,0.4882947999770141,0.12860967682577618,0.2633853091039068,33.51344885200898,False
c4_drift_aware__dirichlet_a0.1__large_norm__seed44,10,dirichlet_a0.1,large_norm,44,0,True,22744.955504643687,0.5930979623215871,0.4225659094781231,0.17053205284346395,0.4035632052147185,38349.407601422536,False
c4_drift_aware__dirichlet_a0.1__large_norm__seed44,11,dirichlet_a0.1,large_norm,44,0,True,22689.187447709424,0.9881022230343052,0.6590464251497694,0.32905579788453576,0.49929077122261495,22962.38882859157,False
c4_drift_aware__dirichlet_a0.1__large_norm__seed44,12,dirichlet_a0.1,large_norm,44,0,True,22685.10172358024,0.5082135521386615,0.3806635148162758,0.12755003732238568,0.3350729249267471,44636.94765343608,False
c4_drift_aware__dirichlet_a0.1__large_norm__seed44,13,dirichlet_a0.1,large_norm,44,0,True,22822.79352848525,0.8216391383631528,0.6026988280717767,0.21894031029137617,0.36326652731652914,27777.14992247351,False
c4_drift_aware__dirichlet_a0.1__large_norm__seed44,14,dirichlet_a0.1,large_norm,44,0,True,22778.881986714,0.7043200006206444,0.4739026442712841,0.23041735634936028,0.4862124302000277,32341.665672764266,False
c4_drift_aware__dirichlet_a0.1__large_norm__seed44,15,dirichlet_a0.1,large_norm,44,0,True,22724.49043962276,0.6546288512780413,0.5321184691482532,0.12251038212978804,0.23023140378097925,34713.54859361517,False
c4_drift_aware__dirichlet_a0.1__large_norm__seed44,16,dirichlet_a0.1,large_norm,44,0,True,22722.18186460466,0.7723681683471271,0.5158848000310777,0.25648336831604934,0.49717178777238324,29418.84815531727,False
c4_drift_aware__dirichlet_a0.1__large_norm__seed44,17,dirichlet_a0.1,large_norm,44,0,True,22755.405986031856,0.6476022209471082,0.5199533271676845,0.12764889377942368,0.24550067690644284,35137.936915584425,False
c4_drift_aware__dirichlet_a0.1__large_norm__seed44,18,dirichlet_a0.1,large_norm,44,0,True,22768.90019324244,0.7185161550802629,0.4829594863043944,0.2355566687758685,0.4877358773472863,31688.779761255344,False
c4_drift_aware__dirichlet_a0.1__large_norm__seed44,19,dirichlet_a0.1,large_norm,44,0,True,22765.432314479305,0.7898084434730542,0.5773605953959988,0.2124478480770554,0.36796388560487425,28823.992073789457,False
c4_drift_aware__dirichlet_a0.1__large_norm__seed44,20,dirichlet_a0.1,large_norm,44,0,True,22807.39888079346,0.4028028871496202,0.3326387679595704,0.07016411919004978,0.2109318755009869,56621.736358909715,False
c4_drift_aware__dirichlet_a0.1__large_norm__seed44,21,dirichlet_a0.1,large_norm,44,0,True,22732.728635147698,1.2400576268197967,0.928354183247808,0.31170344357198865,0.33575918458352527,18331.99372632961,False
c4_drift_aware__dirichlet_a0.1__large_norm__seed44,22,dirichlet_a0.1,large_norm,44,0,True,22771.089168643808,0.792851528761606,0.5353304583653425,0.2575210703962635,0.48105066015226655,28720.496010408275,False
c4_drift_aware__dirichlet_a0.1__large_norm__seed44,23,dirichlet_a0.1,large_norm,44,0,True,22719.283325640336,0.4667427961437072,0.3582544422687993,0.10848835387490785,0.30282486711918766,48676.237776673064,False
c4_drift_aware__dirichlet_a0.1__large_norm__seed44,24,dirichlet_a0.1,large_norm,44,0,True,22801.434635411468,0.4504297988346517,0.3513586152057656,0.09907118362888606,0.2819660009499615,50621.50571388295,False
c4_drift_aware__dirichlet_a0.1__directional_poisoning__seed44,10,dirichlet_a0.1,directional_poisoning,44,0,True,0.272361249995202,0.3223307749909611,0.3960742835421886,-0.07374350855122752,-0.18618605553413212,0.8449743900589066,True
c4_drift_aware__dirichlet_a0.1__directional_poisoning__seed44,11,dirichlet_a0.1,directional_poisoning,44,0,True,0.4155554903241168,0.358026687707118,0.2963010275741161,0.0617256601330019,0.20832077646967317,1.160683000994775,False
c4_drift_aware__dirichlet_a0.1__directional_poisoning__seed44,12,dirichlet_a0.1,directional_poisoning,44,0,True,0.3885330669016524,0.3985931695772233,0.3164835198297062,0.08210964974751711,0.2594436822230073,0.9747609757431585,True
c4_drift_aware__dirichlet_a0.1__directional_poisoning__seed44,13,dirichlet_a0.1,directional_poisoning,44,0,True,0.4949488730672396,0.4767227353685742,0.3637085330437867,0.11301420232478748,0.3107273876117219,1.0382321553944225,False
c4_drift_aware__dirichlet_a0.1__directional_poisoning__seed44,14,dirichlet_a0.1,directional_poisoning,44,0,True,0.4063024275100104,0.5505287953872589,0.3953315592153745,0.15519723617188436,0.39257487178587164,0.7380221178516281,True
c4_drift_aware__dirichlet_a0.1__directional_poisoning__seed44,15,dirichlet_a0.1,directional_poisoning,44,0,True,0.4622146545439151,0.3648865789185818,0.3071096482945407,0.0577769306240411,0.18813127801386684,1.2667351479843012,False
c4_drift_aware__dirichlet_a0.1__directional_poisoning__seed44,16,dirichlet_a0.1,directional_poisoning,44,0,True,0.419832408171861,0.6875188286025213,0.4619595169894633,0.22555931161305803,0.4882664028289794,0.6106485971085758,True
c4_drift_aware__dirichlet_a0.1__directional_poisoning__seed44,17,dirichlet_a0.1,directional_poisoning,44,0,True,0.4728787328543523,0.6077922098704818,0.4321286599681216,0.17566354990236016,0.4065075200411816,0.7780269723350369,False
c4_drift_aware__dirichlet_a0.1__directional_poisoning__seed44,18,dirichlet_a0.1,directional_poisoning,44,0,True,0.3991717783324561,0.6199655767500925,0.44650128961328,0.17346428713681245,0.38849672144743835,0.6438611969795895,True
c4_drift_aware__dirichlet_a0.1__directional_poisoning__seed44,19,dirichlet_a0.1,directional_poisoning,44,0,True,0.4811000241145464,0.6217695954299284,0.4534789531933474,0.16829064223658097,0.37111014976879814,0.7737593276523682,False
c4_drift_aware__dirichlet_a0.1__directional_poisoning__seed44,20,dirichlet_a0.1,directional_poisoning,44,0,True,0.4280828102484024,0.709236528222881,0.4905964457976695,0.2186400824252115,0.4456617741486502,0.6035825753659931,True
c4_drift_aware__dirichlet_a0.1__directional_poisoning__seed44,21,dirichlet_a0.1,directional_poisoning,44,0,True,0.504581540715682,0.6354594564299594,0.4589929133725829,0.17646654305737647,0.3844646353268019,0.7940420676882274,False
c4_drift_aware__dirichlet_a0.1__directional_poisoning__seed44,22,dirichlet_a0.1,directional_poisoning,44,0,True,0.4452787913199623,0.6303757705461571,0.4523251308706697,0.1780506396754874,0.39363419700506586,0.7063704097227167,True
c4_drift_aware__dirichlet_a0.1__directional_poisoning__seed44,23,dirichlet_a0.1,directional_poisoning,44,0,True,0.5273881595589432,0.522065396841225,0.4045679831606156,0.1174974136806094,0.29042687155489094,1.010195586127569,False
c4_drift_aware__dirichlet_a0.1__directional_poisoning__seed44,24,dirichlet_a0.1,directional_poisoning,44,0,True,0.4722645061648061,0.5569262973341309,0.4099602088959686,0.14696608843816228,0.35848866609260693,0.8479838506915907,True
c4_drift_aware__dirichlet_a0.1__sparse_coordinate_attack__seed44,10,dirichlet_a0.1,sparse_coordinate_attack,44,0,True,13.947190907031986,0.6015575036281673,0.4246174087749387,0.1769400948532286,0.4167047586760926,23.185133296338993,False
c4_drift_aware__dirichlet_a0.1__sparse_coordinate_attack__seed44,11,dirichlet_a0.1,sparse_coordinate_attack,44,0,True,18.01104196733789,0.4128647296870845,0.3304440094692624,0.0824207202178221,0.24942416220587832,43.62455950400193,False
c4_drift_aware__dirichlet_a0.1__sparse_coordinate_attack__seed44,12,dirichlet_a0.1,sparse_coordinate_attack,44,0,True,17.970041374235315,0.3009850533436333,0.2798054320179954,0.021179621325637887,0.07569410348072064,59.70409884014738,False
c4_drift_aware__dirichlet_a0.1__sparse_coordinate_attack__seed44,13,dirichlet_a0.1,sparse_coordinate_attack,44,0,True,20.90142318884524,0.5385079870730134,0.3896988179511552,0.1488091691218582,0.38185686552559656,38.81358065356109,False
c4_drift_aware__dirichlet_a0.1__sparse_coordinate_attack__seed44,14,dirichlet_a0.1,sparse_coordinate_attack,44,0,True,19.53369438567796,0.4287347719047388,0.3421766455518945,0.08655812635284432,0.25296327928294254,45.561255269535685,False
c4_drift_aware__dirichlet_a0.1__sparse_coordinate_attack__seed44,15,dirichlet_a0.1,sparse_coordinate_attack,44,0,True,19.72681013679985,0.5795724456392739,0.4174756678138503,0.1620967778254236,0.38827838440084006,34.03683229805894,False
c4_drift_aware__dirichlet_a0.1__sparse_coordinate_attack__seed44,16,dirichlet_a0.1,sparse_coordinate_attack,44,0,True,19.60030583684781,0.5694421080266059,0.4228340769826987,0.14660803104390718,0.34672709467999197,34.42019049973739,False
c4_drift_aware__dirichlet_a0.1__sparse_coordinate_attack__seed44,17,dirichlet_a0.1,sparse_coordinate_attack,44,0,True,20.430360009481223,0.6109952974034661,0.4331244619551779,0.17787083544828824,0.41066910570083504,33.4378351131403,False
c4_drift_aware__dirichlet_a0.1__sparse_coordinate_attack__seed44,18,dirichlet_a0.1,sparse_coordinate_attack,44,0,True,20.61858935023893,0.679151892939553,0.4998854065983028,0.17926648634125025,0.35861516254525305,30.359319563987523,False
c4_drift_aware__dirichlet_a0.1__sparse_coordinate_attack__seed44,19,dirichlet_a0.1,sparse_coordinate_attack,44,0,True,20.144802458958434,0.6923378746473401,0.4962300055068525,0.1961078691404876,0.3951955080591747,29.096779472334518,False
c4_drift_aware__dirichlet_a0.1__sparse_coordinate_attack__seed44,20,dirichlet_a0.1,sparse_coordinate_attack,44,0,True,19.99229408303954,0.7062239381468082,0.4856583428611044,0.2205655952857038,0.454157945658486,28.308717678844225,False
c4_drift_aware__dirichlet_a0.1__sparse_coordinate_attack__seed44,21,dirichlet_a0.1,sparse_coordinate_attack,44,0,True,17.756341852503713,0.8045241754128827,0.5398822513746204,0.26464192403826226,0.49018452331863954,22.070613158878835,False
c4_drift_aware__dirichlet_a0.1__sparse_coordinate_attack__seed44,22,dirichlet_a0.1,sparse_coordinate_attack,44,0,True,19.428818765107568,0.5911201352323221,0.4239082493266738,0.16721188590564828,0.39445301234699687,32.86780065015321,False
c4_drift_aware__dirichlet_a0.1__sparse_coordinate_attack__seed44,23,dirichlet_a0.1,sparse_coordinate_attack,44,0,True,19.57065517333376,0.6703462771745777,0.4940547101141629,0.17629156706041482,0.3568260021641703,29.194844276336585,False
c4_drift_aware__dirichlet_a0.1__sparse_coordinate_attack__seed44,24,dirichlet_a0.1,sparse_coordinate_attack,44,0,True,20.679290668581903,0.4895594416705778,0.3682743464513549,0.12128509521922293,0.3293335427458111,42.24061249440042,False
