seed,partition,attack,round,client_id,is_malicious,norm_score,cosine_score,sign_score,accept_norm_A,accept_cosine_A,accept_sign_A,accept_norm_B,accept_cosine_B,accept_sign_B
43,iid,no_attack,0,0,False,0.06470850117936196,0.9726476615518213,0.8392418572013333,True,True,True,,,
43,iid,no_attack,0,1,False,0.057761943622595395,0.9768519921989864,0.861192327934039,True,True,True,,,
43,iid,no_attack,0,2,False,0.05477614098901786,0.979927926003583,0.8578518800070172,True,True,True,,,
43,iid,no_attack,0,3,False,0.05933990293040865,0.9730959570216762,0.8627346354014385,True,True,True,,,
43,iid,no_attack,0,4,False,0.05997944792113003,0.9762305895667828,0.8654464651189989,True,True,True,,,
43,iid,no_attack,1,0,False,0.04893483243145864,0.9566902883675785,0.829765825100622,True,True,True,,,
43,iid,no_attack,1,1,False,0.04569571567161922,0.9321864584453635,0.8414440785461642,True,True,True,,,
43,iid,no_attack,1,2,False,0.043015378664166624,0.9224699457986956,0.8536864251738017,True,True,True,,,
43,iid,no_attack,1,3,False,0.043472435106274576,0.9143851317411553,0.8774621905110379,True,True,True,,,
43,iid,no_attack,1,4,False,0.05122307135532514,0.959161965741604,0.8613626661788023,True,True,True,,,
43,iid,no_attack,2,0,False,0.0564621834333274,0.9480992242157176,0.8270765919494055,True,True,True,,,
43,iid,no_attack,2,1,False,0.03983068721283816,0.9477102344765663,0.8337473372301296,True,True,True,,,
43,iid,no_attack,2,2,False,0.046101729901944846,0.965453393783283,0.81660978719954,True,True,True,,,
43,iid,no_attack,2,3,False,0.04369287545413907,0.9399564834761298,0.8583295864137926,True,True,True,,,
43,iid,no_attack,2,4,False,0.04541303577854293,0.9074001059199411,0.8559708698504426,True,True,True,,,
43,iid,no_attack,3,0,False,0.03827743397978907,0.936467610694715,0.849995312353511,True,True,True,,,
43,iid,no_attack,3,1,False,0.04128028771880485,0.8325316344555743,0.8350651582861964,True,True,True,,,
43,iid,no_attack,3,2,False,0.0380588171767087,0.9339457799741623,0.8510578455576737,True,True,True,,,
43,iid,no_attack,3,3,False,0.040464822587095724,0.9110211326211022,0.8444560767523985,True,True,True,,,
43,iid,no_attack,3,4,False,0.04111430653733236,0.8293950790573209,0.8245804556392388,True,True,True,,,
43,iid,no_attack,4,0,False,0.03786019546586085,0.877611299052623,0.8416578346345032,True,True,True,,,
43,iid,no_attack,4,1,False,0.039515558796289874,0.9005471128855478,0.8058992999059575,True,True,True,,,
43,iid,no_attack,4,2,False,0.03926940609517549,0.9495677608685302,0.8676613276410264,True,True,True,,,
43,iid,no_attack,4,3,False,0.04070314293444381,0.8822556781857827,0.8501141944440298,True,True,True,,,
43,iid,no_attack,4,4,False,0.03835869830100112,0.9017606100214383,0.7972041020435581,True,True,True,,,
43,iid,no_attack,5,0,False,0.03851438705347092,0.8563493828341091,0.8563815635026215,True,True,True,,,
43,iid,no_attack,5,1,False,0.03908321881478813,0.8966175684877187,0.8537757258001408,True,True,True,,,
43,iid,no_attack,5,2,False,0.03894105424959207,0.8793938752969981,0.8208388762813992,True,True,True,,,
43,iid,no_attack,5,3,False,0.04096211399663741,0.8786696105570188,0.8371077549103999,True,True,True,,,
43,iid,no_attack,5,4,False,0.040529562604907275,0.8505126562996184,0.8304170905391658,True,True,True,,,
43,iid,no_attack,6,0,False,0.043590022237840614,0.9165503911344356,0.8160379127018049,True,True,True,,,
43,iid,no_attack,6,1,False,0.043802211433405465,0.9304107911411524,0.8285605021033451,True,True,True,,,
43,iid,no_attack,6,2,False,0.04783880953145029,0.9680377104708091,0.8516335605395962,True,True,True,,,
43,iid,no_attack,6,3,False,0.04448112228675375,0.9121372946484171,0.8527208512361371,True,True,True,,,
43,iid,no_attack,6,4,False,0.04274915513070136,0.9107036075245907,0.8566126020741007,True,True,True,,,
43,iid,no_attack,7,0,False,0.049414123357165725,0.952165523519165,0.8238631709841473,True,True,True,,,
43,iid,no_attack,7,1,False,0.05020915272656605,0.9276453045478593,0.8460971414530265,True,True,True,,,
43,iid,no_attack,7,2,False,0.05043265029653206,0.9149309586066899,0.8227909366413748,True,True,True,,,
43,iid,no_attack,7,3,False,0.04909240151940755,0.9271142945352503,0.8085168169532163,True,True,True,,,
43,iid,no_attack,7,4,False,0.052134824445325946,0.8669288744554656,0.8099092323844556,True,True,True,,,
43,iid,no_attack,8,0,False,0.05514350167554492,0.9223072887921742,0.8302450332109901,True,True,True,,,
43,iid,no_attack,8,1,False,0.057891658706253825,0.9487806182731787,0.8785012704875403,True,True,True,,,
43,iid,no_attack,8,2,False,0.05898542296683936,0.9666175780453435,0.8469619745308112,True,True,True,,,
43,iid,no_attack,8,3,False,0.05881726733671123,0.9363198827522919,0.841426809516026,True,True,True,,,
43,iid,no_attack,8,4,False,0.05957087654623737,0.9592794113163637,0.8514569743079187,True,True,True,,,
43,iid,no_attack,9,0,False,0.06831273162443408,0.9813501082529608,0.8331778549864477,False,True,True,,,
43,iid,no_attack,9,1,False,0.06538252991325065,0.9564324913879311,0.8463114904619543,False,True,True,,,
43,iid,no_attack,9,2,False,0.06991651539530176,0.9559912973125383,0.8585930556269695,False,True,True,,,
43,iid,no_attack,9,3,False,0.07016422589984794,0.9472178174282092,0.8452317117064178,False,True,True,,,
43,iid,no_attack,9,4,False,0.06939202168055371,0.9594665125582638,0.8339931981283835,False,True,True,,,
43,iid,no_attack,10,0,True,0.08692565415856267,0.9233827336284056,0.841737837232975,False,True,True,,,
43,iid,no_attack,10,1,False,0.08584139744698184,0.9661330579364095,0.8330457633359082,False,True,True,,,
43,iid,no_attack,10,2,False,0.08116683572193124,0.9791696456376429,0.8692868023419508,False,True,True,,,
43,iid,no_attack,10,3,False,0.08313417690452804,0.9701703336005255,0.8787296866088639,False,True,True,,,
43,iid,no_attack,10,4,False,0.08350089048474829,0.9656042772366479,0.8601254719637301,False,True,True,,,
43,iid,no_attack,11,0,True,0.10206259046821342,0.9851076732111093,0.8397370408208591,False,True,True,,,
43,iid,no_attack,11,1,False,0.10067490956554864,0.9735286358866505,0.8874872296006752,False,True,True,,,
43,iid,no_attack,11,2,False,0.10248466187855007,0.9744564937698159,0.877300522660981,False,True,True,,,
43,iid,no_attack,11,3,False,0.10650667779206664,0.976881051680756,0.8615318556685767,False,True,True,,,
43,iid,no_attack,11,4,False,0.09969808660941959,0.9715896523859124,0.8733620574779016,False,True,True,,,
43,iid,no_attack,12,0,True,0.120183916912924,0.9844278495433212,0.8667518063257841,False,True,True,,,
43,iid,no_attack,12,1,False,0.1251191297717854,0.9832504848019928,0.83465091582973,False,True,True,,,
43,iid,no_attack,12,2,False,0.12805056378005006,0.9880794341306443,0.8901073731407512,False,True,True,,,
43,iid,no_attack,12,3,False,0.12753072931858056,0.9863282279504697,0.885838822296411,False,True,True,,,
43,iid,no_attack,12,4,False,0.12258661000359826,0.9767189177554118,0.8532520804847408,False,True,True,,,
43,iid,no_attack,13,0,True,0.15036202793626868,0.9925731953154034,0.8720955963708785,False,True,True,,,
43,iid,no_attack,13,1,False,0.14492892144424188,0.985742900677892,0.8805901962323951,False,True,True,,,
43,iid,no_attack,13,2,False,0.14806007589575357,0.9938171424964455,0.8804260148905338,False,True,True,,,
43,iid,no_attack,13,3,False,0.15295384000339315,0.9919461891491292,0.894745483228519,False,True,True,,,
43,iid,no_attack,13,4,False,0.1463677578008567,0.9878147614068072,0.8719885215827081,False,True,True,,,
43,iid,no_attack,14,0,True,0.15760236594630506,0.985248552215443,0.9043790899671064,False,True,True,,,
43,iid,no_attack,14,1,False,0.16031525339673353,0.9842046942764314,0.8460468577230401,False,True,True,,,
43,iid,no_attack,14,2,False,0.1568587299919463,0.985194656841775,0.8740446601806714,False,True,True,,,
43,iid,no_attack,14,3,False,0.16120293525418586,0.9784779825188056,0.8736274053005278,False,True,True,,,
43,iid,no_attack,14,4,False,0.15729429258848357,0.9843066103496663,0.8655604776177528,False,True,True,,,
43,iid,no_attack,15,0,True,0.15307768198488392,0.9942459282791181,0.8743161458598218,False,True,True,,,
43,iid,no_attack,15,1,False,0.15297675705570374,0.9881215162438145,0.8878079614062875,False,True,True,,,
43,iid,no_attack,15,2,False,0.15910526365380745,0.9871157979644654,0.8786099869949651,False,True,True,,,
43,iid,no_attack,15,3,False,0.15200183246562649,0.9788009699321386,0.8844949469263799,False,True,True,,,
43,iid,no_attack,15,4,False,0.14977014218527898,0.9799508582467286,0.878435617811812,False,True,True,,,
43,iid,no_attack,16,0,True,0.13537318798287507,0.9604705879479347,0.8592070313043236,False,True,True,,,
43,iid,no_attack,16,1,False,0.13277311293037114,0.922669122027459,0.8567246582391144,False,True,True,,,
43,iid,no_attack,16,2,False,0.14000663840136432,0.9688288351595068,0.858928894266205,False,True,True,,,
43,iid,no_attack,16,3,False,0.1392665905814914,0.9397708796208919,0.8642413116942718,False,True,True,,,
43,iid,no_attack,16,4,False,0.1382591813888618,0.9796618342544837,0.8605768562170582,False,True,True,,,
43,iid,no_attack,17,0,True,0.12337523362663569,0.8857176740459464,0.8257002310398179,False,True,True,,,
43,iid,no_attack,17,1,False,0.12063161287096534,0.9635769443992702,0.8531891126822128,False,True,True,,,
43,iid,no_attack,17,2,False,0.1242862324408972,0.9433127560270629,0.8596138235355336,False,True,True,,,
43,iid,no_attack,17,3,False,0.1217295780067588,0.9471492735443894,0.8501571487049976,False,True,True,,,
43,iid,no_attack,17,4,False,0.1180293262026242,0.9489374475702971,0.8405686493537129,False,True,True,,,
43,iid,no_attack,18,0,True,0.11990507552079786,0.9479021994269802,0.8201619659313041,False,True,True,,,
43,iid,no_attack,18,1,False,0.12249585044932342,0.8774528732250413,0.8436390473530937,False,True,True,,,
43,iid,no_attack,18,2,False,0.12370164829331655,0.9305347839931406,0.809051741333227,False,True,True,,,
43,iid,no_attack,18,3,False,0.1174625562911424,0.893940982163428,0.8257137538064654,False,True,True,,,
43,iid,no_attack,18,4,False,0.11440106228122707,0.9573222251491994,0.8134000877647903,False,True,True,,,
43,iid,no_attack,19,0,True,0.1229793272527676,0.8709259255689054,0.8520496202394054,False,True,True,,,
43,iid,no_attack,19,1,False,0.12102188066564262,0.9016315735103667,0.8562616339895922,False,True,True,,,
43,iid,no_attack,19,2,False,0.12197048228194872,0.8954890095045513,0.8399027160695118,False,True,True,,,
43,iid,no_attack,19,3,False,0.12546896042550262,0.912406345760459,0.8429937906765037,False,True,True,,,
43,iid,no_attack,19,4,False,0.1233633877312017,0.9309937696450656,0.8455821410616992,False,True,True,,,
43,iid,no_attack,20,0,True,0.13122103729878687,0.9747250079883574,0.8333650333506044,False,True,True,,,
43,iid,no_attack,20,1,False,0.12600830958512343,0.9482237543799537,0.8256914429629241,False,True,True,,,
43,iid,no_attack,20,2,False,0.12973935564586947,0.9349812975340127,0.8413140859573296,False,True,True,,,
43,iid,no_attack,20,3,False,0.13499448795911279,0.9482403103464607,0.8486269520105463,False,True,True,,,
43,iid,no_attack,20,4,False,0.1277000619816853,0.9420102722783987,0.8637511395609657,False,True,True,,,
43,iid,no_attack,21,0,True,0.13252559144285836,0.9276960492018215,0.856003364126662,False,True,True,,,
43,iid,no_attack,21,1,False,0.12542766758618232,0.9661786584695696,0.8468187643509372,False,True,True,,,
43,iid,no_attack,21,2,False,0.13645163972595234,0.9638263157207486,0.8499425962514017,False,True,True,,,
43,iid,no_attack,21,3,False,0.1343364010565324,0.9370825074359224,0.8443690927537779,False,True,True,,,
43,iid,no_attack,21,4,False,0.1289820385771858,0.963337384131288,0.8399169648101671,False,True,True,,,
43,iid,no_attack,22,0,True,0.1299876588642207,0.9053352553214797,0.8319994815798853,False,True,True,,,
43,iid,no_attack,22,1,False,0.12988118668635878,0.912148320121214,0.839672099277452,False,True,True,,,
43,iid,no_attack,22,2,False,0.12620832169652377,0.8977030875080726,0.8357385866571623,False,True,True,,,
43,iid,no_attack,22,3,False,0.13143492344647953,0.8950276271383949,0.8394971324887406,False,True,True,,,
43,iid,no_attack,22,4,False,0.12560400278939537,0.9311082451985105,0.8328419142662735,False,True,True,,,
43,iid,no_attack,23,0,True,0.12082251133338864,0.9324916370543064,0.8336504937055864,False,True,True,,,
43,iid,no_attack,23,1,False,0.11718557336428913,0.8946413395242271,0.8380485987278099,False,True,True,,,
43,iid,no_attack,23,2,False,0.12211709940553374,0.924416244167642,0.8378090650200942,False,True,True,,,
43,iid,no_attack,23,3,False,0.13176038266878587,0.9139630747742912,0.8375761850264818,False,True,True,,,
43,iid,no_attack,23,4,False,0.11642822651878118,0.9361537028600384,0.8647233385675884,False,True,True,,,
43,iid,no_attack,24,0,True,0.10806863578738705,0.852283734222832,0.8322953021859715,False,True,True,,,
43,iid,no_attack,24,1,False,0.10540086067797315,0.8635538512628531,0.8000424210871367,False,True,True,,,
43,iid,no_attack,24,2,False,0.11042439487457671,0.8160480379070645,0.8092079468836569,False,True,True,,,
43,iid,no_attack,24,3,False,0.10541313453883835,0.9197423088271793,0.801109375703001,False,True,True,,,
43,iid,no_attack,24,4,False,0.10442995497471395,0.7622821891745334,0.8217478773387838,False,True,True,,,
43,iid,large_norm,0,0,False,0.06472797083439655,0.9723829442459883,0.8392332616661115,True,True,True,,,
43,iid,large_norm,0,1,False,0.05779642680342485,0.9767087041903256,0.859840111437483,True,True,True,,,
43,iid,large_norm,0,2,False,0.05475625353181762,0.9797301414926189,0.8626411894740029,True,True,True,,,
43,iid,large_norm,0,3,False,0.059309612577636575,0.973017606947093,0.8744435696332858,True,True,True,,,
43,iid,large_norm,0,4,False,0.05996779674288459,0.9762126762450642,0.8648366290161402,True,True,True,,,
43,iid,large_norm,1,0,False,0.048912139951747854,0.9570789196739307,0.8283583732724644,True,True,True,,,
43,iid,large_norm,1,1,False,0.04567473333786594,0.9323821310337719,0.8402630478021857,True,True,True,,,
43,iid,large_norm,1,2,False,0.04305246171768503,0.9228474118002604,0.8455548297602185,True,True,True,,,
43,iid,large_norm,1,3,False,0.043449378528250975,0.9144970542110276,0.8655476370468774,True,True,True,,,
43,iid,large_norm,1,4,False,0.0512339942987785,0.9584966678130418,0.8469860329250123,True,True,True,,,
43,iid,large_norm,2,0,False,0.0564567377390459,0.9479259786823935,0.8354432315078127,True,True,True,,,
43,iid,large_norm,2,1,False,0.03981355142826353,0.9460166267901424,0.8398694309390575,True,True,True,,,
43,iid,large_norm,2,2,False,0.04610020590496946,0.9651309005266144,0.8181053725957863,True,True,True,,,
43,iid,large_norm,2,3,False,0.04368219943551753,0.9396530485970328,0.8579870348286089,True,True,True,,,
43,iid,large_norm,2,4,False,0.04538268740438136,0.9062117789959395,0.8571614224994649,True,True,True,,,
43,iid,large_norm,3,0,False,0.03829400750568735,0.9361194416800963,0.8406005960689629,True,True,True,,,
43,iid,large_norm,3,1,False,0.04130512759866507,0.8321728239343401,0.8252914324518051,True,True,True,,,
43,iid,large_norm,3,2,False,0.03806632491615204,0.9337497942776114,0.8412645716225903,True,True,True,,,
43,iid,large_norm,3,3,False,0.04049514332181816,0.911147989503601,0.8503565096012374,True,True,True,,,
43,iid,large_norm,3,4,False,0.041116624601273806,0.8291743907687982,0.8158675066963443,True,True,True,,,
43,iid,large_norm,4,0,False,0.03786635356165389,0.8778836783681677,0.8533108831608187,True,True,True,,,
43,iid,large_norm,4,1,False,0.03952482993675076,0.900260882942825,0.8247567466906687,True,True,True,,,
43,iid,large_norm,4,2,False,0.039295543760513404,0.9499663188477248,0.8795993109762721,True,True,True,,,
43,iid,large_norm,4,3,False,0.040757752131200295,0.8825999640662162,0.8471500178463353,True,True,True,,,
43,iid,large_norm,4,4,False,0.03835753080032604,0.9022073971660173,0.8115271807445802,True,True,True,,,
43,iid,large_norm,5,0,False,0.03851149713171337,0.8563311546168615,0.8424296040891631,True,True,True,,,
43,iid,large_norm,5,1,False,0.03908750586284363,0.8966416127469995,0.8384825938360101,True,True,True,,,
43,iid,large_norm,5,2,False,0.03894758939258524,0.8794960239292274,0.8167589147990201,True,True,True,,,
43,iid,large_norm,5,3,False,0.040961909134753054,0.8788089906756353,0.8390345703656655,True,True,True,,,
43,iid,large_norm,5,4,False,0.04052519910240006,0.8507910923485984,0.825719081753017,True,True,True,,,
43,iid,large_norm,6,0,False,0.04357088580656947,0.916592836121372,0.8261889693283732,True,True,True,,,
43,iid,large_norm,6,1,False,0.043780672376394915,0.9303125926422693,0.8358442801352206,True,True,True,,,
43,iid,large_norm,6,2,False,0.0478259633139626,0.9681844420792979,0.854221014772394,True,True,True,,,
43,iid,large_norm,6,3,False,0.044482529892801,0.9117318846616563,0.8535109519472701,True,True,True,,,
43,iid,large_norm,6,4,False,0.042748325456686304,0.910503680338221,0.8569454949600975,True,True,True,,,
43,iid,large_norm,7,0,False,0.04941978091880688,0.9521673017499872,0.8224763366960451,True,True,True,,,
43,iid,large_norm,7,1,False,0.05021135157230834,0.9274310224300544,0.8409145224249184,True,True,True,,,
43,iid,large_norm,7,2,False,0.050435954074256266,0.9147533012591249,0.8124606215102511,True,True,True,,,
43,iid,large_norm,7,3,False,0.04907654125976009,0.9272331673852713,0.8116422731255839,True,True,True,,,
43,iid,large_norm,7,4,False,0.052129016858457264,0.8669313358571804,0.8061238530449077,True,True,True,,,
43,iid,large_norm,8,0,False,0.05513784781382401,0.9224573457414862,0.8358017234128774,True,True,True,,,
43,iid,large_norm,8,1,False,0.05787405173780633,0.9489326056166852,0.8877334903316079,True,True,True,,,
43,iid,large_norm,8,2,False,0.05895153378622044,0.966711936619081,0.8545421181004228,True,True,True,,,
43,iid,large_norm,8,3,False,0.0588036299085654,0.9362795849829504,0.8442582213828591,True,True,True,,,
43,iid,large_norm,8,4,False,0.05961425897323297,0.9593245864442012,0.8557348971992629,True,True,True,,,
43,iid,large_norm,9,0,False,0.06832188478195424,0.9809804492181725,0.8334036362076485,False,True,True,,,
43,iid,large_norm,9,1,False,0.06538984811453254,0.9561683668514169,0.8406031271671754,False,True,True,,,
43,iid,large_norm,9,2,False,0.06992117214888731,0.9557685939343441,0.8527285856253262,False,True,True,,,
43,iid,large_norm,9,3,False,0.07017777161092856,0.94720205327437,0.8393662732088853,False,True,True,,,
43,iid,large_norm,9,4,False,0.06937699627948331,0.959270251388235,0.8293927976492625,False,True,True,,,
43,iid,large_norm,10,0,True,22728.381459733777,0.0012705111259161102,0.7089808145206586,False,False,True,,,
43,iid,large_norm,10,1,False,0.08325929428012134,0.9649040787352815,0.5664446261935496,False,True,True,,,
43,iid,large_norm,10,2,False,0.08254094323668804,0.973574468923203,0.5761408314693102,False,True,True,,,
43,iid,large_norm,10,3,False,0.08433412989452778,0.9682368898541139,0.5780918971650424,False,True,True,,,
43,iid,large_norm,10,4,False,0.08151002428731345,0.9747128026861345,0.5829399998029227,False,True,True,,,
43,iid,large_norm,11,0,True,22705.513682133547,-0.0026375421291037556,0.6957747174095463,False,False,True,,,
43,iid,large_norm,11,1,False,0.10121803932002787,0.9627988623056817,0.6008193889135692,False,True,True,,,
43,iid,large_norm,11,2,False,0.10153527643721483,0.9652429946289205,0.6049656942593415,False,True,True,,,
43,iid,large_norm,11,3,False,0.10885005146337823,0.9726938964393402,0.5997285157214077,False,True,True,,,
43,iid,large_norm,11,4,False,0.10233344393409453,0.9791341343834881,0.6093637395725356,False,True,True,,,
43,iid,large_norm,12,0,True,22749.167123919244,0.0009930633730737635,0.7077891354276533,False,False,True,,,
43,iid,large_norm,12,1,False,0.12356848793491505,0.9844297573654618,0.568142613529951,False,True,True,,,
43,iid,large_norm,12,2,False,0.12826642351450007,0.9859765252433383,0.5862058768445229,False,True,True,,,
43,iid,large_norm,12,3,False,0.12534915453472165,0.9761329608434229,0.5887046693412453,False,True,True,,,
43,iid,large_norm,12,4,False,0.12304010178922305,0.9878922515413461,0.596610119370324,False,True,True,,,
43,iid,large_norm,13,0,True,22732.90536636911,0.0009995431977668254,0.6959441403814368,False,False,True,,,
43,iid,large_norm,13,1,False,0.14855980532104757,0.9839563720068393,0.6059788794425914,False,True,True,,,
43,iid,large_norm,13,2,False,0.15029774648230146,0.9874145785627753,0.6128079256524708,False,True,True,,,
43,iid,large_norm,13,3,False,0.1551716531651996,0.985593997747114,0.6100367184948386,False,True,True,,,
43,iid,large_norm,13,4,False,0.14400446547182508,0.9825061739827465,0.6077158325003217,False,True,True,,,
43,iid,large_norm,14,0,True,22712.973703823238,0.0011027898848689243,0.694676941668235,False,False,True,,,
43,iid,large_norm,14,1,False,0.1588725699484652,0.9767731156258662,0.6201105421119882,False,True,True,,,
43,iid,large_norm,14,2,False,0.16243789938231695,0.9868112356279464,0.58913200669592,False,True,True,,,
43,iid,large_norm,14,3,False,0.15581595508379883,0.9797599566828255,0.6012213120437414,False,True,True,,,
43,iid,large_norm,14,4,False,0.15690338754105915,0.9778339348075364,0.6053567360361342,False,True,True,,,
43,iid,large_norm,15,0,True,22703.91764947991,0.0018696697394213974,0.6889703046664095,False,False,True,,,
43,iid,large_norm,15,1,False,0.1489725304306288,0.9757915423089039,0.6326055356136343,False,True,True,,,
43,iid,large_norm,15,2,False,0.1565021244664365,0.9867738772718427,0.6154439467204604,False,True,True,,,
43,iid,large_norm,15,3,False,0.15430560737598722,0.9853012317531832,0.6106529413509745,False,True,True,,,
43,iid,large_norm,15,4,False,0.14989288799786013,0.9788261975786597,0.6152560641569511,False,True,True,,,
43,iid,large_norm,16,0,True,22723.952431919162,-0.002808864296037614,0.6970742997309701,False,False,True,,,
43,iid,large_norm,16,1,False,0.12982849519477335,0.9164731014692207,0.6186055942395948,False,True,True,,,
43,iid,large_norm,16,2,False,0.14480087936215608,0.8899243844149181,0.5928697183098591,False,True,True,,,
43,iid,large_norm,16,3,False,0.12702681825457154,0.9628078399737908,0.6072460041145751,False,True,True,,,
43,iid,large_norm,16,4,False,0.13105306758208976,0.9585853055644484,0.5923455056179775,False,True,True,,,
43,iid,large_norm,17,0,True,22761.238450596877,0.0008452559849477484,0.685774358720657,False,False,True,,,
43,iid,large_norm,17,1,False,0.1232044281148685,0.9438359396208502,0.6135157196922849,False,True,True,,,
43,iid,large_norm,17,2,False,0.1274336068417047,0.9624904615619675,0.6302817423998812,False,True,True,,,
43,iid,large_norm,17,3,False,0.12954429473136325,0.9307684340495593,0.6070942686818216,False,True,True,,,
43,iid,large_norm,17,4,False,0.12246774033467357,0.9594952373689718,0.6291488361738442,False,True,True,,,
43,iid,large_norm,18,0,True,22760.88202664759,0.0005458587631569608,0.6935010047447652,False,False,True,,,
43,iid,large_norm,18,1,False,0.11734221088324052,0.932183249776542,0.6064708525271676,False,True,True,,,
43,iid,large_norm,18,2,False,0.11911105325800966,0.836487063638529,0.6052266477073551,False,True,True,,,
43,iid,large_norm,18,3,False,0.12584620755461196,0.9075899587097829,0.6127659364369331,False,True,True,,,
43,iid,large_norm,18,4,False,0.11680765941899515,0.8223914003267191,0.5938461234626418,False,True,True,,,
43,iid,large_norm,19,0,True,22779.758161173395,-0.0006618426224653293,0.6812312624298733,False,False,True,,,
43,iid,large_norm,19,1,False,0.11992068825706896,0.9549542926034287,0.6168828598850268,False,True,True,,,
43,iid,large_norm,19,2,False,0.11981621244681133,0.9609126087134992,0.6298594001998674,False,True,True,,,
43,iid,large_norm,19,3,False,0.1272157356557547,0.9279810431235657,0.6384131318828105,False,True,True,,,
43,iid,large_norm,19,4,False,0.12321877679391771,0.9209665789363711,0.6320559628761119,False,True,True,,,
43,iid,large_norm,20,0,True,22735.20217696373,-0.003701303122755132,0.6921388509027488,False,False,True,,,
43,iid,large_norm,20,1,False,0.13328485332718776,0.9462184375231969,0.6081663594744039,False,True,True,,,
43,iid,large_norm,20,2,False,0.12909215903810464,0.9394548903751706,0.62998196484135,False,True,True,,,
43,iid,large_norm,20,3,False,0.13039812155180414,0.9564694691843639,0.6229165427988188,False,True,True,,,
43,iid,large_norm,20,4,False,0.12731893687771534,0.9176665356745154,0.6086221931545672,False,True,True,,,
43,iid,large_norm,21,0,True,22750.610976189277,0.0028776969642462396,0.677201686926321,False,False,True,,,
43,iid,large_norm,21,1,False,0.13446823051212634,0.920670847222503,0.6549094517489457,False,True,True,,,
43,iid,large_norm,21,2,False,0.14152054285583088,0.9326797846121345,0.6337931034482759,False,True,True,,,
43,iid,large_norm,21,3,False,0.14487220282091923,0.9230605090794337,0.6419201190771521,False,True,True,,,
43,iid,large_norm,21,4,False,0.14144256124728657,0.8788225478369759,0.6478888613247333,False,True,True,,,
43,iid,large_norm,22,0,True,22662.816587437203,-0.0023882549417495896,0.6867118774665488,False,False,True,,,
43,iid,large_norm,22,1,False,0.12811375358773922,0.899177783196289,0.5975185099205271,False,True,True,,,
43,iid,large_norm,22,2,False,0.12857750871764254,0.9542210086829161,0.6231977832548813,False,True,True,,,
43,iid,large_norm,22,3,False,0.13296594817912818,0.9497419577799154,0.6194389975254249,False,True,True,,,
43,iid,large_norm,22,4,False,0.12453928371781603,0.9621591511082968,0.6355854765656256,False,True,True,,,
43,iid,large_norm,23,0,True,22750.616771001067,-0.0006822458962795951,0.6875644371217017,False,False,True,,,
43,iid,large_norm,23,1,False,0.11966375893539123,0.9134772941663784,0.641145044569523,False,True,True,,,
43,iid,large_norm,23,2,False,0.1248234589040135,0.8229307303007709,0.6308351050972538,False,True,True,,,
43,iid,large_norm,23,3,False,0.1262585212633634,0.9025314557298737,0.6308104401702866,False,True,True,,,
43,iid,large_norm,23,4,False,0.11782831926446424,0.8779570594373434,0.620702753099148,False,True,True,,,
43,iid,large_norm,24,0,True,22711.175956880605,-0.0013232963869005503,0.6825013261036129,False,False,True,,,
43,iid,large_norm,24,1,False,0.0991985564925463,0.9390942053576622,0.6364560617669593,False,True,True,,,
43,iid,large_norm,24,2,False,0.10663137392154304,0.8870531029621241,0.6275318756016581,False,True,True,,,
43,iid,large_norm,24,3,False,0.10784907182493092,0.8263508577454923,0.6011031217461347,False,True,True,,,
43,iid,large_norm,24,4,False,0.09821252414248155,0.9291118791404924,0.6299925345278089,False,True,True,,,
43,iid,low_norm,0,0,False,0.064735423532214,0.9725252836100186,0.83922841333538,True,True,True,,,
43,iid,low_norm,0,1,False,0.05776193193913833,0.9768525468584165,0.8612371993070631,True,True,True,,,
43,iid,low_norm,0,2,False,0.05477612807749352,0.9799284314428481,0.857823681190565,True,True,True,,,
43,iid,low_norm,0,3,False,0.0593389881935783,0.9730982054065005,0.8626844725127732,True,True,True,,,
43,iid,low_norm,0,4,False,0.05997952240138255,0.9762312964622061,0.8654620675540352,True,True,True,,,
43,iid,low_norm,1,0,False,0.048933280273509794,0.9571367938247758,0.8296832717155163,True,True,True,,,
43,iid,low_norm,1,1,False,0.04571623599297815,0.9318857406848381,0.8416358577581279,True,True,True,,,
43,iid,low_norm,1,2,False,0.04302238060289385,0.9225807809361114,0.8536113122689332,True,True,True,,,
43,iid,low_norm,1,3,False,0.04347488909381462,0.9144948821973665,0.8776155810496626,True,True,True,,,
43,iid,low_norm,1,4,False,0.051237705424372386,0.959138746342352,0.8613027404047718,True,True,True,,,
43,iid,low_norm,2,0,False,0.05645396993742071,0.9480559016719563,0.8274906389126396,True,True,True,,,
43,iid,low_norm,2,1,False,0.039829561403375964,0.9475494240897533,0.8327534864522216,True,True,True,,,
43,iid,low_norm,2,2,False,0.04609863028207784,0.965482353246117,0.8183359377303417,True,True,True,,,
43,iid,low_norm,2,3,False,0.04368449245251251,0.9399781172998619,0.8572028776129964,True,True,True,,,
43,iid,low_norm,2,4,False,0.04541221286663516,0.9072364259122017,0.8558392546510599,True,True,True,,,
43,iid,low_norm,3,0,False,0.03829176113832321,0.9359700494827033,0.8499105587539155,True,True,True,,,
43,iid,low_norm,3,1,False,0.04128525917817314,0.8323881365416386,0.8349828538397244,True,True,True,,,
43,iid,low_norm,3,2,False,0.038051518673887175,0.9338909682757717,0.8511369583727161,True,True,True,,,
43,iid,low_norm,3,3,False,0.04046971277871893,0.9111242834666851,0.8469500144512057,True,True,True,,,
43,iid,low_norm,3,4,False,0.04111015372990325,0.829287626435975,0.8260231063061937,True,True,True,,,
43,iid,low_norm,4,0,False,0.037856976090343976,0.8778818980521556,0.8516890328551596,True,True,True,,,
43,iid,low_norm,4,1,False,0.039519059103460805,0.9006608134390385,0.8058545177710439,True,True,True,,,
43,iid,low_norm,4,2,False,0.03925903573995576,0.9496801875196298,0.8781702019674285,True,True,True,,,
43,iid,low_norm,4,3,False,0.04071100377767616,0.8823324943925299,0.8478303055634339,True,True,True,,,
43,iid,low_norm,4,4,False,0.03835132029225524,0.9017915484925628,0.7965547610873103,True,True,True,,,
43,iid,low_norm,5,0,False,0.038508870685413525,0.8561513862937788,0.8549458805851001,True,True,True,,,
43,iid,low_norm,5,1,False,0.03908793475724777,0.8967746982845071,0.855047623519836,True,True,True,,,
43,iid,low_norm,5,2,False,0.03893984806802762,0.8795834419350722,0.8203924146728965,True,True,True,,,
43,iid,low_norm,5,3,False,0.04097144373055675,0.8788499224106748,0.831998935612375,True,True,True,,,
43,iid,low_norm,5,4,False,0.0405263619442815,0.8502729672272458,0.8322650325186072,True,True,True,,,
43,iid,low_norm,6,0,False,0.04358771942417661,0.916438921256471,0.8133496292186223,True,True,True,,,
43,iid,low_norm,6,1,False,0.04378597301347363,0.9303065574264222,0.8289606874264248,True,True,True,,,
43,iid,low_norm,6,2,False,0.047821270866377,0.9680310733216252,0.8510651060607197,True,True,True,,,
43,iid,low_norm,6,3,False,0.04447512232705903,0.9120572427355017,0.8535769718146168,True,True,True,,,
43,iid,low_norm,6,4,False,0.04274478574070034,0.910489629046913,0.8552715439351564,True,True,True,,,
43,iid,low_norm,7,0,False,0.04941560181771728,0.9521700594692936,0.822080910221375,True,True,True,,,
43,iid,low_norm,7,1,False,0.05019541783825747,0.9275224544920784,0.8468766986604317,True,True,True,,,
43,iid,low_norm,7,2,False,0.05043566426171925,0.9149269486001422,0.8239350097172684,True,True,True,,,
43,iid,low_norm,7,3,False,0.04907850131472928,0.9271442865171766,0.8071959909752265,True,True,True,,,
43,iid,low_norm,7,4,False,0.052138522323038144,0.8669743892150887,0.8113211761990216,True,True,True,,,
43,iid,low_norm,8,0,False,0.05513857729211926,0.9222833901521289,0.8290687825970668,True,True,True,,,
43,iid,low_norm,8,1,False,0.057888538934015674,0.9489539597337354,0.8795375859968202,True,True,True,,,
43,iid,low_norm,8,2,False,0.058980870121183915,0.9664970468926598,0.8508150195396663,True,True,True,,,
43,iid,low_norm,8,3,False,0.058814991760452864,0.9364915552227265,0.8390763607185843,True,True,True,,,
43,iid,low_norm,8,4,False,0.05956956397298838,0.9592718420569911,0.8501983684750145,True,True,True,,,
43,iid,low_norm,9,0,False,0.0683137839580675,0.9813058402023862,0.8343542511310887,False,True,True,,,
43,iid,low_norm,9,1,False,0.06539255610525851,0.95634470208966,0.846627298901228,False,True,True,,,
43,iid,low_norm,9,2,False,0.06991688670020092,0.9560056101625981,0.8589884834596627,False,True,True,,,
43,iid,low_norm,9,3,False,0.07017408274774092,0.9472900354856953,0.8432266878194958,False,True,True,,,
43,iid,low_norm,9,4,False,0.06939086607720064,0.9594639458452132,0.8338915329925377,False,True,True,,,
43,iid,low_norm,10,0,True,0.0008691937518693518,0.9232818830341792,0.8420965190444889,True,True,True,,,
43,iid,low_norm,10,1,False,0.08581841165749592,0.9663419994064758,0.8299901039446976,False,True,True,,,
43,iid,low_norm,10,2,False,0.08118404225130291,0.9790390377862825,0.8722686526195653,False,True,True,,,
43,iid,low_norm,10,3,False,0.08315248499060793,0.9703334505852029,0.8781196050245956,False,True,True,,,
43,iid,low_norm,10,4,False,0.08349483439455872,0.9655042896670852,0.8632610752750309,False,True,True,,,
43,iid,low_norm,11,0,True,0.001015455163562541,0.9849376392283311,0.8371421591489551,True,True,True,,,
43,iid,low_norm,11,1,False,0.10009832056291788,0.9734192612469227,0.8871862067944418,False,True,True,,,
43,iid,low_norm,11,2,False,0.10207315956714003,0.9742290647572086,0.8707886379283541,False,True,True,,,
43,iid,low_norm,11,3,False,0.10596973503987771,0.97674813632942,0.8640889540349864,False,True,True,,,
43,iid,low_norm,11,4,False,0.0991971062215243,0.9710163611976068,0.8769108905027354,False,True,True,,,
43,iid,low_norm,12,0,True,0.0011919894678831529,0.9841755316098155,0.8680333521409316,True,True,True,,,
43,iid,low_norm,12,1,False,0.12406407268859795,0.9827275685475911,0.8323616074227321,False,True,True,,,
43,iid,low_norm,12,2,False,0.12679128920817967,0.9879684461003684,0.8880669271867316,False,True,True,,,
43,iid,low_norm,12,3,False,0.1262198587795567,0.9862963007336799,0.8843820310812975,False,True,True,,,
43,iid,low_norm,12,4,False,0.12147089952193955,0.9763302881047935,0.8533703912677018,False,True,True,,,
43,iid,low_norm,13,0,True,0.0014874043384776618,0.9929913082495812,0.8727110540212659,True,True,True,,,
43,iid,low_norm,13,1,False,0.14362320710092671,0.9856671839410955,0.8789838007564404,False,True,True,,,
43,iid,low_norm,13,2,False,0.1466326519515017,0.9938758411401872,0.8804610004995361,False,True,True,,,
43,iid,low_norm,13,3,False,0.1514449979036607,0.9919174356887752,0.8974309569685293,False,True,True,,,
43,iid,low_norm,13,4,False,0.14504940052956353,0.9877118873247009,0.8728965960179833,False,True,True,,,
43,iid,low_norm,14,0,True,0.0015725082164388896,0.9857400355848993,0.8939530591270424,True,True,True,,,
43,iid,low_norm,14,1,False,0.16001553471654398,0.9844644739846875,0.8512490299305745,False,True,True,,,
43,iid,low_norm,14,2,False,0.15639185156415705,0.9855548091152982,0.8781732631387601,False,True,True,,,
43,iid,low_norm,14,3,False,0.1610610069887646,0.9789566561268337,0.8739504023603275,False,True,True,,,
43,iid,low_norm,14,4,False,0.1568893395646433,0.9849447023020006,0.8704896141395921,False,True,True,,,
43,iid,low_norm,15,0,True,0.001544694455733912,0.9947182141912195,0.8759219466867995,True,True,True,,,
43,iid,low_norm,15,1,False,0.15458271520474975,0.9886451810137832,0.8791596492246937,False,True,True,,,
43,iid,low_norm,15,2,False,0.16037570030254014,0.9876446718735572,0.8799364074568791,False,True,True,,,
43,iid,low_norm,15,3,False,0.15351626437399024,0.9797429808913171,0.8869707880829316,False,True,True,,,
43,iid,low_norm,15,4,False,0.15115619201687566,0.9808206488623377,0.8771052325919043,False,True,True,,,
43,iid,low_norm,16,0,True,0.0013798874281147273,0.9624919433241136,0.862207492915776,True,True,True,,,
43,iid,low_norm,16,1,False,0.1353950185781591,0.9277243701687067,0.8620334333595583,False,True,True,,,
43,iid,low_norm,16,2,False,0.14282296523386154,0.9707761361334748,0.8548969915546303,False,True,True,,,
43,iid,low_norm,16,3,False,0.14192635104448173,0.9451142668243078,0.8658905931253438,False,True,True,,,
43,iid,low_norm,16,4,False,0.14148437160479024,0.9809939229153092,0.8542355652410029,False,True,True,,,
43,iid,low_norm,17,0,True,0.0012764291798171843,0.8982823046240166,0.8275397001051292,True,True,True,,,
43,iid,low_norm,17,1,False,0.12308507413699105,0.9665128640170346,0.8532479389144026,False,True,True,,,
43,iid,low_norm,17,2,False,0.12832259883319572,0.9533620873956948,0.8475764953245173,False,True,True,,,
43,iid,low_norm,17,3,False,0.12304113841658272,0.9541192618033445,0.8509171139268522,False,True,True,,,
43,iid,low_norm,17,4,False,0.1213674047082005,0.9537896966299992,0.8520790682233166,False,True,True,,,
43,iid,low_norm,18,0,True,0.0012033638456091184,0.9511159105942361,0.8290591520288334,True,True,True,,,
43,iid,low_norm,18,1,False,0.12059592026976033,0.8831163775892638,0.8375349030635483,False,True,True,,,
43,iid,low_norm,18,2,False,0.12502871385304562,0.9342082294717493,0.8025097200493758,False,True,True,,,
43,iid,low_norm,18,3,False,0.11717141607941839,0.8961661052942403,0.8327359381085345,False,True,True,,,
43,iid,low_norm,18,4,False,0.11470389132006947,0.9598791071668302,0.8104441848030576,False,True,True,,,
43,iid,low_norm,19,0,True,0.0012246034884517089,0.8698595208431928,0.858083255289982,True,True,True,,,
43,iid,low_norm,19,1,False,0.1197190062592233,0.8941304656933196,0.8518262144224114,False,True,True,,,
43,iid,low_norm,19,2,False,0.1208051787973631,0.8861659926093081,0.8338966027389824,False,True,True,,,
43,iid,low_norm,19,3,False,0.12327052611608474,0.91643556143376,0.8368011726861843,False,True,True,,,
43,iid,low_norm,19,4,False,0.11817682108651836,0.9282593632910604,0.8422506345263786,False,True,True,,,
43,iid,low_norm,20,0,True,0.0012998075532200737,0.9770317363794032,0.8330682792426652,True,True,True,,,
43,iid,low_norm,20,1,False,0.12364154074231908,0.9480236729558211,0.8250315774317895,False,True,True,,,
43,iid,low_norm,20,2,False,0.1260819271959241,0.9367963526842921,0.8340499610599545,False,True,True,,,
43,iid,low_norm,20,3,False,0.13368418417503358,0.9477303163628793,0.8399007846909993,False,True,True,,,
43,iid,low_norm,20,4,False,0.12526955219907576,0.9465471104430672,0.8565501083122272,False,True,True,,,
43,iid,low_norm,21,0,True,0.0013188370864254133,0.9196628300082372,0.8539892925481202,True,True,True,,,
43,iid,low_norm,21,1,False,0.12552358863852364,0.9603272534591114,0.8510890798658568,False,True,True,,,
43,iid,low_norm,21,2,False,0.13774882787504125,0.9686319879926089,0.8509624039096201,False,True,True,,,
43,iid,low_norm,21,3,False,0.13472145371842656,0.9223571189880381,0.8500223349712313,False,True,True,,,
43,iid,low_norm,21,4,False,0.12869435295742446,0.949848050204643,0.8396349065598144,False,True,True,,,
43,iid,low_norm,22,0,True,0.0013322560424259236,0.9155620400163097,0.836639973220723,True,True,True,,,
43,iid,low_norm,22,1,False,0.13240795360092553,0.9217848130381914,0.8381205582449274,False,True,True,,,
43,iid,low_norm,22,2,False,0.13008104841818693,0.9130416002898091,0.8457230404779071,False,True,True,,,
43,iid,low_norm,22,3,False,0.13494699159377516,0.9047072783881652,0.8425687506437326,False,True,True,,,
43,iid,low_norm,22,4,False,0.1295307931242345,0.935582535750791,0.8273959728087341,False,True,True,,,
43,iid,low_norm,23,0,True,0.0012735359182427925,0.9389436692266592,0.8385657974328465,True,True,True,,,
43,iid,low_norm,23,1,False,0.12244103789141639,0.9122614941133649,0.8532361954014585,False,True,True,,,
43,iid,low_norm,23,2,False,0.1271539917957454,0.9314286020519849,0.8248592452754937,False,True,True,,,
43,iid,low_norm,23,3,False,0.134022557189368,0.9287175394231293,0.8455985482487919,False,True,True,,,
43,iid,low_norm,23,4,False,0.12165160086800678,0.9431164221765399,0.8677869435452243,False,True,True,,,
43,iid,low_norm,24,0,True,0.001152704061871901,0.8719426576671032,0.834862503295163,True,True,True,,,
43,iid,low_norm,24,1,False,0.11201833717746691,0.8833434971734975,0.8171811407372164,False,True,True,,,
43,iid,low_norm,24,2,False,0.11733141369192364,0.8396867677094431,0.8081475718667018,False,True,True,,,
43,iid,low_norm,24,3,False,0.1135271113263322,0.9360940185235951,0.8080254097253924,False,True,True,,,
43,iid,low_norm,24,4,False,0.1103511989924208,0.7837346307107667,0.8159530897377372,False,True,True,,,
43,iid,full_sign_flip,0,0,False,0.06472792748972858,0.9723991704845599,0.8392838216367629,True,True,True,,,
43,iid,full_sign_flip,0,1,False,0.057796349178426784,0.9767229581864927,0.859830418653948,True,True,True,,,
43,iid,full_sign_flip,0,2,False,0.05475625495140038,0.979692771332346,0.8626239685063214,True,True,True,,,
43,iid,full_sign_flip,0,3,False,0.059310282863964114,0.9729881273013918,0.8744643803467332,True,True,True,,,
43,iid,full_sign_flip,0,4,False,0.05997507522523144,0.9761419884579352,0.864789158906806,True,True,True,,,
43,iid,full_sign_flip,1,0,False,0.04890821891394857,0.9567658236288916,0.8284282065584359,True,True,True,,,
43,iid,full_sign_flip,1,1,False,0.04566384070182282,0.9322899145099202,0.8401858321345742,True,True,True,,,
43,iid,full_sign_flip,1,2,False,0.04301913873961777,0.9228544687251279,0.8456389630977894,True,True,True,,,
43,iid,full_sign_flip,1,3,False,0.04344578852675552,0.9142862392737505,0.8654918826879605,True,True,True,,,
43,iid,full_sign_flip,1,4,False,0.05123522193280842,0.9583048295308504,0.8468572938378887,True,True,True,,,
43,iid,full_sign_flip,2,0,False,0.056476325038901154,0.9480474293299661,0.8360806140860577,True,True,True,,,
43,iid,full_sign_flip,2,1,False,0.03982037149408508,0.946047850812734,0.839796324046607,True,True,True,,,
43,iid,full_sign_flip,2,2,False,0.04610413958295508,0.9653435345926845,0.8177467200831829,True,True,True,,,
43,iid,full_sign_flip,2,3,False,0.04366385810106433,0.9398031865194455,0.8582525459494175,True,True,True,,,
43,iid,full_sign_flip,2,4,False,0.04538633906327579,0.9064994709526765,0.8568534205939019,True,True,True,,,
43,iid,full_sign_flip,3,0,False,0.0383197200049002,0.9359256003730082,0.8402653064304363,True,True,True,,,
43,iid,full_sign_flip,3,1,False,0.04130137479697983,0.832301252777852,0.8254983927682116,True,True,True,,,
43,iid,full_sign_flip,3,2,False,0.03806625518466636,0.9336336976481474,0.8414575253157871,True,True,True,,,
43,iid,full_sign_flip,3,3,False,0.04047699627417151,0.910926497295896,0.8478638154022606,True,True,True,,,
43,iid,full_sign_flip,3,4,False,0.04112507285957996,0.8292081404033801,0.8158550020373361,True,True,True,,,
43,iid,full_sign_flip,4,0,False,0.037864556897727025,0.8778207896431398,0.8531634569127392,True,True,True,,,
43,iid,full_sign_flip,4,1,False,0.03952419553292835,0.9001855177924316,0.8259128788466612,True,True,True,,,
43,iid,full_sign_flip,4,2,False,0.039295674934521664,0.9500721621965924,0.8786914756591505,True,True,True,,,
43,iid,full_sign_flip,4,3,False,0.04075554295300967,0.882442955926727,0.8473983146852062,True,True,True,,,
43,iid,full_sign_flip,4,4,False,0.03835719701357559,0.9020974056125192,0.8126367572432843,True,True,True,,,
43,iid,full_sign_flip,5,0,False,0.038509392525162604,0.8564608687439399,0.8491773032484423,True,True,True,,,
43,iid,full_sign_flip,5,1,False,0.039083554843046556,0.89666297974035,0.8378576613634989,True,True,True,,,
43,iid,full_sign_flip,5,2,False,0.03893759047357836,0.8796988842288659,0.81637529490049,True,True,True,,,
43,iid,full_sign_flip,5,3,False,0.04096650241565387,0.8787443412028959,0.8385608856088561,True,True,True,,,
43,iid,full_sign_flip,5,4,False,0.040527616908382726,0.8506981862547017,0.8238082995584054,True,True,True,,,
43,iid,full_sign_flip,6,0,False,0.04357542598365127,0.9165052990983468,0.8246522685521095,True,True,True,,,
43,iid,full_sign_flip,6,1,False,0.04377979765316969,0.930266723507849,0.8371644256449048,True,True,True,,,
43,iid,full_sign_flip,6,2,False,0.04783430930697384,0.9681064840339014,0.8543773252852093,True,True,True,,,
43,iid,full_sign_flip,6,3,False,0.0444745460332701,0.9115208815139164,0.8514750605924942,True,True,True,,,
43,iid,full_sign_flip,6,4,False,0.04274143197014059,0.910414881367712,0.8565694613828982,True,True,True,,,
43,iid,full_sign_flip,7,0,False,0.04940763398490504,0.9521573128241962,0.8230496787791435,True,True,True,,,
43,iid,full_sign_flip,7,1,False,0.050197707384415924,0.9273770817794419,0.8397227433057863,True,True,True,,,
43,iid,full_sign_flip,7,2,False,0.05042429450843345,0.9148374631388254,0.8148869751642318,True,True,True,,,
43,iid,full_sign_flip,7,3,False,0.04907961669037625,0.9272027775899049,0.8122578168570331,True,True,True,,,
43,iid,full_sign_flip,7,4,False,0.0521238003472503,0.8671112576902459,0.8076513576741727,True,True,True,,,
43,iid,full_sign_flip,8,0,False,0.05512413481382015,0.9222533545959944,0.8346676454170777,True,True,True,,,
43,iid,full_sign_flip,8,1,False,0.05786860578955189,0.9489017763074227,0.8854709089379793,True,True,True,,,
43,iid,full_sign_flip,8,2,False,0.0589377457797283,0.9667061305193647,0.8539903195467162,True,True,True,,,
43,iid,full_sign_flip,8,3,False,0.05879769292485037,0.9363029659324622,0.845686234028399,True,True,True,,,
43,iid,full_sign_flip,8,4,False,0.059559893748607824,0.9593455560718087,0.8589911224279128,True,True,True,,,
43,iid,full_sign_flip,9,0,False,0.06830508449907115,0.9811796344609155,0.8315746579161841,False,True,True,,,
43,iid,full_sign_flip,9,1,False,0.06537150152503571,0.9564797379098976,0.8394529518580477,False,True,True,,,
43,iid,full_sign_flip,9,2,False,0.06990812088227466,0.9556676784371992,0.8520567923476172,False,True,True,,,
43,iid,full_sign_flip,9,3,False,0.07017854840753836,0.9472643759817349,0.8411186891433964,False,True,True,,,
43,iid,full_sign_flip,9,4,False,0.06933387687677992,0.959288395139919,0.8309026437323954,False,True,True,,,
43,iid,full_sign_flip,10,0,True,0.08687166455936206,-0.923245859958756,0.1907122690611169,False,False,False,,,
43,iid,full_sign_flip,10,1,False,0.08583499638757144,0.9660327449731557,0.8430327040162958,False,True,True,,,
43,iid,full_sign_flip,10,2,False,0.08129736992654658,0.9776658536119972,0.8799305030292591,False,True,True,,,
43,iid,full_sign_flip,10,3,False,0.08319928936521696,0.9694218929086947,0.8920175839318211,False,True,True,,,
43,iid,full_sign_flip,10,4,False,0.08348248422965286,0.9650599908033836,0.8614479034830863,False,True,True,,,
43,iid,full_sign_flip,11,0,True,0.1015606329871851,-0.9848342958524239,0.19409445997276573,False,False,False,,,
43,iid,full_sign_flip,11,1,False,0.10007185959708315,0.9734038811215807,0.8859456747652834,False,True,True,,,
43,iid,full_sign_flip,11,2,False,0.10208106502160216,0.9740506646960632,0.8610693040923099,False,True,True,,,
43,iid,full_sign_flip,11,3,False,0.10598739374181304,0.9766793910593417,0.8575288468429728,False,True,True,,,
43,iid,full_sign_flip,11,4,False,0.09922147457099943,0.9708428363050385,0.8775460474449939,False,True,True,,,
43,iid,full_sign_flip,12,0,True,0.11931073612248488,-0.9844010263367429,0.13258242913160392,False,False,False,,,
43,iid,full_sign_flip,12,1,False,0.12418063398962938,0.9829185929941308,0.8367363210042982,False,True,True,,,
43,iid,full_sign_flip,12,2,False,0.12682719634991454,0.9882380778568199,0.8998311190357114,False,True,True,,,
43,iid,full_sign_flip,12,3,False,0.12618619126899933,0.9868310720001162,0.8953227945813129,False,True,True,,,
43,iid,full_sign_flip,12,4,False,0.12145528110688743,0.9772642049182969,0.8661129110584415,False,True,True,,,
43,iid,full_sign_flip,13,0,True,0.14873983006365202,-0.9929919196451136,0.1489909892344331,False,False,False,,,
43,iid,full_sign_flip,13,1,False,0.1436675864481678,0.985664847668341,0.8809868668440037,False,True,True,,,
43,iid,full_sign_flip,13,2,False,0.1465970447881955,0.9938565211933111,0.8661198000083562,False,True,True,,,
43,iid,full_sign_flip,13,3,False,0.15145781938366484,0.9919174412447209,0.8866481901870396,False,True,True,,,
43,iid,full_sign_flip,13,4,False,0.14503604636728717,0.9876438978854052,0.8792111750205424,False,True,True,,,
43,iid,full_sign_flip,14,0,True,0.15729327716335212,-0.985748218545559,0.13540283509779294,False,False,False,,,
43,iid,full_sign_flip,14,1,False,0.1600162569761236,0.9845113044719147,0.8599748788803158,False,True,True,,,
43,iid,full_sign_flip,14,2,False,0.15640427866384787,0.9855674739753033,0.8800645971649023,False,True,True,,,
43,iid,full_sign_flip,14,3,False,0.16109610333278074,0.9788936637782916,0.8626305401040733,False,True,True,,,
43,iid,full_sign_flip,14,4,False,0.15691422953285852,0.984976042058698,0.8840480890005383,False,True,True,,,
43,iid,full_sign_flip,15,0,True,0.15449881610367414,-0.9947398069594224,0.1754112675072474,False,False,False,,,
43,iid,full_sign_flip,15,1,False,0.15464618362259566,0.9888194326374964,0.876113303761657,False,True,True,,,
43,iid,full_sign_flip,15,2,False,0.1603801614403858,0.9877263823712528,0.8739128916209703,False,True,True,,,
43,iid,full_sign_flip,15,3,False,0.15356540405176766,0.9797426864566091,0.8635604764066921,False,True,True,,,
43,iid,full_sign_flip,15,4,False,0.151164600916318,0.9809322803275449,0.8789843176976005,False,True,True,,,
43,iid,full_sign_flip,16,0,True,0.13805724775442266,-0.9623762729349233,0.17224534752320875,False,False,False,,,
43,iid,full_sign_flip,16,1,False,0.13543761073892915,0.9276617144441156,0.8904075297887254,False,True,True,,,
43,iid,full_sign_flip,16,2,False,0.14289649378458857,0.9706975924791984,0.8542176257706448,False,True,True,,,
43,iid,full_sign_flip,16,3,False,0.14197245449279092,0.9452250066237163,0.8655823999771131,False,True,True,,,
43,iid,full_sign_flip,16,4,False,0.14151793088047748,0.9810020475075258,0.8715687536654794,False,True,True,,,
43,iid,full_sign_flip,17,0,True,0.12772745478282616,-0.897860665004016,0.18539057271249643,False,False,False,,,
43,iid,full_sign_flip,17,1,False,0.12302774326682969,0.966520929959847,0.847581713630093,False,True,True,,,
43,iid,full_sign_flip,17,2,False,0.12851347541107197,0.9524837873412794,0.8469602393017633,False,True,True,,,
43,iid,full_sign_flip,17,3,False,0.12300009721236961,0.9543274471967222,0.8414147760643601,False,True,True,,,
43,iid,full_sign_flip,17,4,False,0.12122081566723099,0.9544428659463181,0.8698796661795036,False,True,True,,,
43,iid,full_sign_flip,18,0,True,0.1204257784654368,-0.9497580712533479,0.20934643787717191,False,False,False,,,
43,iid,full_sign_flip,18,1,False,0.12019183383993842,0.8849264687658237,0.8373857515086877,False,True,True,,,
43,iid,full_sign_flip,18,2,False,0.125454086501858,0.9339860940754294,0.8144077979236138,False,True,True,,,
43,iid,full_sign_flip,18,3,False,0.11714054732800482,0.8958914337100846,0.8419286900406366,False,True,True,,,
43,iid,full_sign_flip,18,4,False,0.11495508932455872,0.9615376790091451,0.7973970919793172,False,True,True,,,
43,iid,full_sign_flip,19,0,True,0.12281610666353276,-0.8718347074897254,0.19036537741400525,False,False,False,,,
43,iid,full_sign_flip,19,1,False,0.11997617220599795,0.8941889331822734,0.8522508425613866,False,True,True,,,
43,iid,full_sign_flip,19,2,False,0.12122544021538652,0.8872198268880465,0.8432233991333654,False,True,True,,,
43,iid,full_sign_flip,19,3,False,0.12351470049929145,0.9159932521703401,0.8417054512384315,False,True,True,,,
43,iid,full_sign_flip,19,4,False,0.1178712438975436,0.9277999862244105,0.8357874605467287,False,True,True,,,
43,iid,full_sign_flip,20,0,True,0.13018719952537017,-0.9774815429662382,0.1852969164422668,False,False,False,,,
43,iid,full_sign_flip,20,1,False,0.12390763534957835,0.9483724181701458,0.814014699034237,False,True,True,,,
43,iid,full_sign_flip,20,2,False,0.12587501763113149,0.9349534319455337,0.8346864813427548,False,True,True,,,
43,iid,full_sign_flip,20,3,False,0.1336235069731724,0.9486135540089636,0.8630384752957692,False,True,True,,,
43,iid,full_sign_flip,20,4,False,0.12506807077641668,0.9465211569774117,0.8619654053032604,False,True,True,,,
43,iid,full_sign_flip,21,0,True,0.1320744223218905,-0.921679328080498,0.19927440633245383,False,False,False,,,
43,iid,full_sign_flip,21,1,False,0.12559749870841402,0.9608389937382282,0.8549538258575198,False,True,True,,,
43,iid,full_sign_flip,21,2,False,0.13838508328701732,0.9687283111548104,0.8495448548812665,False,True,True,,,
43,iid,full_sign_flip,21,3,False,0.13491202356666496,0.9254302979054981,0.8331398416886544,False,True,True,,,
43,iid,full_sign_flip,21,4,False,0.12947907525793748,0.9525559043506562,0.8546372031662269,False,True,True,,,
43,iid,full_sign_flip,22,0,True,0.13373820040860546,-0.907359246951694,0.19393935360204462,False,False,False,,,
43,iid,full_sign_flip,22,1,False,0.13241919206872232,0.9217178983649827,0.8456085937915979,False,True,True,,,
43,iid,full_sign_flip,22,2,False,0.1307824191089819,0.9104019353365282,0.8438781215057771,False,True,True,,,
43,iid,full_sign_flip,22,3,False,0.13460308714990435,0.9029857818169432,0.8540413183536553,False,True,True,,,
43,iid,full_sign_flip,22,4,False,0.12963800264705647,0.9354152193941533,0.8400777381396092,False,True,True,,,
43,iid,full_sign_flip,23,0,True,0.1272660373564298,-0.9395567208252076,0.2140525324662631,False,False,False,,,
43,iid,full_sign_flip,23,1,False,0.1224530010610238,0.9068673454900102,0.8533560960988356,False,True,True,,,
43,iid,full_sign_flip,23,2,False,0.12636578946430815,0.9315423675861448,0.8281845608502153,False,True,True,,,
43,iid,full_sign_flip,23,3,False,0.1327682732395087,0.9290914293490038,0.8453348276828243,False,True,True,,,
43,iid,full_sign_flip,23,4,False,0.12138162524802196,0.9421212068826412,0.8636710172219435,False,True,True,,,
43,iid,full_sign_flip,24,0,True,0.11475133834515248,-0.8750024819627873,0.2475356114062211,False,False,False,,,
43,iid,full_sign_flip,24,1,False,0.11207491974875396,0.8814294764349421,0.832718887919871,False,True,True,,,
43,iid,full_sign_flip,24,2,False,0.11678941369402256,0.8418848691064749,0.8421866328391342,False,True,True,,,
43,iid,full_sign_flip,24,3,False,0.11312283333450028,0.9320031479519529,0.8002854198049631,False,True,True,,,
43,iid,full_sign_flip,24,4,False,0.10949389059771941,0.786628087605301,0.827241734718148,False,True,True,,,
43,iid,directional_poisoning,0,0,False,0.06470893823973202,0.9726392878717093,0.8391187714258564,True,True,True,,,
43,iid,directional_poisoning,0,1,False,0.05776194652497737,0.976879184704389,0.8611641047007141,True,True,True,,,
43,iid,directional_poisoning,0,2,False,0.054776122497426014,0.9799040855927542,0.8579333231000884,True,True,True,,,
43,iid,directional_poisoning,0,3,False,0.059339229383427415,0.9730777206083346,0.8627429481978525,True,True,True,,,
43,iid,directional_poisoning,0,4,False,0.05997952160449532,0.9762345791566741,0.8653597351051466,True,True,True,,,
43,iid,directional_poisoning,1,0,False,0.04892625070801121,0.9567378817682032,0.8304570539988414,True,True,True,,,
43,iid,directional_poisoning,1,1,False,0.04573938620383931,0.9320362393476921,0.8416089886270086,True,True,True,,,
43,iid,directional_poisoning,1,2,False,0.04304448016313054,0.9222418812163791,0.8537061316583834,True,True,True,,,
43,iid,directional_poisoning,1,3,False,0.043465625272084196,0.9143799918691229,0.8773515870353996,True,True,True,,,
43,iid,directional_poisoning,1,4,False,0.05122486983420739,0.9591146451123946,0.8612677988840443,True,True,True,,,
43,iid,directional_poisoning,2,0,False,0.05645175506686802,0.9480505276693877,0.8294045670986098,True,True,True,,,
43,iid,directional_poisoning,2,1,False,0.03982603366140598,0.947388692236048,0.8322055636637035,True,True,True,,,
43,iid,directional_poisoning,2,2,False,0.04610863336700061,0.9655047104941146,0.8168443088172423,True,True,True,,,
43,iid,directional_poisoning,2,3,False,0.04368259943271262,0.9398974671782444,0.8591835832117111,True,True,True,,,
43,iid,directional_poisoning,2,4,False,0.04542513522289114,0.9074388683054071,0.8548199254050388,True,True,True,,,
43,iid,directional_poisoning,3,0,False,0.03829331550179548,0.9360613396843321,0.8469290502007718,True,True,True,,,
43,iid,directional_poisoning,3,1,False,0.041281575515151395,0.8323608441358701,0.8387263097042326,True,True,True,,,
43,iid,directional_poisoning,3,2,False,0.03805593131722284,0.9338229850121903,0.8510929175194912,True,True,True,,,
43,iid,directional_poisoning,3,3,False,0.040469671079339464,0.9112074348374688,0.84535881130572,True,True,True,,,
43,iid,directional_poisoning,3,4,False,0.0411120774104894,0.8292672628586838,0.8260081558676937,True,True,True,,,
43,iid,directional_poisoning,4,0,False,0.03785804601137987,0.8777621379369429,0.8505740262454653,True,True,True,,,
43,iid,directional_poisoning,4,1,False,0.03952560368577181,0.9006844243612253,0.8046593911888091,True,True,True,,,
43,iid,directional_poisoning,4,2,False,0.03925370970639155,0.9496509629134683,0.8787453532985982,True,True,True,,,
43,iid,directional_poisoning,4,3,False,0.0407092786817091,0.8822446494923182,0.8487228102652912,True,True,True,,,
43,iid,directional_poisoning,4,4,False,0.038351358453013636,0.9016999471733378,0.7957242882522431,True,True,True,,,
43,iid,directional_poisoning,5,0,False,0.03851062651773983,0.8559924508551788,0.8557687039689434,True,True,True,,,
43,iid,directional_poisoning,5,1,False,0.03908490371067796,0.8966832422404767,0.854203354543818,True,True,True,,,
43,iid,directional_poisoning,5,2,False,0.03894412423571847,0.8793709951067874,0.8180516095705463,True,True,True,,,
43,iid,directional_poisoning,5,3,False,0.04096929255848362,0.8787525030221786,0.8369375503846846,True,True,True,,,
43,iid,directional_poisoning,5,4,False,0.040526431138930535,0.8504665724108162,0.8283516087878716,True,True,True,,,
43,iid,directional_poisoning,6,0,False,0.04360809023210483,0.9163266747635559,0.8155339077744531,True,True,True,,,
43,iid,directional_poisoning,6,1,False,0.04379897577814157,0.9305691476970219,0.828747553375779,True,True,True,,,
43,iid,directional_poisoning,6,2,False,0.04784741188372408,0.9681322455054389,0.8501203626628271,True,True,True,,,
43,iid,directional_poisoning,6,3,False,0.0444879159668956,0.9120472108158918,0.8523326359048198,True,True,True,,,
43,iid,directional_poisoning,6,4,False,0.04275510794468297,0.9104855213127012,0.8554223192122807,True,True,True,,,
43,iid,directional_poisoning,7,0,False,0.049418354983077305,0.9521367712407977,0.8237405250852556,True,True,True,,,
43,iid,directional_poisoning,7,1,False,0.05019175868958209,0.9275014605355449,0.8463090646453515,True,True,True,,,
43,iid,directional_poisoning,7,2,False,0.05043012839647895,0.9149760757295313,0.8242245089425325,True,True,True,,,
43,iid,directional_poisoning,7,3,False,0.04908465772472691,0.9269698256355337,0.8084391892898095,True,True,True,,,
43,iid,directional_poisoning,7,4,False,0.05212836913048395,0.8669853809927792,0.8130854343196676,True,True,True,,,
43,iid,directional_poisoning,8,0,False,0.055143118021263426,0.9222162486427372,0.8291925465838509,True,True,True,,,
43,iid,directional_poisoning,8,1,False,0.05789601920111313,0.9488136265693153,0.8789637136319058,True,True,True,,,
43,iid,directional_poisoning,8,2,False,0.05900020410972652,0.9665890438079916,0.848435317542869,True,True,True,,,
43,iid,directional_poisoning,8,3,False,0.058832777300080255,0.9367988667321488,0.8403667270944158,True,True,True,,,
43,iid,directional_poisoning,8,4,False,0.05958324554744856,0.9592859628428221,0.8532943029510536,True,True,True,,,
43,iid,directional_poisoning,9,0,False,0.06830397768563057,0.9811678060005945,0.834132761368895,False,True,True,,,
43,iid,directional_poisoning,9,1,False,0.06537181112630358,0.9562393464815848,0.8470827610016234,False,True,True,,,
43,iid,directional_poisoning,9,2,False,0.06993764920757457,0.9560616102015401,0.8588574912405703,False,True,True,,,
43,iid,directional_poisoning,9,3,False,0.07022568252098571,0.9474840584690435,0.842822409449166,False,True,True,,,
43,iid,directional_poisoning,9,4,False,0.06941572123970362,0.9595283155463903,0.8336846899125159,False,True,True,,,
43,iid,directional_poisoning,10,0,True,0.08687163908555601,-0.9233460606314741,0.19931736640249184,False,False,False,,,
43,iid,directional_poisoning,10,1,False,0.08578223812275902,0.9662594876785126,0.842513954690013,False,True,True,,,
43,iid,directional_poisoning,10,2,False,0.08119721849973267,0.9790583760824626,0.8704669999781673,False,True,True,,,
43,iid,directional_poisoning,10,3,False,0.083057473258643,0.9703216173166992,0.8833045870357836,False,True,True,,,
43,iid,directional_poisoning,10,4,False,0.08344286322131994,0.9655333606175963,0.8600018921613577,False,True,True,,,
43,iid,directional_poisoning,11,0,True,0.10154305799832082,-0.9849357632409261,0.18573724328069943,False,False,False,,,
43,iid,directional_poisoning,11,1,False,0.10009416690824095,0.9734192114529409,0.8909357630442154,False,True,True,,,
43,iid,directional_poisoning,11,2,False,0.10203010464112124,0.9743315851772697,0.8677665236557713,False,True,True,,,
43,iid,directional_poisoning,11,3,False,0.10595031395069439,0.9768595111429442,0.8596502867589603,False,True,True,,,
43,iid,directional_poisoning,11,4,False,0.09911587885321604,0.9710459073748774,0.8791852801981512,False,True,True,,,
43,iid,directional_poisoning,12,0,True,0.11928459629376041,-0.9838551990486066,0.1498340345461849,False,False,False,,,
43,iid,directional_poisoning,12,1,False,0.124153633348991,0.9828863372726687,0.83640950830532,False,True,True,,,
43,iid,directional_poisoning,12,2,False,0.12685482719088706,0.9881712065721611,0.8922246418176565,False,True,True,,,
43,iid,directional_poisoning,12,3,False,0.12623370447324186,0.9863940671610225,0.8844795873062855,False,True,True,,,
43,iid,directional_poisoning,12,4,False,0.12150906412318495,0.9767271730194097,0.8665299477790228,False,True,True,,,
43,iid,directional_poisoning,13,0,True,0.14876235919839564,-0.9930136108734959,0.14082934266755429,False,False,False,,,
43,iid,directional_poisoning,13,1,False,0.1436886542912156,0.9857410296794739,0.8924273985154008,False,True,True,,,
43,iid,directional_poisoning,13,2,False,0.14662630994513018,0.9939507675223702,0.8696215488793925,False,True,True,,,
43,iid,directional_poisoning,13,3,False,0.15151938759893946,0.9919751167337066,0.8863143427749265,False,True,True,,,
43,iid,directional_poisoning,13,4,False,0.14506189671528988,0.9877535621431911,0.8864431893830395,False,True,True,,,
43,iid,directional_poisoning,14,0,True,0.1572979215969661,-0.9857192067883374,0.15060030713388245,False,False,False,,,
43,iid,directional_poisoning,14,1,False,0.1600210323910208,0.9844921699115653,0.8573363116012844,False,True,True,,,
43,iid,directional_poisoning,14,2,False,0.15641088098539566,0.9855321830752731,0.8723160686863046,False,True,True,,,
43,iid,directional_poisoning,14,3,False,0.16110007330054438,0.9789384456156288,0.859730559821304,False,True,True,,,
43,iid,directional_poisoning,14,4,False,0.15689727096525116,0.9849567526133813,0.8742426357671367,False,True,True,,,
43,iid,directional_poisoning,15,0,True,0.15447511430653305,-0.9947718018054091,0.17220092740140977,False,False,False,,,
43,iid,directional_poisoning,15,1,False,0.1546127010605525,0.9887450195205559,0.8819214149331726,False,True,True,,,
43,iid,directional_poisoning,15,2,False,0.1603814333471948,0.9877589044560984,0.8750233285958339,False,True,True,,,
43,iid,directional_poisoning,15,3,False,0.15353703605820032,0.9797461831377645,0.8724033478329529,False,True,True,,,
43,iid,directional_poisoning,15,4,False,0.1511290247778776,0.9808870205611038,0.8811461877485393,False,True,True,,,
43,iid,directional_poisoning,16,0,True,0.1380449853368523,-0.9623241908997215,0.18329014186824624,False,False,False,,,
43,iid,directional_poisoning,16,1,False,0.13539478127411775,0.9276837721842639,0.8864006258687771,False,True,True,,,
43,iid,directional_poisoning,16,2,False,0.14283546695664195,0.9705312673106362,0.8502944237606611,False,True,True,,,
43,iid,directional_poisoning,16,3,False,0.14197468904824523,0.9450147753131422,0.8488904100977221,False,True,True,,,
43,iid,directional_poisoning,16,4,False,0.1414364244788763,0.9808138460388605,0.8716899155496259,False,True,True,,,
43,iid,directional_poisoning,17,0,True,0.12775199388590497,-0.8970413077671737,0.17778399552322327,False,False,False,,,
43,iid,directional_poisoning,17,1,False,0.12303446710076196,0.9664185718783096,0.8489787353105764,False,True,True,,,
43,iid,directional_poisoning,17,2,False,0.12840670811990226,0.95268249724073,0.848817851147174,False,True,True,,,
43,iid,directional_poisoning,17,3,False,0.12296586717364004,0.9542381872424447,0.8516018466703973,False,True,True,,,
43,iid,directional_poisoning,17,4,False,0.1212489879901659,0.9542730418756934,0.8696978175713487,False,True,True,,,
43,iid,directional_poisoning,18,0,True,0.12056141666207741,-0.9486010389468832,0.20776375860118146,False,False,False,,,
43,iid,directional_poisoning,18,1,False,0.1201634991616395,0.8844348196871705,0.83570592182299,False,True,True,,,
43,iid,directional_poisoning,18,2,False,0.1255117579254076,0.9337628121443456,0.8161353559540568,False,True,True,,,
43,iid,directional_poisoning,18,3,False,0.11772231131863001,0.8947308381678217,0.8383306800689411,False,True,True,,,
43,iid,directional_poisoning,18,4,False,0.11503341846442727,0.9603484278751739,0.7922625547646928,False,True,True,,,
43,iid,directional_poisoning,19,0,True,0.12268410792688048,-0.8728364541770419,0.17052390204384274,False,False,False,,,
43,iid,directional_poisoning,19,1,False,0.11988414239400468,0.8935618946104817,0.865320581915047,False,True,True,,,
43,iid,directional_poisoning,19,2,False,0.12116407425163019,0.8876181503977832,0.8443191882298825,False,True,True,,,
43,iid,directional_poisoning,19,3,False,0.12351191122074316,0.9159503666138088,0.8495575221238938,False,True,True,,,
43,iid,directional_poisoning,19,4,False,0.11750001425238293,0.9286265104564778,0.8543907948124704,False,True,True,,,
43,iid,directional_poisoning,20,0,True,0.13007577242167487,-0.9766306689488601,0.17929893700450109,False,False,False,,,
43,iid,directional_poisoning,20,1,False,0.12394728794184207,0.9487207719834078,0.8238511674497994,False,True,True,,,
43,iid,directional_poisoning,20,2,False,0.12607539013889263,0.9368526921247647,0.8366031593307016,False,True,True,,,
43,iid,directional_poisoning,20,3,False,0.13361728579244017,0.9480261629407146,0.8595237938329127,False,True,True,,,
43,iid,directional_poisoning,20,4,False,0.1252412179790064,0.9463463771996449,0.8619819297355362,False,True,True,,,
43,iid,directional_poisoning,21,0,True,0.13184102672224876,-0.9266816468827735,0.18883331080167637,False,False,False,,,
43,iid,directional_poisoning,21,1,False,0.12550048487075172,0.9634400158803075,0.8571583074219278,False,True,True,,,
43,iid,directional_poisoning,21,2,False,0.13883769437495855,0.9687463340559334,0.8618291199134784,False,True,True,,,
43,iid,directional_poisoning,21,3,False,0.1349376523420983,0.9211441552736205,0.8440043260781398,False,True,True,,,
43,iid,directional_poisoning,21,4,False,0.12943959946020345,0.9545577781348256,0.8546708124915506,False,True,True,,,
43,iid,directional_poisoning,22,0,True,0.1336792704158832,-0.9091150450813841,0.20504705264318465,False,False,False,,,
43,iid,directional_poisoning,22,1,False,0.1324265838989551,0.9208439984102608,0.8400404698130217,False,True,True,,,
43,iid,directional_poisoning,22,2,False,0.13079455135108306,0.9128957130604973,0.8413051514699492,False,True,True,,,
43,iid,directional_poisoning,22,3,False,0.13441802673457504,0.9062473232624005,0.8380558924436893,False,True,True,,,
43,iid,directional_poisoning,22,4,False,0.12958356241558786,0.9372855483194428,0.838613649482129,False,True,True,,,
43,iid,directional_poisoning,23,0,True,0.12735988800928635,-0.9376914054390766,0.20501574524132674,False,False,False,,,
43,iid,directional_poisoning,23,1,False,0.1224005951679925,0.9079716032551598,0.8661621057839526,False,True,True,,,
43,iid,directional_poisoning,23,2,False,0.126297077853849,0.9302507152026661,0.8197086294619874,False,True,True,,,
43,iid,directional_poisoning,23,3,False,0.13251419837908446,0.929037333067206,0.8459239548302121,False,True,True,,,
43,iid,directional_poisoning,23,4,False,0.12143491798874995,0.9424723113719224,0.8611476977181101,False,True,True,,,
43,iid,directional_poisoning,24,0,True,0.11472089792135928,-0.8701908558304897,0.2522178988326848,False,False,False,,,
43,iid,directional_poisoning,24,1,False,0.11192096060687995,0.881805105538456,0.8300064850843061,False,True,True,,,
43,iid,directional_poisoning,24,2,False,0.11685842058099802,0.83993986818104,0.8386186770428016,False,True,True,,,
43,iid,directional_poisoning,24,3,False,0.11331372230091517,0.9343873123866093,0.7977821011673152,False,True,True,,,
43,iid,directional_poisoning,24,4,False,0.10961665747384852,0.7834691623297043,0.8154020752269779,False,True,True,,,
43,iid,sparse_coordinate_attack,0,0,False,0.0647284092809267,0.9724017200393448,0.8393013959967296,True,True,True,,,
43,iid,sparse_coordinate_attack,0,1,False,0.05779647461154319,0.9767246079551017,0.8598325409563032,True,True,True,,,
43,iid,sparse_coordinate_attack,0,2,False,0.054752500288847095,0.9797135071843353,0.8626336189928232,True,True,True,,,
43,iid,sparse_coordinate_attack,0,3,False,0.059309308665439826,0.9729946134545037,0.8744587105956455,True,True,True,,,
43,iid,sparse_coordinate_attack,0,4,False,0.05997505787123053,0.976140607569008,0.8647609242043425,True,True,True,,,
43,iid,sparse_coordinate_attack,1,0,False,0.04891410191796998,0.9568083481875729,0.8289578945050751,True,True,True,,,
43,iid,sparse_coordinate_attack,1,1,False,0.04565869847700832,0.932234031898207,0.8388879510909851,True,True,True,,,
43,iid,sparse_coordinate_attack,1,2,False,0.043024082722997514,0.9228461139588413,0.845970363955289,True,True,True,,,
43,iid,sparse_coordinate_attack,1,3,False,0.0434464965013507,0.9142419716600249,0.8660433164774354,True,True,True,,,
43,iid,sparse_coordinate_attack,1,4,False,0.051232912362706044,0.9583225909908133,0.8458382567723279,True,True,True,,,
43,iid,sparse_coordinate_attack,2,0,False,0.05647312173599733,0.9480243874691237,0.835080155035204,True,True,True,,,
43,iid,sparse_coordinate_attack,2,1,False,0.03980653143611505,0.9459686297924983,0.8407525476075806,True,True,True,,,
43,iid,sparse_coordinate_attack,2,2,False,0.04610016065490404,0.9651988382156869,0.8192708452782301,True,True,True,,,
43,iid,sparse_coordinate_attack,2,3,False,0.04366356013693243,0.9397106669042855,0.8562790022093281,True,True,True,,,
43,iid,sparse_coordinate_attack,2,4,False,0.045398759951019815,0.9065535289926868,0.8587023828635645,True,True,True,,,
43,iid,sparse_coordinate_attack,3,0,False,0.038291399928660444,0.9362737751109045,0.8402019074062896,True,True,True,,,
43,iid,sparse_coordinate_attack,3,1,False,0.04130822657853246,0.8321438227769367,0.8264546991006217,True,True,True,,,
43,iid,sparse_coordinate_attack,3,2,False,0.038066953219188834,0.9337101111767809,0.8415524838534436,True,True,True,,,
43,iid,sparse_coordinate_attack,3,3,False,0.04048984289509224,0.9112466163823156,0.8474904931490312,True,True,True,,,
43,iid,sparse_coordinate_attack,3,4,False,0.04111398170766387,0.8291324640869565,0.8156123619243073,True,True,True,,,
43,iid,sparse_coordinate_attack,4,0,False,0.0378603647507056,0.8780544295676056,0.8534948843054058,True,True,True,,,
43,iid,sparse_coordinate_attack,4,1,False,0.0395207018971211,0.9002470275735059,0.8243986440888323,True,True,True,,,
43,iid,sparse_coordinate_attack,4,2,False,0.03928402696658891,0.949980635796819,0.8794650821846615,True,True,True,,,
43,iid,sparse_coordinate_attack,4,3,False,0.04076145603664178,0.8826138127640767,0.8486778314729633,True,True,True,,,
43,iid,sparse_coordinate_attack,4,4,False,0.03835845225083907,0.9020247539214089,0.8127942784892606,True,True,True,,,
43,iid,sparse_coordinate_attack,5,0,False,0.0385193614200776,0.8561072519616666,0.8429796436889386,True,True,True,,,
43,iid,sparse_coordinate_attack,5,1,False,0.039085433829212576,0.8966387914199975,0.8383442727080246,True,True,True,,,
43,iid,sparse_coordinate_attack,5,2,False,0.038943764140223165,0.8795519623888635,0.8142373188953752,True,True,True,,,
43,iid,sparse_coordinate_attack,5,3,False,0.040974067349987604,0.8787705221270238,0.8379359366020387,True,True,True,,,
43,iid,sparse_coordinate_attack,5,4,False,0.04051712099160225,0.8506233016499913,0.8251640906203684,True,True,True,,,
43,iid,sparse_coordinate_attack,6,0,False,0.04357939305764037,0.9162533918515937,0.8269671593408714,True,True,True,,,
43,iid,sparse_coordinate_attack,6,1,False,0.04376927947406165,0.930212798238571,0.8363678462547756,True,True,True,,,
43,iid,sparse_coordinate_attack,6,2,False,0.04782565700203908,0.9682031060680809,0.8538031104079034,True,True,True,,,
43,iid,sparse_coordinate_attack,6,3,False,0.04446982686425797,0.9116370026487611,0.8523598193956702,True,True,True,,,
43,iid,sparse_coordinate_attack,6,4,False,0.04274146964727303,0.9105729056889652,0.8568209007062092,True,True,True,,,
43,iid,sparse_coordinate_attack,7,0,False,0.04941616028863129,0.9520557413127683,0.822020766657495,True,True,True,,,
43,iid,sparse_coordinate_attack,7,1,False,0.0501982454875352,0.927395149182124,0.8388266983331644,True,True,True,,,
43,iid,sparse_coordinate_attack,7,2,False,0.05043076935402099,0.914850940346259,0.8141644823541337,True,True,True,,,
43,iid,sparse_coordinate_attack,7,3,False,0.04907936872604843,0.9272017272427081,0.813295584550997,True,True,True,,,
43,iid,sparse_coordinate_attack,7,4,False,0.05212071460673215,0.8670093540173935,0.8093638219918033,True,True,True,,,
43,iid,sparse_coordinate_attack,8,0,False,0.05512910112291651,0.9224526458856974,0.8320844738733504,True,True,True,,,
43,iid,sparse_coordinate_attack,8,1,False,0.057873143732695295,0.9490010058868713,0.8883749025125013,True,True,True,,,
43,iid,sparse_coordinate_attack,8,2,False,0.05894541800364538,0.9666644726533826,0.8575229764653709,True,True,True,,,
43,iid,sparse_coordinate_attack,8,3,False,0.05879346641661578,0.9361615571015759,0.8428960286269173,True,True,True,,,
43,iid,sparse_coordinate_attack,8,4,False,0.05957013268180046,0.9593746372483274,0.8574618078387595,True,True,True,,,
43,iid,sparse_coordinate_attack,9,0,False,0.06830759283135045,0.9810032527138166,0.8332046221612036,False,True,True,,,
43,iid,sparse_coordinate_attack,9,1,False,0.06538334469256993,0.9562977048781026,0.8409773468337052,False,True,True,,,
43,iid,sparse_coordinate_attack,9,2,False,0.06990732298993178,0.9557578546402177,0.8526900634975115,False,True,True,,,
43,iid,sparse_coordinate_attack,9,3,False,0.07017257930835574,0.9473139754685235,0.8391181854584978,False,True,True,,,
43,iid,sparse_coordinate_attack,9,4,False,0.06939697327074336,0.9594414930263905,0.8301727589954808,False,True,True,,,
43,iid,sparse_coordinate_attack,10,0,True,3.76566423957962,0.030440558726600283,0.008429774539521566,False,False,False,,,
43,iid,sparse_coordinate_attack,10,1,False,0.08440897153484704,0.9811710550904259,0.8843025441283501,False,True,True,,,
43,iid,sparse_coordinate_attack,10,2,False,0.08244191916360015,0.9779125124839496,0.9114153863380068,False,True,True,,,
43,iid,sparse_coordinate_attack,10,3,False,0.08641306946818791,0.9448656310447502,0.8779442227252006,False,True,True,,,
43,iid,sparse_coordinate_attack,10,4,False,0.08231792641107856,0.9555110421698751,0.8988027160829541,False,True,True,,,
43,iid,sparse_coordinate_attack,11,0,True,4.484673338390619,-0.00748788596707707,0.007793697139796141,False,False,False,,,
43,iid,sparse_coordinate_attack,11,1,False,0.10274953596874382,0.9767391882206075,0.8898621579411965,False,True,True,,,
43,iid,sparse_coordinate_attack,11,2,False,0.10401200386973654,0.9894682257840267,0.8764778222916336,False,True,True,,,
43,iid,sparse_coordinate_attack,11,3,False,0.1062131237864305,0.9712584041223425,0.9131678021472277,False,True,True,,,
43,iid,sparse_coordinate_attack,11,4,False,0.10222894994139178,0.9795818339683766,0.8933855428049765,False,True,True,,,
43,iid,sparse_coordinate_attack,12,0,True,5.421143800002697,-0.028951421719181494,0.007775037151655355,False,False,False,,,
43,iid,sparse_coordinate_attack,12,1,False,0.12422029765716851,0.9834126992279142,0.8862699738023379,False,True,True,,,
43,iid,sparse_coordinate_attack,12,2,False,0.12566318966939882,0.991729480140542,0.9146584345747859,False,True,True,,,
43,iid,sparse_coordinate_attack,12,3,False,0.12840295141215627,0.9781491724469707,0.8915554670384386,False,True,True,,,
43,iid,sparse_coordinate_attack,12,4,False,0.12200317783487935,0.9869244103781362,0.8832672008334227,False,True,True,,,
43,iid,sparse_coordinate_attack,13,0,True,6.760304983784523,0.003002968994284538,0.007792896941212144,False,False,False,,,
43,iid,sparse_coordinate_attack,13,1,False,0.14351922569383285,0.9783344172789987,0.912648296251374,False,True,True,,,
43,iid,sparse_coordinate_attack,13,2,False,0.14760644391814542,0.9938676628106554,0.8993670166395027,False,True,True,,,
43,iid,sparse_coordinate_attack,13,3,False,0.14978296449899425,0.9848654952420325,0.9101997498389114,False,True,True,,,
43,iid,sparse_coordinate_attack,13,4,False,0.14586026861129808,0.9765736400039761,0.9099723306674753,False,True,True,,,
43,iid,sparse_coordinate_attack,14,0,True,7.499774972611615,-0.009620160121606637,0.0077161196339964495,False,False,False,,,
43,iid,sparse_coordinate_attack,14,1,False,0.1543478397588388,0.9904038380499571,0.893605559854934,False,True,True,,,
43,iid,sparse_coordinate_attack,14,2,False,0.16124085935090365,0.9873977239073471,0.8947056949059954,False,True,True,,,
43,iid,sparse_coordinate_attack,14,3,False,0.157959681801287,0.9851132796559985,0.8990455380039757,False,True,True,,,
43,iid,sparse_coordinate_attack,14,4,False,0.1592420080656024,0.9790857731822565,0.8782416048314896,False,True,True,,,
43,iid,sparse_coordinate_attack,15,0,True,7.613048846166571,0.009803281673401673,0.007790352627587273,False,False,False,,,
43,iid,sparse_coordinate_attack,15,1,False,0.14890739230677896,0.974984405256209,0.912619929459756,False,True,True,,,
43,iid,sparse_coordinate_attack,15,2,False,0.1649521563289013,0.9926114584813683,0.8780934989580955,False,True,True,,,
43,iid,sparse_coordinate_attack,15,3,False,0.15634069771753356,0.987678307919271,0.899932994131464,False,True,True,,,
43,iid,sparse_coordinate_attack,15,4,False,0.1555403620776682,0.9845054770738357,0.8624317975980973,False,True,True,,,
43,iid,sparse_coordinate_attack,16,0,True,6.75813889552735,-0.011862803949457238,0.007986146008086649,False,False,False,,,
43,iid,sparse_coordinate_attack,16,1,False,0.135824201432286,0.9719977331122475,0.870922852128737,False,True,True,,,
43,iid,sparse_coordinate_attack,16,2,False,0.14055282203723224,0.9602193665255614,0.9127090275147083,False,True,True,,,
43,iid,sparse_coordinate_attack,16,3,False,0.13602985904274909,0.9586938575727367,0.8936907127229433,False,True,True,,,
43,iid,sparse_coordinate_attack,16,4,False,0.13118015080222392,0.9666383229854263,0.8721056985365175,False,True,True,,,
43,iid,sparse_coordinate_attack,17,0,True,6.001418166260915,-0.014552568479517929,0.007626917836621053,False,False,False,,,
43,iid,sparse_coordinate_attack,17,1,False,0.11889083796074744,0.9273516944532424,0.9026494283514009,False,True,True,,,
43,iid,sparse_coordinate_attack,17,2,False,0.12101059158214258,0.9416913027230613,0.8714457081926427,False,True,True,,,
43,iid,sparse_coordinate_attack,17,3,False,0.12298358687338178,0.9689881721550231,0.859175996682661,False,True,True,,,
43,iid,sparse_coordinate_attack,17,4,False,0.11909609143146314,0.9498272913827984,0.87853948225816,False,True,True,,,
43,iid,sparse_coordinate_attack,18,0,True,7.033486339898972,0.032583369707519544,0.00792984905071985,False,False,False,,,
43,iid,sparse_coordinate_attack,18,1,False,0.11852611526972652,0.94559863808908,0.8664770828847425,False,True,True,,,
43,iid,sparse_coordinate_attack,18,2,False,0.12278511112463905,0.9687581609977818,0.8552060053014159,False,True,True,,,
43,iid,sparse_coordinate_attack,18,3,False,0.121884113894386,0.9371843461694329,0.8727882923352217,False,True,True,,,
43,iid,sparse_coordinate_attack,18,4,False,0.11821299687121213,0.9522043575359554,0.8654227396588977,False,True,True,,,
43,iid,sparse_coordinate_attack,19,0,True,9.492650745017233,0.012542056143979319,0.007655015861422014,False,False,False,,,
43,iid,sparse_coordinate_attack,19,1,False,0.12519785937570882,0.9562437063864733,0.8832556374286594,False,True,True,,,
43,iid,sparse_coordinate_attack,19,2,False,0.132220831992143,0.9114565048372542,0.8648019649544924,False,True,True,,,
43,iid,sparse_coordinate_attack,19,3,False,0.12233691394261102,0.9309987828352234,0.8655825044576683,False,True,True,,,
43,iid,sparse_coordinate_attack,19,4,False,0.11867293786621215,0.9294738527673649,0.8878601044061097,False,True,True,,,
43,iid,sparse_coordinate_attack,20,0,True,8.671516856028171,0.02148573586681517,0.007756252710712737,False,False,False,,,
43,iid,sparse_coordinate_attack,20,1,False,0.12585139838796047,0.9372366334021772,0.8994795431545468,False,True,True,,,
43,iid,sparse_coordinate_attack,20,2,False,0.13149756054097725,0.9543651528621148,0.9037299407257482,False,True,True,,,
43,iid,sparse_coordinate_attack,20,3,False,0.12800360274350522,0.9658273710466319,0.8764782420124332,False,True,True,,,
43,iid,sparse_coordinate_attack,20,4,False,0.12517647509018906,0.9596305210543475,0.8775769842417233,False,True,True,,,
43,iid,sparse_coordinate_attack,21,0,True,8.953393073456619,-0.03543619110897156,0.007341788377044627,False,False,False,,,
43,iid,sparse_coordinate_attack,21,1,False,0.13245348649228722,0.9524590720454116,0.9019006045759779,False,True,True,,,
43,iid,sparse_coordinate_attack,21,2,False,0.13038594793652164,0.9491563909819695,0.876962735617287,False,True,True,,,
43,iid,sparse_coordinate_attack,21,3,False,0.13435451232043472,0.9611107426699742,0.8724907248502802,False,True,True,,,
43,iid,sparse_coordinate_attack,21,4,False,0.12641359023825136,0.9492072377629712,0.8504297545378804,False,True,True,,,
43,iid,sparse_coordinate_attack,22,0,True,8.514453423621676,0.007559623203340002,0.007681651261828497,False,False,False,,,
43,iid,sparse_coordinate_attack,22,1,False,0.12933231736787754,0.921704334029685,0.8982254506006787,False,True,True,,,
43,iid,sparse_coordinate_attack,22,2,False,0.1301138675969451,0.9464501534754846,0.8738318099524295,False,True,True,,,
43,iid,sparse_coordinate_attack,22,3,False,0.13574353463889272,0.9581920197626107,0.9000872248568853,False,True,True,,,
43,iid,sparse_coordinate_attack,22,4,False,0.12678590027292963,0.933775985086385,0.8739857361704623,False,True,True,,,
43,iid,sparse_coordinate_attack,23,0,True,6.766559182273535,0.005345236360585171,0.0076317672310994514,False,False,False,,,
43,iid,sparse_coordinate_attack,23,1,False,0.12807970420843967,0.912210718738622,0.8539051377114816,False,True,True,,,
43,iid,sparse_coordinate_attack,23,2,False,0.12305646662764523,0.899048081726086,0.8938129205241059,False,True,True,,,
43,iid,sparse_coordinate_attack,23,3,False,0.13038937396159142,0.868548615314568,0.8907920126617956,False,True,True,,,
43,iid,sparse_coordinate_attack,23,4,False,0.12148796508966518,0.8815447748953147,0.8670439187968403,False,True,True,,,
43,iid,sparse_coordinate_attack,24,0,True,5.4930145405794315,0.006223973743337981,0.0074521015073234905,False,False,False,,,
43,iid,sparse_coordinate_attack,24,1,False,0.10524445493139259,0.9336798561791037,0.8939949584402032,False,True,True,,,
43,iid,sparse_coordinate_attack,24,2,False,0.1087108236696448,0.9000571283431509,0.870242303537176,False,True,True,,,
43,iid,sparse_coordinate_attack,24,3,False,0.11327797049006642,0.9372413130106519,0.8922164490074889,False,True,True,,,
43,iid,sparse_coordinate_attack,24,4,False,0.1025128010955116,0.8979428823372659,0.8688826992187787,False,True,True,,,
43,dirichlet_a1.0,no_attack,0,0,False,0.2206530051839862,0.21300058041572817,0.6500583212130813,True,True,True,False,False,True
43,dirichlet_a1.0,no_attack,0,1,False,0.18472975042786316,0.3996259680780309,0.6315611364716386,True,True,True,False,False,True
43,dirichlet_a1.0,no_attack,0,2,False,0.3636818972288649,0.04530865320643681,0.6636450038160794,False,True,True,False,False,True
43,dirichlet_a1.0,no_attack,0,3,False,0.3538018478841141,0.37556085947812873,0.6178016502743257,False,True,True,False,False,True
43,dirichlet_a1.0,no_attack,0,4,False,0.23209024847420184,0.22170535072554162,0.6642786169952335,True,True,True,False,False,True
43,dirichlet_a1.0,no_attack,1,0,False,0.29597570213881974,0.1648230281100203,0.6982508123859181,True,True,True,False,False,True
43,dirichlet_a1.0,no_attack,1,1,False,0.24124827074037292,0.3368817582504157,0.6765271627472969,True,True,True,False,False,True
43,dirichlet_a1.0,no_attack,1,2,False,0.38677034847186154,0.04250087064793084,0.7038904486334727,False,True,True,False,False,True
43,dirichlet_a1.0,no_attack,1,3,False,0.3372689960040728,0.4432359736325187,0.6259341414902063,False,True,True,False,False,True
43,dirichlet_a1.0,no_attack,1,4,False,0.24514549835418437,0.293599579424256,0.6570953827012957,True,True,True,False,False,True
43,dirichlet_a1.0,no_attack,2,0,False,0.28974143967650084,0.11432060464661362,0.6414968788618144,True,True,True,False,False,True
43,dirichlet_a1.0,no_attack,2,1,False,0.23789200498242166,0.2775375662148402,0.6618238854209576,True,True,True,False,False,True
43,dirichlet_a1.0,no_attack,2,2,False,0.3188233581563789,-0.10706466659016652,0.7045612978864983,False,True,True,False,False,True
43,dirichlet_a1.0,no_attack,2,3,False,0.26941855628267686,0.32612284485746224,0.6142067239139389,True,True,True,False,False,True
43,dirichlet_a1.0,no_attack,2,4,False,0.19203138245697204,0.10820400169220101,0.6727320257295859,True,True,True,False,False,True
43,dirichlet_a1.0,no_attack,3,0,False,0.22308935296533455,-0.07621374718518126,0.6635711341593694,True,True,True,False,False,True
43,dirichlet_a1.0,no_attack,3,1,False,0.20368145138545013,0.020871417833300546,0.6481860011271776,True,True,True,False,False,True
43,dirichlet_a1.0,no_attack,3,2,False,0.2401650800449835,-0.25627690785258644,0.698177168765404,True,True,True,False,False,True
43,dirichlet_a1.0,no_attack,3,3,False,0.2526354211751938,0.4695220958853212,0.6640421934539582,True,True,True,False,False,True
43,dirichlet_a1.0,no_attack,3,4,False,0.1930136103059013,0.44573722218330336,0.690413102177808,True,True,True,False,False,True
43,dirichlet_a1.0,no_attack,4,0,False,0.20838008190788868,0.2268904266785681,0.6687378288279368,True,True,True,False,False,True
43,dirichlet_a1.0,no_attack,4,1,False,0.15546992272607996,-0.06628856264434473,0.7155246394032413,True,True,True,False,False,True
43,dirichlet_a1.0,no_attack,4,2,False,0.2160976915063364,-0.3784195090523984,0.6593804667128759,True,True,True,False,False,True
43,dirichlet_a1.0,no_attack,4,3,False,0.23830017679768023,0.5001884615625104,0.6816186421097798,True,True,True,False,False,True
43,dirichlet_a1.0,no_attack,4,4,False,0.1687260679637702,0.7151708938805046,0.7099465293593425,True,True,True,False,True,True
43,dirichlet_a1.0,no_attack,5,0,False,0.1670291260974058,0.08039681505755919,0.7073983425651595,True,True,True,False,False,True
43,dirichlet_a1.0,no_attack,5,1,False,0.14958605983698894,-0.12722766110999129,0.6904718966035467,True,True,True,False,False,True
43,dirichlet_a1.0,no_attack,5,2,False,0.17840906449026314,-0.26507733810734213,0.7173343638627678,True,True,True,False,False,True
43,dirichlet_a1.0,no_attack,5,3,False,0.2276202351366952,0.5002170928149244,0.6286658937695908,True,True,True,False,False,True
43,dirichlet_a1.0,no_attack,5,4,False,0.15042594797003564,0.7536593472504233,0.6697582549701576,True,True,True,False,True,True
43,dirichlet_a1.0,no_attack,6,0,False,0.1560347683392998,0.18444244488979616,0.6718488897017866,True,True,True,False,False,True
43,dirichlet_a1.0,no_attack,6,1,False,0.13634746540194734,0.12296544538625595,0.6908873240607567,True,True,True,False,False,True
43,dirichlet_a1.0,no_attack,6,2,False,0.16394924670833333,-0.17573029828196066,0.6763383021707141,True,True,True,False,False,True
43,dirichlet_a1.0,no_attack,6,3,False,0.22124220447560905,0.5449732828139685,0.655154926298812,True,True,True,False,False,True
43,dirichlet_a1.0,no_attack,6,4,False,0.15989012682894954,0.6760207830694945,0.7105243467489172,True,True,True,False,True,True
43,dirichlet_a1.0,no_attack,7,0,False,0.16691761743521275,0.2282240956140941,0.6646450769823585,True,True,True,False,False,True
43,dirichlet_a1.0,no_attack,7,1,False,0.1228132960311895,0.022217745529788814,0.7042168573774062,True,True,True,False,False,True
43,dirichlet_a1.0,no_attack,7,2,False,0.15089941850171745,-0.17154224316487504,0.6717904471510664,True,True,True,False,False,True
43,dirichlet_a1.0,no_attack,7,3,False,0.2089387438654038,0.454783586534577,0.6625927725376535,True,True,True,False,False,True
43,dirichlet_a1.0,no_attack,7,4,False,0.16602273737091233,0.7331796231236376,0.6967112868367706,True,True,True,False,True,True
43,dirichlet_a1.0,no_attack,8,0,False,0.14253464004092134,0.29867795384136725,0.6532171659703823,True,True,True,False,False,True
43,dirichlet_a1.0,no_attack,8,1,False,0.12492489724576998,0.08948733513519182,0.7126269715367812,True,True,True,False,False,True
43,dirichlet_a1.0,no_attack,8,2,False,0.1396646517367475,-0.14713241479058461,0.7034576124783016,True,True,True,False,False,True
43,dirichlet_a1.0,no_attack,8,3,False,0.19842300578519972,0.519062926373135,0.6562985357264475,True,True,True,False,False,True
43,dirichlet_a1.0,no_attack,8,4,False,0.15297997924355153,0.7455112389963419,0.7122781372247738,True,True,True,False,True,True
43,dirichlet_a1.0,no_attack,9,0,False,0.1433336121443943,0.30723800442123783,0.6736681629541798,True,True,True,False,False,True
43,dirichlet_a1.0,no_attack,9,1,False,0.10686373775365332,0.01486032611153139,0.7096806978910816,True,True,True,False,False,True
43,dirichlet_a1.0,no_attack,9,2,False,0.15401078620255942,-0.1212622449594127,0.7025578046921318,True,True,True,False,False,True
43,dirichlet_a1.0,no_attack,9,3,False,0.2085762262189809,0.5278069964962231,0.6302193613957822,True,True,True,False,False,True
43,dirichlet_a1.0,no_attack,9,4,False,0.1606317719275581,0.7931875606613503,0.7147200813076988,True,True,True,False,True,True
43,dirichlet_a1.0,no_attack,10,0,True,0.15350366073690533,0.2303512400146395,0.6878113305482766,True,True,True,False,False,True
43,dirichlet_a1.0,no_attack,10,1,False,0.12105129419364516,0.20646172484741573,0.7057188543873015,True,True,True,False,False,True
43,dirichlet_a1.0,no_attack,10,2,False,0.14226495490754615,0.070283921127535,0.7026547338987166,True,True,True,False,False,True
43,dirichlet_a1.0,no_attack,10,3,False,0.20705063128909149,0.5845537596638207,0.6687401106767018,True,True,True,False,False,True
43,dirichlet_a1.0,no_attack,10,4,False,0.15333268352910182,0.8194106764299813,0.7351377598432778,True,True,True,False,True,True
43,dirichlet_a1.0,no_attack,11,0,True,0.1430528015972395,0.4385154353947323,0.664121110176619,True,True,True,False,False,True
43,dirichlet_a1.0,no_attack,11,1,False,0.11991193068641406,0.19967787949483995,0.7425315391084946,True,True,True,False,False,True
43,dirichlet_a1.0,no_attack,11,2,False,0.14597401980468108,-0.10185041164026318,0.705340622371741,True,True,True,False,False,True
43,dirichlet_a1.0,no_attack,11,3,False,0.21244035805891046,0.6371109312551332,0.6409840201850294,True,True,True,False,False,True
43,dirichlet_a1.0,no_attack,11,4,False,0.16790691619189937,0.8583937908027279,0.7349453322119428,True,True,True,False,True,True
43,dirichlet_a1.0,no_attack,12,0,True,0.14771094363404155,0.2664612004606965,0.7002664564716365,True,True,True,False,False,True
43,dirichlet_a1.0,no_attack,12,1,False,0.10422583196472757,0.20618175925376592,0.7267321812589426,True,True,True,False,False,True
43,dirichlet_a1.0,no_attack,12,2,False,0.15027057989533,0.049248067248301636,0.7126725327073177,True,True,True,False,False,True
43,dirichlet_a1.0,no_attack,12,3,False,0.22498744800400045,0.7289431834802936,0.6666124043626892,True,True,True,False,True,True
43,dirichlet_a1.0,no_attack,12,4,False,0.19164851022337256,0.8854193803308446,0.7725438453695691,True,True,True,False,True,True
43,dirichlet_a1.0,no_attack,13,0,True,0.1526873152988071,0.5092340953384433,0.6642624593037816,True,True,True,False,False,True
43,dirichlet_a1.0,no_attack,13,1,False,0.10150389086743829,0.322444471449671,0.745371066032223,True,True,True,False,False,True
43,dirichlet_a1.0,no_attack,13,2,False,0.1440689219846764,0.04304618286411229,0.7157692628767008,True,True,True,False,False,True
43,dirichlet_a1.0,no_attack,13,3,False,0.23963734382648383,0.6799861842250458,0.6674680691209617,True,True,True,False,True,True
43,dirichlet_a1.0,no_attack,13,4,False,0.20422063850835365,0.895561971942839,0.7339677769429835,True,True,True,False,True,True
43,dirichlet_a1.0,no_attack,14,0,True,0.1543155256013154,0.5667200713282563,0.702960509640244,True,True,True,False,False,True
43,dirichlet_a1.0,no_attack,14,1,False,0.10902392074258382,0.29601213339680266,0.7272596698153061,True,True,True,False,False,True
43,dirichlet_a1.0,no_attack,14,2,False,0.15220908542520636,0.10113818684835837,0.7246067017016171,True,True,True,False,False,True
43,dirichlet_a1.0,no_attack,14,3,False,0.2563509544060255,0.7551499399829007,0.666554014092837,True,True,True,False,True,True
43,dirichlet_a1.0,no_attack,14,4,False,0.2239136817837438,0.910139576134192,0.7704760134507174,True,True,True,False,True,True
43,dirichlet_a1.0,no_attack,15,0,True,0.18110528734426526,0.6007382716574139,0.7112957001138663,True,True,True,False,False,True
43,dirichlet_a1.0,no_attack,15,1,False,0.10127797575110022,0.40807500583304357,0.7515748773275007,True,True,True,False,False,True
43,dirichlet_a1.0,no_attack,15,2,False,0.1411390843747029,0.22518562624738342,0.7334463804444882,True,True,True,False,False,True
43,dirichlet_a1.0,no_attack,15,3,False,0.26606497594322254,0.7588110236362094,0.6789871634186102,True,True,True,False,True,True
43,dirichlet_a1.0,no_attack,15,4,False,0.22622664794341904,0.9131807088680985,0.7735125703472512,True,True,True,False,True,True
43,dirichlet_a1.0,no_attack,16,0,True,0.1811614742527682,0.5741047346361602,0.6802809192318663,True,True,True,False,False,True
43,dirichlet_a1.0,no_attack,16,1,False,0.10757911021713996,0.49508085154072995,0.7616503619417655,True,True,True,False,False,True
43,dirichlet_a1.0,no_attack,16,2,False,0.15777103370219323,0.3394095439494449,0.7025139341797914,True,True,True,False,False,True
43,dirichlet_a1.0,no_attack,16,3,False,0.26746919802458746,0.7236302141931379,0.6705289206503389,True,True,True,False,True,True
43,dirichlet_a1.0,no_attack,16,4,False,0.23146729336759392,0.9277935120305227,0.75410316303954,True,True,True,False,True,True
43,dirichlet_a1.0,no_attack,17,0,True,0.19253546729918256,0.5150743299910318,0.6815575617259971,True,True,True,False,False,True
43,dirichlet_a1.0,no_attack,17,1,False,0.10693038968204117,0.5732926090486291,0.7662336653355502,True,True,True,False,False,True
43,dirichlet_a1.0,no_attack,17,2,False,0.16310173321079224,0.29988805185349543,0.6931569215469957,True,True,True,False,False,True
43,dirichlet_a1.0,no_attack,17,3,False,0.26407331365183445,0.6809624583057089,0.6758860729990521,True,True,True,False,True,True
43,dirichlet_a1.0,no_attack,17,4,False,0.2399880780767592,0.8875542113344117,0.7517752536631602,True,True,True,False,True,True
43,dirichlet_a1.0,no_attack,18,0,True,0.18257333202584897,0.6478260188491212,0.7148510821140234,True,True,True,False,False,True
43,dirichlet_a1.0,no_attack,18,1,False,0.0995757744689619,0.47073129731719543,0.7197961660523003,True,True,True,False,False,True
43,dirichlet_a1.0,no_attack,18,2,False,0.15889880470329693,0.3121414810320051,0.7209721311351832,True,True,True,False,False,True
43,dirichlet_a1.0,no_attack,18,3,False,0.26201930185888317,0.6619981230195544,0.6944073814423664,True,True,True,False,True,True
43,dirichlet_a1.0,no_attack,18,4,False,0.22413463519456728,0.8751027056095618,0.7675207489992989,True,True,True,False,True,True
43,dirichlet_a1.0,no_attack,19,0,True,0.203674734843317,0.5692674321351232,0.7050542134001213,True,True,True,False,False,True
43,dirichlet_a1.0,no_attack,19,1,False,0.10999533580839906,0.4988645044498936,0.7395656705505343,True,True,True,False,False,True
43,dirichlet_a1.0,no_attack,19,2,False,0.16468905475049767,0.27021633780630494,0.7028607874554703,True,True,True,False,False,True
43,dirichlet_a1.0,no_attack,19,3,False,0.24197314210207704,0.6713001434646297,0.7008229236345535,True,True,True,False,True,True
43,dirichlet_a1.0,no_attack,19,4,False,0.20068184089970206,0.8531407591244714,0.8226669570492976,True,True,True,False,True,True
43,dirichlet_a1.0,no_attack,20,0,True,0.1934564787920119,0.5433904353914318,0.7077931223638075,True,True,True,False,False,True
43,dirichlet_a1.0,no_attack,20,1,False,0.11189195371867727,0.48924009807705127,0.7190606444726132,True,True,True,False,False,True
43,dirichlet_a1.0,no_attack,20,2,False,0.16928751395422656,0.28789852789968606,0.6798541152400649,True,True,True,False,False,True
43,dirichlet_a1.0,no_attack,20,3,False,0.25168239259781133,0.6698017506713794,0.711707103727919,True,True,True,False,True,True
43,dirichlet_a1.0,no_attack,20,4,False,0.1985633536374228,0.8125883100321784,0.7928925656592613,True,True,True,False,True,True
43,dirichlet_a1.0,no_attack,21,0,True,0.19078409438012423,0.5464182041816784,0.6756945556153857,True,True,True,False,False,True
43,dirichlet_a1.0,no_attack,21,1,False,0.11712302598133863,0.5629705075764078,0.7075808071252893,True,True,True,False,False,True
43,dirichlet_a1.0,no_attack,21,2,False,0.20247546147953124,0.3568543684956099,0.6998457351592857,True,True,True,False,False,True
43,dirichlet_a1.0,no_attack,21,3,False,0.2341110509890949,0.5747048142854437,0.6833277545733704,True,True,True,False,False,True
43,dirichlet_a1.0,no_attack,21,4,False,0.19287268589822962,0.8158849712996962,0.7651245033690859,True,True,True,False,True,True
43,dirichlet_a1.0,no_attack,22,0,True,0.1866771689504684,0.5422594233623239,0.7104710770944296,True,True,True,False,False,True
43,dirichlet_a1.0,no_attack,22,1,False,0.14564103824442376,0.5683503193618901,0.7386871528323171,True,True,True,False,False,True
43,dirichlet_a1.0,no_attack,22,2,False,0.22780062934208614,0.4606915454337883,0.7136339621024974,True,True,True,False,False,True
43,dirichlet_a1.0,no_attack,22,3,False,0.2294926620093325,0.510672051212368,0.6740586311776213,True,True,True,False,False,True
43,dirichlet_a1.0,no_attack,22,4,False,0.18769757541965068,0.8029093852084019,0.7800259884908112,True,True,True,False,True,True
43,dirichlet_a1.0,no_attack,23,0,True,0.18972287307340785,0.5592013608118998,0.7125778155065082,True,True,True,False,False,True
43,dirichlet_a1.0,no_attack,23,1,False,0.15583923446695203,0.6153670715284051,0.7617218449349179,True,True,True,False,False,True
43,dirichlet_a1.0,no_attack,23,2,False,0.24356828168254982,0.47491670865000696,0.7423457838143747,True,True,True,False,False,True
43,dirichlet_a1.0,no_attack,23,3,False,0.22870775037201072,0.5433929590010076,0.6369482173174873,True,True,True,False,False,True
43,dirichlet_a1.0,no_attack,23,4,False,0.17969013629350641,0.7659980585372813,0.7663978494623656,True,True,True,False,True,True
43,dirichlet_a1.0,no_attack,24,0,True,0.17071140610797408,0.6108184792494503,0.7171269107418051,True,True,True,False,False,True
43,dirichlet_a1.0,no_attack,24,1,False,0.1734296697397982,0.6383738445833669,0.8006719702333847,True,True,True,False,False,True
43,dirichlet_a1.0,no_attack,24,2,False,0.24328972087761697,0.5919109230646115,0.747025421022672,True,True,True,False,False,True
43,dirichlet_a1.0,no_attack,24,3,False,0.21579332945705482,0.48737532862625454,0.6257098032682189,True,True,True,False,False,True
43,dirichlet_a1.0,no_attack,24,4,False,0.1951935631106633,0.7735613220188119,0.7558207338914573,True,True,True,False,True,True
43,dirichlet_a1.0,large_norm,0,0,False,0.2204553663225693,0.21298306496732683,0.6716476130464788,True,True,True,False,False,True
43,dirichlet_a1.0,large_norm,0,1,False,0.18459231078465005,0.400024397084058,0.6359183244816515,True,True,True,False,False,True
43,dirichlet_a1.0,large_norm,0,2,False,0.363820434747175,0.044845538112797186,0.6690296156269692,False,True,True,False,False,True
43,dirichlet_a1.0,large_norm,0,3,False,0.35375353946293914,0.3750616245360079,0.6217031235934828,False,True,True,False,False,True
43,dirichlet_a1.0,large_norm,0,4,False,0.231527651125618,0.2205671525484937,0.6607555435532751,True,True,True,False,False,True
43,dirichlet_a1.0,large_norm,1,0,False,0.2958691746957345,0.16533315998139125,0.6903719301604013,True,True,True,False,False,True
43,dirichlet_a1.0,large_norm,1,1,False,0.24113235115096246,0.33903759255696564,0.6796200138785863,True,True,True,False,False,True
43,dirichlet_a1.0,large_norm,1,2,False,0.3866823412098223,0.04663521284100676,0.7054309939141602,False,True,True,False,False,True
43,dirichlet_a1.0,large_norm,1,3,False,0.3375855957630205,0.4449316992041525,0.6325923444441786,False,True,True,False,False,True
43,dirichlet_a1.0,large_norm,1,4,False,0.24531945637754518,0.2954665541217528,0.6584591578729072,True,True,True,False,False,True
43,dirichlet_a1.0,large_norm,2,0,False,0.29081475932640977,0.12076611519705305,0.6529984414143145,True,True,True,False,False,True
43,dirichlet_a1.0,large_norm,2,1,False,0.23777603602234734,0.2742812828733563,0.6686006185381935,True,True,True,False,False,True
43,dirichlet_a1.0,large_norm,2,2,False,0.3187495941727409,-0.11454557980890405,0.7148849013031735,False,True,True,False,False,True
43,dirichlet_a1.0,large_norm,2,3,False,0.26910741835478924,0.32435714733150994,0.6162941565276996,True,True,True,False,False,True
43,dirichlet_a1.0,large_norm,2,4,False,0.19231557497861235,0.11131135392829779,0.6768505144964789,True,True,True,False,False,True
43,dirichlet_a1.0,large_norm,3,0,False,0.22292802452333565,-0.07535783128815572,0.6544526826419196,True,True,True,False,False,True
43,dirichlet_a1.0,large_norm,3,1,False,0.20349992589256327,0.019529002831279896,0.6585898080698281,True,True,True,False,False,True
43,dirichlet_a1.0,large_norm,3,2,False,0.24032395411622123,-0.25280877013633135,0.6886448075019874,True,True,True,False,False,True
43,dirichlet_a1.0,large_norm,3,3,False,0.2526367438092234,0.47787391368397064,0.6610234112627156,True,True,True,False,False,True
43,dirichlet_a1.0,large_norm,3,4,False,0.1929877127878367,0.44670030813043005,0.6774989048785632,True,True,True,False,False,True
43,dirichlet_a1.0,large_norm,4,0,False,0.2077952339823543,0.2271225023418333,0.6999300794706504,True,True,True,False,False,True
43,dirichlet_a1.0,large_norm,4,1,False,0.15485252492609922,-0.06637464611130775,0.7198403765476312,True,True,True,False,False,True
43,dirichlet_a1.0,large_norm,4,2,False,0.21478930677989017,-0.3737611609173581,0.6582420955694259,True,True,True,False,False,True
43,dirichlet_a1.0,large_norm,4,3,False,0.23792516118044868,0.4979206000769004,0.6897660220334937,True,True,True,False,False,True
43,dirichlet_a1.0,large_norm,4,4,False,0.16850065055114813,0.7168776303397968,0.7082693816296599,True,True,True,False,True,True
43,dirichlet_a1.0,large_norm,5,0,False,0.16718941962381603,0.08148138936972882,0.6795533856649066,True,True,True,False,False,True
43,dirichlet_a1.0,large_norm,5,1,False,0.14916201829595185,-0.1240519567902709,0.6932551951658226,True,True,True,False,False,True
43,dirichlet_a1.0,large_norm,5,2,False,0.1785926684878933,-0.26141933878661233,0.7198713538515098,True,True,True,False,False,True
43,dirichlet_a1.0,large_norm,5,3,False,0.2273672473402513,0.5046434651550203,0.6068417867889027,True,True,True,False,False,True
43,dirichlet_a1.0,large_norm,5,4,False,0.1503839873605066,0.7555818145674271,0.6737096012135178,True,True,True,False,True,True
43,dirichlet_a1.0,large_norm,6,0,False,0.15751496870576767,0.1791372645044564,0.6662117024703708,True,True,True,False,False,True
43,dirichlet_a1.0,large_norm,6,1,False,0.1361108361642496,0.12225618369298559,0.704462605334102,True,True,True,False,False,True
43,dirichlet_a1.0,large_norm,6,2,False,0.16435024823082509,-0.17361193135567954,0.6809033723867818,True,True,True,False,False,True
43,dirichlet_a1.0,large_norm,6,3,False,0.22111372830925566,0.5454314527375302,0.6531646857356008,True,True,True,False,False,True
43,dirichlet_a1.0,large_norm,6,4,False,0.16027099082984542,0.6774411078944169,0.7067006900761288,True,True,True,False,True,True
43,dirichlet_a1.0,large_norm,7,0,False,0.1668507993526653,0.23089722735033036,0.66111006646664,True,True,True,False,False,True
43,dirichlet_a1.0,large_norm,7,1,False,0.12293349667378857,0.017948715738048984,0.7030257445817016,True,True,True,False,False,True
43,dirichlet_a1.0,large_norm,7,2,False,0.15089674826945057,-0.16920860284810568,0.6617314028303507,True,True,True,False,False,True
43,dirichlet_a1.0,large_norm,7,3,False,0.20838131145802463,0.45455780102323046,0.6690484560608909,True,True,True,False,False,True
43,dirichlet_a1.0,large_norm,7,4,False,0.16615355752837377,0.7350835775720495,0.6866911385988865,True,True,True,False,True,True
43,dirichlet_a1.0,large_norm,8,0,False,0.14288052735909934,0.30511926791908633,0.6650070702195578,True,True,True,False,False,True
43,dirichlet_a1.0,large_norm,8,1,False,0.12434993218967032,0.09404387350158923,0.713516396982244,True,True,True,False,False,True
43,dirichlet_a1.0,large_norm,8,2,False,0.13887087326160083,-0.15274653211176498,0.6958958857249303,True,True,True,False,False,True
43,dirichlet_a1.0,large_norm,8,3,False,0.19884422699281076,0.5240476187425321,0.6552019034555169,True,True,True,False,False,True
43,dirichlet_a1.0,large_norm,8,4,False,0.1531317976911396,0.7464894871701737,0.7251081701255705,True,True,True,False,True,True
43,dirichlet_a1.0,large_norm,9,0,False,0.1432493973442346,0.305243146037434,0.652413747543312,True,True,True,False,False,True
43,dirichlet_a1.0,large_norm,9,1,False,0.10699605522936513,0.01322420458805899,0.6945944606847346,True,True,True,False,False,True
43,dirichlet_a1.0,large_norm,9,2,False,0.15506784490555275,-0.14211641473202077,0.6892599382318453,True,True,True,False,False,True
43,dirichlet_a1.0,large_norm,9,3,False,0.20862105246401053,0.5308428188628064,0.6315793819881418,True,True,True,False,False,True
43,dirichlet_a1.0,large_norm,9,4,False,0.16068708507203394,0.7981196326978158,0.7030256486482023,True,True,True,False,True,True
43,dirichlet_a1.0,large_norm,10,0,True,22732.84098648155,0.0020538373881531413,0.8059456611725747,False,True,True,False,False,True
43,dirichlet_a1.0,large_norm,10,1,False,0.12683481731771,0.22514722087086236,0.41411906374651913,True,True,False,False,False,False
43,dirichlet_a1.0,large_norm,10,2,False,0.15557351086514512,-0.09600577131861822,0.41481648729334436,True,True,False,False,False,False
43,dirichlet_a1.0,large_norm,10,3,False,0.2024470505014785,0.5350686118103215,0.3836180728029904,True,True,False,False,False,False
43,dirichlet_a1.0,large_norm,10,4,False,0.15690399843323788,0.8056176742675197,0.4246356087403728,True,True,True,False,True,False
43,dirichlet_a1.0,large_norm,11,0,True,22698.122742886688,0.0004216129851308645,0.8093706571371848,False,True,True,False,False,True
43,dirichlet_a1.0,large_norm,11,1,False,0.1272721626453227,0.29006968552767615,0.4249454040103236,True,True,True,False,False,False
43,dirichlet_a1.0,large_norm,11,2,False,0.14355937173832697,-0.013757791655668986,0.41641353980543977,True,True,True,False,False,False
43,dirichlet_a1.0,large_norm,11,3,False,0.2099753886756532,0.5230273778869095,0.37514889815366287,True,True,False,False,False,False
43,dirichlet_a1.0,large_norm,11,4,False,0.1619715903027102,0.8016239861131587,0.40812983918999407,True,True,False,False,True,False
43,dirichlet_a1.0,large_norm,12,0,True,22752.59971397804,-0.002995179226406801,0.7848327749251601,False,True,True,False,False,True
43,dirichlet_a1.0,large_norm,12,1,False,0.11691620361976161,0.2725034815820428,0.4553438670922464,True,True,True,False,False,False
43,dirichlet_a1.0,large_norm,12,2,False,0.12616769843521408,0.07952655431317915,0.41284371840367956,True,True,False,False,False,False
43,dirichlet_a1.0,large_norm,12,3,False,0.23125019575168732,0.7131229624913608,0.40350112012053685,True,True,False,False,True,False
43,dirichlet_a1.0,large_norm,12,4,False,0.18298410520761257,0.8807070362915715,0.4342846097420749,True,True,True,False,True,False
43,dirichlet_a1.0,large_norm,13,0,True,22756.43457311728,-0.0010956009195503692,0.7843223784684346,False,True,True,False,False,True
43,dirichlet_a1.0,large_norm,13,1,False,0.10831496220927869,0.35590775400097996,0.4429976794462405,True,True,True,False,False,False
43,dirichlet_a1.0,large_norm,13,2,False,0.14342870942273137,0.10149269639185164,0.4249737202245185,True,True,True,False,False,False
43,dirichlet_a1.0,large_norm,13,3,False,0.24052668255661752,0.7319271634914049,0.41900374858684225,True,True,True,False,True,False
43,dirichlet_a1.0,large_norm,13,4,False,0.20825701864473636,0.8892568254904819,0.4463942164660148,True,True,True,False,True,False
43,dirichlet_a1.0,large_norm,14,0,True,22724.523957702637,0.002615233221582274,0.7844231686000318,False,True,True,False,False,True
43,dirichlet_a1.0,large_norm,14,1,False,0.10356287041204836,0.43400228109127514,0.4437867471794057,True,True,True,False,False,False
43,dirichlet_a1.0,large_norm,14,2,False,0.14110192664787521,0.12142402114850698,0.41559570157317655,True,True,False,False,False,False
43,dirichlet_a1.0,large_norm,14,3,False,0.26107297858035033,0.7882912108528423,0.42607857937390753,True,True,True,False,True,False
43,dirichlet_a1.0,large_norm,14,4,False,0.23228629376006682,0.9197498865180841,0.46174817257269984,True,True,True,False,True,False
43,dirichlet_a1.0,large_norm,15,0,True,22713.048916385538,-0.002936718916232794,0.7616866934787436,False,True,True,False,False,True
43,dirichlet_a1.0,large_norm,15,1,False,0.12397575201500843,0.47952411863462213,0.4762861161143872,True,True,True,False,False,False
43,dirichlet_a1.0,large_norm,15,2,False,0.1471066987559057,0.25446106839351906,0.441471538898073,True,True,True,False,False,False
43,dirichlet_a1.0,large_norm,15,3,False,0.2596562784834312,0.7058063310822402,0.42823163660588714,True,True,True,False,True,False
43,dirichlet_a1.0,large_norm,15,4,False,0.2217788610201247,0.8924615810186092,0.4977769004910064,True,True,True,False,True,False
43,dirichlet_a1.0,large_norm,16,0,True,22764.580673976954,0.0009538207231881405,0.7688380307820176,False,True,True,False,False,True
43,dirichlet_a1.0,large_norm,16,1,False,0.1212133183742099,0.5518121799109441,0.47830367434980287,True,True,True,False,False,False
43,dirichlet_a1.0,large_norm,16,2,False,0.15903574400839465,0.22386843607966103,0.4507472876500883,True,True,True,False,False,False
43,dirichlet_a1.0,large_norm,16,3,False,0.2716994259511138,0.6772866681752832,0.441406810434817,True,True,True,False,True,False
43,dirichlet_a1.0,large_norm,16,4,False,0.21044711697104643,0.8431220656140787,0.483918844709619,True,True,True,False,True,False
43,dirichlet_a1.0,large_norm,17,0,True,22739.578293397462,0.0011024658944293688,0.7632942878661751,False,True,True,False,False,True
43,dirichlet_a1.0,large_norm,17,1,False,0.13914912756732203,0.5989136708136071,0.48294486066516035,True,True,True,False,False,False
43,dirichlet_a1.0,large_norm,17,2,False,0.17002596927878377,0.29601671306947347,0.45031612954374284,True,True,True,False,False,False
43,dirichlet_a1.0,large_norm,17,3,False,0.2576760817341169,0.6121113808202364,0.45712926626233796,True,True,True,False,False,False
43,dirichlet_a1.0,large_norm,17,4,False,0.19829168351713258,0.8064250250586772,0.5141762793832005,True,True,True,False,True,False
43,dirichlet_a1.0,large_norm,18,0,True,22759.3689470928,0.0016194846125173658,0.7746031901985154,False,True,True,False,False,True
43,dirichlet_a1.0,large_norm,18,1,False,0.1424606059631298,0.5731882665808102,0.46568350519009044,True,True,True,False,False,False
43,dirichlet_a1.0,large_norm,18,2,False,0.17027944654441418,0.3102388544642106,0.4527684576122145,True,True,True,False,False,False
43,dirichlet_a1.0,large_norm,18,3,False,0.23439366891038946,0.5256940375588042,0.4316101807320656,True,True,True,False,False,False
43,dirichlet_a1.0,large_norm,18,4,False,0.19109545832952288,0.7051214650887174,0.47776342226654417,True,True,True,False,True,False
43,dirichlet_a1.0,large_norm,19,0,True,22781.351073196143,0.0007258569136637566,0.7623556352050975,False,True,True,False,False,True
43,dirichlet_a1.0,large_norm,19,1,False,0.13172639272858702,0.5218569636516556,0.47996814018319395,True,True,True,False,False,False
43,dirichlet_a1.0,large_norm,19,2,False,0.16840173455185364,0.18983825030094426,0.46944444444444444,True,True,True,False,False,False
43,dirichlet_a1.0,large_norm,19,3,False,0.2368732855309485,0.5159222010645295,0.46002090800477896,True,True,True,False,False,False
43,dirichlet_a1.0,large_norm,19,4,False,0.1783618904164979,0.7266185294357721,0.524905416168857,True,True,True,False,True,False
43,dirichlet_a1.0,large_norm,20,0,True,22710.467453517467,0.0017359135744155066,0.767432484894335,False,True,True,False,False,True
43,dirichlet_a1.0,large_norm,20,1,False,0.14334060463806403,0.5332972342047598,0.4853970276431181,True,True,True,False,False,False
43,dirichlet_a1.0,large_norm,20,2,False,0.18579154218379804,0.33572148892971065,0.4719388009038513,True,True,True,False,False,False
43,dirichlet_a1.0,large_norm,20,3,False,0.2263513764510539,0.42003247565668284,0.4375765237559601,True,True,True,False,False,False
43,dirichlet_a1.0,large_norm,20,4,False,0.16313111472853378,0.8070655765382602,0.5103773678814243,True,True,True,False,True,False
43,dirichlet_a1.0,large_norm,21,0,True,22762.715828572334,-0.0005552053317849614,0.7394597111326848,False,True,True,False,False,True
43,dirichlet_a1.0,large_norm,21,1,False,0.16500354492050806,0.6131215594857138,0.5370742773363977,True,True,True,False,False,True
43,dirichlet_a1.0,large_norm,21,2,False,0.2200662735941955,0.37651665963689074,0.50383373288689,True,True,True,False,False,False
43,dirichlet_a1.0,large_norm,21,3,False,0.21548353647826207,0.4373533697763205,0.46338141184395615,True,True,True,False,False,False
43,dirichlet_a1.0,large_norm,21,4,False,0.1620212238976568,0.8115895442080062,0.5596061260475897,True,True,True,False,True,True
43,dirichlet_a1.0,large_norm,22,0,True,22644.696671601418,-0.0014643525086421743,0.7495169810201954,False,True,True,False,False,True
43,dirichlet_a1.0,large_norm,22,1,False,0.1714362186734174,0.6751199576644836,0.5288057201306499,True,True,True,False,True,False
43,dirichlet_a1.0,large_norm,22,2,False,0.24106318667109944,0.48254372896591907,0.5052847958966858,True,True,True,False,False,False
43,dirichlet_a1.0,large_norm,22,3,False,0.203736008605968,0.5211898000963335,0.46843699505368797,True,True,True,False,False,False
43,dirichlet_a1.0,large_norm,22,4,False,0.1700660178162206,0.7806348347819934,0.5279755698635687,True,True,True,False,True,False
43,dirichlet_a1.0,large_norm,23,0,True,22762.576652383254,0.0036062984363186075,0.7364719904648391,False,True,True,False,False,True
43,dirichlet_a1.0,large_norm,23,1,False,0.18788495485753817,0.7042595522199869,0.5395609852999602,True,True,True,False,True,True
43,dirichlet_a1.0,large_norm,23,2,False,0.22907379370944436,0.5832197487973974,0.5221394517282479,True,True,True,False,False,False
43,dirichlet_a1.0,large_norm,23,3,False,0.21360879754501513,0.3758225389886866,0.49053436630909814,True,True,True,False,False,False
43,dirichlet_a1.0,large_norm,23,4,False,0.16830486541011622,0.8381057711233316,0.5725913786253476,True,True,True,False,True,True
43,dirichlet_a1.0,large_norm,24,0,True,22716.213955531854,-0.001500052565069179,0.7297165758669838,False,True,True,False,False,True
43,dirichlet_a1.0,large_norm,24,1,False,0.18411322003118966,0.6395477569771267,0.5489349867649322,True,True,True,False,False,True
43,dirichlet_a1.0,large_norm,24,2,False,0.22634531980505332,0.5125387217937271,0.5250820673523409,True,True,True,False,False,False
43,dirichlet_a1.0,large_norm,24,3,False,0.21253271813006075,0.3824685041228668,0.49755411975625624,True,True,True,False,False,False
43,dirichlet_a1.0,large_norm,24,4,False,0.1595574656987165,0.7719602886850015,0.5756683336726941,True,True,True,False,True,True
43,dirichlet_a1.0,low_norm,0,0,False,0.22064657660808948,0.21300042759618926,0.650415811642726,True,True,True,False,False,True
43,dirichlet_a1.0,low_norm,0,1,False,0.18472976065105504,0.39963586636122195,0.6315800842423588,True,True,True,False,False,True
43,dirichlet_a1.0,low_norm,0,2,False,0.3636820122960113,0.04532280765564177,0.6635705799762394,False,True,True,False,False,True
43,dirichlet_a1.0,low_norm,0,3,False,0.35380194706668266,0.37556330857174397,0.6178709003852108,False,True,True,False,False,True
43,dirichlet_a1.0,low_norm,0,4,False,0.23209022165679916,0.22170759011061134,0.6642906001368039,True,True,True,False,False,True
43,dirichlet_a1.0,low_norm,1,0,False,0.2959598620181326,0.1653375194128621,0.7003004527257694,True,True,True,False,False,True
43,dirichlet_a1.0,low_norm,1,1,False,0.24127337985966568,0.33664191390771436,0.6737509107729085,True,True,True,False,False,True
43,dirichlet_a1.0,low_norm,1,2,False,0.38677985918262187,0.040603453657914006,0.7017495026565915,False,True,True,False,False,True
43,dirichlet_a1.0,low_norm,1,3,False,0.33726960066432415,0.4430679467711993,0.6247370015309172,False,True,True,False,False,True
43,dirichlet_a1.0,low_norm,1,4,False,0.24517091667299581,0.2931296327584678,0.6601936978608094,True,True,True,False,False,True
43,dirichlet_a1.0,low_norm,2,0,False,0.28975841975166533,0.1151234043209925,0.6391945292349921,True,True,True,False,False,True
43,dirichlet_a1.0,low_norm,2,1,False,0.2377649316761199,0.27523268225511094,0.6594496107522302,True,True,True,False,False,True
43,dirichlet_a1.0,low_norm,2,2,False,0.3187974008889185,-0.10815044823233412,0.7006144356893275,False,True,True,False,False,True
43,dirichlet_a1.0,low_norm,2,3,False,0.2694207943148428,0.3251407743586526,0.6221969822452537,True,True,True,False,False,True
43,dirichlet_a1.0,low_norm,2,4,False,0.19206753924755668,0.10938221322002921,0.6751141714583185,True,True,True,False,False,True
43,dirichlet_a1.0,low_norm,3,0,False,0.22312691235100093,-0.07186632531974564,0.6552483974358975,True,True,True,False,False,True
43,dirichlet_a1.0,low_norm,3,1,False,0.20366316288414318,0.013196330437568274,0.6580028044871795,True,True,True,False,False,True
43,dirichlet_a1.0,low_norm,3,2,False,0.24013721917355899,-0.2593428695578413,0.7008547008547008,True,True,True,False,False,True
43,dirichlet_a1.0,low_norm,3,3,False,0.252244862850684,0.4685640889950701,0.664596688034188,True,True,True,False,False,True
43,dirichlet_a1.0,low_norm,3,4,False,0.19312541507190029,0.44630019967391615,0.6850627670940171,True,True,True,False,False,True
43,dirichlet_a1.0,low_norm,4,0,False,0.20844406423435524,0.23456523642746266,0.6739428477039974,True,True,True,False,False,True
43,dirichlet_a1.0,low_norm,4,1,False,0.15445822766895356,-0.06393634680069255,0.7197803105384869,True,True,True,False,False,True
43,dirichlet_a1.0,low_norm,4,2,False,0.2156319639662497,-0.383056579341539,0.6597208457218368,True,True,True,False,False,True
43,dirichlet_a1.0,low_norm,4,3,False,0.2388812311059205,0.5065275828881219,0.6771143045920053,True,True,True,False,False,True
43,dirichlet_a1.0,low_norm,4,4,False,0.16972867124952673,0.7181282227301251,0.7055252725470763,True,True,True,False,True,True
43,dirichlet_a1.0,low_norm,5,0,False,0.16721191763209872,0.08257569507367866,0.7098262617930607,True,True,True,False,False,True
43,dirichlet_a1.0,low_norm,5,1,False,0.14922390727764603,-0.12527069457462864,0.6760667457166916,True,True,True,False,False,True
43,dirichlet_a1.0,low_norm,5,2,False,0.17865395416959803,-0.2621792556575078,0.7217353198948291,True,True,True,False,False,True
43,dirichlet_a1.0,low_norm,5,3,False,0.22757624703723897,0.5012043020846817,0.628396143733567,True,True,True,False,False,True
43,dirichlet_a1.0,low_norm,5,4,False,0.15106264782350184,0.7570051600691383,0.6681531508308844,True,True,True,False,True,True
43,dirichlet_a1.0,low_norm,6,0,False,0.1567553574221099,0.18342158766476932,0.6787493657830603,True,True,True,False,False,True
43,dirichlet_a1.0,low_norm,6,1,False,0.13631495100523133,0.12139528502258312,0.6828166717958528,True,True,True,False,False,True
43,dirichlet_a1.0,low_norm,6,2,False,0.1646904455005105,-0.17554639157837384,0.677717983481248,True,True,True,False,False,True
43,dirichlet_a1.0,low_norm,6,3,False,0.22114628351646817,0.5450286909253452,0.6507855972452111,True,True,True,False,False,True
43,dirichlet_a1.0,low_norm,6,4,False,0.16022605971658,0.6775045196384645,0.7190065459505768,True,True,True,False,True,True
43,dirichlet_a1.0,low_norm,7,0,False,0.16679720527153707,0.22614919658949867,0.6682903315828196,True,True,True,False,False,True
43,dirichlet_a1.0,low_norm,7,1,False,0.12331289921881974,0.02127769049876253,0.7183025936355718,True,True,True,False,False,True
43,dirichlet_a1.0,low_norm,7,2,False,0.15111239666426246,-0.16477224597705353,0.6646878250501053,True,True,True,False,False,True
43,dirichlet_a1.0,low_norm,7,3,False,0.20852039907972267,0.45211329798751076,0.6694319709769896,True,True,True,False,False,True
43,dirichlet_a1.0,low_norm,7,4,False,0.16599334490948414,0.7334149812342852,0.6952245646971273,True,True,True,False,True,True
43,dirichlet_a1.0,low_norm,8,0,False,0.14332437481734012,0.3038644164515176,0.6719076167732669,True,True,True,False,False,True
43,dirichlet_a1.0,low_norm,8,1,False,0.12438205275690727,0.09658558368865812,0.7133230907967468,True,True,True,False,False,True
43,dirichlet_a1.0,low_norm,8,2,False,0.13897363594926487,-0.15279240965104515,0.6925569045273126,True,True,True,False,False,True
43,dirichlet_a1.0,low_norm,8,3,False,0.1989077859800826,0.5229858508916317,0.6595998730816118,True,True,True,False,False,True
43,dirichlet_a1.0,low_norm,8,4,False,0.15301356051352352,0.7456498928098909,0.7140662313588617,True,True,True,False,True,True
43,dirichlet_a1.0,low_norm,9,0,False,0.143181942830567,0.30928057439132767,0.6706841245524795,True,True,True,False,False,True
43,dirichlet_a1.0,low_norm,9,1,False,0.10692971060728194,0.008130041504090151,0.7049961489957766,True,True,True,False,False,True
43,dirichlet_a1.0,low_norm,9,2,False,0.1555158794993369,-0.14426991063251282,0.6947211619029885,True,True,True,False,False,True
43,dirichlet_a1.0,low_norm,9,3,False,0.20873354970546806,0.5318011229107119,0.6368122148775719,True,True,True,False,False,True
43,dirichlet_a1.0,low_norm,9,4,False,0.1607675744215602,0.7990279147184679,0.7081785173210553,True,True,True,False,True,True
43,dirichlet_a1.0,low_norm,10,0,True,0.001535428671015765,0.22702056284724995,0.6868863043678778,True,True,True,True,False,True
43,dirichlet_a1.0,low_norm,10,1,False,0.1216017830318189,0.20582314783826441,0.7021810040500768,True,True,True,False,False,True
43,dirichlet_a1.0,low_norm,10,2,False,0.143087951068319,0.06541780592099562,0.7092497715018825,True,True,True,False,False,True
43,dirichlet_a1.0,low_norm,10,3,False,0.2075129843761289,0.5812831672775042,0.6679691758135791,True,True,True,False,False,True
43,dirichlet_a1.0,low_norm,10,4,False,0.1538632996634762,0.822492022260444,0.7276553996830375,True,True,True,False,True,True
43,dirichlet_a1.0,low_norm,11,0,True,0.0014986011976757794,0.48515491849835213,0.7015443885533554,True,True,True,True,False,True
43,dirichlet_a1.0,low_norm,11,1,False,0.12109449858997444,0.1929936942448271,0.74402348547299,True,True,True,False,False,True
43,dirichlet_a1.0,low_norm,11,2,False,0.14315491480517162,-0.1537043436899003,0.6852845678908498,True,True,True,False,False,True
43,dirichlet_a1.0,low_norm,11,3,False,0.20863481619487848,0.615313749476956,0.6419895358422637,True,True,True,False,False,True
43,dirichlet_a1.0,low_norm,11,4,False,0.16411117092452543,0.8507399920762226,0.7183257347622012,True,True,True,False,True,True
43,dirichlet_a1.0,low_norm,12,0,True,0.0016414357742528358,0.3562177061012277,0.7178306559173583,True,True,True,True,False,True
43,dirichlet_a1.0,low_norm,12,1,False,0.10434901647867624,0.1551571561807514,0.7048499316133308,True,True,True,False,False,True
43,dirichlet_a1.0,low_norm,12,2,False,0.13710500345213406,-0.11808347906531615,0.7078487507751905,True,True,True,False,False,True
43,dirichlet_a1.0,low_norm,12,3,False,0.2192732969601225,0.7264910948582911,0.6693568254993076,True,True,True,False,True,True
43,dirichlet_a1.0,low_norm,12,4,False,0.17612592173999556,0.8563890343552405,0.7200649036215201,True,True,True,False,True,True
43,dirichlet_a1.0,low_norm,13,0,True,0.0016291298928750838,0.5485034910094535,0.6932842716927099,True,True,True,True,False,True
43,dirichlet_a1.0,low_norm,13,1,False,0.10049860480513925,0.21891756319923342,0.7190666078370976,True,True,True,False,False,True
43,dirichlet_a1.0,low_norm,13,2,False,0.14107491779918355,-0.09934284584800857,0.7075115924775851,True,True,True,False,False,True
43,dirichlet_a1.0,low_norm,13,3,False,0.21726813940198547,0.6036876592029399,0.6653707511592477,True,True,True,False,False,True
43,dirichlet_a1.0,low_norm,13,4,False,0.18299656449628623,0.8576479440172605,0.68207057883301,True,True,True,False,True,True
43,dirichlet_a1.0,low_norm,14,0,True,0.001582961856737209,0.5463508329115767,0.7161139654367118,True,True,True,True,False,True
43,dirichlet_a1.0,low_norm,14,1,False,0.10857970875983461,0.127161821340183,0.7185172604135706,True,True,True,False,False,True
43,dirichlet_a1.0,low_norm,14,2,False,0.14634930186668144,-0.09615485019915093,0.6854740775338627,True,True,True,False,False,True
43,dirichlet_a1.0,low_norm,14,3,False,0.2283449452924964,0.7117167261351146,0.6755721625408687,True,True,True,False,True,True
43,dirichlet_a1.0,low_norm,14,4,False,0.19835746283435216,0.868501645542954,0.6978811940045009,True,True,True,False,True,True
43,dirichlet_a1.0,low_norm,15,0,True,0.00175389135364039,0.5582459056936447,0.6935631001940524,True,True,True,True,False,True
43,dirichlet_a1.0,low_norm,15,1,False,0.09073956752325084,0.2152572984032012,0.7215182525334616,True,True,True,False,False,True
43,dirichlet_a1.0,low_norm,15,2,False,0.12977833431839833,0.02714846532061034,0.7249431940689632,True,True,True,False,False,True
43,dirichlet_a1.0,low_norm,15,3,False,0.23950195265542393,0.7314767501780081,0.6613039656344849,True,True,True,False,True,True
43,dirichlet_a1.0,low_norm,15,4,False,0.19143995753735635,0.8896295069591614,0.722430464564709,True,True,True,False,True,True
43,dirichlet_a1.0,low_norm,16,0,True,0.001748533874478797,0.49759257370170795,0.6901453780457172,True,True,True,True,False,True
43,dirichlet_a1.0,low_norm,16,1,False,0.09969038110574159,0.28219807067940195,0.7568214644561668,True,True,True,False,False,True
43,dirichlet_a1.0,low_norm,16,2,False,0.13535178174829074,0.07777944444294256,0.7119285355438332,True,True,True,False,False,True
43,dirichlet_a1.0,low_norm,16,3,False,0.23883778780868006,0.690236435706375,0.6590288244159759,True,True,True,False,True,True
43,dirichlet_a1.0,low_norm,16,4,False,0.20797612652601535,0.9301103053471667,0.687295905551369,True,True,True,False,True,True
43,dirichlet_a1.0,low_norm,17,0,True,0.0018496672067489556,0.4128024186026529,0.6918731689947073,True,True,True,True,False,True
43,dirichlet_a1.0,low_norm,17,1,False,0.09944890578600529,0.33126336083027946,0.785507340206853,True,True,True,False,False,True
43,dirichlet_a1.0,low_norm,17,2,False,0.14071940995777396,0.039451639082334546,0.6955635045238981,True,True,True,False,False,True
43,dirichlet_a1.0,low_norm,17,3,False,0.24978217576614112,0.6936291237316007,0.674594953304307,True,True,True,False,True,True
43,dirichlet_a1.0,low_norm,17,4,False,0.22667726656520878,0.9220743768267463,0.7294725086188757,True,True,True,False,True,True
43,dirichlet_a1.0,low_norm,18,0,True,0.001732135326605306,0.6158158945837069,0.6876964579868378,True,True,True,True,False,True
43,dirichlet_a1.0,low_norm,18,1,False,0.09183758477567096,0.3734524124436642,0.7076068532503601,True,True,True,False,False,True
43,dirichlet_a1.0,low_norm,18,2,False,0.12950548448205035,0.1694239367502759,0.7164718333956693,True,True,True,False,False,True
43,dirichlet_a1.0,low_norm,18,3,False,0.2587987779568303,0.7582861821801495,0.6536768977344166,True,True,True,False,True,True
43,dirichlet_a1.0,low_norm,18,4,False,0.2317025220456899,0.9205069571479356,0.7246285700643785,True,True,True,False,True,True
43,dirichlet_a1.0,low_norm,19,0,True,0.0019399559931050285,0.539113223252245,0.7095137527450799,True,True,True,True,False,True
43,dirichlet_a1.0,low_norm,19,1,False,0.0947804351910777,0.466682186159129,0.7707763632845038,True,True,True,False,False,True
43,dirichlet_a1.0,low_norm,19,2,False,0.13685763027782644,0.17944825575582823,0.746459793519508,True,True,True,False,False,True
43,dirichlet_a1.0,low_norm,19,3,False,0.25524733343192246,0.7592120677999472,0.6292859005965553,True,True,True,False,True,True
43,dirichlet_a1.0,low_norm,19,4,False,0.23526941521167766,0.9201050677426071,0.7865695125747798,True,True,True,False,True,True
43,dirichlet_a1.0,low_norm,20,0,True,0.0019808160586988147,0.5673062447896926,0.7286966401558188,True,True,True,True,False,True
43,dirichlet_a1.0,low_norm,20,1,False,0.10326039475781425,0.4723096303505595,0.7603635773413407,True,True,True,False,False,True
43,dirichlet_a1.0,low_norm,20,2,False,0.13391240333906484,0.20837930596256377,0.7338094465184223,True,True,True,False,False,True
43,dirichlet_a1.0,low_norm,20,3,False,0.27911341366432085,0.8122761365303764,0.6548287615646811,True,True,True,False,True,True
43,dirichlet_a1.0,low_norm,20,4,False,0.24157087154747792,0.9046687747010758,0.7551046907969485,True,True,True,False,True,True
43,dirichlet_a1.0,low_norm,21,0,True,0.002036140399778378,0.6077188365985293,0.6958283651832039,True,True,True,True,False,True
43,dirichlet_a1.0,low_norm,21,1,False,0.09925793929338939,0.5684741645449303,0.7646547001385711,True,True,True,False,False,True
43,dirichlet_a1.0,low_norm,21,2,False,0.1488988639117736,0.2870606752087703,0.7345557668138313,True,True,True,False,False,True
43,dirichlet_a1.0,low_norm,21,3,False,0.26357950108689154,0.7279383692087588,0.664504849988721,True,True,True,False,True,True
43,dirichlet_a1.0,low_norm,21,4,False,0.2382947227924958,0.941075971002838,0.7737584995649511,True,True,True,False,True,True
43,dirichlet_a1.0,low_norm,22,0,True,0.0020791932294179243,0.6483558903041156,0.7483992467043314,True,True,True,True,False,True
43,dirichlet_a1.0,low_norm,22,1,False,0.11135977733056743,0.47700551113886824,0.7528549104459671,True,True,True,False,False,True
43,dirichlet_a1.0,low_norm,22,2,False,0.15552845942638277,0.33455542461610305,0.7631125535921786,True,True,True,False,False,True
43,dirichlet_a1.0,low_norm,22,3,False,0.26698976971177957,0.699235240024927,0.6416636614977762,True,True,True,False,True,True
43,dirichlet_a1.0,low_norm,22,4,False,0.24104970737296166,0.8974843076977743,0.7753335737468445,True,True,True,False,True,True
43,dirichlet_a1.0,low_norm,23,0,True,0.002216951904909593,0.638562590662971,0.726757387744659,True,True,True,True,False,True
43,dirichlet_a1.0,low_norm,23,1,False,0.10140907981626388,0.6180312158464721,0.7826691825508507,True,True,True,False,False,True
43,dirichlet_a1.0,low_norm,23,2,False,0.15755131224034688,0.2904489250775531,0.7120458615837277,True,True,True,False,False,True
43,dirichlet_a1.0,low_norm,23,3,False,0.2656549839412158,0.744198582200924,0.695223551234489,True,True,True,False,True,True
43,dirichlet_a1.0,low_norm,23,4,False,0.23925459872980434,0.857635381461683,0.7660067800946655,True,True,True,False,True,True
43,dirichlet_a1.0,low_norm,24,0,True,0.0020736787358299476,0.703999007899746,0.7278779884326291,True,True,True,True,True,True
43,dirichlet_a1.0,low_norm,24,1,False,0.10829026694926755,0.616992862088166,0.7675052100000781,True,True,True,False,False,True
43,dirichlet_a1.0,low_norm,24,2,False,0.15280202341763907,0.3692811437032319,0.7100273964049049,True,True,True,False,False,True
43,dirichlet_a1.0,low_norm,24,3,False,0.25813844109929335,0.6825629139457233,0.649497732576745,True,True,True,False,True,True
43,dirichlet_a1.0,low_norm,24,4,False,0.22849554525540317,0.8518639999115775,0.7689179590849132,True,True,True,False,True,True
43,dirichlet_a1.0,full_sign_flip,0,0,False,0.22045521499062512,0.21298221499881875,0.6715152697238622,True,True,True,False,False,True
43,dirichlet_a1.0,full_sign_flip,0,1,False,0.18460498454364513,0.40008409416427626,0.6358371529522967,True,True,True,False,False,True
43,dirichlet_a1.0,full_sign_flip,0,2,False,0.3638204277525852,0.044845494380529816,0.6688746689871946,False,True,True,False,False,True
43,dirichlet_a1.0,full_sign_flip,0,3,False,0.3537535251680691,0.37506148294852754,0.6218989820184092,False,True,True,False,False,True
43,dirichlet_a1.0,full_sign_flip,0,4,False,0.231527732664696,0.2205672980590793,0.6609078565373623,True,True,True,False,False,True
43,dirichlet_a1.0,full_sign_flip,1,0,False,0.2958669168706942,0.16613686995616456,0.6885098170566375,True,True,True,False,False,True
43,dirichlet_a1.0,full_sign_flip,1,1,False,0.24115487271401342,0.33884950136117215,0.677791600874045,True,True,True,False,False,True
43,dirichlet_a1.0,full_sign_flip,1,2,False,0.38668008373980844,0.04440881605163645,0.70607046589151,False,True,True,False,False,True
43,dirichlet_a1.0,full_sign_flip,1,3,False,0.33756586377259584,0.4452158070493335,0.6353653284846165,False,True,True,False,False,True
43,dirichlet_a1.0,full_sign_flip,1,4,False,0.24528034448854968,0.2950524355002741,0.6610603378152065,True,True,True,False,False,True
43,dirichlet_a1.0,full_sign_flip,2,0,False,0.29095178184461773,0.1208971951417223,0.6621832279126709,True,True,True,False,False,True
43,dirichlet_a1.0,full_sign_flip,2,1,False,0.23782125858668315,0.2749410291482683,0.6666965925321363,True,True,True,False,False,True
43,dirichlet_a1.0,full_sign_flip,2,2,False,0.3189078001622314,-0.1097968285549124,0.711152825953887,False,True,True,False,False,True
43,dirichlet_a1.0,full_sign_flip,2,3,False,0.26922902771398355,0.3244227389214238,0.618681901652724,True,True,True,False,False,True
43,dirichlet_a1.0,full_sign_flip,2,4,False,0.19236202837985344,0.11130553712706781,0.6789716384411345,True,True,True,False,False,True
43,dirichlet_a1.0,full_sign_flip,3,0,False,0.2230045042330316,-0.07517162548458582,0.6559454744614386,True,True,True,False,False,True
43,dirichlet_a1.0,full_sign_flip,3,1,False,0.20367636197115638,0.021548364723260233,0.6601565986449754,True,True,True,False,False,True
43,dirichlet_a1.0,full_sign_flip,3,2,False,0.2400432127588192,-0.2516108986376148,0.692677187715526,True,True,True,False,False,True
43,dirichlet_a1.0,full_sign_flip,3,3,False,0.2518498533734491,0.4662294741112954,0.6583877642095014,True,True,True,False,False,True
43,dirichlet_a1.0,full_sign_flip,3,4,False,0.1927725272356107,0.4430160341308106,0.6757921213842346,True,True,True,False,False,True
43,dirichlet_a1.0,full_sign_flip,4,0,False,0.2077068202011864,0.2287337944242103,0.7007369624183285,True,True,True,False,False,True
43,dirichlet_a1.0,full_sign_flip,4,1,False,0.15488884815480902,-0.06815727805373599,0.7118681656118323,True,True,True,False,False,True
43,dirichlet_a1.0,full_sign_flip,4,2,False,0.21472343853748002,-0.3749360394861333,0.648637813678159,True,True,True,False,False,True
43,dirichlet_a1.0,full_sign_flip,4,3,False,0.23767806216580745,0.5014552472773351,0.6843259011583275,True,True,True,False,False,True
43,dirichlet_a1.0,full_sign_flip,4,4,False,0.1685836391352027,0.7156389198698484,0.7040208806018526,True,True,True,False,True,True
43,dirichlet_a1.0,full_sign_flip,5,0,False,0.16722256611502573,0.08082300209927129,0.6854188089923337,True,True,True,False,False,True
43,dirichlet_a1.0,full_sign_flip,5,1,False,0.14939169908884217,-0.12611545228377108,0.6958190163276567,True,True,True,False,False,True
43,dirichlet_a1.0,full_sign_flip,5,2,False,0.178621975019426,-0.26125111317531474,0.7156747176310267,True,True,True,False,False,True
43,dirichlet_a1.0,full_sign_flip,5,3,False,0.22783514221357237,0.5018161825315928,0.6209943735212727,True,True,True,False,False,True
43,dirichlet_a1.0,full_sign_flip,5,4,False,0.1506309964574889,0.7560628389375359,0.6830612057217861,True,True,True,False,True,True
43,dirichlet_a1.0,full_sign_flip,6,0,False,0.15671484468027105,0.18814721421433364,0.6735006641010796,True,True,True,False,False,True
43,dirichlet_a1.0,full_sign_flip,6,1,False,0.136307704862156,0.12549696134252855,0.700805435411913,True,True,True,False,False,True
43,dirichlet_a1.0,full_sign_flip,6,2,False,0.1644411344768974,-0.17093465070925618,0.6893880053128086,True,True,True,False,False,True
43,dirichlet_a1.0,full_sign_flip,6,3,False,0.22081526133249532,0.5440896665884154,0.6553230255764056,True,True,True,False,False,True
43,dirichlet_a1.0,full_sign_flip,6,4,False,0.16016607447988954,0.6778257282443287,0.7014439941422879,True,True,True,False,True,True
43,dirichlet_a1.0,full_sign_flip,7,0,False,0.16708739458412067,0.23001895985245788,0.6505625143081402,True,True,True,False,False,True
43,dirichlet_a1.0,full_sign_flip,7,1,False,0.12258274708662378,0.01691579220285629,0.6999950943519639,True,True,True,False,False,True
43,dirichlet_a1.0,full_sign_flip,7,2,False,0.1506077003189078,-0.16589860564151057,0.6558360859469536,True,True,True,False,False,True
43,dirichlet_a1.0,full_sign_flip,7,3,False,0.20849942569815946,0.4562910215896932,0.6777725087484057,True,True,True,False,False,True
43,dirichlet_a1.0,full_sign_flip,7,4,False,0.16605914614172396,0.7353057933070949,0.6946642901527291,True,True,True,False,True,True
43,dirichlet_a1.0,full_sign_flip,8,0,False,0.14318619512326924,0.3055746928048593,0.6479822698310094,True,True,True,False,False,True
43,dirichlet_a1.0,full_sign_flip,8,1,False,0.1243892605923684,0.09556243054680551,0.7094586086182725,True,True,True,False,False,True
43,dirichlet_a1.0,full_sign_flip,8,2,False,0.1387789128351749,-0.15233789636330644,0.7066546898479672,True,True,True,False,False,True
43,dirichlet_a1.0,full_sign_flip,8,3,False,0.1992260386631413,0.5284917773792955,0.660532744566358,True,True,True,False,False,True
43,dirichlet_a1.0,full_sign_flip,8,4,False,0.15348333631451447,0.7502486303938617,0.7116496948429721,True,True,True,False,True,True
43,dirichlet_a1.0,full_sign_flip,9,0,False,0.14325432124108417,0.3107572928767826,0.677629859454173,True,True,True,False,False,True
43,dirichlet_a1.0,full_sign_flip,9,1,False,0.10694976371170145,0.01381614581187677,0.6981173435405408,True,True,True,False,False,True
43,dirichlet_a1.0,full_sign_flip,9,2,False,0.15359879639015717,-0.1300159123757418,0.699415727305685,True,True,True,False,False,True
43,dirichlet_a1.0,full_sign_flip,9,3,False,0.20876926295126746,0.5307742280312169,0.6368066504228178,True,True,True,False,False,True
43,dirichlet_a1.0,full_sign_flip,9,4,False,0.16062575127796158,0.7991322725587263,0.7215556998204183,True,True,True,False,True,True
43,dirichlet_a1.0,full_sign_flip,10,0,True,0.15331293756243414,-0.22825726629264648,0.5202103910161007,True,True,True,False,False,False
43,dirichlet_a1.0,full_sign_flip,10,1,False,0.1209711441127612,0.2048291832770522,0.7152448924367474,True,True,True,False,False,True
43,dirichlet_a1.0,full_sign_flip,10,2,False,0.1426738877423257,0.07133917393993094,0.7282252063320255,True,True,True,False,False,True
43,dirichlet_a1.0,full_sign_flip,10,3,False,0.2075120500476243,0.5811993578533734,0.6448805980246245,True,True,True,False,False,True
43,dirichlet_a1.0,full_sign_flip,10,4,False,0.1537285508163883,0.821730587120491,0.7131562034907319,True,True,True,False,True,True
43,dirichlet_a1.0,full_sign_flip,11,0,True,0.17918258787434782,-0.6521863976016886,0.4307417410493726,True,False,True,False,False,False
43,dirichlet_a1.0,full_sign_flip,11,1,False,0.12842168021847014,0.28777896031327266,0.7086723098712163,True,True,True,False,False,True
43,dirichlet_a1.0,full_sign_flip,11,2,False,0.13317803298715794,-0.19497516514519744,0.7122459734527848,True,True,True,False,False,True
43,dirichlet_a1.0,full_sign_flip,11,3,False,0.21466410171576308,0.6379593871311734,0.6392576002107967,True,True,True,False,False,True
43,dirichlet_a1.0,full_sign_flip,11,4,False,0.1643048508814871,0.8246470237739888,0.7316870327064326,True,True,True,False,True,True
43,dirichlet_a1.0,full_sign_flip,12,0,True,0.1945597635793178,-0.5451639304932924,0.4606216104894625,True,False,True,False,False,False
43,dirichlet_a1.0,full_sign_flip,12,1,False,0.10909026439614133,0.2249946365657566,0.6925671037276034,True,True,True,False,False,True
43,dirichlet_a1.0,full_sign_flip,12,2,False,0.12235428831121528,-0.232520463896196,0.7131444360540948,True,True,True,False,False,True
43,dirichlet_a1.0,full_sign_flip,12,3,False,0.22756984941500963,0.7619025531343283,0.6905677215624356,True,True,True,False,True,True
43,dirichlet_a1.0,full_sign_flip,12,4,False,0.17433574538359906,0.8410667084530425,0.7198376467357727,True,True,True,False,True,True
43,dirichlet_a1.0,full_sign_flip,13,0,True,0.19829724261485995,-0.7108435420529133,0.41823656770275985,True,False,True,False,False,False
43,dirichlet_a1.0,full_sign_flip,13,1,False,0.11432509319740936,0.3619258873848454,0.710648781823159,True,True,True,False,False,True
43,dirichlet_a1.0,full_sign_flip,13,2,False,0.13528550618430854,-0.04487671319040523,0.6989688840222648,True,True,True,False,False,True
43,dirichlet_a1.0,full_sign_flip,13,3,False,0.2182564739471372,0.5974557965849278,0.6813660835013148,True,True,True,False,False,True
43,dirichlet_a1.0,full_sign_flip,13,4,False,0.17756390077630474,0.8119438990553437,0.7065757492803756,True,True,True,False,True,True
43,dirichlet_a1.0,full_sign_flip,14,0,True,0.1961322117542071,-0.6969266354677837,0.44336540206934105,True,False,True,False,False,False
43,dirichlet_a1.0,full_sign_flip,14,1,False,0.12696046814140596,0.28172262702504863,0.7100529711711414,True,True,True,False,False,True
43,dirichlet_a1.0,full_sign_flip,14,2,False,0.14071003525446932,-0.07638390793588666,0.7177346160827737,True,True,True,False,False,True
43,dirichlet_a1.0,full_sign_flip,14,3,False,0.2329445615302042,0.7309083545928059,0.6989389263849238,True,True,True,False,True,True
43,dirichlet_a1.0,full_sign_flip,14,4,False,0.19060825115221952,0.8293192978176653,0.6902836680473275,True,True,True,False,True,True
43,dirichlet_a1.0,full_sign_flip,15,0,True,0.21929380723050068,-0.7193286350139662,0.4029567568021357,True,False,False,False,False,False
43,dirichlet_a1.0,full_sign_flip,15,1,False,0.12320852280563843,0.42860517151445066,0.7485497452084925,True,True,True,False,False,True
43,dirichlet_a1.0,full_sign_flip,15,2,False,0.12581663053128372,0.08984158247160766,0.752293963078318,True,True,True,False,False,True
43,dirichlet_a1.0,full_sign_flip,15,3,False,0.24586931473095436,0.7457245876853029,0.66390187798551,True,True,True,False,True,True
43,dirichlet_a1.0,full_sign_flip,15,4,False,0.19369188555496672,0.8712521529700304,0.7573897932285064,True,True,True,False,True,True
43,dirichlet_a1.0,full_sign_flip,16,0,True,0.21545516963822164,-0.6529629797602114,0.3798502157488386,True,False,False,False,False,False
43,dirichlet_a1.0,full_sign_flip,16,1,False,0.12746632547484632,0.4561768080512012,0.7645692462843255,True,True,True,False,False,True
43,dirichlet_a1.0,full_sign_flip,16,2,False,0.12433301874589156,0.08021542585397569,0.7255773967960057,True,True,True,False,False,True
43,dirichlet_a1.0,full_sign_flip,16,3,False,0.24559187166314936,0.7140813295841952,0.6845024550729909,True,True,True,False,True,True
43,dirichlet_a1.0,full_sign_flip,16,4,False,0.20914350107644078,0.9142098323967514,0.7376709044918743,True,True,True,False,True,True
43,dirichlet_a1.0,full_sign_flip,17,0,True,0.22380416773667366,-0.5629641494090681,0.42405154821397006,True,False,True,False,False,False
43,dirichlet_a1.0,full_sign_flip,17,1,False,0.12366834188142281,0.45546250049684905,0.8002988768016969,True,True,True,False,False,True
43,dirichlet_a1.0,full_sign_flip,17,2,False,0.13971772919129008,0.10630503119474127,0.7284077579419279,True,True,True,False,False,True
43,dirichlet_a1.0,full_sign_flip,17,3,False,0.25684498265424227,0.718695857379528,0.6483618016165057,True,True,True,False,True,True
43,dirichlet_a1.0,full_sign_flip,17,4,False,0.2267547708999445,0.9056804074215562,0.689722494496489,True,True,True,False,True,True
43,dirichlet_a1.0,full_sign_flip,18,0,True,0.2116480593594755,-0.702444473085923,0.3866314658582696,True,False,False,False,False,False
43,dirichlet_a1.0,full_sign_flip,18,1,False,0.11750861159402119,0.5269438426890264,0.7255752750410167,True,True,True,False,False,True
43,dirichlet_a1.0,full_sign_flip,18,2,False,0.13047447890338104,0.2814512758658185,0.745804635513396,True,True,True,False,False,True
43,dirichlet_a1.0,full_sign_flip,18,3,False,0.26519260437451136,0.7612038363679836,0.704821233749469,True,True,True,False,True,True
43,dirichlet_a1.0,full_sign_flip,18,4,False,0.23632606625449137,0.9035177381312324,0.7401913835749919,True,True,True,False,True,True
43,dirichlet_a1.0,full_sign_flip,19,0,True,0.23073456610635193,-0.6334771914679409,0.3856563372788935,True,False,False,False,False,False
43,dirichlet_a1.0,full_sign_flip,19,1,False,0.117396716398153,0.5567573024031383,0.7579215986168374,True,True,True,False,False,True
43,dirichlet_a1.0,full_sign_flip,19,2,False,0.13270022761885814,0.23980958041396952,0.7409063705279958,True,True,True,False,False,True
43,dirichlet_a1.0,full_sign_flip,19,3,False,0.2607079593472609,0.7808730198240893,0.6968097486367868,True,True,True,False,True,True
43,dirichlet_a1.0,full_sign_flip,19,4,False,0.22961537194018586,0.8963251994201473,0.7791927117967815,True,True,True,False,True,True
43,dirichlet_a1.0,full_sign_flip,20,0,True,0.23540417413590284,-0.6604882993446233,0.3667329192546584,True,False,False,False,False,False
43,dirichlet_a1.0,full_sign_flip,20,1,False,0.12963419510095614,0.5718810196200841,0.7582774327122154,True,True,True,False,False,True
43,dirichlet_a1.0,full_sign_flip,20,2,False,0.13672789845032507,0.28537718364219233,0.7400165631469979,True,True,True,False,False,True
43,dirichlet_a1.0,full_sign_flip,20,3,False,0.2781130898670394,0.7896058416791879,0.6956024844720496,True,True,True,False,True,True
43,dirichlet_a1.0,full_sign_flip,20,4,False,0.23198080346957786,0.8599309680772413,0.761656314699793,True,True,True,False,True,True
43,dirichlet_a1.0,full_sign_flip,21,0,True,0.2486477158156295,-0.7087741795701765,0.39441489152726156,True,False,False,False,False,False
43,dirichlet_a1.0,full_sign_flip,21,1,False,0.12801499176139056,0.6473508152771827,0.7587198566792649,True,True,True,False,False,True
43,dirichlet_a1.0,full_sign_flip,21,2,False,0.1497484732449509,0.32293535057677175,0.7405297524102871,True,True,True,False,False,True
43,dirichlet_a1.0,full_sign_flip,21,3,False,0.26418360621953324,0.6911059744730847,0.6886309883944778,True,True,True,False,True,True
43,dirichlet_a1.0,full_sign_flip,21,4,False,0.2324841787758562,0.8552627889194363,0.7567397675752552,True,True,True,False,True,True
43,dirichlet_a1.0,full_sign_flip,22,0,True,0.24653528143454498,-0.7280658505315782,0.35494253249140234,True,False,False,False,False,False
43,dirichlet_a1.0,full_sign_flip,22,1,False,0.1431595234656065,0.5776175524934296,0.7402648324987543,True,True,True,False,False,True
43,dirichlet_a1.0,full_sign_flip,22,2,False,0.1524300294468037,0.31528664112564814,0.7463015757615364,True,True,True,False,False,True
43,dirichlet_a1.0,full_sign_flip,22,3,False,0.27306868794749584,0.7069803029398476,0.6969048416478103,True,True,True,False,True,True
43,dirichlet_a1.0,full_sign_flip,22,4,False,0.22809421144776515,0.7931613641116122,0.7753253224633834,True,True,True,False,True,True
43,dirichlet_a1.0,full_sign_flip,23,0,True,0.25817760220516955,-0.7171973387066163,0.3915471359087952,True,False,False,False,False,False
43,dirichlet_a1.0,full_sign_flip,23,1,False,0.12763502290743295,0.6456256787329823,0.7552588370147774,True,True,True,False,False,True
43,dirichlet_a1.0,full_sign_flip,23,2,False,0.15661613196970126,0.2715792890788999,0.712738932432851,True,True,True,False,False,True
43,dirichlet_a1.0,full_sign_flip,23,3,False,0.25906073706678395,0.68321794085041,0.6862588679946715,True,True,True,False,True,True
43,dirichlet_a1.0,full_sign_flip,23,4,False,0.21384511762126085,0.7572993300697662,0.7567148920350693,True,True,True,False,True,True
43,dirichlet_a1.0,full_sign_flip,24,0,True,0.24463114044065418,-0.7758248633927625,0.3556974513139599,True,False,False,False,False,False
43,dirichlet_a1.0,full_sign_flip,24,1,False,0.13820854889648038,0.6715713824055354,0.7476560011807384,True,True,True,False,True,True
43,dirichlet_a1.0,full_sign_flip,24,2,False,0.15122440417764044,0.33886697444390523,0.6838961260904353,True,True,True,False,False,True
43,dirichlet_a1.0,full_sign_flip,24,3,False,0.25950174192087405,0.6773825198756065,0.6943829476513403,True,True,True,False,True,True
43,dirichlet_a1.0,full_sign_flip,24,4,False,0.23141392459529556,0.7782966604680676,0.737681868673922,True,True,True,False,True,True
43,dirichlet_a1.0,directional_poisoning,0,0,False,0.22064658748336854,0.21300020215390536,0.650413294547968,True,True,True,False,False,True
43,dirichlet_a1.0,directional_poisoning,0,1,False,0.18472803280382397,0.3996802107936097,0.6316134327928343,True,True,True,False,False,True
43,dirichlet_a1.0,directional_poisoning,0,2,False,0.3636819059765573,0.04531764101108339,0.6635537570922496,False,True,True,False,False,True
43,dirichlet_a1.0,directional_poisoning,0,3,False,0.35380185150878324,0.3755621144655078,0.6178897497191901,False,True,True,False,False,True
43,dirichlet_a1.0,directional_poisoning,0,4,False,0.2320902113202325,0.22170514147323778,0.6643025834509375,True,True,True,False,False,True
43,dirichlet_a1.0,directional_poisoning,1,0,False,0.29596299833494444,0.16512877393883824,0.701367171510438,True,True,True,False,False,True
43,dirichlet_a1.0,directional_poisoning,1,1,False,0.24127686168830362,0.33651980772157003,0.6717642243143676,True,True,True,False,False,True
43,dirichlet_a1.0,directional_poisoning,1,2,False,0.38677403308814706,0.04047087204293658,0.7014162914449448,False,True,True,False,False,True
43,dirichlet_a1.0,directional_poisoning,1,3,False,0.3372414463469133,0.44285702856129633,0.6235366352844863,False,True,True,False,False,True
43,dirichlet_a1.0,directional_poisoning,1,4,False,0.24519959754104376,0.2931501703320287,0.6615882112157184,True,True,True,False,False,True
43,dirichlet_a1.0,directional_poisoning,2,0,False,0.2896958761155833,0.1146356891030427,0.6430663289536173,True,True,True,False,False,True
43,dirichlet_a1.0,directional_poisoning,2,1,False,0.23780858652119388,0.27301742036939014,0.6644372328637012,True,True,True,False,False,True
43,dirichlet_a1.0,directional_poisoning,2,2,False,0.3189247643760179,-0.11185633326981176,0.7070444831407313,False,True,True,False,False,True
43,dirichlet_a1.0,directional_poisoning,2,3,False,0.26944369531952284,0.32704082118369565,0.6119756213392433,True,True,True,False,False,True
43,dirichlet_a1.0,directional_poisoning,2,4,False,0.19212215958172213,0.10896128170262354,0.6765711571948709,True,True,True,False,False,True
43,dirichlet_a1.0,directional_poisoning,3,0,False,0.2230097464012147,-0.07461689271231374,0.6624922202223755,True,True,True,False,False,True
43,dirichlet_a1.0,directional_poisoning,3,1,False,0.20382996435970102,0.02748766703966538,0.6540059546838467,True,True,True,False,False,True
43,dirichlet_a1.0,directional_poisoning,3,2,False,0.24010533035053977,-0.2596101261357092,0.6912984238591061,True,True,True,False,False,True
43,dirichlet_a1.0,directional_poisoning,3,3,False,0.25280171406922664,0.47545597233182313,0.664645326246026,True,True,True,False,False,True
43,dirichlet_a1.0,directional_poisoning,3,4,False,0.1926966637988638,0.4421848159734426,0.7025601776312469,True,True,True,False,False,True
43,dirichlet_a1.0,directional_poisoning,4,0,False,0.20799526992891895,0.228841975257043,0.6727916010325518,True,True,True,False,False,True
43,dirichlet_a1.0,directional_poisoning,4,1,False,0.1551339097176986,-0.0692298067045129,0.7178708980396361,True,True,True,False,False,True
43,dirichlet_a1.0,directional_poisoning,4,2,False,0.2163730509479528,-0.3775265097938338,0.648635497678408,True,True,True,False,False,True
43,dirichlet_a1.0,directional_poisoning,4,3,False,0.2382491343395546,0.5012204017353915,0.6744410447576554,True,True,True,False,False,True
43,dirichlet_a1.0,directional_poisoning,4,4,False,0.16842053894243053,0.7173171983095475,0.6950013607910732,True,True,True,False,True,True
43,dirichlet_a1.0,directional_poisoning,5,0,False,0.167098867331954,0.0800640076520703,0.6986865051070812,True,True,True,False,False,True
43,dirichlet_a1.0,directional_poisoning,5,1,False,0.14956686492469268,-0.12550366046381947,0.6925528533507435,True,True,True,False,False,True
43,dirichlet_a1.0,directional_poisoning,5,2,False,0.17885735950655623,-0.26441699044950984,0.7192179164483236,True,True,True,False,False,True
43,dirichlet_a1.0,directional_poisoning,5,3,False,0.22755619345692069,0.5012091094366794,0.6266032111470959,True,True,True,False,False,True
43,dirichlet_a1.0,directional_poisoning,5,4,False,0.15068891923447544,0.7559413739478209,0.6838763991856159,True,True,True,False,True,True
43,dirichlet_a1.0,directional_poisoning,6,0,False,0.15637918070417733,0.18695650351230328,0.6706510174225296,True,True,True,False,False,True
43,dirichlet_a1.0,directional_poisoning,6,1,False,0.1356560398583179,0.11878919166744308,0.6837511637185796,True,True,True,False,False,True
43,dirichlet_a1.0,directional_poisoning,6,2,False,0.1638277282617531,-0.17646377635352237,0.6686893203883495,True,True,True,False,False,True
43,dirichlet_a1.0,directional_poisoning,6,3,False,0.22115989737075045,0.5469204617599674,0.664865673626812,True,True,True,False,False,True
43,dirichlet_a1.0,directional_poisoning,6,4,False,0.16033075642173292,0.6774091076648636,0.7120129006516824,True,True,True,False,True,True
43,dirichlet_a1.0,directional_poisoning,7,0,False,0.1669767881853343,0.22770657714291725,0.673534338358459,True,True,True,False,False,True
43,dirichlet_a1.0,directional_poisoning,7,1,False,0.1222711885550264,0.02157770821899382,0.7031239530988275,True,True,True,False,False,True
43,dirichlet_a1.0,directional_poisoning,7,2,False,0.15047081465836148,-0.16634765602733068,0.6654941373534339,True,True,True,False,False,True
43,dirichlet_a1.0,directional_poisoning,7,3,False,0.2087820643889371,0.4536852337152643,0.6706448911222781,True,True,True,False,False,True
43,dirichlet_a1.0,directional_poisoning,7,4,False,0.16589075770318132,0.7342534335062333,0.6954103852596315,True,True,True,False,True,True
43,dirichlet_a1.0,directional_poisoning,8,0,False,0.14281129889815763,0.2993451702325413,0.6488235147548609,True,True,True,False,False,True
43,dirichlet_a1.0,directional_poisoning,8,1,False,0.12418219226709931,0.0963244382068981,0.7117714969144775,True,True,True,False,False,True
43,dirichlet_a1.0,directional_poisoning,8,2,False,0.13916319647073316,-0.1582366173086398,0.7103429373510187,True,True,True,False,False,True
43,dirichlet_a1.0,directional_poisoning,8,3,False,0.19956483648820683,0.5287606245446563,0.6586324033853539,True,True,True,False,False,True
43,dirichlet_a1.0,directional_poisoning,8,4,False,0.15392860068940217,0.7508423342697736,0.7074941238029584,True,True,True,False,True,True
43,dirichlet_a1.0,directional_poisoning,9,0,False,0.14278498126342928,0.303184414276205,0.6655908179259434,True,True,True,False,False,True
43,dirichlet_a1.0,directional_poisoning,9,1,False,0.10685523671991956,0.020724263923730057,0.6970404328114203,True,True,True,False,False,True
43,dirichlet_a1.0,directional_poisoning,9,2,False,0.1542894387285481,-0.12463873055119637,0.7001247198017967,True,True,True,False,False,True
43,dirichlet_a1.0,directional_poisoning,9,3,False,0.20843401398396738,0.5296244836287293,0.6386580823487772,True,True,True,False,False,True
43,dirichlet_a1.0,directional_poisoning,9,4,False,0.16059073465397827,0.7965379530838724,0.726214754015472,True,True,True,False,True,True
43,dirichlet_a1.0,directional_poisoning,10,0,True,0.15305311033139313,-0.22655353479730633,0.520796719390744,True,True,True,False,False,False
43,dirichlet_a1.0,directional_poisoning,10,1,False,0.12163548714117031,0.20616745154010327,0.7117750439367311,True,True,True,False,False,True
43,dirichlet_a1.0,directional_poisoning,10,2,False,0.14285285948607457,0.07401849121909326,0.7349274321971666,True,True,True,False,False,True
43,dirichlet_a1.0,directional_poisoning,10,3,False,0.2068174373450394,0.5824364784141663,0.6403128790316592,True,True,True,False,False,True
43,dirichlet_a1.0,directional_poisoning,10,4,False,0.15346931703501068,0.8198630789783183,0.7135160111223875,True,True,True,False,True,True
43,dirichlet_a1.0,directional_poisoning,11,0,True,0.17856510361342326,-0.653851645948052,0.42773835808066335,True,False,True,False,False,False
43,dirichlet_a1.0,directional_poisoning,11,1,False,0.12866781151698622,0.286930333118928,0.7254731768156001,True,True,True,False,False,True
43,dirichlet_a1.0,directional_poisoning,11,2,False,0.1334211220957906,-0.19721880575169545,0.7173916707397232,True,True,True,False,False,True
43,dirichlet_a1.0,directional_poisoning,11,3,False,0.21402827295383672,0.6345510574500155,0.6441356412114675,True,True,True,False,False,True
43,dirichlet_a1.0,directional_poisoning,11,4,False,0.16400530907136723,0.8214606651332034,0.7273524008561846,True,True,True,False,True,True
43,dirichlet_a1.0,directional_poisoning,12,0,True,0.19419598265337548,-0.5431837516369735,0.468672608116987,True,False,True,False,False,False
43,dirichlet_a1.0,directional_poisoning,12,1,False,0.10893319550603302,0.22016237037743835,0.6806695082298634,True,True,True,False,False,True
43,dirichlet_a1.0,directional_poisoning,12,2,False,0.12218716112752487,-0.23624152736920345,0.7303350910591843,True,True,True,False,False,True
43,dirichlet_a1.0,directional_poisoning,12,3,False,0.22748205273269484,0.7633993485325995,0.6800630085752313,True,True,True,False,True,True
43,dirichlet_a1.0,directional_poisoning,12,4,False,0.17416989474230415,0.840306305255983,0.7120474417507623,True,True,True,False,True,True
43,dirichlet_a1.0,directional_poisoning,13,0,True,0.19792789051754836,-0.7121510450043017,0.4151078716714897,True,False,False,False,False,False
43,dirichlet_a1.0,directional_poisoning,13,1,False,0.1140395707051067,0.35801496285871026,0.7129704530860388,True,True,True,False,False,True
43,dirichlet_a1.0,directional_poisoning,13,2,False,0.13508541665065218,-0.04845287482038725,0.7241037102517701,True,True,True,False,False,True
43,dirichlet_a1.0,directional_poisoning,13,3,False,0.2177733786838584,0.5958725405432154,0.6620660323072945,True,True,True,False,False,True
43,dirichlet_a1.0,directional_poisoning,13,4,False,0.177345626428424,0.8131765135760334,0.6937395234799143,True,True,True,False,True,True
43,dirichlet_a1.0,directional_poisoning,14,0,True,0.19583044018662826,-0.6970510231694781,0.4266806306900647,True,False,True,False,False,False
43,dirichlet_a1.0,directional_poisoning,14,1,False,0.1267178131152489,0.2766945758260322,0.7109447156616968,True,True,True,False,False,True
43,dirichlet_a1.0,directional_poisoning,14,2,False,0.14054719177816027,-0.07733973876648627,0.7194303338171263,True,True,True,False,False,True
43,dirichlet_a1.0,directional_poisoning,14,3,False,0.23193138088789736,0.7295130253850192,0.6942703522892202,True,True,True,False,True,True
43,dirichlet_a1.0,directional_poisoning,14,4,False,0.1902238522795495,0.8294524795779953,0.6964061881514712,True,True,True,False,True,True
43,dirichlet_a1.0,directional_poisoning,15,0,True,0.21876447998725831,-0.7187428037640109,0.4016257379994866,True,False,False,False,False,False
43,dirichlet_a1.0,directional_poisoning,15,1,False,0.12308869124461819,0.42468968972045185,0.7557457003508171,True,True,True,False,False,True
43,dirichlet_a1.0,directional_poisoning,15,2,False,0.12564498115596465,0.08257599983289471,0.7542397535723453,True,True,True,False,False,True
43,dirichlet_a1.0,directional_poisoning,15,3,False,0.24484934418999088,0.7435620173191746,0.6648327201163686,True,True,True,False,True,True
43,dirichlet_a1.0,directional_poisoning,15,4,False,0.19292935212422435,0.8706843975185143,0.7421493967656371,True,True,True,False,True,True
43,dirichlet_a1.0,directional_poisoning,16,0,True,0.21507159533929238,-0.6521950665346437,0.37634737774913396,True,False,False,False,False,False
43,dirichlet_a1.0,directional_poisoning,16,1,False,0.12764927885668537,0.45272793035228565,0.7723273986949166,True,True,True,False,False,True
43,dirichlet_a1.0,directional_poisoning,16,2,False,0.12427459674926213,0.076236872925593,0.7108434705550633,True,True,True,False,False,True
43,dirichlet_a1.0,directional_poisoning,16,3,False,0.24439170514452657,0.7118031810391248,0.6717151373559977,True,True,True,False,True,True
43,dirichlet_a1.0,directional_poisoning,16,4,False,0.20812010946199885,0.9123569343016755,0.7262547329412713,True,True,True,False,True,True
43,dirichlet_a1.0,directional_poisoning,17,0,True,0.22295266099597075,-0.56148163024324,0.4109486097462281,True,False,False,False,False,False
43,dirichlet_a1.0,directional_poisoning,17,1,False,0.12407157821427621,0.45241658643599425,0.7954134425606765,True,True,True,False,False,True
43,dirichlet_a1.0,directional_poisoning,17,2,False,0.13977119414148187,0.09963857249658488,0.7396050969089873,True,True,True,False,False,True
43,dirichlet_a1.0,directional_poisoning,17,3,False,0.25571635860674596,0.7177716995275716,0.6654719926007283,True,True,True,False,True,True
43,dirichlet_a1.0,directional_poisoning,17,4,False,0.22597118330383487,0.9054813151878073,0.6859934100237008,True,True,True,False,True,True
43,dirichlet_a1.0,directional_poisoning,18,0,True,0.21073987071246492,-0.7043438956855992,0.3901784776478763,True,False,False,False,False,False
43,dirichlet_a1.0,directional_poisoning,18,1,False,0.117292711664607,0.5240704844236393,0.7177403065387941,True,True,True,False,False,True
43,dirichlet_a1.0,directional_poisoning,18,2,False,0.12983053075984943,0.2755829727785779,0.7243736315232409,True,True,True,False,False,True
43,dirichlet_a1.0,directional_poisoning,18,3,False,0.2643608483205493,0.7610478971361606,0.7072853460882773,True,True,True,False,True,True
43,dirichlet_a1.0,directional_poisoning,18,4,False,0.23564853323145785,0.9024310565472945,0.7309988769401061,True,True,True,False,True,True
43,dirichlet_a1.0,directional_poisoning,19,0,True,0.2303213047870499,-0.632893194159012,0.3916163562406337,True,False,False,False,False,False
43,dirichlet_a1.0,directional_poisoning,19,1,False,0.11719261298383012,0.5548353769255534,0.7814343823592379,True,True,True,False,False,True
43,dirichlet_a1.0,directional_poisoning,19,2,False,0.13235674781610632,0.23517002249488508,0.7598116035110255,True,True,True,False,False,True
43,dirichlet_a1.0,directional_poisoning,19,3,False,0.2611153687165322,0.7848952177999723,0.6833825733247698,True,True,True,False,True,True
43,dirichlet_a1.0,directional_poisoning,19,4,False,0.2315389565452391,0.900178027824076,0.7740184114750589,True,True,True,False,True,True
43,dirichlet_a1.0,directional_poisoning,20,0,True,0.23482264140210096,-0.6610630196167275,0.3689149890846404,True,False,False,False,False,False
43,dirichlet_a1.0,directional_poisoning,20,1,False,0.12937097237493528,0.5693512258782435,0.7576790159259528,True,True,True,False,False,True
43,dirichlet_a1.0,directional_poisoning,20,2,False,0.13621590683979484,0.2827053992335591,0.7295649161813158,True,True,True,False,False,True
43,dirichlet_a1.0,directional_poisoning,20,3,False,0.27774046733536506,0.7926549162254652,0.6776384156214504,True,True,True,False,True,True
43,dirichlet_a1.0,directional_poisoning,20,4,False,0.2318599639117512,0.862436126433787,0.759410973360078,True,True,True,False,True,True
43,dirichlet_a1.0,directional_poisoning,21,0,True,0.24766313672035414,-0.7067221801881071,0.3988344061234263,True,False,False,False,False,False
43,dirichlet_a1.0,directional_poisoning,21,1,False,0.12842276166543787,0.6427909158585146,0.779852109189198,True,True,True,False,False,True
43,dirichlet_a1.0,directional_poisoning,21,2,False,0.1489009399950317,0.3192105291393528,0.7455011810160797,True,True,True,False,False,True
43,dirichlet_a1.0,directional_poisoning,21,3,False,0.2647196398158422,0.6992789049924902,0.669818748528803,True,True,True,False,True,True
43,dirichlet_a1.0,directional_poisoning,21,4,False,0.23246759266764527,0.8572847277971347,0.7611912434354174,True,True,True,False,True,True
43,dirichlet_a1.0,directional_poisoning,22,0,True,0.2457847527986428,-0.7273180668983266,0.3522897598622317,True,False,False,False,False,False
43,dirichlet_a1.0,directional_poisoning,22,1,False,0.1427721773702015,0.5752922345553698,0.7406081576681443,True,True,True,False,False,True
43,dirichlet_a1.0,directional_poisoning,22,2,False,0.15175870528826607,0.31366177960937874,0.7461412124884396,True,True,True,False,False,True
43,dirichlet_a1.0,directional_poisoning,22,3,False,0.26615558727172767,0.6939292627322046,0.6849826195107951,True,True,True,False,True,True
43,dirichlet_a1.0,directional_poisoning,22,4,False,0.22856625945440442,0.7982372672837116,0.776915840163281,True,True,True,False,True,True
43,dirichlet_a1.0,directional_poisoning,23,0,True,0.2570911920327398,-0.7144283869114044,0.3825027931190225,True,False,False,False,False,False
43,dirichlet_a1.0,directional_poisoning,23,1,False,0.12709476797135535,0.6494226103828983,0.7756154766526945,True,True,True,False,False,True
43,dirichlet_a1.0,directional_poisoning,23,2,False,0.15589991711301424,0.269494837600924,0.7101812159774332,True,True,True,False,False,True
43,dirichlet_a1.0,directional_poisoning,23,3,False,0.25975230337315913,0.6812738772523849,0.6803404039523625,True,True,True,False,True,True
43,dirichlet_a1.0,directional_poisoning,23,4,False,0.21567001138935005,0.7626713539415734,0.7666695720386996,True,True,True,False,True,True
43,dirichlet_a1.0,directional_poisoning,24,0,True,0.24394696496854176,-0.7780637876079989,0.35460880463258665,True,False,False,False,False,False
43,dirichlet_a1.0,directional_poisoning,24,1,False,0.1373442886505816,0.6724444613763264,0.7375446384755348,True,True,True,False,True,True
43,dirichlet_a1.0,directional_poisoning,24,2,False,0.15066922621132012,0.34457253571087926,0.6912338716374865,True,True,True,False,False,True
43,dirichlet_a1.0,directional_poisoning,24,3,False,0.26030171980176575,0.6785887335571957,0.6932723305625391,True,True,True,False,True,True
43,dirichlet_a1.0,directional_poisoning,24,4,False,0.23303311356900847,0.7744015329201875,0.7301759869538629,True,True,True,False,True,True
43,dirichlet_a1.0,sparse_coordinate_attack,0,0,False,0.22045530463531163,0.21307012763820982,0.671520307272209,True,True,True,False,False,True
43,dirichlet_a1.0,sparse_coordinate_attack,0,1,False,0.1846049570150128,0.39999507060777306,0.6358569263776988,True,True,True,False,False,True
43,dirichlet_a1.0,sparse_coordinate_attack,0,2,False,0.3638204427414958,0.04479323651759937,0.6688946902522093,False,True,True,False,False,True
43,dirichlet_a1.0,sparse_coordinate_attack,0,3,False,0.3537534603032883,0.3749960442507842,0.6218811420683861,False,True,True,False,False,True
43,dirichlet_a1.0,sparse_coordinate_attack,0,4,False,0.23152783396431115,0.22053199702766038,0.6609128145114102,True,True,True,False,False,True
43,dirichlet_a1.0,sparse_coordinate_attack,1,0,False,0.29587254561742204,0.16666045314175013,0.6898738220731513,True,True,True,False,False,True
43,dirichlet_a1.0,sparse_coordinate_attack,1,1,False,0.2411570712427088,0.33870690758359345,0.6793243890752276,True,True,True,False,False,True
43,dirichlet_a1.0,sparse_coordinate_attack,1,2,False,0.38667272649945345,0.04704154734163285,0.705749880210829,False,True,True,False,False,True
43,dirichlet_a1.0,sparse_coordinate_attack,1,3,False,0.33758330083513316,0.44477819974403293,0.6345312250439227,False,True,True,False,False,True
43,dirichlet_a1.0,sparse_coordinate_attack,1,4,False,0.24530796397663948,0.2949887301712725,0.6591119629452165,True,True,True,False,False,True
43,dirichlet_a1.0,sparse_coordinate_attack,2,0,False,0.2908579732374124,0.12110504256741192,0.6548257317958888,True,True,True,False,False,True
43,dirichlet_a1.0,sparse_coordinate_attack,2,1,False,0.23775518133146792,0.27406486107344097,0.6694412482352845,True,True,True,False,False,True
43,dirichlet_a1.0,sparse_coordinate_attack,2,2,False,0.31882053351967093,-0.1142331319289436,0.7166499375719148,False,True,True,False,False,True
43,dirichlet_a1.0,sparse_coordinate_attack,2,3,False,0.269358210906038,0.32494994156215184,0.6141617907475865,True,True,True,False,False,True
43,dirichlet_a1.0,sparse_coordinate_attack,2,4,False,0.19224823551616646,0.1107308137559873,0.6766143576435641,True,True,True,False,False,True
43,dirichlet_a1.0,sparse_coordinate_attack,3,0,False,0.22294649518734366,-0.07159597619111902,0.6531213478768991,True,True,True,False,False,True
43,dirichlet_a1.0,sparse_coordinate_attack,3,1,False,0.2035069568960744,0.02362979983463944,0.6615455784962991,True,True,True,False,False,True
43,dirichlet_a1.0,sparse_coordinate_attack,3,2,False,0.23992733454592988,-0.25280185776892905,0.6928645630437605,True,True,True,False,False,True
43,dirichlet_a1.0,sparse_coordinate_attack,3,3,False,0.25231477463731367,0.4747422953884315,0.6612047136735489,True,True,True,False,False,True
43,dirichlet_a1.0,sparse_coordinate_attack,3,4,False,0.19269303488557385,0.44270742137722874,0.6788160628489807,True,True,True,False,False,True
43,dirichlet_a1.0,sparse_coordinate_attack,4,0,False,0.20803421931725824,0.22314931740206545,0.688217888480528,True,True,True,False,False,True
43,dirichlet_a1.0,sparse_coordinate_attack,4,1,False,0.15488958034865702,-0.06782650751468787,0.721073411158769,True,True,True,False,False,True
43,dirichlet_a1.0,sparse_coordinate_attack,4,2,False,0.21488312654606578,-0.37448627110483373,0.6505529926409769,True,True,True,False,False,True
43,dirichlet_a1.0,sparse_coordinate_attack,4,3,False,0.23790610386149402,0.49917877572335023,0.6901194668758687,True,True,True,False,False,True
43,dirichlet_a1.0,sparse_coordinate_attack,4,4,False,0.16845030243221312,0.7159821488885046,0.7089902874538462,True,True,True,False,True,True
43,dirichlet_a1.0,sparse_coordinate_attack,5,0,False,0.1673488385147576,0.08180519151322993,0.6809082213997588,True,True,True,False,False,True
43,dirichlet_a1.0,sparse_coordinate_attack,5,1,False,0.14926422655901395,-0.1249994711161349,0.6930926934752776,True,True,True,False,False,True
43,dirichlet_a1.0,sparse_coordinate_attack,5,2,False,0.17862703253314985,-0.26345672942755627,0.7244063708570716,True,True,True,False,False,True
43,dirichlet_a1.0,sparse_coordinate_attack,5,3,False,0.22726330414613796,0.4999891456311804,0.6048155695097102,True,True,True,False,False,True
43,dirichlet_a1.0,sparse_coordinate_attack,5,4,False,0.15030934056833292,0.7544038363028944,0.670994302823637,True,True,True,False,True,True
43,dirichlet_a1.0,sparse_coordinate_attack,6,0,False,0.15712892903539144,0.17933846793138103,0.6716202812794059,True,True,True,False,False,True
43,dirichlet_a1.0,sparse_coordinate_attack,6,1,False,0.13613711259099082,0.12140480707205427,0.6986631174710286,True,True,True,False,False,True
43,dirichlet_a1.0,sparse_coordinate_attack,6,2,False,0.16438705089035724,-0.17290516404156014,0.6734005306838701,True,True,True,False,False,True
43,dirichlet_a1.0,sparse_coordinate_attack,6,3,False,0.2210585856370389,0.5441064140173216,0.6459931672332381,True,True,True,False,False,True
43,dirichlet_a1.0,sparse_coordinate_attack,6,4,False,0.16024064826917014,0.6791210895043501,0.707759344190029,True,True,True,False,True,True
43,dirichlet_a1.0,sparse_coordinate_attack,7,0,False,0.1672098569796878,0.22347047572269552,0.6695351429320745,True,True,True,False,False,True
43,dirichlet_a1.0,sparse_coordinate_attack,7,1,False,0.12255861636948588,0.016857230526981976,0.6936795174403357,True,True,True,False,False,True
43,dirichlet_a1.0,sparse_coordinate_attack,7,2,False,0.15079951906617028,-0.169807712151341,0.664380081300813,True,True,True,False,False,True
43,dirichlet_a1.0,sparse_coordinate_attack,7,3,False,0.2087742584158246,0.45400674383039274,0.6777881589299763,True,True,True,False,False,True
43,dirichlet_a1.0,sparse_coordinate_attack,7,4,False,0.16616711510969628,0.7340849032235844,0.6754278127458694,True,True,True,False,True,True
43,dirichlet_a1.0,sparse_coordinate_attack,8,0,False,0.14323174761510918,0.30227250980286213,0.6734522720341568,True,True,True,False,False,True
43,dirichlet_a1.0,sparse_coordinate_attack,8,1,False,0.12442022969392935,0.09898014206739517,0.7201213106977059,True,True,True,False,False,True
43,dirichlet_a1.0,sparse_coordinate_attack,8,2,False,0.13906012102131607,-0.14369226432900617,0.6852953136118736,True,True,True,False,False,True
43,dirichlet_a1.0,sparse_coordinate_attack,8,3,False,0.19917028649157714,0.5244106933941517,0.6671241232082952,True,True,True,False,False,True
43,dirichlet_a1.0,sparse_coordinate_attack,8,4,False,0.15384314609051142,0.7491777722946628,0.7236623631866084,True,True,True,False,True,True
43,dirichlet_a1.0,sparse_coordinate_attack,9,0,False,0.1435897972719727,0.3078642869047631,0.6638479912776423,True,True,True,False,False,True
43,dirichlet_a1.0,sparse_coordinate_attack,9,1,False,0.10676810507894663,0.01541218500070179,0.6924203710331167,True,True,True,False,False,True
43,dirichlet_a1.0,sparse_coordinate_attack,9,2,False,0.1555264279475243,-0.12613211427959528,0.6971144642990903,True,True,True,False,False,True
43,dirichlet_a1.0,sparse_coordinate_attack,9,3,False,0.2086348153440901,0.5259699482931247,0.6347512713169262,True,True,True,False,False,True
43,dirichlet_a1.0,sparse_coordinate_attack,9,4,False,0.1609661881827015,0.7941832079399328,0.7045551014972826,True,True,True,False,True,True
43,dirichlet_a1.0,sparse_coordinate_attack,10,0,True,11.97733363589447,0.0007107199484726243,0.015348945049849292,False,True,False,False,False,False
43,dirichlet_a1.0,sparse_coordinate_attack,10,1,False,0.12447952137756006,0.1372830704886631,0.8263621609088802,True,True,True,False,False,True
43,dirichlet_a1.0,sparse_coordinate_attack,10,2,False,0.15501072631723917,-0.04604280091915212,0.7969626709946673,True,True,True,False,False,True
43,dirichlet_a1.0,sparse_coordinate_attack,10,3,False,0.2078700515079476,0.5521742879944144,0.7259680037097148,True,True,True,False,False,True
43,dirichlet_a1.0,sparse_coordinate_attack,10,4,False,0.16275282855672696,0.8794541971882214,0.8001391143055877,True,True,True,False,True,True
43,dirichlet_a1.0,sparse_coordinate_attack,11,0,True,10.871738799749116,-0.006446593732679697,0.015963923337091318,False,True,False,False,False,False
43,dirichlet_a1.0,sparse_coordinate_attack,11,1,False,0.10437127359684435,0.3264192405585233,0.768184892897407,True,True,True,False,False,True
43,dirichlet_a1.0,sparse_coordinate_attack,11,2,False,0.1423872558148039,-0.07126343603984246,0.7949379932356258,True,True,True,False,False,True
43,dirichlet_a1.0,sparse_coordinate_attack,11,3,False,0.21316854768023877,0.5221507905182546,0.709684329199549,True,True,True,False,False,True
43,dirichlet_a1.0,sparse_coordinate_attack,11,4,False,0.16994196945443046,0.7799878535558906,0.8181285231116122,True,True,True,False,True,True
43,dirichlet_a1.0,sparse_coordinate_attack,12,0,True,11.287141307465642,-0.011476165909166978,0.016329547745447214,False,True,False,False,False,False
43,dirichlet_a1.0,sparse_coordinate_attack,12,1,False,0.13400772121522048,0.2521923276332105,0.8189413793875859,True,True,True,False,False,True
43,dirichlet_a1.0,sparse_coordinate_attack,12,2,False,0.1482272199934925,-0.061259833848620396,0.8080774141522747,True,True,True,False,False,True
43,dirichlet_a1.0,sparse_coordinate_attack,12,3,False,0.21285508788468221,0.7159619191778486,0.6634298770243935,True,True,True,False,True,True
43,dirichlet_a1.0,sparse_coordinate_attack,12,4,False,0.17155025161109602,0.8359066970685648,0.8054342226104877,True,True,True,False,True,True
43,dirichlet_a1.0,sparse_coordinate_attack,13,0,True,11.692097269819827,0.013658909509113621,0.01507272507393441,False,True,False,False,False,False
43,dirichlet_a1.0,sparse_coordinate_attack,13,1,False,0.11611287801054669,0.14726607036976688,0.7958420826965996,True,True,True,False,False,True
43,dirichlet_a1.0,sparse_coordinate_attack,13,2,False,0.12376505522152705,0.013683440394393589,0.7864642311371057,True,True,True,False,False,True
43,dirichlet_a1.0,sparse_coordinate_attack,13,3,False,0.23494750293659444,0.7448715363524265,0.7121010565199706,True,True,True,False,True,True
43,dirichlet_a1.0,sparse_coordinate_attack,13,4,False,0.19621792718889897,0.9261008278027565,0.8594971360722963,True,True,True,False,True,True
43,dirichlet_a1.0,sparse_coordinate_attack,14,0,True,12.027282478569601,0.012879050965650951,0.013597150272678554,False,True,False,False,False,False
43,dirichlet_a1.0,sparse_coordinate_attack,14,1,False,0.10291809172201494,0.36470668196358463,0.803597885821766,True,True,True,False,False,True
43,dirichlet_a1.0,sparse_coordinate_attack,14,2,False,0.12216370641835546,0.16184407718511812,0.7668309392961846,True,True,True,False,False,True
43,dirichlet_a1.0,sparse_coordinate_attack,14,3,False,0.25819450527112736,0.6888819948260397,0.7509430790084798,True,True,True,False,True,True
43,dirichlet_a1.0,sparse_coordinate_attack,14,4,False,0.22378444038129594,0.9072791314957671,0.8229113032879044,True,True,True,False,True,True
43,dirichlet_a1.0,sparse_coordinate_attack,15,0,True,12.206393019965335,-0.02129510478147427,0.01169065598094716,False,True,False,False,False,False
43,dirichlet_a1.0,sparse_coordinate_attack,15,1,False,0.10989038410589633,0.44104486937845155,0.8076097948228445,True,True,True,False,False,True
43,dirichlet_a1.0,sparse_coordinate_attack,15,2,False,0.13215306200144103,0.2584606670542623,0.7696458780278043,True,True,True,False,False,True
43,dirichlet_a1.0,sparse_coordinate_attack,15,3,False,0.2718139314020293,0.7660892367634189,0.6906087268809481,True,True,True,False,True,True
43,dirichlet_a1.0,sparse_coordinate_attack,15,4,False,0.23376194890766824,0.933763215173794,0.8409333623158273,True,True,True,False,True,True
43,dirichlet_a1.0,sparse_coordinate_attack,16,0,True,12.06770743965,-0.0033723653267605713,0.01114648168385043,False,True,False,False,False,False
43,dirichlet_a1.0,sparse_coordinate_attack,16,1,False,0.1141268323382507,0.4573853772310353,0.8465719579987647,True,True,True,False,False,True
43,dirichlet_a1.0,sparse_coordinate_attack,16,2,False,0.14833522323137083,0.2088211044308147,0.7328930488905783,True,True,True,False,False,True
43,dirichlet_a1.0,sparse_coordinate_attack,16,3,False,0.2883657068068496,0.8086040217010114,0.7202261604979332,True,True,True,False,True,True
43,dirichlet_a1.0,sparse_coordinate_attack,16,4,False,0.2342468425371102,0.9426112872104727,0.8436071649166152,True,True,True,False,True,True
43,dirichlet_a1.0,sparse_coordinate_attack,17,0,True,13.141462166118199,0.013653707174143596,0.010577705451586655,False,True,False,False,False,False
43,dirichlet_a1.0,sparse_coordinate_attack,17,1,False,0.10608328416473241,0.5840294230502612,0.7972516047373656,True,True,True,False,False,True
43,dirichlet_a1.0,sparse_coordinate_attack,17,2,False,0.14926808616681556,0.32093203757648686,0.7255763493355031,True,True,True,False,False,True
43,dirichlet_a1.0,sparse_coordinate_attack,17,3,False,0.27131259779322137,0.7388343662370529,0.7567579784829581,True,True,True,False,True,True
43,dirichlet_a1.0,sparse_coordinate_attack,17,4,False,0.2384827675974111,0.889048017251274,0.8318596871892234,True,True,True,False,True,True
43,dirichlet_a1.0,sparse_coordinate_attack,18,0,True,16.34099427695202,-0.009931074779276582,0.011606299995031549,False,True,False,False,False,False
43,dirichlet_a1.0,sparse_coordinate_attack,18,1,False,0.11632375739969256,0.5390171953046786,0.8099667113827197,True,True,True,False,False,True
43,dirichlet_a1.0,sparse_coordinate_attack,18,2,False,0.16329597726684705,0.29575113937722936,0.7798181547175436,True,True,True,False,False,True
43,dirichlet_a1.0,sparse_coordinate_attack,18,3,False,0.2656879824236261,0.6821357795562217,0.76642321259999,True,True,True,False,True,True
43,dirichlet_a1.0,sparse_coordinate_attack,18,4,False,0.2214621129661894,0.900163447226758,0.8731256521091072,True,True,True,False,True,True
43,dirichlet_a1.0,sparse_coordinate_attack,19,0,True,14.931931514106198,0.020054785531357658,0.011153669660332832,False,True,False,False,False,False
43,dirichlet_a1.0,sparse_coordinate_attack,19,1,False,0.11032411925921654,0.5203339483637467,0.8333317725063447,True,True,True,False,False,True
43,dirichlet_a1.0,sparse_coordinate_attack,19,2,False,0.17168067961235833,0.27113211196064635,0.7927721223813226,True,True,True,False,False,True
43,dirichlet_a1.0,sparse_coordinate_attack,19,3,False,0.26493384909610995,0.6740404299746853,0.7632069375637988,True,True,True,False,True,True
43,dirichlet_a1.0,sparse_coordinate_attack,19,4,False,0.2172804771618397,0.863615683676006,0.8436145007070546,True,True,True,False,True,True
43,dirichlet_a1.0,sparse_coordinate_attack,20,0,True,15.265652748887172,0.01484769808859219,0.012160684573330164,False,True,False,False,False,False
43,dirichlet_a1.0,sparse_coordinate_attack,20,1,False,0.12244597737467826,0.5203979790271657,0.8219824102686,True,True,True,False,False,True
43,dirichlet_a1.0,sparse_coordinate_attack,20,2,False,0.1752166362494216,0.2796986159214638,0.7854433087710958,True,True,True,False,False,True
43,dirichlet_a1.0,sparse_coordinate_attack,20,3,False,0.24881673801941234,0.584333078193875,0.7634038507249822,True,True,True,False,False,True
43,dirichlet_a1.0,sparse_coordinate_attack,20,4,False,0.18699498652635432,0.8354183717745792,0.8360256714998812,True,True,True,False,True,True
43,dirichlet_a1.0,sparse_coordinate_attack,21,0,True,15.668594475855695,0.006370162808814604,0.013127963384219036,False,True,False,False,False,False
43,dirichlet_a1.0,sparse_coordinate_attack,21,1,False,0.13911247646668706,0.5244006990823027,0.7823060268040672,True,True,True,False,False,True
43,dirichlet_a1.0,sparse_coordinate_attack,21,2,False,0.17947885067881975,0.29212368513567677,0.7672321648806424,True,True,True,False,False,True
43,dirichlet_a1.0,sparse_coordinate_attack,21,3,False,0.23172459115809474,0.5938416749548917,0.7395784800065777,True,True,True,False,False,True
43,dirichlet_a1.0,sparse_coordinate_attack,21,4,False,0.177236864455877,0.8181052940266972,0.8391573254401111,True,True,True,False,True,True
43,dirichlet_a1.0,sparse_coordinate_attack,22,0,True,17.052121923068142,0.011348132421476805,0.013106063395059455,False,True,False,False,False,False
43,dirichlet_a1.0,sparse_coordinate_attack,22,1,False,0.14878456581287833,0.5070095918969972,0.8312226190037919,True,True,True,False,False,True
43,dirichlet_a1.0,sparse_coordinate_attack,22,2,False,0.19338784419156174,0.35968003221754236,0.7721809078525936,True,True,True,False,False,True
43,dirichlet_a1.0,sparse_coordinate_attack,22,3,False,0.2450139045826693,0.5292163732121205,0.7126237897139491,True,True,True,False,False,True
43,dirichlet_a1.0,sparse_coordinate_attack,22,4,False,0.17800639378905866,0.8498474907656692,0.8105971358097412,True,True,True,False,True,True
43,dirichlet_a1.0,sparse_coordinate_attack,23,0,True,15.634469396243622,0.005500919927912661,0.01207391592431716,False,True,False,False,False,False
43,dirichlet_a1.0,sparse_coordinate_attack,23,1,False,0.16364456043077963,0.6312105226386328,0.8230692777736877,True,True,True,False,False,True
43,dirichlet_a1.0,sparse_coordinate_attack,23,2,False,0.21989646834269985,0.3953914201056781,0.7602517853198851,True,True,True,False,False,True
43,dirichlet_a1.0,sparse_coordinate_attack,23,3,False,0.22696774859798127,0.47328041881386373,0.7044651402488404,True,True,True,False,False,True
43,dirichlet_a1.0,sparse_coordinate_attack,23,4,False,0.1737000387958942,0.8080784533550903,0.8566590591180152,True,True,True,False,True,True
43,dirichlet_a1.0,sparse_coordinate_attack,24,0,True,16.149292870869527,-0.027444087496655275,0.011507603237853582,False,True,False,False,False,False
43,dirichlet_a1.0,sparse_coordinate_attack,24,1,False,0.16504496283019696,0.6869194981958455,0.8218555116773583,True,True,True,False,True,True
43,dirichlet_a1.0,sparse_coordinate_attack,24,2,False,0.23769821795423166,0.4378563865470934,0.7726176223576291,True,True,True,False,False,True
43,dirichlet_a1.0,sparse_coordinate_attack,24,3,False,0.2042360347892619,0.5063218774006913,0.6902417668816897,True,True,True,False,False,True
43,dirichlet_a1.0,sparse_coordinate_attack,24,4,False,0.17086565714322743,0.7974807628584241,0.804352876007362,True,True,True,False,True,True
43,dirichlet_a0.5,no_attack,0,0,False,0.4888996225234441,0.34442623060143707,0.6356076864778337,False,True,True,False,False,True
43,dirichlet_a0.5,no_attack,0,1,False,0.3690865411636375,0.04154134491392276,0.5997960094345637,True,True,True,False,False,True
43,dirichlet_a0.5,no_attack,0,2,False,0.23997085993468065,0.10246703364381114,0.6149536417274034,True,True,True,False,False,True
43,dirichlet_a0.5,no_attack,0,3,False,0.4201827859066264,0.027810092910319776,0.5612786241969642,False,True,True,False,False,True
43,dirichlet_a0.5,no_attack,0,4,False,0.3346009405585649,0.40285313509376214,0.6700594264181948,True,True,True,False,False,True
43,dirichlet_a0.5,no_attack,1,0,False,0.43999584938826947,0.3391806939493819,0.6520500198229153,False,True,True,False,False,True
43,dirichlet_a0.5,no_attack,1,1,False,0.3533894604167599,-0.07031434682972057,0.6573526496630104,True,True,True,False,False,True
43,dirichlet_a0.5,no_attack,1,2,False,0.36198218282318145,0.025786111285983158,0.6188961940002643,True,True,True,False,False,True
43,dirichlet_a0.5,no_attack,1,3,False,0.3828241838571142,-0.20089577961213273,0.5906733183560195,True,True,True,False,False,True
43,dirichlet_a0.5,no_attack,1,4,False,0.2900223959845222,0.5072829764363985,0.679479978855557,True,True,True,False,False,True
43,dirichlet_a0.5,no_attack,2,0,False,0.3936283964375078,0.22443222506111998,0.6358337392433837,False,True,True,False,False,True
43,dirichlet_a0.5,no_attack,2,1,False,0.3254348070903772,0.06499683013240325,0.6135898684851437,True,True,True,False,False,True
43,dirichlet_a0.5,no_attack,2,2,False,0.31019095822632836,-0.28615056938298833,0.6489040428641013,True,True,True,False,False,True
43,dirichlet_a0.5,no_attack,2,3,False,0.3158500967793387,-0.5304223187428307,0.5953401526221789,True,False,True,False,False,True
43,dirichlet_a0.5,no_attack,2,4,False,0.2424218983780496,0.5593448433043232,0.704424419548628,True,True,True,False,False,True
43,dirichlet_a0.5,no_attack,3,0,False,0.3307272753261503,0.0029472494880076233,0.6247445953071448,True,True,True,False,False,True
43,dirichlet_a0.5,no_attack,3,1,False,0.2934125147566787,0.4102322594833785,0.6454076588452412,True,True,True,False,False,True
43,dirichlet_a0.5,no_attack,3,2,False,0.2655687525558446,-0.27168570522706625,0.6251235829158978,True,True,True,False,False,True
43,dirichlet_a0.5,no_attack,3,3,False,0.2648723451410436,-0.2989069807091846,0.5906439493804376,True,True,True,False,False,True
43,dirichlet_a0.5,no_attack,3,4,False,0.20898367258257242,0.5461741882849491,0.6618936198259953,True,True,True,False,False,True
43,dirichlet_a0.5,no_attack,4,0,False,0.29052561976761176,0.06202461404379554,0.6205184731577873,True,True,True,False,False,True
43,dirichlet_a0.5,no_attack,4,1,False,0.25784971013544344,0.4351170102767592,0.6972688303735456,True,True,True,False,False,True
43,dirichlet_a0.5,no_attack,4,2,False,0.2510047090705715,-0.21347141617754575,0.6322596448254746,True,True,True,False,False,True
43,dirichlet_a0.5,no_attack,4,3,False,0.24981019107261185,-0.12557929762680042,0.6055276587058583,True,True,True,False,False,True
43,dirichlet_a0.5,no_attack,4,4,False,0.15500132210292566,0.5364683126954247,0.6344070218411921,True,True,True,False,False,True
43,dirichlet_a0.5,no_attack,5,0,False,0.27457278675269786,-0.15088910121353005,0.6275752908966461,True,True,True,False,False,True
43,dirichlet_a0.5,no_attack,5,1,False,0.22857811068101197,0.23402651529807977,0.6752138945927447,True,True,True,False,False,True
43,dirichlet_a0.5,no_attack,5,2,False,0.24464284259776042,0.0788356182694,0.6142796030116359,True,True,True,False,False,True
43,dirichlet_a0.5,no_attack,5,3,False,0.24181514648338878,0.11217701326590751,0.6086498973305955,True,True,True,False,False,True
43,dirichlet_a0.5,no_attack,5,4,False,0.14116810633733046,0.5354690366462163,0.684599589322382,True,True,True,False,False,True
43,dirichlet_a0.5,no_attack,6,0,False,0.2352505182585937,-0.13176398668253117,0.553492283166617,True,True,True,False,False,True
43,dirichlet_a0.5,no_attack,6,1,False,0.22716814515051187,0.3663612197078208,0.7145822749329923,True,True,True,False,False,True
43,dirichlet_a0.5,no_attack,6,2,False,0.2257119545642306,0.026418997760813405,0.6548096631221204,True,True,True,False,False,True
43,dirichlet_a0.5,no_attack,6,3,False,0.22095028365491484,0.12328625136964108,0.6306693761715397,True,True,True,False,False,True
43,dirichlet_a0.5,no_attack,6,4,False,0.146970524518896,0.631765714448912,0.673799555033898,True,True,True,False,False,True
43,dirichlet_a0.5,no_attack,7,0,False,0.23459700400445888,-0.06605121077479605,0.5531559795346971,True,True,True,False,False,True
43,dirichlet_a0.5,no_attack,7,1,False,0.2047480403966833,0.34667396954895385,0.7101295953451467,True,True,True,False,False,True
43,dirichlet_a0.5,no_attack,7,2,False,0.229110278584082,0.13518401280701312,0.6717708323833322,True,True,True,False,False,True
43,dirichlet_a0.5,no_attack,7,3,False,0.22680009732063022,0.14177075484918578,0.6460432835684776,True,True,True,False,False,True
43,dirichlet_a0.5,no_attack,7,4,False,0.13479065338426455,0.5493918108612847,0.7184379246504756,True,True,True,False,False,True
43,dirichlet_a0.5,no_attack,8,0,False,0.22500959945123356,0.006468024971430425,0.6586966030033533,True,True,True,False,False,True
43,dirichlet_a0.5,no_attack,8,1,False,0.20547961006023044,0.19590752567366895,0.6585832077886313,True,True,True,False,False,True
43,dirichlet_a0.5,no_attack,8,2,False,0.23136305340966354,0.16986669545689695,0.6194456593931736,True,True,True,False,False,True
43,dirichlet_a0.5,no_attack,8,3,False,0.22872633233690082,0.19400794198044216,0.6031977450551587,True,True,True,False,False,True
43,dirichlet_a0.5,no_attack,8,4,False,0.12435999994557816,0.6131262616413667,0.6866728224068944,True,True,True,False,False,True
43,dirichlet_a0.5,no_attack,9,0,False,0.20918811004800053,-0.1362062321361843,0.6324999330064046,True,True,True,False,False,True
43,dirichlet_a0.5,no_attack,9,1,False,0.20218863310677898,0.34939167653789227,0.677939455654706,True,True,True,False,False,True
43,dirichlet_a0.5,no_attack,9,2,False,0.22701040604963857,0.2303274409544866,0.6559387589213138,True,True,True,False,False,True
43,dirichlet_a0.5,no_attack,9,3,False,0.22342947020463721,0.24895971928659089,0.6251306375110539,True,True,True,False,False,True
43,dirichlet_a0.5,no_attack,9,4,False,0.13871919763083604,0.7226622471882388,0.6985734830416879,True,True,True,False,True,True
43,dirichlet_a0.5,no_attack,10,0,True,0.23052167406860602,0.03358254070779696,0.5692016377513309,True,True,True,False,False,True
43,dirichlet_a0.5,no_attack,10,1,False,0.19868879469346507,0.46402182317804125,0.662782682357631,True,True,True,False,False,True
43,dirichlet_a0.5,no_attack,10,2,False,0.21617184941083525,0.009584297545909627,0.5567440972020364,True,True,True,False,False,True
43,dirichlet_a0.5,no_attack,10,3,False,0.211365068775007,0.04970312603384935,0.5568603675804965,True,True,True,False,False,True
43,dirichlet_a0.5,no_attack,10,4,False,0.15242315513540056,0.7201514258000179,0.6842262621564833,True,True,True,False,True,True
43,dirichlet_a0.5,no_attack,11,0,True,0.21598966126395863,0.03213326311825605,0.6372122342538383,True,True,True,False,False,True
43,dirichlet_a0.5,no_attack,11,1,False,0.20098986455371795,0.36294014421694387,0.6865965494015854,True,True,True,False,False,True
43,dirichlet_a0.5,no_attack,11,2,False,0.2231850476896243,0.25305879735186587,0.6009274130874048,True,True,True,False,False,True
43,dirichlet_a0.5,no_attack,11,3,False,0.20727902565409784,0.18992567497271035,0.5875343246463913,True,True,True,False,False,True
43,dirichlet_a0.5,no_attack,11,4,False,0.16994850369485595,0.6550540566435286,0.7131841182667564,True,True,True,False,True,True
43,dirichlet_a0.5,no_attack,12,0,True,0.22138587131322054,0.10138102890106357,0.6197488197504734,True,True,True,False,False,True
43,dirichlet_a0.5,no_attack,12,1,False,0.20920054269515034,0.33472961550766983,0.6820560732209444,True,True,True,False,False,True
43,dirichlet_a0.5,no_attack,12,2,False,0.20948402408291433,0.1273419188050238,0.6116627669513597,True,True,True,False,False,True
43,dirichlet_a0.5,no_attack,12,3,False,0.21484603975565564,0.18740733182536956,0.5854699088045374,True,True,True,False,False,True
43,dirichlet_a0.5,no_attack,12,4,False,0.1650339213479076,0.690724989527737,0.6421962976130435,True,True,True,False,True,True
43,dirichlet_a0.5,no_attack,13,0,True,0.2209255838885167,0.22595602260874006,0.6190467753366407,True,True,True,False,False,True
43,dirichlet_a0.5,no_attack,13,1,False,0.19383286873879482,0.33411235827330577,0.685834514528703,True,True,True,False,False,True
43,dirichlet_a0.5,no_attack,13,2,False,0.23295037475247743,0.20630564082734482,0.642425584691708,True,True,True,False,False,True
43,dirichlet_a0.5,no_attack,13,3,False,0.2118561844543267,0.15070635342305605,0.6224486180014175,True,True,True,False,False,True
43,dirichlet_a0.5,no_attack,13,4,False,0.18348934298555794,0.7144754288051594,0.7204021970233877,True,True,True,False,True,True
43,dirichlet_a0.5,no_attack,14,0,True,0.21592091025994287,-0.002184697513292377,0.6339385691398646,True,True,True,False,False,True
43,dirichlet_a0.5,no_attack,14,1,False,0.2028160505144525,0.3692433109338688,0.7197798411686679,True,True,True,False,False,True
43,dirichlet_a0.5,no_attack,14,2,False,0.23801294438287385,0.3951050064966134,0.6164791813812469,True,True,True,False,False,True
43,dirichlet_a0.5,no_attack,14,3,False,0.214253740897755,0.32568809600367593,0.6371341452910472,True,True,True,False,False,True
43,dirichlet_a0.5,no_attack,14,4,False,0.196214088611223,0.7796433280338959,0.6943788868025289,True,True,True,False,True,True
43,dirichlet_a0.5,no_attack,15,0,True,0.2013179863810766,0.07009315027161926,0.6282881550699722,True,True,True,False,False,True
43,dirichlet_a0.5,no_attack,15,1,False,0.20101903491046408,0.30703332392543875,0.7051728591916906,True,True,True,False,False,True
43,dirichlet_a0.5,no_attack,15,2,False,0.2369235474283174,0.43239296891787166,0.665220605920238,True,True,True,False,False,True
43,dirichlet_a0.5,no_attack,15,3,False,0.21841449194703627,0.4022675482509259,0.650994575045208,True,True,True,False,False,True
43,dirichlet_a0.5,no_attack,15,4,False,0.21341392304039092,0.792838183362714,0.73514818410996,True,True,True,False,True,True
43,dirichlet_a0.5,no_attack,16,0,True,0.21480653645723788,0.07104178888629091,0.6465326440103232,True,True,True,False,False,True
43,dirichlet_a0.5,no_attack,16,1,False,0.20319892942219728,0.4102111451397107,0.6723488486690999,True,True,True,False,False,True
43,dirichlet_a0.5,no_attack,16,2,False,0.25148401909714013,0.42607726350270675,0.6953671146152626,True,True,True,False,False,True
43,dirichlet_a0.5,no_attack,16,3,False,0.24561379947030335,0.4387871188308999,0.6451545547936625,True,True,True,False,False,True
43,dirichlet_a0.5,no_attack,16,4,False,0.24401279243331778,0.7979667895249801,0.713624708722052,True,True,True,False,True,True
43,dirichlet_a0.5,no_attack,17,0,True,0.1996480035519533,0.14847666826904887,0.6292723878930776,True,True,True,False,False,True
43,dirichlet_a0.5,no_attack,17,1,False,0.20640856190746407,0.40742592035392045,0.7269780028400719,True,True,True,False,False,True
43,dirichlet_a0.5,no_attack,17,2,False,0.2719258399375414,0.5440314980291363,0.732336628888353,True,True,True,False,False,True
43,dirichlet_a0.5,no_attack,17,3,False,0.24520488600269344,0.462372219993392,0.7183863390759943,True,True,True,False,False,True
43,dirichlet_a0.5,no_attack,17,4,False,0.2524763969568142,0.7664717933086961,0.7637381775312809,True,True,True,False,True,True
43,dirichlet_a0.5,no_attack,18,0,True,0.21311983701163578,0.19008644346907141,0.6165410364074805,True,True,True,False,False,True
43,dirichlet_a0.5,no_attack,18,1,False,0.22284186475929293,0.3484111680098653,0.6845331444663665,True,True,True,False,False,True
43,dirichlet_a0.5,no_attack,18,2,False,0.2673348334556785,0.5392432023722488,0.7097013541086997,True,True,True,False,False,True
43,dirichlet_a0.5,no_attack,18,3,False,0.25848229461228417,0.4882840302921593,0.693099610461881,True,True,True,False,False,True
43,dirichlet_a0.5,no_attack,18,4,False,0.26705548553247277,0.7520623008931037,0.7644980691725266,True,True,True,False,True,True
43,dirichlet_a0.5,no_attack,19,0,True,0.21349575060655104,0.22541626578311943,0.6814409793627368,True,True,True,False,False,True
43,dirichlet_a0.5,no_attack,19,1,False,0.22757030602688408,0.3664827678268234,0.6502955668997331,True,True,True,False,False,True
43,dirichlet_a0.5,no_attack,19,2,False,0.26615043314093423,0.4913143083246484,0.6688682973249784,True,True,True,False,False,True
43,dirichlet_a0.5,no_attack,19,3,False,0.25628763790231124,0.4927457868196107,0.6734812377519174,True,True,True,False,False,True
43,dirichlet_a0.5,no_attack,19,4,False,0.24504067072659835,0.8123205487771051,0.7575948193130589,True,True,True,False,True,True
43,dirichlet_a0.5,no_attack,20,0,True,0.2105711937356798,0.10221621417631394,0.6387280698251975,True,True,True,False,False,True
43,dirichlet_a0.5,no_attack,20,1,False,0.22305214664177841,0.3872131773005638,0.6707020051586319,True,True,True,False,False,True
43,dirichlet_a0.5,no_attack,20,2,False,0.2762460757270949,0.47543497581302824,0.7130730593242671,True,True,True,False,False,True
43,dirichlet_a0.5,no_attack,20,3,False,0.2774604228260083,0.48024075859466814,0.6752617247079304,True,True,True,False,False,True
43,dirichlet_a0.5,no_attack,20,4,False,0.23789545348926766,0.7721070320057205,0.7699617494629752,True,True,True,False,True,True
43,dirichlet_a0.5,no_attack,21,0,True,0.2238796204611012,0.23744349809028378,0.6603820818925727,True,True,True,False,False,True
43,dirichlet_a0.5,no_attack,21,1,False,0.24558983943714272,0.381956316103962,0.6650681395021357,True,True,True,False,False,True
43,dirichlet_a0.5,no_attack,21,2,False,0.27250048691988343,0.3738786178529121,0.7202681770531817,True,True,True,False,False,True
43,dirichlet_a0.5,no_attack,21,3,False,0.2675596515994001,0.3774498075404378,0.662854192417818,True,True,True,False,False,True
43,dirichlet_a0.5,no_attack,21,4,False,0.212351774580402,0.6829901805291433,0.7621297701563062,True,True,True,False,True,True
43,dirichlet_a0.5,no_attack,22,0,True,0.21797691251345452,0.1469713086483585,0.609031273608545,True,True,True,False,False,True
43,dirichlet_a0.5,no_attack,22,1,False,0.28543488926598926,0.4464629614614793,0.6902259688385904,True,True,True,False,False,True
43,dirichlet_a0.5,no_attack,22,2,False,0.2639111322911366,0.4111927433521209,0.667015730303461,True,True,True,False,False,True
43,dirichlet_a0.5,no_attack,22,3,False,0.26920081840974935,0.47005389267371744,0.6528487332729952,True,True,True,False,False,True
43,dirichlet_a0.5,no_attack,22,4,False,0.21424614996252866,0.6417722320857019,0.7610310342506227,True,True,True,False,False,True
43,dirichlet_a0.5,no_attack,23,0,True,0.2483337733521245,0.3273493660357122,0.6217403090268365,True,True,True,False,False,True
43,dirichlet_a0.5,no_attack,23,1,False,0.28328387159258156,0.46724531187583845,0.7126747473182822,True,True,True,False,False,True
43,dirichlet_a0.5,no_attack,23,2,False,0.26561497983534493,0.3392366722359666,0.6792859079115517,True,True,True,False,False,True
43,dirichlet_a0.5,no_attack,23,3,False,0.2616930922671576,0.2977140893198429,0.6566704100995236,True,True,True,False,False,True
43,dirichlet_a0.5,no_attack,23,4,False,0.19923089227440224,0.6372955531553434,0.7559617395345235,True,True,True,False,False,True
43,dirichlet_a0.5,no_attack,24,0,True,0.2578488814421896,0.29923744639729266,0.6450093153735786,True,True,True,False,False,True
43,dirichlet_a0.5,no_attack,24,1,False,0.29256911201513347,0.4737675250362335,0.7116731267533246,True,True,True,False,False,True
43,dirichlet_a0.5,no_attack,24,2,False,0.27189726668207986,0.3330860862117866,0.6883811236981676,True,True,True,False,False,True
43,dirichlet_a0.5,no_attack,24,3,False,0.24956075825434623,0.2794563824719767,0.6371858292110129,True,True,True,False,False,True
43,dirichlet_a0.5,no_attack,24,4,False,0.1854699603115591,0.7429255816074537,0.7678080676131943,True,True,True,False,True,True
43,dirichlet_a0.5,large_norm,0,0,False,0.4887662315313981,0.34476342788786585,0.6369504912205026,False,True,True,False,False,True
43,dirichlet_a0.5,large_norm,0,1,False,0.36913709908188835,0.04075725304246917,0.5951465480697005,True,True,True,False,False,True
43,dirichlet_a0.5,large_norm,0,2,False,0.23994809800268707,0.10245748623543917,0.630279411874075,True,True,True,False,False,True
43,dirichlet_a0.5,large_norm,0,3,False,0.420220979703855,0.028357943967660098,0.5722774633536862,False,True,True,False,False,True
43,dirichlet_a0.5,large_norm,0,4,False,0.334308579154208,0.4036062865106509,0.6642743992681893,True,True,True,False,False,True
43,dirichlet_a0.5,large_norm,1,0,False,0.44022858533641684,0.33931160716192693,0.6430968914684801,False,True,True,False,False,True
43,dirichlet_a0.5,large_norm,1,1,False,0.35338159328868,-0.06970650890452876,0.6714396192268136,True,True,True,False,False,True
43,dirichlet_a0.5,large_norm,1,2,False,0.3618679677724541,0.026495798371558053,0.6243133565602851,True,True,True,False,False,True
43,dirichlet_a0.5,large_norm,1,3,False,0.3828994028376308,-0.20062724009833305,0.5798340096787824,True,True,True,False,False,True
43,dirichlet_a0.5,large_norm,1,4,False,0.29026863117894725,0.5067775420271305,0.6768769582791858,True,True,True,False,False,True
43,dirichlet_a0.5,large_norm,2,0,False,0.39353138444636804,0.2309315085358832,0.6375512163343676,False,True,True,False,False,True
43,dirichlet_a0.5,large_norm,2,1,False,0.3251704117194977,0.06930891311051007,0.6283879926625636,True,True,True,False,False,True
43,dirichlet_a0.5,large_norm,2,2,False,0.3103547781986863,-0.28255595720759563,0.6470315955495363,True,True,True,False,False,True
43,dirichlet_a0.5,large_norm,2,3,False,0.31580330608170243,-0.5262928803818983,0.6017126399341688,True,False,True,False,False,True
43,dirichlet_a0.5,large_norm,2,4,False,0.24247460306285712,0.563079778350593,0.7113113095952409,True,True,True,False,False,True
43,dirichlet_a0.5,large_norm,3,0,False,0.3308105818968939,0.005986568676870692,0.5968622865746228,True,True,True,False,False,True
43,dirichlet_a0.5,large_norm,3,1,False,0.2922058189784467,0.40736364375840706,0.6495098824358523,True,True,True,False,False,True
43,dirichlet_a0.5,large_norm,3,2,False,0.2656587610552503,-0.27401742641593746,0.6147531793574014,True,True,True,False,False,True
43,dirichlet_a0.5,large_norm,3,3,False,0.26464767013263574,-0.30604413240378747,0.5842329499951949,True,True,True,False,False,True
43,dirichlet_a0.5,large_norm,3,4,False,0.20854004319209468,0.5452249920735855,0.6558045295832399,True,True,True,False,False,True
43,dirichlet_a0.5,large_norm,4,0,False,0.29126824728958406,0.07713217366161386,0.6127079169419379,True,True,True,False,False,True
43,dirichlet_a0.5,large_norm,4,1,False,0.2566070775333775,0.44631543616835134,0.702297226101573,True,True,True,False,False,True
43,dirichlet_a0.5,large_norm,4,2,False,0.2510332136189809,-0.20839546374264792,0.6393430284581741,True,True,True,False,False,True
43,dirichlet_a0.5,large_norm,4,3,False,0.2500227688893489,-0.12074970002847865,0.6124152234087925,True,True,True,False,False,True
43,dirichlet_a0.5,large_norm,4,4,False,0.15531528677941311,0.5357248358864647,0.6374363391565409,True,True,True,False,False,True
43,dirichlet_a0.5,large_norm,5,0,False,0.2715313582238975,-0.15029997211622545,0.6457746654372368,True,True,True,False,False,True
43,dirichlet_a0.5,large_norm,5,1,False,0.22691772277421482,0.2173427564269432,0.6863707727963715,True,True,True,False,False,True
43,dirichlet_a0.5,large_norm,5,2,False,0.24475802273504013,0.08253811942010772,0.5969878967611167,True,True,True,False,False,True
43,dirichlet_a0.5,large_norm,5,3,False,0.2427507886871871,0.11843499142004969,0.618677366029523,True,True,True,False,False,True
43,dirichlet_a0.5,large_norm,5,4,False,0.13972608798378086,0.524988298519337,0.6655203063606383,True,True,True,False,False,True
43,dirichlet_a0.5,large_norm,6,0,False,0.23161157968030596,-0.11270156983989786,0.568511438531752,True,True,True,False,False,True
43,dirichlet_a0.5,large_norm,6,1,False,0.22591674924298352,0.3584117835335975,0.7244019053870651,True,True,True,False,False,True
43,dirichlet_a0.5,large_norm,6,2,False,0.22555269567121636,0.004553958436852936,0.6546707707592275,True,True,True,False,False,True
43,dirichlet_a0.5,large_norm,6,3,False,0.21935609693037536,0.09529799587037249,0.6151082646607471,True,True,True,False,False,True
43,dirichlet_a0.5,large_norm,6,4,False,0.14611047233178306,0.6208747115774653,0.66678789706652,True,True,True,False,False,True
43,dirichlet_a0.5,large_norm,7,0,False,0.23348414817144922,-0.09070281214553233,0.5883708904139605,True,True,True,False,False,True
43,dirichlet_a0.5,large_norm,7,1,False,0.20443204514539973,0.3474751393890694,0.7098244414644194,True,True,True,False,False,True
43,dirichlet_a0.5,large_norm,7,2,False,0.22974786949953346,0.14546277790005468,0.6610309133776832,True,True,True,False,False,True
43,dirichlet_a0.5,large_norm,7,3,False,0.22749904616949818,0.16176804832870534,0.649233520023139,True,True,True,False,False,True
43,dirichlet_a0.5,large_norm,7,4,False,0.13543247417734916,0.5702277865004074,0.7218760134276424,True,True,True,False,False,True
43,dirichlet_a0.5,large_norm,8,0,False,0.2217634923121737,0.005075838202111325,0.6594117302101921,True,True,True,False,False,True
43,dirichlet_a0.5,large_norm,8,1,False,0.20557089808830273,0.2033248644506845,0.6687861804351286,True,True,True,False,False,True
43,dirichlet_a0.5,large_norm,8,2,False,0.22973888930001612,0.15392956580913852,0.6278871044761115,True,True,True,False,False,True
43,dirichlet_a0.5,large_norm,8,3,False,0.22767880293037845,0.18082604418580794,0.5862340512872067,True,True,True,False,False,True
43,dirichlet_a0.5,large_norm,8,4,False,0.12412518036371734,0.6131174058241968,0.6936171638727622,True,True,True,False,False,True
43,dirichlet_a0.5,large_norm,9,0,False,0.20814792995992398,-0.1518502536029548,0.6283305669607757,True,True,True,False,False,True
43,dirichlet_a0.5,large_norm,9,1,False,0.20230818732947023,0.36715247187271893,0.6596662881104219,True,True,True,False,False,True
43,dirichlet_a0.5,large_norm,9,2,False,0.22766918337015193,0.23707257894496964,0.649261815322792,True,True,True,False,False,True
43,dirichlet_a0.5,large_norm,9,3,False,0.22344238130418403,0.2556605472549675,0.5965929937975015,True,True,True,False,False,True
43,dirichlet_a0.5,large_norm,9,4,False,0.14015940838444077,0.7307290511839561,0.7081506071459771,True,True,True,False,True,True
43,dirichlet_a0.5,large_norm,10,0,True,22731.774670913303,0.002142042830144893,0.8238406302981949,False,True,True,False,False,True
43,dirichlet_a0.5,large_norm,10,1,False,0.1974407634400158,0.27565336071645197,0.3438615737508726,True,True,False,False,False,False
43,dirichlet_a0.5,large_norm,10,2,False,0.2139986607558916,0.1202272165874048,0.3701854991522888,True,True,False,False,False,False
43,dirichlet_a0.5,large_norm,10,3,False,0.20808821196274588,0.08537315237248139,0.37298294604567667,True,True,False,False,False,False
43,dirichlet_a0.5,large_norm,10,4,False,0.14971283528381793,0.605128449236959,0.38023835643761844,True,True,False,False,False,False
43,dirichlet_a0.5,large_norm,11,0,True,22699.939972644777,0.001426219458678396,0.8234312516912715,False,True,True,False,False,True
43,dirichlet_a0.5,large_norm,11,1,False,0.21703851650370695,0.43982492475337115,0.34747988013269593,True,True,False,False,False,False
43,dirichlet_a0.5,large_norm,11,2,False,0.16327475421446921,-0.23145842306365694,0.3825681269230384,True,True,False,False,False,False
43,dirichlet_a0.5,large_norm,11,3,False,0.15644491096696547,-0.40712230410042294,0.37295669342634075,True,True,False,False,False,False
43,dirichlet_a0.5,large_norm,11,4,False,0.15755998746573135,0.8146085927773195,0.3685418483217575,True,True,False,False,True,False
43,dirichlet_a0.5,large_norm,12,0,True,22756.54315604382,0.0031101445887327206,0.8271076950683375,False,True,True,False,False,True
43,dirichlet_a0.5,large_norm,12,1,False,0.23345206603078214,0.4927013817266717,0.3615655311979743,True,True,False,False,False,False
43,dirichlet_a0.5,large_norm,12,2,False,0.15741303692016634,-0.1992714217304177,0.3784829181246324,True,True,False,False,False,False
43,dirichlet_a0.5,large_norm,12,3,False,0.14168323853486356,-0.3636602009161755,0.33927485520032696,True,True,False,False,False,False
43,dirichlet_a0.5,large_norm,12,4,False,0.20336892607872037,0.8228862402920583,0.38921454277197914,True,True,False,False,True,False
43,dirichlet_a0.5,large_norm,13,0,True,22753.91418482514,-0.0011961305453120582,0.8141520555848195,False,True,True,False,False,True
43,dirichlet_a0.5,large_norm,13,1,False,0.2420573213082991,0.5745684744131149,0.360132440364211,True,True,False,False,False,False
43,dirichlet_a0.5,large_norm,13,2,False,0.15452649845334462,-0.18634076785786624,0.3954147540572403,True,True,False,False,False,False
43,dirichlet_a0.5,large_norm,13,3,False,0.1489005719229233,-0.10979214850548828,0.38556701030927837,True,True,False,False,False,False
43,dirichlet_a0.5,large_norm,13,4,False,0.21628006366364635,0.8179706820118908,0.40726415330975496,True,True,True,False,True,False
43,dirichlet_a0.5,large_norm,14,0,True,22725.97834641323,0.0007539736118791817,0.815233510927802,False,True,True,False,False,True
43,dirichlet_a0.5,large_norm,14,1,False,0.23595399160503175,0.584907465201198,0.3667666987901273,True,True,False,False,False,False
43,dirichlet_a0.5,large_norm,14,2,False,0.175312043952046,-0.010023840762036725,0.3936405534556022,True,True,False,False,False,False
43,dirichlet_a0.5,large_norm,14,3,False,0.15541303292090103,0.005082852584760878,0.37172003655083913,True,True,False,False,False,False
43,dirichlet_a0.5,large_norm,14,4,False,0.23429172975804846,0.820576825015941,0.40452091936345613,True,True,True,False,True,False
43,dirichlet_a0.5,large_norm,15,0,True,22713.80584686157,-0.0010941210670703686,0.8132177996758769,False,True,True,False,False,True
43,dirichlet_a0.5,large_norm,15,1,False,0.223139625980756,0.421572653687174,0.3734138790910505,True,True,False,False,False,False
43,dirichlet_a0.5,large_norm,15,2,False,0.19595729007195503,0.19188294535333209,0.38933905984235373,True,True,False,False,False,False
43,dirichlet_a0.5,large_norm,15,3,False,0.17559942257522598,0.12079334077349274,0.3753204854821958,True,True,False,False,False,False
43,dirichlet_a0.5,large_norm,15,4,False,0.2495322430698122,0.8858530508926525,0.4075722378039908,True,True,True,False,True,False
43,dirichlet_a0.5,large_norm,16,0,True,22763.076123093226,-0.00285400141211592,0.8118679224684644,False,True,True,False,False,True
43,dirichlet_a0.5,large_norm,16,1,False,0.24117992164860028,0.5352900180470213,0.3510852628549311,True,True,False,False,False,False
43,dirichlet_a0.5,large_norm,16,2,False,0.21569042852288908,0.33278879617885,0.38967238658581366,True,True,False,False,False,False
43,dirichlet_a0.5,large_norm,16,3,False,0.18715365248560242,0.2229702287378263,0.37809525699937474,True,True,False,False,False,False
43,dirichlet_a0.5,large_norm,16,4,False,0.27317558170602313,0.8576530377362898,0.42357010291884595,True,True,True,False,True,False
43,dirichlet_a0.5,large_norm,17,0,True,22741.32081336986,-1.796908278402681e-05,0.7933968601497773,False,True,True,False,False,True
43,dirichlet_a0.5,large_norm,17,1,False,0.2548321325563304,0.5798443553648298,0.4173711840370214,True,True,True,False,False,False
43,dirichlet_a0.5,large_norm,17,2,False,0.21063295857338799,0.2771628962284021,0.4004727191301968,True,True,True,False,False,False
43,dirichlet_a0.5,large_norm,17,3,False,0.1920376048371568,0.1957335709177858,0.4072649466324982,True,True,True,False,False,False
43,dirichlet_a0.5,large_norm,17,4,False,0.2890700117862811,0.79375353750348,0.45352673351081035,True,True,True,False,True,False
43,dirichlet_a0.5,large_norm,18,0,True,22762.613879251636,-0.001473471396982649,0.7970525418605457,False,True,True,False,False,True
43,dirichlet_a0.5,large_norm,18,1,False,0.253279679417988,0.45308565244463633,0.38795645214840363,True,True,False,False,False,False
43,dirichlet_a0.5,large_norm,18,2,False,0.22206933166185164,0.3377966264782736,0.4215737285741894,True,True,True,False,False,False
43,dirichlet_a0.5,large_norm,18,3,False,0.20881818116105755,0.2733412964647343,0.4019405255672668,True,True,True,False,False,False
43,dirichlet_a0.5,large_norm,18,4,False,0.27526973357657064,0.731224310554972,0.4428917597038667,True,True,True,False,True,False
43,dirichlet_a0.5,large_norm,19,0,True,22786.922858200447,0.00010174816976433174,0.7985992124327411,False,True,True,False,False,True
43,dirichlet_a0.5,large_norm,19,1,False,0.2753839296188695,0.5036294170098916,0.41634352361198784,True,True,True,False,False,False
43,dirichlet_a0.5,large_norm,19,2,False,0.21689988185336195,0.23426932882151058,0.4415236320277352,True,True,True,False,False,False
43,dirichlet_a0.5,large_norm,19,3,False,0.1984774988096082,0.15612449518963864,0.4244396348733981,True,True,True,False,False,False
43,dirichlet_a0.5,large_norm,19,4,False,0.2657004809244303,0.7928775554969193,0.45950942375326903,True,True,True,False,True,False
43,dirichlet_a0.5,large_norm,20,0,True,22709.762435741723,0.002776981285591725,0.8101839589403246,False,True,True,False,False,True
43,dirichlet_a0.5,large_norm,20,1,False,0.27285808636955355,0.4322687923425919,0.40000199901048983,True,True,False,False,False,False
43,dirichlet_a0.5,large_norm,20,2,False,0.2165245639301831,0.048204047852457375,0.41820298952018753,True,True,True,False,False,False
43,dirichlet_a0.5,large_norm,20,3,False,0.2041649504641861,0.02670900214392075,0.4336003678179301,True,True,True,False,False,False
43,dirichlet_a0.5,large_norm,20,4,False,0.25931412485250155,0.7455992951298873,0.45421516349407043,True,True,True,False,True,False
43,dirichlet_a0.5,large_norm,21,0,True,22757.756053625148,-0.0028835241492633674,0.7964286965092484,False,True,True,False,False,True
43,dirichlet_a0.5,large_norm,21,1,False,0.27880251555782315,0.4209549366148664,0.40320006404130665,True,True,True,False,False,False
43,dirichlet_a0.5,large_norm,21,2,False,0.22469840803002616,-0.011872341583502137,0.45508853210320654,True,True,True,False,False,False
43,dirichlet_a0.5,large_norm,21,3,False,0.2080967873811308,-0.03155376331741818,0.4518464409544156,True,True,True,False,False,False
43,dirichlet_a0.5,large_norm,21,4,False,0.22515686607869237,0.6581682118599211,0.4733503109505631,True,True,True,False,True,False
43,dirichlet_a0.5,large_norm,22,0,True,22643.678921468665,0.0012865414193201793,0.8064006637577285,False,True,True,False,False,True
43,dirichlet_a0.5,large_norm,22,1,False,0.3022213429962891,0.46685125720076426,0.40899571656345435,True,True,True,False,False,False
43,dirichlet_a0.5,large_norm,22,2,False,0.20870578780495552,-0.021685543362243032,0.44546240622172906,True,True,True,False,False,False
43,dirichlet_a0.5,large_norm,22,3,False,0.2074267352439884,0.0437518086443247,0.43616080130752277,True,True,True,False,False,False
43,dirichlet_a0.5,large_norm,22,4,False,0.21377432045763792,0.7287801131824169,0.4542042154613566,True,True,True,False,True,False
43,dirichlet_a0.5,large_norm,23,0,True,22756.127011481,-0.0015036178487947988,0.8080928444115114,False,True,True,False,False,True
43,dirichlet_a0.5,large_norm,23,1,False,0.31746287718554167,0.4167999424302694,0.4185508581499209,True,True,True,False,False,False
43,dirichlet_a0.5,large_norm,23,2,False,0.2024036888812473,-0.06344318081725292,0.45164019786513926,True,True,True,False,False,False
43,dirichlet_a0.5,large_norm,23,3,False,0.18625099243583995,-0.06855871930637798,0.4497476618669016,True,True,True,False,False,False
43,dirichlet_a0.5,large_norm,23,4,False,0.19042994861287205,0.7153360263222293,0.47382492540003607,True,True,True,False,True,False
43,dirichlet_a0.5,large_norm,24,0,True,22717.95397092987,-0.00040986824174764065,0.8133159397946377,False,True,True,False,False,True
43,dirichlet_a0.5,large_norm,24,1,False,0.31553456060589946,0.5724568683224216,0.41316572286953857,True,True,True,False,False,False
43,dirichlet_a0.5,large_norm,24,2,False,0.19653854332839002,-0.16439959426328488,0.4514759801160228,True,True,True,False,False,False
43,dirichlet_a0.5,large_norm,24,3,False,0.17999966247291493,-0.1876520300107899,0.4506754820283238,True,True,True,False,False,False
43,dirichlet_a0.5,large_norm,24,4,False,0.18040344351408988,0.7393639944830012,0.4569262849970846,True,True,True,False,True,False
43,dirichlet_a0.5,low_norm,0,0,False,0.4888995886418446,0.34435656851377355,0.6356076864778337,False,True,True,False,False,True
43,dirichlet_a0.5,low_norm,0,1,False,0.3690876278549062,0.04133748389295076,0.5998030924403079,True,True,True,False,False,True
43,dirichlet_a0.5,low_norm,0,2,False,0.23997106078375144,0.1025180591447604,0.6149607247331478,True,True,True,False,False,True
43,dirichlet_a0.5,low_norm,0,3,False,0.42018281905157046,0.0280196097694394,0.5612786241969642,False,True,True,False,False,True
43,dirichlet_a0.5,low_norm,0,4,False,0.33460093981433786,0.4025523228021391,0.6700594264181948,True,True,True,False,False,True
43,dirichlet_a0.5,low_norm,1,0,False,0.44001918505767024,0.3392153333157009,0.6524196689790066,False,True,True,False,False,True
43,dirichlet_a0.5,low_norm,1,1,False,0.3533746511058546,-0.07053181418074657,0.6617519083020463,True,True,True,False,False,True
43,dirichlet_a0.5,low_norm,1,2,False,0.36196572322187065,0.025754154514238948,0.6155631252227388,True,True,True,False,False,True
43,dirichlet_a0.5,low_norm,1,3,False,0.3829553924221694,-0.20117582514991228,0.5910307731834871,True,True,True,False,False,True
43,dirichlet_a0.5,low_norm,1,4,False,0.2901865137216495,0.5073781506647226,0.6765044713526774,True,True,True,False,False,True
43,dirichlet_a0.5,low_norm,2,0,False,0.39352633171776547,0.23651845753921985,0.6403406922645968,False,True,True,False,False,True
43,dirichlet_a0.5,low_norm,2,1,False,0.3249850154700703,0.07062148680266131,0.6156088372130788,True,True,True,False,False,True
43,dirichlet_a0.5,low_norm,2,2,False,0.3103938090444252,-0.28315677350128976,0.6392932827762035,True,True,True,False,False,True
43,dirichlet_a0.5,low_norm,2,3,False,0.31592855810976184,-0.5244803577444406,0.5909987739625369,True,False,True,False,False,True
43,dirichlet_a0.5,low_norm,2,4,False,0.2421732321076092,0.5657114731317728,0.703323292275964,True,True,True,False,False,True
43,dirichlet_a0.5,low_norm,3,0,False,0.3299345262211804,0.0009366226435768208,0.6044854794340027,True,True,True,False,False,True
43,dirichlet_a0.5,low_norm,3,1,False,0.293019441258698,0.4086119291735661,0.647198840331428,True,True,True,False,False,True
43,dirichlet_a0.5,low_norm,3,2,False,0.2657818670906926,-0.2650606169145784,0.6266904969772843,True,True,True,False,False,True
43,dirichlet_a0.5,low_norm,3,3,False,0.2649898271411187,-0.2975361696629624,0.6021299026471412,True,True,True,False,False,True
43,dirichlet_a0.5,low_norm,3,4,False,0.20848273861170374,0.5484608466538342,0.6553857051081424,True,True,True,False,False,True
43,dirichlet_a0.5,low_norm,4,0,False,0.2904502966301437,0.07169430925566389,0.6292747424952253,True,True,True,False,False,True
43,dirichlet_a0.5,low_norm,4,1,False,0.25657949519776396,0.43635377522213414,0.6887579373500269,True,True,True,False,False,True
43,dirichlet_a0.5,low_norm,4,2,False,0.2512495499524243,-0.2091903276513874,0.6324170353079447,True,True,True,False,False,True
43,dirichlet_a0.5,low_norm,4,3,False,0.24983964852346643,-0.1256789214429059,0.6133184244462219,True,True,True,False,False,True
43,dirichlet_a0.5,low_norm,4,4,False,0.1550645614118645,0.5302738656792979,0.6441618648079529,True,True,True,False,False,True
43,dirichlet_a0.5,low_norm,5,0,False,0.27182316214359104,-0.1327847922721502,0.6371665663646304,True,True,True,False,False,True
43,dirichlet_a0.5,low_norm,5,1,False,0.22914450590789529,0.2396032419934028,0.6839383947718624,True,True,True,False,False,True
43,dirichlet_a0.5,low_norm,5,2,False,0.24472636946531198,0.08026705554670713,0.6318265424616663,True,True,True,False,False,True
43,dirichlet_a0.5,low_norm,5,3,False,0.2423111647157645,0.11778408054293749,0.6074065283911271,True,True,True,False,False,True
43,dirichlet_a0.5,low_norm,5,4,False,0.13979144007094782,0.5227599858095348,0.6669350805665512,True,True,True,False,False,True
43,dirichlet_a0.5,low_norm,6,0,False,0.23443311447681303,-0.12714020601158327,0.5477042414257643,True,True,True,False,False,True
43,dirichlet_a0.5,low_norm,6,1,False,0.2262403989707263,0.3588077214061802,0.7307127963549309,True,True,True,False,False,True
43,dirichlet_a0.5,low_norm,6,2,False,0.22589702461071573,0.018359500843018132,0.6397319398323337,True,True,True,False,False,True
43,dirichlet_a0.5,low_norm,6,3,False,0.2213739926969966,0.11948710031630859,0.6369432216988012,True,True,True,False,False,True
43,dirichlet_a0.5,low_norm,6,4,False,0.14483426342608402,0.6218646034440651,0.6670613775409513,True,True,True,False,False,True
43,dirichlet_a0.5,low_norm,7,0,False,0.23270902380174754,-0.049217586965244094,0.5760742596770311,True,True,True,False,False,True
43,dirichlet_a0.5,low_norm,7,1,False,0.20449730509713943,0.3527823670324771,0.7180397157302469,True,True,True,False,False,True
43,dirichlet_a0.5,low_norm,7,2,False,0.22945792444225155,0.1515389941851334,0.6682300908628853,True,True,True,False,False,True
43,dirichlet_a0.5,low_norm,7,3,False,0.22721672707566898,0.15492233981884576,0.6405075481287953,True,True,True,False,False,True
43,dirichlet_a0.5,low_norm,7,4,False,0.13384706908857083,0.5479961736056973,0.7265464078397104,True,True,True,False,False,True
43,dirichlet_a0.5,low_norm,8,0,False,0.2199523376068496,-0.010523638910941142,0.6488075765506411,True,True,True,False,False,True
43,dirichlet_a0.5,low_norm,8,1,False,0.20610116285903,0.1999717957338022,0.6414796519235803,True,True,True,False,False,True
43,dirichlet_a0.5,low_norm,8,2,False,0.22983261307226976,0.15390708010653717,0.6204772965192358,True,True,True,False,False,True
43,dirichlet_a0.5,low_norm,8,3,False,0.22705539427435387,0.1787772215730728,0.5802800314053913,True,True,True,False,False,True
43,dirichlet_a0.5,low_norm,8,4,False,0.1246300835551388,0.6207170096370074,0.6939528264852133,True,True,True,False,False,True
43,dirichlet_a0.5,low_norm,9,0,False,0.207974679705314,-0.1382868797558666,0.6125245667321779,True,True,True,False,False,True
43,dirichlet_a0.5,low_norm,9,1,False,0.20264610068338834,0.35958275553123525,0.6470162587100232,True,True,True,False,False,True
43,dirichlet_a0.5,low_norm,9,2,False,0.22778674071905258,0.22853490406610127,0.6778810076826871,True,True,True,False,False,True
43,dirichlet_a0.5,low_norm,9,3,False,0.2235059001418183,0.24877142420880458,0.6323744863319636,True,True,True,False,False,True
43,dirichlet_a0.5,low_norm,9,4,False,0.1397869043421021,0.7201732488711284,0.7020189387171699,True,True,True,False,True,True
43,dirichlet_a0.5,low_norm,10,0,True,0.0023115287343585494,0.03154330082298909,0.5874278117080062,True,True,True,True,False,True
43,dirichlet_a0.5,low_norm,10,1,False,0.1985711859263707,0.47971917006086023,0.6750592047862396,True,True,True,False,False,True
43,dirichlet_a0.5,low_norm,10,2,False,0.21617597844087413,0.007555703914364882,0.53804478790145,True,True,True,False,False,True
43,dirichlet_a0.5,low_norm,10,3,False,0.21019428675485097,0.04737370108379527,0.543429307407869,True,True,True,False,False,True
43,dirichlet_a0.5,low_norm,10,4,False,0.15227377731385391,0.7233546034296585,0.670148323569737,True,True,True,False,True,True
43,dirichlet_a0.5,low_norm,11,0,True,0.002391815308134648,0.23595769144931392,0.6385293186534876,True,True,True,True,False,True
43,dirichlet_a0.5,low_norm,11,1,False,0.2035195919394573,0.38957388978666263,0.6990221252945935,True,True,True,False,False,True
43,dirichlet_a0.5,low_norm,11,2,False,0.20544156797043908,0.04501655886082145,0.5986668542685286,True,True,True,False,False,True
43,dirichlet_a0.5,low_norm,11,3,False,0.1907737332472082,0.02365734556782115,0.5947096274930529,True,True,True,False,False,True
43,dirichlet_a0.5,low_norm,11,4,False,0.15971855530752652,0.6050449304829272,0.7288068521580077,True,True,True,False,False,True
43,dirichlet_a0.5,low_norm,12,0,True,0.0024804205429543764,0.3364787171240371,0.6412787259385125,True,True,True,True,False,True
43,dirichlet_a0.5,low_norm,12,1,False,0.20079249668891713,0.24638352427323548,0.6779779604687773,True,True,True,False,False,True
43,dirichlet_a0.5,low_norm,12,2,False,0.1987490546629886,-0.013697363506806249,0.6031968148462814,True,True,True,False,False,True
43,dirichlet_a0.5,low_norm,12,3,False,0.19662171530750533,-0.005727629736118584,0.5805325803576634,True,True,True,False,False,True
43,dirichlet_a0.5,low_norm,12,4,False,0.15303318856626533,0.6310420756163123,0.636014559750785,True,True,True,False,False,True
43,dirichlet_a0.5,low_norm,13,0,True,0.002549002444738793,0.47475512556738386,0.642436341052258,True,True,True,True,False,True
43,dirichlet_a0.5,low_norm,13,1,False,0.1951339245288934,0.3390023502848512,0.67576080205838,True,True,True,False,False,True
43,dirichlet_a0.5,low_norm,13,2,False,0.20923724786806333,-0.02710637056740841,0.6067607133351078,True,True,True,False,False,True
43,dirichlet_a0.5,low_norm,13,3,False,0.18834082686896428,-0.07553838814891106,0.5988909590985716,True,True,True,False,False,True
43,dirichlet_a0.5,low_norm,13,4,False,0.1673636470159623,0.6585703423727436,0.7488865229349658,True,True,True,False,True,True
43,dirichlet_a0.5,low_norm,14,0,True,0.0026090846577351175,0.30366482072328543,0.721122069270603,True,True,True,True,False,True
43,dirichlet_a0.5,low_norm,14,1,False,0.19165453245594666,0.2699635735915915,0.6901558718676,True,True,True,False,False,True
43,dirichlet_a0.5,low_norm,14,2,False,0.20782516055429207,0.11071901441120843,0.6089845342493082,True,True,True,False,False,True
43,dirichlet_a0.5,low_norm,14,3,False,0.18975816376569907,0.13097455776761013,0.5967541873758533,True,True,True,False,False,True
43,dirichlet_a0.5,low_norm,14,4,False,0.18502566422144454,0.7814649133716249,0.7104790652892347,True,True,True,False,True,True
43,dirichlet_a0.5,low_norm,15,0,True,0.0024454787131981616,0.3292837437405459,0.6680673361000165,True,True,True,True,False,True
43,dirichlet_a0.5,low_norm,15,1,False,0.19918261021734826,0.28077689042208637,0.6297727449944117,True,True,True,False,False,True
43,dirichlet_a0.5,low_norm,15,2,False,0.2027217080795275,0.13963656414138864,0.6382980566794604,True,True,True,False,False,True
43,dirichlet_a0.5,low_norm,15,3,False,0.17890986796724964,0.10873715988850732,0.614489564290727,True,True,True,False,False,True
43,dirichlet_a0.5,low_norm,15,4,False,0.19505293922496844,0.79745737511676,0.7498375512255135,True,True,True,False,True,True
43,dirichlet_a0.5,low_norm,16,0,True,0.002604407955716926,0.2749484177971676,0.681438436782366,True,True,True,True,False,True
43,dirichlet_a0.5,low_norm,16,1,False,0.19752047443860613,0.37099600185524456,0.6622686080679545,True,True,True,False,False,True
43,dirichlet_a0.5,low_norm,16,2,False,0.21569272204124884,0.1641587167223288,0.6375593655601557,True,True,True,False,False,True
43,dirichlet_a0.5,low_norm,16,3,False,0.20147147916973035,0.16598974019438686,0.6159120278534566,True,True,True,False,False,True
43,dirichlet_a0.5,low_norm,16,4,False,0.22345874107159963,0.8421381089118877,0.7123537981612109,True,True,True,False,True,True
43,dirichlet_a0.5,low_norm,17,0,True,0.0025101509875151075,0.38230501532150807,0.6868592649417672,True,True,True,True,False,True
43,dirichlet_a0.5,low_norm,17,1,False,0.19062019897888532,0.3264243334503956,0.7104400585814911,True,True,True,False,False,True
43,dirichlet_a0.5,low_norm,17,2,False,0.2274805006932233,0.2938722526717813,0.6417985912546202,True,True,True,False,False,True
43,dirichlet_a0.5,low_norm,17,3,False,0.2042541674877822,0.20953654388228474,0.6413714345491317,True,True,True,False,False,True
43,dirichlet_a0.5,low_norm,17,4,False,0.2319983310919209,0.8199083673229235,0.7353023223376804,True,True,True,False,True,True
43,dirichlet_a0.5,low_norm,18,0,True,0.002613775892249013,0.3883509088948812,0.6557379903539777,True,True,True,True,False,True
43,dirichlet_a0.5,low_norm,18,1,False,0.20624645988181114,0.3016000780843369,0.702566468754897,True,True,True,False,False,True
43,dirichlet_a0.5,low_norm,18,2,False,0.23415161731102233,0.4097201747089369,0.6633555621332683,True,True,True,False,False,True
43,dirichlet_a0.5,low_norm,18,3,False,0.21502937106190098,0.29969138665596823,0.6647571953406578,True,True,True,False,False,True
43,dirichlet_a0.5,low_norm,18,4,False,0.2516964001155005,0.8225130080269251,0.7457123953127993,True,True,True,False,True,True
43,dirichlet_a0.5,low_norm,19,0,True,0.002586884323564685,0.3512558402266413,0.6981961434791624,True,True,True,True,False,True
43,dirichlet_a0.5,low_norm,19,1,False,0.2127260947464709,0.38059370189492897,0.6333153638814016,True,True,True,False,False,True
43,dirichlet_a0.5,low_norm,19,2,False,0.2525630375880811,0.44517370865601513,0.656354965788928,True,True,True,False,False,True
43,dirichlet_a0.5,low_norm,19,3,False,0.2169662692678993,0.37416810250605576,0.6274020319303338,True,True,True,False,False,True
43,dirichlet_a0.5,low_norm,19,4,False,0.25852771438476435,0.8363940915525473,0.7506033589052457,True,True,True,False,True,True
43,dirichlet_a0.5,low_norm,20,0,True,0.0025866938681583605,0.3552871972032528,0.6618771857559383,True,True,True,True,False,True
43,dirichlet_a0.5,low_norm,20,1,False,0.20943148310089976,0.4336197703368467,0.6855903661166437,True,True,True,False,False,True
43,dirichlet_a0.5,low_norm,20,2,False,0.25166504254162975,0.43977229974935567,0.6341175805448539,True,True,True,False,False,True
43,dirichlet_a0.5,low_norm,20,3,False,0.23765096392722393,0.3666958354344609,0.6346587191974995,True,True,True,False,False,True
43,dirichlet_a0.5,low_norm,20,4,False,0.2762353704699122,0.7779968156759549,0.7640150872687036,True,True,True,False,True,True
43,dirichlet_a0.5,low_norm,21,0,True,0.0027130048606988544,0.46610449053650765,0.6989235281425067,True,True,True,True,False,True
43,dirichlet_a0.5,low_norm,21,1,False,0.21651673305494257,0.36718152781068303,0.6536269989051474,True,True,True,False,False,True
43,dirichlet_a0.5,low_norm,21,2,False,0.25157063229452703,0.36947345674630977,0.654913650494282,True,True,True,False,False,True
43,dirichlet_a0.5,low_norm,21,3,False,0.2452246444831292,0.33262413739692087,0.6068680023335544,True,True,True,False,False,True
43,dirichlet_a0.5,low_norm,21,4,False,0.2604350787927557,0.7002906709282463,0.7565910925350233,True,True,True,False,True,True
43,dirichlet_a0.5,low_norm,22,0,True,0.002595548446189701,0.40767311419467267,0.690406836396408,True,True,True,True,False,True
43,dirichlet_a0.5,low_norm,22,1,False,0.2289125721266038,0.34247649552755827,0.7004168141877756,True,True,True,False,False,True
43,dirichlet_a0.5,low_norm,22,2,False,0.24536515748854656,0.39326092881751545,0.6522095979915672,True,True,True,False,False,True
43,dirichlet_a0.5,low_norm,22,3,False,0.23725900588310106,0.3334335629326865,0.6653014258585729,True,True,True,False,False,True
43,dirichlet_a0.5,low_norm,22,4,False,0.2553641703875426,0.698322337711624,0.7966542212494769,True,True,True,False,True,True
43,dirichlet_a0.5,low_norm,23,0,True,0.0027272028990137434,0.5027639218647252,0.6736850564551774,True,True,True,True,False,True
43,dirichlet_a0.5,low_norm,23,1,False,0.23057728962636542,0.3282813886979686,0.6879013139390043,True,True,True,False,False,True
43,dirichlet_a0.5,low_norm,23,2,False,0.24825470570070288,0.29568012026782253,0.6583919315305179,True,True,True,False,False,True
43,dirichlet_a0.5,low_norm,23,3,False,0.2335664791675896,0.21392652484797942,0.6428577168802989,True,True,True,False,False,True
43,dirichlet_a0.5,low_norm,23,4,False,0.21404573537296007,0.7430839544161253,0.7886286012777756,True,True,True,False,True,True
43,dirichlet_a0.5,low_norm,24,0,True,0.002652630289467697,0.45383933080159927,0.7022539094932322,True,True,True,True,False,True
43,dirichlet_a0.5,low_norm,24,1,False,0.23882549970327058,0.3147362936981701,0.7021320353739631,True,True,True,False,False,True
43,dirichlet_a0.5,low_norm,24,2,False,0.2458203072272809,0.21284964395518152,0.6520570066192881,True,True,True,False,False,True
43,dirichlet_a0.5,low_norm,24,3,False,0.2287255319257585,0.17395929422104645,0.630546224568299,True,True,True,False,False,True
43,dirichlet_a0.5,low_norm,24,4,False,0.20928101059663404,0.7541532911444645,0.7706405246680834,True,True,True,False,True,True
43,dirichlet_a0.5,full_sign_flip,0,0,False,0.4887656862643183,0.3447623983113763,0.637057366624272,False,True,True,False,False,True
43,dirichlet_a0.5,full_sign_flip,0,1,False,0.36909222692996235,0.04064016123352853,0.5951536247406118,True,True,True,False,False,True
43,dirichlet_a0.5,full_sign_flip,0,2,False,0.23994810419741783,0.10245751769828637,0.6302965392596559,True,True,True,False,False,True
43,dirichlet_a0.5,full_sign_flip,0,3,False,0.42022099299554866,0.028359975469435132,0.5722977144089668,False,True,True,False,False,True
43,dirichlet_a0.5,full_sign_flip,0,4,False,0.334308518943323,0.40360557680903303,0.6643386810064633,True,True,True,False,False,True
43,dirichlet_a0.5,full_sign_flip,1,0,False,0.44017426139517135,0.3401712855353914,0.6373781629996508,False,True,True,False,False,True
43,dirichlet_a0.5,full_sign_flip,1,1,False,0.3532610243437077,-0.06927996744240185,0.6748579229767915,True,True,True,False,False,True
43,dirichlet_a0.5,full_sign_flip,1,2,False,0.36178928245885794,0.027730751357059307,0.6197336254246436,True,True,True,False,False,True
43,dirichlet_a0.5,full_sign_flip,1,3,False,0.3829410913391355,-0.20003140251038437,0.5841429342477061,True,True,True,False,False,True
43,dirichlet_a0.5,full_sign_flip,1,4,False,0.2901123133931586,0.5071729427725582,0.6812632949169762,True,True,True,False,False,True
43,dirichlet_a0.5,full_sign_flip,2,0,False,0.3935424066180966,0.22240457628828836,0.6460903584481545,False,True,True,False,False,True
43,dirichlet_a0.5,full_sign_flip,2,1,False,0.3252336793131379,0.06190054270321912,0.6299610494346163,True,True,True,False,False,True
43,dirichlet_a0.5,full_sign_flip,2,2,False,0.31041756133662407,-0.28092294891056946,0.6519157844163421,True,True,True,False,False,True
43,dirichlet_a0.5,full_sign_flip,2,3,False,0.31574860482868794,-0.5283259392772278,0.6031332040700766,True,False,True,False,False,True
43,dirichlet_a0.5,full_sign_flip,2,4,False,0.24216467451744317,0.5606478962106208,0.7034780967415364,True,True,True,False,False,True
43,dirichlet_a0.5,full_sign_flip,3,0,False,0.33062481514969744,0.0056981979068262975,0.6046919552750456,True,True,True,False,False,True
43,dirichlet_a0.5,full_sign_flip,3,1,False,0.29242961298605175,0.417946836846147,0.6457245378528177,True,True,True,False,False,True
43,dirichlet_a0.5,full_sign_flip,3,2,False,0.2654138244946007,-0.281895748355184,0.6163457533719925,True,True,True,False,False,True
43,dirichlet_a0.5,full_sign_flip,3,3,False,0.2644130482254549,-0.31182947707548764,0.5821292410213693,True,True,True,False,False,True
43,dirichlet_a0.5,full_sign_flip,3,4,False,0.2081798015990794,0.544381805331176,0.6561128375997181,True,True,True,False,False,True
43,dirichlet_a0.5,full_sign_flip,4,0,False,0.2914252930906504,0.07434198360351645,0.6152295821562592,True,True,True,False,False,True
43,dirichlet_a0.5,full_sign_flip,4,1,False,0.25794603884791273,0.4423107784295565,0.7189273516886622,True,True,True,False,False,True
43,dirichlet_a0.5,full_sign_flip,4,2,False,0.2508446927000705,-0.2212362218997511,0.6268246405531896,True,True,True,False,False,True
43,dirichlet_a0.5,full_sign_flip,4,3,False,0.250085150483636,-0.1375171382673374,0.6272209807311211,True,True,True,False,False,True
43,dirichlet_a0.5,full_sign_flip,4,4,False,0.15492054817848933,0.5246621525385831,0.6294809630223047,True,True,True,False,False,True
43,dirichlet_a0.5,full_sign_flip,5,0,False,0.2706019807305697,-0.15597045604889803,0.6475521827879107,True,True,True,False,False,True
43,dirichlet_a0.5,full_sign_flip,5,1,False,0.22856692481397847,0.24259611306112466,0.681791993152038,True,True,True,False,False,True
43,dirichlet_a0.5,full_sign_flip,5,2,False,0.2448706410757618,0.07526254018889153,0.602324356357411,True,True,True,False,False,True
43,dirichlet_a0.5,full_sign_flip,5,3,False,0.24203777833080004,0.11001034791478206,0.6010156712978205,True,True,True,False,False,True
43,dirichlet_a0.5,full_sign_flip,5,4,False,0.14138920828600277,0.5232898727241073,0.6621205636399552,True,True,True,False,False,True
43,dirichlet_a0.5,full_sign_flip,6,0,False,0.23203920068928904,-0.10474171683883923,0.5513598139202004,True,True,True,False,False,True
43,dirichlet_a0.5,full_sign_flip,6,1,False,0.22651744150440303,0.3475269106990025,0.7119788870996601,True,True,True,False,False,True
43,dirichlet_a0.5,full_sign_flip,6,2,False,0.22569339597944219,0.017678537556902216,0.6646716765074253,True,True,True,False,False,True
43,dirichlet_a0.5,full_sign_flip,6,3,False,0.2192185065386743,0.10201562689497086,0.6339416711397388,True,True,True,False,False,True
43,dirichlet_a0.5,full_sign_flip,6,4,False,0.14546452734648135,0.6200468163511641,0.6441671139738773,True,True,True,False,False,True
43,dirichlet_a0.5,full_sign_flip,7,0,False,0.23497736580015208,-0.06135943265207295,0.558470059567353,True,True,True,False,False,True
43,dirichlet_a0.5,full_sign_flip,7,1,False,0.20558474994637901,0.3458448509817446,0.7030079771484307,True,True,True,False,False,True
43,dirichlet_a0.5,full_sign_flip,7,2,False,0.23023057168568004,0.13979601660023272,0.6540129585118613,True,True,True,False,False,True
43,dirichlet_a0.5,full_sign_flip,7,3,False,0.2273553277939263,0.14968165831459615,0.6497892500087087,True,True,True,False,False,True
43,dirichlet_a0.5,full_sign_flip,7,4,False,0.13474790405811246,0.5422892536201567,0.7029644337618003,True,True,True,False,False,True
43,dirichlet_a0.5,full_sign_flip,8,0,False,0.21958162680010307,-0.003443081024556672,0.6738008742270809,True,True,True,False,False,True
43,dirichlet_a0.5,full_sign_flip,8,1,False,0.20629254937443814,0.19327368855599678,0.6674329437625324,True,True,True,False,False,True
43,dirichlet_a0.5,full_sign_flip,8,2,False,0.22949662514623279,0.15454618370296602,0.6179745114983514,True,True,True,False,False,True
43,dirichlet_a0.5,full_sign_flip,8,3,False,0.22700714438418299,0.1802508027100244,0.5917309192808182,True,True,True,False,False,True
43,dirichlet_a0.5,full_sign_flip,8,4,False,0.12369246570253202,0.6170804022511251,0.6880972556652767,True,True,True,False,False,True
43,dirichlet_a0.5,full_sign_flip,9,0,False,0.20864618115262412,-0.14238742756624337,0.6232705450908484,True,True,True,False,False,True
43,dirichlet_a0.5,full_sign_flip,9,1,False,0.2027827349216736,0.36655467183980595,0.6646985023819759,True,True,True,False,False,True
43,dirichlet_a0.5,full_sign_flip,9,2,False,0.22749787935713378,0.22678379419136288,0.6486519683105079,True,True,True,False,False,True
43,dirichlet_a0.5,full_sign_flip,9,3,False,0.2232462156393098,0.24915945375371773,0.608110123617094,True,True,True,False,False,True
43,dirichlet_a0.5,full_sign_flip,9,4,False,0.13921611710970602,0.7276194526289531,0.7072933208166273,True,True,True,False,True,True
43,dirichlet_a0.5,full_sign_flip,10,0,True,0.23179207474509614,-0.03082523475131123,0.719539982268769,True,True,True,False,False,True
43,dirichlet_a0.5,full_sign_flip,10,1,False,0.19926973012129018,0.4818705993304378,0.5519218500136712,True,True,True,False,False,True
43,dirichlet_a0.5,full_sign_flip,10,2,False,0.21722684747194781,0.00831230970637441,0.6675559900903961,True,True,True,False,False,True
43,dirichlet_a0.5,full_sign_flip,10,3,False,0.20930717809080843,0.04915455107244766,0.6618389109378495,True,True,True,False,False,True
43,dirichlet_a0.5,full_sign_flip,10,4,False,0.1523350168682752,0.7071771480707713,0.570862781814717,True,True,True,False,True,True
43,dirichlet_a0.5,full_sign_flip,11,0,True,0.34882068985534115,-0.7974155015605143,0.5703138823029831,True,False,True,False,False,True
43,dirichlet_a0.5,full_sign_flip,11,1,False,0.2686931541542738,0.6863240272396973,0.589077815917053,True,True,True,False,True,True
43,dirichlet_a0.5,full_sign_flip,11,2,False,0.12810761258541026,-0.29334334214313795,0.6789695318305673,True,True,True,False,False,True
43,dirichlet_a0.5,full_sign_flip,11,3,False,0.12419002214179206,-0.22719546675365096,0.6661063731908419,True,True,True,False,False,True
43,dirichlet_a0.5,full_sign_flip,11,4,False,0.19345364066453424,0.7289896525601943,0.6284634983545065,True,True,True,False,True,True
43,dirichlet_a0.5,full_sign_flip,12,0,True,0.4021920795659302,-0.8386889286800933,0.589579587885493,False,False,True,False,False,True
43,dirichlet_a0.5,full_sign_flip,12,1,False,0.30033072159313196,0.6952643811810139,0.6079639745540036,True,True,True,False,True,True
43,dirichlet_a0.5,full_sign_flip,12,2,False,0.12665131186009393,-0.0830323810228649,0.6487086848292076,True,True,True,False,False,True
43,dirichlet_a0.5,full_sign_flip,12,3,False,0.12222925345943361,-0.07218628488214841,0.626149564375605,True,True,True,False,False,True
43,dirichlet_a0.5,full_sign_flip,12,4,False,0.24773651150884152,0.8467527567317326,0.6000293873599779,True,True,True,False,True,True
43,dirichlet_a0.5,full_sign_flip,13,0,True,0.40813653008563683,-0.8433838960775689,0.5311066600768237,False,False,True,False,False,False
43,dirichlet_a0.5,full_sign_flip,13,1,False,0.30768752471774957,0.7081446974616546,0.5960512967250214,True,True,True,False,True,True
43,dirichlet_a0.5,full_sign_flip,13,2,False,0.15047427922938783,0.002166499646740316,0.624665088572692,True,True,True,False,False,True
43,dirichlet_a0.5,full_sign_flip,13,3,False,0.13380649367677783,0.011170750530123834,0.6531401468841315,True,True,True,False,False,True
43,dirichlet_a0.5,full_sign_flip,13,4,False,0.2713098004089889,0.8413410573450856,0.6652273062282686,True,True,True,False,True,True
43,dirichlet_a0.5,full_sign_flip,14,0,True,0.4069744192855676,-0.7720211696299653,0.5177636384437345,False,False,True,False,False,False
43,dirichlet_a0.5,full_sign_flip,14,1,False,0.30458091062858794,0.7012255499956936,0.5856148410204962,True,True,True,False,True,True
43,dirichlet_a0.5,full_sign_flip,14,2,False,0.15068550105096032,0.014744586604364656,0.7058813175981906,True,True,True,False,False,True
43,dirichlet_a0.5,full_sign_flip,14,3,False,0.1365353274953443,0.04567766517543323,0.6371500734834684,True,True,True,False,False,True
43,dirichlet_a0.5,full_sign_flip,14,4,False,0.2986654493002034,0.8910370736909811,0.660919995423784,True,True,True,False,True,True
43,dirichlet_a0.5,full_sign_flip,15,0,True,0.38291043253768714,-0.7380352553303346,0.5329464971413943,True,False,True,False,False,True
43,dirichlet_a0.5,full_sign_flip,15,1,False,0.3117846078659244,0.6744963205865044,0.6177574878402594,True,True,True,False,True,True
43,dirichlet_a0.5,full_sign_flip,15,2,False,0.16207324267441853,0.1584259649366803,0.6748954688966635,True,True,True,False,False,True
43,dirichlet_a0.5,full_sign_flip,15,3,False,0.14010577003955166,0.18633747918771926,0.6659868589470092,True,True,True,False,False,True
43,dirichlet_a0.5,full_sign_flip,15,4,False,0.3076851181016778,0.8823622877669897,0.6881047870978753,True,True,True,False,True,True
43,dirichlet_a0.5,full_sign_flip,16,0,True,0.38440740621242775,-0.6669390791742181,0.5485579601457039,True,False,True,False,False,True
43,dirichlet_a0.5,full_sign_flip,16,1,False,0.2928341264506914,0.6515653548056438,0.6180929933576174,True,True,True,False,True,True
43,dirichlet_a0.5,full_sign_flip,16,2,False,0.1871850369193175,0.1804519809804795,0.6722948360831369,True,True,True,False,False,True
43,dirichlet_a0.5,full_sign_flip,16,3,False,0.15890626438716307,0.15231038880431955,0.6856481679880009,True,True,True,False,False,True
43,dirichlet_a0.5,full_sign_flip,16,4,False,0.3192396038720657,0.9008632035434243,0.6563445468180844,True,True,True,False,True,True
43,dirichlet_a0.5,full_sign_flip,17,0,True,0.3805262565553107,-0.7050713094610909,0.49984626507225544,True,False,True,False,False,False
43,dirichlet_a0.5,full_sign_flip,17,1,False,0.28324303504767995,0.6067316868537317,0.6047516557667217,True,True,True,False,False,True
43,dirichlet_a0.5,full_sign_flip,17,2,False,0.2083681747724912,0.31559937202854,0.7217979507549631,True,True,True,False,False,True
43,dirichlet_a0.5,full_sign_flip,17,3,False,0.17461932242253314,0.23617404553914084,0.6796662705568528,True,True,True,False,False,True
43,dirichlet_a0.5,full_sign_flip,17,4,False,0.32649563676430027,0.8963614841755803,0.6757938123769082,True,True,True,False,True,True
43,dirichlet_a0.5,full_sign_flip,18,0,True,0.38791932653421246,-0.6952218628678257,0.4784214130312302,True,False,True,False,False,False
43,dirichlet_a0.5,full_sign_flip,18,1,False,0.2929074597111228,0.5419195130060575,0.6239717775138902,True,True,True,False,False,True
43,dirichlet_a0.5,full_sign_flip,18,2,False,0.2257172032676021,0.4257993791108224,0.7471764512130642,True,True,True,False,False,True
43,dirichlet_a0.5,full_sign_flip,18,3,False,0.17777725022218588,0.27003222711522484,0.7228804964938589,True,True,True,False,False,True
43,dirichlet_a0.5,full_sign_flip,18,4,False,0.3354144538614461,0.8745310183877736,0.7136319115186922,True,True,True,False,True,True
43,dirichlet_a0.5,full_sign_flip,19,0,True,0.3824327273782453,-0.7011610741485564,0.495635809078815,True,False,True,False,False,False
43,dirichlet_a0.5,full_sign_flip,19,1,False,0.3001470653235065,0.5801105779036978,0.6040754080275155,True,True,True,False,False,True
43,dirichlet_a0.5,full_sign_flip,19,2,False,0.2265319142094671,0.3948892655015939,0.7348388980823518,True,True,True,False,False,True
43,dirichlet_a0.5,full_sign_flip,19,3,False,0.1816041517862526,0.3025098883102474,0.708175151692138,True,True,True,False,False,True
43,dirichlet_a0.5,full_sign_flip,19,4,False,0.32243512620800147,0.867872895736774,0.6962425776306824,True,True,True,False,True,True
43,dirichlet_a0.5,full_sign_flip,20,0,True,0.3810200013024897,-0.6892910408478421,0.5064282609422543,True,False,True,False,False,False
43,dirichlet_a0.5,full_sign_flip,20,1,False,0.2846938047252642,0.5481590627906997,0.6298692613769352,True,True,True,False,False,True
43,dirichlet_a0.5,full_sign_flip,20,2,False,0.21418631766145688,0.2759962015033664,0.7610676430267161,True,True,True,False,False,True
43,dirichlet_a0.5,full_sign_flip,20,3,False,0.18947550110859165,0.13994930593260535,0.6838449192496739,True,True,True,False,False,True
43,dirichlet_a0.5,full_sign_flip,20,4,False,0.3263303621913999,0.8244371255950241,0.7123332330223694,True,True,True,False,True,True
43,dirichlet_a0.5,full_sign_flip,21,0,True,0.40398387502896077,-0.7553674058191667,0.4832403710440709,False,False,True,False,False,False
43,dirichlet_a0.5,full_sign_flip,21,1,False,0.31445964655860736,0.5780779579916097,0.6051580862096293,True,True,True,False,False,True
43,dirichlet_a0.5,full_sign_flip,21,2,False,0.21359789893736295,0.2422054383481504,0.7350763448083266,True,True,True,False,False,True
43,dirichlet_a0.5,full_sign_flip,21,3,False,0.1910862871956081,0.18112099455970795,0.6626563313734518,True,True,True,False,False,True
43,dirichlet_a0.5,full_sign_flip,21,4,False,0.32431405914150274,0.8055024737708847,0.700704198775766,True,True,True,False,True,True
43,dirichlet_a0.5,full_sign_flip,22,0,True,0.3935259116531909,-0.7358511408208713,0.5004364663682824,False,False,True,False,False,False
43,dirichlet_a0.5,full_sign_flip,22,1,False,0.32064930463178726,0.57861724234141,0.5958003999619084,True,True,True,False,False,True
43,dirichlet_a0.5,full_sign_flip,22,2,False,0.207182429678098,0.19411201177615542,0.7306764435133162,True,True,True,False,False,True
43,dirichlet_a0.5,full_sign_flip,22,3,False,0.17926499744252805,0.13762315102699157,0.7032187410722789,True,True,True,False,False,True
43,dirichlet_a0.5,full_sign_flip,22,4,False,0.31831481733185757,0.8129936608618489,0.6936482239786687,True,True,True,False,True,True
43,dirichlet_a0.5,full_sign_flip,23,0,True,0.39524240800946403,-0.7545029152407612,0.48854673732207776,False,False,True,False,False,False
43,dirichlet_a0.5,full_sign_flip,23,1,False,0.31776227749349,0.5708651528492216,0.5809815761907696,True,True,True,False,False,True
43,dirichlet_a0.5,full_sign_flip,23,2,False,0.19887087012801793,0.1161611272382444,0.7230112761106661,True,True,True,False,False,True
43,dirichlet_a0.5,full_sign_flip,23,3,False,0.16883596630896375,-0.005321635755480999,0.7007902520179925,True,True,True,False,False,True
43,dirichlet_a0.5,full_sign_flip,23,4,False,0.3124489241650382,0.8080404052412616,0.7151549694990449,True,True,True,False,True,True
43,dirichlet_a0.5,full_sign_flip,24,0,True,0.4038396640229373,-0.7859232790334872,0.4537309759830197,False,False,True,False,False,False
43,dirichlet_a0.5,full_sign_flip,24,1,False,0.33293292716971556,0.5897923870865948,0.5706243799650857,True,True,True,False,False,True
43,dirichlet_a0.5,full_sign_flip,24,2,False,0.19492516210137553,0.09987263940600873,0.7240700437581229,True,True,True,False,False,True
43,dirichlet_a0.5,full_sign_flip,24,3,False,0.16146416388384702,0.055312315252254565,0.7010605000269162,True,True,True,False,False,True
43,dirichlet_a0.5,full_sign_flip,24,4,False,0.308008384337438,0.8534055929616466,0.722770373674375,True,True,True,False,True,True
43,dirichlet_a0.5,directional_poisoning,0,0,False,0.4888995562530122,0.3443590696989182,0.6356076864778337,False,True,True,False,False,True
43,dirichlet_a0.5,directional_poisoning,0,1,False,0.36908653060538726,0.041367565952585734,0.5998030924403079,True,True,True,False,False,True
43,dirichlet_a0.5,directional_poisoning,0,2,False,0.23997089565027563,0.10252048465322662,0.6149536417274034,True,True,True,False,False,True
43,dirichlet_a0.5,directional_poisoning,0,3,False,0.4201828151970464,0.028032724826984455,0.5612786241969642,False,True,True,False,False,True
43,dirichlet_a0.5,directional_poisoning,0,4,False,0.3346009340584959,0.40255384294521507,0.6700523434124505,True,True,True,False,False,True
43,dirichlet_a0.5,directional_poisoning,1,0,False,0.44000905413716923,0.33930363387921736,0.6532270072630412,False,True,True,False,False,True
43,dirichlet_a0.5,directional_poisoning,1,1,False,0.3533900919472159,-0.07041058150939573,0.6605065929884354,True,True,True,False,False,True
43,dirichlet_a0.5,directional_poisoning,1,2,False,0.36197706451170636,0.025737921115262276,0.6167959896100458,True,True,True,False,False,True
43,dirichlet_a0.5,directional_poisoning,1,3,False,0.382867353546393,-0.20063774830726014,0.5900766010952467,True,True,True,False,False,True
43,dirichlet_a0.5,directional_poisoning,1,4,False,0.29003376288614896,0.5073528624049658,0.6788792746885496,True,True,True,False,False,True
43,dirichlet_a0.5,directional_poisoning,2,0,False,0.39345358382246043,0.22771872806944868,0.6361237628987343,False,True,True,False,False,True
43,dirichlet_a0.5,directional_poisoning,2,1,False,0.3252375188372195,0.06466819034963589,0.6074968945612198,True,True,True,False,False,True
43,dirichlet_a0.5,directional_poisoning,2,2,False,0.3102511455232644,-0.28384593087319143,0.6459718602593143,True,True,True,False,False,True
43,dirichlet_a0.5,directional_poisoning,2,3,False,0.3161715258775532,-0.5289617521097372,0.5988990915069294,True,False,True,False,False,True
43,dirichlet_a0.5,directional_poisoning,2,4,False,0.24214418673794594,0.5591066382736747,0.7103863734158202,True,True,True,False,False,True
43,dirichlet_a0.5,directional_poisoning,3,0,False,0.3306187224250349,0.008980537636010645,0.6193263092503739,True,True,True,False,False,True
43,dirichlet_a0.5,directional_poisoning,3,1,False,0.2933587455671991,0.4125817937945434,0.6533214539688248,True,True,True,False,False,True
43,dirichlet_a0.5,directional_poisoning,3,2,False,0.2660180065628315,-0.27192063646526254,0.6216313419050032,True,True,True,False,False,True
43,dirichlet_a0.5,directional_poisoning,3,3,False,0.26501317574849365,-0.3043100012517964,0.5977309323938826,True,True,True,False,False,True
43,dirichlet_a0.5,directional_poisoning,3,4,False,0.20829838213232052,0.5430590377086507,0.6475180029589426,True,True,True,False,False,True
43,dirichlet_a0.5,directional_poisoning,4,0,False,0.2906560630260175,0.07061831492023299,0.6138573412860527,True,True,True,False,False,True
43,dirichlet_a0.5,directional_poisoning,4,1,False,0.2568455978578042,0.43099175967649506,0.6955388512133345,True,True,True,False,False,True
43,dirichlet_a0.5,directional_poisoning,4,2,False,0.2512132190483553,-0.20120762428917535,0.6356401666802843,True,True,True,False,False,True
43,dirichlet_a0.5,directional_poisoning,4,3,False,0.24996742152513823,-0.11457934531509681,0.6092246098537463,True,True,True,False,False,True
43,dirichlet_a0.5,directional_poisoning,4,4,False,0.15475852947120208,0.5204690846966624,0.642683225753738,True,True,True,False,False,True
43,dirichlet_a0.5,directional_poisoning,5,0,False,0.27157764447239696,-0.13730915015497216,0.6439846088071826,True,True,True,False,False,True
43,dirichlet_a0.5,directional_poisoning,5,1,False,0.23130353405562512,0.24360241715611441,0.6830098332620778,True,True,True,False,False,True
43,dirichlet_a0.5,directional_poisoning,5,2,False,0.24534289198019754,0.07541977012832969,0.6193330483112441,True,True,True,False,False,True
43,dirichlet_a0.5,directional_poisoning,5,3,False,0.2423716190340749,0.1113485952860279,0.6005728943993159,True,True,True,False,False,True
43,dirichlet_a0.5,directional_poisoning,5,4,False,0.1401773263025194,0.5202018789239189,0.6787430525865754,True,True,True,False,False,True
43,dirichlet_a0.5,directional_poisoning,6,0,False,0.2306380430702513,-0.12130048054794046,0.5592047280833635,True,True,True,False,False,True
43,dirichlet_a0.5,directional_poisoning,6,1,False,0.22622901944306667,0.35252209327363293,0.7307446385677502,True,True,True,False,False,True
43,dirichlet_a0.5,directional_poisoning,6,2,False,0.22600415269135188,0.030808478583229142,0.6322601828330482,True,True,True,False,False,True
43,dirichlet_a0.5,directional_poisoning,6,3,False,0.22067066775879446,0.11684198555654292,0.6301086975305442,True,True,True,False,False,True
43,dirichlet_a0.5,directional_poisoning,6,4,False,0.14760219388523546,0.6339966708876202,0.6670209272988059,True,True,True,False,False,True
43,dirichlet_a0.5,directional_poisoning,7,0,False,0.23012636162463862,-0.06483816097707223,0.5768316423105561,True,True,True,False,False,True
43,dirichlet_a0.5,directional_poisoning,7,1,False,0.2041286977498895,0.357717826796284,0.722474903786635,True,True,True,False,False,True
43,dirichlet_a0.5,directional_poisoning,7,2,False,0.22897295082723662,0.12498246808466397,0.6572920311112307,True,True,True,False,False,True
43,dirichlet_a0.5,directional_poisoning,7,3,False,0.2267314021141574,0.13263683712809773,0.6546725157215778,True,True,True,False,False,True
43,dirichlet_a0.5,directional_poisoning,7,4,False,0.13445478723808238,0.5461389737889868,0.7199899525437109,True,True,True,False,False,True
43,dirichlet_a0.5,directional_poisoning,8,0,False,0.22255792545279365,0.002871772657287671,0.648650638482367,True,True,True,False,False,True
43,dirichlet_a0.5,directional_poisoning,8,1,False,0.20579035977778967,0.2018986681608314,0.6361918473859444,True,True,True,False,False,True
43,dirichlet_a0.5,directional_poisoning,8,2,False,0.23193553625373212,0.16879304581057675,0.6252218940961854,True,True,True,False,False,True
43,dirichlet_a0.5,directional_poisoning,8,3,False,0.2288322375647948,0.19306896907706006,0.5927783185949298,True,True,True,False,False,True
43,dirichlet_a0.5,directional_poisoning,8,4,False,0.12492665211840312,0.6235965366909401,0.6770121806565611,True,True,True,False,False,True
43,dirichlet_a0.5,directional_poisoning,9,0,False,0.20904089211709975,-0.13264278504555183,0.6104397223934189,True,True,True,False,False,True
43,dirichlet_a0.5,directional_poisoning,9,1,False,0.20287609980402221,0.35594342586221706,0.6503836294291558,True,True,True,False,False,True
43,dirichlet_a0.5,directional_poisoning,9,2,False,0.22797816546643246,0.2282225493785619,0.6797520476611556,True,True,True,False,False,True
43,dirichlet_a0.5,directional_poisoning,9,3,False,0.22366853674412446,0.24903296129950642,0.6327339960877837,True,True,True,False,False,True
43,dirichlet_a0.5,directional_poisoning,9,4,False,0.13956287132339412,0.7253662388480951,0.7029037934206883,True,True,True,False,True,True
43,dirichlet_a0.5,directional_poisoning,10,0,True,0.23114921763998497,-0.03566150509296395,0.7449599870665266,True,True,True,False,False,True
43,dirichlet_a0.5,directional_poisoning,10,1,False,0.19922777204815528,0.4813801350537295,0.5321558483550238,True,True,True,False,False,True
43,dirichlet_a0.5,directional_poisoning,10,2,False,0.21635743184728262,0.0003970095262655384,0.6589281383881659,True,True,True,False,False,True
43,dirichlet_a0.5,directional_poisoning,10,3,False,0.20988763744489344,0.04466118101970905,0.665782879314526,True,True,True,False,False,True
43,dirichlet_a0.5,directional_poisoning,10,4,False,0.15237124614627715,0.7176015941262812,0.5569962007921753,True,True,True,False,True,True
43,dirichlet_a0.5,directional_poisoning,11,0,True,0.3500139869278785,-0.7987715719513492,0.5367727573007067,True,False,True,False,False,True
43,dirichlet_a0.5,directional_poisoning,11,1,False,0.2689552766845616,0.6909818420883634,0.580129046270237,True,True,True,False,True,True
43,dirichlet_a0.5,directional_poisoning,11,2,False,0.12802703152152836,-0.2947512464569281,0.6920988570446052,True,True,True,False,False,True
43,dirichlet_a0.5,directional_poisoning,11,3,False,0.12448399524318726,-0.21550493597273823,0.6990941422404822,True,True,True,False,False,True
43,dirichlet_a0.5,directional_poisoning,11,4,False,0.1958341698736517,0.7353647996059557,0.6587422965892329,True,True,True,False,True,True
43,dirichlet_a0.5,directional_poisoning,12,0,True,0.3997614703312002,-0.8355742808306024,0.5827550923895753,False,False,True,False,False,True
43,dirichlet_a0.5,directional_poisoning,12,1,False,0.2999703968612739,0.6884595837794307,0.5872864377778351,True,True,True,False,True,True
43,dirichlet_a0.5,directional_poisoning,12,2,False,0.12735256338451725,-0.07986822851463038,0.6833733157926415,True,True,True,False,False,True
43,dirichlet_a0.5,directional_poisoning,12,3,False,0.12296179296227186,-0.07742430754275073,0.6384725840706442,True,True,True,False,False,True
43,dirichlet_a0.5,directional_poisoning,12,4,False,0.2492577099520942,0.8479247264323109,0.6031504458259173,True,True,True,False,True,True
43,dirichlet_a0.5,directional_poisoning,13,0,True,0.4105061771061328,-0.8433875708146313,0.5473576716875159,False,False,True,False,False,True
43,dirichlet_a0.5,directional_poisoning,13,1,False,0.30921170200913756,0.7138273331526344,0.5842525507733751,True,True,True,False,True,True
43,dirichlet_a0.5,directional_poisoning,13,2,False,0.15192698984651493,0.014317352769697774,0.6338506774185029,True,True,True,False,False,True
43,dirichlet_a0.5,directional_poisoning,13,3,False,0.13552021958112245,0.027268358582285105,0.664371924326323,True,True,True,False,False,True
43,dirichlet_a0.5,directional_poisoning,13,4,False,0.2746502023681243,0.8435876540135014,0.6905883285061579,True,True,True,False,True,True
43,dirichlet_a0.5,directional_poisoning,14,0,True,0.4089046928983544,-0.7715096896674687,0.5529403779091966,False,False,True,False,False,True
43,dirichlet_a0.5,directional_poisoning,14,1,False,0.3078045021084067,0.6974972291165293,0.5586675603899575,True,True,True,False,True,True
43,dirichlet_a0.5,directional_poisoning,14,2,False,0.1525707440606244,0.034651682141146355,0.6956108570410405,True,True,True,False,False,True
43,dirichlet_a0.5,directional_poisoning,14,3,False,0.13867533003840732,0.0622790755071942,0.6506927769623024,True,True,True,False,False,True
43,dirichlet_a0.5,directional_poisoning,14,4,False,0.3032037245077532,0.8920943393278068,0.6309064220806218,True,True,True,False,True,True
43,dirichlet_a0.5,directional_poisoning,15,0,True,0.38546622249522755,-0.7369925612221687,0.5641313250008902,True,False,True,False,False,True
43,dirichlet_a0.5,directional_poisoning,15,1,False,0.3181071350681701,0.6680675750872661,0.6039418865505822,True,True,True,False,True,True
43,dirichlet_a0.5,directional_poisoning,15,2,False,0.16605793863061413,0.18383820915014962,0.6955898586333369,True,True,True,False,False,True
43,dirichlet_a0.5,directional_poisoning,15,3,False,0.14288164007557297,0.19228487211931614,0.6899636790941138,True,True,True,False,False,True
43,dirichlet_a0.5,directional_poisoning,15,4,False,0.3157474416889592,0.8847623764149283,0.6676904176904177,True,True,True,False,True,True
43,dirichlet_a0.5,directional_poisoning,16,0,True,0.38360488135738924,-0.6573422505386841,0.5317971514106867,True,False,True,False,False,True
43,dirichlet_a0.5,directional_poisoning,16,1,False,0.29828523966382825,0.6461545882526558,0.6417160812515978,True,True,True,False,False,True
43,dirichlet_a0.5,directional_poisoning,16,2,False,0.1922243484713311,0.21389361486867076,0.6834882435898493,True,True,True,False,False,True
43,dirichlet_a0.5,directional_poisoning,16,3,False,0.16270093128912375,0.17617419206891174,0.7065887029599268,True,True,True,False,False,True
43,dirichlet_a0.5,directional_poisoning,16,4,False,0.3246754687582897,0.9041498098834547,0.6563054110001402,True,True,True,False,True,True
43,dirichlet_a0.5,directional_poisoning,17,0,True,0.38324205563647223,-0.701786345141327,0.5133341764681084,True,False,True,False,False,False
43,dirichlet_a0.5,directional_poisoning,17,1,False,0.2865308288713879,0.598584611185411,0.618624847181822,True,True,True,False,False,True
43,dirichlet_a0.5,directional_poisoning,17,2,False,0.2151680325144363,0.33794825819314966,0.7414274271742338,True,True,True,False,False,True
43,dirichlet_a0.5,directional_poisoning,17,3,False,0.17837003678555124,0.2717150451349235,0.7029720500822056,True,True,True,False,False,True
43,dirichlet_a0.5,directional_poisoning,17,4,False,0.3318603820914372,0.8918174544547843,0.682939167825977,True,True,True,False,True,True
43,dirichlet_a0.5,directional_poisoning,18,0,True,0.38830485023162314,-0.6936393120200135,0.45159076893679484,True,False,True,False,False,False
43,dirichlet_a0.5,directional_poisoning,18,1,False,0.2945710326452284,0.5503587026142451,0.6222803192829163,True,True,True,False,False,True
43,dirichlet_a0.5,directional_poisoning,18,2,False,0.2282578591965575,0.42006263904807556,0.7776310875248625,True,True,True,False,False,True
43,dirichlet_a0.5,directional_poisoning,18,3,False,0.17952756810950973,0.2505140229210598,0.7369911319951709,True,True,True,False,False,True
43,dirichlet_a0.5,directional_poisoning,18,4,False,0.3366481906927777,0.8748354868583801,0.7086413104843963,True,True,True,False,True,True
43,dirichlet_a0.5,directional_poisoning,19,0,True,0.3873917986143027,-0.7068094029338958,0.50780772483317,True,False,True,False,False,False
43,dirichlet_a0.5,directional_poisoning,19,1,False,0.30469271467257075,0.5823909404052645,0.6117237279478871,True,True,True,False,False,True
43,dirichlet_a0.5,directional_poisoning,19,2,False,0.22693504869353465,0.3753705958049135,0.7123324374335401,True,True,True,False,False,True
43,dirichlet_a0.5,directional_poisoning,19,3,False,0.1750849674249487,0.24228673579839982,0.7116877244982542,True,True,True,False,False,True
43,dirichlet_a0.5,directional_poisoning,19,4,False,0.32381149169890894,0.8697750381540802,0.6975375315030184,True,True,True,False,True,True
43,dirichlet_a0.5,directional_poisoning,20,0,True,0.38805429068448966,-0.7027560303388681,0.4934944016043164,True,False,True,False,False,False
43,dirichlet_a0.5,directional_poisoning,20,1,False,0.2938034157136995,0.5606382184200621,0.6003692474196449,True,True,True,False,False,True
43,dirichlet_a0.5,directional_poisoning,20,2,False,0.2112747745819149,0.24337767041578168,0.7402535392842648,True,True,True,False,False,True
43,dirichlet_a0.5,directional_poisoning,20,3,False,0.1852775287231868,0.10813278556986333,0.6990315213152848,True,True,True,False,False,True
43,dirichlet_a0.5,directional_poisoning,20,4,False,0.3285130949336018,0.8409526708319353,0.6939225376210598,True,True,True,False,True,True
43,dirichlet_a0.5,directional_poisoning,21,0,True,0.41082888087456,-0.7571943131852032,0.4917555160086303,False,False,True,False,False,False
43,dirichlet_a0.5,directional_poisoning,21,1,False,0.31926091112530053,0.5862360553035527,0.5963116367702411,True,True,True,False,False,True
43,dirichlet_a0.5,directional_poisoning,21,2,False,0.20960512016875993,0.19878842322987886,0.7356410539080587,True,True,True,False,False,True
43,dirichlet_a0.5,directional_poisoning,21,3,False,0.1860250104547946,0.12761940358195653,0.6699214136100918,True,True,True,False,False,True
43,dirichlet_a0.5,directional_poisoning,21,4,False,0.32682641932407686,0.8101294589595314,0.7152148920421437,True,True,True,False,True,True
43,dirichlet_a0.5,directional_poisoning,22,0,True,0.3999040455080709,-0.7462677747602181,0.4793721465494472,False,False,True,False,False,False
43,dirichlet_a0.5,directional_poisoning,22,1,False,0.3261711568463687,0.5838261450463428,0.5741387767422556,True,True,True,False,False,True
43,dirichlet_a0.5,directional_poisoning,22,2,False,0.20518750563677401,0.1723674260921697,0.7194657208617893,True,True,True,False,False,True
43,dirichlet_a0.5,directional_poisoning,22,3,False,0.17786223187241518,0.11384664826852578,0.6863675810285628,True,True,True,False,False,True
43,dirichlet_a0.5,directional_poisoning,22,4,False,0.3166016462478705,0.8245379075595266,0.7106516243444139,True,True,True,False,True,True
43,dirichlet_a0.5,directional_poisoning,23,0,True,0.4014154449634812,-0.7599031622901128,0.4773136605661164,False,False,True,False,False,False
43,dirichlet_a0.5,directional_poisoning,23,1,False,0.32170942755652865,0.5757500193289286,0.5801631182804156,True,True,True,False,False,True
43,dirichlet_a0.5,directional_poisoning,23,2,False,0.19633496180916782,0.10537777683002324,0.7307368636302862,True,True,True,False,False,True
43,dirichlet_a0.5,directional_poisoning,23,3,False,0.16526038691343506,-0.02579721491064251,0.6958717075511023,True,True,True,False,False,True
43,dirichlet_a0.5,directional_poisoning,23,4,False,0.31254967678234113,0.8147104880417572,0.6986244268445185,True,True,True,False,True,True
43,dirichlet_a0.5,directional_poisoning,24,0,True,0.4081200940000065,-0.7927934547441576,0.45140349472734287,False,False,True,False,False,False
43,dirichlet_a0.5,directional_poisoning,24,1,False,0.3364769255200507,0.6006852514937514,0.5751162604525243,True,True,True,False,False,True
43,dirichlet_a0.5,directional_poisoning,24,2,False,0.1951422742729289,0.09188382219950343,0.707176490280699,True,True,True,False,False,True
43,dirichlet_a0.5,directional_poisoning,24,3,False,0.16046101071044563,0.03204653210137959,0.6769815220476395,True,True,True,False,False,True
43,dirichlet_a0.5,directional_poisoning,24,4,False,0.30878461792962963,0.8570937945554782,0.7323935461803256,True,True,True,False,True,True
43,dirichlet_a0.5,sparse_coordinate_attack,0,0,False,0.48876566996814264,0.3447627070259524,0.6370546671625139,False,True,True,False,False,True
43,dirichlet_a0.5,sparse_coordinate_attack,0,1,False,0.3690922334170547,0.04064104039949036,0.5951729267385645,True,True,True,False,False,True
43,dirichlet_a0.5,sparse_coordinate_attack,0,2,False,0.23994806325222956,0.10245825323503943,0.6302863518036445,True,True,True,False,False,True
43,dirichlet_a0.5,sparse_coordinate_attack,0,3,False,0.42022105189084874,0.028360883892893953,0.5722945332837486,False,True,True,False,False,True
43,dirichlet_a0.5,sparse_coordinate_attack,0,4,False,0.3343085337128709,0.4036062982403819,0.6643361844551878,True,True,True,False,False,True
43,dirichlet_a0.5,sparse_coordinate_attack,1,0,False,0.44018135315060497,0.3398023681673709,0.6373023684043432,False,True,True,False,False,True
43,dirichlet_a0.5,sparse_coordinate_attack,1,1,False,0.35326084777532457,-0.06917503181475791,0.6748206235316528,True,True,True,False,False,True
43,dirichlet_a0.5,sparse_coordinate_attack,1,2,False,0.361789258021532,0.027586062731741287,0.619690139056448,True,True,True,False,False,True
43,dirichlet_a0.5,sparse_coordinate_attack,1,3,False,0.3829163262767531,-0.20023132048000403,0.5854895548923741,True,True,True,False,False,True
43,dirichlet_a0.5,sparse_coordinate_attack,1,4,False,0.29011807229353626,0.5070089558333072,0.6812813511969014,True,True,True,False,False,True
43,dirichlet_a0.5,sparse_coordinate_attack,2,0,False,0.3934823789468214,0.22126147256636247,0.6359623181697397,False,True,True,False,False,True
43,dirichlet_a0.5,sparse_coordinate_attack,2,1,False,0.3253022660789293,0.060476087983188945,0.6279476431712397,True,True,True,False,False,True
43,dirichlet_a0.5,sparse_coordinate_attack,2,2,False,0.31040316049768873,-0.279864113328487,0.6538431866690668,True,True,True,False,False,True
43,dirichlet_a0.5,sparse_coordinate_attack,2,3,False,0.3160426997041479,-0.52801944540355,0.5978347519736673,True,False,True,False,False,True
43,dirichlet_a0.5,sparse_coordinate_attack,2,4,False,0.24210561429674546,0.5603589970431493,0.7091915893057663,True,True,True,False,False,True
43,dirichlet_a0.5,sparse_coordinate_attack,3,0,False,0.3263956147548173,0.0053964691915840916,0.5974587466673071,True,True,True,False,False,True
43,dirichlet_a0.5,sparse_coordinate_attack,3,1,False,0.29289054539701564,0.42591387838945893,0.6533198824650317,True,True,True,False,False,True
43,dirichlet_a0.5,sparse_coordinate_attack,3,2,False,0.2653889962759629,-0.2792214828577001,0.6033995468338418,True,True,True,False,False,True
43,dirichlet_a0.5,sparse_coordinate_attack,3,3,False,0.2644769566686801,-0.30822103202527074,0.5946244565609012,True,True,True,False,False,True
43,dirichlet_a0.5,sparse_coordinate_attack,3,4,False,0.20796808234208733,0.5439560959750088,0.6620709533302909,True,True,True,False,False,True
43,dirichlet_a0.5,sparse_coordinate_attack,4,0,False,0.2924235606615185,0.08494969773823427,0.615207353822519,True,True,True,False,False,True
43,dirichlet_a0.5,sparse_coordinate_attack,4,1,False,0.25857528767601007,0.4477040660180563,0.7095780330719429,True,True,True,False,False,True
43,dirichlet_a0.5,sparse_coordinate_attack,4,2,False,0.25018639903522033,-0.22519166386288497,0.6258599296018368,True,True,True,False,False,True
43,dirichlet_a0.5,sparse_coordinate_attack,4,3,False,0.24835786035561627,-0.1482277091134213,0.618254564485224,True,True,True,False,False,True
43,dirichlet_a0.5,sparse_coordinate_attack,4,4,False,0.1554214817478876,0.524216881760949,0.6402265571584127,True,True,True,False,False,True
43,dirichlet_a0.5,sparse_coordinate_attack,5,0,False,0.27082872280909437,-0.1450948187467052,0.6503515480448995,True,True,True,False,False,True
43,dirichlet_a0.5,sparse_coordinate_attack,5,1,False,0.22831899289822385,0.2370477048619401,0.6893466551539822,True,True,True,False,False,True
43,dirichlet_a0.5,sparse_coordinate_attack,5,2,False,0.24472473009861562,0.08671416139457118,0.6082068993873607,True,True,True,False,False,True
43,dirichlet_a0.5,sparse_coordinate_attack,5,3,False,0.24224986465348583,0.11964513449912852,0.5790469141893837,True,True,True,False,False,True
43,dirichlet_a0.5,sparse_coordinate_attack,5,4,False,0.1409386357890369,0.5386596117840317,0.6678261584638789,True,True,True,False,False,True
43,dirichlet_a0.5,sparse_coordinate_attack,6,0,False,0.23079042909991704,-0.11287604043805544,0.576494685854439,True,True,True,False,False,True
43,dirichlet_a0.5,sparse_coordinate_attack,6,1,False,0.2270965157302901,0.3674408835880743,0.7109966330558315,True,True,True,False,False,True
43,dirichlet_a0.5,sparse_coordinate_attack,6,2,False,0.2254852740661732,0.015215315889377173,0.6524047717422837,True,True,True,False,False,True
43,dirichlet_a0.5,sparse_coordinate_attack,6,3,False,0.21973624787491222,0.10803783677228934,0.6139618295781211,True,True,True,False,False,True
43,dirichlet_a0.5,sparse_coordinate_attack,6,4,False,0.14394240660070654,0.6142400423858788,0.6803512874385731,True,True,True,False,False,True
43,dirichlet_a0.5,sparse_coordinate_attack,7,0,False,0.2340344144528899,-0.07845191677180316,0.5771840839527765,True,True,True,False,False,True
43,dirichlet_a0.5,sparse_coordinate_attack,7,1,False,0.20573156800108547,0.33941051628984964,0.7169479667686927,True,True,True,False,False,True
43,dirichlet_a0.5,sparse_coordinate_attack,7,2,False,0.23079877047165492,0.15356074473839432,0.6620550940096196,True,True,True,False,False,True
43,dirichlet_a0.5,sparse_coordinate_attack,7,3,False,0.2289361272702451,0.16200005616480975,0.6629208570179275,True,True,True,False,False,True
43,dirichlet_a0.5,sparse_coordinate_attack,7,4,False,0.13241925331957266,0.5353067664572851,0.7065325754263226,True,True,True,False,False,True
43,dirichlet_a0.5,sparse_coordinate_attack,8,0,False,0.21922893188867337,-0.022031760896188787,0.6611444899737717,True,True,True,False,False,True
43,dirichlet_a0.5,sparse_coordinate_attack,8,1,False,0.2076923956400004,0.21370865033268974,0.6542648130923352,True,True,True,False,False,True
43,dirichlet_a0.5,sparse_coordinate_attack,8,2,False,0.23044008366037658,0.15069130885225032,0.6164056411674501,True,True,True,False,False,True
43,dirichlet_a0.5,sparse_coordinate_attack,8,3,False,0.2276263469952339,0.17796873198511762,0.5736192463360065,True,True,True,False,False,True
43,dirichlet_a0.5,sparse_coordinate_attack,8,4,False,0.1253296306141244,0.6286393658199552,0.6851940303510228,True,True,True,False,False,True
43,dirichlet_a0.5,sparse_coordinate_attack,9,0,False,0.20740599876573404,-0.15155571010605984,0.6165058854765908,True,True,True,False,False,True
43,dirichlet_a0.5,sparse_coordinate_attack,9,1,False,0.20435855605903952,0.37793259518234484,0.6746703248075051,True,True,True,False,False,True
43,dirichlet_a0.5,sparse_coordinate_attack,9,2,False,0.22729969206756737,0.22723330100420272,0.6855827949376051,True,True,True,False,False,True
43,dirichlet_a0.5,sparse_coordinate_attack,9,3,False,0.2236057843271609,0.24412312313239193,0.61001858571555,True,True,True,False,False,True
43,dirichlet_a0.5,sparse_coordinate_attack,9,4,False,0.13696751485306616,0.719023471923723,0.6909903531285955,True,True,True,False,True,True
43,dirichlet_a0.5,sparse_coordinate_attack,10,0,True,14.038059834834565,0.016015456633882277,0.018262476024616687,False,True,False,False,False,False
43,dirichlet_a0.5,sparse_coordinate_attack,10,1,False,0.19959127296629037,0.44749996365970485,0.694079992469082,True,True,True,False,False,True
43,dirichlet_a0.5,sparse_coordinate_attack,10,2,False,0.2211873694987123,0.12530697115064457,0.779308802937058,True,True,True,False,False,True
43,dirichlet_a0.5,sparse_coordinate_attack,10,3,False,0.20637521021431618,0.21761416984375964,0.7029405881176235,True,True,True,False,False,True
43,dirichlet_a0.5,sparse_coordinate_attack,10,4,False,0.14661771049247266,0.6310213450677572,0.7238271183648495,True,True,True,False,False,True
43,dirichlet_a0.5,sparse_coordinate_attack,11,0,True,18.062471309303035,0.005210174176875265,0.020027254587044338,False,True,False,False,False,False
43,dirichlet_a0.5,sparse_coordinate_attack,11,1,False,0.23454802646445297,0.5648689387877519,0.6596705115101962,True,True,True,False,False,True
43,dirichlet_a0.5,sparse_coordinate_attack,11,2,False,0.14264799969860215,-0.44977518216279616,0.6988124787073539,True,False,True,False,False,True
43,dirichlet_a0.5,sparse_coordinate_attack,11,3,False,0.13274748722154808,-0.41762977065411516,0.7172944955467951,True,True,True,False,False,True
43,dirichlet_a0.5,sparse_coordinate_attack,11,4,False,0.1720696866460683,0.7303456642804472,0.6788825619311821,True,True,True,False,True,True
43,dirichlet_a0.5,sparse_coordinate_attack,12,0,True,17.82480922436339,0.004175054386391655,0.018543797140345195,False,True,False,False,False,False
43,dirichlet_a0.5,sparse_coordinate_attack,12,1,False,0.21901638884496538,0.46933973283916525,0.7264471796770163,True,True,True,False,False,True
43,dirichlet_a0.5,sparse_coordinate_attack,12,2,False,0.15800402180161727,-0.3211959936172675,0.72759242978113,True,True,True,False,False,True
43,dirichlet_a0.5,sparse_coordinate_attack,12,3,False,0.15027999799730635,-0.3484054814382333,0.678011198001018,True,True,True,False,False,True
43,dirichlet_a0.5,sparse_coordinate_attack,12,4,False,0.17734798963553514,0.7311179834516026,0.7643098422099857,True,True,True,False,True,True
43,dirichlet_a0.5,sparse_coordinate_attack,13,0,True,18.87006968904189,0.009306924834689246,0.01871117066634182,False,True,False,False,False,False
43,dirichlet_a0.5,sparse_coordinate_attack,13,1,False,0.23483685520666808,0.5946946433702872,0.7112803021074431,True,True,True,False,False,True
43,dirichlet_a0.5,sparse_coordinate_attack,13,2,False,0.15366649160869342,-0.28076342771033463,0.673784870264344,True,True,True,False,False,True
43,dirichlet_a0.5,sparse_coordinate_attack,13,3,False,0.13773144040195756,-0.28353187165168015,0.7131806553782434,True,True,True,False,False,True
43,dirichlet_a0.5,sparse_coordinate_attack,13,4,False,0.19844239133122216,0.8443463604756245,0.7704592520404434,True,True,True,False,True,True
43,dirichlet_a0.5,sparse_coordinate_attack,14,0,True,17.272301423138085,0.017793450557777663,0.020107954208434663,False,True,False,False,False,False
43,dirichlet_a0.5,sparse_coordinate_attack,14,1,False,0.23610136927774567,0.527599964697691,0.7047037190817961,True,True,True,False,False,True
43,dirichlet_a0.5,sparse_coordinate_attack,14,2,False,0.16889394147695352,-0.19204057133347519,0.73647310042114,True,True,True,False,False,True
43,dirichlet_a0.5,sparse_coordinate_attack,14,3,False,0.15630277115914268,-0.20364573460793914,0.7701049884334776,True,True,True,False,False,True
43,dirichlet_a0.5,sparse_coordinate_attack,14,4,False,0.19307609760937255,0.8085788777416851,0.7248353994898867,True,True,True,False,True,True
43,dirichlet_a0.5,sparse_coordinate_attack,15,0,True,15.47290686568883,0.019659570893856382,0.017574192418804167,False,True,False,False,False,False
43,dirichlet_a0.5,sparse_coordinate_attack,15,1,False,0.22315442549412032,0.4935587032538667,0.77301278123085,True,True,True,False,False,True
43,dirichlet_a0.5,sparse_coordinate_attack,15,2,False,0.18332728534522597,-0.03444824323047364,0.7705506434386764,True,True,True,False,False,True
43,dirichlet_a0.5,sparse_coordinate_attack,15,3,False,0.16215880940073274,-0.10538137455296094,0.6889389827540926,True,True,True,False,False,True
43,dirichlet_a0.5,sparse_coordinate_attack,15,4,False,0.20511451633157735,0.8746132423660133,0.719874376258426,True,True,True,False,True,True
43,dirichlet_a0.5,sparse_coordinate_attack,16,0,True,17.979582840466726,0.013029377094474784,0.019982167503328326,False,True,False,False,False,False
43,dirichlet_a0.5,sparse_coordinate_attack,16,1,False,0.23024623165675992,0.4894997456754126,0.7274070816997057,True,True,True,False,False,True
43,dirichlet_a0.5,sparse_coordinate_attack,16,2,False,0.18279238111976018,0.08143625783899862,0.7384607868283806,True,True,True,False,False,True
43,dirichlet_a0.5,sparse_coordinate_attack,16,3,False,0.16329371362760503,0.019982865330846658,0.7598597828343898,True,True,True,False,False,True
43,dirichlet_a0.5,sparse_coordinate_attack,16,4,False,0.2293265043210146,0.8285720592896596,0.842048050028703,True,True,True,False,True,True
43,dirichlet_a0.5,sparse_coordinate_attack,17,0,True,16.933286947889666,0.0313494914920304,0.017331395661768664,False,True,False,False,False,False
43,dirichlet_a0.5,sparse_coordinate_attack,17,1,False,0.22894061289069903,0.4193798192243821,0.7115452930728241,True,True,True,False,False,True
43,dirichlet_a0.5,sparse_coordinate_attack,17,2,False,0.19619691523711127,0.2831101179917392,0.7336347489100598,True,True,True,False,False,True
43,dirichlet_a0.5,sparse_coordinate_attack,17,3,False,0.18633589234050968,0.20328647540628436,0.729404165993864,True,True,True,False,False,True
43,dirichlet_a0.5,sparse_coordinate_attack,17,4,False,0.2502638276964061,0.8743640147720732,0.7428602185262931,True,True,True,False,True,True
43,dirichlet_a0.5,sparse_coordinate_attack,18,0,True,18.060385729020993,-0.012430390839458034,0.015969902449310264,False,True,False,False,False,False
43,dirichlet_a0.5,sparse_coordinate_attack,18,1,False,0.23851870944043904,0.5330328316805982,0.7527717047510183,True,True,True,False,False,True
43,dirichlet_a0.5,sparse_coordinate_attack,18,2,False,0.2142685064626693,0.2893407609499908,0.7398870232057443,True,True,True,False,False,True
43,dirichlet_a0.5,sparse_coordinate_attack,18,3,False,0.188592881226561,0.1969170636665855,0.7008667473115296,True,True,True,False,False,True
43,dirichlet_a0.5,sparse_coordinate_attack,18,4,False,0.2839556342488438,0.7866605279805232,0.8010809371081048,True,True,True,False,True,True
43,dirichlet_a0.5,sparse_coordinate_attack,19,0,True,18.17219901841663,0.002423696548281306,0.014632401670471161,False,True,False,False,False,False
43,dirichlet_a0.5,sparse_coordinate_attack,19,1,False,0.22950353415526198,0.4243795694806433,0.7344392665916287,True,True,True,False,False,True
43,dirichlet_a0.5,sparse_coordinate_attack,19,2,False,0.22221702443935604,0.4201771451108599,0.7542892608059918,True,True,True,False,False,True
43,dirichlet_a0.5,sparse_coordinate_attack,19,3,False,0.20573729000878374,0.332330595654324,0.7389836213879217,True,True,True,False,False,True
43,dirichlet_a0.5,sparse_coordinate_attack,19,4,False,0.2799834058557171,0.804093087855074,0.8568212658973523,True,True,True,False,True,True
43,dirichlet_a0.5,sparse_coordinate_attack,20,0,True,18.04059602128177,-0.015248369531224638,0.01685872812633376,False,True,False,False,False,False
43,dirichlet_a0.5,sparse_coordinate_attack,20,1,False,0.24341301652129835,0.4255290315333036,0.7220612350338073,True,True,True,False,False,True
43,dirichlet_a0.5,sparse_coordinate_attack,20,2,False,0.226874991838187,0.3770819331935031,0.7659882741424624,True,True,True,False,False,True
43,dirichlet_a0.5,sparse_coordinate_attack,20,3,False,0.1994952578292995,0.2804463779156693,0.7593054338791922,True,True,True,False,False,True
43,dirichlet_a0.5,sparse_coordinate_attack,20,4,False,0.27872695722979246,0.7673488994846751,0.8254262416604893,True,True,True,False,True,True
43,dirichlet_a0.5,sparse_coordinate_attack,21,0,True,18.450612121735944,0.010675359558495578,0.016784334621020382,False,True,False,False,False,False
43,dirichlet_a0.5,sparse_coordinate_attack,21,1,False,0.23970259803206986,0.44288548350660967,0.7131702718488385,True,True,True,False,False,True
43,dirichlet_a0.5,sparse_coordinate_attack,21,2,False,0.2229444270707865,0.24494427497377455,0.7294934983758748,True,True,True,False,False,True
43,dirichlet_a0.5,sparse_coordinate_attack,21,3,False,0.20292706810463848,0.21039160386783215,0.7286122695740386,True,True,True,False,False,True
43,dirichlet_a0.5,sparse_coordinate_attack,21,4,False,0.2876071184741389,0.7564139989020365,0.8505907307026263,True,True,True,False,True,True
43,dirichlet_a0.5,sparse_coordinate_attack,22,0,True,20.837177824691828,0.0037268598493214473,0.01834275119194773,False,True,False,False,False,False
43,dirichlet_a0.5,sparse_coordinate_attack,22,1,False,0.25359135702445995,0.42200982140954607,0.7197598446053328,True,True,True,False,False,True
43,dirichlet_a0.5,sparse_coordinate_attack,22,2,False,0.22792678705651376,0.15524707103514485,0.7861778209429631,True,True,True,False,False,True
43,dirichlet_a0.5,sparse_coordinate_attack,22,3,False,0.20295448891590043,0.02830555703662905,0.7567985166872683,True,True,True,False,False,True
43,dirichlet_a0.5,sparse_coordinate_attack,22,4,False,0.27635846507856615,0.7354157336327393,0.833535670139502,True,True,True,False,True,True
43,dirichlet_a0.5,sparse_coordinate_attack,23,0,True,20.72655393469719,-0.0016482212999913782,0.01616260560793437,False,True,False,False,False,False
43,dirichlet_a0.5,sparse_coordinate_attack,23,1,False,0.2766283880366973,0.4192075227342747,0.6866250357128281,True,True,True,False,False,True
43,dirichlet_a0.5,sparse_coordinate_attack,23,2,False,0.20321089709192433,0.06430178640062363,0.7444696134851638,True,True,True,False,False,True
43,dirichlet_a0.5,sparse_coordinate_attack,23,3,False,0.19461611631736023,0.014681978801003607,0.7308477205012041,True,True,True,False,False,True
43,dirichlet_a0.5,sparse_coordinate_attack,23,4,False,0.24324540661931154,0.7506219067321324,0.8068956369127791,True,True,True,False,True,True
43,dirichlet_a0.5,sparse_coordinate_attack,24,0,True,21.48400771026349,0.0187659064989637,0.018762376791488122,False,True,False,False,False,False
43,dirichlet_a0.5,sparse_coordinate_attack,24,1,False,0.27643848948289457,0.4541420096869106,0.7107215179959947,True,True,True,False,False,True
43,dirichlet_a0.5,sparse_coordinate_attack,24,2,False,0.1951729834850564,-0.04979780969751063,0.7760486009330843,True,True,True,False,False,True
43,dirichlet_a0.5,sparse_coordinate_attack,24,3,False,0.193031861314258,-0.0023952013714623145,0.7494657701301172,True,True,True,False,False,True
43,dirichlet_a0.5,sparse_coordinate_attack,24,4,False,0.22109318864256294,0.7324387374542218,0.7821572817489175,True,True,True,False,True,True
43,dirichlet_a0.1,no_attack,0,0,False,0.5141898845995442,0.45225384091359105,0.5898893413463722,True,True,True,False,False,True
43,dirichlet_a0.1,no_attack,0,1,False,0.5706448659928332,-0.12129421216924652,0.5500158948818481,False,True,True,False,False,True
43,dirichlet_a0.1,no_attack,0,2,False,0.5009417342408773,0.11366766288022222,0.5607638626076689,True,True,True,False,False,True
43,dirichlet_a0.1,no_attack,0,3,False,0.6338139536657263,0.09014986686471124,0.6183487488457288,False,True,True,False,False,True
43,dirichlet_a0.1,no_attack,0,4,False,0.5821577982849321,-0.004592584257858415,0.6665253788280173,False,True,True,False,False,True
43,dirichlet_a0.1,no_attack,1,0,False,0.409927431223903,0.44372791129817846,0.5860456832450243,True,True,True,False,False,True
43,dirichlet_a0.1,no_attack,1,1,False,0.42157493852421907,-0.34953371589750737,0.6110512489425175,True,True,True,False,False,True
43,dirichlet_a0.1,no_attack,1,2,False,0.45869522513661437,0.42939573255459024,0.6386214880448818,True,True,True,False,False,True
43,dirichlet_a0.1,no_attack,1,3,False,0.42280193408788963,-0.26105545005364234,0.6111403001024088,True,True,True,False,False,True
43,dirichlet_a0.1,no_attack,1,4,False,0.2941111215277916,-0.6575481267020427,0.5823945856894785,True,False,True,False,False,True
43,dirichlet_a0.1,no_attack,2,0,False,0.38678814382069376,0.5723346148884038,0.5797164973306567,True,True,True,False,False,True
43,dirichlet_a0.1,no_attack,2,1,False,0.3577519464420052,-0.11015733927283052,0.635452736405635,True,True,True,False,False,True
43,dirichlet_a0.1,no_attack,2,2,False,0.40178941307723076,0.5866011709639603,0.6126778466420625,True,True,True,False,False,True
43,dirichlet_a0.1,no_attack,2,3,False,0.3081402665515985,-0.17732411703298587,0.6179639353747162,True,True,True,False,False,True
43,dirichlet_a0.1,no_attack,2,4,False,0.17293715068310553,-0.6207175277711872,0.5910776432635242,True,False,True,False,False,True
43,dirichlet_a0.1,no_attack,3,0,False,0.36669117762245407,0.5795137174476211,0.6422339697972311,True,True,True,False,False,True
43,dirichlet_a0.1,no_attack,3,1,False,0.33235286585839474,-0.004383272789527309,0.6293414169793534,True,True,True,False,False,True
43,dirichlet_a0.1,no_attack,3,2,False,0.3568527122702529,0.6340174160228013,0.626587308922201,True,True,True,False,False,True
43,dirichlet_a0.1,no_attack,3,3,False,0.26455314545957387,-0.20052760931071467,0.6159960074675145,True,True,True,False,False,True
43,dirichlet_a0.1,no_attack,3,4,False,0.15715920539958889,-0.4355007015328179,0.5477717602262435,True,True,True,False,False,True
43,dirichlet_a0.1,no_attack,4,0,False,0.33057693037238634,0.5733321996487286,0.6349748150334877,True,True,True,False,False,True
43,dirichlet_a0.1,no_attack,4,1,False,0.29226633045838596,-0.12886653460781955,0.639070831565158,True,True,True,False,False,True
43,dirichlet_a0.1,no_attack,4,2,False,0.32918510194856904,0.5893476113300643,0.6163951364416318,True,True,True,False,False,True
43,dirichlet_a0.1,no_attack,4,3,False,0.25333116521817434,-0.20539251919991325,0.6390616063026993,True,True,True,False,False,True
43,dirichlet_a0.1,no_attack,4,4,False,0.13769584697562395,-0.4623587867947284,0.5464307459547224,True,True,True,False,False,True
43,dirichlet_a0.1,no_attack,5,0,False,0.34258519400530013,0.6421444967182546,0.642678269277254,True,True,True,False,False,True
43,dirichlet_a0.1,no_attack,5,1,False,0.29405034011415226,-0.06897419393226845,0.6211650954798162,True,True,True,False,False,True
43,dirichlet_a0.1,no_attack,5,2,False,0.31797944563965047,0.597340112907593,0.6201692047377326,True,True,True,False,False,True
43,dirichlet_a0.1,no_attack,5,3,False,0.2606313068767574,-0.09299316262678642,0.6725549915397631,True,True,True,False,False,True
43,dirichlet_a0.1,no_attack,5,4,False,0.13011212508741457,-0.46792837404305043,0.5158907420836355,True,True,True,False,False,False
43,dirichlet_a0.1,no_attack,6,0,False,0.326261365934525,0.5513065202117747,0.6534023794449222,True,True,True,False,False,True
43,dirichlet_a0.1,no_attack,6,1,False,0.3022583232934783,0.030173615620295944,0.6115400243803332,True,True,True,False,False,True
43,dirichlet_a0.1,no_attack,6,2,False,0.30794463435858094,0.5722028647848972,0.6087523506232104,True,True,True,False,False,True
43,dirichlet_a0.1,no_attack,6,3,False,0.25746261361466416,-0.13168665013434977,0.6441510824678945,True,True,True,False,False,True
43,dirichlet_a0.1,no_attack,6,4,False,0.13214505801576812,-0.3655292951351131,0.5459966169925252,True,True,True,False,False,True
43,dirichlet_a0.1,no_attack,7,0,False,0.3263518793182958,0.5958509490576819,0.6458448534639387,True,True,True,False,False,True
43,dirichlet_a0.1,no_attack,7,1,False,0.29306726584370174,-0.09904011709587877,0.625957816573189,True,True,True,False,False,True
43,dirichlet_a0.1,no_attack,7,2,False,0.30042980696328386,0.6423057096048049,0.6023975037522711,True,True,True,False,False,True
43,dirichlet_a0.1,no_attack,7,3,False,0.2606194561636092,-0.07945180348988086,0.6215143376254049,True,True,True,False,False,True
43,dirichlet_a0.1,no_attack,7,4,False,0.147646395436799,-0.4650573955717302,0.5373350975590488,True,True,True,False,False,True
43,dirichlet_a0.1,no_attack,8,0,False,0.3167981330649779,0.5634064633965385,0.6495350066295167,True,True,True,False,False,True
43,dirichlet_a0.1,no_attack,8,1,False,0.2961499837832848,-0.16043291902677415,0.6374164356380562,True,True,True,False,False,True
43,dirichlet_a0.1,no_attack,8,2,False,0.298399216197143,0.7037414887866247,0.6285523546374164,True,True,True,False,True,True
43,dirichlet_a0.1,no_attack,8,3,False,0.27137693114903516,-0.03847949567859724,0.5804953129780901,True,True,True,False,False,True
43,dirichlet_a0.1,no_attack,8,4,False,0.13288928415521487,-0.5253097811184347,0.4993648644889709,True,True,True,False,False,False
43,dirichlet_a0.1,no_attack,9,0,False,0.3155703536393599,0.5832226990533388,0.6301466275659824,True,True,True,False,False,True
43,dirichlet_a0.1,no_attack,9,1,False,0.2960967211263016,0.0003414093056097762,0.671622678396872,True,True,True,False,False,True
43,dirichlet_a0.1,no_attack,9,2,False,0.3082604196211015,0.602771610534292,0.6112609970674486,True,True,True,False,False,True
43,dirichlet_a0.1,no_attack,9,3,False,0.2804349729955426,-0.18248808996795066,0.6238318670576735,True,True,True,False,False,True
43,dirichlet_a0.1,no_attack,9,4,False,0.13610278694746028,-0.3473438523046828,0.5282600195503422,True,True,True,False,False,False
43,dirichlet_a0.1,no_attack,10,0,True,0.31107760731186535,0.5223202688598226,0.6467810439253381,True,True,True,False,False,True
43,dirichlet_a0.1,no_attack,10,1,False,0.2882547962561351,-0.04300811752214291,0.6330799895681979,True,True,True,False,False,True
43,dirichlet_a0.1,no_attack,10,2,False,0.30771115685414446,0.6361727576235596,0.5776424127267985,True,True,True,False,False,True
43,dirichlet_a0.1,no_attack,10,3,False,0.2796971595684821,-0.07931858614607105,0.6151317015014344,True,True,True,False,False,True
43,dirichlet_a0.1,no_attack,10,4,False,0.13151895712422318,-0.37984514125724694,0.5310811817741515,True,True,True,False,False,False
43,dirichlet_a0.1,no_attack,11,0,True,0.33089633158203724,0.5744574456764268,0.6401332289178124,True,True,True,False,False,True
43,dirichlet_a0.1,no_attack,11,1,False,0.29236036946757565,0.046382699355465025,0.6504227837310045,True,True,True,False,False,True
43,dirichlet_a0.1,no_attack,11,2,False,0.3069102860382948,0.5742752353051518,0.5943159626879727,True,True,True,False,False,True
43,dirichlet_a0.1,no_attack,11,3,False,0.27947706828498087,-0.15982461872924286,0.6500659205582926,True,True,True,False,False,True
43,dirichlet_a0.1,no_attack,11,4,False,0.13442665559854652,-0.3149358609263674,0.5282268856749175,True,True,True,False,False,False
43,dirichlet_a0.1,no_attack,12,0,True,0.3217320448363607,0.5520679634710083,0.6150787567546852,True,True,True,False,False,True
43,dirichlet_a0.1,no_attack,12,1,False,0.2888020337196035,-0.10531704186183853,0.6051623040662246,True,True,True,False,False,True
43,dirichlet_a0.1,no_attack,12,2,False,0.3083560109259568,0.6362795705586662,0.6225903499022727,True,True,True,False,False,True
43,dirichlet_a0.1,no_attack,12,3,False,0.2882057783477505,0.005752320268284127,0.611447514659104,True,True,True,False,False,True
43,dirichlet_a0.1,no_attack,12,4,False,0.12977389127502614,-0.25981892216973707,0.49178898555168055,True,True,True,False,False,False
43,dirichlet_a0.1,no_attack,13,0,True,0.33207090222547564,0.6345773509271583,0.6374587286031,True,True,True,False,False,True
43,dirichlet_a0.1,no_attack,13,1,False,0.29417060909613096,-0.0887170737719014,0.6558132011379963,True,True,True,False,False,True
43,dirichlet_a0.1,no_attack,13,2,False,0.31520973213310366,0.6758431268385394,0.5954499176950817,True,True,True,False,True,True
43,dirichlet_a0.1,no_attack,13,3,False,0.286879279114807,-0.0025328507307512886,0.582661731543241,True,True,True,False,False,True
43,dirichlet_a0.1,no_attack,13,4,False,0.13680880721034774,-0.38341362206066437,0.5128310037394026,True,True,True,False,False,False
43,dirichlet_a0.1,no_attack,14,0,True,0.3277379099767668,0.5581203881924508,0.621777272433142,True,True,True,False,False,True
43,dirichlet_a0.1,no_attack,14,1,False,0.2903102976187023,-0.09109807185513938,0.6440278432568846,True,True,True,False,False,True
43,dirichlet_a0.1,no_attack,14,2,False,0.3118516975001775,0.6520556432185158,0.5951080174159017,True,True,True,False,True,True
43,dirichlet_a0.1,no_attack,14,3,False,0.2884001015149469,-0.002321392935786789,0.5875370919881305,True,True,True,False,False,True
43,dirichlet_a0.1,no_attack,14,4,False,0.1305253713419866,-0.4567868654001502,0.48697967220388805,True,True,True,False,False,False
43,dirichlet_a0.1,no_attack,15,0,True,0.31489552961256567,0.616232479187055,0.5907719225816598,True,True,True,False,False,True
43,dirichlet_a0.1,no_attack,15,1,False,0.29750545781218374,0.018374630250207375,0.6307786067451073,True,True,True,False,False,True
43,dirichlet_a0.1,no_attack,15,2,False,0.32175624615777754,0.6294219342783574,0.634150177425221,True,True,True,False,False,True
43,dirichlet_a0.1,no_attack,15,3,False,0.29514458031578333,-0.03801091557098297,0.5912339162317045,True,True,True,False,False,True
43,dirichlet_a0.1,no_attack,15,4,False,0.14417641063074663,-0.2288373193494108,0.5022362458592591,True,True,True,False,False,False
43,dirichlet_a0.1,no_attack,16,0,True,0.3287717978312366,0.5820205733207123,0.6247569486844701,True,True,True,False,False,True
43,dirichlet_a0.1,no_attack,16,1,False,0.27231610070972284,-0.09980726860880558,0.6399646812387868,True,True,True,False,False,True
43,dirichlet_a0.1,no_attack,16,2,False,0.3180162144092947,0.6453468005995746,0.5691017199109516,True,True,True,False,False,True
43,dirichlet_a0.1,no_attack,16,3,False,0.3023572783039216,0.014926084361483223,0.5940127185113517,True,True,True,False,False,True
43,dirichlet_a0.1,no_attack,16,4,False,0.13057815550417395,-0.26562876848735395,0.4858490122958134,True,True,True,False,False,False
43,dirichlet_a0.1,no_attack,17,0,True,0.34714050317527995,0.5837651587263859,0.6063891020721413,True,True,True,False,False,True
43,dirichlet_a0.1,no_attack,17,1,False,0.29429787560259835,0.010614196336279965,0.6135360706062931,True,True,True,False,False,True
43,dirichlet_a0.1,no_attack,17,2,False,0.3471509807173758,0.6388468001404071,0.6210379892555641,True,True,True,False,False,True
43,dirichlet_a0.1,no_attack,17,3,False,0.3165459824709788,0.053204055302033246,0.6409919416730622,True,True,True,False,False,True
43,dirichlet_a0.1,no_attack,17,4,False,0.13116385503111047,-0.19257527043851533,0.47918265541059096,True,True,True,False,False,False
43,dirichlet_a0.1,no_attack,18,0,True,0.3391294433972197,0.6055788132634327,0.611761526508315,True,True,True,False,False,True
43,dirichlet_a0.1,no_attack,18,1,False,0.29222050295980656,0.0027317148635119604,0.6487177754828248,True,True,True,False,False,True
43,dirichlet_a0.1,no_attack,18,2,False,0.33178183011637946,0.6019254228385016,0.595691493982183,True,True,True,False,False,True
43,dirichlet_a0.1,no_attack,18,3,False,0.3420031856944121,0.12175746795108605,0.6281211091700528,True,True,True,False,False,True
43,dirichlet_a0.1,no_attack,18,4,False,0.14303941857574373,-0.13459771114186575,0.4853053306179965,True,True,True,False,False,False
43,dirichlet_a0.1,no_attack,19,0,True,0.35369010047839833,0.5762114706074709,0.6154374027430096,True,True,True,False,False,True
43,dirichlet_a0.1,no_attack,19,1,False,0.2911317215304301,-0.04292088865249099,0.6402288740902545,True,True,True,False,False,True
43,dirichlet_a0.1,no_attack,19,2,False,0.33917825966472864,0.6515757381110024,0.5824787605230856,True,True,True,False,True,True
43,dirichlet_a0.1,no_attack,19,3,False,0.35058002017562845,0.1323437970376566,0.6568531745648203,True,True,True,False,False,True
43,dirichlet_a0.1,no_attack,19,4,False,0.1481023818293217,-0.17337253859445598,0.4904941863274794,True,True,True,False,False,False
43,dirichlet_a0.1,no_attack,20,0,True,0.36389167757757745,0.5766686468999573,0.5995639278274072,True,True,True,False,False,True
43,dirichlet_a0.1,no_attack,20,1,False,0.28696803430643586,-0.02253624259084271,0.6164595176723986,True,True,True,False,False,True
43,dirichlet_a0.1,no_attack,20,2,False,0.3487770630746623,0.6104160889262705,0.555674234666855,True,True,True,False,False,True
43,dirichlet_a0.1,no_attack,20,3,False,0.367620273795986,0.21481023452916476,0.6266374774902016,True,True,True,False,False,True
43,dirichlet_a0.1,no_attack,20,4,False,0.1642497065988437,-0.08013454119903007,0.47466544260442783,True,True,True,False,False,False
43,dirichlet_a0.1,no_attack,21,0,True,0.37357490530205395,0.6244555281742679,0.6036319633080315,True,True,True,False,False,True
43,dirichlet_a0.1,no_attack,21,1,False,0.2895997265989761,0.0685602821654167,0.6161136638656884,True,True,True,False,False,True
43,dirichlet_a0.1,no_attack,21,2,False,0.3511641147627507,0.6009824569093992,0.544117522615149,True,True,True,False,False,True
43,dirichlet_a0.1,no_attack,21,3,False,0.37966329501873064,0.20056195607959762,0.6414494004552648,True,True,True,False,False,True
43,dirichlet_a0.1,no_attack,21,4,False,0.151871924738476,-0.01989906060380941,0.4486473221463448,True,True,True,False,False,False
43,dirichlet_a0.1,no_attack,22,0,True,0.3815057780069822,0.6111695778274284,0.6205475844610379,True,True,True,False,False,True
43,dirichlet_a0.1,no_attack,22,1,False,0.28429795084846776,0.09035780490155866,0.5631557039340113,True,True,True,False,False,True
43,dirichlet_a0.1,no_attack,22,2,False,0.3629832451975937,0.6244601756521672,0.5977981090241852,True,True,True,False,False,True
43,dirichlet_a0.1,no_attack,22,3,False,0.41561816698234333,0.21067205965628408,0.6580527876177612,True,True,True,False,False,True
43,dirichlet_a0.1,no_attack,22,4,False,0.155319213022876,-0.06483083544828361,0.4595003270555655,True,True,True,False,False,False
43,dirichlet_a0.1,no_attack,23,0,True,0.39031810219713475,0.6388632982225604,0.6282824055817996,True,True,True,False,False,True
43,dirichlet_a0.1,no_attack,23,1,False,0.273265057796597,0.07326677295278716,0.5781540467242337,True,True,True,False,False,True
43,dirichlet_a0.1,no_attack,23,2,False,0.3654430099105654,0.6119491530410731,0.5707019901658605,True,True,True,False,False,True
43,dirichlet_a0.1,no_attack,23,3,False,0.38249723977070316,0.18728141647615704,0.6635710319408342,True,True,True,False,False,True
43,dirichlet_a0.1,no_attack,23,4,False,0.1475608046698738,0.00372899771928524,0.46073184667755773,True,True,True,False,False,False
43,dirichlet_a0.1,no_attack,24,0,True,0.3851864279014275,0.6502583219073034,0.6721528784086418,True,True,True,False,True,True
43,dirichlet_a0.1,no_attack,24,1,False,0.28063762770874257,0.0976604766627711,0.571202740086945,True,True,True,False,False,True
43,dirichlet_a0.1,no_attack,24,2,False,0.3722523496123799,0.6347995264145896,0.5709475036227111,True,True,True,False,False,True
43,dirichlet_a0.1,no_attack,24,3,False,0.3833581382698249,0.165436550386941,0.6798758398103016,True,True,True,False,False,True
43,dirichlet_a0.1,no_attack,24,4,False,0.15089541327898634,0.04290026072519142,0.5326455671189566,True,True,True,False,False,True
43,dirichlet_a0.1,large_norm,0,0,False,0.5138344803748375,0.4529534504563702,0.5864723223059286,True,True,True,False,False,True
43,dirichlet_a0.1,large_norm,0,1,False,0.570774119904264,-0.12256513711801598,0.5533433157082027,False,True,True,False,False,True
43,dirichlet_a0.1,large_norm,0,2,False,0.5006634854950058,0.11409157973952662,0.5635752499493083,True,True,True,False,False,True
43,dirichlet_a0.1,large_norm,0,3,False,0.6335753785566085,0.08931067503954712,0.6303557780793286,False,True,True,False,False,True
43,dirichlet_a0.1,large_norm,0,4,False,0.5821226803671241,-0.006002078334851017,0.6720945830018873,False,True,True,False,False,True
43,dirichlet_a0.1,large_norm,1,0,False,0.410437461060134,0.438839814910801,0.57592082616179,True,True,True,False,False,True
43,dirichlet_a0.1,large_norm,1,1,False,0.42187511336709665,-0.3438519040660341,0.6125559380378658,True,True,True,False,False,True
43,dirichlet_a0.1,large_norm,1,2,False,0.45879317110482226,0.4273668610142669,0.6107487091222031,True,True,True,False,False,True
43,dirichlet_a0.1,large_norm,1,3,False,0.4223811398755896,-0.26378912839923446,0.6185628227194492,True,True,True,False,False,True
43,dirichlet_a0.1,large_norm,1,4,False,0.2937605034433477,-0.6544789109097753,0.5775215146299484,True,False,True,False,False,True
43,dirichlet_a0.1,large_norm,2,0,False,0.3871074854070278,0.5640537137291332,0.5854960794089652,True,True,True,False,False,True
43,dirichlet_a0.1,large_norm,2,1,False,0.35824281825244086,-0.10818883571753951,0.6465031953950052,True,True,True,False,False,True
43,dirichlet_a0.1,large_norm,2,2,False,0.40229387578279296,0.5861816551935074,0.6263246158727281,True,True,True,False,False,True
43,dirichlet_a0.1,large_norm,2,3,False,0.30716036672365005,-0.1840224232339086,0.6158455332457055,True,True,True,False,False,True
43,dirichlet_a0.1,large_norm,2,4,False,0.17274640418066298,-0.6224803022583688,0.593763314145855,True,False,True,False,False,True
43,dirichlet_a0.1,large_norm,3,0,False,0.3656266403636176,0.5790796867283683,0.6450781375865958,True,True,True,False,False,True
43,dirichlet_a0.1,large_norm,3,1,False,0.33192094165763336,-0.012877769291456415,0.6077457351019458,True,True,True,False,False,True
43,dirichlet_a0.1,large_norm,3,2,False,0.3581036396995575,0.6364546310218069,0.6441114870307717,True,True,True,False,False,True
43,dirichlet_a0.1,large_norm,3,3,False,0.2639140439223203,-0.1985613481140686,0.6236507169324955,True,True,True,False,False,True
43,dirichlet_a0.1,large_norm,3,4,False,0.156106603661915,-0.4422193749782676,0.5329645740472226,True,True,True,False,False,True
43,dirichlet_a0.1,large_norm,4,0,False,0.3295664552585231,0.5725712074881368,0.644976719627514,True,True,True,False,False,True
43,dirichlet_a0.1,large_norm,4,1,False,0.29102600994547934,-0.13072477458343704,0.6201315221043536,True,True,True,False,False,True
43,dirichlet_a0.1,large_norm,4,2,False,0.3313808606052841,0.5957652093860716,0.6176258820141122,True,True,True,False,False,True
43,dirichlet_a0.1,large_norm,4,3,False,0.25330499268273743,-0.20865327526527647,0.6725867613881822,True,True,True,False,False,True
43,dirichlet_a0.1,large_norm,4,4,False,0.1369999835416481,-0.4733387600662621,0.5549944799116786,True,True,True,False,False,True
43,dirichlet_a0.1,large_norm,5,0,False,0.3429106209651981,0.650996106597929,0.6649697527490964,True,True,True,False,True,True
43,dirichlet_a0.1,large_norm,5,1,False,0.29524174171296447,-0.06566505685365459,0.605462720622777,True,True,True,False,False,True
43,dirichlet_a0.1,large_norm,5,2,False,0.32104888925617875,0.6043940195961018,0.639899527356745,True,True,True,False,False,True
43,dirichlet_a0.1,large_norm,5,3,False,0.25676930418020705,-0.1101574904055616,0.6378095429836924,True,True,True,False,False,True
43,dirichlet_a0.1,large_norm,5,4,False,0.12915491627461434,-0.4848441120968837,0.5240204396636851,True,True,True,False,False,False
43,dirichlet_a0.1,large_norm,6,0,False,0.32507452173744406,0.5544541235518732,0.6537545565006075,True,True,True,False,False,True
43,dirichlet_a0.1,large_norm,6,1,False,0.30333684622696006,0.03327650254194486,0.614269744835966,True,True,True,False,False,True
43,dirichlet_a0.1,large_norm,6,2,False,0.30821920875867165,0.570265940441409,0.5965978128797084,True,True,True,False,False,True
43,dirichlet_a0.1,large_norm,6,3,False,0.25479789409765163,-0.15417840020169254,0.64228432563791,True,True,True,False,False,True
43,dirichlet_a0.1,large_norm,6,4,False,0.13169501640871292,-0.37857554650476527,0.5405783718104495,True,True,True,False,False,True
43,dirichlet_a0.1,large_norm,7,0,False,0.3267688695970197,0.6004562366221317,0.6081431238806538,True,True,True,False,False,True
43,dirichlet_a0.1,large_norm,7,1,False,0.29544694347339856,-0.09361319795925784,0.6333403193232481,True,True,True,False,False,True
43,dirichlet_a0.1,large_norm,7,2,False,0.30084693401176726,0.6379699409213677,0.5932058072628892,True,True,True,False,False,True
43,dirichlet_a0.1,large_norm,7,3,False,0.2620093593712471,-0.10716842895009222,0.6237187059406318,True,True,True,False,False,True
43,dirichlet_a0.1,large_norm,7,4,False,0.14772118988125915,-0.47837048975186514,0.5197957550584917,True,True,True,False,False,False
43,dirichlet_a0.1,large_norm,8,0,False,0.3172423451159468,0.5659738490086457,0.6362346772063355,True,True,True,False,False,True
43,dirichlet_a0.1,large_norm,8,1,False,0.29738598378910186,-0.16158360849896217,0.6490309831045716,True,True,True,False,False,True
43,dirichlet_a0.1,large_norm,8,2,False,0.29793618728100607,0.7020127185869638,0.6389739475821047,True,True,True,False,True,True
43,dirichlet_a0.1,large_norm,8,3,False,0.26701339631605964,-0.05845535057056896,0.6091061173777356,True,True,True,False,False,True
43,dirichlet_a0.1,large_norm,8,4,False,0.13341388671375706,-0.5421472728511176,0.48934130330571235,True,True,True,False,False,False
43,dirichlet_a0.1,large_norm,9,0,False,0.31667861276088755,0.5891730731956542,0.6224632053669171,True,True,True,False,False,True
43,dirichlet_a0.1,large_norm,9,1,False,0.29433910827454923,0.004254369475083179,0.6228000411688203,True,True,True,False,False,True
43,dirichlet_a0.1,large_norm,9,2,False,0.3092468397371595,0.6047437037132098,0.6214433414111549,True,True,True,False,False,True
43,dirichlet_a0.1,large_norm,9,3,False,0.27827928565188403,-0.19534134730124716,0.622818754268926,True,True,True,False,False,True
43,dirichlet_a0.1,large_norm,9,4,False,0.1343671757838649,-0.37806280602807746,0.49464337509473505,True,True,True,False,False,False
43,dirichlet_a0.1,large_norm,10,0,True,22738.722188210144,-0.0017253557309282552,0.8549189471674221,False,True,True,False,False,True
43,dirichlet_a0.1,large_norm,10,1,False,0.28750131977822585,-0.06948346641539985,0.3434921560153965,True,True,False,False,False,False
43,dirichlet_a0.1,large_norm,10,2,False,0.3045624563706559,0.625776859654995,0.2980814648804559,True,True,False,False,False,False
43,dirichlet_a0.1,large_norm,10,3,False,0.2811201426907357,-0.09037980963152731,0.336326542918304,True,True,False,False,False,False
43,dirichlet_a0.1,large_norm,10,4,False,0.12021718228223915,-0.35938908428593264,0.2910716259811262,True,True,False,False,False,False
43,dirichlet_a0.1,large_norm,11,0,True,22748.55771617125,-0.0028962841691214792,0.8716908516709485,False,True,True,False,False,True
43,dirichlet_a0.1,large_norm,11,1,False,0.30263660217248756,0.0487155302026834,0.33454512221127775,True,True,False,False,False,False
43,dirichlet_a0.1,large_norm,11,2,False,0.32229810269805864,0.5945758838956815,0.29310397351665873,True,True,False,False,False,False
43,dirichlet_a0.1,large_norm,11,3,False,0.24721838856241915,-0.16835046958017746,0.3246544878499548,True,True,False,False,False,False
43,dirichlet_a0.1,large_norm,11,4,False,0.10401009261014217,-0.4913266038922506,0.28828051220081846,True,True,False,False,False,False
43,dirichlet_a0.1,large_norm,12,0,True,22734.863167021613,0.0016525927635629974,0.8755237686067376,False,True,True,False,False,True
43,dirichlet_a0.1,large_norm,12,1,False,0.3077062116107463,0.15240069778625884,0.35852308625439105,True,True,False,False,False,False
43,dirichlet_a0.1,large_norm,12,2,False,0.3306524585733249,0.5826962092198985,0.29881978316358765,True,True,False,False,False,False
43,dirichlet_a0.1,large_norm,12,3,False,0.23469496482005553,-0.2293578717164568,0.28690136217746215,True,True,False,False,False,False
43,dirichlet_a0.1,large_norm,12,4,False,0.0988994665405261,-0.3578791503981974,0.27156612499684096,True,True,False,False,False,False
43,dirichlet_a0.1,large_norm,13,0,True,22736.815331067573,-0.0007526082705058968,0.870997162545602,False,True,True,False,False,True
43,dirichlet_a0.1,large_norm,13,1,False,0.3071664630383551,0.12463014088554752,0.3238650182407783,True,True,False,False,False,False
43,dirichlet_a0.1,large_norm,13,2,False,0.32257124946341104,0.5757223798277454,0.31144608836643695,True,True,False,False,False,False
43,dirichlet_a0.1,large_norm,13,3,False,0.25707395806500943,-0.05972087336628627,0.3117805026347791,True,True,False,False,False,False
43,dirichlet_a0.1,large_norm,13,4,False,0.10770946582459358,-0.18941881388003107,0.2836289014997973,True,True,False,False,False,False
43,dirichlet_a0.1,large_norm,14,0,True,22731.155487854146,0.0022690761368109615,0.8780418876145846,False,True,True,False,False,True
43,dirichlet_a0.1,large_norm,14,1,False,0.3164080490066548,0.13982545555380088,0.32278435483207957,True,True,False,False,False,False
43,dirichlet_a0.1,large_norm,14,2,False,0.3429657063516048,0.6190452600948019,0.3062338142804292,True,True,False,False,False,False
43,dirichlet_a0.1,large_norm,14,3,False,0.23945601092390276,-0.15687768986833417,0.30505199983557363,True,True,False,False,False,False
43,dirichlet_a0.1,large_norm,14,4,False,0.11256999388045802,-0.1596677248940467,0.2833323056685987,True,True,False,False,False,False
43,dirichlet_a0.1,large_norm,15,0,True,22688.996783549515,0.00391814307665037,0.8714313658873069,False,True,True,False,False,True
43,dirichlet_a0.1,large_norm,15,1,False,0.3146685881561541,0.15274276132421333,0.34196600467409993,True,True,False,False,False,False
43,dirichlet_a0.1,large_norm,15,2,False,0.33125031061164734,0.5985998023687206,0.31041583016750574,True,True,False,False,False,False
43,dirichlet_a0.1,large_norm,15,3,False,0.2565149144543601,-0.0724480635389166,0.31882715096107317,True,True,False,False,False,False
43,dirichlet_a0.1,large_norm,15,4,False,0.1105327067101584,-0.22670685340579513,0.2891713253235321,True,True,False,False,False,False
43,dirichlet_a0.1,large_norm,16,0,True,22774.326316456165,0.007890050575395137,0.8851318284700557,False,True,True,False,False,True
43,dirichlet_a0.1,large_norm,16,1,False,0.30429031314326765,0.026770849860111322,0.3074162435513142,True,True,False,False,False,False
43,dirichlet_a0.1,large_norm,16,2,False,0.3155665588053309,0.5884131509589231,0.30281805020289143,True,True,False,False,False,False
43,dirichlet_a0.1,large_norm,16,3,False,0.26173835951578023,-0.11230422884815111,0.29724108399094634,True,True,False,False,False,False
43,dirichlet_a0.1,large_norm,16,4,False,0.11507528596506897,-0.43513494887457616,0.2800258966986807,True,True,False,False,False,False
43,dirichlet_a0.1,large_norm,17,0,True,22720.714067210618,0.0014003959208748553,0.8805679414405503,False,True,True,False,False,True
43,dirichlet_a0.1,large_norm,17,1,False,0.2943817694300463,0.05160650333766971,0.32019499525700923,True,True,False,False,False,False
43,dirichlet_a0.1,large_norm,17,2,False,0.3155652969494814,0.5552312724492446,0.29424804573562013,True,True,False,False,False,False
43,dirichlet_a0.1,large_norm,17,3,False,0.2747746566250235,-0.15798818879838614,0.3154824407887061,True,True,False,False,False,False
43,dirichlet_a0.1,large_norm,17,4,False,0.1109749991831515,-0.47114000570381576,0.2919095230123825,True,True,False,False,False,False
43,dirichlet_a0.1,large_norm,18,0,True,22747.934935598074,-0.0008751837223188567,0.8803645258570273,False,True,True,False,False,True
43,dirichlet_a0.1,large_norm,18,1,False,0.29897315715289063,0.08491836171879333,0.32144691541352427,True,True,False,False,False,False
43,dirichlet_a0.1,large_norm,18,2,False,0.3430130213597495,0.6379333035878997,0.3081280925960771,True,True,False,False,False,False
43,dirichlet_a0.1,large_norm,18,3,False,0.28445938400092213,0.050449421941733456,0.29884712595161694,True,True,False,False,False,False
43,dirichlet_a0.1,large_norm,18,4,False,0.10458815723560853,-0.4122649217307356,0.28758791491006364,True,True,False,False,False,False
43,dirichlet_a0.1,large_norm,19,0,True,22772.93623135597,-0.002104548188919778,0.8749528625964057,False,True,True,False,False,True
43,dirichlet_a0.1,large_norm,19,1,False,0.3062359287174545,0.16807548063315977,0.3324413817329001,True,True,False,False,False,False
43,dirichlet_a0.1,large_norm,19,2,False,0.3653898239700426,0.6410970410875495,0.3038128348047091,True,True,False,False,False,False
43,dirichlet_a0.1,large_norm,19,3,False,0.3075367488358191,0.05850834857122814,0.31367940366664426,True,True,False,False,False,False
43,dirichlet_a0.1,large_norm,19,4,False,0.08413747688854839,-0.08594738465393943,0.29924631811677677,True,True,False,False,False,False
43,dirichlet_a0.1,large_norm,20,0,True,22720.42954470313,-0.002115592940264076,0.8774520404065367,False,True,True,False,False,True
43,dirichlet_a0.1,large_norm,20,1,False,0.2935319348861143,0.06273886723954411,0.31857217880201416,True,True,False,False,False,False
43,dirichlet_a0.1,large_norm,20,2,False,0.35368616012576,0.6465407484619782,0.30276585009216067,True,True,False,False,False,False
43,dirichlet_a0.1,large_norm,20,3,False,0.3203969372670777,0.07519902262199123,0.320909661940214,True,True,False,False,False,False
43,dirichlet_a0.1,large_norm,20,4,False,0.0996684457431701,-0.29563842574779114,0.2949038748674225,True,True,False,False,False,False
43,dirichlet_a0.1,large_norm,21,0,True,22756.37802228918,-0.00075373611088742,0.8658744680413643,False,True,True,False,False,True
43,dirichlet_a0.1,large_norm,21,1,False,0.3134398536841758,0.18364718150458875,0.33385415595896467,True,True,False,False,False,False
43,dirichlet_a0.1,large_norm,21,2,False,0.3648121901038116,0.6054976121646125,0.31343413992311014,True,True,False,False,False,False
43,dirichlet_a0.1,large_norm,21,3,False,0.32363096326381446,0.10350882258261442,0.3497409592730413,True,True,False,False,False,False
43,dirichlet_a0.1,large_norm,21,4,False,0.10099016455272489,-0.11765656970776636,0.3074875105363788,True,True,False,False,False,False
43,dirichlet_a0.1,large_norm,22,0,True,22677.955975826397,-0.003198402167597346,0.8644660652282063,False,True,True,False,False,True
43,dirichlet_a0.1,large_norm,22,1,False,0.30831262467641574,0.12287325800598523,0.34314303738389657,True,True,False,False,False,False
43,dirichlet_a0.1,large_norm,22,2,False,0.37104272443704245,0.6181843090207899,0.30631305230873385,True,True,False,False,False,False
43,dirichlet_a0.1,large_norm,22,3,False,0.3211382513393964,0.09999041149448658,0.34220959395210715,True,True,False,False,False,False
43,dirichlet_a0.1,large_norm,22,4,False,0.10073472797490528,-0.08774605586965596,0.3200531344722711,True,True,False,False,False,False
43,dirichlet_a0.1,large_norm,23,0,True,22742.376588965606,-0.00032180707920435316,0.8471749750620252,False,True,True,False,False,True
43,dirichlet_a0.1,large_norm,23,1,False,0.29350107975938605,0.08913168077497788,0.34592423971148684,True,True,False,False,False,False
43,dirichlet_a0.1,large_norm,23,2,False,0.385569770841729,0.6402888382184776,0.328183748113666,True,True,False,False,False,False
43,dirichlet_a0.1,large_norm,23,3,False,0.3495051445704252,0.15531673740173924,0.3816661124894493,True,True,True,False,False,False
43,dirichlet_a0.1,large_norm,23,4,False,0.10331462654591174,-0.17663640082620083,0.3368749520423562,True,True,False,False,False,False
43,dirichlet_a0.1,large_norm,24,0,True,22720.354468149348,0.0023918983232416075,0.8443639185960952,False,True,True,False,False,True
43,dirichlet_a0.1,large_norm,24,1,False,0.286359220211498,0.127034559125208,0.34375913475591935,True,True,False,False,False,False
43,dirichlet_a0.1,large_norm,24,2,False,0.3786272028685802,0.6529112424003536,0.3444042375187735,True,True,False,False,True,False
43,dirichlet_a0.1,large_norm,24,3,False,0.35745722333111446,0.1789836210864467,0.3799504077251056,True,True,True,False,False,False
43,dirichlet_a0.1,large_norm,24,4,False,0.10979984764025018,-0.09449174094132816,0.3330595006501426,True,True,False,False,False,False
43,dirichlet_a0.1,low_norm,0,0,False,0.5141915577960029,0.45225951545159826,0.5898969103377284,True,True,True,False,False,True
43,dirichlet_a0.1,low_norm,0,1,False,0.5706448648911865,-0.12129431973001482,0.5500158948818481,False,True,True,False,False,True
43,dirichlet_a0.1,low_norm,0,2,False,0.5009417005742959,0.11366764599755338,0.5607638626076689,True,True,True,False,False,True
43,dirichlet_a0.1,low_norm,0,3,False,0.63381394935824,0.09014977869315807,0.6183487488457288,False,True,True,False,False,True
43,dirichlet_a0.1,low_norm,0,4,False,0.5821578073242948,-0.004592749998704126,0.6665253788280173,False,True,True,False,False,True
43,dirichlet_a0.1,low_norm,1,0,False,0.40996435053238367,0.4438744963938894,0.5881483460219937,True,True,True,False,False,True
43,dirichlet_a0.1,low_norm,1,1,False,0.4214435883931642,-0.34942737289932085,0.6072035973465117,True,True,True,False,False,True
43,dirichlet_a0.1,low_norm,1,2,False,0.45869385837338505,0.4294348139663231,0.6383687280174525,True,True,True,False,False,True
43,dirichlet_a0.1,low_norm,1,3,False,0.42279369185776705,-0.2608541160923068,0.6132852499888696,True,True,True,False,False,True
43,dirichlet_a0.1,low_norm,1,4,False,0.29411040511424263,-0.6573891283432325,0.5824228663015895,True,False,True,False,False,True
43,dirichlet_a0.1,low_norm,2,0,False,0.38674978090588497,0.5715429230212732,0.5855659598390752,True,True,True,False,False,True
43,dirichlet_a0.1,low_norm,2,1,False,0.35768188261838596,-0.11088528910546654,0.6442349923578292,True,True,True,False,False,True
43,dirichlet_a0.1,low_norm,2,2,False,0.40353157075891893,0.590697094494493,0.6134642750478734,True,True,True,False,False,True
43,dirichlet_a0.1,low_norm,2,3,False,0.3084549642331782,-0.1748658721163946,0.6116635336694717,True,True,True,False,False,True
43,dirichlet_a0.1,low_norm,2,4,False,0.17287853181370694,-0.6202998796648054,0.5916796964213559,True,False,True,False,False,True
43,dirichlet_a0.1,low_norm,3,0,False,0.3662416486183893,0.5775721645429516,0.6398451709182483,True,True,True,False,False,True
43,dirichlet_a0.1,low_norm,3,1,False,0.3326461807918257,-0.004219500127494271,0.5997108613533554,True,True,True,False,False,True
43,dirichlet_a0.1,low_norm,3,2,False,0.3589237074191972,0.6360545263755885,0.6428111738096348,True,True,True,False,False,True
43,dirichlet_a0.1,low_norm,3,3,False,0.26452438937780015,-0.198117698312611,0.629286946789162,True,True,True,False,False,True
43,dirichlet_a0.1,low_norm,3,4,False,0.15781310532981244,-0.4318210529680297,0.5591381802919367,True,True,True,False,False,True
43,dirichlet_a0.1,low_norm,4,0,False,0.33161017517050717,0.5770035448696631,0.6380225304906433,True,True,True,False,False,True
43,dirichlet_a0.1,low_norm,4,1,False,0.29281834288411096,-0.13005032466187846,0.6394935294665302,True,True,True,False,False,True
43,dirichlet_a0.1,low_norm,4,2,False,0.3331967184634307,0.5909924967204429,0.6365887719951587,True,True,True,False,False,True
43,dirichlet_a0.1,low_norm,4,3,False,0.25293266339845866,-0.19645639275027765,0.6291779163951216,True,True,True,False,False,True
43,dirichlet_a0.1,low_norm,4,4,False,0.13733761918289009,-0.46765455243034776,0.5599013127269342,True,True,True,False,False,True
43,dirichlet_a0.1,low_norm,5,0,False,0.3428553159217609,0.6424728602750279,0.6520294600589586,True,True,True,False,False,True
43,dirichlet_a0.1,low_norm,5,1,False,0.2954382990289112,-0.05516267987824113,0.6239521418077414,True,True,True,False,False,True
43,dirichlet_a0.1,low_norm,5,2,False,0.32226991501228414,0.6023063272639249,0.6304049317751894,True,True,True,False,False,True
43,dirichlet_a0.1,low_norm,5,3,False,0.2591291060769,-0.07718952302051693,0.6437906300112348,True,True,True,False,False,True
43,dirichlet_a0.1,low_norm,5,4,False,0.12934966449406216,-0.460843912107078,0.5143603383873786,True,True,True,False,False,False
43,dirichlet_a0.1,low_norm,6,0,False,0.3273192101582119,0.5557733413572157,0.6690724712693256,True,True,True,False,False,True
43,dirichlet_a0.1,low_norm,6,1,False,0.30360201022964695,0.04112102618436507,0.6263047416395894,True,True,True,False,False,True
43,dirichlet_a0.1,low_norm,6,2,False,0.3111113377096694,0.5770337667976083,0.5957385628432584,True,True,True,False,False,True
43,dirichlet_a0.1,low_norm,6,3,False,0.2628732516958731,-0.12255602573119927,0.6460783468000881,True,True,True,False,False,True
43,dirichlet_a0.1,low_norm,6,4,False,0.13208300830964825,-0.35226877367951576,0.5476512254267667,True,True,True,False,False,True
43,dirichlet_a0.1,low_norm,7,0,False,0.32780719735423763,0.5968943612327617,0.6499259601146176,True,True,True,False,False,True
43,dirichlet_a0.1,low_norm,7,1,False,0.29460992580460743,-0.09440423150798774,0.6535029519798458,True,True,True,False,False,True
43,dirichlet_a0.1,low_norm,7,2,False,0.30627290555836617,0.6475123364196383,0.5882228504394316,True,True,True,False,False,True
43,dirichlet_a0.1,low_norm,7,3,False,0.2594935503410653,-0.06874517446841066,0.613059866535895,True,True,True,False,False,True
43,dirichlet_a0.1,low_norm,7,4,False,0.1461723041085439,-0.4763073935584932,0.5019038827669763,True,True,True,False,False,False
43,dirichlet_a0.1,low_norm,8,0,False,0.3163596862066258,0.5606791249621366,0.647832220445782,True,True,True,False,False,True
43,dirichlet_a0.1,low_norm,8,1,False,0.2951912813630099,-0.14403859324357574,0.652543966895514,True,True,True,False,False,True
43,dirichlet_a0.1,low_norm,8,2,False,0.2999992045058901,0.7055994828993435,0.5913853098843224,True,True,True,False,True,True
43,dirichlet_a0.1,low_norm,8,3,False,0.26776050425658293,-0.038245004681639765,0.6122260885921189,True,True,True,False,False,True
43,dirichlet_a0.1,low_norm,8,4,False,0.1346913298269796,-0.5051024679465159,0.5140411925138719,True,True,True,False,False,False
43,dirichlet_a0.1,low_norm,9,0,False,0.3182449239813114,0.5884112297657751,0.6211180723822027,True,True,True,False,False,True
43,dirichlet_a0.1,low_norm,9,1,False,0.2951461459962197,0.02009193074178848,0.6497311490602284,True,True,True,False,False,True
43,dirichlet_a0.1,low_norm,9,2,False,0.31143732287526754,0.6100265649921012,0.6251822104663622,True,True,True,False,False,True
43,dirichlet_a0.1,low_norm,9,3,False,0.2771645673941431,-0.17191614729149188,0.6513143287414687,True,True,True,False,False,True
43,dirichlet_a0.1,low_norm,9,4,False,0.13565618752105443,-0.3347311719519917,0.5099672745175646,True,True,True,False,False,False
43,dirichlet_a0.1,low_norm,10,0,True,0.003143708779744244,0.5368557898742485,0.642795819335573,True,True,True,True,False,True
43,dirichlet_a0.1,low_norm,10,1,False,0.291415903458596,-0.018371854917665766,0.6148749533407988,True,True,True,False,False,True
43,dirichlet_a0.1,low_norm,10,2,False,0.31156167903364074,0.6402394606503015,0.5816069428891377,True,True,True,False,False,True
43,dirichlet_a0.1,low_norm,10,3,False,0.27327008033173894,-0.09232294032919741,0.5936356849570735,True,True,True,False,False,True
43,dirichlet_a0.1,low_norm,10,4,False,0.12860240466008227,-0.38481489112130146,0.5124953340798806,True,True,True,False,False,False
43,dirichlet_a0.1,low_norm,11,0,True,0.003565119881225633,0.6729556741260253,0.7039499027093231,True,True,True,True,True,True
43,dirichlet_a0.1,low_norm,11,1,False,0.28080396115611894,-0.01372818723918983,0.6244283555406299,True,True,True,False,False,True
43,dirichlet_a0.1,low_norm,11,2,False,0.3212674962431561,0.6135436325290539,0.6096026391948085,True,True,True,False,False,True
43,dirichlet_a0.1,low_norm,11,3,False,0.27155154917155383,-0.14904594531492057,0.6319745562656184,True,True,True,False,False,True
43,dirichlet_a0.1,low_norm,11,4,False,0.11015569797610537,-0.4819739074286959,0.49801961617099455,True,True,True,False,False,False
43,dirichlet_a0.1,low_norm,12,0,True,0.0037116553631122815,0.7180113791014714,0.6899996191056601,True,True,True,True,True,True
43,dirichlet_a0.1,low_norm,12,1,False,0.2730051861098797,-0.16769401750948504,0.5948903024301059,True,True,True,False,False,True
43,dirichlet_a0.1,low_norm,12,2,False,0.3352345015066349,0.6899341619021865,0.6264283537746629,True,True,True,False,True,True
43,dirichlet_a0.1,low_norm,12,3,False,0.279518357251513,0.044753194018734795,0.6224860973565933,True,True,True,False,False,True
43,dirichlet_a0.1,low_norm,12,4,False,0.09320110082591054,-0.4626931755536645,0.4566923135522206,True,True,True,False,False,False
43,dirichlet_a0.1,low_norm,13,0,True,0.003882129360653119,0.7894422226079532,0.7137119679499317,True,True,True,True,True,True
43,dirichlet_a0.1,low_norm,13,1,False,0.2737351404685217,-0.151596852818393,0.6088516388786462,True,True,True,False,False,True
43,dirichlet_a0.1,low_norm,13,2,False,0.3473679738731969,0.7278454695566979,0.6321417537845191,True,True,True,False,True,True
43,dirichlet_a0.1,low_norm,13,3,False,0.2756302351536927,0.038585681707048285,0.5998026768185125,True,True,True,False,False,True
43,dirichlet_a0.1,low_norm,13,4,False,0.09655765878332502,-0.5686802505326943,0.47946543356287935,True,False,True,False,False,False
43,dirichlet_a0.1,low_norm,14,0,True,0.003914754945238396,0.7449719506771817,0.6996042495149175,True,True,True,True,True,True
43,dirichlet_a0.1,low_norm,14,1,False,0.2720457646143206,-0.12209735336353872,0.5854417612817705,True,True,True,False,False,True
43,dirichlet_a0.1,low_norm,14,2,False,0.35018773268976633,0.7159518896772992,0.6265152825005283,True,True,True,False,True,True
43,dirichlet_a0.1,low_norm,14,3,False,0.2661885324966737,0.02306284754763262,0.5763356578871535,True,True,True,False,False,True
43,dirichlet_a0.1,low_norm,14,4,False,0.08975465759374886,-0.5962572931755344,0.46515090388642344,True,False,True,False,False,False
43,dirichlet_a0.1,low_norm,15,0,True,0.0038655687515042675,0.8174166326553445,0.6966761924854715,True,True,True,True,True,True
43,dirichlet_a0.1,low_norm,15,1,False,0.26979471018298734,-0.11057004159864971,0.6399432286771898,True,True,True,False,False,True
43,dirichlet_a0.1,low_norm,15,2,False,0.3553662150309595,0.6960682017202457,0.5784441588829858,True,True,True,False,True,True
43,dirichlet_a0.1,low_norm,15,3,False,0.2713727257436096,-0.023022253491477178,0.5687105621511728,True,True,True,False,False,True
43,dirichlet_a0.1,low_norm,15,4,False,0.09162917112289883,-0.527784189544483,0.47053069679126946,True,True,True,False,False,False
43,dirichlet_a0.1,low_norm,16,0,True,0.004003531633296565,0.7873085773420766,0.7285670416794617,True,True,True,True,True,True
43,dirichlet_a0.1,low_norm,16,1,False,0.25302385257144994,-0.14691161995241905,0.6174683379395699,True,True,True,False,False,True
43,dirichlet_a0.1,low_norm,16,2,False,0.3531701901177145,0.7181988956550535,0.6168262564789742,True,True,True,False,True,True
43,dirichlet_a0.1,low_norm,16,3,False,0.266380173669959,0.003635029185308044,0.571936387407759,True,True,True,False,False,True
43,dirichlet_a0.1,low_norm,16,4,False,0.07713852769009251,-0.5492037449501349,0.45648269636991334,True,False,True,False,False,False
43,dirichlet_a0.1,low_norm,17,0,True,0.004170292628385816,0.7884006260760904,0.7438094304479953,True,True,True,True,True,True
43,dirichlet_a0.1,low_norm,17,1,False,0.26773336987805674,-0.0955621896775531,0.5752377217919812,True,True,True,False,False,True
43,dirichlet_a0.1,low_norm,17,2,False,0.3781975682038134,0.7091859344452563,0.661758651112636,True,True,True,False,True,True
43,dirichlet_a0.1,low_norm,17,3,False,0.273089241090357,0.032345908167931946,0.6398294284874032,True,True,True,False,False,True
43,dirichlet_a0.1,low_norm,17,4,False,0.07779877933842629,-0.4807605940636038,0.4680913635918047,True,True,True,False,False,False
43,dirichlet_a0.1,low_norm,18,0,True,0.004143264818501847,0.8237757276857156,0.7526563367387684,True,True,True,True,True,True
43,dirichlet_a0.1,low_norm,18,1,False,0.2605282817704764,-0.10756873472533696,0.5980969818560757,True,True,True,False,False,True
43,dirichlet_a0.1,low_norm,18,2,False,0.3696728318703892,0.7113216857154157,0.6253761723429329,True,True,True,False,True,True
43,dirichlet_a0.1,low_norm,18,3,False,0.28349250937478293,0.09315715426128275,0.5949220385862737,True,True,True,False,False,True
43,dirichlet_a0.1,low_norm,18,4,False,0.07365579375342383,-0.4829647007082144,0.462032158474469,True,True,True,False,False,False
43,dirichlet_a0.1,low_norm,19,0,True,0.004177428409174014,0.7822805875501431,0.7276338649540282,True,True,True,True,True,True
43,dirichlet_a0.1,low_norm,19,1,False,0.2606140262378373,-0.14962162044988345,0.5687040037480235,True,True,True,False,False,True
43,dirichlet_a0.1,low_norm,19,2,False,0.3685834059615639,0.7544003322808823,0.6209616022800476,True,True,True,False,True,True
43,dirichlet_a0.1,low_norm,19,3,False,0.2729690082367224,0.0759576519405948,0.590655318484393,True,True,True,False,False,True
43,dirichlet_a0.1,low_norm,19,4,False,0.08004498587290602,-0.5521145816993595,0.4890877857379897,True,False,True,False,False,False
43,dirichlet_a0.1,low_norm,20,0,True,0.004241735783549107,0.792998571620819,0.7037174438293096,True,True,True,True,True,True
43,dirichlet_a0.1,low_norm,20,1,False,0.26350444312838545,-0.13919646440909766,0.5757757357837262,True,True,True,False,False,True
43,dirichlet_a0.1,low_norm,20,2,False,0.3715234512326932,0.717904136994547,0.6464908776135304,True,True,True,False,True,True
43,dirichlet_a0.1,low_norm,20,3,False,0.2829657419624792,0.11948411425649962,0.5981869375796663,True,True,True,False,False,True
43,dirichlet_a0.1,low_norm,20,4,False,0.0896524725019941,-0.5536854148667677,0.4722903943838822,True,False,True,False,False,False
43,dirichlet_a0.1,low_norm,21,0,True,0.004250947613371284,0.8228458336512844,0.7029061624649859,True,True,True,True,True,True
43,dirichlet_a0.1,low_norm,21,1,False,0.26516833206679363,-0.08278121007127909,0.6026785714285714,True,True,True,False,False,True
43,dirichlet_a0.1,low_norm,21,2,False,0.37028336618426244,0.7105301766922814,0.6254182228446934,True,True,True,False,True,True
43,dirichlet_a0.1,low_norm,21,3,False,0.26158994048955836,0.04231363579556184,0.6264394646747588,True,True,True,False,False,True
43,dirichlet_a0.1,low_norm,21,4,False,0.07812662040088406,-0.5100685367538141,0.4908769063180828,True,True,True,False,False,False
43,dirichlet_a0.1,low_norm,22,0,True,0.0042197775663063725,0.792760838925502,0.7482294514922849,True,True,True,True,True,True
43,dirichlet_a0.1,low_norm,22,1,False,0.26122833389230904,-0.07547282697028909,0.5458120368312738,True,True,True,False,False,True
43,dirichlet_a0.1,low_norm,22,2,False,0.3762741963136231,0.7318368525935627,0.667813215586624,True,True,True,False,True,True
43,dirichlet_a0.1,low_norm,22,3,False,0.2862888639221863,0.0377057075663848,0.5760248891293636,True,True,True,False,False,True
43,dirichlet_a0.1,low_norm,22,4,False,0.08252797652790678,-0.601270059012387,0.4756471077015237,True,False,True,False,False,False
43,dirichlet_a0.1,low_norm,23,0,True,0.004303558902852137,0.8076214302272176,0.7212260036994795,True,True,True,True,True,True
43,dirichlet_a0.1,low_norm,23,1,False,0.2565470139464503,-0.09088607062372568,0.6117079903008463,True,True,True,False,False,True
43,dirichlet_a0.1,low_norm,23,2,False,0.3684236795522241,0.6909583147328976,0.6217330049166658,True,True,True,False,True,True
43,dirichlet_a0.1,low_norm,23,3,False,0.27484997999919375,0.009677361717368336,0.6009737490296054,True,True,True,False,False,True
43,dirichlet_a0.1,low_norm,23,4,False,0.07391395899723385,-0.5441464520499951,0.46208033429494244,True,False,True,False,False,False
43,dirichlet_a0.1,low_norm,24,0,True,0.004306589669444944,0.8225495806803637,0.7472959302777994,True,True,True,True,True,True
43,dirichlet_a0.1,low_norm,24,1,False,0.2559947217635747,-0.10818307436852737,0.5898762742199051,True,True,True,False,False,True
43,dirichlet_a0.1,low_norm,24,2,False,0.37434085642891896,0.7118166434646968,0.6270620963349156,True,True,True,False,True,True
43,dirichlet_a0.1,low_norm,24,3,False,0.2813782888980746,0.0455445253376305,0.6013053458874795,True,True,True,False,False,True
43,dirichlet_a0.1,low_norm,24,4,False,0.06756173843977101,-0.4260699065247992,0.48167457785386353,True,True,True,False,False,False
43,dirichlet_a0.1,full_sign_flip,0,0,False,0.5138417631422562,0.4529957528747552,0.5864177311933617,True,True,True,False,False,True
43,dirichlet_a0.1,full_sign_flip,0,1,False,0.5707741284350032,-0.12255209724680804,0.5533277182474693,False,True,True,False,False,True
43,dirichlet_a0.1,full_sign_flip,0,2,False,0.5006635152101391,0.11418009427736195,0.5635752499493083,True,True,True,False,False,True
43,dirichlet_a0.1,full_sign_flip,0,3,False,0.6335753742611026,0.08951379043286942,0.6303635768096953,False,True,True,False,False,True
43,dirichlet_a0.1,full_sign_flip,0,4,False,0.5821226381822547,-0.005767334115763538,0.672102381732254,False,True,True,False,False,True
43,dirichlet_a0.1,full_sign_flip,1,0,False,0.4105179980570387,0.43928229536240493,0.5742957716174231,True,True,True,False,False,True
43,dirichlet_a0.1,full_sign_flip,1,1,False,0.42186425476831024,-0.34359724453213675,0.6131283834376157,True,True,True,False,False,True
43,dirichlet_a0.1,full_sign_flip,1,2,False,0.45879580539574427,0.4271698390029622,0.6109595407561688,True,True,True,False,False,True
43,dirichlet_a0.1,full_sign_flip,1,3,False,0.4223636489066009,-0.26404967071820984,0.6209344957871091,True,True,True,False,False,True
43,dirichlet_a0.1,full_sign_flip,1,4,False,0.293771169944192,-0.6544706707673328,0.5777900181597542,True,False,True,False,False,True
43,dirichlet_a0.1,full_sign_flip,2,0,False,0.38703223691385763,0.5644694437220571,0.5864021634571756,True,True,True,False,False,True
43,dirichlet_a0.1,full_sign_flip,2,1,False,0.3582949441298244,-0.10695108631336214,0.6456340635606295,True,True,True,False,False,True
43,dirichlet_a0.1,full_sign_flip,2,2,False,0.40250066432735243,0.5859842562435073,0.6305061981596094,True,True,True,False,False,True
43,dirichlet_a0.1,full_sign_flip,2,3,False,0.3071209544773503,-0.18269086482875124,0.6098789407771747,True,True,True,False,False,True
43,dirichlet_a0.1,full_sign_flip,2,4,False,0.17274232180322383,-0.6211106912407998,0.5948690491315317,True,False,True,False,False,True
43,dirichlet_a0.1,full_sign_flip,3,0,False,0.36552257611081873,0.5791551650138506,0.6490150316101976,True,True,True,False,False,True
43,dirichlet_a0.1,full_sign_flip,3,1,False,0.33128981180108713,-0.011260599627923095,0.6142035750373331,True,True,True,False,False,True
43,dirichlet_a0.1,full_sign_flip,3,2,False,0.3579343476742972,0.6360890644629054,0.639295007645465,True,True,True,False,False,True
43,dirichlet_a0.1,full_sign_flip,3,3,False,0.2636557702532148,-0.20077124822550843,0.6193810303046562,True,True,True,False,False,True
43,dirichlet_a0.1,full_sign_flip,3,4,False,0.15626338152799768,-0.44032123953912533,0.5330901091826059,True,True,True,False,False,True
43,dirichlet_a0.1,full_sign_flip,4,0,False,0.3297941543032043,0.5714477233225064,0.6393010505329346,True,True,True,False,False,True
43,dirichlet_a0.1,full_sign_flip,4,1,False,0.29099289515695126,-0.13180313565715476,0.6343359404953608,True,True,True,False,False,True
43,dirichlet_a0.1,full_sign_flip,4,2,False,0.33123431919101454,0.5991951188011235,0.6117053906908979,True,True,True,False,False,True
43,dirichlet_a0.1,full_sign_flip,4,3,False,0.25529713505817603,-0.2048865407304673,0.6741910129591289,True,True,True,False,False,True
43,dirichlet_a0.1,full_sign_flip,4,4,False,0.13703960893932512,-0.47139384547068114,0.5563607085346216,True,True,True,False,False,True
43,dirichlet_a0.1,full_sign_flip,5,0,False,0.34309545055366547,0.6499576832833138,0.6664224617755916,True,True,True,False,True,True
43,dirichlet_a0.1,full_sign_flip,5,1,False,0.29409618445376345,-0.0687753532245688,0.6079655195379771,True,True,True,False,False,True
43,dirichlet_a0.1,full_sign_flip,5,2,False,0.32051489691861024,0.6090213538653755,0.6295062938260564,True,True,True,False,False,True
43,dirichlet_a0.1,full_sign_flip,5,3,False,0.2574271630121637,-0.10681933273259632,0.6573837093137208,True,True,True,False,False,True
43,dirichlet_a0.1,full_sign_flip,5,4,False,0.12855500158955038,-0.48467900504038824,0.5165218880526722,True,True,True,False,False,False
43,dirichlet_a0.1,full_sign_flip,6,0,False,0.32575331407084773,0.5556133126347577,0.6557183944715479,True,True,True,False,False,True
43,dirichlet_a0.1,full_sign_flip,6,1,False,0.301910628674156,0.023746371419170253,0.623060084615158,True,True,True,False,False,True
43,dirichlet_a0.1,full_sign_flip,6,2,False,0.3084369497182617,0.5709037467458039,0.5911478016746341,True,True,True,False,False,True
43,dirichlet_a0.1,full_sign_flip,6,3,False,0.2556910426017003,-0.1412953464246436,0.6443218517173344,True,True,True,False,False,True
43,dirichlet_a0.1,full_sign_flip,6,4,False,0.13114342204362853,-0.38295181198474215,0.5321920430339737,True,True,True,False,False,True
43,dirichlet_a0.1,full_sign_flip,7,0,False,0.326406463984723,0.6018415762484771,0.6294059377374277,True,True,True,False,False,True
43,dirichlet_a0.1,full_sign_flip,7,1,False,0.2941736871248174,-0.09650058664026116,0.6309158580097904,True,True,True,False,False,True
43,dirichlet_a0.1,full_sign_flip,7,2,False,0.30083658612113884,0.6385530155658152,0.5985150847767338,True,True,True,False,False,True
43,dirichlet_a0.1,full_sign_flip,7,3,False,0.264259973135897,-0.09380240993329464,0.6130564825589783,True,True,True,False,False,True
43,dirichlet_a0.1,full_sign_flip,7,4,False,0.14688567270428166,-0.4777936856399566,0.5199703786341473,True,True,True,False,False,False
43,dirichlet_a0.1,full_sign_flip,8,0,False,0.3169673218674876,0.5670450010990553,0.6627534374271732,True,True,True,False,False,True
43,dirichlet_a0.1,full_sign_flip,8,1,False,0.2937433877417177,-0.1627854577851468,0.6357201118620368,True,True,True,False,False,True
43,dirichlet_a0.1,full_sign_flip,8,2,False,0.29807270804366603,0.7065079764824325,0.6232230249359124,True,True,True,False,True,True
43,dirichlet_a0.1,full_sign_flip,8,3,False,0.2691949219214865,-0.046787663155308204,0.5947622931717549,True,True,True,False,False,True
43,dirichlet_a0.1,full_sign_flip,8,4,False,0.13285642369166817,-0.5338417968052303,0.5059718014448846,True,True,True,False,False,False
43,dirichlet_a0.1,full_sign_flip,9,0,False,0.3170652906406706,0.5919822432655636,0.6243009945580784,True,True,True,False,False,True
43,dirichlet_a0.1,full_sign_flip,9,1,False,0.29313239659018503,0.0019399643481761977,0.6344154625633327,True,True,True,False,False,True
43,dirichlet_a0.1,full_sign_flip,9,2,False,0.30872872095831166,0.6070807383587308,0.6073090636141866,True,True,True,False,False,True
43,dirichlet_a0.1,full_sign_flip,9,3,False,0.27994743086645973,-0.18756095047924248,0.6389754175267405,True,True,True,False,False,True
43,dirichlet_a0.1,full_sign_flip,9,4,False,0.13329756098002754,-0.3769043389764383,0.5001595045974855,True,True,True,False,False,False
43,dirichlet_a0.1,full_sign_flip,10,0,True,0.3134779693201975,-0.5424410193007324,0.7122041893188359,True,True,True,False,False,True
43,dirichlet_a0.1,full_sign_flip,10,1,False,0.2896187581564828,-0.041541611880547405,0.6841921170450912,True,True,True,False,False,True
43,dirichlet_a0.1,full_sign_flip,10,2,False,0.3088092750630199,0.6392081774878104,0.4929045410937,True,True,True,False,False,False
43,dirichlet_a0.1,full_sign_flip,10,3,False,0.27605284659186424,-0.09846232572270726,0.6144467540773905,True,True,True,False,False,True
43,dirichlet_a0.1,full_sign_flip,10,4,False,0.1289462289592878,-0.40518293247739223,0.6156060121522225,True,True,True,False,False,True
43,dirichlet_a0.1,full_sign_flip,11,0,True,0.47385015915607764,-0.8506712357445652,0.5844615196975241,True,False,True,False,False,True
43,dirichlet_a0.1,full_sign_flip,11,1,False,0.29928296442650687,0.17772216145484837,0.6540431759970728,True,True,True,False,False,True
43,dirichlet_a0.1,full_sign_flip,11,2,False,0.37946515311087536,0.6864241885042924,0.5527808269301134,True,True,True,False,True,True
43,dirichlet_a0.1,full_sign_flip,11,3,False,0.264974800267447,0.04038082966305618,0.5569988209944302,True,True,True,False,False,True
43,dirichlet_a0.1,full_sign_flip,11,4,False,0.08872239755779278,-0.03225787883971713,0.6069845916168638,True,True,True,False,False,True
43,dirichlet_a0.1,full_sign_flip,12,0,True,0.514210366038088,-0.8691901524651854,0.5333708842246729,True,False,True,False,False,True
43,dirichlet_a0.1,full_sign_flip,12,1,False,0.33364511615339704,0.23147893073219056,0.6736135815644887,True,True,True,False,False,True
43,dirichlet_a0.1,full_sign_flip,12,2,False,0.39925852482158075,0.7103644033249521,0.5907249298391241,True,True,True,False,True,True
43,dirichlet_a0.1,full_sign_flip,12,3,False,0.2700172137264782,0.15941915868743695,0.5534112020237955,True,True,True,False,False,True
43,dirichlet_a0.1,full_sign_flip,12,4,False,0.11100420011889692,0.26042956202279477,0.6059033953911221,True,True,True,False,False,True
43,dirichlet_a0.1,full_sign_flip,13,0,True,0.5296496148992024,-0.8944740137377801,0.5169013547760142,True,False,True,False,False,False
43,dirichlet_a0.1,full_sign_flip,13,1,False,0.3250489836100013,0.17551891868810138,0.6692517291972333,True,True,True,False,False,True
43,dirichlet_a0.1,full_sign_flip,13,2,False,0.4149823452480304,0.7263984657531668,0.6054857948590918,True,True,True,False,True,True
43,dirichlet_a0.1,full_sign_flip,13,3,False,0.26512572677415247,0.14850515480866858,0.516177283207256,True,True,True,False,False,False
43,dirichlet_a0.1,full_sign_flip,13,4,False,0.12304415150298958,0.13218024673264236,0.5950153388845487,True,True,True,False,False,True
43,dirichlet_a0.1,full_sign_flip,14,0,True,0.535511654967965,-0.8712267905664044,0.5293886222362105,True,False,True,False,False,False
43,dirichlet_a0.1,full_sign_flip,14,1,False,0.3288929239153964,0.1990620671989137,0.7127134314265481,True,True,True,False,False,True
43,dirichlet_a0.1,full_sign_flip,14,2,False,0.4196293533500729,0.7136766006998583,0.5781631127547407,True,True,True,False,True,True
43,dirichlet_a0.1,full_sign_flip,14,3,False,0.25615248057322026,0.1391181669384071,0.5338146195609411,True,True,True,False,False,True
43,dirichlet_a0.1,full_sign_flip,14,4,False,0.11848275041089137,0.1594388776749254,0.615361161381698,True,True,True,False,False,True
43,dirichlet_a0.1,full_sign_flip,15,0,True,0.5487544453802372,-0.8945567452306121,0.5210730162364299,False,False,True,False,False,False
43,dirichlet_a0.1,full_sign_flip,15,1,False,0.34177400621025256,0.24134963040632665,0.7025451700913895,True,True,True,False,False,True
43,dirichlet_a0.1,full_sign_flip,15,2,False,0.4331462396820063,0.708696084701578,0.5491671913456585,True,True,True,False,True,True
43,dirichlet_a0.1,full_sign_flip,15,3,False,0.26106133868910947,0.12028832255111736,0.529391563161811,True,True,True,False,False,False
43,dirichlet_a0.1,full_sign_flip,15,4,False,0.126940620312335,0.2522649678844028,0.6283651002613856,True,True,True,False,False,True
43,dirichlet_a0.1,full_sign_flip,16,0,True,0.5637638857590017,-0.8790233482698737,0.48631642578447,False,False,True,False,False,False
43,dirichlet_a0.1,full_sign_flip,16,1,False,0.3344649042279601,0.24574825687064228,0.6850762946273196,True,True,True,False,False,True
43,dirichlet_a0.1,full_sign_flip,16,2,False,0.44606329492928587,0.7307961408560267,0.5405561356267516,True,True,True,False,True,True
43,dirichlet_a0.1,full_sign_flip,16,3,False,0.2625612587840819,0.1310484641256623,0.5315711380996868,True,True,True,False,False,False
43,dirichlet_a0.1,full_sign_flip,16,4,False,0.12375708104047968,0.28832404480117435,0.6028557820886227,True,True,True,False,False,True
43,dirichlet_a0.1,full_sign_flip,17,0,True,0.5744120088473296,-0.8669883974465171,0.48738998453578725,False,False,True,False,False,False
43,dirichlet_a0.1,full_sign_flip,17,1,False,0.34769751884437233,0.2364804123890265,0.709711907443823,True,True,True,False,False,True
43,dirichlet_a0.1,full_sign_flip,17,2,False,0.4634314397197966,0.6927611873003466,0.5769869604230703,True,True,True,False,True,True
43,dirichlet_a0.1,full_sign_flip,17,3,False,0.26772651183068014,0.13078989420494733,0.5358731552721511,True,True,True,False,False,True
43,dirichlet_a0.1,full_sign_flip,17,4,False,0.12337883698087318,0.2827841597455043,0.6228354875045342,True,True,True,False,False,True
43,dirichlet_a0.1,full_sign_flip,18,0,True,0.5721322824336269,-0.8795925389153807,0.4989251043564605,False,False,True,False,False,False
43,dirichlet_a0.1,full_sign_flip,18,1,False,0.341946576495174,0.2385329781361631,0.6862461559225304,True,True,True,False,False,True
43,dirichlet_a0.1,full_sign_flip,18,2,False,0.4563016962086576,0.6989492975952414,0.5603243003537998,True,True,True,False,True,True
43,dirichlet_a0.1,full_sign_flip,18,3,False,0.2948292738664479,0.16836107929979213,0.5450540339917672,True,True,True,False,False,True
43,dirichlet_a0.1,full_sign_flip,18,4,False,0.1341628298773112,0.2992529986807169,0.62159817219539,True,True,True,False,False,True
43,dirichlet_a0.1,full_sign_flip,19,0,True,0.5674611484663956,-0.8636747926156959,0.4968070924498224,False,False,True,False,False,False
43,dirichlet_a0.1,full_sign_flip,19,1,False,0.3410893215654078,0.18423690088445882,0.7150155217257549,True,True,True,False,False,True
43,dirichlet_a0.1,full_sign_flip,19,2,False,0.4477394767258309,0.7181627821793068,0.5720944541293383,True,True,True,False,True,True
43,dirichlet_a0.1,full_sign_flip,19,3,False,0.2739675859141479,0.12310164276064452,0.4799243024545768,True,True,True,False,False,False
43,dirichlet_a0.1,full_sign_flip,19,4,False,0.14152002517646906,0.18047042382889417,0.5963791962263095,True,True,True,False,False,True
43,dirichlet_a0.1,full_sign_flip,20,0,True,0.5868897690438014,-0.8568943269157933,0.4905753403876057,False,False,True,False,False,False
43,dirichlet_a0.1,full_sign_flip,20,1,False,0.3634704409835973,0.2477470583124497,0.684975537603823,True,True,True,False,False,True
43,dirichlet_a0.1,full_sign_flip,20,2,False,0.46693954149791855,0.7009093578343226,0.5803371638790913,True,True,True,False,True,True
43,dirichlet_a0.1,full_sign_flip,20,3,False,0.29474797408595116,0.16319539659649734,0.5316114840520347,True,True,True,False,False,False
43,dirichlet_a0.1,full_sign_flip,20,4,False,0.13291446447845337,0.20641585103138224,0.6148594834452156,True,True,True,False,False,True
43,dirichlet_a0.1,full_sign_flip,21,0,True,0.5957320003873148,-0.8617063003382284,0.5210646924026089,False,False,True,False,False,False
43,dirichlet_a0.1,full_sign_flip,21,1,False,0.3588022458284999,0.24103084721353082,0.7118576451705679,True,True,True,False,False,True
43,dirichlet_a0.1,full_sign_flip,21,2,False,0.4721564113270355,0.7087698881045716,0.5584161355265477,True,True,True,False,True,True
43,dirichlet_a0.1,full_sign_flip,21,3,False,0.29439826590610857,0.146124271573648,0.5403620102609776,True,True,True,False,False,True
43,dirichlet_a0.1,full_sign_flip,21,4,False,0.13805475580040832,0.30661116926848564,0.589115570523347,True,True,True,False,False,True
43,dirichlet_a0.1,full_sign_flip,22,0,True,0.5998596242159718,-0.8450455232541692,0.5174679673286107,False,False,True,False,False,False
43,dirichlet_a0.1,full_sign_flip,22,1,False,0.3579535994084588,0.25765731090200106,0.690541168273139,True,True,True,False,False,True
43,dirichlet_a0.1,full_sign_flip,22,2,False,0.48608721221642354,0.7096429758674764,0.5501683892695389,True,True,True,False,True,True
43,dirichlet_a0.1,full_sign_flip,22,3,False,0.324917937060097,0.13495921667502167,0.5109162698873534,True,True,True,False,False,False
43,dirichlet_a0.1,full_sign_flip,22,4,False,0.14231297245392133,0.2640396200464052,0.6179499090310843,True,True,True,False,False,True
43,dirichlet_a0.1,full_sign_flip,23,0,True,0.601199620929368,-0.8375545427739727,0.5363915592240575,False,False,True,False,False,True
43,dirichlet_a0.1,full_sign_flip,23,1,False,0.36081543592437526,0.2578999835800731,0.661635060569544,True,True,True,False,False,True
43,dirichlet_a0.1,full_sign_flip,23,2,False,0.4822862634276858,0.6736777570839172,0.5241779847602135,True,True,True,False,True,False
43,dirichlet_a0.1,full_sign_flip,23,3,False,0.31073238948339305,0.0799987391320776,0.5248394023684186,True,True,True,False,False,False
43,dirichlet_a0.1,full_sign_flip,23,4,False,0.14036559417902697,0.3128202693979689,0.5961275358116862,True,True,True,False,False,True
43,dirichlet_a0.1,full_sign_flip,24,0,True,0.615662632242718,-0.827499308143288,0.519129991634535,False,False,True,False,False,False
43,dirichlet_a0.1,full_sign_flip,24,1,False,0.36291238439261825,0.24648423948278736,0.6771892037423437,True,True,True,False,False,True
43,dirichlet_a0.1,full_sign_flip,24,2,False,0.49522042163160324,0.6732353347523092,0.5362840027307955,True,True,True,False,True,True
43,dirichlet_a0.1,full_sign_flip,24,3,False,0.33872163373984976,0.08197835670936279,0.548312964547736,True,True,True,False,False,True
43,dirichlet_a0.1,full_sign_flip,24,4,False,0.14966055903770273,0.39765167623645487,0.598553832248387,True,True,True,False,False,True
43,dirichlet_a0.1,directional_poisoning,0,0,False,0.5141898308263353,0.45225883803755923,0.5898714824177654,True,True,True,False,False,True
43,dirichlet_a0.1,directional_poisoning,0,1,False,0.5706448681774948,-0.1212943352651949,0.5500068118859842,False,True,True,False,False,True
43,dirichlet_a0.1,directional_poisoning,0,2,False,0.5009370039737141,0.11369728274282571,0.5607922980275806,True,True,True,False,False,True
43,dirichlet_a0.1,directional_poisoning,0,3,False,0.6338139294634484,0.09014974761272943,0.6183527345937845,False,True,True,False,False,True
43,dirichlet_a0.1,directional_poisoning,0,4,False,0.5821577955687387,-0.004592648811309209,0.6665506123128624,False,True,True,False,False,True
43,dirichlet_a0.1,directional_poisoning,1,0,False,0.40998077780170006,0.44398708212233995,0.5859652559502079,True,True,True,False,False,True
43,dirichlet_a0.1,directional_poisoning,1,1,False,0.4214399705689725,-0.3494547603234908,0.608635258710499,True,True,True,False,False,True
43,dirichlet_a0.1,directional_poisoning,1,2,False,0.4586965619664904,0.42945023218878803,0.6360957019598066,True,True,True,False,False,True
43,dirichlet_a0.1,directional_poisoning,1,3,False,0.42276724943876165,-0.26070353683544695,0.6165510609311975,True,True,True,False,False,True
43,dirichlet_a0.1,directional_poisoning,1,4,False,0.2941097233001669,-0.6574452269313134,0.5844693563179499,True,False,True,False,False,True
43,dirichlet_a0.1,directional_poisoning,2,0,False,0.38677488190718784,0.5726203095659104,0.5886372407985685,True,True,True,False,False,True
43,dirichlet_a0.1,directional_poisoning,2,1,False,0.35797189758557457,-0.10928951549567179,0.6555647170274728,True,True,True,False,False,True
43,dirichlet_a0.1,directional_poisoning,2,2,False,0.40169124863017786,0.5874166194736403,0.5987421493982668,True,True,True,False,False,True
43,dirichlet_a0.1,directional_poisoning,2,3,False,0.3079511614512281,-0.17483344572286644,0.6002157819023894,True,True,True,False,False,True
43,dirichlet_a0.1,directional_poisoning,2,4,False,0.17289042301202628,-0.6202398656218221,0.59133890038946,True,False,True,False,False,True
43,dirichlet_a0.1,directional_poisoning,3,0,False,0.36631723107353303,0.5791346038896563,0.6440976263863152,True,True,True,False,False,True
43,dirichlet_a0.1,directional_poisoning,3,1,False,0.33223401696523064,-0.007049436034601343,0.6219352075165986,True,True,True,False,False,True
43,dirichlet_a0.1,directional_poisoning,3,2,False,0.3567760115142345,0.634857664101137,0.6331374721805771,True,True,True,False,False,True
43,dirichlet_a0.1,directional_poisoning,3,3,False,0.26453134118698235,-0.19783611641181795,0.6310888452262337,True,True,True,False,False,True
43,dirichlet_a0.1,directional_poisoning,3,4,False,0.15688819915102192,-0.4337523272005783,0.5551499688049987,True,True,True,False,False,True
43,dirichlet_a0.1,directional_poisoning,4,0,False,0.3310558002099878,0.5741701927625887,0.6426179802451683,True,True,True,False,False,True
43,dirichlet_a0.1,directional_poisoning,4,1,False,0.2924358054915694,-0.12451207460424529,0.6408322327424245,True,True,True,False,False,True
43,dirichlet_a0.1,directional_poisoning,4,2,False,0.3294387982738447,0.5908616783420655,0.5979835934448186,True,True,True,False,False,True
43,dirichlet_a0.1,directional_poisoning,4,3,False,0.25285800456721785,-0.20387275380165118,0.6313826522070723,True,True,True,False,False,True
43,dirichlet_a0.1,directional_poisoning,4,4,False,0.13734711878278605,-0.4582382333415354,0.5700254841049871,True,True,True,False,False,True
43,dirichlet_a0.1,directional_poisoning,5,0,False,0.34176383811686334,0.6428708204675206,0.6600734153555635,True,True,True,False,False,True
43,dirichlet_a0.1,directional_poisoning,5,1,False,0.2931601304928988,-0.0697751860261106,0.6156966269401597,True,True,True,False,False,True
43,dirichlet_a0.1,directional_poisoning,5,2,False,0.319702556531965,0.5984815145424405,0.6302159105141966,True,True,True,False,False,True
43,dirichlet_a0.1,directional_poisoning,5,3,False,0.26084872138175996,-0.0869254788843211,0.6642933531162988,True,True,True,False,False,True
43,dirichlet_a0.1,directional_poisoning,5,4,False,0.12980544553869489,-0.469312240486241,0.5076450242309212,True,True,True,False,False,False
43,dirichlet_a0.1,directional_poisoning,6,0,False,0.32533215248958663,0.5486169906598871,0.6643756399074742,True,True,True,False,False,True
43,dirichlet_a0.1,directional_poisoning,6,1,False,0.30347479421465795,0.03889621783276833,0.6417466156004702,True,True,True,False,False,True
43,dirichlet_a0.1,directional_poisoning,6,2,False,0.30850065064973986,0.5726616088820047,0.5963653255470024,True,True,True,False,False,True
43,dirichlet_a0.1,directional_poisoning,6,3,False,0.25723857696275376,-0.12907755565425658,0.6400686360016685,True,True,True,False,False,True
43,dirichlet_a0.1,directional_poisoning,6,4,False,0.13275287063956773,-0.3490740256146125,0.546272420461871,True,True,True,False,False,True
43,dirichlet_a0.1,directional_poisoning,7,0,False,0.32545372787584864,0.5930134368644006,0.6554786142866774,True,True,True,False,False,True
43,dirichlet_a0.1,directional_poisoning,7,1,False,0.2941726879065439,-0.0912955616303482,0.6119752289778583,True,True,True,False,False,True
43,dirichlet_a0.1,directional_poisoning,7,2,False,0.30075528210155855,0.6388075600252311,0.6241777503828336,True,True,True,False,False,True
43,dirichlet_a0.1,directional_poisoning,7,3,False,0.26105481022449517,-0.08314051712397975,0.6149512188074853,True,True,True,False,False,True
43,dirichlet_a0.1,directional_poisoning,7,4,False,0.1484475382262891,-0.4523886513004758,0.5295335689726575,True,True,True,False,False,False
43,dirichlet_a0.1,directional_poisoning,8,0,False,0.3157237632651066,0.560227747077581,0.6593816532444692,True,True,True,False,False,True
43,dirichlet_a0.1,directional_poisoning,8,1,False,0.2955766756849286,-0.15076998123970087,0.6329075256873091,True,True,True,False,False,True
43,dirichlet_a0.1,directional_poisoning,8,2,False,0.29696697649974196,0.7034123200223326,0.6098028325465149,True,True,True,False,True,True
43,dirichlet_a0.1,directional_poisoning,8,3,False,0.27009785548375576,-0.034702621024321194,0.585624363602703,True,True,True,False,False,True
43,dirichlet_a0.1,directional_poisoning,8,4,False,0.1340816404304692,-0.5085575483288848,0.5172359529760252,True,True,True,False,False,False
43,dirichlet_a0.1,directional_poisoning,9,0,False,0.31526005815617036,0.5800198048822269,0.6317826419235367,True,True,True,False,False,True
43,dirichlet_a0.1,directional_poisoning,9,1,False,0.2932274468503885,0.005959823078230343,0.6365542513374224,True,True,True,False,False,True
43,dirichlet_a0.1,directional_poisoning,9,2,False,0.30920947327522974,0.6082983031116217,0.5976759224784934,True,True,True,False,False,True
43,dirichlet_a0.1,directional_poisoning,9,3,False,0.2823928708251681,-0.16301628102150278,0.6523289765044776,True,True,True,False,False,True
43,dirichlet_a0.1,directional_poisoning,9,4,False,0.13572547908393176,-0.3415307668181916,0.5258764280535361,True,True,True,False,False,False
43,dirichlet_a0.1,directional_poisoning,10,0,True,0.3127479278961298,-0.5347320290038874,0.7061129678816807,True,True,True,False,False,True
43,dirichlet_a0.1,directional_poisoning,10,1,False,0.2908856708075745,-0.03178720229941265,0.6930186515598507,True,True,True,False,False,True
43,dirichlet_a0.1,directional_poisoning,10,2,False,0.3083481505705088,0.6390488906285853,0.5011810367640572,True,True,True,False,False,False
43,dirichlet_a0.1,directional_poisoning,10,3,False,0.27685448576529526,-0.08965353039570106,0.602907016632526,True,True,True,False,False,True
43,dirichlet_a0.1,directional_poisoning,10,4,False,0.13070065639605152,-0.37767639058857855,0.6044653970929834,True,True,True,False,False,True
43,dirichlet_a0.1,directional_poisoning,11,0,True,0.47279665061840126,-0.8487486497719967,0.5872892831210629,True,False,True,False,False,True
43,dirichlet_a0.1,directional_poisoning,11,1,False,0.2995652642193592,0.1785148763000095,0.6579763329866358,True,True,True,False,False,True
43,dirichlet_a0.1,directional_poisoning,11,2,False,0.3797970721228588,0.6881711333022287,0.5725611790333026,True,True,True,False,True,True
43,dirichlet_a0.1,directional_poisoning,11,3,False,0.2641486447814507,0.04328589161142143,0.5740035716388328,True,True,True,False,False,True
43,dirichlet_a0.1,directional_poisoning,11,4,False,0.08804595790713693,-0.03609132844741186,0.618286005848068,True,True,True,False,False,True
43,dirichlet_a0.1,directional_poisoning,12,0,True,0.5144475521897343,-0.8704448928475534,0.5332605907463772,True,False,True,False,False,True
43,dirichlet_a0.1,directional_poisoning,12,1,False,0.3341972207895925,0.23386058344882799,0.6783341947587052,True,True,True,False,False,True
43,dirichlet_a0.1,directional_poisoning,12,2,False,0.4002201031631998,0.7111142371449027,0.568818315817684,True,True,True,False,True,True
43,dirichlet_a0.1,directional_poisoning,12,3,False,0.27039179729598484,0.1677673732889869,0.5721491605888321,True,True,True,False,False,True
43,dirichlet_a0.1,directional_poisoning,12,4,False,0.11048417343323579,0.2635048183020684,0.577939853366259,True,True,True,False,False,True
43,dirichlet_a0.1,directional_poisoning,13,0,True,0.5313612500671497,-0.893823200773012,0.5061444879909659,True,False,True,False,False,False
43,dirichlet_a0.1,directional_poisoning,13,1,False,0.3270572025427683,0.17481218960510492,0.7024834169995919,True,True,True,False,False,True
43,dirichlet_a0.1,directional_poisoning,13,2,False,0.4180664535831554,0.7277003417354376,0.568187209975422,True,True,True,False,True,True
43,dirichlet_a0.1,directional_poisoning,13,3,False,0.2651908402536236,0.15418437153038247,0.5243549473804079,True,True,True,False,False,False
43,dirichlet_a0.1,directional_poisoning,13,4,False,0.12248046616928093,0.13854083570976,0.6005276193549,True,True,True,False,False,True
43,dirichlet_a0.1,directional_poisoning,14,0,True,0.5386012751768963,-0.8716631126063051,0.5017502917152858,True,False,True,False,False,False
43,dirichlet_a0.1,directional_poisoning,14,1,False,0.33090071519599634,0.20728637523571433,0.7130470254527516,True,True,True,False,False,True
43,dirichlet_a0.1,directional_poisoning,14,2,False,0.425141825138534,0.7150764489574998,0.5937425885344034,True,True,True,False,True,True
43,dirichlet_a0.1,directional_poisoning,14,3,False,0.2554488107585642,0.13942417650701547,0.522810712354498,True,True,True,False,False,False
43,dirichlet_a0.1,directional_poisoning,14,4,False,0.11827628676789428,0.17150042368288354,0.5938374552940395,True,True,True,False,False,True
43,dirichlet_a0.1,directional_poisoning,15,0,True,0.5518524338393179,-0.8944508878659693,0.5176794837321861,False,False,True,False,False,False
43,dirichlet_a0.1,directional_poisoning,15,1,False,0.34368732878087765,0.2374277679650577,0.7420773633465217,True,True,True,False,False,True
43,dirichlet_a0.1,directional_poisoning,15,2,False,0.4403821274112469,0.7127160614705589,0.5503495563323474,True,True,True,False,True,True
43,dirichlet_a0.1,directional_poisoning,15,3,False,0.25962653947303266,0.12136277889346733,0.5151634463949603,True,True,True,False,False,False
43,dirichlet_a0.1,directional_poisoning,15,4,False,0.12650726497634937,0.25679644639905697,0.6066819037375638,True,True,True,False,False,True
43,dirichlet_a0.1,directional_poisoning,16,0,True,0.5682109560787673,-0.8790160744901576,0.4923756722599928,False,False,True,False,False,False
43,dirichlet_a0.1,directional_poisoning,16,1,False,0.3371694523215202,0.24863628969384738,0.7205612390800993,True,True,True,False,False,True
43,dirichlet_a0.1,directional_poisoning,16,2,False,0.45476083518136745,0.7368571238088523,0.5388319511452635,True,True,True,False,True,True
43,dirichlet_a0.1,directional_poisoning,16,3,False,0.2598058147833205,0.12810488035103285,0.5239891884910934,True,True,True,False,False,False
43,dirichlet_a0.1,directional_poisoning,16,4,False,0.12362646118871896,0.29657591106470144,0.5999464959456842,True,True,True,False,False,True
43,dirichlet_a0.1,directional_poisoning,17,0,True,0.5800536360370311,-0.8674406628047998,0.49682963538379377,False,False,True,False,False,False
43,dirichlet_a0.1,directional_poisoning,17,1,False,0.3500649263239131,0.239532276218951,0.690352964023887,True,True,True,False,False,True
43,dirichlet_a0.1,directional_poisoning,17,2,False,0.4699318447883542,0.7015163464211853,0.61259406709715,True,True,True,False,True,True
43,dirichlet_a0.1,directional_poisoning,17,3,False,0.265939340269311,0.13083168815921042,0.5346021265232801,True,True,True,False,False,True
43,dirichlet_a0.1,directional_poisoning,17,4,False,0.12438289596545558,0.28752054245843206,0.6300237898723116,True,True,True,False,False,True
43,dirichlet_a0.1,directional_poisoning,18,0,True,0.5769753644326505,-0.8817329275145975,0.4886726828351194,False,False,True,False,False,False
43,dirichlet_a0.1,directional_poisoning,18,1,False,0.34507430560460595,0.24389962631764084,0.672269223538259,True,True,True,False,False,True
43,dirichlet_a0.1,directional_poisoning,18,2,False,0.4640865934359808,0.7064097148551666,0.5771855611957135,True,True,True,False,True,True
43,dirichlet_a0.1,directional_poisoning,18,3,False,0.29447318169732734,0.16586564548165977,0.559860876104531,True,True,True,False,False,True
43,dirichlet_a0.1,directional_poisoning,18,4,False,0.13484857391886274,0.31285838848263825,0.6018142507990224,True,True,True,False,False,True
43,dirichlet_a0.1,directional_poisoning,19,0,True,0.5730749940996562,-0.861361879471712,0.5163496473605471,False,False,True,False,False,False
43,dirichlet_a0.1,directional_poisoning,19,1,False,0.3449492387868232,0.1951607812688257,0.6976626707338398,True,True,True,False,False,True
43,dirichlet_a0.1,directional_poisoning,19,2,False,0.4580972127746738,0.7208184644370156,0.590530222075424,True,True,True,False,True,True
43,dirichlet_a0.1,directional_poisoning,19,3,False,0.27623417280204504,0.13011919802844366,0.5131438341525967,True,True,True,False,False,False
43,dirichlet_a0.1,directional_poisoning,19,4,False,0.1409750873423776,0.20229212131726698,0.602809458120422,True,True,True,False,False,True
43,dirichlet_a0.1,directional_poisoning,20,0,True,0.5922642624048402,-0.8579958770776227,0.48538388015633427,False,False,True,False,False,False
43,dirichlet_a0.1,directional_poisoning,20,1,False,0.3665138601256945,0.25426049710190757,0.7016778491733777,True,True,True,False,False,True
43,dirichlet_a0.1,directional_poisoning,20,2,False,0.4743153150269763,0.7011272156548549,0.5538605672322586,True,True,True,False,True,True
43,dirichlet_a0.1,directional_poisoning,20,3,False,0.2977183663800441,0.15977248115875925,0.5116730228728791,True,True,True,False,False,False
43,dirichlet_a0.1,directional_poisoning,20,4,False,0.13397371122696702,0.2241217753390991,0.615078876891484,True,True,True,False,False,True
43,dirichlet_a0.1,directional_poisoning,21,0,True,0.5991138900934933,-0.8592044906939236,0.48755137490152156,False,False,True,False,False,False
43,dirichlet_a0.1,directional_poisoning,21,1,False,0.3644348601888156,0.25150309632105183,0.7411179558247036,True,True,True,False,False,True
43,dirichlet_a0.1,directional_poisoning,21,2,False,0.4785234857591931,0.7061093901984594,0.5678623295017703,True,True,True,False,True,True
43,dirichlet_a0.1,directional_poisoning,21,3,False,0.2994133421484956,0.1489347621625449,0.5284899338414664,True,True,True,False,False,False
43,dirichlet_a0.1,directional_poisoning,21,4,False,0.13913956667441646,0.32642291264327894,0.6079940770552333,True,True,True,False,False,True
43,dirichlet_a0.1,directional_poisoning,22,0,True,0.6024579516384619,-0.8399451700117825,0.5125538594985999,False,False,True,False,False,False
43,dirichlet_a0.1,directional_poisoning,22,1,False,0.3621335037963744,0.25800634629127867,0.7148958637790747,True,True,True,False,False,True
43,dirichlet_a0.1,directional_poisoning,22,2,False,0.4909068763019001,0.7065570323466358,0.573791048716329,True,True,True,False,True,True
43,dirichlet_a0.1,directional_poisoning,22,3,False,0.3293503445940806,0.12840903131748907,0.5094802145894421,True,True,True,False,False,False
43,dirichlet_a0.1,directional_poisoning,22,4,False,0.1433352290184778,0.2683994879264328,0.6073748621102553,True,True,True,False,False,True
43,dirichlet_a0.1,directional_poisoning,23,0,True,0.6051979690062331,-0.8356098718474276,0.5043493745269999,False,False,True,False,False,False
43,dirichlet_a0.1,directional_poisoning,23,1,False,0.3648981182263273,0.26210835177690045,0.7224591550549793,True,True,True,False,False,True
43,dirichlet_a0.1,directional_poisoning,23,2,False,0.4872987812141866,0.6723951926582414,0.5443885500600988,True,True,True,False,True,True
43,dirichlet_a0.1,directional_poisoning,23,3,False,0.31004878734931063,0.07629038480039602,0.5065574500289365,True,True,True,False,False,False
43,dirichlet_a0.1,directional_poisoning,23,4,False,0.14016740009888137,0.32216569008944057,0.5670391310154477,True,True,True,False,False,True
43,dirichlet_a0.1,directional_poisoning,24,0,True,0.6177725687389765,-0.8284170544464123,0.535536410184716,False,False,True,False,False,True
43,dirichlet_a0.1,directional_poisoning,24,1,False,0.36446309506049224,0.2515005036270557,0.6810373451234644,True,True,True,False,False,True
43,dirichlet_a0.1,directional_poisoning,24,2,False,0.49473066286061007,0.6710757232703843,0.5564196214808731,True,True,True,False,True,True
43,dirichlet_a0.1,directional_poisoning,24,3,False,0.3401368824948938,0.09083596211757179,0.5441256138266082,True,True,True,False,False,True
43,dirichlet_a0.1,directional_poisoning,24,4,False,0.15130418831978334,0.40861102697783996,0.5646855285462139,True,True,True,False,False,True
43,dirichlet_a0.1,sparse_coordinate_attack,0,0,False,0.5138417616062306,0.45298056133659853,0.5864209565848066,True,True,True,False,False,True
43,dirichlet_a0.1,sparse_coordinate_attack,0,1,False,0.570774057263405,-0.12254021702839134,0.5533467990360844,False,True,True,False,False,True
43,dirichlet_a0.1,sparse_coordinate_attack,0,2,False,0.5006634799516839,0.11420336872062166,0.5635552574730751,True,True,True,False,False,True
43,dirichlet_a0.1,sparse_coordinate_attack,0,3,False,0.6335763181381779,0.08943243965350318,0.6303586608124654,False,True,True,False,False,True
43,dirichlet_a0.1,sparse_coordinate_attack,0,4,False,0.5821225825857311,-0.005809685747588977,0.6720893415583301,False,True,True,False,False,True
43,dirichlet_a0.1,sparse_coordinate_attack,1,0,False,0.41051238586730215,0.4392435215826033,0.5751349304043177,True,True,True,False,False,True
43,dirichlet_a0.1,sparse_coordinate_attack,1,1,False,0.42188041676212107,-0.3436895773393699,0.6135093956323007,True,True,True,False,False,True
43,dirichlet_a0.1,sparse_coordinate_attack,1,2,False,0.4587958363395232,0.4271885525277525,0.6120029955840959,True,True,True,False,False,True
43,dirichlet_a0.1,sparse_coordinate_attack,1,3,False,0.42233965830977793,-0.26328003914815246,0.6200686918421981,True,True,True,False,False,True
43,dirichlet_a0.1,sparse_coordinate_attack,1,4,False,0.29377286614247156,-0.6544886453583412,0.5769340024618881,True,False,True,False,False,True
43,dirichlet_a0.1,sparse_coordinate_attack,2,0,False,0.3871067368070393,0.5642646476844726,0.5880388723039371,True,True,True,False,False,True
43,dirichlet_a0.1,sparse_coordinate_attack,2,1,False,0.35817712109954253,-0.10793051966933359,0.6451314344823832,True,True,True,False,False,True
43,dirichlet_a0.1,sparse_coordinate_attack,2,2,False,0.40237742196060483,0.5867135983100629,0.626865807072146,True,True,True,False,False,True
43,dirichlet_a0.1,sparse_coordinate_attack,2,3,False,0.30711512510177535,-0.18357776450814434,0.6091718311903963,True,True,True,False,False,True
43,dirichlet_a0.1,sparse_coordinate_attack,2,4,False,0.172740197018776,-0.6226816055126961,0.5944903681254367,True,False,True,False,False,True
43,dirichlet_a0.1,sparse_coordinate_attack,3,0,False,0.36574658666047566,0.578843912166379,0.6446335722787517,True,True,True,False,False,True
43,dirichlet_a0.1,sparse_coordinate_attack,3,1,False,0.33243459952631377,-0.009065737439854319,0.6179647577880992,True,True,True,False,False,True
43,dirichlet_a0.1,sparse_coordinate_attack,3,2,False,0.3581615660677554,0.6352797168876346,0.6387181070511272,True,True,True,False,False,True
43,dirichlet_a0.1,sparse_coordinate_attack,3,3,False,0.26343172633774525,-0.20261155063920355,0.6127204875560448,True,True,True,False,False,True
43,dirichlet_a0.1,sparse_coordinate_attack,3,4,False,0.1563842839998664,-0.43674565360423373,0.5421823681549297,True,True,True,False,False,True
43,dirichlet_a0.1,sparse_coordinate_attack,4,0,False,0.3300271430119796,0.5720122128943197,0.6536815967911375,True,True,True,False,False,True
43,dirichlet_a0.1,sparse_coordinate_attack,4,1,False,0.29127528564991695,-0.1357628041704168,0.6247827332632986,True,True,True,False,False,True
43,dirichlet_a0.1,sparse_coordinate_attack,4,2,False,0.3318438275309244,0.5979452695267096,0.6134180116512272,True,True,True,False,False,True
43,dirichlet_a0.1,sparse_coordinate_attack,4,3,False,0.2542288959076516,-0.20687540712070424,0.6691910992264349,True,True,True,False,False,True
43,dirichlet_a0.1,sparse_coordinate_attack,4,4,False,0.1370602148410397,-0.47439487966398713,0.558771846050998,True,True,True,False,False,True
43,dirichlet_a0.1,sparse_coordinate_attack,5,0,False,0.34283538758447923,0.6505162887553413,0.653127873122893,True,True,True,False,True,True
43,dirichlet_a0.1,sparse_coordinate_attack,5,1,False,0.29412844170965075,-0.06785214982955341,0.6021490959239963,True,True,True,False,False,True
43,dirichlet_a0.1,sparse_coordinate_attack,5,2,False,0.32024044521997264,0.6051782486042688,0.6254309684339565,True,True,True,False,False,True
43,dirichlet_a0.1,sparse_coordinate_attack,5,3,False,0.2570236438588644,-0.11090999809194228,0.6431294054551027,True,True,True,False,False,True
43,dirichlet_a0.1,sparse_coordinate_attack,5,4,False,0.1288689537885903,-0.4854134012412801,0.5269115844315048,True,True,True,False,False,False
43,dirichlet_a0.1,sparse_coordinate_attack,6,0,False,0.3255624757255914,0.5558594400318371,0.6612007899158012,True,True,True,False,False,True
43,dirichlet_a0.1,sparse_coordinate_attack,6,1,False,0.3027819322884023,0.022135370381678163,0.6264700392010454,True,True,True,False,False,True
43,dirichlet_a0.1,sparse_coordinate_attack,6,2,False,0.30783058138206704,0.5658405209017401,0.6060737058251378,True,True,True,False,False,True
43,dirichlet_a0.1,sparse_coordinate_attack,6,3,False,0.2557654545251499,-0.14546495281943925,0.639026163504711,True,True,True,False,False,True
43,dirichlet_a0.1,sparse_coordinate_attack,6,4,False,0.13140046519475346,-0.39343441319618905,0.523928357387776,True,True,True,False,False,False
43,dirichlet_a0.1,sparse_coordinate_attack,7,0,False,0.3259567832656431,0.5985505409754073,0.6315197565516525,True,True,True,False,False,True
43,dirichlet_a0.1,sparse_coordinate_attack,7,1,False,0.2939232207482885,-0.09872948920637917,0.6271630139963899,True,True,True,False,False,True
43,dirichlet_a0.1,sparse_coordinate_attack,7,2,False,0.3007521431158872,0.6392927790115202,0.6001436496460737,True,True,True,False,False,True
43,dirichlet_a0.1,sparse_coordinate_attack,7,3,False,0.26441080970494274,-0.0871993807015857,0.6254808010357895,True,True,True,False,False,True
43,dirichlet_a0.1,sparse_coordinate_attack,7,4,False,0.14748022847513928,-0.47484203971367334,0.5081889748896639,True,True,True,False,False,False
43,dirichlet_a0.1,sparse_coordinate_attack,8,0,False,0.31685932821190077,0.5683785763987553,0.6322632204744362,True,True,True,False,False,True
43,dirichlet_a0.1,sparse_coordinate_attack,8,1,False,0.2965671784455589,-0.16503334873435888,0.637730736993938,True,True,True,False,False,True
43,dirichlet_a0.1,sparse_coordinate_attack,8,2,False,0.29815526968253225,0.7052842428656545,0.6292711927177748,True,True,True,False,True,True
43,dirichlet_a0.1,sparse_coordinate_attack,8,3,False,0.26850504385819124,-0.0479084718343591,0.6090676958462468,True,True,True,False,False,True
43,dirichlet_a0.1,sparse_coordinate_attack,8,4,False,0.1328901202874517,-0.5344775034163516,0.5097557647700914,True,True,True,False,False,False
43,dirichlet_a0.1,sparse_coordinate_attack,9,0,False,0.31622410513847987,0.5934211140895007,0.6075037168208635,True,True,True,False,False,True
43,dirichlet_a0.1,sparse_coordinate_attack,9,1,False,0.29620278381353127,0.0037238342661890483,0.6414522589748203,True,True,True,False,False,True
43,dirichlet_a0.1,sparse_coordinate_attack,9,2,False,0.3078535110679706,0.6008977066081803,0.5962822321758317,True,True,True,False,False,True
43,dirichlet_a0.1,sparse_coordinate_attack,9,3,False,0.2783473088624625,-0.19438249536638927,0.638791299324817,True,True,True,False,False,True
43,dirichlet_a0.1,sparse_coordinate_attack,9,4,False,0.13535748019720054,-0.3678484943558603,0.5163776858173692,True,True,True,False,False,False
43,dirichlet_a0.1,sparse_coordinate_attack,10,0,True,19.655795323116596,0.0011443501650663602,0.019581958195819583,False,True,False,False,False,False
43,dirichlet_a0.1,sparse_coordinate_attack,10,1,False,0.2847252777155223,-0.02264946576429778,0.7146039603960396,True,True,True,False,False,True
43,dirichlet_a0.1,sparse_coordinate_attack,10,2,False,0.3074113179814288,0.6273681866319956,0.635437293729373,True,True,True,False,False,True
43,dirichlet_a0.1,sparse_coordinate_attack,10,3,False,0.270890475085342,-0.09732981936019795,0.7349697469746975,True,True,True,False,False,True
43,dirichlet_a0.1,sparse_coordinate_attack,10,4,False,0.128247813718594,-0.40125986399677865,0.6042629262926292,True,True,True,False,False,True
43,dirichlet_a0.1,sparse_coordinate_attack,11,0,True,24.59937736652035,0.010989279685146345,0.02272600055975371,False,True,False,False,False,False
43,dirichlet_a0.1,sparse_coordinate_attack,11,1,False,0.3173514360304828,0.10236782622298635,0.7767282395745871,True,True,True,False,False,True
43,dirichlet_a0.1,sparse_coordinate_attack,11,2,False,0.32570057981437145,0.6163771229630838,0.5031206269241534,True,True,True,False,False,False
43,dirichlet_a0.1,sparse_coordinate_attack,11,3,False,0.2523118253264336,-0.10296484101540099,0.6879792891127904,True,True,True,False,False,True
43,dirichlet_a0.1,sparse_coordinate_attack,11,4,False,0.10682341767770151,-0.39691659197670376,0.5667506297229219,True,True,True,False,False,True
43,dirichlet_a0.1,sparse_coordinate_attack,12,0,True,23.502120614241313,0.011555314242197526,0.020493693204936932,False,True,False,False,False,False
43,dirichlet_a0.1,sparse_coordinate_attack,12,1,False,0.31646010967427873,0.2028195139257567,0.7565712735657127,True,True,True,False,False,True
43,dirichlet_a0.1,sparse_coordinate_attack,12,2,False,0.31012304088717474,0.552212683904451,0.6182964871829649,True,True,True,False,False,True
43,dirichlet_a0.1,sparse_coordinate_attack,12,3,False,0.22190742987624631,-0.27655798804737797,0.6082598670825987,True,True,True,False,False,True
43,dirichlet_a0.1,sparse_coordinate_attack,12,4,False,0.11761434848176582,-0.2042585941529222,0.5642750576427505,True,True,True,False,False,True
43,dirichlet_a0.1,sparse_coordinate_attack,13,0,True,24.185847304814867,-0.00980196278125396,0.023233120470689532,False,True,False,False,False,False
43,dirichlet_a0.1,sparse_coordinate_attack,13,1,False,0.3128463525150564,0.126278651770634,0.7769677835976179,True,True,True,False,False,True
43,dirichlet_a0.1,sparse_coordinate_attack,13,2,False,0.32256465587499866,0.6336539178245428,0.6140632847815168,True,True,True,False,False,True
43,dirichlet_a0.1,sparse_coordinate_attack,13,3,False,0.23484116545938127,-0.1864860142570865,0.665982636148382,True,True,True,False,False,True
43,dirichlet_a0.1,sparse_coordinate_attack,13,4,False,0.10219529420119601,-0.34239121177619153,0.6022816962043481,True,True,True,False,False,True
43,dirichlet_a0.1,sparse_coordinate_attack,14,0,True,24.52098124269627,0.0262555710637714,0.020194947061789256,False,True,False,False,False,False
43,dirichlet_a0.1,sparse_coordinate_attack,14,1,False,0.3135604025884191,0.11946219647390424,0.7243991933225029,True,True,True,False,False,True
43,dirichlet_a0.1,sparse_coordinate_attack,14,2,False,0.33410990953522696,0.645864097473326,0.6554114615427707,True,True,True,False,False,True
43,dirichlet_a0.1,sparse_coordinate_attack,14,3,False,0.2337998302104002,-0.15309842454570863,0.6000364125259089,True,True,True,False,False,True
43,dirichlet_a0.1,sparse_coordinate_attack,14,4,False,0.10996606447641451,-0.2203041903879137,0.5894907848299815,True,True,True,False,False,True
43,dirichlet_a0.1,sparse_coordinate_attack,15,0,True,23.673422941364937,0.008306684729773813,0.02198019522255654,False,True,False,False,False,False
43,dirichlet_a0.1,sparse_coordinate_attack,15,1,False,0.30073614915595803,0.13047389323185635,0.733426565523866,True,True,True,False,False,True
43,dirichlet_a0.1,sparse_coordinate_attack,15,2,False,0.33459827211093873,0.6176432978151418,0.60526055572036,True,True,True,False,False,True
43,dirichlet_a0.1,sparse_coordinate_attack,15,3,False,0.2280762957523992,-0.26457041392333247,0.6156291053947536,True,True,True,False,False,True
43,dirichlet_a0.1,sparse_coordinate_attack,15,4,False,0.10042957451045785,-0.33821658697563994,0.5571188427907502,True,True,True,False,False,True
43,dirichlet_a0.1,sparse_coordinate_attack,16,0,True,24.981263133011876,-0.03160500365335593,0.02291590382033443,False,True,False,False,False,False
43,dirichlet_a0.1,sparse_coordinate_attack,16,1,False,0.3144740021806566,0.13179725129775613,0.7805901379226169,True,True,True,False,False,True
43,dirichlet_a0.1,sparse_coordinate_attack,16,2,False,0.33973990079330146,0.6133170106578084,0.5653454168192359,True,True,True,False,False,True
43,dirichlet_a0.1,sparse_coordinate_attack,16,3,False,0.24766221012859857,-0.0727152007095019,0.6644544123031857,True,True,True,False,False,True
43,dirichlet_a0.1,sparse_coordinate_attack,16,4,False,0.10522675869270653,-0.3523675582567498,0.626159526424997,True,True,True,False,False,True
43,dirichlet_a0.1,sparse_coordinate_attack,17,0,True,27.683506114891266,0.02246445416341848,0.020230422055918445,False,True,False,False,False,False
43,dirichlet_a0.1,sparse_coordinate_attack,17,1,False,0.3175662125378976,0.16788463123296749,0.748381422041499,True,True,True,False,False,True
43,dirichlet_a0.1,sparse_coordinate_attack,17,2,False,0.34536099372849693,0.658686746847286,0.6299548672693978,True,True,True,False,True,True
43,dirichlet_a0.1,sparse_coordinate_attack,17,3,False,0.2398471559031131,-0.11957104591246347,0.6156940779512913,True,True,True,False,False,True
43,dirichlet_a0.1,sparse_coordinate_attack,17,4,False,0.09879158498086511,-0.24198175707086625,0.6012169975919598,True,True,True,False,False,True
43,dirichlet_a0.1,sparse_coordinate_attack,18,0,True,27.46755703084407,-0.02313831795023668,0.023569515461407353,False,True,False,False,False,False
43,dirichlet_a0.1,sparse_coordinate_attack,18,1,False,0.3120968227532195,0.15559076589081455,0.77815112409707,True,True,True,False,False,True
43,dirichlet_a0.1,sparse_coordinate_attack,18,2,False,0.3452615634760305,0.6285603558381411,0.6369288207126045,True,True,True,False,False,True
43,dirichlet_a0.1,sparse_coordinate_attack,18,3,False,0.2454646813202884,-0.1290327164019693,0.618293969645321,True,True,True,False,False,True
43,dirichlet_a0.1,sparse_coordinate_attack,18,4,False,0.11074025969061851,-0.23580898889290322,0.6597678759840923,True,True,True,False,False,True
43,dirichlet_a0.1,sparse_coordinate_attack,19,0,True,28.117369948757375,-0.0062520587332462385,0.01955054329930853,False,True,False,False,False,False
43,dirichlet_a0.1,sparse_coordinate_attack,19,1,False,0.3224182029510149,0.18847429211799294,0.7422346613983097,True,True,True,False,False,True
43,dirichlet_a0.1,sparse_coordinate_attack,19,2,False,0.35302905909492877,0.6174917314141131,0.6413401382943694,True,True,True,False,False,True
43,dirichlet_a0.1,sparse_coordinate_attack,19,3,False,0.24422006586807793,-0.14664357378274542,0.5643452968938646,True,True,True,False,False,True
43,dirichlet_a0.1,sparse_coordinate_attack,19,4,False,0.11306971703486283,-0.06844218266577975,0.6525353967731313,True,True,True,False,False,True
43,dirichlet_a0.1,sparse_coordinate_attack,20,0,True,27.73064777159149,-0.03608964367405706,0.02260315759713108,False,True,False,False,False,False
43,dirichlet_a0.1,sparse_coordinate_attack,20,1,False,0.29310559207898457,0.05746888446837119,0.7509188577890868,True,True,True,False,False,True
43,dirichlet_a0.1,sparse_coordinate_attack,20,2,False,0.35272631358271056,0.6748749496383339,0.636980491942324,True,True,True,False,True,True
43,dirichlet_a0.1,sparse_coordinate_attack,20,3,False,0.26164900113476713,-0.06716856633793859,0.6391827745785158,True,True,True,False,False,True
43,dirichlet_a0.1,sparse_coordinate_attack,20,4,False,0.09347751170725363,-0.3151547272632133,0.6353138996770977,True,True,True,False,False,True
43,dirichlet_a0.1,sparse_coordinate_attack,21,0,True,29.346404697085624,-0.008230387704044115,0.02207719298245614,False,True,False,False,False,False
43,dirichlet_a0.1,sparse_coordinate_attack,21,1,False,0.30776514343827477,0.12143292202394596,0.7681543859649123,True,True,True,False,False,True
43,dirichlet_a0.1,sparse_coordinate_attack,21,2,False,0.3534938897923889,0.6454931841310158,0.6455157894736843,True,True,True,False,False,True
43,dirichlet_a0.1,sparse_coordinate_attack,21,3,False,0.27719602049407843,-0.053010400767333744,0.6363368421052632,True,True,True,False,False,True
43,dirichlet_a0.1,sparse_coordinate_attack,21,4,False,0.0990525374351861,-0.2598282035825195,0.6139368421052631,True,True,True,False,False,True
43,dirichlet_a0.1,sparse_coordinate_attack,22,0,True,29.024227882212045,0.003958111857747051,0.021320933924951446,False,True,False,False,False,False
43,dirichlet_a0.1,sparse_coordinate_attack,22,1,False,0.29510808872284144,-0.018220205155571885,0.7280163309281127,True,True,True,False,False,True
43,dirichlet_a0.1,sparse_coordinate_attack,22,2,False,0.35039153444069493,0.6368106523250002,0.603563884832934,True,True,True,False,False,True
43,dirichlet_a0.1,sparse_coordinate_attack,22,3,False,0.27254658731980497,0.00117673135219373,0.6576742603592237,True,True,True,False,False,True
43,dirichlet_a0.1,sparse_coordinate_attack,22,4,False,0.09754322826604861,-0.35480561654696974,0.6103400859074865,True,True,True,False,False,True
43,dirichlet_a0.1,sparse_coordinate_attack,23,0,True,31.729313643065886,0.03593949578260574,0.023520662603167198,False,True,False,False,False,False
43,dirichlet_a0.1,sparse_coordinate_attack,23,1,False,0.29831007980599855,0.09043655448410251,0.8003003878794949,True,True,True,False,False,True
43,dirichlet_a0.1,sparse_coordinate_attack,23,2,False,0.35740888758590866,0.647539037660105,0.6364285922599084,True,True,True,False,False,True
43,dirichlet_a0.1,sparse_coordinate_attack,23,3,False,0.27557530991136026,-0.04741201519119596,0.651564641721835,True,True,True,False,False,True
43,dirichlet_a0.1,sparse_coordinate_attack,23,4,False,0.09214778852255655,-0.2603057273561648,0.5655312199247572,True,True,True,False,False,True
43,dirichlet_a0.1,sparse_coordinate_attack,24,0,True,32.7176651387562,0.019462848402024648,0.022959111186883756,False,True,False,False,False,False
43,dirichlet_a0.1,sparse_coordinate_attack,24,1,False,0.2993152831627031,0.039130633918236894,0.7567840195493422,True,True,True,False,False,True
43,dirichlet_a0.1,sparse_coordinate_attack,24,2,False,0.3413702211035074,0.6226047901900166,0.6360213678856591,True,True,True,False,False,True
43,dirichlet_a0.1,sparse_coordinate_attack,24,3,False,0.3049590978101147,-0.007787849789311189,0.610504929957662,True,True,True,False,False,True
43,dirichlet_a0.1,sparse_coordinate_attack,24,4,False,0.11020046638729251,-0.32440572793732436,0.5860540448384622,True,True,True,False,False,True
