seed,partition,attack,round,client_id,is_malicious,norm_score,cosine_score,sign_score,accept_norm_A,accept_cosine_A,accept_sign_A,accept_norm_B,accept_cosine_B,accept_sign_B
44,iid,no_attack,0,0,False,0.07836402812776196,0.9569512129872173,0.7776492314767575,False,True,True,,,
44,iid,no_attack,0,1,False,0.07976241239977103,0.9596219440546212,0.88436581562628,False,True,True,,,
44,iid,no_attack,0,2,False,0.08218121271230315,0.9717079233327364,0.821137802433118,False,True,True,,,
44,iid,no_attack,0,3,False,0.07736662180933176,0.9806962087326456,0.8326351113442509,False,True,True,,,
44,iid,no_attack,0,4,False,0.07907076628910795,0.9507546902623022,0.8095830069774294,False,True,True,,,
44,iid,no_attack,1,0,False,0.04727274848207414,0.9489504414819147,0.8446964537888617,True,True,True,,,
44,iid,no_attack,1,1,False,0.04808114651924812,0.9558010620212107,0.8584526275797306,True,True,True,,,
44,iid,no_attack,1,2,False,0.0547910250835569,0.9450768105865189,0.7698726174005921,True,True,True,,,
44,iid,no_attack,1,3,False,0.046949959303741726,0.8532127863744337,0.7623601264507065,True,True,True,,,
44,iid,no_attack,1,4,False,0.05158554001405712,0.9541056382375829,0.7718367610268027,True,True,True,,,
44,iid,no_attack,2,0,False,0.03926651590247749,0.7289078319093282,0.8114324919654786,True,True,True,,,
44,iid,no_attack,2,1,False,0.03393610374376915,0.8892011691819909,0.8309608926443506,True,True,True,,,
44,iid,no_attack,2,2,False,0.03472902064259117,0.8341161608090208,0.7867836637417398,True,True,True,,,
44,iid,no_attack,2,3,False,0.03544214000944645,0.8656750257384689,0.78598923915791,True,True,True,,,
44,iid,no_attack,2,4,False,0.034190249345169135,0.9131044139794914,0.7560033221391688,True,True,True,,,
44,iid,no_attack,3,0,False,0.03457464314119869,0.9411620908175818,0.7793450992473923,True,True,True,,,
44,iid,no_attack,3,1,False,0.03677060121346689,0.84651434273933,0.7963484588413069,True,True,True,,,
44,iid,no_attack,3,2,False,0.03360483564270608,0.9321208111916816,0.7960697152414067,True,True,True,,,
44,iid,no_attack,3,3,False,0.03354314429657147,0.9152473346750797,0.7969719642621363,True,True,True,,,
44,iid,no_attack,3,4,False,0.036923097118440974,0.880519700040293,0.8179070756862228,True,True,True,,,
44,iid,no_attack,4,0,False,0.03565260670914301,0.9287474524089754,0.7992185665179239,True,True,True,,,
44,iid,no_attack,4,1,False,0.035897929588761056,0.8449006936967098,0.8058230316487677,True,True,True,,,
44,iid,no_attack,4,2,False,0.03442002476595574,0.9061172364460446,0.7795973268996733,True,True,True,,,
44,iid,no_attack,4,3,False,0.0327834062332121,0.9447375235023174,0.7964928012753449,True,True,True,,,
44,iid,no_attack,4,4,False,0.03395278391106435,0.9250247559202194,0.7699041356192754,True,True,True,,,
44,iid,no_attack,5,0,False,0.04187550895617277,0.8290406114066818,0.8204992580185422,True,True,True,,,
44,iid,no_attack,5,1,False,0.03818381656181741,0.884246725699876,0.8165689601974699,True,True,True,,,
44,iid,no_attack,5,2,False,0.03869976405853802,0.8108991928305009,0.7717782577393808,True,True,True,,,
44,iid,no_attack,5,3,False,0.03591866354034275,0.9348907468478558,0.8089214087362807,True,True,True,,,
44,iid,no_attack,5,4,False,0.037447456689531027,0.8106807577539231,0.7976814916031207,True,True,True,,,
44,iid,no_attack,6,0,False,0.044545867374256476,0.7639094191496785,0.7274803874679668,True,True,True,,,
44,iid,no_attack,6,1,False,0.038181419405949844,0.8492986140090539,0.8429998072653813,True,True,True,,,
44,iid,no_attack,6,2,False,0.03948037638815205,0.8836537140476037,0.78739943892811,True,True,True,,,
44,iid,no_attack,6,3,False,0.03943234753059155,0.9101361150848571,0.8044814368008909,True,True,True,,,
44,iid,no_attack,6,4,False,0.03915482342432693,0.8719984400283487,0.8383884530548437,True,True,True,,,
44,iid,no_attack,7,0,False,0.04360919408210436,0.9260084563939011,0.8238712694183224,True,True,True,,,
44,iid,no_attack,7,1,False,0.04469689343978947,0.94497003483165,0.8541538324513289,True,True,True,,,
44,iid,no_attack,7,2,False,0.04425552296364141,0.8797047120652597,0.8393094388076983,True,True,True,,,
44,iid,no_attack,7,3,False,0.043063623114794475,0.8749608876528677,0.7959786537619404,True,True,True,,,
44,iid,no_attack,7,4,False,0.04410004612583762,0.9585967715077199,0.8405192568896542,True,True,True,,,
44,iid,no_attack,8,0,False,0.053339062084123916,0.9010271309094984,0.7929160725559883,True,True,True,,,
44,iid,no_attack,8,1,False,0.04963687853007708,0.9232698143021046,0.8639043180318798,True,True,True,,,
44,iid,no_attack,8,2,False,0.05198619695734255,0.8884767351761397,0.7834599587137415,True,True,True,,,
44,iid,no_attack,8,3,False,0.04949045670697112,0.9584398596606958,0.7668957983074053,True,True,True,,,
44,iid,no_attack,8,4,False,0.05069953052487926,0.8596712764831336,0.7704427277306036,True,True,True,,,
44,iid,no_attack,9,0,False,0.06018221138710598,0.9221464674593771,0.7885637913596301,True,True,True,,,
44,iid,no_attack,9,1,False,0.05742490328680054,0.9409352510352702,0.8468718393295767,True,True,True,,,
44,iid,no_attack,9,2,False,0.056156341246412056,0.969954922866671,0.8088137552376824,True,True,True,,,
44,iid,no_attack,9,3,False,0.05755874044713105,0.968398923124006,0.8313105042623898,True,True,True,,,
44,iid,no_attack,9,4,False,0.06118448589280222,0.9129100227493394,0.8491114000866927,True,True,True,,,
44,iid,no_attack,10,0,True,0.06930748130894451,0.9723631362331382,0.8631377929142163,False,True,True,,,
44,iid,no_attack,10,1,False,0.06705630987584572,0.9311792735538202,0.8057786571619637,False,True,True,,,
44,iid,no_attack,10,2,False,0.06566717095599175,0.9555372099935281,0.8082536487166583,False,True,True,,,
44,iid,no_attack,10,3,False,0.06695692068657177,0.9732882504976814,0.761442527111154,False,True,True,,,
44,iid,no_attack,10,4,False,0.06874700922917229,0.951896838254887,0.7698395736671929,False,True,True,,,
44,iid,no_attack,11,0,True,0.08109336587763415,0.9852027158944057,0.8619773938948688,False,True,True,,,
44,iid,no_attack,11,1,False,0.08088829048615644,0.9715382609262084,0.8482951060545809,False,True,True,,,
44,iid,no_attack,11,2,False,0.07968035942437494,0.9746311797224297,0.781245155593899,False,True,True,,,
44,iid,no_attack,11,3,False,0.07692606409547262,0.9833895139720298,0.7763114439194699,False,True,True,,,
44,iid,no_attack,11,4,False,0.07863475423094618,0.9823072488430713,0.7837726718205531,False,True,True,,,
44,iid,no_attack,12,0,True,0.10306297438477233,0.9822150286532428,0.8480371492556975,False,True,True,,,
44,iid,no_attack,12,1,False,0.09929545259449064,0.9778443119239231,0.8646357528652352,False,True,True,,,
44,iid,no_attack,12,2,False,0.09848368029366242,0.9863219009475533,0.7984455275984719,False,True,True,,,
44,iid,no_attack,12,3,False,0.09347483113830421,0.9657053642965155,0.7863851929917007,False,True,True,,,
44,iid,no_attack,12,4,False,0.0995558897407378,0.9619980827970068,0.832472664998024,False,True,True,,,
44,iid,no_attack,13,0,True,0.12926697186356428,0.9838927822599083,0.8016583726151867,False,True,True,,,
44,iid,no_attack,13,1,False,0.12079241182809777,0.9878980691815922,0.8747620110558174,False,True,True,,,
44,iid,no_attack,13,2,False,0.12356576442356326,0.9902056388435828,0.8102325398180124,False,True,True,,,
44,iid,no_attack,13,3,False,0.1146254512414974,0.975473927253675,0.8213671397996297,False,True,True,,,
44,iid,no_attack,13,4,False,0.1221396516696868,0.9676302807961323,0.8314775666697304,False,True,True,,,
44,iid,no_attack,14,0,True,0.14708051597005786,0.9912733192671325,0.8891194942959074,False,True,True,,,
44,iid,no_attack,14,1,False,0.1432913735668444,0.9896119813831692,0.8451891642588749,False,True,True,,,
44,iid,no_attack,14,2,False,0.13894378469555077,0.9922626405673385,0.8475359134008872,False,True,True,,,
44,iid,no_attack,14,3,False,0.1380682443858758,0.9886442504420078,0.8496724046717943,False,True,True,,,
44,iid,no_attack,14,4,False,0.141752606289513,0.9936093459831914,0.8654620925405934,False,True,True,,,
44,iid,no_attack,15,0,True,0.15774857830726782,0.9877971768657726,0.8728607655438867,False,True,True,,,
44,iid,no_attack,15,1,False,0.1560902188805042,0.9879084258822102,0.8607655438866687,False,True,True,,,
44,iid,no_attack,15,2,False,0.15188926152719046,0.9945374437552503,0.8501440539571689,False,True,True,,,
44,iid,no_attack,15,3,False,0.15633499162851475,0.9830216531480287,0.8223489424979089,False,True,True,,,
44,iid,no_attack,15,4,False,0.1569420788135124,0.9880471910057529,0.8834424248861509,False,True,True,,,
44,iid,no_attack,16,0,True,0.15076082036739546,0.9866082759180458,0.8560042785213013,False,True,True,,,
44,iid,no_attack,16,1,False,0.1520316603983574,0.9810777496256433,0.8934217734992564,False,True,True,,,
44,iid,no_attack,16,2,False,0.14981330547229701,0.9834344016530339,0.8387336620489942,False,True,True,,,
44,iid,no_attack,16,3,False,0.14577937179911418,0.9823656140182869,0.861098066838851,False,True,True,,,
44,iid,no_attack,16,4,False,0.15032468659902204,0.9781966344205923,0.8464689154992043,False,True,True,,,
44,iid,no_attack,17,0,True,0.13854617926412324,0.979618354249309,0.8558286315386823,False,True,True,,,
44,iid,no_attack,17,1,False,0.13909429512520993,0.9554701115424026,0.8713716489751682,False,True,True,,,
44,iid,no_attack,17,2,False,0.13890948362396818,0.9854056019506708,0.8411016543941857,False,True,True,,,
44,iid,no_attack,17,3,False,0.13787425431609587,0.9688881762960586,0.8677695961238087,False,True,True,,,
44,iid,no_attack,17,4,False,0.14155432115834904,0.9668087012418731,0.8420133244078927,False,True,True,,,
44,iid,no_attack,18,0,True,0.12667119170754412,0.9761680846996069,0.8748756364487622,False,True,True,,,
44,iid,no_attack,18,1,False,0.12771653007382686,0.9775247540669648,0.8809491296177081,False,True,True,,,
44,iid,no_attack,18,2,False,0.12301315402226343,0.9741240107548482,0.868171384353277,False,True,True,,,
44,iid,no_attack,18,3,False,0.11900832913228325,0.9751307774186784,0.8728988249676493,False,True,True,,,
44,iid,no_attack,18,4,False,0.12182523221997965,0.9675710044567868,0.8831925505419975,False,True,True,,,
44,iid,no_attack,19,0,True,0.1201314606271315,0.9658895031894288,0.8750892941808642,False,True,True,,,
44,iid,no_attack,19,1,False,0.11912620117107621,0.9595818274745282,0.8846287574675222,False,True,True,,,
44,iid,no_attack,19,2,False,0.11977289435945375,0.9633729867734532,0.8525334260517748,False,True,True,,,
44,iid,no_attack,19,3,False,0.1151977039957986,0.9477254616901567,0.8359705408224547,False,True,True,,,
44,iid,no_attack,19,4,False,0.1217137512414971,0.9472514967112852,0.8771944242500869,False,True,True,,,
44,iid,no_attack,20,0,True,0.11572321194267887,0.9662996746226754,0.8768445376568249,False,True,True,,,
44,iid,no_attack,20,1,False,0.12961238186848886,0.9553751755495455,0.8626094164039836,False,True,True,,,
44,iid,no_attack,20,2,False,0.12369768396144028,0.9688436807569996,0.8563489771057556,False,True,True,,,
44,iid,no_attack,20,3,False,0.12317961928190946,0.9561314600588617,0.8552752207165911,False,True,True,,,
44,iid,no_attack,20,4,False,0.11922093056077002,0.8876406633439876,0.8732779082472025,False,True,True,,,
44,iid,no_attack,21,0,True,0.13020453006238075,0.905431704277653,0.8540561194618547,False,True,True,,,
44,iid,no_attack,21,1,False,0.12146475352338698,0.9420028402361305,0.8746587288381065,False,True,True,,,
44,iid,no_attack,21,2,False,0.12239781485093595,0.9585445969931475,0.8565520981628364,False,True,True,,,
44,iid,no_attack,21,3,False,0.12047373952019784,0.9530412517183356,0.8498283629461176,False,True,True,,,
44,iid,no_attack,21,4,False,0.12537168180076352,0.9271958789198125,0.8653342454440686,False,True,True,,,
44,iid,no_attack,22,0,True,0.12943123982859225,0.9580731413075959,0.8372875215120317,False,True,True,,,
44,iid,no_attack,22,1,False,0.1313119736087248,0.9178366881258885,0.9043567525135111,False,True,True,,,
44,iid,no_attack,22,2,False,0.12107051492317102,0.9401326887830979,0.84260137073156,False,True,True,,,
44,iid,no_attack,22,3,False,0.12682955500109275,0.9327877194289205,0.8583315721143685,False,True,True,,,
44,iid,no_attack,22,4,False,0.12708194135061804,0.9350123811778447,0.857335225385707,False,True,True,,,
44,iid,no_attack,23,0,True,0.131794047313022,0.910507394990006,0.8537744371770317,False,True,True,,,
44,iid,no_attack,23,1,False,0.1299071003247106,0.9102028038840856,0.8446861561811152,False,True,True,,,
44,iid,no_attack,23,2,False,0.1291906472618757,0.9257229685176116,0.8450655873956564,False,True,True,,,
44,iid,no_attack,23,3,False,0.12678826616184924,0.9388231961713897,0.8507088738722461,False,True,True,,,
44,iid,no_attack,23,4,False,0.13047293792215958,0.8968545253214577,0.8591527240752117,False,True,True,,,
44,iid,no_attack,24,0,True,0.12340581797208573,0.9231103030175235,0.8521813801493213,False,True,True,,,
44,iid,no_attack,24,1,False,0.11766355954196271,0.9191450162891424,0.8587589151539727,False,True,True,,,
44,iid,no_attack,24,2,False,0.12110271674970041,0.9151387420995999,0.8450075137752546,False,True,True,,,
44,iid,no_attack,24,3,False,0.11638030817013988,0.9308915482519331,0.8354841018056914,False,True,True,,,
44,iid,no_attack,24,4,False,0.11993118005470171,0.9130611288952456,0.8898397061279012,False,True,True,,,
44,iid,large_norm,0,0,False,0.0783615467321743,0.9569476243179637,0.7776436434710127,False,True,True,,,
44,iid,large_norm,0,1,False,0.07976428722773185,0.9596177136214316,0.8843666465465206,False,True,True,,,
44,iid,large_norm,0,2,False,0.08218123882244922,0.9717052828863127,0.8211319019286597,False,True,True,,,
44,iid,large_norm,0,3,False,0.07736664321196673,0.9806958898220508,0.8326363139892501,False,True,True,,,
44,iid,large_norm,0,4,False,0.07907083838158989,0.950756443755021,0.8095556322037308,False,True,True,,,
44,iid,large_norm,1,0,False,0.04728887247845031,0.9496424620909106,0.842709274153083,True,True,True,,,
44,iid,large_norm,1,1,False,0.04806938008866048,0.9555780560977039,0.8601780568577696,True,True,True,,,
44,iid,large_norm,1,2,False,0.054826493139124695,0.9447735238798834,0.7673146674694995,True,True,True,,,
44,iid,large_norm,1,3,False,0.04695711692857995,0.8537699666411358,0.762304130288303,True,True,True,,,
44,iid,large_norm,1,4,False,0.05157008659790466,0.9534963513908624,0.7691282095393747,True,True,True,,,
44,iid,large_norm,2,0,False,0.039296003713774716,0.7295065521031249,0.8068129296897568,True,True,True,,,
44,iid,large_norm,2,1,False,0.03392890868219374,0.889238494524241,0.8313521867236697,True,True,True,,,
44,iid,large_norm,2,2,False,0.03471942170148626,0.8337814371607865,0.7918496158068057,True,True,True,,,
44,iid,large_norm,2,3,False,0.035498319499432086,0.865922351541968,0.7855378704720087,True,True,True,,,
44,iid,large_norm,2,4,False,0.03422685761337565,0.911731930393639,0.7554884742041712,True,True,True,,,
44,iid,large_norm,3,0,False,0.034471120661961126,0.9431369101739828,0.777854402195045,True,True,True,,,
44,iid,large_norm,3,1,False,0.0367526169148033,0.8549978062879157,0.7953149874914714,True,True,True,,,
44,iid,large_norm,3,2,False,0.03369935684415755,0.9336428112384657,0.7958505432589669,True,True,True,,,
44,iid,large_norm,3,3,False,0.03353326344286009,0.911927263196708,0.7975085652240897,True,True,True,,,
44,iid,large_norm,3,4,False,0.0369121416221293,0.8772927287954657,0.8173681469036806,True,True,True,,,
44,iid,large_norm,4,0,False,0.03569507218608626,0.9290486711472988,0.7982717754162189,True,True,True,,,
44,iid,large_norm,4,1,False,0.03590191760982683,0.8462239347019115,0.8069342520161433,True,True,True,,,
44,iid,large_norm,4,2,False,0.03436611037457478,0.9052643102140416,0.7775159974660298,True,True,True,,,
44,iid,large_norm,4,3,False,0.03276833591698864,0.946663815330465,0.7961577609953663,True,True,True,,,
44,iid,large_norm,4,4,False,0.033980432250043074,0.9273354545730509,0.7713091941832573,True,True,True,,,
44,iid,large_norm,5,0,False,0.04186450784863554,0.8287219759791097,0.8280325963865677,True,True,True,,,
44,iid,large_norm,5,1,False,0.038176782110116304,0.8843089147948321,0.8164491847202587,True,True,True,,,
44,iid,large_norm,5,2,False,0.038732549945398036,0.8105010480341704,0.7779093607289037,True,True,True,,,
44,iid,large_norm,5,3,False,0.03591235061778223,0.9342743126921829,0.8148800580280815,True,True,True,,,
44,iid,large_norm,5,4,False,0.037418874839841874,0.8117708937247647,0.8028451523607215,True,True,True,,,
44,iid,large_norm,6,0,False,0.044569147331914444,0.7631869928600749,0.7286206871934722,True,True,True,,,
44,iid,large_norm,6,1,False,0.0381782835313898,0.8474182367631399,0.8416370995952226,True,True,True,,,
44,iid,large_norm,6,2,False,0.03948907440651563,0.8834443480470096,0.7890374579695453,True,True,True,,,
44,iid,large_norm,6,3,False,0.039404991134367455,0.9101657716121931,0.8030440400636792,True,True,True,,,
44,iid,large_norm,6,4,False,0.03912488537066387,0.8718301038927475,0.8383888861126381,True,True,True,,,
44,iid,large_norm,7,0,False,0.04358127627289571,0.9268582517692888,0.823468281892546,True,True,True,,,
44,iid,large_norm,7,1,False,0.04466543435993377,0.9451461487914756,0.848914027821078,True,True,True,,,
44,iid,large_norm,7,2,False,0.044234739112473054,0.8793681153246865,0.8360501195089001,True,True,True,,,
44,iid,large_norm,7,3,False,0.043042024851718055,0.875227938579723,0.7989726688341573,True,True,True,,,
44,iid,large_norm,7,4,False,0.04405599229281425,0.9604552174318529,0.8379726539883312,True,True,True,,,
44,iid,large_norm,8,0,False,0.053243433788423805,0.9006678254899102,0.7908856881475651,True,True,True,,,
44,iid,large_norm,8,1,False,0.04956276388861618,0.9222487042218354,0.8609592295527236,True,True,True,,,
44,iid,large_norm,8,2,False,0.051930878389378814,0.8867259873805601,0.7851626491926047,True,True,True,,,
44,iid,large_norm,8,3,False,0.04940495288737278,0.9581099222373682,0.7654972377649654,True,True,True,,,
44,iid,large_norm,8,4,False,0.05063577967778086,0.8574680168545279,0.7720500109922062,True,True,True,,,
44,iid,large_norm,9,0,False,0.06013241916489778,0.9222760538709979,0.7903802921765781,True,True,True,,,
44,iid,large_norm,9,1,False,0.057451433400882455,0.9417233045429483,0.8461844283328875,True,True,True,,,
44,iid,large_norm,9,2,False,0.05609431425532591,0.9698961854701198,0.8144729328254097,True,True,True,,,
44,iid,large_norm,9,3,False,0.0575352270622025,0.9686615488789033,0.8307804627695332,True,True,True,,,
44,iid,large_norm,9,4,False,0.061133510260284595,0.9122286561339319,0.8396281651860258,True,True,True,,,
44,iid,large_norm,10,0,True,22738.36901428722,-0.0008553701904085978,0.7058404057650781,False,False,True,,,
44,iid,large_norm,10,1,False,0.06664630022654276,0.9721969139328143,0.6055642042886556,False,True,True,,,
44,iid,large_norm,10,2,False,0.06627836926122357,0.9615719863396606,0.5776979862401447,False,True,True,,,
44,iid,large_norm,10,3,False,0.06792678323753787,0.9772496554048257,0.5751318234319289,False,True,True,,,
44,iid,large_norm,10,4,False,0.06857473065918437,0.9461556586200073,0.5825892632953347,False,True,True,,,
44,iid,large_norm,11,0,True,22728.871476083194,0.00046568805322080365,0.6966214407982105,False,False,True,,,
44,iid,large_norm,11,1,False,0.07945000522464116,0.9586939436177537,0.6182091767949385,False,True,True,,,
44,iid,large_norm,11,2,False,0.08048259650625048,0.9795608289109805,0.5805910837545382,False,True,True,,,
44,iid,large_norm,11,3,False,0.07790813631529288,0.9778122867670207,0.5809596905722495,False,True,True,,,
44,iid,large_norm,11,4,False,0.08052268964661409,0.980590719362623,0.5999000217124564,False,True,True,,,
44,iid,large_norm,12,0,True,22734.437544333327,0.002555171169299662,0.6846490673011213,False,False,True,,,
44,iid,large_norm,12,1,False,0.09614005855366524,0.972011771816566,0.6556328937710395,False,True,True,,,
44,iid,large_norm,12,2,False,0.0969509080365287,0.9633924911227314,0.6033966944240553,False,True,True,,,
44,iid,large_norm,12,3,False,0.09260156123357408,0.9921393154042706,0.6209420638335569,False,True,True,,,
44,iid,large_norm,12,4,False,0.09645830987011689,0.991491656861769,0.628661823888228,False,True,True,,,
44,iid,large_norm,13,0,True,22750.102643982216,-0.0029087590700196727,0.6875541438059486,False,False,True,,,
44,iid,large_norm,13,1,False,0.12263420301778115,0.9726297942453823,0.6282573411532755,False,True,True,,,
44,iid,large_norm,13,2,False,0.12035914796473286,0.9620308744521568,0.6075159070767822,False,True,True,,,
44,iid,large_norm,13,3,False,0.11586279968333962,0.9784546171488342,0.6226711940016131,False,True,True,,,
44,iid,large_norm,13,4,False,0.11707911143810065,0.985379922224162,0.6325739094068328,False,True,True,,,
44,iid,large_norm,14,0,True,22780.844798177397,-0.0008264684032872942,0.6802462059856962,False,False,True,,,
44,iid,large_norm,14,1,False,0.1428405333640067,0.9872520108171102,0.6550474719031124,False,True,True,,,
44,iid,large_norm,14,2,False,0.14018383304267368,0.9912070702987847,0.6356649804380872,False,True,True,,,
44,iid,large_norm,14,3,False,0.1370843820677333,0.9754199749176632,0.6230456776894515,False,True,True,,,
44,iid,large_norm,14,4,False,0.1468272547684641,0.982360395570144,0.6214707568092901,False,True,True,,,
44,iid,large_norm,15,0,True,22719.00166752285,0.001383054051017487,0.6711771657844295,False,False,True,,,
44,iid,large_norm,15,1,False,0.15777547021008015,0.9851956119867558,0.6654269001201696,False,True,True,,,
44,iid,large_norm,15,2,False,0.1596124761168515,0.9878682443255847,0.6304585315470101,False,True,True,,,
44,iid,large_norm,15,3,False,0.14888313244105497,0.9906546050281733,0.6308160610183631,False,True,True,,,
44,iid,large_norm,15,4,False,0.15472898016564843,0.9872176044712316,0.6573576585792176,False,True,True,,,
44,iid,large_norm,16,0,True,22715.385977331534,0.00030360415266712044,0.664368780721736,False,False,True,,,
44,iid,large_norm,16,1,False,0.15080209072241046,0.9905342599462624,0.6764226911241658,False,True,True,,,
44,iid,large_norm,16,2,False,0.14635397920774265,0.987017639728684,0.6432032530072334,False,True,True,,,
44,iid,large_norm,16,3,False,0.15069654919068468,0.966147614485846,0.6357001558566119,False,True,True,,,
44,iid,large_norm,16,4,False,0.15313419500133815,0.9762088705867024,0.652484714063062,False,True,True,,,
44,iid,large_norm,17,0,True,22714.580752907317,0.00561835466087197,0.6621574748525841,False,False,True,,,
44,iid,large_norm,17,1,False,0.13884540420690827,0.985016012163977,0.6784648927208761,False,True,True,,,
44,iid,large_norm,17,2,False,0.13723202822185446,0.9766970208184971,0.6664585501214013,False,True,True,,,
44,iid,large_norm,17,3,False,0.13703572811248574,0.9625922226629492,0.6672067786531887,False,True,True,,,
44,iid,large_norm,17,4,False,0.13441004320941533,0.96644736812747,0.6520786878747337,False,True,True,,,
44,iid,large_norm,18,0,True,22708.600139851187,0.0007383007497643208,0.664143040445207,False,False,True,,,
44,iid,large_norm,18,1,False,0.12685822236231797,0.9687227748980105,0.6731494363628319,False,True,True,,,
44,iid,large_norm,18,2,False,0.12836071461728438,0.9668465443711884,0.6667879318227627,False,True,True,,,
44,iid,large_norm,18,3,False,0.12486824264592541,0.9687213429100154,0.6523196877258358,False,True,True,,,
44,iid,large_norm,18,4,False,0.13290014736691214,0.9513773630325802,0.6623486438786497,False,True,True,,,
44,iid,large_norm,19,0,True,22720.79674774877,-0.003809067530565016,0.6548726203251063,False,False,True,,,
44,iid,large_norm,19,1,False,0.1215224234088688,0.9486703480425341,0.6680974524065021,False,True,True,,,
44,iid,large_norm,19,2,False,0.12179791097691285,0.960190080494132,0.6638994873017766,False,True,True,,,
44,iid,large_norm,19,3,False,0.12380485986262711,0.9516893970017832,0.6747893565438575,False,True,True,,,
44,iid,large_norm,19,4,False,0.11478439626585417,0.9690509037473932,0.7041502722467311,False,True,True,,,
44,iid,large_norm,20,0,True,22745.400454188668,0.003334684412012273,0.659404137601624,False,False,True,,,
44,iid,large_norm,20,1,False,0.12071257464674735,0.9353021448451212,0.6884210840556059,False,True,True,,,
44,iid,large_norm,20,2,False,0.11955964280195105,0.9595514310475495,0.676052063327794,False,True,True,,,
44,iid,large_norm,20,3,False,0.12097154346173355,0.9687137455968154,0.6875752539977908,False,True,True,,,
44,iid,large_norm,20,4,False,0.12412569397852875,0.9542622150853788,0.6844257809001622,False,True,True,,,
44,iid,large_norm,21,0,True,22740.408276146438,-0.0059698589659033284,0.6490281042512158,False,False,True,,,
44,iid,large_norm,21,1,False,0.12110399343173574,0.951879730338358,0.6881934663872763,False,True,True,,,
44,iid,large_norm,21,2,False,0.12313398675752148,0.9719803530608365,0.6850773149079631,False,True,True,,,
44,iid,large_norm,21,3,False,0.11797248975751119,0.9316455090435044,0.6897490884643508,False,True,True,,,
44,iid,large_norm,21,4,False,0.12548583131068702,0.9472248939506307,0.6912360079891253,False,True,True,,,
44,iid,large_norm,22,0,True,22723.404106305457,-0.00031509375138362395,0.6420939113916536,False,False,True,,,
44,iid,large_norm,22,1,False,0.12270813351254978,0.9425350465791434,0.7104547163464392,False,True,True,,,
44,iid,large_norm,22,2,False,0.13351880535243052,0.7462192602875906,0.6828214971209213,False,True,True,,,
44,iid,large_norm,22,3,False,0.12496226852611052,0.8968656205066258,0.706546688564814,False,True,True,,,
44,iid,large_norm,22,4,False,0.12645169778935098,0.9206718302105142,0.7014613055780913,False,True,True,,,
44,iid,large_norm,23,0,True,22751.935666409805,-0.0022589708074394308,0.6322284856060194,False,False,True,,,
44,iid,large_norm,23,1,False,0.12721611955561987,0.8988407761163572,0.7275543325214539,False,True,True,,,
44,iid,large_norm,23,2,False,0.13001707637505863,0.9499064782811605,0.704694902944998,False,True,True,,,
44,iid,large_norm,23,3,False,0.12722669739262973,0.9535800725838187,0.7160579217532644,False,True,True,,,
44,iid,large_norm,23,4,False,0.13140624128713227,0.9663581561755957,0.7169126183853645,False,True,True,,,
44,iid,large_norm,24,0,True,22777.26876316171,-0.002052266276816702,0.6450638045306163,False,False,True,,,
44,iid,large_norm,24,1,False,0.12766512192928242,0.8299333485654503,0.7107132258383618,False,True,True,,,
44,iid,large_norm,24,2,False,0.11872959942347383,0.9331409550684365,0.6847561578791176,False,True,True,,,
44,iid,large_norm,24,3,False,0.11917158285514096,0.9099052939584756,0.7141309724008309,False,True,True,,,
44,iid,large_norm,24,4,False,0.12682688901242054,0.9298681070493281,0.6944158670491641,False,True,True,,,
44,iid,low_norm,0,0,False,0.07838576226042165,0.9569633537509976,0.7775949294317169,False,True,True,,,
44,iid,low_norm,0,1,False,0.07976429995219313,0.9596170997529022,0.8843456264911322,False,True,True,,,
44,iid,low_norm,0,2,False,0.08218122983566072,0.9716918776616629,0.8212294115956194,False,True,True,,,
44,iid,low_norm,0,3,False,0.0773863665068041,0.9806640552130242,0.8327344850383742,False,True,True,,,
44,iid,low_norm,0,4,False,0.07907084106837944,0.9507450682618791,0.8096165454597718,False,True,True,,,
44,iid,low_norm,1,0,False,0.047247399770730614,0.9520094405854794,0.841882302343918,True,True,True,,,
44,iid,low_norm,1,1,False,0.048097836294053134,0.953251979030804,0.8590280266647552,True,True,True,,,
44,iid,low_norm,1,2,False,0.054814096473743704,0.9449537845737569,0.7689771342556089,True,True,True,,,
44,iid,low_norm,1,3,False,0.04693109828749043,0.8582369078743125,0.7638878933409792,True,True,True,,,
44,iid,low_norm,1,4,False,0.051568403818824105,0.9524719152578996,0.7705970898143503,True,True,True,,,
44,iid,low_norm,2,0,False,0.039313389232457835,0.729493712307312,0.807428699363729,True,True,True,,,
44,iid,low_norm,2,1,False,0.03396507881008378,0.887804699338993,0.8294634667745174,True,True,True,,,
44,iid,low_norm,2,2,False,0.03461227785582997,0.8364616184751921,0.7877194629612243,True,True,True,,,
44,iid,low_norm,2,3,False,0.03546254263490982,0.8656905417896765,0.7860078143619595,True,True,True,,,
44,iid,low_norm,2,4,False,0.03418713293194604,0.9123166251295117,0.7570542310942273,True,True,True,,,
44,iid,low_norm,3,0,False,0.03446044024769923,0.9446107632334834,0.777426500792207,True,True,True,,,
44,iid,low_norm,3,1,False,0.03676235693701058,0.8544473009402693,0.7942609001819142,True,True,True,,,
44,iid,low_norm,3,2,False,0.03369088683858514,0.9334966723494247,0.79632210551024,True,True,True,,,
44,iid,low_norm,3,3,False,0.03353706254616995,0.9115249669982262,0.7991828531189484,True,True,True,,,
44,iid,low_norm,3,4,False,0.03696177901357639,0.8778632022370881,0.8150636699724194,True,True,True,,,
44,iid,low_norm,4,0,False,0.03572858848853963,0.9287512994839361,0.799248248761319,True,True,True,,,
44,iid,low_norm,4,1,False,0.03601623556467097,0.8432924089961782,0.8033985420582038,True,True,True,,,
44,iid,low_norm,4,2,False,0.03437537394866749,0.9062837189082934,0.7793937581866849,True,True,True,,,
44,iid,low_norm,4,3,False,0.03278509424163645,0.9471208776765357,0.7966071530269377,True,True,True,,,
44,iid,low_norm,4,4,False,0.03394478903804212,0.9265879550239995,0.7696124494561194,True,True,True,,,
44,iid,low_norm,5,0,False,0.04185054983655729,0.8284109086828054,0.8222738023534251,True,True,True,,,
44,iid,low_norm,5,1,False,0.03814703381138362,0.8839821624083066,0.8184322251766538,True,True,True,,,
44,iid,low_norm,5,2,False,0.03871389667240592,0.8103202697774868,0.7727519795507631,True,True,True,,,
44,iid,low_norm,5,3,False,0.035891907408713015,0.9352174915311945,0.8117994446974482,True,True,True,,,
44,iid,low_norm,5,4,False,0.03740658718337555,0.8109850801113324,0.7956325013588753,True,True,True,,,
44,iid,low_norm,6,0,False,0.04454730422699309,0.7636990753948493,0.7284161235750537,True,True,True,,,
44,iid,low_norm,6,1,False,0.038180896773204236,0.8473368255094083,0.8448887524715725,True,True,True,,,
44,iid,low_norm,6,2,False,0.03947892910788079,0.8842583152085411,0.7881550113139129,True,True,True,,,
44,iid,low_norm,6,3,False,0.03940650573215863,0.9110674424588051,0.8039088319901779,True,True,True,,,
44,iid,low_norm,6,4,False,0.03911756495306021,0.8725144455435737,0.835387920881129,True,True,True,,,
44,iid,low_norm,7,0,False,0.04355781133058508,0.9272895532693877,0.8243067671405768,True,True,True,,,
44,iid,low_norm,7,1,False,0.0446472799092826,0.9456957386765223,0.854278184045436,True,True,True,,,
44,iid,low_norm,7,2,False,0.04422119778918932,0.8800548802229184,0.8373065072942574,True,True,True,,,
44,iid,low_norm,7,3,False,0.04304035360484355,0.8754923770844453,0.7970154794164594,True,True,True,,,
44,iid,low_norm,7,4,False,0.04403284653031723,0.9606638621008414,0.8404543598500316,True,True,True,,,
44,iid,low_norm,8,0,False,0.05323616996062639,0.900844237950475,0.790745165887867,True,True,True,,,
44,iid,low_norm,8,1,False,0.04952759312527969,0.9223831157745378,0.8621772826865397,True,True,True,,,
44,iid,low_norm,8,2,False,0.051900859857271206,0.8872199117643583,0.7844627700685675,True,True,True,,,
44,iid,low_norm,8,3,False,0.049403314869251855,0.9580266760803291,0.7627012883874947,True,True,True,,,
44,iid,low_norm,8,4,False,0.05061434266060968,0.8573741811205657,0.7716994377043019,True,True,True,,,
44,iid,low_norm,9,0,False,0.06011217666239423,0.9222296958061836,0.791027837413889,True,True,True,,,
44,iid,low_norm,9,1,False,0.057466935808964704,0.9412202423769529,0.8485748776556141,True,True,True,,,
44,iid,low_norm,9,2,False,0.05605659315942298,0.9698403704191596,0.8172460405236412,True,True,True,,,
44,iid,low_norm,9,3,False,0.05750408353166249,0.968502674314055,0.8294118072271738,True,True,True,,,
44,iid,low_norm,9,4,False,0.06111854968440136,0.9120193382599882,0.840428223422173,True,True,True,,,
44,iid,low_norm,10,0,True,0.0006924307047214635,0.9721225558903223,0.8608797573083288,True,True,True,,,
44,iid,low_norm,10,1,False,0.06699251693510344,0.9309798811140001,0.8061362382790954,False,True,True,,,
44,iid,low_norm,10,2,False,0.06558919245061796,0.9554771712634351,0.8072462768891341,False,True,True,,,
44,iid,low_norm,10,3,False,0.06687373495471198,0.9726820656515665,0.7616795366795367,False,True,True,,,
44,iid,low_norm,10,4,False,0.06865966030034924,0.9514964718829132,0.7694498069498069,False,True,True,,,
44,iid,low_norm,11,0,True,0.0008056775999055508,0.9848864290227543,0.8576425204764945,True,True,True,,,
44,iid,low_norm,11,1,False,0.08047292923434757,0.9713450423697981,0.8566102063269991,False,True,True,,,
44,iid,low_norm,11,2,False,0.07918645576661638,0.9738840558250452,0.7933741731299493,False,True,True,,,
44,iid,low_norm,11,3,False,0.07620837152123179,0.9829889002367166,0.7791526874125589,False,True,True,,,
44,iid,low_norm,11,4,False,0.07802102197510875,0.9821780378073207,0.7849458714225561,False,True,True,,,
44,iid,low_norm,12,0,True,0.001019607205048777,0.9821905546043437,0.843634063247514,True,True,True,,,
44,iid,low_norm,12,1,False,0.09812136832035674,0.9774144142282521,0.8701178889379452,False,True,True,,,
44,iid,low_norm,12,2,False,0.09727691644119357,0.9864311513281258,0.7917207567560444,False,True,True,,,
44,iid,low_norm,12,3,False,0.09222376064475951,0.9651059067858575,0.8002148227712137,False,True,True,,,
44,iid,low_norm,12,4,False,0.09822320701895731,0.9615031363845638,0.8212160550368032,False,True,True,,,
44,iid,low_norm,13,0,True,0.0012713430444992173,0.9836741130678957,0.7928172805462543,True,True,True,,,
44,iid,low_norm,13,1,False,0.1186726484806602,0.9876841291573777,0.8748145230122776,False,True,True,,,
44,iid,low_norm,13,2,False,0.12141852377026363,0.9900107621939661,0.8114831593460705,False,True,True,,,
44,iid,low_norm,13,3,False,0.11257270523283715,0.9747243627587163,0.8218239117589128,False,True,True,,,
44,iid,low_norm,13,4,False,0.11980043433664121,0.9664375288124684,0.823839537784781,False,True,True,,,
44,iid,low_norm,14,0,True,0.0014453934117674013,0.9912054128572808,0.8865366897897247,True,True,True,,,
44,iid,low_norm,14,1,False,0.14053406536029805,0.9892094147743361,0.8347672339041838,False,True,True,,,
44,iid,low_norm,14,2,False,0.13636191930827457,0.9925146841418875,0.848126219380013,False,True,True,,,
44,iid,low_norm,14,3,False,0.135675173766315,0.988639602840812,0.8589245068285281,False,True,True,,,
44,iid,low_norm,14,4,False,0.13900773232204808,0.9937263546800279,0.8540266637762844,False,True,True,,,
44,iid,low_norm,15,0,True,0.0015669466377188747,0.9877878482215786,0.8727272727272727,True,True,True,,,
44,iid,low_norm,15,1,False,0.15522653872276002,0.9881936719720541,0.8571627352239597,False,True,True,,,
44,iid,low_norm,15,2,False,0.1508582372084191,0.9942971754813963,0.8407964484495096,False,True,True,,,
44,iid,low_norm,15,3,False,0.15538002972663187,0.9833326117140168,0.8175523456135702,False,True,True,,,
44,iid,low_norm,15,4,False,0.1560128594659784,0.9887003227219128,0.8772197190564538,False,True,True,,,
44,iid,low_norm,16,0,True,0.001527179225243254,0.9873216169636535,0.8503335645701912,True,True,True,,,
44,iid,low_norm,16,1,False,0.15405221323264348,0.9819762738425312,0.8873206563669016,False,True,True,,,
44,iid,low_norm,16,2,False,0.1514550167631206,0.9848935002632792,0.835350712836239,False,True,True,,,
44,iid,low_norm,16,3,False,0.14803779053212818,0.9845148566076525,0.8576337337837049,False,True,True,,,
44,iid,low_norm,16,4,False,0.15225605668325315,0.9801135102039366,0.8565510266268161,False,True,True,,,
44,iid,low_norm,17,0,True,0.0014225716427409758,0.9815246784235462,0.8566535550655474,True,True,True,,,
44,iid,low_norm,17,1,False,0.14287865456160131,0.9605893769527533,0.8837621610629929,False,True,True,,,
44,iid,low_norm,17,2,False,0.14279760697224242,0.9866446160730369,0.8412310077716421,False,True,True,,,
44,iid,low_norm,17,3,False,0.14244546851512288,0.9733074740493571,0.8531013490757274,False,True,True,,,
44,iid,low_norm,17,4,False,0.14498261318283134,0.9696545506240222,0.8369289622347761,False,True,True,,,
44,iid,low_norm,18,0,True,0.0012992999544854784,0.9761403968354764,0.8686737978346393,True,True,True,,,
44,iid,low_norm,18,1,False,0.1312004461739617,0.9803492680725036,0.8896186234028026,False,True,True,,,
44,iid,low_norm,18,2,False,0.12573324255440926,0.9758670428517607,0.8660792665084371,False,True,True,,,
44,iid,low_norm,18,3,False,0.12158449981561875,0.9768754384687252,0.8711512826348473,False,True,True,,,
44,iid,low_norm,18,4,False,0.1253433999591881,0.9704324687988405,0.8877393764021199,False,True,True,,,
44,iid,low_norm,19,0,True,0.0012154596824187763,0.9653327562833264,0.8840819587923063,True,True,True,,,
44,iid,low_norm,19,1,False,0.12012549396567648,0.9616047348942452,0.8785964778773409,False,True,True,,,
44,iid,low_norm,19,2,False,0.12108050432632078,0.963232235298757,0.8605609776205062,False,True,True,,,
44,iid,low_norm,19,3,False,0.11653792011511109,0.9528678872887322,0.8331969890100134,False,True,True,,,
44,iid,low_norm,19,4,False,0.12281772603208829,0.9494376747531955,0.871633404993373,False,True,True,,,
44,iid,low_norm,20,0,True,0.0011632111418931948,0.9664335754361133,0.8767143099686221,True,True,True,,,
44,iid,low_norm,20,1,False,0.12906560517923596,0.9541705807647596,0.8667475743417867,False,True,True,,,
44,iid,low_norm,20,2,False,0.12219062076376695,0.9666070570018619,0.8567242452634425,False,True,True,,,
44,iid,low_norm,20,3,False,0.1224589085935475,0.9565777803071236,0.8427833917084305,False,True,True,,,
44,iid,low_norm,20,4,False,0.11949059926016393,0.8840958274702807,0.8702626564966138,False,True,True,,,
44,iid,low_norm,21,0,True,0.0012903146803224831,0.9028103063306963,0.8499623842235734,True,True,True,,,
44,iid,low_norm,21,1,False,0.12079577664505578,0.940019149373025,0.8645153731361691,False,True,True,,,
44,iid,low_norm,21,2,False,0.12132432156620378,0.9585280863505902,0.8579110294389699,False,True,True,,,
44,iid,low_norm,21,3,False,0.11880347144709351,0.9503606104547168,0.8538102931563953,False,True,True,,,
44,iid,low_norm,21,4,False,0.12373839953743504,0.9289833524603851,0.8573930416980131,False,True,True,,,
44,iid,low_norm,22,0,True,0.001278456449755948,0.9579696365687383,0.8395426877809212,True,True,True,,,
44,iid,low_norm,22,1,False,0.13142813628882435,0.9187168667786773,0.9006380815911624,False,True,True,,,
44,iid,low_norm,22,2,False,0.11976867186700367,0.9439172360959833,0.853486178981274,False,True,True,,,
44,iid,low_norm,22,3,False,0.12701238627460137,0.9373427920365164,0.8604977281356015,False,True,True,,,
44,iid,low_norm,22,4,False,0.12704527648164823,0.9381474119914032,0.8557580433797504,False,True,True,,,
44,iid,low_norm,23,0,True,0.0013349821780239129,0.9112210071703951,0.8589748227463464,True,True,True,,,
44,iid,low_norm,23,1,False,0.130031845609553,0.9090362323962913,0.8515349925239956,False,True,True,,,
44,iid,low_norm,23,2,False,0.12983751741949964,0.9321717382200811,0.8404415665846717,False,True,True,,,
44,iid,low_norm,23,3,False,0.12678418007447423,0.9375253004837995,0.8513601504847345,False,True,True,,,
44,iid,low_norm,23,4,False,0.13112410132946511,0.8836465140473262,0.8508295953311147,False,True,True,,,
44,iid,low_norm,24,0,True,0.0012790496536096859,0.9203185003180601,0.8578611394755856,True,True,True,,,
44,iid,low_norm,24,1,False,0.12156880151216552,0.9346411429467708,0.8541409147095179,False,True,True,,,
44,iid,low_norm,24,2,False,0.1251342411093348,0.9095803212692781,0.8474648131228988,False,True,True,,,
44,iid,low_norm,24,3,False,0.12192396575109067,0.9374483507447596,0.8388479843308672,False,True,True,,,
44,iid,low_norm,24,4,False,0.12583701447821236,0.9308392400491203,0.8823322166687567,False,True,True,,,
44,iid,full_sign_flip,0,0,False,0.07836172616515114,0.9569459911622732,0.7776524269751733,False,True,True,,,
44,iid,full_sign_flip,0,1,False,0.07976254686916195,0.9596100295480008,0.8842668774476341,False,True,True,,,
44,iid,full_sign_flip,0,2,False,0.0821812058164133,0.9717043467217031,0.8211978586569899,False,True,True,,,
44,iid,full_sign_flip,0,3,False,0.07737121965069074,0.9807578828121121,0.8325944023281716,False,True,True,,,
44,iid,full_sign_flip,0,4,False,0.0790502574220603,0.9506967577566171,0.8095713721122408,False,True,True,,,
44,iid,full_sign_flip,1,0,False,0.04722538992637317,0.9491673303319623,0.845821325648415,True,True,True,,,
44,iid,full_sign_flip,1,1,False,0.048102473645330567,0.9557505849802974,0.8605818171390884,True,True,True,,,
44,iid,full_sign_flip,1,2,False,0.05480870213206993,0.9448260652252386,0.7664989175161656,True,True,True,,,
44,iid,full_sign_flip,1,3,False,0.04693340632992459,0.8533943769037144,0.7639038238203794,True,True,True,,,
44,iid,full_sign_flip,1,4,False,0.05157194646793819,0.9536553015555272,0.7702338451833054,True,True,True,,,
44,iid,full_sign_flip,2,0,False,0.03929298246347061,0.7296980645837364,0.8146628625085774,True,True,True,,,
44,iid,full_sign_flip,2,1,False,0.03396641504252939,0.8894330201551776,0.8314637581711148,True,True,True,,,
44,iid,full_sign_flip,2,2,False,0.03474146162002377,0.8339831168898652,0.7913250749395067,True,True,True,,,
44,iid,full_sign_flip,2,3,False,0.0355600649305774,0.8653278027374212,0.7827007114738704,True,True,True,,,
44,iid,full_sign_flip,2,4,False,0.03420667053663848,0.9120909104554311,0.7536494636859402,True,True,True,,,
44,iid,full_sign_flip,3,0,False,0.034460319319674394,0.943525788540641,0.7786802253917944,True,True,True,,,
44,iid,full_sign_flip,3,1,False,0.03675249353709435,0.8546864059939409,0.7962376005165228,True,True,True,,,
44,iid,full_sign_flip,3,2,False,0.03365205643244069,0.9344033139980621,0.7909769912543289,True,True,True,,,
44,iid,full_sign_flip,3,3,False,0.03354185514912009,0.9121465570029335,0.7983433116158948,True,True,True,,,
44,iid,full_sign_flip,3,4,False,0.03691352779808101,0.8766963734248834,0.8146093795856078,True,True,True,,,
44,iid,full_sign_flip,4,0,False,0.03570779483858137,0.9286054609358932,0.7934029013567189,True,True,True,,,
44,iid,full_sign_flip,4,1,False,0.035913675276314644,0.8458760177491701,0.8056105234685307,True,True,True,,,
44,iid,full_sign_flip,4,2,False,0.034358811415634585,0.9047589112023458,0.7774938428028416,True,True,True,,,
44,iid,full_sign_flip,4,3,False,0.032754053117315884,0.9463361671899096,0.7948194126105093,True,True,True,,,
44,iid,full_sign_flip,4,4,False,0.03395528849937334,0.926898108526433,0.7744686303261535,True,True,True,,,
44,iid,full_sign_flip,5,0,False,0.04185684248395093,0.8284685609550034,0.8265519870319242,True,True,True,,,
44,iid,full_sign_flip,5,1,False,0.038138815973920374,0.8839694161036691,0.8172034255853029,True,True,True,,,
44,iid,full_sign_flip,5,2,False,0.038682221474987795,0.8102967132121494,0.7790245816093145,True,True,True,,,
44,iid,full_sign_flip,5,3,False,0.03590808641478419,0.9355191010907773,0.8193203603230176,True,True,True,,,
44,iid,full_sign_flip,5,4,False,0.037391433011200084,0.8109532508973856,0.8025699291641069,True,True,True,,,
44,iid,full_sign_flip,6,0,False,0.04456924778437669,0.7624371390707212,0.7285517477675544,True,True,True,,,
44,iid,full_sign_flip,6,1,False,0.03819165659163194,0.8464615295273958,0.8418907440057676,True,True,True,,,
44,iid,full_sign_flip,6,2,False,0.03946132644280266,0.8832618213664458,0.7837293797691534,True,True,True,,,
44,iid,full_sign_flip,6,3,False,0.039422710968742156,0.9097115445132633,0.8051437259534737,True,True,True,,,
44,iid,full_sign_flip,6,4,False,0.03913142302455116,0.8719295653718114,0.8371010685758746,True,True,True,,,
44,iid,full_sign_flip,7,0,False,0.04358064103834781,0.9265410495079797,0.8207111573008685,True,True,True,,,
44,iid,full_sign_flip,7,1,False,0.04463999921731623,0.9457712671542146,0.853232870610942,True,True,True,,,
44,iid,full_sign_flip,7,2,False,0.04421436930064833,0.8796839196012352,0.8373840100957612,True,True,True,,,
44,iid,full_sign_flip,7,3,False,0.043038436557841044,0.8748975048250768,0.7957983817088561,True,True,True,,,
44,iid,full_sign_flip,7,4,False,0.04402655782108464,0.959706230524316,0.8397000965036003,True,True,True,,,
44,iid,full_sign_flip,8,0,False,0.05324669661415982,0.9006343018586729,0.7911734878410291,True,True,True,,,
44,iid,full_sign_flip,8,1,False,0.04958239374011477,0.9219653051236496,0.8646592013162467,True,True,True,,,
44,iid,full_sign_flip,8,2,False,0.05193226119748374,0.8868890439079218,0.784663172750289,True,True,True,,,
44,iid,full_sign_flip,8,3,False,0.049380516314317086,0.958309654377688,0.7631323267639195,True,True,True,,,
44,iid,full_sign_flip,8,4,False,0.050652562257411674,0.8580947488720782,0.7702667243470183,True,True,True,,,
44,iid,full_sign_flip,9,0,False,0.060125044933267376,0.9218192706751742,0.7887607965017528,True,True,True,,,
44,iid,full_sign_flip,9,1,False,0.05748497298964715,0.9413310671482013,0.8433667016009541,True,True,True,,,
44,iid,full_sign_flip,9,2,False,0.05610463813745876,0.9694920621885715,0.8167684579523689,True,True,True,,,
44,iid,full_sign_flip,9,3,False,0.05750961887675003,0.9685798864189497,0.8307903581366773,True,True,True,,,
44,iid,full_sign_flip,9,4,False,0.06115890875041468,0.9123859090322893,0.8407357883704962,True,True,True,,,
44,iid,full_sign_flip,10,0,True,0.06925448400994515,-0.972249069177628,0.23916772370848707,False,False,False,,,
44,iid,full_sign_flip,10,1,False,0.06699299865534972,0.9308660460974517,0.8259700761070111,False,True,True,,,
44,iid,full_sign_flip,10,2,False,0.06560797256519338,0.955375157605352,0.820528713099631,False,True,True,,,
44,iid,full_sign_flip,10,3,False,0.06687904819878983,0.9730052130010604,0.7941290936346863,False,True,True,,,
44,iid,full_sign_flip,10,4,False,0.06866565685452597,0.9514445121605829,0.8043055235239852,False,True,True,,,
44,iid,full_sign_flip,11,0,True,0.08065444271098111,-0.9850286746271356,0.17296233878872067,False,False,False,,,
44,iid,full_sign_flip,11,1,False,0.080543491977558,0.9710703297126511,0.8353229866659145,False,True,True,,,
44,iid,full_sign_flip,11,2,False,0.0792523217043602,0.973452374583718,0.824710718743169,False,True,True,,,
44,iid,full_sign_flip,11,3,False,0.07622032586240822,0.9827338112402221,0.8052701721232293,False,True,True,,,
44,iid,full_sign_flip,11,4,False,0.07808263825090313,0.9818755686266495,0.8251972612592284,False,True,True,,,
44,iid,full_sign_flip,12,0,True,0.10204847828865199,-0.9819548174864096,0.1708262792856753,False,False,False,,,
44,iid,full_sign_flip,12,1,False,0.09815288580440251,0.9773689991267767,0.8704945114958221,False,True,True,,,
44,iid,full_sign_flip,12,2,False,0.09733558277660723,0.9864046362236623,0.8206269455518541,False,True,True,,,
44,iid,full_sign_flip,12,3,False,0.09227705513679153,0.965248712556444,0.8336382502321009,False,True,True,,,
44,iid,full_sign_flip,12,4,False,0.09825046091119474,0.9615928519704849,0.8414955491234777,False,True,True,,,
44,iid,full_sign_flip,13,0,True,0.12717927140709104,-0.9837751339981021,0.14583277912266235,False,False,False,,,
44,iid,full_sign_flip,13,1,False,0.1187396168682261,0.9876656464925766,0.9018448564816046,False,True,True,,,
44,iid,full_sign_flip,13,2,False,0.12147641048413799,0.9899562158012377,0.8068420632598229,False,True,True,,,
44,iid,full_sign_flip,13,3,False,0.11263760859494334,0.9746103711069185,0.8156872655688862,False,True,True,,,
44,iid,full_sign_flip,13,4,False,0.11975583227816046,0.966651718490065,0.8240004256337953,False,True,True,,,
44,iid,full_sign_flip,14,0,True,0.14454647007735033,-0.9913540069515868,0.14408504069604267,False,False,False,,,
44,iid,full_sign_flip,14,1,False,0.14053011941562943,0.9892044417207443,0.860110861633455,False,True,True,,,
44,iid,full_sign_flip,14,2,False,0.13635669990665814,0.9925280447989289,0.8772382823463374,False,True,True,,,
44,iid,full_sign_flip,14,3,False,0.13568203966782855,0.9882023505852723,0.8774557956777996,False,True,True,,,
44,iid,full_sign_flip,14,4,False,0.13903944875074536,0.9937919772282642,0.8807746281223688,False,True,True,,,
44,iid,full_sign_flip,15,0,True,0.1567028167239491,-0.9879571329500082,0.15451105357498507,False,False,False,,,
44,iid,full_sign_flip,15,1,False,0.15519197255143274,0.9879362430094233,0.8692889862577176,False,True,True,,,
44,iid,full_sign_flip,15,2,False,0.15077610417578804,0.994222737315429,0.8427006572395938,False,True,True,,,
44,iid,full_sign_flip,15,3,False,0.1553598529008777,0.9829739052841687,0.8267410210449445,False,True,True,,,
44,iid,full_sign_flip,15,4,False,0.15604427135859444,0.9887313439068083,0.8675230697736175,False,True,True,,,
44,iid,full_sign_flip,16,0,True,0.1527175856403458,-0.987347323779973,0.17307805557918432,False,False,False,,,
44,iid,full_sign_flip,16,1,False,0.15402847007333687,0.9818407177899265,0.8915374901031886,False,True,True,,,
44,iid,full_sign_flip,16,2,False,0.15141141093305427,0.9848000599114485,0.846532353576266,False,True,True,,,
44,iid,full_sign_flip,16,3,False,0.14800175213878813,0.9843677254615105,0.8593115090919798,False,True,True,,,
44,iid,full_sign_flip,16,4,False,0.15220388983782931,0.9799387072877609,0.8684329339710914,False,True,True,,,
44,iid,full_sign_flip,17,0,True,0.1423830505470337,-0.9816008840203961,0.1479780492585092,False,False,False,,,
44,iid,full_sign_flip,17,1,False,0.1429967440117784,0.9601096059913112,0.8835369438818841,False,True,True,,,
44,iid,full_sign_flip,17,2,False,0.14279551893490583,0.9868402319474511,0.8431893904749461,False,True,True,,,
44,iid,full_sign_flip,17,3,False,0.1425391738490158,0.9733622510301575,0.8741294832429607,False,True,True,,,
44,iid,full_sign_flip,17,4,False,0.14496559595523384,0.9700021891277862,0.8792121251714902,False,True,True,,,
44,iid,full_sign_flip,18,0,True,0.12986767630485851,-0.9764083723929391,0.1600393277814313,False,False,False,,,
44,iid,full_sign_flip,18,1,False,0.13137573935726643,0.9798458963272494,0.8971357134020485,False,True,True,,,
44,iid,full_sign_flip,18,2,False,0.12572569295443078,0.97596763842975,0.8611677225698491,False,True,True,,,
44,iid,full_sign_flip,18,3,False,0.12165340908607093,0.9765401089826101,0.8749715134033507,False,True,True,,,
44,iid,full_sign_flip,18,4,False,0.12537193371028524,0.9698976140488281,0.8795033239788776,False,True,True,,,
44,iid,full_sign_flip,19,0,True,0.1215285732429737,-0.9674371100780241,0.16234659127417592,False,False,False,,,
44,iid,full_sign_flip,19,1,False,0.12010565816829728,0.9630491148666381,0.8916468547195271,False,True,True,,,
44,iid,full_sign_flip,19,2,False,0.12106926676951776,0.9650739392254153,0.8668315877401529,False,True,True,,,
44,iid,full_sign_flip,19,3,False,0.11664058395414476,0.9517866210468968,0.8409175608815781,False,True,True,,,
44,iid,full_sign_flip,19,4,False,0.1227927350482131,0.9487065707149718,0.8692861273533381,False,True,True,,,
44,iid,full_sign_flip,20,0,True,0.11607786766438519,-0.9667837147562282,0.17353857897080338,False,False,False,,,
44,iid,full_sign_flip,20,1,False,0.128864494200907,0.9556027583123341,0.8709814897271166,False,True,True,,,
44,iid,full_sign_flip,20,2,False,0.12203275553703302,0.9679934198756253,0.8634374403663889,False,True,True,,,
44,iid,full_sign_flip,20,3,False,0.12207877892436651,0.9564606488860625,0.8589084663825456,False,True,True,,,
44,iid,full_sign_flip,20,4,False,0.11942684445445166,0.8847848488153398,0.8664143502321735,False,True,True,,,
44,iid,full_sign_flip,21,0,True,0.12887453549175507,-0.9053507687049558,0.1827725588532505,False,False,False,,,
44,iid,full_sign_flip,21,1,False,0.12051173215067323,0.9402124838173267,0.8783512356999389,False,True,True,,,
44,iid,full_sign_flip,21,2,False,0.12111803411950163,0.9573746960990418,0.8586461569170503,False,True,True,,,
44,iid,full_sign_flip,21,3,False,0.11877783129128458,0.9505682329268722,0.8529448457402348,False,True,True,,,
44,iid,full_sign_flip,21,4,False,0.12359081028404185,0.9290076748695307,0.8551966765223249,False,True,True,,,
44,iid,full_sign_flip,22,0,True,0.12814095029652103,-0.9581495017421099,0.18407436209884329,False,False,False,,,
44,iid,full_sign_flip,22,1,False,0.1330548137772414,0.91954951662371,0.8815068367328194,False,True,True,,,
44,iid,full_sign_flip,22,2,False,0.12030717013246746,0.9457181744708353,0.8651942024015823,False,True,True,,,
44,iid,full_sign_flip,22,3,False,0.1278876761950013,0.9378252009695365,0.8653901499611166,False,True,True,,,
44,iid,full_sign_flip,22,4,False,0.12789447923294478,0.9379092391747456,0.8534557189132258,False,True,True,,,
44,iid,full_sign_flip,23,0,True,0.13380001281963919,-0.9139030302511433,0.19875139598322988,False,False,False,,,
44,iid,full_sign_flip,23,1,False,0.12996543272856487,0.9076191153765071,0.8521630874572051,False,True,True,,,
44,iid,full_sign_flip,23,2,False,0.1287907667686072,0.9315352204301475,0.8398967430109299,False,True,True,,,
44,iid,full_sign_flip,23,3,False,0.1263896739905156,0.9363757271166455,0.8506374227250814,False,True,True,,,
44,iid,full_sign_flip,23,4,False,0.1313689882566354,0.883058267586203,0.8575578379499949,False,True,True,,,
44,iid,full_sign_flip,24,0,True,0.12834742166906674,-0.9219088958827464,0.1732744522775576,False,False,False,,,
44,iid,full_sign_flip,24,1,False,0.12160172583239755,0.940427719706918,0.8745490515535901,False,True,True,,,
44,iid,full_sign_flip,24,2,False,0.12481764078606254,0.9121770305028147,0.842466634408668,False,True,True,,,
44,iid,full_sign_flip,24,3,False,0.12214549841533123,0.938892853450215,0.8482730741668555,False,True,True,,,
44,iid,full_sign_flip,24,4,False,0.1260135924212335,0.9339264642515848,0.896219076727079,False,True,True,,,
44,iid,directional_poisoning,0,0,False,0.07838576691383033,0.9569223636513342,0.7776292719381449,False,True,True,,,
44,iid,directional_poisoning,0,1,False,0.07976254008401558,0.959645641545238,0.8843091604150499,False,True,True,,,
44,iid,directional_poisoning,0,2,False,0.08218121935360928,0.9717052506645039,0.8212325026587336,False,True,True,,,
44,iid,directional_poisoning,0,3,False,0.07737122252596548,0.9807644453218574,0.8325788278577793,False,True,True,,,
44,iid,directional_poisoning,0,4,False,0.07907076496535666,0.9507544711198914,0.8095771895030324,False,True,True,,,
44,iid,directional_poisoning,1,0,False,0.04723548530725638,0.9486121949499124,0.8464753193502602,True,True,True,,,
44,iid,directional_poisoning,1,1,False,0.048063873419085655,0.9557978019946567,0.8591059626385285,True,True,True,,,
44,iid,directional_poisoning,1,2,False,0.05480130934647536,0.9448418702945128,0.7678742957090221,True,True,True,,,
44,iid,directional_poisoning,1,3,False,0.04693423781397659,0.8527617980358267,0.7636808074436209,True,True,True,,,
44,iid,directional_poisoning,1,4,False,0.05157093551364149,0.9540372449131153,0.7711430660492322,True,True,True,,,
44,iid,directional_poisoning,2,0,False,0.039357468828063354,0.7281959289806721,0.8100764836307697,True,True,True,,,
44,iid,directional_poisoning,2,1,False,0.034007132667917904,0.8878875494805866,0.8293310029539004,True,True,True,,,
44,iid,directional_poisoning,2,2,False,0.03459571241545693,0.8370881352934826,0.7875502849177747,True,True,True,,,
44,iid,directional_poisoning,2,3,False,0.03555370418317796,0.8667504341334232,0.7842641610272929,True,True,True,,,
44,iid,directional_poisoning,2,4,False,0.034191305025670145,0.9118985922254198,0.7568123876037296,True,True,True,,,
44,iid,directional_poisoning,3,0,False,0.03445055475573538,0.9452603611193847,0.7819107569954953,True,True,True,,,
44,iid,directional_poisoning,3,1,False,0.03674248681203387,0.8532623603149508,0.7972370177987117,True,True,True,,,
44,iid,directional_poisoning,3,2,False,0.03369189744413696,0.9334214347332737,0.7954322020219806,True,True,True,,,
44,iid,directional_poisoning,3,3,False,0.03350786411179407,0.9133187786433964,0.7972003345512172,True,True,True,,,
44,iid,directional_poisoning,3,4,False,0.03694384900262469,0.8792246425221105,0.8175595369106836,True,True,True,,,
44,iid,directional_poisoning,4,0,False,0.03570439286739229,0.929058591159717,0.799056106832192,True,True,True,,,
44,iid,directional_poisoning,4,1,False,0.035879676221531764,0.8464381327970926,0.8046796030808218,True,True,True,,,
44,iid,directional_poisoning,4,2,False,0.03436092157087095,0.905244517354209,0.7796657222989423,True,True,True,,,
44,iid,directional_poisoning,4,3,False,0.03273796345178556,0.9460112641245492,0.7977961589385117,True,True,True,,,
44,iid,directional_poisoning,4,4,False,0.03396997263191693,0.9269278253013381,0.7696502042966359,True,True,True,,,
44,iid,directional_poisoning,5,0,False,0.04186370177198012,0.8286887101195974,0.8196339654235396,True,True,True,,,
44,iid,directional_poisoning,5,1,False,0.038163607845831275,0.8836993505844265,0.8172103817511494,True,True,True,,,
44,iid,directional_poisoning,5,2,False,0.038713124419010286,0.8105890081547038,0.7707877381354563,True,True,True,,,
44,iid,directional_poisoning,5,3,False,0.035890657379553235,0.9351512220969205,0.8130829453151394,True,True,True,,,
44,iid,directional_poisoning,5,4,False,0.037419734518219935,0.8113789315498786,0.7986589503679441,True,True,True,,,
44,iid,directional_poisoning,6,0,False,0.04457953025370369,0.7632461084451126,0.72890104084867,True,True,True,,,
44,iid,directional_poisoning,6,1,False,0.03815055289318416,0.8492091215888111,0.8442225046045775,True,True,True,,,
44,iid,directional_poisoning,6,2,False,0.0394773784867958,0.8837238362568347,0.7852125244506633,True,True,True,,,
44,iid,directional_poisoning,6,3,False,0.03941267960509521,0.9101225717298971,0.8035665843315867,True,True,True,,,
44,iid,directional_poisoning,6,4,False,0.03912232172004189,0.8723743086819161,0.8387112894244635,True,True,True,,,
44,iid,directional_poisoning,7,0,False,0.04358178821848136,0.9268154070294133,0.8245720817683823,True,True,True,,,
44,iid,directional_poisoning,7,1,False,0.04467497765477116,0.945377175246378,0.8502323302801325,True,True,True,,,
44,iid,directional_poisoning,7,2,False,0.044252089638848705,0.879476241163894,0.8365077715592109,True,True,True,,,
44,iid,directional_poisoning,7,3,False,0.043045830184023255,0.8748288065415553,0.795957601579549,True,True,True,,,
44,iid,directional_poisoning,7,4,False,0.044065874596564955,0.9595058221039192,0.8358545746054838,True,True,True,,,
44,iid,directional_poisoning,8,0,False,0.053341199826480126,0.9014141871804568,0.794126199476592,True,True,True,,,
44,iid,directional_poisoning,8,1,False,0.049589242143310404,0.9237915526774685,0.8618642685409116,True,True,True,,,
44,iid,directional_poisoning,8,2,False,0.05200196254667432,0.8887667943630821,0.7876438839991773,True,True,True,,,
44,iid,directional_poisoning,8,3,False,0.0494720310290063,0.9587002216168922,0.7591685047411684,True,True,True,,,
44,iid,directional_poisoning,8,4,False,0.050676016315333056,0.860093492510894,0.7715373867899772,True,True,True,,,
44,iid,directional_poisoning,9,0,False,0.06013170709029598,0.9221923239276858,0.78942841447901,True,True,True,,,
44,iid,directional_poisoning,9,1,False,0.05739345352829686,0.9405185430516914,0.8466375621602868,True,True,True,,,
44,iid,directional_poisoning,9,2,False,0.05607834721814968,0.9698850567036333,0.8155574187579507,True,True,True,,,
44,iid,directional_poisoning,9,3,False,0.05754369342609903,0.9684965499515311,0.8293772406615011,True,True,True,,,
44,iid,directional_poisoning,9,4,False,0.06114528711361059,0.9121658015191739,0.838881982190355,True,True,True,,,
44,iid,directional_poisoning,10,0,True,0.0692566085747425,-0.972206523162003,0.23955893481315987,False,False,False,,,
44,iid,directional_poisoning,10,1,False,0.06702291888797175,0.931070408796145,0.8222334330294404,False,True,True,,,
44,iid,directional_poisoning,10,2,False,0.0656244967400863,0.955518490092952,0.8142409282548376,False,True,True,,,
44,iid,directional_poisoning,10,3,False,0.06692538725819533,0.9735815560729709,0.8009224892796656,False,True,True,,,
44,iid,directional_poisoning,10,4,False,0.06871436645882077,0.9517658693795061,0.8058880761053656,False,True,True,,,
44,iid,directional_poisoning,11,0,True,0.08068737742149826,-0.9850313156243558,0.17142333528346174,False,False,False,,,
44,iid,directional_poisoning,11,1,False,0.08057580112395399,0.9712987659497846,0.8377540159722565,False,True,True,,,
44,iid,directional_poisoning,11,2,False,0.07929338033919728,0.973493818139975,0.825552790915691,False,True,True,,,
44,iid,directional_poisoning,11,3,False,0.07624776129972749,0.9828093330890897,0.8061830818137604,False,True,True,,,
44,iid,directional_poisoning,11,4,False,0.07811890688221415,0.98187580182393,0.8231491989201458,False,True,True,,,
44,iid,directional_poisoning,12,0,True,0.10209469023432886,-0.9819218967160643,0.17063746706169872,False,False,False,,,
44,iid,directional_poisoning,12,1,False,0.0982006947630793,0.9773659382780377,0.8711754024275358,False,True,True,,,
44,iid,directional_poisoning,12,2,False,0.09738141714392926,0.9863200496768691,0.8206927624482886,False,True,True,,,
44,iid,directional_poisoning,12,3,False,0.09233169711303954,0.9651836019156816,0.8324549786327704,False,True,True,,,
44,iid,directional_poisoning,12,4,False,0.09830244163974734,0.9614178527055319,0.8400256679819232,False,True,True,,,
44,iid,directional_poisoning,13,0,True,0.12724110135027505,-0.9838084889005488,0.14686188851874754,False,False,False,,,
44,iid,directional_poisoning,13,1,False,0.11879503780582862,0.9876684551113182,0.8998557113695451,False,True,True,,,
44,iid,directional_poisoning,13,2,False,0.12152951541652018,0.9899278651220569,0.808800941533183,False,True,True,,,
44,iid,directional_poisoning,13,3,False,0.1127528312102667,0.9746264800619313,0.813595047641845,False,True,True,,,
44,iid,directional_poisoning,13,4,False,0.11980596345775392,0.9666513044622184,0.823023677963735,False,True,True,,,
44,iid,directional_poisoning,14,0,True,0.14460188588961964,-0.9913021174300032,0.14422435991888916,False,False,False,,,
44,iid,directional_poisoning,14,1,False,0.14059603927265132,0.9893168557786185,0.8593891426526618,False,True,True,,,
44,iid,directional_poisoning,14,2,False,0.1363927811044593,0.9924793299738836,0.8761586011885968,False,True,True,,,
44,iid,directional_poisoning,14,3,False,0.1357687499155549,0.9885798522288014,0.8793861957185257,False,True,True,,,
44,iid,directional_poisoning,14,4,False,0.1390798265976833,0.9936709546896447,0.8830838964082486,False,True,True,,,
44,iid,directional_poisoning,15,0,True,0.15672356224996603,-0.9879323745568817,0.1541056098160161,False,False,False,,,
44,iid,directional_poisoning,15,1,False,0.15521559446619904,0.9880785779288421,0.8703746738286048,False,True,True,,,
44,iid,directional_poisoning,15,2,False,0.15084082614364094,0.9943714618643696,0.8432451812948589,False,True,True,,,
44,iid,directional_poisoning,15,3,False,0.15538188704185682,0.9832133289011545,0.8276951882664613,False,True,True,,,
44,iid,directional_poisoning,15,4,False,0.15605666004964003,0.9886803112153808,0.8687280477521562,False,True,True,,,
44,iid,directional_poisoning,16,0,True,0.15274170673520615,-0.9873302775963709,0.17335095455556573,False,False,False,,,
44,iid,directional_poisoning,16,1,False,0.15405615323237087,0.9818606727872056,0.8926959161508969,False,True,True,,,
44,iid,directional_poisoning,16,2,False,0.15136350829649378,0.9847968759583835,0.847905735184434,False,True,True,,,
44,iid,directional_poisoning,16,3,False,0.14798057118319421,0.9844395762654087,0.8583999581277888,False,True,True,,,
44,iid,directional_poisoning,16,4,False,0.15225002130132553,0.9800853330207481,0.8720280543815343,False,True,True,,,
44,iid,directional_poisoning,17,0,True,0.1422757334232573,-0.9816881810545747,0.14796854093920309,False,False,False,,,
44,iid,directional_poisoning,17,1,False,0.14295012969913207,0.9603953386023257,0.8846718663316255,False,True,True,,,
44,iid,directional_poisoning,17,2,False,0.14271975782780993,0.986915268764313,0.8442189080703586,False,True,True,,,
44,iid,directional_poisoning,17,3,False,0.14247017072356874,0.9734360903393783,0.8747511666612277,False,True,True,,,
44,iid,directional_poisoning,17,4,False,0.1449122826500272,0.9698988840113617,0.8793264367065888,False,True,True,,,
44,iid,directional_poisoning,18,0,True,0.12989338229731645,-0.976572925063193,0.15809247237614027,False,False,False,,,
44,iid,directional_poisoning,18,1,False,0.13138011383147735,0.980124338210608,0.899167214694526,False,True,True,,,
44,iid,directional_poisoning,18,2,False,0.12572262362222472,0.9763307053551917,0.8640001041795534,False,True,True,,,
44,iid,directional_poisoning,18,3,False,0.12161314146866989,0.976869303440798,0.8743920146372273,False,True,True,,,
44,iid,directional_poisoning,18,4,False,0.12529145591416688,0.9701152077959911,0.8786047753302817,False,True,True,,,
44,iid,directional_poisoning,19,0,True,0.1214466454185518,-0.9671017866229087,0.15782541936229946,False,False,False,,,
44,iid,directional_poisoning,19,1,False,0.12014948836951395,0.9632158298815183,0.8918299036960419,False,True,True,,,
44,iid,directional_poisoning,19,2,False,0.12115928720108568,0.9647631761586541,0.8695688486569485,False,True,True,,,
44,iid,directional_poisoning,19,3,False,0.11668423437411442,0.9522385113045434,0.8402536411119605,False,True,True,,,
44,iid,directional_poisoning,19,4,False,0.1228000631997219,0.9482213619584566,0.8686886857304389,False,True,True,,,
44,iid,directional_poisoning,20,0,True,0.11614089095270529,-0.9674848059138413,0.16986480731705766,False,False,False,,,
44,iid,directional_poisoning,20,1,False,0.1289749031459012,0.9563759008473649,0.8758032428447032,False,True,True,,,
44,iid,directional_poisoning,20,2,False,0.12222120942718147,0.9690229254943304,0.863428059314439,False,True,True,,,
44,iid,directional_poisoning,20,3,False,0.12211610849123598,0.9567019978886722,0.8550571724580661,False,True,True,,,
44,iid,directional_poisoning,20,4,False,0.1194693228836542,0.8841655529036963,0.8595508831698775,False,True,True,,,
44,iid,directional_poisoning,21,0,True,0.12898243841474683,-0.9033342168592037,0.17998190948504414,False,False,False,,,
44,iid,directional_poisoning,21,1,False,0.12055479307964125,0.9403293108755773,0.8773962134680765,False,True,True,,,
44,iid,directional_poisoning,21,2,False,0.12161302515724601,0.9570158946928801,0.8552384517014441,False,True,True,,,
44,iid,directional_poisoning,21,3,False,0.1188829363174723,0.9507737679811494,0.8588191260409844,False,True,True,,,
44,iid,directional_poisoning,21,4,False,0.12365954397588926,0.9287958335017044,0.8559433579738623,False,True,True,,,
44,iid,directional_poisoning,22,0,True,0.12842493181401346,-0.9577847001555952,0.17919503355047264,False,False,False,,,
44,iid,directional_poisoning,22,1,False,0.13333338458809257,0.919220127701606,0.8832345594357643,False,True,True,,,
44,iid,directional_poisoning,22,2,False,0.12035821455733146,0.9437907314176266,0.860624724494294,False,True,True,,,
44,iid,directional_poisoning,22,3,False,0.1280456101499647,0.9349788026466563,0.8632206004799922,False,True,True,,,
44,iid,directional_poisoning,22,4,False,0.12817983794546978,0.9365675732752123,0.8573370230690112,False,True,True,,,
44,iid,directional_poisoning,23,0,True,0.13411544280815685,-0.9142386301368253,0.20328342911526776,False,False,False,,,
44,iid,directional_poisoning,23,1,False,0.13047012596367646,0.9106291488726049,0.849280720377759,False,True,True,,,
44,iid,directional_poisoning,23,2,False,0.1292828373521094,0.9314496203281505,0.8415388557414254,False,True,True,,,
44,iid,directional_poisoning,23,3,False,0.1269041941833772,0.9370365218572431,0.8581817294434887,False,True,True,,,
44,iid,directional_poisoning,23,4,False,0.13148016914064448,0.8847265977146854,0.8494210378613175,False,True,True,,,
44,iid,directional_poisoning,24,0,True,0.12845882877438114,-0.9192443423136574,0.16870878262946157,False,False,False,,,
44,iid,directional_poisoning,24,1,False,0.12187050681199367,0.9371531488981656,0.8753482619051993,False,True,True,,,
44,iid,directional_poisoning,24,2,False,0.12483333864102451,0.9092673619323902,0.8541494449241018,False,True,True,,,
44,iid,directional_poisoning,24,3,False,0.12201929085431663,0.9369989190234149,0.8527533356601821,False,True,True,,,
44,iid,directional_poisoning,24,4,False,0.1259009273528818,0.9327788885210357,0.8964919693100893,False,True,True,,,
44,iid,sparse_coordinate_attack,0,0,False,0.07838576841133318,0.9569632441917791,0.7775949294317169,False,True,True,,,
44,iid,sparse_coordinate_attack,0,1,False,0.07976428396996738,0.9596163004980418,0.8843456264911322,False,True,True,,,
44,iid,sparse_coordinate_attack,0,2,False,0.08218161404345178,0.9716935768999364,0.8212294115956194,False,True,True,,,
44,iid,sparse_coordinate_attack,0,3,False,0.07738639168726995,0.9806633241736451,0.8327344850383742,False,True,True,,,
44,iid,sparse_coordinate_attack,0,4,False,0.07907086802618954,0.9507441110681387,0.8096093592802323,False,True,True,,,
44,iid,sparse_coordinate_attack,1,0,False,0.04725387629589289,0.9483396978626142,0.8441254049714728,True,True,True,,,
44,iid,sparse_coordinate_attack,1,1,False,0.04803312601178003,0.9556034086381012,0.8588262278161645,True,True,True,,,
44,iid,sparse_coordinate_attack,1,2,False,0.05478718450468288,0.9449903898565347,0.769452965968061,True,True,True,,,
44,iid,sparse_coordinate_attack,1,3,False,0.04693095912593506,0.8529138529990704,0.7639410533558875,True,True,True,,,
44,iid,sparse_coordinate_attack,1,4,False,0.05156186801266273,0.9543280186545235,0.7712950485965767,True,True,True,,,
44,iid,sparse_coordinate_attack,2,0,False,0.039391716525606205,0.7288382871054798,0.8118829044210587,True,True,True,,,
44,iid,sparse_coordinate_attack,2,1,False,0.033999519352576814,0.8884170600562163,0.8304093144867137,True,True,True,,,
44,iid,sparse_coordinate_attack,2,2,False,0.034723386310089976,0.8345071487079803,0.7883077767585644,True,True,True,,,
44,iid,sparse_coordinate_attack,2,3,False,0.03552838387820487,0.8656048227631369,0.7864154105062441,True,True,True,,,
44,iid,sparse_coordinate_attack,2,4,False,0.03422577556273937,0.9124576008977314,0.7571054019111455,True,True,True,,,
44,iid,sparse_coordinate_attack,3,0,False,0.03454823722972709,0.9416494675105207,0.7787608671728843,True,True,True,,,
44,iid,sparse_coordinate_attack,3,1,False,0.03674297003482825,0.8465051534393382,0.7973001724074685,True,True,True,,,
44,iid,sparse_coordinate_attack,3,2,False,0.03359531831833149,0.9312242180266025,0.7960236234914346,True,True,True,,,
44,iid,sparse_coordinate_attack,3,3,False,0.03352880100560502,0.9144359273383167,0.7977843806169986,True,True,True,,,
44,iid,sparse_coordinate_attack,3,4,False,0.036945130440439594,0.8809197604394897,0.8185613146986538,True,True,True,,,
44,iid,sparse_coordinate_attack,4,0,False,0.035698395248152166,0.9287740557469601,0.7974571806882412,True,True,True,,,
44,iid,sparse_coordinate_attack,4,1,False,0.03592472729405128,0.8453334034925883,0.8040918604154506,True,True,True,,,
44,iid,sparse_coordinate_attack,4,2,False,0.034410558892986186,0.9066026927238352,0.7787633298688725,True,True,True,,,
44,iid,sparse_coordinate_attack,4,3,False,0.032782954690486386,0.94663185239221,0.797065649159275,True,True,True,,,
44,iid,sparse_coordinate_attack,4,4,False,0.03395034241949631,0.9266014966245356,0.7721500064068796,True,True,True,,,
44,iid,sparse_coordinate_attack,5,0,False,0.04186254735996072,0.8284031960796865,0.8212378328741965,True,True,True,,,
44,iid,sparse_coordinate_attack,5,1,False,0.0381946217773466,0.8835008385921167,0.8166391184573003,True,True,True,,,
44,iid,sparse_coordinate_attack,5,2,False,0.03871187922719586,0.8106546934756057,0.7698732782369146,True,True,True,,,
44,iid,sparse_coordinate_attack,5,3,False,0.03590667386059095,0.9350344036254444,0.8097851239669421,True,True,True,,,
44,iid,sparse_coordinate_attack,5,4,False,0.037479863959749934,0.8101392026102024,0.79766391184573,True,True,True,,,
44,iid,sparse_coordinate_attack,6,0,False,0.04451863484207526,0.763477840054579,0.7281857636410359,True,True,True,,,
44,iid,sparse_coordinate_attack,6,1,False,0.038222644195684746,0.845574325080959,0.844480769779859,True,True,True,,,
44,iid,sparse_coordinate_attack,6,2,False,0.039474783555565274,0.8839968467696694,0.7866616223624475,True,True,True,,,
44,iid,sparse_coordinate_attack,6,3,False,0.03939353461135829,0.9105704962396018,0.8032007537903664,True,True,True,,,
44,iid,sparse_coordinate_attack,6,4,False,0.039134359333976465,0.8720522116848632,0.8422964908774234,True,True,True,,,
44,iid,sparse_coordinate_attack,7,0,False,0.04358180134870766,0.9260566241435503,0.8246791326746491,True,True,True,,,
44,iid,sparse_coordinate_attack,7,1,False,0.04466171738329551,0.9455570987663606,0.8541194984893812,True,True,True,,,
44,iid,sparse_coordinate_attack,7,2,False,0.044242288785408944,0.8804360808633215,0.8345965125860162,True,True,True,,,
44,iid,sparse_coordinate_attack,7,3,False,0.043043838565524614,0.875003017578091,0.7964190538403866,True,True,True,,,
44,iid,sparse_coordinate_attack,7,4,False,0.044068151578843355,0.9594698160373306,0.8396368576158203,True,True,True,,,
44,iid,sparse_coordinate_attack,8,0,False,0.05325021615205704,0.9009125312751379,0.7927950292936887,True,True,True,,,
44,iid,sparse_coordinate_attack,8,1,False,0.04957188309554808,0.9220626962631968,0.8617309520094194,True,True,True,,,
44,iid,sparse_coordinate_attack,8,2,False,0.05192051286546269,0.887244645185119,0.7874540734541018,True,True,True,,,
44,iid,sparse_coordinate_attack,8,3,False,0.04940364561262265,0.9581622848013245,0.7618912516136354,True,True,True,,,
44,iid,sparse_coordinate_attack,8,4,False,0.050637546068297866,0.8578960776880602,0.7705304072744812,True,True,True,,,
44,iid,sparse_coordinate_attack,9,0,False,0.060118097803086815,0.9217358262032058,0.7899176672136243,True,True,True,,,
44,iid,sparse_coordinate_attack,9,1,False,0.05747622738354385,0.9411974550417741,0.8471675063791645,True,True,True,,,
44,iid,sparse_coordinate_attack,9,2,False,0.05606868518765917,0.9696782032679262,0.8170101416066098,True,True,True,,,
44,iid,sparse_coordinate_attack,9,3,False,0.05750977837236245,0.9685840189897559,0.8299347265091332,True,True,True,,,
44,iid,sparse_coordinate_attack,9,4,False,0.061134459274905927,0.9123885666273573,0.8403293311455028,True,True,True,,,
44,iid,sparse_coordinate_attack,10,0,True,4.468556489222047,0.021023690735058918,0.00802108659592356,False,False,False,,,
44,iid,sparse_coordinate_attack,10,1,False,0.06549796804946925,0.9719780440305149,0.8821604671771683,False,True,True,,,
44,iid,sparse_coordinate_attack,10,2,False,0.06756646960518274,0.9148715211894821,0.8067137782423293,False,True,True,,,
44,iid,sparse_coordinate_attack,10,3,False,0.0655788209109022,0.960154691422573,0.8252857370083392,False,True,True,,,
44,iid,sparse_coordinate_attack,10,4,False,0.06937632845689892,0.9417261848170674,0.8640202382845933,False,True,True,,,
44,iid,sparse_coordinate_attack,11,0,True,5.839758152200708,0.005666906814951944,0.008226331964845525,False,False,False,,,
44,iid,sparse_coordinate_attack,11,1,False,0.08021684026590718,0.977227798466442,0.8926263412079152,False,True,True,,,
44,iid,sparse_coordinate_attack,11,2,False,0.08007177923505232,0.9691243152834175,0.8747487040446132,False,True,True,,,
44,iid,sparse_coordinate_attack,11,3,False,0.07901082250139999,0.9511518235027531,0.8075361827662967,False,True,True,,,
44,iid,sparse_coordinate_attack,11,4,False,0.07736212917575168,0.9771779047325547,0.8691335392483844,False,True,True,,,
44,iid,sparse_coordinate_attack,12,0,True,7.096530016592026,0.027386997983676498,0.007758526751661763,False,False,False,,,
44,iid,sparse_coordinate_attack,12,1,False,0.09633540128573938,0.9718062526092799,0.8614870509607352,False,True,True,,,
44,iid,sparse_coordinate_attack,12,2,False,0.10095448569464811,0.9811232253988923,0.8764519995641277,False,True,True,,,
44,iid,sparse_coordinate_attack,12,3,False,0.0949020641689527,0.9908790320824944,0.8559369438087974,False,True,True,,,
44,iid,sparse_coordinate_attack,12,4,False,0.10012716453443804,0.9780407555852275,0.8857433438669137,False,True,True,,,
44,iid,sparse_coordinate_attack,13,0,True,8.989162343080507,-0.0062060246706307255,0.007375280388426701,False,False,False,,,
44,iid,sparse_coordinate_attack,13,1,False,0.11546238805299112,0.9822588912646254,0.9187441437860245,False,True,True,,,
44,iid,sparse_coordinate_attack,13,2,False,0.11553853567333426,0.9848517818827103,0.8463826343734916,False,True,True,,,
44,iid,sparse_coordinate_attack,13,3,False,0.11475462168650086,0.9812975225819053,0.8485547573752804,False,True,True,,,
44,iid,sparse_coordinate_attack,13,4,False,0.12160448209047017,0.9826024789357629,0.8827266532269513,False,True,True,,,
44,iid,sparse_coordinate_attack,14,0,True,10.511444424734977,-0.03981130880944824,0.006989806532140628,False,False,False,,,
44,iid,sparse_coordinate_attack,14,1,False,0.14559314307698165,0.9793372669573699,0.9045211843838846,False,True,True,,,
44,iid,sparse_coordinate_attack,14,2,False,0.14244192756291438,0.9875951417500167,0.859676860134526,False,True,True,,,
44,iid,sparse_coordinate_attack,14,3,False,0.13823604114632942,0.9892129276856492,0.8419111018653352,False,True,True,,,
44,iid,sparse_coordinate_attack,14,4,False,0.14389985341831799,0.9806516066235905,0.8645031551210041,False,True,True,,,
44,iid,sparse_coordinate_attack,15,0,True,11.927008524367151,-0.014682833507819506,0.007278582930756844,False,False,False,,,
44,iid,sparse_coordinate_attack,15,1,False,0.157054432609786,0.9904030979739309,0.9056146001073537,False,True,True,,,
44,iid,sparse_coordinate_attack,15,2,False,0.15225583040035096,0.9890273588032974,0.8910144927536232,False,True,True,,,
44,iid,sparse_coordinate_attack,15,3,False,0.15268175332205042,0.9883369492385717,0.8742887815351583,False,True,True,,,
44,iid,sparse_coordinate_attack,15,4,False,0.15642214653516934,0.9899678139880655,0.891343710860619,False,True,True,,,
44,iid,sparse_coordinate_attack,16,0,True,11.694515051430827,0.015947839270570495,0.00713471699416376,False,False,False,,,
44,iid,sparse_coordinate_attack,16,1,False,0.15573383917158684,0.9758544563417052,0.8929930586732051,False,True,True,,,
44,iid,sparse_coordinate_attack,16,2,False,0.15542107754282877,0.9797265244048009,0.9091480471043271,False,True,True,,,
44,iid,sparse_coordinate_attack,16,3,False,0.14865922049880212,0.9898407577434187,0.8715750941050523,False,True,True,,,
44,iid,sparse_coordinate_attack,16,4,False,0.15693437511097588,0.9783138203307039,0.8739441240459992,False,True,True,,,
44,iid,sparse_coordinate_attack,17,0,True,8.629157796776832,-0.016984288395862468,0.006864330145507358,False,False,False,,,
44,iid,sparse_coordinate_attack,17,1,False,0.13612842788077875,0.9686237947087457,0.9211013070999918,False,True,True,,,
44,iid,sparse_coordinate_attack,17,2,False,0.13690968199976852,0.9681696641265153,0.8646589756939687,False,True,True,,,
44,iid,sparse_coordinate_attack,17,3,False,0.13629876691990214,0.9808460001713186,0.8532595292247829,False,True,True,,,
44,iid,sparse_coordinate_attack,17,4,False,0.14215070184755385,0.9584620017230895,0.8971309566218179,False,True,True,,,
44,iid,sparse_coordinate_attack,18,0,True,9.890438107775408,0.03382010738260363,0.007608198561509999,False,False,False,,,
44,iid,sparse_coordinate_attack,18,1,False,0.12213946781973739,0.9705327601364915,0.9061309053617705,False,True,True,,,
44,iid,sparse_coordinate_attack,18,2,False,0.12480448727969508,0.979978710372322,0.9201554899596723,False,True,True,,,
44,iid,sparse_coordinate_attack,18,3,False,0.12482128766654388,0.9553549854436281,0.9050361008328829,False,True,True,,,
44,iid,sparse_coordinate_attack,18,4,False,0.12708838407919373,0.9737700384746383,0.8959381366149752,False,True,True,,,
44,iid,sparse_coordinate_attack,19,0,True,8.743828271837197,0.01796491506191579,0.007220117120220462,False,False,False,,,
44,iid,sparse_coordinate_attack,19,1,False,0.11885423537343678,0.9432340443988149,0.8918429211160868,False,True,True,,,
44,iid,sparse_coordinate_attack,19,2,False,0.1198682629560737,0.9655246282561752,0.874454013089907,False,True,True,,,
44,iid,sparse_coordinate_attack,19,3,False,0.11583515432080073,0.9711611089709468,0.9051601791250431,False,True,True,,,
44,iid,sparse_coordinate_attack,19,4,False,0.1205769269082506,0.9533466698906774,0.8875645883568722,False,True,True,,,
44,iid,sparse_coordinate_attack,20,0,True,10.718216023343587,-0.00664580676110368,0.006996455129401103,False,False,False,,,
44,iid,sparse_coordinate_attack,20,1,False,0.12011489427814465,0.9129029911439416,0.9090394200271862,False,True,True,,,
44,iid,sparse_coordinate_attack,20,2,False,0.11673735322821589,0.9680831619360605,0.8808670273727978,False,True,True,,,
44,iid,sparse_coordinate_attack,20,3,False,0.11440505431364413,0.9453287323064861,0.8692995548921879,False,True,True,,,
44,iid,sparse_coordinate_attack,20,4,False,0.12796942753639376,0.9491111142939589,0.8946933553666142,False,True,True,,,
44,iid,sparse_coordinate_attack,21,0,True,9.12275473465343,-0.008328934074682635,0.006993812644433752,False,False,False,,,
44,iid,sparse_coordinate_attack,21,1,False,0.11872396205816796,0.9515441633090485,0.9199981024539337,False,True,True,,,
44,iid,sparse_coordinate_attack,21,2,False,0.12508998549378528,0.9543889899086768,0.8871434477056634,False,True,True,,,
44,iid,sparse_coordinate_attack,21,3,False,0.1256214731796565,0.9685620012654724,0.8748432830257727,False,True,True,,,
44,iid,sparse_coordinate_attack,21,4,False,0.12008984349112461,0.9187059331213236,0.8688321281656829,False,True,True,,,
44,iid,sparse_coordinate_attack,22,0,True,10.988153331786496,0.00762373438475978,0.00681179316205792,False,False,False,,,
44,iid,sparse_coordinate_attack,22,1,False,0.12438370467716531,0.9684352844104303,0.9237889782310257,False,True,True,,,
44,iid,sparse_coordinate_attack,22,2,False,0.12252717266172758,0.9540272190880084,0.8793946525462509,False,True,True,,,
44,iid,sparse_coordinate_attack,22,3,False,0.12943637172851027,0.9573412447067532,0.8692488723279075,False,True,True,,,
44,iid,sparse_coordinate_attack,22,4,False,0.1311536693099753,0.9511634974262206,0.8662025233705956,False,True,True,,,
44,iid,sparse_coordinate_attack,23,0,True,10.934757052871076,-0.006972428761217432,0.00675566890138269,False,False,False,,,
44,iid,sparse_coordinate_attack,23,1,False,0.12674780755037068,0.9476522954334832,0.8933840813513914,False,True,True,,,
44,iid,sparse_coordinate_attack,23,2,False,0.12828385062320982,0.9438904673281002,0.8722798611513618,False,True,True,,,
44,iid,sparse_coordinate_attack,23,3,False,0.12821130641039685,0.9521449955944511,0.8893268159482731,False,True,True,,,
44,iid,sparse_coordinate_attack,23,4,False,0.1254361047850311,0.9563137272327781,0.8880387951853784,False,True,True,,,
44,iid,sparse_coordinate_attack,24,0,True,9.942939476988334,-0.021411561211798782,0.006715290942389872,False,False,False,,,
44,iid,sparse_coordinate_attack,24,1,False,0.13296135055872746,0.8947300837901819,0.8906403624329274,False,True,True,,,
44,iid,sparse_coordinate_attack,24,2,False,0.11611483020845537,0.962023733497135,0.8767599524467435,False,True,True,,,
44,iid,sparse_coordinate_attack,24,3,False,0.12387778837798331,0.9565701001998709,0.8639141470937891,False,True,True,,,
44,iid,sparse_coordinate_attack,24,4,False,0.12455709688948192,0.9285377266845481,0.8421039102914244,False,True,True,,,
44,dirichlet_a1.0,no_attack,0,0,False,0.36156231892219964,0.6865752866901772,0.5907839014422365,False,True,True,False,True,True
44,dirichlet_a1.0,no_attack,0,1,False,0.24309968082813124,-0.07689025218074128,0.6703290194568662,True,True,True,False,False,True
44,dirichlet_a1.0,no_attack,0,2,False,0.32156086344378076,0.004826201604802028,0.5970844315455919,False,True,True,False,False,True
44,dirichlet_a1.0,no_attack,0,3,False,0.31366939838054053,0.16234037310833702,0.5850016288091924,False,True,True,False,False,True
44,dirichlet_a1.0,no_attack,0,4,False,0.36279341010346433,0.4114706942416315,0.6960864157313353,False,True,True,False,False,True
44,dirichlet_a1.0,no_attack,1,0,False,0.2852755491724896,0.6088964090769319,0.5535762111368732,True,True,True,False,False,True
44,dirichlet_a1.0,no_attack,1,1,False,0.27055973767438035,-0.06160088475388808,0.6705845442789039,True,True,True,False,False,True
44,dirichlet_a1.0,no_attack,1,2,False,0.3191094796844586,0.0031165408541481516,0.621718203591898,False,True,True,False,False,True
44,dirichlet_a1.0,no_attack,1,3,False,0.25324613614723207,0.005634398786108142,0.5822027348622238,True,True,True,False,False,True
44,dirichlet_a1.0,no_attack,1,4,False,0.3259750162946578,0.3526610139532489,0.6731020867289548,False,True,True,False,False,True
44,dirichlet_a1.0,no_attack,2,0,False,0.22809411774654487,0.10107127204728944,0.55416051409386,True,True,True,False,False,True
44,dirichlet_a1.0,no_attack,2,1,False,0.2586384752115292,0.1791384736018381,0.686453890763304,True,True,True,False,False,True
44,dirichlet_a1.0,no_attack,2,2,False,0.2945245459841374,-0.003798979726331293,0.7019460003464689,True,True,True,False,False,True
44,dirichlet_a1.0,no_attack,2,3,False,0.19689508616605428,-0.590135254599112,0.6125900200457008,True,False,True,False,False,True
44,dirichlet_a1.0,no_attack,2,4,False,0.2912000491541647,0.4229470458266309,0.6625640348778697,True,True,True,False,False,True
44,dirichlet_a1.0,no_attack,3,0,False,0.1889013159426635,0.05943403562663006,0.5570420242792832,True,True,True,False,False,True
44,dirichlet_a1.0,no_attack,3,1,False,0.25029217042499835,0.5495187456019215,0.6794944065549301,True,True,True,False,False,True
44,dirichlet_a1.0,no_attack,3,2,False,0.2588903247497217,0.003924081061433497,0.69620725520242,True,True,True,False,False,True
44,dirichlet_a1.0,no_attack,3,3,False,0.14544354196599593,-0.6037920664206458,0.5452834832593628,True,False,True,False,False,True
44,dirichlet_a1.0,no_attack,3,4,False,0.2733535869929635,0.5250116057574048,0.7286960802216735,True,True,True,False,False,True
44,dirichlet_a1.0,no_attack,4,0,False,0.1639046325991699,-0.05651557724837528,0.5890103751653208,True,True,True,False,False,True
44,dirichlet_a1.0,no_attack,4,1,False,0.24760521354827053,0.5518140891934579,0.7090271331520623,True,True,True,False,False,True
44,dirichlet_a1.0,no_attack,4,2,False,0.23318710552383723,0.17671841027679425,0.713972382180674,True,True,True,False,False,True
44,dirichlet_a1.0,no_attack,4,3,False,0.12430004392568075,-0.5858552168458241,0.5751603920054545,True,False,True,False,False,True
44,dirichlet_a1.0,no_attack,4,4,False,0.2622513745279757,0.624393594436606,0.6689558295614172,True,True,True,False,False,True
44,dirichlet_a1.0,no_attack,5,0,False,0.1570457188593753,0.0899498862240686,0.5622492732279418,True,True,True,False,False,True
44,dirichlet_a1.0,no_attack,5,1,False,0.23198590243156483,0.6728398701947561,0.7564872556013224,True,True,True,False,True,True
44,dirichlet_a1.0,no_attack,5,2,False,0.2150933972365069,0.1757344082799844,0.7003167882427841,True,True,True,False,False,True
44,dirichlet_a1.0,no_attack,5,3,False,0.11299059855721238,-0.39083013722518856,0.4930084144479984,True,True,True,False,False,False
44,dirichlet_a1.0,no_attack,5,4,False,0.25236458135198386,0.5914123499894961,0.6385239048561413,True,True,True,False,False,True
44,dirichlet_a1.0,no_attack,6,0,False,0.12948935886120538,-0.15847256597758996,0.5648731543783733,True,True,True,False,False,True
44,dirichlet_a1.0,no_attack,6,1,False,0.21942718581572174,0.6470486726144132,0.7513730711619392,True,True,True,False,False,True
44,dirichlet_a1.0,no_attack,6,2,False,0.20644299379789055,-0.06296796774454415,0.6930977911980789,True,True,True,False,False,True
44,dirichlet_a1.0,no_attack,6,3,False,0.12007045211625494,-0.2052320173636875,0.5871910094549719,True,True,True,False,False,True
44,dirichlet_a1.0,no_attack,6,4,False,0.23850011844283187,0.4747373265351867,0.6151834327967854,True,True,True,False,False,True
44,dirichlet_a1.0,no_attack,7,0,False,0.14134484849219978,0.11151078914052794,0.5479085272954912,True,True,True,False,False,True
44,dirichlet_a1.0,no_attack,7,1,False,0.21633234247508998,0.7527431673818132,0.8151991914681791,True,True,True,False,True,True
44,dirichlet_a1.0,no_attack,7,2,False,0.20588655761214922,0.16791337339601337,0.6890697358695488,True,True,True,False,False,True
44,dirichlet_a1.0,no_attack,7,3,False,0.12457071945805116,-0.12124903048616066,0.48992352133709444,True,True,True,False,False,False
44,dirichlet_a1.0,no_attack,7,4,False,0.23789811707328423,0.5374654529432815,0.7183714721011268,True,True,True,False,False,True
44,dirichlet_a1.0,no_attack,8,0,False,0.1357453611394457,0.04749202851399561,0.5710913171443881,True,True,True,False,False,True
44,dirichlet_a1.0,no_attack,8,1,False,0.2019502953101413,0.6537273309215035,0.7172965962833247,True,True,True,False,True,True
44,dirichlet_a1.0,no_attack,8,2,False,0.19170073196296583,0.12278104778245369,0.6890992537139573,True,True,True,False,False,True
44,dirichlet_a1.0,no_attack,8,3,False,0.12787340091217625,-0.11927187504514765,0.5774592105365338,True,True,True,False,False,True
44,dirichlet_a1.0,no_attack,8,4,False,0.2179353298180032,0.3733960420241942,0.7190283526570423,True,True,True,False,False,True
44,dirichlet_a1.0,no_attack,9,0,False,0.14431178028062272,0.07771366027500452,0.6163713539584379,True,True,True,False,False,True
44,dirichlet_a1.0,no_attack,9,1,False,0.19809910285488622,0.6849272722507229,0.7841169115082639,True,True,True,False,True,True
44,dirichlet_a1.0,no_attack,9,2,False,0.19735895584536242,0.37783561641204794,0.7177842615197475,True,True,True,False,False,True
44,dirichlet_a1.0,no_attack,9,3,False,0.11671291847119061,-0.010453709071565351,0.5929873510322476,True,True,True,False,False,True
44,dirichlet_a1.0,no_attack,9,4,False,0.21696916524997703,0.4491322432658763,0.7262651094344117,True,True,True,False,False,True
44,dirichlet_a1.0,no_attack,10,0,True,0.13268245202766002,0.12106625870843421,0.6013943944026438,True,True,True,False,False,True
44,dirichlet_a1.0,no_attack,10,1,False,0.19468432772343558,0.64596194782774,0.7350485812943475,True,True,True,False,False,True
44,dirichlet_a1.0,no_attack,10,2,False,0.20751996423754274,0.20794399623150245,0.7873548535968288,True,True,True,False,False,True
44,dirichlet_a1.0,no_attack,10,3,False,0.1292278297739953,0.12212736365673506,0.5748168415153738,True,True,True,False,False,True
44,dirichlet_a1.0,no_attack,10,4,False,0.22394156690146966,0.6139958075874367,0.6740067412211664,True,True,True,False,False,True
44,dirichlet_a1.0,no_attack,11,0,True,0.13073776359724945,0.13290072712156586,0.6551213912156129,True,True,True,False,False,True
44,dirichlet_a1.0,no_attack,11,1,False,0.2094917771981516,0.7375279378353056,0.7937327267315787,True,True,True,False,True,True
44,dirichlet_a1.0,no_attack,11,2,False,0.21350290761191099,0.38456692887484495,0.7461116544070752,True,True,True,False,False,True
44,dirichlet_a1.0,no_attack,11,3,False,0.13599421634150108,0.2582251321148875,0.6245503635358646,True,True,True,False,False,True
44,dirichlet_a1.0,no_attack,11,4,False,0.2096541267725929,0.4939525549386643,0.7304647306433096,True,True,True,False,False,True
44,dirichlet_a1.0,no_attack,12,0,True,0.12964632545480817,0.13417190165220563,0.6048275031125748,True,True,True,False,False,True
44,dirichlet_a1.0,no_attack,12,1,False,0.20242052074985142,0.5576929690167961,0.7727780232137836,True,True,True,False,False,True
44,dirichlet_a1.0,no_attack,12,2,False,0.21983791868959343,0.4007276728624042,0.7235069681513314,True,True,True,False,False,True
44,dirichlet_a1.0,no_attack,12,3,False,0.16888862823103928,0.41222786258766825,0.6086830796417527,True,True,True,False,False,True
44,dirichlet_a1.0,no_attack,12,4,False,0.23144799555765241,0.6604766587757563,0.7124382505321499,True,True,True,False,True,True
44,dirichlet_a1.0,no_attack,13,0,True,0.1206496593296905,0.3352896263738947,0.5924266683492787,True,True,True,False,False,True
44,dirichlet_a1.0,no_attack,13,1,False,0.2075935559010303,0.6566203624581792,0.7011444390986458,True,True,True,False,True,True
44,dirichlet_a1.0,no_attack,13,2,False,0.23371461788977238,0.5625958843763108,0.7675234842688919,True,True,True,False,False,True
44,dirichlet_a1.0,no_attack,13,3,False,0.17032493604439602,0.46518096397976894,0.596204658206283,True,True,True,False,False,True
44,dirichlet_a1.0,no_attack,13,4,False,0.22861985288388176,0.6552880283827349,0.721619724419696,True,True,True,False,True,True
44,dirichlet_a1.0,no_attack,14,0,True,0.1399618367313396,0.353429071186051,0.6157952660194813,True,True,True,False,False,True
44,dirichlet_a1.0,no_attack,14,1,False,0.2096475509205992,0.6771895954417414,0.7986333546871663,True,True,True,False,True,True
44,dirichlet_a1.0,no_attack,14,2,False,0.24362321808935136,0.513298426084349,0.7493552785032606,True,True,True,False,False,True
44,dirichlet_a1.0,no_attack,14,3,False,0.20366563107723418,0.6047305121747143,0.655324496131671,True,True,True,False,False,True
44,dirichlet_a1.0,no_attack,14,4,False,0.23358556239612763,0.6572999090762855,0.7005124919923126,True,True,True,False,True,True
44,dirichlet_a1.0,no_attack,15,0,True,0.1427635923164448,0.5305254459347645,0.6492695580171183,True,True,True,False,False,True
44,dirichlet_a1.0,no_attack,15,1,False,0.22193100940345567,0.6970765333600235,0.8079812087568545,True,True,True,False,True,True
44,dirichlet_a1.0,no_attack,15,2,False,0.23295366418796518,0.5966269372423334,0.7268510303921321,True,True,True,False,False,True
44,dirichlet_a1.0,no_attack,15,3,False,0.23006365475103477,0.6565556101899822,0.6783520485327791,True,True,True,False,True,True
44,dirichlet_a1.0,no_attack,15,4,False,0.2572729238310544,0.6007798434970107,0.7425160325467035,True,True,True,False,False,True
44,dirichlet_a1.0,no_attack,16,0,True,0.1318711250310063,0.4543588537494252,0.6369368491291733,True,True,True,False,False,True
44,dirichlet_a1.0,no_attack,16,1,False,0.22756411235463953,0.6772045018738183,0.7833317088897053,True,True,True,False,True,True
44,dirichlet_a1.0,no_attack,16,2,False,0.24790858975769117,0.5804091393360384,0.7291402694577107,True,True,True,False,False,True
44,dirichlet_a1.0,no_attack,16,3,False,0.234827137433834,0.5665953387937265,0.6353773832462382,True,True,True,False,False,True
44,dirichlet_a1.0,no_attack,16,4,False,0.2659207867829681,0.763433253042237,0.6879943619310386,True,True,True,False,True,True
44,dirichlet_a1.0,no_attack,17,0,True,0.14458614139760514,0.44998655505103075,0.637322733453877,True,True,True,False,False,True
44,dirichlet_a1.0,no_attack,17,1,False,0.23288678847370203,0.7268665452210308,0.7950432612561454,True,True,True,False,True,True
44,dirichlet_a1.0,no_attack,17,2,False,0.23060602136799158,0.4186519749887589,0.7365098103677581,True,True,True,False,False,True
44,dirichlet_a1.0,no_attack,17,3,False,0.23598681542047065,0.5251616291952853,0.6369790343549665,True,True,True,False,False,True
44,dirichlet_a1.0,no_attack,17,4,False,0.27561328432295273,0.6803332684817235,0.7264005738280608,True,True,True,False,True,True
44,dirichlet_a1.0,no_attack,18,0,True,0.13807656561721918,0.36141846227650687,0.6806462528709151,True,True,True,False,False,True
44,dirichlet_a1.0,no_attack,18,1,False,0.24315365036068193,0.7445676841656154,0.7727243273599101,True,True,True,False,True,True
44,dirichlet_a1.0,no_attack,18,2,False,0.24793620850868356,0.5080897179756996,0.7593471233251495,True,True,True,False,False,True
44,dirichlet_a1.0,no_attack,18,3,False,0.21256945463776505,0.468258849721179,0.6595868762284637,True,True,True,False,False,True
44,dirichlet_a1.0,no_attack,18,4,False,0.2701176271384529,0.6576079721257819,0.731462348714478,True,True,True,False,True,True
44,dirichlet_a1.0,no_attack,19,0,True,0.13688194697869338,0.2524660639635284,0.6518581021692508,True,True,True,False,False,True
44,dirichlet_a1.0,no_attack,19,1,False,0.2589428238269698,0.6944571962860329,0.7197974897162747,True,True,True,False,True,True
44,dirichlet_a1.0,no_attack,19,2,False,0.24953188374363247,0.3147187886777016,0.7282776078472735,True,True,True,False,False,True
44,dirichlet_a1.0,no_attack,19,3,False,0.2230209452019224,0.3400544315689715,0.6796681081461168,True,True,True,False,False,True
44,dirichlet_a1.0,no_attack,19,4,False,0.25780902299299624,0.6632273205205922,0.7502302851316669,True,True,True,False,True,True
44,dirichlet_a1.0,no_attack,20,0,True,0.12502203753259084,0.2338038499128466,0.6546050357424332,True,True,True,False,False,True
44,dirichlet_a1.0,no_attack,20,1,False,0.25689786124442493,0.725652688127808,0.6861510169655572,True,True,True,False,True,True
44,dirichlet_a1.0,no_attack,20,2,False,0.26905017243741025,0.44823567359454025,0.7518631693928626,True,True,True,False,False,True
44,dirichlet_a1.0,no_attack,20,3,False,0.19802681964671606,0.24840189951227587,0.668487203241016,True,True,True,False,False,True
44,dirichlet_a1.0,no_attack,20,4,False,0.26733747547471,0.6559991860404878,0.7095806313344303,True,True,True,False,True,True
44,dirichlet_a1.0,no_attack,21,0,True,0.1285591726477228,0.15049509640018444,0.6650055407727885,True,True,True,False,False,True
44,dirichlet_a1.0,no_attack,21,1,False,0.25384653910620764,0.7097205645409981,0.748787333859762,True,True,True,False,True,True
44,dirichlet_a1.0,no_attack,21,2,False,0.2659207424418736,0.5069271431615981,0.7624236070099071,True,True,True,False,False,True
44,dirichlet_a1.0,no_attack,21,3,False,0.18105852976192222,0.1101324776514943,0.6734195526240702,True,True,True,False,False,True
44,dirichlet_a1.0,no_attack,21,4,False,0.2648634417568903,0.6756861637768232,0.6945076675005475,True,True,True,False,True,True
44,dirichlet_a1.0,no_attack,22,0,True,0.1281603541778855,0.2376098403802236,0.6557856573033344,True,True,True,False,False,True
44,dirichlet_a1.0,no_attack,22,1,False,0.2644704107252411,0.7867177556129926,0.7411971488426091,True,True,True,False,True,True
44,dirichlet_a1.0,no_attack,22,2,False,0.2720774980871863,0.428677919138816,0.7493497986159304,True,True,True,False,False,True
44,dirichlet_a1.0,no_attack,22,3,False,0.16875011989792332,0.04775285723696724,0.6594760771291258,True,True,True,False,False,True
44,dirichlet_a1.0,no_attack,22,4,False,0.27065392612129485,0.5923781660744,0.7338746813851073,True,True,True,False,False,True
44,dirichlet_a1.0,no_attack,23,0,True,0.13014130874249208,0.19894277770787755,0.6577241065034829,True,True,True,False,False,True
44,dirichlet_a1.0,no_attack,23,1,False,0.27001388543912547,0.7732555019264469,0.7470867782045439,True,True,True,False,True,True
44,dirichlet_a1.0,no_attack,23,2,False,0.2869227803813365,0.565307918853797,0.760321593646247,True,True,True,False,False,True
44,dirichlet_a1.0,no_attack,23,3,False,0.16342260660384827,0.17050254490928887,0.6539418006640193,True,True,True,False,False,True
44,dirichlet_a1.0,no_attack,23,4,False,0.271899377713354,0.5845819378176815,0.7265086908404401,True,True,True,False,False,True
44,dirichlet_a1.0,no_attack,24,0,True,0.1430682846433227,0.29883542232692795,0.6899863341733429,True,True,True,False,False,True
44,dirichlet_a1.0,no_attack,24,1,False,0.2607133570883726,0.8011211569156494,0.7754792442421735,True,True,True,False,True,True
44,dirichlet_a1.0,no_attack,24,2,False,0.2759157932667791,0.49777889361497174,0.7565727611238575,True,True,True,False,False,True
44,dirichlet_a1.0,no_attack,24,3,False,0.17398713667188875,0.14891123011367374,0.6467007685460313,True,True,True,False,False,True
44,dirichlet_a1.0,no_attack,24,4,False,0.2555912848174488,0.5493406407499577,0.6931520417246524,True,True,True,False,False,True
44,dirichlet_a1.0,large_norm,0,0,False,0.36156233926119646,0.686583968747021,0.5908794740037614,False,True,True,False,True,True
44,dirichlet_a1.0,large_norm,0,1,False,0.24309922464245196,-0.07691356059551922,0.6703046098713146,True,True,True,False,False,True
44,dirichlet_a1.0,large_norm,0,2,False,0.32156068649450714,0.004822639471498088,0.5971878748389581,False,True,True,False,False,True
44,dirichlet_a1.0,large_norm,0,3,False,0.31367740059499216,0.16241049162193263,0.5848746464481926,False,True,True,False,False,True
44,dirichlet_a1.0,large_norm,0,4,False,0.3627934075252673,0.41147560264442007,0.6960713175080336,False,True,True,False,False,True
44,dirichlet_a1.0,large_norm,1,0,False,0.2852567412927036,0.6090451245247953,0.5573824425027926,True,True,True,False,False,True
44,dirichlet_a1.0,large_norm,1,1,False,0.27057914987461845,-0.05793238064464324,0.6805251641137856,True,True,True,False,False,True
44,dirichlet_a1.0,large_norm,1,2,False,0.31911016355412186,0.0033267253646106724,0.6206025921562026,False,True,True,False,False,True
44,dirichlet_a1.0,large_norm,1,3,False,0.2531127505005603,0.004395260534194889,0.5778871019571239,True,True,True,False,False,True
44,dirichlet_a1.0,large_norm,1,4,False,0.3259865289488821,0.3519044946150072,0.6752077244418601,False,True,True,False,False,True
44,dirichlet_a1.0,large_norm,2,0,False,0.22777227832146163,0.09944329515696429,0.5599558114622389,True,True,True,False,False,True
44,dirichlet_a1.0,large_norm,2,1,False,0.25547609926106124,0.1644121578067976,0.6999196572040707,True,True,True,False,False,True
44,dirichlet_a1.0,large_norm,2,2,False,0.29422514762445273,-0.0006582950118789108,0.6910819496518479,True,True,True,False,False,True
44,dirichlet_a1.0,large_norm,2,3,False,0.19684920717486148,-0.5799278669320217,0.616463577932512,True,False,True,False,False,True
44,dirichlet_a1.0,large_norm,2,4,False,0.29130142702272466,0.42407663130221246,0.6834744911622924,True,True,True,False,False,True
44,dirichlet_a1.0,large_norm,3,0,False,0.19019838911561168,0.08137677982742837,0.5551003298189555,True,True,True,False,False,True
44,dirichlet_a1.0,large_norm,3,1,False,0.2505441025378005,0.547974212038089,0.6943756772361646,True,True,True,False,False,True
44,dirichlet_a1.0,large_norm,3,2,False,0.258178911915532,-0.005929588371842958,0.6826224166159152,True,True,True,False,False,True
44,dirichlet_a1.0,large_norm,3,3,False,0.14657694021933965,-0.5937223889926257,0.55064737845341,True,False,True,False,False,True
44,dirichlet_a1.0,large_norm,3,4,False,0.27251649651035936,0.5158090069228092,0.7312489619007696,True,True,True,False,False,True
44,dirichlet_a1.0,large_norm,4,0,False,0.16491267787441188,-0.06915616987347742,0.5995852687458527,True,True,True,False,False,True
44,dirichlet_a1.0,large_norm,4,1,False,0.25178187497542853,0.550848514078651,0.7167219641672197,True,True,True,False,False,True
44,dirichlet_a1.0,large_norm,4,2,False,0.23311324824542543,0.18352719864778536,0.709422694094227,True,True,True,False,False,True
44,dirichlet_a1.0,large_norm,4,3,False,0.12524201848940275,-0.5815271836437308,0.5582863304578634,True,False,True,False,False,True
44,dirichlet_a1.0,large_norm,4,4,False,0.2619057458001995,0.6270405797620635,0.6967319177173191,True,True,True,False,False,True
44,dirichlet_a1.0,large_norm,5,0,False,0.15638491259259096,0.06327194283353281,0.5731793615614915,True,True,True,False,False,True
44,dirichlet_a1.0,large_norm,5,1,False,0.23107772784419092,0.6674440030487631,0.7611260157859948,True,True,True,False,True,True
44,dirichlet_a1.0,large_norm,5,2,False,0.21588651435693293,0.18227297391905628,0.6741319646953614,True,True,True,False,False,True
44,dirichlet_a1.0,large_norm,5,3,False,0.11468643388011072,-0.3974704986169894,0.4866752206539912,True,True,True,False,False,False
44,dirichlet_a1.0,large_norm,5,4,False,0.2522045735510731,0.5944716700109492,0.6589058672576694,True,True,True,False,False,True
44,dirichlet_a1.0,large_norm,6,0,False,0.12946140150379923,-0.1738063881409905,0.5856008166129701,True,True,True,False,False,True
44,dirichlet_a1.0,large_norm,6,1,False,0.21889256916520447,0.6508528240861371,0.7721697661807394,True,True,True,False,True,True
44,dirichlet_a1.0,large_norm,6,2,False,0.20597177953998919,-0.06222835079502071,0.6713132795304475,True,True,True,False,False,True
44,dirichlet_a1.0,large_norm,6,3,False,0.12205193756493705,-0.18895330307721414,0.5866614565057897,True,True,True,False,False,True
44,dirichlet_a1.0,large_norm,6,4,False,0.23732071676659638,0.4664054813799827,0.6312801046285368,True,True,True,False,False,True
44,dirichlet_a1.0,large_norm,7,0,False,0.14097094208297484,0.11426554898323461,0.5584335398956396,True,True,True,False,False,True
44,dirichlet_a1.0,large_norm,7,1,False,0.21705850133897103,0.7617055575685879,0.8144478160365638,True,True,True,False,True,True
44,dirichlet_a1.0,large_norm,7,2,False,0.20614025312241338,0.18675652340422672,0.6677183022234939,True,True,True,False,False,True
44,dirichlet_a1.0,large_norm,7,3,False,0.12536323139030622,-0.10550895376693631,0.5061253378912574,True,True,True,False,False,False
44,dirichlet_a1.0,large_norm,7,4,False,0.23636135417589402,0.5329146489585258,0.7102831886393242,True,True,True,False,False,True
44,dirichlet_a1.0,large_norm,8,0,False,0.13514649826629643,0.043634429529252804,0.5612757802805397,True,True,True,False,False,True
44,dirichlet_a1.0,large_norm,8,1,False,0.20148008123887207,0.6486089476788072,0.7066820602233637,True,True,True,False,False,True
44,dirichlet_a1.0,large_norm,8,2,False,0.19185054007740066,0.1359234953458021,0.6806308216703579,True,True,True,False,False,True
44,dirichlet_a1.0,large_norm,8,3,False,0.12760673004895579,-0.11197534692483048,0.5934451722350502,True,True,True,False,False,True
44,dirichlet_a1.0,large_norm,8,4,False,0.21701330675142372,0.3658134748945498,0.7124939132620203,True,True,True,False,False,True
44,dirichlet_a1.0,large_norm,9,0,False,0.14517401504389263,0.09223452630871838,0.6034261205524684,True,True,True,False,False,True
44,dirichlet_a1.0,large_norm,9,1,False,0.19801885217700668,0.685549254730851,0.786050430179816,True,True,True,False,True,True
44,dirichlet_a1.0,large_norm,9,2,False,0.19659897195636622,0.3776558856439821,0.7445982860887251,True,True,True,False,False,True
44,dirichlet_a1.0,large_norm,9,3,False,0.11807407308499893,0.001977255047905074,0.5991200673990928,True,True,True,False,False,True
44,dirichlet_a1.0,large_norm,9,4,False,0.21598207149356893,0.43957244382367905,0.7268634742870759,True,True,True,False,False,True
44,dirichlet_a1.0,large_norm,10,0,True,22765.3920579158,-0.0007288445576857438,0.7876623082611823,False,True,True,False,False,True
44,dirichlet_a1.0,large_norm,10,1,False,0.19546831935183076,0.6677915076041847,0.4347320813188914,True,True,True,False,True,False
44,dirichlet_a1.0,large_norm,10,2,False,0.20942764920116436,0.22096445591231886,0.45815075488119616,True,True,True,False,False,False
44,dirichlet_a1.0,large_norm,10,3,False,0.13126621601526578,0.22406728729832212,0.37637908569071254,True,True,False,False,False,False
44,dirichlet_a1.0,large_norm,10,4,False,0.21639188274111262,0.3440014204313952,0.41075498181342535,True,True,False,False,False,False
44,dirichlet_a1.0,large_norm,11,0,True,22732.802785886077,-0.0029648691861562802,0.7920171656566266,False,True,True,False,False,True
44,dirichlet_a1.0,large_norm,11,1,False,0.1608371963090418,0.33905038658247555,0.45067888764937036,True,True,True,False,False,False
44,dirichlet_a1.0,large_norm,11,2,False,0.18846556915167847,0.24267269000819017,0.440990542808615,True,True,True,False,False,False
44,dirichlet_a1.0,large_norm,11,3,False,0.17781307908961538,0.5518203386791912,0.390850343212631,True,True,False,False,False,False
44,dirichlet_a1.0,large_norm,11,4,False,0.19036943861476505,0.36365349706348704,0.4018703329614778,True,True,False,False,False,False
44,dirichlet_a1.0,large_norm,12,0,True,22732.161358687055,-0.0031627264318484765,0.8033543060754319,False,True,True,False,False,True
44,dirichlet_a1.0,large_norm,12,1,False,0.1761892094505459,0.4540552055899419,0.42582495839601003,True,True,True,False,False,False
44,dirichlet_a1.0,large_norm,12,2,False,0.18781253981853385,0.23477159367132086,0.4335960340028286,True,True,True,False,False,False
44,dirichlet_a1.0,large_norm,12,3,False,0.20393097102889224,0.7027319666269342,0.37621001394295883,True,True,False,False,True,False
44,dirichlet_a1.0,large_norm,12,4,False,0.1705949569757235,0.359186724496509,0.41274156550941776,True,True,False,False,False,False
44,dirichlet_a1.0,large_norm,13,0,True,22766.798547742725,-0.0006634899394382227,0.794597890312091,False,True,True,False,False,True
44,dirichlet_a1.0,large_norm,13,1,False,0.18116058175974292,0.5933957109262431,0.43966371891977635,True,True,True,False,False,False
44,dirichlet_a1.0,large_norm,13,2,False,0.21558717831900898,0.3765443987071923,0.4343300154657572,True,True,True,False,False,False
44,dirichlet_a1.0,large_norm,13,3,False,0.24233168491884166,0.837576051742835,0.4060752666851727,True,True,False,False,True,False
44,dirichlet_a1.0,large_norm,13,4,False,0.1938642941897587,0.2680518403100809,0.4074780901772614,True,True,False,False,False,False
44,dirichlet_a1.0,large_norm,14,0,True,22800.47570400366,0.00031274473264610226,0.787962751086924,False,True,True,False,False,True
44,dirichlet_a1.0,large_norm,14,1,False,0.1840671821021356,0.6144859670354688,0.44782266970441637,True,True,True,False,False,False
44,dirichlet_a1.0,large_norm,14,2,False,0.230055826445168,0.4943005733310073,0.4551451056082298,True,True,True,False,False,False
44,dirichlet_a1.0,large_norm,14,3,False,0.24475914733181908,0.7460205502796282,0.4201396834240347,True,True,True,False,True,False
44,dirichlet_a1.0,large_norm,14,4,False,0.19783665107529338,0.5422169190341127,0.4137375264891109,True,True,False,False,False,False
44,dirichlet_a1.0,large_norm,15,0,True,22702.91457676211,0.0012317263068805993,0.7873214971015371,False,True,True,False,False,True
44,dirichlet_a1.0,large_norm,15,1,False,0.19348484998194568,0.5887276638732085,0.46350158557030036,True,True,True,False,False,False
44,dirichlet_a1.0,large_norm,15,2,False,0.22343579764762048,0.46257566552031304,0.46439031287240706,True,True,True,False,False,False
44,dirichlet_a1.0,large_norm,15,3,False,0.2571147799315103,0.7869879703347226,0.41868650144418185,True,True,True,False,True,False
44,dirichlet_a1.0,large_norm,15,4,False,0.22643764173612316,0.6066791398715,0.3871568805671696,True,True,False,False,False,False
44,dirichlet_a1.0,large_norm,16,0,True,22712.84683342587,-0.0024893633569095753,0.770498499710028,False,True,True,False,False,True
44,dirichlet_a1.0,large_norm,16,1,False,0.19708087865871646,0.6219749786146663,0.4833808215033158,True,True,True,False,False,False
44,dirichlet_a1.0,large_norm,16,2,False,0.20899149129866207,0.3096634048842287,0.48409692629667916,True,True,True,False,False,False
44,dirichlet_a1.0,large_norm,16,3,False,0.2599656603693824,0.693962730744772,0.46057137093724,True,True,True,False,True,False
44,dirichlet_a1.0,large_norm,16,4,False,0.2357381606277792,0.6279968857110259,0.45778259663632465,True,True,True,False,False,False
44,dirichlet_a1.0,large_norm,17,0,True,22723.987380998133,0.0026336074627882787,0.7731281080754595,False,True,True,False,False,True
44,dirichlet_a1.0,large_norm,17,1,False,0.22279642046024498,0.6313883691903506,0.48577080271396644,True,True,True,False,False,False
44,dirichlet_a1.0,large_norm,17,2,False,0.19397176582874723,0.12942301452774266,0.4728603354204836,True,True,True,False,False,False
44,dirichlet_a1.0,large_norm,17,3,False,0.26674697685729915,0.7006528162982788,0.4729257685880529,True,True,True,False,True,False
44,dirichlet_a1.0,large_norm,17,4,False,0.2268579384453473,0.4341887856990559,0.4770631581066661,True,True,True,False,False,False
44,dirichlet_a1.0,large_norm,18,0,True,22713.68187125926,0.0002452942564253634,0.770043567529671,False,True,True,False,False,True
44,dirichlet_a1.0,large_norm,18,1,False,0.21216234396026737,0.5664146014326508,0.5047924282638089,True,True,True,False,False,False
44,dirichlet_a1.0,large_norm,18,2,False,0.2086053220882738,0.015838296476223018,0.4728529220291452,True,True,True,False,False,False
44,dirichlet_a1.0,large_norm,18,3,False,0.27023857095823034,0.6124018511695158,0.46329811207371424,True,True,True,False,False,False
44,dirichlet_a1.0,large_norm,18,4,False,0.22127443408706768,0.5386119748585008,0.4552205919174721,True,True,True,False,False,False
44,dirichlet_a1.0,large_norm,19,0,True,22743.633619956407,0.001576575763597705,0.7717436036415831,False,True,True,False,False,True
44,dirichlet_a1.0,large_norm,19,1,False,0.20493712876045486,0.5064624452392904,0.4992070422676584,True,True,True,False,False,False
44,dirichlet_a1.0,large_norm,19,2,False,0.20839002318382516,0.09678973364185968,0.49071536832384793,True,True,True,False,False,False
44,dirichlet_a1.0,large_norm,19,3,False,0.24264728743608202,0.4350094236063586,0.4644273138807753,True,True,True,False,False,False
44,dirichlet_a1.0,large_norm,19,4,False,0.23890813739664007,0.5628946649603079,0.4974806026478766,True,True,True,False,False,False
44,dirichlet_a1.0,large_norm,20,0,True,22756.957427514397,0.00242819569113257,0.7601438898826187,False,True,True,False,False,True
44,dirichlet_a1.0,large_norm,20,1,False,0.20142501666254953,0.5484455389963376,0.5020983941215236,True,True,True,False,False,False
44,dirichlet_a1.0,large_norm,20,2,False,0.24539612909883374,0.27865206634974043,0.5530197551295455,True,True,True,False,False,True
44,dirichlet_a1.0,large_norm,20,3,False,0.2275397271734446,0.41252917452422483,0.48498917357460325,True,True,True,False,False,False
44,dirichlet_a1.0,large_norm,20,4,False,0.23565202937435284,0.4786533058230461,0.48395360244969554,True,True,True,False,False,False
44,dirichlet_a1.0,large_norm,21,0,True,22742.245910425216,-0.0015363233618196285,0.7574008742039575,False,True,True,False,False,True
44,dirichlet_a1.0,large_norm,21,1,False,0.22698974657463214,0.5535305356260012,0.5238649650970808,True,True,True,False,False,False
44,dirichlet_a1.0,large_norm,21,2,False,0.23393294698476305,0.22569726563093712,0.5345039570024138,True,True,True,False,False,True
44,dirichlet_a1.0,large_norm,21,3,False,0.22305709072462826,0.5764905464407468,0.49328790015406465,True,True,True,False,False,False
44,dirichlet_a1.0,large_norm,21,4,False,0.19740590354227963,0.2780674700873804,0.5148820426864458,True,True,True,False,False,False
44,dirichlet_a1.0,large_norm,22,0,True,22730.50202438688,-0.0022488731754193416,0.7398205761806941,False,True,True,False,False,True
44,dirichlet_a1.0,large_norm,22,1,False,0.2340281604270501,0.716353651794241,0.5454662736808678,True,True,True,False,True,True
44,dirichlet_a1.0,large_norm,22,2,False,0.23602143259483852,0.3178069186219922,0.5542191392023182,True,True,True,False,False,True
44,dirichlet_a1.0,large_norm,22,3,False,0.22523743764606202,0.4908524816408216,0.4866771859835065,True,True,True,False,False,False
44,dirichlet_a1.0,large_norm,22,4,False,0.216178405697561,0.409195407334567,0.540618456439112,True,True,True,False,False,True
44,dirichlet_a1.0,large_norm,23,0,True,22770.04072636943,0.001756264812613754,0.7328582338996836,False,True,True,False,False,True
44,dirichlet_a1.0,large_norm,23,1,False,0.253215455333936,0.7503903712903145,0.5679421945824779,True,True,True,False,True,True
44,dirichlet_a1.0,large_norm,23,2,False,0.24216837577112413,0.3165607607942621,0.5725295325378641,True,True,True,False,False,True
44,dirichlet_a1.0,large_norm,23,3,False,0.22461529642312175,0.6219785964565129,0.517069856478313,True,True,True,False,False,False
44,dirichlet_a1.0,large_norm,23,4,False,0.19218495766738827,0.24270122300096594,0.5318683607581753,True,True,True,False,False,True
44,dirichlet_a1.0,large_norm,24,0,True,22791.11233108239,-0.0014939745392934835,0.7230834973068591,False,True,True,False,False,True
44,dirichlet_a1.0,large_norm,24,1,False,0.24042781405368605,0.7594119637760575,0.5794327509788723,True,True,True,False,True,True
44,dirichlet_a1.0,large_norm,24,2,False,0.24191496178796962,0.45559994864901016,0.58609603879713,True,True,True,False,False,True
44,dirichlet_a1.0,large_norm,24,3,False,0.2235996922370214,0.5648400815121997,0.5315475125713036,True,True,True,False,False,False
44,dirichlet_a1.0,large_norm,24,4,False,0.18914719919417886,0.25052705940786935,0.5462703476238745,True,True,True,False,False,True
44,dirichlet_a1.0,low_norm,0,0,False,0.361562330561404,0.6865841148954702,0.5908825032023042,False,True,True,False,True,True
44,dirichlet_a1.0,low_norm,0,1,False,0.24309968475878474,-0.07691207122863962,0.6703366676785701,True,True,True,False,False,True
44,dirichlet_a1.0,low_norm,0,2,False,0.3215523376809467,0.00477608408481649,0.5967762237244464,False,True,True,False,False,True
44,dirichlet_a1.0,low_norm,0,3,False,0.31367766621128196,0.16241108628580136,0.5848406992499574,False,True,True,False,False,True
44,dirichlet_a1.0,low_norm,0,4,False,0.36278995891699284,0.4115641542729859,0.6960735678481257,False,True,True,False,False,True
44,dirichlet_a1.0,low_norm,1,0,False,0.28527215812023476,0.6089603752918932,0.5494300359574631,True,True,True,False,False,True
44,dirichlet_a1.0,low_norm,1,1,False,0.2705617802505609,-0.06112340837784729,0.6745467064493917,True,True,True,False,False,True
44,dirichlet_a1.0,low_norm,1,2,False,0.31899315685461643,0.00282213233879108,0.6279397138704002,False,True,True,False,False,True
44,dirichlet_a1.0,low_norm,1,3,False,0.25322159154190504,0.0053581520195624815,0.5867875449468288,True,True,True,False,False,True
44,dirichlet_a1.0,low_norm,1,4,False,0.32598349347946626,0.352255006690392,0.670323617167776,False,True,True,False,False,True
44,dirichlet_a1.0,low_norm,2,0,False,0.22812220119298893,0.09989094871561964,0.5649170926318414,True,True,True,False,False,True
44,dirichlet_a1.0,low_norm,2,1,False,0.2558633596594206,0.1694858629783381,0.686871961102107,True,True,True,False,False,True
44,dirichlet_a1.0,low_norm,2,2,False,0.29468508624260964,0.0020106226315689197,0.7053484602917341,True,True,True,False,False,True
44,dirichlet_a1.0,low_norm,2,3,False,0.19648625140524384,-0.5826804497859535,0.6148609899015085,True,False,True,False,False,True
44,dirichlet_a1.0,low_norm,2,4,False,0.2914147740599042,0.424371198045569,0.6698749116901467,True,True,True,False,False,True
44,dirichlet_a1.0,low_norm,3,0,False,0.19005916830947903,0.07363184084704225,0.545829107505071,True,True,True,False,False,True
44,dirichlet_a1.0,low_norm,3,1,False,0.2506513189327376,0.5472951610104879,0.6767082910750507,True,True,True,False,False,True
44,dirichlet_a1.0,low_norm,3,2,False,0.2582486137084807,-0.011615176671517147,0.7003755704868154,True,True,True,False,False,True
44,dirichlet_a1.0,low_norm,3,3,False,0.14578234004293916,-0.5961713878607874,0.5447594447261663,True,False,True,False,False,True
44,dirichlet_a1.0,low_norm,3,4,False,0.27270080181541684,0.5138930582762214,0.7343433062880325,True,True,True,False,False,True
44,dirichlet_a1.0,low_norm,4,0,False,0.16566874876145754,-0.04203215562236678,0.6049466625776024,True,True,True,False,False,True
44,dirichlet_a1.0,low_norm,4,1,False,0.2518520433171276,0.549317591516807,0.7125415468266928,True,True,True,False,False,True
44,dirichlet_a1.0,low_norm,4,2,False,0.2334943442610295,0.17771783220543672,0.7208301905559193,True,True,True,False,False,True
44,dirichlet_a1.0,low_norm,4,3,False,0.12441022647198911,-0.5696519240210718,0.5685429393188393,True,False,True,False,False,True
44,dirichlet_a1.0,low_norm,4,4,False,0.26224877236540967,0.6237968219468422,0.6713138329175197,True,True,True,False,False,True
44,dirichlet_a1.0,low_norm,5,0,False,0.15459176117828094,0.06871446935242169,0.5750084842501465,True,True,True,False,False,True
44,dirichlet_a1.0,low_norm,5,1,False,0.23190776364756838,0.6744981952176535,0.7580908894579336,True,True,True,False,True,True
44,dirichlet_a1.0,low_norm,5,2,False,0.2174585822915398,0.1843466355913719,0.6859207725295406,True,True,True,False,False,True
44,dirichlet_a1.0,low_norm,5,3,False,0.11371888026726762,-0.40953477058759236,0.48246074106068554,True,True,True,False,False,False
44,dirichlet_a1.0,low_norm,5,4,False,0.2523964602900067,0.5950897139958812,0.6515904112547435,True,True,True,False,False,True
44,dirichlet_a1.0,low_norm,6,0,False,0.1279785037008883,-0.15441680135720015,0.5685453921044015,True,True,True,False,False,True
44,dirichlet_a1.0,low_norm,6,1,False,0.2199597337275316,0.6521631159630275,0.7512079802570103,True,True,True,False,True,True
44,dirichlet_a1.0,low_norm,6,2,False,0.20756044256964956,-0.05728158096692138,0.6910924933511169,True,True,True,False,False,True
44,dirichlet_a1.0,low_norm,6,3,False,0.12057454416800847,-0.18641448126745316,0.5899096710300378,True,True,True,False,False,True
44,dirichlet_a1.0,low_norm,6,4,False,0.23793381405483316,0.47258357272044643,0.616920508909104,True,True,True,False,False,True
44,dirichlet_a1.0,low_norm,7,0,False,0.14083180614960383,0.10972784088623308,0.5348442567312769,True,True,True,False,False,True
44,dirichlet_a1.0,low_norm,7,1,False,0.21723444730450264,0.7603986224414269,0.8097216984689645,True,True,True,False,True,True
44,dirichlet_a1.0,low_norm,7,2,False,0.2062066881260484,0.18005386299739606,0.6898106946225205,True,True,True,False,False,True
44,dirichlet_a1.0,low_norm,7,3,False,0.12479042864758731,-0.12329924955093453,0.5063353194056867,True,True,True,False,False,False
44,dirichlet_a1.0,low_norm,7,4,False,0.23740497136291316,0.5338773569196109,0.7091560449505996,True,True,True,False,False,True
44,dirichlet_a1.0,low_norm,8,0,False,0.13614000032824122,0.051531592522324914,0.582144518835711,True,True,True,False,False,True
44,dirichlet_a1.0,low_norm,8,1,False,0.2024577276162356,0.6535924444897705,0.7182253345635493,True,True,True,False,True,True
44,dirichlet_a1.0,low_norm,8,2,False,0.1922840460201772,0.12559980662964354,0.6923040526153919,True,True,True,False,False,True
44,dirichlet_a1.0,low_norm,8,3,False,0.1275320132217133,-0.1252647774130024,0.5763956248472087,True,True,True,False,False,True
44,dirichlet_a1.0,low_norm,8,4,False,0.2174972006558759,0.368895077422313,0.7120111665759776,True,True,True,False,False,True
44,dirichlet_a1.0,low_norm,9,0,False,0.14468014567403975,0.08558324373131727,0.6177955209016079,True,True,True,False,False,True
44,dirichlet_a1.0,low_norm,9,1,False,0.1977346298126191,0.6786193004935449,0.7783774121332323,True,True,True,False,True,True
44,dirichlet_a1.0,low_norm,9,2,False,0.1970811080595203,0.3767994056619558,0.7395279156274739,True,True,True,False,False,True
44,dirichlet_a1.0,low_norm,9,3,False,0.1171674485012331,-0.005226785070063266,0.5951616884719823,True,True,True,False,False,True
44,dirichlet_a1.0,low_norm,9,4,False,0.21700294519175792,0.45029093575580686,0.7181283463427506,True,True,True,False,False,True
44,dirichlet_a1.0,low_norm,10,0,True,0.0013267686104421412,0.12439017077326389,0.606795076700005,True,True,True,True,False,True
44,dirichlet_a1.0,low_norm,10,1,False,0.19437423892324113,0.6403051658641274,0.7254452884282678,True,True,True,False,False,True
44,dirichlet_a1.0,low_norm,10,2,False,0.20712984257885173,0.2124486180491899,0.7729894053484042,True,True,True,False,False,True
44,dirichlet_a1.0,low_norm,10,3,False,0.12945038994359995,0.13226911588364515,0.5897661926809576,True,True,True,False,False,True
44,dirichlet_a1.0,low_norm,10,4,False,0.22417725367614796,0.6151408615419686,0.6805704305415959,True,True,True,False,False,True
44,dirichlet_a1.0,low_norm,11,0,True,0.0014308717756080006,0.20185348113994503,0.6575247908143509,True,True,True,True,False,True
44,dirichlet_a1.0,low_norm,11,1,False,0.19989335044446824,0.6888308857269724,0.7925316093405391,True,True,True,False,True,True
44,dirichlet_a1.0,low_norm,11,2,False,0.20518382886708955,0.31006485146848833,0.7463255719985857,True,True,True,False,False,True
44,dirichlet_a1.0,low_norm,11,3,False,0.13722597273974366,0.24108952543393222,0.6230449349293735,True,True,True,False,False,True
44,dirichlet_a1.0,low_norm,11,4,False,0.20791663416262118,0.479760715815596,0.7297843325420476,True,True,True,False,False,True
44,dirichlet_a1.0,low_norm,12,0,True,0.0014832225691778656,0.26404024877372584,0.6351540951196569,True,True,True,True,False,True
44,dirichlet_a1.0,low_norm,12,1,False,0.19059048678191876,0.4751330934940101,0.753734793769232,True,True,True,False,False,True
44,dirichlet_a1.0,low_norm,12,2,False,0.2129021156759891,0.33772492241481283,0.7142105514899316,True,True,True,False,False,True
44,dirichlet_a1.0,low_norm,12,3,False,0.17034947448093096,0.42174226729663045,0.6100588319701535,True,True,True,False,False,True
44,dirichlet_a1.0,low_norm,12,4,False,0.22029238397045398,0.6045083371392871,0.6734187911544778,True,True,True,False,False,True
44,dirichlet_a1.0,low_norm,13,0,True,0.0013935036082244712,0.39981617552720333,0.6355905337074199,True,True,True,True,False,True
44,dirichlet_a1.0,low_norm,13,1,False,0.18992953634289145,0.5705397930009899,0.6838651386180988,True,True,True,False,False,True
44,dirichlet_a1.0,low_norm,13,2,False,0.2168138204279205,0.4667600427689662,0.7447493144387909,True,True,True,False,False,True
44,dirichlet_a1.0,low_norm,13,3,False,0.1741378449346172,0.485527089686861,0.6294799245486392,True,True,True,False,False,True
44,dirichlet_a1.0,low_norm,13,4,False,0.21613199072129952,0.6018139702239701,0.7156545722573588,True,True,True,False,False,True
44,dirichlet_a1.0,low_norm,14,0,True,0.0015786265007682622,0.397258853804332,0.6818493631863001,True,True,True,True,False,True
44,dirichlet_a1.0,low_norm,14,1,False,0.19200586034622952,0.6167159253364097,0.7701271974411743,True,True,True,False,False,True
44,dirichlet_a1.0,low_norm,14,2,False,0.23240440213504407,0.45175888465028796,0.733182911408098,True,True,True,False,False,True
44,dirichlet_a1.0,low_norm,14,3,False,0.2003792528253727,0.6078241759470695,0.6410536146719231,True,True,True,False,False,True
44,dirichlet_a1.0,low_norm,14,4,False,0.2208938802171705,0.6127152013286097,0.6844280247617631,True,True,True,False,False,True
44,dirichlet_a1.0,low_norm,15,0,True,0.0015802269699095519,0.5501061907101118,0.6799485426046921,True,True,True,True,False,True
44,dirichlet_a1.0,low_norm,15,1,False,0.1980013450611749,0.6224849504594911,0.753893158197637,True,True,True,False,False,True
44,dirichlet_a1.0,low_norm,15,2,False,0.22529131538663116,0.5737594863381331,0.7617556450793865,True,True,True,False,False,True
44,dirichlet_a1.0,low_norm,15,3,False,0.22973492821003597,0.6694657870582236,0.694150106638681,True,True,True,False,True,True
44,dirichlet_a1.0,low_norm,15,4,False,0.2427553068588735,0.5574474559376144,0.7199295846169471,True,True,True,False,False,True
44,dirichlet_a1.0,low_norm,16,0,True,0.0015838834403032822,0.48940826031165957,0.6412939194548737,True,True,True,True,False,True
44,dirichlet_a1.0,low_norm,16,1,False,0.2052317160878508,0.628905541829225,0.7604571929320934,True,True,True,False,False,True
44,dirichlet_a1.0,low_norm,16,2,False,0.23767772611325874,0.5795236623998178,0.733480392527177,True,True,True,False,False,True
44,dirichlet_a1.0,low_norm,16,3,False,0.2471165137290665,0.6367780346709392,0.6808337047585232,True,True,True,False,False,True
44,dirichlet_a1.0,low_norm,16,4,False,0.24624221057467907,0.7307602607267241,0.6757193687534467,True,True,True,False,True,True
44,dirichlet_a1.0,low_norm,17,0,True,0.00167634625427946,0.5230073775430828,0.660464410380938,True,True,True,True,False,True
44,dirichlet_a1.0,low_norm,17,1,False,0.20772729692108144,0.6847291348279316,0.7892092882076187,True,True,True,False,True,True
44,dirichlet_a1.0,low_norm,17,2,False,0.22064054630926774,0.42863525225387555,0.749180452268933,True,True,True,False,False,True
44,dirichlet_a1.0,low_norm,17,3,False,0.24004177105174143,0.6037157358444323,0.6724465017453332,True,True,True,False,False,True
44,dirichlet_a1.0,low_norm,17,4,False,0.2571069285713096,0.6633353294676864,0.6983912581575353,True,True,True,False,True,True
44,dirichlet_a1.0,low_norm,18,0,True,0.0017329973370937186,0.5184357330224012,0.7034722273646172,True,True,True,True,False,True
44,dirichlet_a1.0,low_norm,18,1,False,0.20993407428778255,0.673776025355051,0.7501092244692431,True,True,True,False,True,True
44,dirichlet_a1.0,low_norm,18,2,False,0.22227161584506708,0.47259421518602135,0.7520123220011404,True,True,True,False,False,True
44,dirichlet_a1.0,low_norm,18,3,False,0.23122310801854531,0.6169038301897621,0.70295387395126,True,True,True,False,False,True
44,dirichlet_a1.0,low_norm,18,4,False,0.2453644208036218,0.6093483219114426,0.7231178217308561,True,True,True,False,False,True
44,dirichlet_a1.0,low_norm,19,0,True,0.0017317990634560484,0.4575229580579934,0.7176180741206689,True,True,True,True,False,True
44,dirichlet_a1.0,low_norm,19,1,False,0.22234432491804285,0.5849980080417103,0.7005968293906649,True,True,True,False,False,True
44,dirichlet_a1.0,low_norm,19,2,False,0.22258889529590975,0.24572907195134494,0.7144429717161279,True,True,True,False,False,True
44,dirichlet_a1.0,low_norm,19,3,False,0.23556187023736597,0.46927484819550047,0.736099566418799,True,True,True,False,False,True
44,dirichlet_a1.0,low_norm,19,4,False,0.23492351747376852,0.6302476533920692,0.7222908663386726,True,True,True,False,False,True
44,dirichlet_a1.0,low_norm,20,0,True,0.001652555487297482,0.44176145596241795,0.6988269144055483,True,True,True,True,False,True
44,dirichlet_a1.0,low_norm,20,1,False,0.21483342913889247,0.6061972070101688,0.6848415010342335,True,True,True,False,False,True
44,dirichlet_a1.0,low_norm,20,2,False,0.22813824379491685,0.2668033702778366,0.7242354187393087,True,True,True,False,False,True
44,dirichlet_a1.0,low_norm,20,3,False,0.21890316669588997,0.396170198585863,0.6986837679022596,True,True,True,False,False,True
44,dirichlet_a1.0,low_norm,20,4,False,0.23249022103963873,0.5895682232647383,0.7446337954579615,True,True,True,False,False,True
44,dirichlet_a1.0,low_norm,21,0,True,0.0016996584208839405,0.4419509815045453,0.7183533936329322,True,True,True,True,False,True
44,dirichlet_a1.0,low_norm,21,1,False,0.20583797783203606,0.5345582021481378,0.7225126415497471,True,True,True,False,False,True
44,dirichlet_a1.0,low_norm,21,2,False,0.23038189458942013,0.3002515230117875,0.7244711915105762,True,True,True,False,False,True
44,dirichlet_a1.0,low_norm,21,3,False,0.2150007072101906,0.34317228224747526,0.715134249697315,True,True,True,False,False,True
44,dirichlet_a1.0,low_norm,21,4,False,0.2308905009789864,0.6024283078475609,0.6829428103411438,True,True,True,False,False,True
44,dirichlet_a1.0,low_norm,22,0,True,0.0016714726562488868,0.43769352879196616,0.6894381930353153,True,True,True,True,False,True
44,dirichlet_a1.0,low_norm,22,1,False,0.2163625060549301,0.6533846627393708,0.7105016841227872,True,True,True,False,True,True
44,dirichlet_a1.0,low_norm,22,2,False,0.23226313656138278,0.22741572566648655,0.7537218088776841,True,True,True,False,False,True
44,dirichlet_a1.0,low_norm,22,3,False,0.2011530805491369,0.31132350201568093,0.6894518573175648,True,True,True,False,False,True
44,dirichlet_a1.0,low_norm,22,4,False,0.23393752782508567,0.4890846993146178,0.7062657566254689,True,True,True,False,False,True
44,dirichlet_a1.0,low_norm,23,0,True,0.00168322499061631,0.4302804058538736,0.6963835609052555,True,True,True,True,False,True
44,dirichlet_a1.0,low_norm,23,1,False,0.21935050255229796,0.6284937208611993,0.7125989028023022,True,True,True,False,False,True
44,dirichlet_a1.0,low_norm,23,2,False,0.23906100455989432,0.36179255123816284,0.7361131704160995,True,True,True,False,False,True
44,dirichlet_a1.0,low_norm,23,3,False,0.19455427717315807,0.34948152102379715,0.724494197252962,True,True,True,False,False,True
44,dirichlet_a1.0,low_norm,23,4,False,0.22586768859385226,0.4326168434718197,0.6800671258542371,True,True,True,False,False,True
44,dirichlet_a1.0,low_norm,24,0,True,0.00172634440735331,0.44328658797504056,0.7039789891776151,True,True,True,True,False,True
44,dirichlet_a1.0,low_norm,24,1,False,0.22233571890919765,0.7106794312816119,0.6751861411373531,True,True,True,False,True,True
44,dirichlet_a1.0,low_norm,24,2,False,0.24931831158286252,0.3719294456572745,0.7379339789244891,True,True,True,False,False,True
44,dirichlet_a1.0,low_norm,24,3,False,0.20206045123542357,0.28127519535662443,0.7033321042519746,True,True,True,False,False,True
44,dirichlet_a1.0,low_norm,24,4,False,0.21471266291264693,0.41608980457126327,0.6837444287035779,True,True,True,False,False,True
44,dirichlet_a1.0,full_sign_flip,0,0,False,0.361562334662559,0.6865821432814272,0.5909016866827586,False,True,True,False,True,True
44,dirichlet_a1.0,full_sign_flip,0,1,False,0.24309922751421834,-0.07691221767423208,0.6703342267766441,True,True,True,False,False,True
44,dirichlet_a1.0,full_sign_flip,0,2,False,0.3215470997470997,0.004509410653352312,0.5969731522753188,False,True,True,False,False,True
44,dirichlet_a1.0,full_sign_flip,0,3,False,0.31366687008409017,0.16224861452638895,0.5848154126375334,False,True,True,False,False,True
44,dirichlet_a1.0,full_sign_flip,0,4,False,0.3627934097931251,0.41147489334678056,0.696041700602704,False,True,True,False,False,True
44,dirichlet_a1.0,full_sign_flip,1,0,False,0.2852916195387487,0.6096537228426328,0.549768545085887,True,True,True,False,False,True
44,dirichlet_a1.0,full_sign_flip,1,1,False,0.2705490106665106,-0.05917451412239808,0.67016335743525,True,True,True,False,False,True
44,dirichlet_a1.0,full_sign_flip,1,2,False,0.3191055883887078,0.004621053435187585,0.6283943532652358,False,True,True,False,False,True
44,dirichlet_a1.0,full_sign_flip,1,3,False,0.2532064858596511,0.005406704524884635,0.5844446994911817,True,True,True,False,False,True
44,dirichlet_a1.0,full_sign_flip,1,4,False,0.32599680310172713,0.3520438068072253,0.6687784536516317,False,True,True,False,False,True
44,dirichlet_a1.0,full_sign_flip,2,0,False,0.22813394449529692,0.10560907135220995,0.5625136135918101,True,True,True,False,False,True
44,dirichlet_a1.0,full_sign_flip,2,1,False,0.25595904501884253,0.1690614509070866,0.6904311110366436,True,True,True,False,False,True
44,dirichlet_a1.0,full_sign_flip,2,2,False,0.2946011462838834,-0.0010728112117017196,0.7003836938491698,True,True,True,False,False,True
44,dirichlet_a1.0,full_sign_flip,2,3,False,0.1964821522174212,-0.5809976517267583,0.620478193120319,True,False,True,False,False,True
44,dirichlet_a1.0,full_sign_flip,2,4,False,0.2911380784686535,0.4228000547841777,0.6778814737865053,True,True,True,False,False,True
44,dirichlet_a1.0,full_sign_flip,3,0,False,0.19115339379523016,0.08600239997419218,0.5583635413863518,True,True,True,False,False,True
44,dirichlet_a1.0,full_sign_flip,3,1,False,0.25129947264017655,0.553100466938269,0.6854035743118104,True,True,True,False,False,True
44,dirichlet_a1.0,full_sign_flip,3,2,False,0.2584582638424842,-0.006078407558125626,0.6884349326452757,True,True,True,False,False,True
44,dirichlet_a1.0,full_sign_flip,3,3,False,0.14669104751034515,-0.5972999470186313,0.5505516597280484,True,False,True,False,False,True
44,dirichlet_a1.0,full_sign_flip,3,4,False,0.2726998088721353,0.5138518788403668,0.738218859322812,True,True,True,False,False,True
44,dirichlet_a1.0,full_sign_flip,4,0,False,0.1660483612991614,-0.07398421635560681,0.5851391390228315,True,True,True,False,False,True
44,dirichlet_a1.0,full_sign_flip,4,1,False,0.2519474260441933,0.5531419696742004,0.7091732992505664,True,True,True,False,False,True
44,dirichlet_a1.0,full_sign_flip,4,2,False,0.23387119940693277,0.1917132617293508,0.7305690881476625,True,True,True,False,False,True
44,dirichlet_a1.0,full_sign_flip,4,3,False,0.12637452359255752,-0.5772401718510359,0.5764081964628064,True,False,True,False,False,True
44,dirichlet_a1.0,full_sign_flip,4,4,False,0.2626910157536421,0.6276152472071135,0.6917363122556871,True,True,True,False,False,True
44,dirichlet_a1.0,full_sign_flip,5,0,False,0.1564181773563666,0.053752238945088585,0.5608180178797529,True,True,True,False,False,True
44,dirichlet_a1.0,full_sign_flip,5,1,False,0.23118309113510488,0.6701810798428595,0.7567279284809884,True,True,True,False,True,True
44,dirichlet_a1.0,full_sign_flip,5,2,False,0.21632706566665383,0.18638303457051314,0.6895215439511951,True,True,True,False,False,True
44,dirichlet_a1.0,full_sign_flip,5,3,False,0.1146898303362326,-0.41168411904944474,0.4922764071672486,True,True,True,False,False,False
44,dirichlet_a1.0,full_sign_flip,5,4,False,0.25268974174590547,0.5979171776840047,0.6565936384913479,True,True,True,False,False,True
44,dirichlet_a1.0,full_sign_flip,6,0,False,0.13055452218495642,-0.17949012163008374,0.5895368864223519,True,True,True,False,False,True
44,dirichlet_a1.0,full_sign_flip,6,1,False,0.21881750267995384,0.6493335115026684,0.7577185596274678,True,True,True,False,False,True
44,dirichlet_a1.0,full_sign_flip,6,2,False,0.20626727939183448,-0.0640971766029429,0.6812904666220139,True,True,True,False,False,True
44,dirichlet_a1.0,full_sign_flip,6,3,False,0.12199884567113867,-0.19389341283037245,0.5869374541511179,True,True,True,False,False,True
44,dirichlet_a1.0,full_sign_flip,6,4,False,0.23726241868169165,0.4716121091362917,0.6187286703026823,True,True,True,False,False,True
44,dirichlet_a1.0,full_sign_flip,7,0,False,0.14066733757480482,0.11561086728218087,0.5458874132206459,True,True,True,False,False,True
44,dirichlet_a1.0,full_sign_flip,7,1,False,0.21687437052099015,0.762537056778945,0.8127376999698159,True,True,True,False,True,True
44,dirichlet_a1.0,full_sign_flip,7,2,False,0.20547712173868732,0.17730818882090751,0.680667069121642,True,True,True,False,False,True
44,dirichlet_a1.0,full_sign_flip,7,3,False,0.12521183933947902,-0.11186675761266006,0.5051162088741322,True,True,True,False,False,False
44,dirichlet_a1.0,full_sign_flip,7,4,False,0.23653360705906437,0.5289582813063282,0.703765469363115,True,True,True,False,False,True
44,dirichlet_a1.0,full_sign_flip,8,0,False,0.13549749607986994,0.05093069171422377,0.5603625555822851,True,True,True,False,False,True
44,dirichlet_a1.0,full_sign_flip,8,1,False,0.2016543658640743,0.6543891209040369,0.7078758060886368,True,True,True,False,True,True
44,dirichlet_a1.0,full_sign_flip,8,2,False,0.191106890017482,0.12153853287171593,0.6820732095326044,True,True,True,False,False,True
44,dirichlet_a1.0,full_sign_flip,8,3,False,0.1277893165346001,-0.11893602063731908,0.5950583177483063,True,True,True,False,False,True
44,dirichlet_a1.0,full_sign_flip,8,4,False,0.2165236397351261,0.36454480595860156,0.7019780697329723,True,True,True,False,False,True
44,dirichlet_a1.0,full_sign_flip,9,0,False,0.1445127720606949,0.08684932608968357,0.6051833165726364,True,True,True,False,False,True
44,dirichlet_a1.0,full_sign_flip,9,1,False,0.197961227452517,0.682518818462307,0.7891390683325095,True,True,True,False,True,True
44,dirichlet_a1.0,full_sign_flip,9,2,False,0.1969224629582433,0.37869871389499327,0.7289454396700131,True,True,True,False,False,True
44,dirichlet_a1.0,full_sign_flip,9,3,False,0.11682285333316049,-0.0023306426861151664,0.5935076445823178,True,True,True,False,False,True
44,dirichlet_a1.0,full_sign_flip,9,4,False,0.21649623032708043,0.44651352975711844,0.719494111029675,True,True,True,False,False,True
44,dirichlet_a1.0,full_sign_flip,10,0,True,0.13248559246258534,-0.12124786327832848,0.4982559160832141,True,True,True,False,False,False
44,dirichlet_a1.0,full_sign_flip,10,1,False,0.19405523496593757,0.6407665057493834,0.7483834809740102,True,True,True,False,False,True
44,dirichlet_a1.0,full_sign_flip,10,2,False,0.2074692445807909,0.20985803475230808,0.7247860674044518,True,True,True,False,False,True
44,dirichlet_a1.0,full_sign_flip,10,3,False,0.12870853480917568,0.13188830710618415,0.6141015667478062,True,True,True,False,False,True
44,dirichlet_a1.0,full_sign_flip,10,4,False,0.22324210164102548,0.6160957179504027,0.6680803366040134,True,True,True,False,False,True
44,dirichlet_a1.0,full_sign_flip,11,0,True,0.19057426595572974,-0.5561686599161411,0.4108344917646068,True,False,False,False,False,False
44,dirichlet_a1.0,full_sign_flip,11,1,False,0.17499855365065572,0.5341928297582172,0.7314461434769788,True,True,True,False,False,True
44,dirichlet_a1.0,full_sign_flip,11,2,False,0.1803041135472641,0.08268973870768222,0.737840684106323,True,True,True,False,False,True
44,dirichlet_a1.0,full_sign_flip,11,3,False,0.17197624059502917,0.512274036369755,0.6449892581827372,True,True,True,False,False,True
44,dirichlet_a1.0,full_sign_flip,11,4,False,0.18779053586879796,0.3138949122034742,0.7051013100804583,True,True,True,False,False,True
44,dirichlet_a1.0,full_sign_flip,12,0,True,0.24984728707084566,-0.8052364478100827,0.3792971920142834,True,False,False,False,False,False
44,dirichlet_a1.0,full_sign_flip,12,1,False,0.17854736513682143,0.47307627077947373,0.7421847102743061,True,True,True,False,False,True
44,dirichlet_a1.0,full_sign_flip,12,2,False,0.1827805751038049,0.21319267337264944,0.7038548936860899,True,True,True,False,False,True
44,dirichlet_a1.0,full_sign_flip,12,3,False,0.263593590941621,0.8599626503067853,0.6217497159552021,True,True,True,False,True,True
44,dirichlet_a1.0,full_sign_flip,12,4,False,0.1814356863101666,0.3762001924541,0.6444164908294108,True,True,True,False,False,True
44,dirichlet_a1.0,full_sign_flip,13,0,True,0.26327707531003075,-0.8406364894335049,0.3453133228014745,True,False,False,False,False,False
44,dirichlet_a1.0,full_sign_flip,13,1,False,0.18941526668955538,0.6053290110245353,0.6879031727224855,True,True,True,False,False,True
44,dirichlet_a1.0,full_sign_flip,13,2,False,0.1914357590615273,0.38997154876726065,0.7478936282253817,True,True,True,False,False,True
44,dirichlet_a1.0,full_sign_flip,13,3,False,0.2793813545265236,0.8527423320549588,0.6745737888362296,True,True,True,False,True,True
44,dirichlet_a1.0,full_sign_flip,13,4,False,0.1890605487058677,0.48609816556166935,0.716577804107425,True,True,True,False,False,True
44,dirichlet_a1.0,full_sign_flip,14,0,True,0.2710585372735449,-0.7798536944629032,0.37445885575535526,True,False,False,False,False,False
44,dirichlet_a1.0,full_sign_flip,14,1,False,0.19236267716928077,0.6503231674452402,0.744476224217339,True,True,True,False,True,True
44,dirichlet_a1.0,full_sign_flip,14,2,False,0.20963350185635074,0.3706221041424809,0.6996033769129071,True,True,True,False,False,True
44,dirichlet_a1.0,full_sign_flip,14,3,False,0.3026925876327545,0.8721212678860694,0.7407519420705626,True,True,True,False,True,True
44,dirichlet_a1.0,full_sign_flip,14,4,False,0.1933983031553559,0.5005056290635207,0.7342970957512076,True,True,True,False,False,True
44,dirichlet_a1.0,full_sign_flip,15,0,True,0.28612476061730474,-0.8483576324533783,0.35193227513227515,True,False,False,False,False,False
44,dirichlet_a1.0,full_sign_flip,15,1,False,0.21468657518363557,0.6941016666020148,0.7894941798941799,True,True,True,False,True,True
44,dirichlet_a1.0,full_sign_flip,15,2,False,0.20740026478860188,0.5139553308934254,0.741773544973545,True,True,True,False,False,True
44,dirichlet_a1.0,full_sign_flip,15,3,False,0.3401266167456857,0.8989576216818633,0.6875597883597884,False,True,True,False,True,True
44,dirichlet_a1.0,full_sign_flip,15,4,False,0.2280249972213378,0.4900377525414249,0.7117544973544974,True,True,True,False,False,True
44,dirichlet_a1.0,full_sign_flip,16,0,True,0.2862400751888423,-0.8010845059520072,0.32137564593779033,True,False,False,False,False,False
44,dirichlet_a1.0,full_sign_flip,16,1,False,0.21566444129466375,0.6682614316714556,0.7558911829971513,True,True,True,False,True,True
44,dirichlet_a1.0,full_sign_flip,16,2,False,0.21612609886141573,0.48393542938695483,0.7118023295991155,True,True,True,False,False,True
44,dirichlet_a1.0,full_sign_flip,16,3,False,0.3551592800104283,0.8812373282458426,0.7150963243932216,False,True,True,False,True,True
44,dirichlet_a1.0,full_sign_flip,16,4,False,0.23705683474681655,0.6343637759435445,0.6757219530548154,True,True,True,False,False,True
44,dirichlet_a1.0,full_sign_flip,17,0,True,0.2909272548985885,-0.8102065233469881,0.3077401615925778,True,False,False,False,False,False
44,dirichlet_a1.0,full_sign_flip,17,1,False,0.22382210249251042,0.6992928498516747,0.7689548708181009,True,True,True,False,True,True
44,dirichlet_a1.0,full_sign_flip,17,2,False,0.20887946156398476,0.3423455953749528,0.7421200577555221,True,True,True,False,False,True
44,dirichlet_a1.0,full_sign_flip,17,3,False,0.3505674479157472,0.8628952635640511,0.708925993057049,False,True,True,False,True,True
44,dirichlet_a1.0,full_sign_flip,17,4,False,0.2459160271920157,0.5584210850652006,0.6778823999262695,True,True,True,False,False,True
44,dirichlet_a1.0,full_sign_flip,18,0,True,0.30469646604784895,-0.8375956338783415,0.321814009497194,False,False,False,False,False,False
44,dirichlet_a1.0,full_sign_flip,18,1,False,0.21809163062163536,0.6781126834881548,0.7443103931414203,True,True,True,False,True,True
44,dirichlet_a1.0,full_sign_flip,18,2,False,0.20200131141955985,0.3674810769643673,0.744666348578829,True,True,True,False,False,True
44,dirichlet_a1.0,full_sign_flip,18,3,False,0.34642230199517443,0.8873499838543354,0.711789698498171,False,True,True,False,True,True
44,dirichlet_a1.0,full_sign_flip,18,4,False,0.23814723081857617,0.5214122371225672,0.725906739675399,True,True,True,False,False,True
44,dirichlet_a1.0,full_sign_flip,19,0,True,0.31021378920039094,-0.8362088633398735,0.3143761865211201,False,False,False,False,False,False
44,dirichlet_a1.0,full_sign_flip,19,1,False,0.23856234555481118,0.6190443065842746,0.719765958709065,True,True,True,False,False,True
44,dirichlet_a1.0,full_sign_flip,19,2,False,0.2086410368940203,0.1943218138253166,0.7255502491694352,True,True,True,False,False,True
44,dirichlet_a1.0,full_sign_flip,19,3,False,0.35470482245741725,0.8448153526775595,0.7267590175605125,False,True,True,False,True,True
44,dirichlet_a1.0,full_sign_flip,19,4,False,0.2309567411185374,0.5317213394979509,0.723140128144281,True,True,True,False,False,True
44,dirichlet_a1.0,full_sign_flip,20,0,True,0.30233907918571673,-0.8349473621251982,0.3568170993952864,True,False,False,False,False,False
44,dirichlet_a1.0,full_sign_flip,20,1,False,0.24065637301357515,0.658394375841651,0.6795090129746424,True,True,True,False,True,True
44,dirichlet_a1.0,full_sign_flip,20,2,False,0.20815606964522176,0.20039490218842862,0.7241192685707688,True,True,True,False,False,True
44,dirichlet_a1.0,full_sign_flip,20,3,False,0.34712559890546874,0.8557787026322075,0.7112600845733089,False,True,True,False,True,True
44,dirichlet_a1.0,full_sign_flip,20,4,False,0.23203373857742482,0.5006318594991432,0.7511293278875435,True,True,True,False,False,True
44,dirichlet_a1.0,full_sign_flip,21,0,True,0.31273771524131644,-0.8708902975147236,0.3277243477896735,False,False,False,False,False,False
44,dirichlet_a1.0,full_sign_flip,21,1,False,0.23068328578451094,0.6134295611704337,0.7077511480855935,True,True,True,False,False,True
44,dirichlet_a1.0,full_sign_flip,21,2,False,0.22237921984841555,0.27604111183789715,0.7465068885135606,True,True,True,False,False,True
44,dirichlet_a1.0,full_sign_flip,21,3,False,0.33948063666901734,0.8320405734035322,0.7026074454572102,False,True,True,False,True,True
44,dirichlet_a1.0,full_sign_flip,21,4,False,0.23016853834997933,0.49659625585841244,0.6807693918287014,True,True,True,False,False,True
44,dirichlet_a1.0,full_sign_flip,22,0,True,0.3128592619440226,-0.8471607972095653,0.32788091189840035,False,False,False,False,False,False
44,dirichlet_a1.0,full_sign_flip,22,1,False,0.2466057812035841,0.6808983545698708,0.7491030223116694,True,True,True,False,True,True
44,dirichlet_a1.0,full_sign_flip,22,2,False,0.2222892651393972,0.2593691266798603,0.7333495263541414,True,True,True,False,False,True
44,dirichlet_a1.0,full_sign_flip,22,3,False,0.3349825140779206,0.7762006768369121,0.681293591033693,False,True,True,False,True,True
44,dirichlet_a1.0,full_sign_flip,22,4,False,0.23653120323338134,0.4480932165040371,0.7051181512196815,True,True,True,False,False,True
44,dirichlet_a1.0,full_sign_flip,23,0,True,0.30763092296091493,-0.8481219111470634,0.3231223208870292,False,False,False,False,False,False
44,dirichlet_a1.0,full_sign_flip,23,1,False,0.2454881169368312,0.6563174439194785,0.7393568084395892,True,True,True,False,True,True
44,dirichlet_a1.0,full_sign_flip,23,2,False,0.23588205525976194,0.32316311552846483,0.7433571628151046,True,True,True,False,False,True
44,dirichlet_a1.0,full_sign_flip,23,3,False,0.3281084935920307,0.8293136090603316,0.7111226207432345,False,True,True,False,True,True
44,dirichlet_a1.0,full_sign_flip,23,4,False,0.22878466745834763,0.4111137268344811,0.6910390699005704,True,True,True,False,False,True
44,dirichlet_a1.0,full_sign_flip,24,0,True,0.3112458444428518,-0.8387851468744512,0.3151702992734786,False,False,False,False,False,False
44,dirichlet_a1.0,full_sign_flip,24,1,False,0.25368528275132135,0.718967321092742,0.7192228221022462,True,True,True,False,True,True
44,dirichlet_a1.0,full_sign_flip,24,2,False,0.24993292380087023,0.36618885201978396,0.7829567419849364,True,True,True,False,False,True
44,dirichlet_a1.0,full_sign_flip,24,3,False,0.33785254061203474,0.800309835781483,0.686369392788109,False,True,True,False,True,True
44,dirichlet_a1.0,full_sign_flip,24,4,False,0.21610153270489496,0.4088217655591651,0.7029860694527761,True,True,True,False,False,True
44,dirichlet_a1.0,directional_poisoning,0,0,False,0.36156235075467813,0.6865747223842256,0.5908010573156917,False,True,True,False,True,True
44,dirichlet_a1.0,directional_poisoning,0,1,False,0.24309957458393097,-0.07688798896302539,0.670299646821019,True,True,True,False,False,True
44,dirichlet_a1.0,directional_poisoning,0,2,False,0.3215520985283647,0.004796893632812058,0.596798436238977,False,True,True,False,False,True
44,dirichlet_a1.0,directional_poisoning,0,3,False,0.31367758025327125,0.16240942601859584,0.5849443576511006,False,True,True,False,False,True
44,dirichlet_a1.0,directional_poisoning,0,4,False,0.36279340819130734,0.41147033915700365,0.6961402053917177,False,True,True,False,False,True
44,dirichlet_a1.0,directional_poisoning,1,0,False,0.28527387731659015,0.6093672074965464,0.5477072081031871,True,True,True,False,False,True
44,dirichlet_a1.0,directional_poisoning,1,1,False,0.2705676746300765,-0.059944752145924825,0.6768058509417507,True,True,True,False,False,True
44,dirichlet_a1.0,directional_poisoning,1,2,False,0.31907664136463804,0.0038537433385290427,0.6284330676132626,False,True,True,False,False,True
44,dirichlet_a1.0,directional_poisoning,1,3,False,0.2530629385202635,0.0030894051935266118,0.5863717734902153,True,True,True,False,False,True
44,dirichlet_a1.0,directional_poisoning,1,4,False,0.3259828544151261,0.352508666669251,0.6673577428584543,False,True,True,False,False,True
44,dirichlet_a1.0,directional_poisoning,2,0,False,0.22846719841518306,0.1077591483306391,0.5574768064376684,True,True,True,False,False,True
44,dirichlet_a1.0,directional_poisoning,2,1,False,0.25599004952202165,0.1612455640747658,0.683295647258338,True,True,True,False,False,True
44,dirichlet_a1.0,directional_poisoning,2,2,False,0.2946855288944474,-0.00024426761894805475,0.7016509826089848,True,True,True,False,False,True
44,dirichlet_a1.0,directional_poisoning,2,3,False,0.1965732620129941,-0.5912352302243954,0.6229341934625744,True,False,True,False,False,True
44,dirichlet_a1.0,directional_poisoning,2,4,False,0.2916584573326251,0.4276613424964652,0.6719150068167459,True,True,True,False,False,True
44,dirichlet_a1.0,directional_poisoning,3,0,False,0.1911998548916652,0.08975989966881051,0.5563720643257738,True,True,True,False,False,True
44,dirichlet_a1.0,directional_poisoning,3,1,False,0.2507400803086022,0.5364149943476323,0.6715920866325473,True,True,True,False,False,True
44,dirichlet_a1.0,directional_poisoning,3,2,False,0.25836762146478903,-0.005276932457212672,0.695892231389269,True,True,True,False,False,True
44,dirichlet_a1.0,directional_poisoning,3,3,False,0.14497676267345627,-0.5992291571412506,0.5521796565389696,True,False,True,False,False,True
44,dirichlet_a1.0,directional_poisoning,3,4,False,0.2737816213983894,0.5229354601330382,0.7358071176009935,True,True,True,False,False,True
44,dirichlet_a1.0,directional_poisoning,4,0,False,0.16526835179902116,-0.032028390406764654,0.5929755661057393,True,True,True,False,False,True
44,dirichlet_a1.0,directional_poisoning,4,1,False,0.25196063599300444,0.5372546634283364,0.7118639854838309,True,True,True,False,False,True
44,dirichlet_a1.0,directional_poisoning,4,2,False,0.23400251827598662,0.1847600083896425,0.7246567737979833,True,True,True,False,False,True
44,dirichlet_a1.0,directional_poisoning,4,3,False,0.12400368253918856,-0.5776654160049403,0.5624269841664388,True,False,True,False,False,True
44,dirichlet_a1.0,directional_poisoning,4,4,False,0.26362460120347214,0.6316113679513413,0.683237635985517,True,True,True,False,False,True
44,dirichlet_a1.0,directional_poisoning,5,0,False,0.15532485485916647,0.07456777991342324,0.5600710671661967,True,True,True,False,False,True
44,dirichlet_a1.0,directional_poisoning,5,1,False,0.23128986226827866,0.6646585112290733,0.7604727511490479,True,True,True,False,True,True
44,dirichlet_a1.0,directional_poisoning,5,2,False,0.21744606458127502,0.1954135152473182,0.6869336835193697,True,True,True,False,False,True
44,dirichlet_a1.0,directional_poisoning,5,3,False,0.112897696670883,-0.4081091696639834,0.49781004982426325,True,True,True,False,False,False
44,dirichlet_a1.0,directional_poisoning,5,4,False,0.2536276533593376,0.602365630148311,0.6543354833726005,True,True,True,False,False,True
44,dirichlet_a1.0,directional_poisoning,6,0,False,0.1281927311028469,-0.1686299388180151,0.5697209250434312,True,True,True,False,False,True
44,dirichlet_a1.0,directional_poisoning,6,1,False,0.2185523421751567,0.6427840872511004,0.760682466569976,True,True,True,False,False,True
44,dirichlet_a1.0,directional_poisoning,6,2,False,0.20755363683109426,-0.05259445703326393,0.6876783067433817,True,True,True,False,False,True
44,dirichlet_a1.0,directional_poisoning,6,3,False,0.12120329144055873,-0.20197104623317183,0.5830212135218271,True,True,True,False,False,True
44,dirichlet_a1.0,directional_poisoning,6,4,False,0.23805560356708141,0.4744466719021427,0.619702596305564,True,True,True,False,False,True
44,dirichlet_a1.0,directional_poisoning,7,0,False,0.14047436086802353,0.10346251250812924,0.5337451539424658,True,True,True,False,False,True
44,dirichlet_a1.0,directional_poisoning,7,1,False,0.21685652969271266,0.7646229192649235,0.8173809416059495,True,True,True,False,True,True
44,dirichlet_a1.0,directional_poisoning,7,2,False,0.206984347407894,0.1857877717763076,0.68810999984915,True,True,True,False,False,True
44,dirichlet_a1.0,directional_poisoning,7,3,False,0.12458949208520749,-0.11950916478156487,0.5090736299045119,True,True,True,False,False,False
44,dirichlet_a1.0,directional_poisoning,7,4,False,0.23727928460374334,0.5348923003997639,0.7171184625363926,True,True,True,False,False,True
44,dirichlet_a1.0,directional_poisoning,8,0,False,0.13506702392063305,0.04551631608128576,0.5668129516484198,True,True,True,False,False,True
44,dirichlet_a1.0,directional_poisoning,8,1,False,0.2008051100739912,0.6559355543092381,0.7091849393666843,True,True,True,False,True,True
44,dirichlet_a1.0,directional_poisoning,8,2,False,0.19310822655460216,0.13606181714334437,0.678372049747232,True,True,True,False,False,True
44,dirichlet_a1.0,directional_poisoning,8,3,False,0.12698155011049458,-0.1265712702507521,0.5856620041559408,True,True,True,False,False,True
44,dirichlet_a1.0,directional_poisoning,8,4,False,0.21811513360670243,0.3809574400343413,0.7106658809664114,True,True,True,False,False,True
44,dirichlet_a1.0,directional_poisoning,9,0,False,0.14466435866720412,0.08929252450698444,0.6079693486590039,True,True,True,False,False,True
44,dirichlet_a1.0,directional_poisoning,9,1,False,0.19891129762056253,0.6825682432708781,0.7868624946785866,True,True,True,False,True,True
44,dirichlet_a1.0,directional_poisoning,9,2,False,0.19826529867621534,0.38310915627708986,0.7367220093656875,True,True,True,False,False,True
44,dirichlet_a1.0,directional_poisoning,9,3,False,0.11677977393757477,-0.004279663434748238,0.5821030225627927,True,True,True,False,False,True
44,dirichlet_a1.0,directional_poisoning,9,4,False,0.21785804571417589,0.4562867160830237,0.7307109408258834,True,True,True,False,False,True
44,dirichlet_a1.0,directional_poisoning,10,0,True,0.13247317524987595,-0.12333639208002088,0.4790099753745983,True,True,True,False,False,False
44,dirichlet_a1.0,directional_poisoning,10,1,False,0.19447364407574977,0.6426151340436549,0.7669351809340957,True,True,True,False,False,True
44,dirichlet_a1.0,directional_poisoning,10,2,False,0.20771512790939245,0.21086581977678456,0.7440210359363914,True,True,True,False,False,True
44,dirichlet_a1.0,directional_poisoning,10,3,False,0.12973031998643547,0.1326705055884885,0.60722901623607,True,True,True,False,False,True
44,dirichlet_a1.0,directional_poisoning,10,4,False,0.22375242627391548,0.6142659022386021,0.6771985475186777,True,True,True,False,False,True
44,dirichlet_a1.0,directional_poisoning,11,0,True,0.19102981823971227,-0.5570198262895726,0.41519733793858726,True,False,False,False,False,False
44,dirichlet_a1.0,directional_poisoning,11,1,False,0.1760216267967549,0.5393565522954044,0.7341224042795165,True,True,True,False,False,True
44,dirichlet_a1.0,directional_poisoning,11,2,False,0.18036564260257731,0.08114337351360736,0.7488227117644581,True,True,True,False,False,True
44,dirichlet_a1.0,directional_poisoning,11,3,False,0.17302803249635784,0.5128968244254037,0.6411187397329514,True,True,True,False,False,True
44,dirichlet_a1.0,directional_poisoning,11,4,False,0.18796988119291236,0.3129584387887565,0.7216545217134914,True,True,True,False,False,True
44,dirichlet_a1.0,directional_poisoning,12,0,True,0.25141136478568255,-0.8074965172371646,0.35148539080215996,True,False,False,False,False,False
44,dirichlet_a1.0,directional_poisoning,12,1,False,0.1796674226987973,0.48083138200149783,0.7493188899946164,True,True,True,False,False,True
44,dirichlet_a1.0,directional_poisoning,12,2,False,0.1842325517585965,0.21740147257915976,0.7286653506696902,True,True,True,False,False,True
44,dirichlet_a1.0,directional_poisoning,12,3,False,0.26580883786556897,0.8609432288800521,0.6127706086757916,True,True,True,False,True,True
44,dirichlet_a1.0,directional_poisoning,12,4,False,0.18175888834669096,0.3750826477320639,0.6654648677749319,True,True,True,False,False,True
44,dirichlet_a1.0,directional_poisoning,13,0,True,0.2638598699430613,-0.8399637539768229,0.33575572974002005,True,False,False,False,False,False
44,dirichlet_a1.0,directional_poisoning,13,1,False,0.1892139841726382,0.609918781308193,0.6865590107352442,True,True,True,False,False,True
44,dirichlet_a1.0,directional_poisoning,13,2,False,0.1925829313943117,0.3921478169100678,0.7641970914689158,True,True,True,False,False,True
44,dirichlet_a1.0,directional_poisoning,13,3,False,0.28067050323356046,0.8519776512201784,0.6753850865358352,True,True,True,False,True,True
44,dirichlet_a1.0,directional_poisoning,13,4,False,0.1901070383236026,0.4873327132418581,0.7347227625251413,True,True,True,False,False,True
44,dirichlet_a1.0,directional_poisoning,14,0,True,0.2712368160359922,-0.7800247609810574,0.3868986520304375,True,False,False,False,False,False
44,dirichlet_a1.0,directional_poisoning,14,1,False,0.19267431781711467,0.6520920527529537,0.7452854997836802,True,True,True,False,True,True
44,dirichlet_a1.0,directional_poisoning,14,2,False,0.21021164444380847,0.3724783487515722,0.6961427202008805,True,True,True,False,False,True
44,dirichlet_a1.0,directional_poisoning,14,3,False,0.3029616952106592,0.8715431225333236,0.7293287298207515,True,True,True,False,True,True
44,dirichlet_a1.0,directional_poisoning,14,4,False,0.19487932223761642,0.5007357820934135,0.7190302084305359,True,True,True,False,False,True
44,dirichlet_a1.0,directional_poisoning,15,0,True,0.286668543819729,-0.8478494218750018,0.34362248817714647,True,False,False,False,False,False
44,dirichlet_a1.0,directional_poisoning,15,1,False,0.21518714698296879,0.6936393821259406,0.7825704676216004,True,True,True,False,True,True
44,dirichlet_a1.0,directional_poisoning,15,2,False,0.20843893210531375,0.515634436416341,0.7636282928994588,True,True,True,False,False,True
44,dirichlet_a1.0,directional_poisoning,15,3,False,0.3412394411571832,0.8999629893443278,0.7066054325371758,False,True,True,False,True,True
44,dirichlet_a1.0,directional_poisoning,15,4,False,0.2293911644844681,0.49448832932083153,0.7028323630341625,True,True,True,False,False,True
44,dirichlet_a1.0,directional_poisoning,16,0,True,0.2868968503211257,-0.8013559602479965,0.3095684659957304,True,False,False,False,False,False
44,dirichlet_a1.0,directional_poisoning,16,1,False,0.21690248419358213,0.6655223861045023,0.7659728575785301,True,True,True,False,True,True
44,dirichlet_a1.0,directional_poisoning,16,2,False,0.21505579545230652,0.48140371048092456,0.7095150960658737,True,True,True,False,False,True
44,dirichlet_a1.0,directional_poisoning,16,3,False,0.35697605394085125,0.8820561176992181,0.7037206465385788,False,True,True,False,True,True
44,dirichlet_a1.0,directional_poisoning,16,4,False,0.23805127230482426,0.6401277603870354,0.6745044220799024,True,True,True,False,False,True
44,dirichlet_a1.0,directional_poisoning,17,0,True,0.2914595412297822,-0.8118677092721557,0.3287553381955155,True,False,False,False,False,False
44,dirichlet_a1.0,directional_poisoning,17,1,False,0.22496223749742983,0.698678082494058,0.7808762778729373,True,True,True,False,True,True
44,dirichlet_a1.0,directional_poisoning,17,2,False,0.20831792598159918,0.3354307803919487,0.7432860807762957,True,True,True,False,False,True
44,dirichlet_a1.0,directional_poisoning,17,3,False,0.3513553524291765,0.863670307013014,0.7102919634483774,False,True,True,False,True,True
44,dirichlet_a1.0,directional_poisoning,17,4,False,0.2461900058634105,0.5562097891246126,0.6801500507661424,True,True,True,False,False,True
44,dirichlet_a1.0,directional_poisoning,18,0,True,0.3055682231916325,-0.8399697579499037,0.2927566665922004,False,False,False,False,False,False
44,dirichlet_a1.0,directional_poisoning,18,1,False,0.21944319682132407,0.6790065886995181,0.7500242015354943,True,True,True,False,True,True
44,dirichlet_a1.0,directional_poisoning,18,2,False,0.20116091462864563,0.3630077179459671,0.7391521271288043,True,True,True,False,False,True
44,dirichlet_a1.0,directional_poisoning,18,3,False,0.34725627608598675,0.8878204073545144,0.6971382615106226,False,True,True,False,True,True
44,dirichlet_a1.0,directional_poisoning,18,4,False,0.23827469417634944,0.521916207471212,0.7146825130874457,True,True,True,False,False,True
44,dirichlet_a1.0,directional_poisoning,19,0,True,0.31121667072135195,-0.8367809674239767,0.3153804090262841,False,False,False,False,False,False
44,dirichlet_a1.0,directional_poisoning,19,1,False,0.23961717399443794,0.6219967012850675,0.709802777879042,True,True,True,False,False,True
44,dirichlet_a1.0,directional_poisoning,19,2,False,0.20884929615371162,0.19609394655304446,0.7310050672596697,True,True,True,False,False,True
44,dirichlet_a1.0,directional_poisoning,19,3,False,0.35530984197149995,0.8454108464780523,0.7265939994896286,False,True,True,False,True,True
44,dirichlet_a1.0,directional_poisoning,19,4,False,0.23080709422559134,0.5300809684525618,0.7036783201487369,True,True,True,False,False,True
44,dirichlet_a1.0,directional_poisoning,20,0,True,0.30330468459755006,-0.8379803728835332,0.3540265204000316,True,False,False,False,False,False
44,dirichlet_a1.0,directional_poisoning,20,1,False,0.24028823534979504,0.6567146322538031,0.6787686034073043,True,True,True,False,True,True
44,dirichlet_a1.0,directional_poisoning,20,2,False,0.20783669715280467,0.19800400814822508,0.7246803408740101,True,True,True,False,False,True
44,dirichlet_a1.0,directional_poisoning,20,3,False,0.3476163891548652,0.8574127876881087,0.6978871267652148,False,True,True,False,True,True
44,dirichlet_a1.0,directional_poisoning,20,4,False,0.2324902252231866,0.5016298468585382,0.7526437837876645,True,True,True,False,False,True
44,dirichlet_a1.0,directional_poisoning,21,0,True,0.3131931724679763,-0.8716336782661561,0.32560319867640974,False,False,False,False,False,False
44,dirichlet_a1.0,directional_poisoning,21,1,False,0.22996326933064826,0.6130242623093863,0.7143388942506549,True,True,True,False,False,True
44,dirichlet_a1.0,directional_poisoning,21,2,False,0.22367153322378336,0.273702884477469,0.7286364263063559,True,True,True,False,False,True
44,dirichlet_a1.0,directional_poisoning,21,3,False,0.34221142556073214,0.833196059740326,0.6902867778850131,False,True,True,False,True,True
44,dirichlet_a1.0,directional_poisoning,21,4,False,0.2302243166537524,0.49673898035390424,0.6820557010892044,True,True,True,False,False,True
44,dirichlet_a1.0,directional_poisoning,22,0,True,0.31275488826511016,-0.8455235168028578,0.31979582469853546,False,False,False,False,False,False
44,dirichlet_a1.0,directional_poisoning,22,1,False,0.24627137766320834,0.6794209313980969,0.731581802250379,True,True,True,False,True,True
44,dirichlet_a1.0,directional_poisoning,22,2,False,0.22399024957717042,0.25904533611595904,0.734690329489979,True,True,True,False,False,True
44,dirichlet_a1.0,directional_poisoning,22,3,False,0.337992601176049,0.7795409343741692,0.6964770024617867,False,True,True,False,True,True
44,dirichlet_a1.0,directional_poisoning,22,4,False,0.23569576554641464,0.44217814508384096,0.7205733042184175,True,True,True,False,False,True
44,dirichlet_a1.0,directional_poisoning,23,0,True,0.3074202159522371,-0.8459136105583064,0.31426588273722034,False,False,False,False,False,False
44,dirichlet_a1.0,directional_poisoning,23,1,False,0.24675600477717471,0.6571210459713557,0.7499659752844466,True,True,True,False,True,True
44,dirichlet_a1.0,directional_poisoning,23,2,False,0.23544735819416543,0.3211025467608617,0.7427867603026839,True,True,True,False,False,True
44,dirichlet_a1.0,directional_poisoning,23,3,False,0.32118826687915897,0.8169505612044078,0.7039237301976156,False,True,True,False,True,True
44,dirichlet_a1.0,directional_poisoning,23,4,False,0.22830000453784166,0.4093737495629215,0.709830420817682,True,True,True,False,False,True
44,dirichlet_a1.0,directional_poisoning,24,0,True,0.31264554268570655,-0.8407535425679944,0.3157025453867363,False,False,False,False,False,False
44,dirichlet_a1.0,directional_poisoning,24,1,False,0.25444186104397154,0.7151313135259195,0.7256483343767066,True,True,True,False,True,True
44,dirichlet_a1.0,directional_poisoning,24,2,False,0.25105952363072154,0.355723169690236,0.7868588249397286,True,True,True,False,False,True
44,dirichlet_a1.0,directional_poisoning,24,3,False,0.33829742263839185,0.8036769193912613,0.6806545280179016,False,True,True,False,True,True
44,dirichlet_a1.0,directional_poisoning,24,4,False,0.21659512029300154,0.41860502675352934,0.7076001971309456,True,True,True,False,False,True
44,dirichlet_a1.0,sparse_coordinate_attack,0,0,False,0.36156235720035224,0.6865747698347725,0.5908925993113917,False,True,True,False,True,True
44,dirichlet_a1.0,sparse_coordinate_attack,0,1,False,0.24309922843985157,-0.07689058328591288,0.670341712635593,True,True,True,False,False,True
44,dirichlet_a1.0,sparse_coordinate_attack,0,2,False,0.32156075383767857,0.004820287175190543,0.5971863314945763,False,True,True,False,False,True
44,dirichlet_a1.0,sparse_coordinate_attack,0,3,False,0.31367759468718315,0.16240966602170645,0.5848654251971419,False,True,True,False,False,True
44,dirichlet_a1.0,sparse_coordinate_attack,0,4,False,0.36279341048184,0.4114702537053921,0.696057161897005,False,True,True,False,False,True
44,dirichlet_a1.0,sparse_coordinate_attack,1,0,False,0.285265492486884,0.6088813386739377,0.5567934865783111,True,True,True,False,False,True
44,dirichlet_a1.0,sparse_coordinate_attack,1,1,False,0.27056032138551095,-0.06071089478713831,0.6699902053809189,True,True,True,False,False,True
44,dirichlet_a1.0,sparse_coordinate_attack,1,2,False,0.3190819869152004,0.0027620969905399607,0.6207875485904931,False,True,True,False,False,True
44,dirichlet_a1.0,sparse_coordinate_attack,1,3,False,0.2531073394958283,0.004882579926291241,0.5790762449879098,True,True,True,False,False,True
44,dirichlet_a1.0,sparse_coordinate_attack,1,4,False,0.326016547799842,0.3521971346220971,0.6752395090447185,False,True,True,False,False,True
44,dirichlet_a1.0,sparse_coordinate_attack,2,0,False,0.2278057033214302,0.10246191793866524,0.5629174548437317,True,True,True,False,False,True
44,dirichlet_a1.0,sparse_coordinate_attack,2,1,False,0.25565042555710976,0.166841410190929,0.6969215059343455,True,True,True,False,False,True
44,dirichlet_a1.0,sparse_coordinate_attack,2,2,False,0.29473411278224715,0.003082898947895159,0.6921840735222726,True,True,True,False,False,True
44,dirichlet_a1.0,sparse_coordinate_attack,2,3,False,0.19649475180608278,-0.5818686395996423,0.6128613756968043,True,False,True,False,False,True
44,dirichlet_a1.0,sparse_coordinate_attack,2,4,False,0.2913771346046171,0.42188928562475925,0.6785911579088337,True,True,True,False,False,True
44,dirichlet_a1.0,sparse_coordinate_attack,3,0,False,0.19063688392492628,0.08232138500125308,0.5460902582763122,True,True,True,False,False,True
44,dirichlet_a1.0,sparse_coordinate_attack,3,1,False,0.25108113050587544,0.5519172467757222,0.6851639441521972,True,True,True,False,False,True
44,dirichlet_a1.0,sparse_coordinate_attack,3,2,False,0.2583319505657829,-0.007827518679506876,0.6897520072776173,True,True,True,False,False,True
44,dirichlet_a1.0,sparse_coordinate_attack,3,3,False,0.14685723289401809,-0.5966868087216856,0.5579084760511015,True,False,True,False,False,True
44,dirichlet_a1.0,sparse_coordinate_attack,3,4,False,0.27249474895771575,0.511049861316383,0.7311474113040383,True,True,True,False,False,True
44,dirichlet_a1.0,sparse_coordinate_attack,4,0,False,0.166364270891495,-0.07049355178463301,0.5895023869513327,True,True,True,False,False,True
44,dirichlet_a1.0,sparse_coordinate_attack,4,1,False,0.25185549356994413,0.5534882258446524,0.7128364938337091,True,True,True,False,False,True
44,dirichlet_a1.0,sparse_coordinate_attack,4,2,False,0.23185385698453403,0.17933374049048265,0.7151322768863546,True,True,True,False,False,True
44,dirichlet_a1.0,sparse_coordinate_attack,4,3,False,0.12554010563299278,-0.5794929271703525,0.5566155019228219,True,False,True,False,False,True
44,dirichlet_a1.0,sparse_coordinate_attack,4,4,False,0.26189967674805364,0.6220435319499465,0.6906826017769526,True,True,True,False,False,True
44,dirichlet_a1.0,sparse_coordinate_attack,5,0,False,0.15647985547363458,0.06243306612335046,0.5725387388230888,True,True,True,False,False,True
44,dirichlet_a1.0,sparse_coordinate_attack,5,1,False,0.23090830651364783,0.6656844495240308,0.7754240594229359,True,True,True,False,True,True
44,dirichlet_a1.0,sparse_coordinate_attack,5,2,False,0.21506799540600383,0.18163548301583965,0.6665808404725122,True,True,True,False,False,True
44,dirichlet_a1.0,sparse_coordinate_attack,5,3,False,0.11568617964028668,-0.39770772283137906,0.49243169015183436,True,True,True,False,False,False
44,dirichlet_a1.0,sparse_coordinate_attack,5,4,False,0.2516920769479394,0.5910221305131761,0.658489771078133,True,True,True,False,False,True
44,dirichlet_a1.0,sparse_coordinate_attack,6,0,False,0.13023799637222946,-0.17611234417009622,0.5767189847521018,True,True,True,False,False,True
44,dirichlet_a1.0,sparse_coordinate_attack,6,1,False,0.21921892628081446,0.6474748396058649,0.7669740753764025,True,True,True,False,False,True
44,dirichlet_a1.0,sparse_coordinate_attack,6,2,False,0.20519414963118054,-0.06426366869889527,0.6712911165808906,True,True,True,False,False,True
44,dirichlet_a1.0,sparse_coordinate_attack,6,3,False,0.12276171885437713,-0.18407891459415454,0.6003100725633731,True,True,True,False,False,True
44,dirichlet_a1.0,sparse_coordinate_attack,6,4,False,0.23751729228677285,0.4646962460192907,0.6273854809321356,True,True,True,False,False,True
44,dirichlet_a1.0,sparse_coordinate_attack,7,0,False,0.14199405062461826,0.11784401380159058,0.5447336484174186,True,True,True,False,False,True
44,dirichlet_a1.0,sparse_coordinate_attack,7,1,False,0.21707595338455557,0.7596076788389818,0.8108666319923415,True,True,True,False,True,True
44,dirichlet_a1.0,sparse_coordinate_attack,7,2,False,0.2052257647133904,0.1926637092973985,0.667450607931375,True,True,True,False,False,True
44,dirichlet_a1.0,sparse_coordinate_attack,7,3,False,0.12581232396108485,-0.09713223446281599,0.5052501451045129,True,True,True,False,False,False
44,dirichlet_a1.0,sparse_coordinate_attack,7,4,False,0.23665190584181095,0.532678261261488,0.7094140792835983,True,True,True,False,False,True
44,dirichlet_a1.0,sparse_coordinate_attack,8,0,False,0.13623970771887806,0.05080899957455139,0.5623688742758729,True,True,True,False,False,True
44,dirichlet_a1.0,sparse_coordinate_attack,8,1,False,0.20175679022807216,0.650247566637922,0.6969704086425552,True,True,True,False,True,True
44,dirichlet_a1.0,sparse_coordinate_attack,8,2,False,0.19144240967063736,0.13478134482058243,0.6968842962267106,True,True,True,False,False,True
44,dirichlet_a1.0,sparse_coordinate_attack,8,3,False,0.12841322955296255,-0.10498336149327098,0.5912948175982464,True,True,True,False,False,True
44,dirichlet_a1.0,sparse_coordinate_attack,8,4,False,0.2169080540283112,0.3601658500264385,0.7131908564271175,True,True,True,False,False,True
44,dirichlet_a1.0,sparse_coordinate_attack,9,0,False,0.1455055249802594,0.09476835839846949,0.6071587839827678,True,True,True,False,False,True
44,dirichlet_a1.0,sparse_coordinate_attack,9,1,False,0.19858294222197956,0.6799017140951878,0.7770242412513568,True,True,True,False,True,True
44,dirichlet_a1.0,sparse_coordinate_attack,9,2,False,0.19666145807537352,0.37933931335232507,0.7299469065268791,True,True,True,False,False,True
44,dirichlet_a1.0,sparse_coordinate_attack,9,3,False,0.1188666909263447,0.019656747652206482,0.5934941563522849,True,True,True,False,False,True
44,dirichlet_a1.0,sparse_coordinate_attack,9,4,False,0.21625397572392166,0.44113314432401457,0.7149864952417815,True,True,True,False,False,True
44,dirichlet_a1.0,sparse_coordinate_attack,10,0,True,11.94746602457376,-0.00010558962305440251,0.013077739349158938,False,True,False,False,False,False
44,dirichlet_a1.0,sparse_coordinate_attack,10,1,False,0.2024025924109275,0.5772485179173101,0.7495480270397736,True,True,True,False,False,True
44,dirichlet_a1.0,sparse_coordinate_attack,10,2,False,0.2027160044730491,0.3233173229620072,0.7717733060839491,True,True,True,False,False,True
44,dirichlet_a1.0,sparse_coordinate_attack,10,3,False,0.1349171271028546,0.09377649648071117,0.5963979720169784,True,True,True,False,False,True
44,dirichlet_a1.0,sparse_coordinate_attack,10,4,False,0.21447008896764047,0.5917510636375464,0.8282601006131112,True,True,True,False,False,True
44,dirichlet_a1.0,sparse_coordinate_attack,11,0,True,12.341217819147017,0.02036316990988912,0.01353481754912139,False,True,False,False,False,False
44,dirichlet_a1.0,sparse_coordinate_attack,11,1,False,0.17872718528565532,0.4960313768428816,0.7339658553466375,True,True,True,False,False,True
44,dirichlet_a1.0,sparse_coordinate_attack,11,2,False,0.17139778391347463,0.05384371748211062,0.7668992963432922,True,True,True,False,False,True
44,dirichlet_a1.0,sparse_coordinate_attack,11,3,False,0.19311204728494327,0.6137698560486886,0.6253989310570232,True,True,True,False,False,True
44,dirichlet_a1.0,sparse_coordinate_attack,11,4,False,0.183359440826734,0.3089306073566848,0.7716384050447956,True,True,True,False,False,True
44,dirichlet_a1.0,sparse_coordinate_attack,12,0,True,13.991914358395023,-0.0011846978549474164,0.01378689631190296,False,True,False,False,False,False
44,dirichlet_a1.0,sparse_coordinate_attack,12,1,False,0.16220029531949795,0.553418314399508,0.811810910876102,True,True,True,False,False,True
44,dirichlet_a1.0,sparse_coordinate_attack,12,2,False,0.1952129120333107,0.3030761600530157,0.7810051751999509,True,True,True,False,False,True
44,dirichlet_a1.0,sparse_coordinate_attack,12,3,False,0.20388589563492676,0.5921219351368675,0.675977253666619,True,True,True,False,False,True
44,dirichlet_a1.0,sparse_coordinate_attack,12,4,False,0.190960689748988,0.38843934160527,0.7181050176938655,True,True,True,False,False,True
44,dirichlet_a1.0,sparse_coordinate_attack,13,0,True,14.955268551533797,0.01148649086111307,0.014076240186984456,False,True,False,False,False,False
44,dirichlet_a1.0,sparse_coordinate_attack,13,1,False,0.1740037670473016,0.5052316908216964,0.8152061126308838,True,True,True,False,False,True
44,dirichlet_a1.0,sparse_coordinate_attack,13,2,False,0.2075146721204613,0.4253483716726454,0.7590793321384774,True,True,True,False,False,True
44,dirichlet_a1.0,sparse_coordinate_attack,13,3,False,0.2210636615642942,0.7268864825173498,0.6765504302529112,True,True,True,False,True,True
44,dirichlet_a1.0,sparse_coordinate_attack,13,4,False,0.20414740472101384,0.4204182599471816,0.7614271190348919,True,True,True,False,False,True
44,dirichlet_a1.0,sparse_coordinate_attack,14,0,True,15.71129013259516,-0.0435133180835535,0.011947509303388393,False,True,False,False,False,False
44,dirichlet_a1.0,sparse_coordinate_attack,14,1,False,0.19540712974006086,0.5944794940786685,0.8342364692824966,True,True,True,False,False,True
44,dirichlet_a1.0,sparse_coordinate_attack,14,2,False,0.20579991741548626,0.4827972730380169,0.7386750482656992,True,True,True,False,False,True
44,dirichlet_a1.0,sparse_coordinate_attack,14,3,False,0.24896668189567844,0.8365887413861808,0.6545295143584626,True,True,True,False,True,True
44,dirichlet_a1.0,sparse_coordinate_attack,14,4,False,0.2136282561391051,0.4940232615188988,0.7413051791193725,True,True,True,False,False,True
44,dirichlet_a1.0,sparse_coordinate_attack,15,0,True,19.837108605084484,0.005701963552480088,0.012692821571723552,False,True,False,False,False,False
44,dirichlet_a1.0,sparse_coordinate_attack,15,1,False,0.19468685437125097,0.689999571572645,0.7599902830074092,True,True,True,False,True,True
44,dirichlet_a1.0,sparse_coordinate_attack,15,2,False,0.21548275139467107,0.49667054141212197,0.8446293372201303,True,True,True,False,False,True
44,dirichlet_a1.0,sparse_coordinate_attack,15,3,False,0.2785419348819094,0.8400698856567783,0.717842827644844,True,True,True,False,True,True
44,dirichlet_a1.0,sparse_coordinate_attack,15,4,False,0.21112618086422671,0.4961976594817463,0.8096177982914288,True,True,True,False,False,True
44,dirichlet_a1.0,sparse_coordinate_attack,16,0,True,15.14347331617278,-0.02161040949720689,0.011553309078790236,False,True,False,False,False,False
44,dirichlet_a1.0,sparse_coordinate_attack,16,1,False,0.19399845586699743,0.6355342831878472,0.7736551226150471,True,True,True,False,False,True
44,dirichlet_a1.0,sparse_coordinate_attack,16,2,False,0.21839018890494696,0.375366838876592,0.8097869858638598,True,True,True,False,False,True
44,dirichlet_a1.0,sparse_coordinate_attack,16,3,False,0.2714185329305654,0.7530423596924308,0.7077975578822636,True,True,True,False,True,True
44,dirichlet_a1.0,sparse_coordinate_attack,16,4,False,0.23521115986293403,0.597024561635866,0.7900593403134576,True,True,True,False,False,True
44,dirichlet_a1.0,sparse_coordinate_attack,17,0,True,17.628481628760014,-0.007713310778225749,0.011903078967457377,False,True,False,False,False,False
44,dirichlet_a1.0,sparse_coordinate_attack,17,1,False,0.197597863272213,0.6638874089181738,0.7606284222530088,True,True,True,False,True,True
44,dirichlet_a1.0,sparse_coordinate_attack,17,2,False,0.22343332371914315,0.2131790458162674,0.7519202314644651,True,True,True,False,False,True
44,dirichlet_a1.0,sparse_coordinate_attack,17,3,False,0.25837727618623224,0.6610791054121281,0.6934038282111453,True,True,True,False,True,True
44,dirichlet_a1.0,sparse_coordinate_attack,17,4,False,0.23816383102724317,0.5349024462468429,0.7881289641588208,True,True,True,False,False,True
44,dirichlet_a1.0,sparse_coordinate_attack,18,0,True,17.49978073226549,0.006824957536185524,0.01188348655968458,False,True,False,False,False,False
44,dirichlet_a1.0,sparse_coordinate_attack,18,1,False,0.21591777228942036,0.5759183065282171,0.8010851741990161,True,True,True,False,False,True
44,dirichlet_a1.0,sparse_coordinate_attack,18,2,False,0.20009352249324283,0.160705717945213,0.7575216021519244,True,True,True,False,False,True
44,dirichlet_a1.0,sparse_coordinate_attack,18,3,False,0.25427072561679126,0.5839949027432213,0.7458039316837702,True,True,True,False,False,True
44,dirichlet_a1.0,sparse_coordinate_attack,18,4,False,0.23357608180305034,0.540280324056066,0.7760100963575732,True,True,True,False,False,True
44,dirichlet_a1.0,sparse_coordinate_attack,19,0,True,18.25383707128132,-0.0035069661672420057,0.01216031315977854,False,True,False,False,False,False
44,dirichlet_a1.0,sparse_coordinate_attack,19,1,False,0.21788863836999403,0.5593528489662569,0.8033327594487083,True,True,True,False,False,True
44,dirichlet_a1.0,sparse_coordinate_attack,19,2,False,0.20860413905196612,0.014855355699341289,0.7344212977645683,True,True,True,False,False,True
44,dirichlet_a1.0,sparse_coordinate_attack,19,3,False,0.2443648174931885,0.5597884414915949,0.7496080972100145,True,True,True,False,False,True
44,dirichlet_a1.0,sparse_coordinate_attack,19,4,False,0.24472509233786227,0.4940804459252285,0.7146404008735128,True,True,True,False,False,True
44,dirichlet_a1.0,sparse_coordinate_attack,20,0,True,23.431574441718556,-0.021913635935214785,0.011994486116829876,False,True,False,False,False,False
44,dirichlet_a1.0,sparse_coordinate_attack,20,1,False,0.2142147143835555,0.6341276726601969,0.8280760486224243,True,True,True,False,False,True
44,dirichlet_a1.0,sparse_coordinate_attack,20,2,False,0.221084996904701,0.09659185285678204,0.7522601550332086,True,True,True,False,False,True
44,dirichlet_a1.0,sparse_coordinate_attack,20,3,False,0.25588101872469515,0.6480834023366508,0.7243416459299307,True,True,True,False,False,True
44,dirichlet_a1.0,sparse_coordinate_attack,20,4,False,0.21729678039436015,0.4163170143592942,0.7425661039402782,True,True,True,False,False,True
44,dirichlet_a1.0,sparse_coordinate_attack,21,0,True,22.953085884690488,-0.019346730601990825,0.012709447415329768,False,True,False,False,False,False
44,dirichlet_a1.0,sparse_coordinate_attack,21,1,False,0.22642037720757113,0.601624790167679,0.7751782531194296,True,True,True,False,False,True
44,dirichlet_a1.0,sparse_coordinate_attack,21,2,False,0.2158008695022844,0.22915892419342715,0.7621033868092691,True,True,True,False,False,True
44,dirichlet_a1.0,sparse_coordinate_attack,21,3,False,0.2652098841482892,0.6305199934547431,0.7468983957219252,True,True,True,False,False,True
44,dirichlet_a1.0,sparse_coordinate_attack,21,4,False,0.20038481175244008,0.31095163011814814,0.7257397504456328,True,True,True,False,False,True
44,dirichlet_a1.0,sparse_coordinate_attack,22,0,True,26.401884828386923,-0.017135010402921123,0.0126641126081529,False,True,False,False,False,False
44,dirichlet_a1.0,sparse_coordinate_attack,22,1,False,0.2258385358752419,0.665818468883098,0.7804054926606689,True,True,True,False,True,True
44,dirichlet_a1.0,sparse_coordinate_attack,22,2,False,0.21812373660586815,0.2017407393977897,0.7800869527786147,True,True,True,False,False,True
44,dirichlet_a1.0,sparse_coordinate_attack,22,3,False,0.24029406434766729,0.5105087973496135,0.7508845938616504,True,True,True,False,False,True
44,dirichlet_a1.0,sparse_coordinate_attack,22,4,False,0.20020902823337383,0.328645119089035,0.7226722913348543,True,True,True,False,False,True
44,dirichlet_a1.0,sparse_coordinate_attack,23,0,True,25.97874508053426,0.029672222254163685,0.01219993747840537,False,True,False,False,False,False
44,dirichlet_a1.0,sparse_coordinate_attack,23,1,False,0.2364632678089166,0.7012697836982433,0.7724460751246318,True,True,True,False,True,True
44,dirichlet_a1.0,sparse_coordinate_attack,23,2,False,0.22987233296295412,0.327203748513912,0.8249066289343359,True,True,True,False,False,True
44,dirichlet_a1.0,sparse_coordinate_attack,23,3,False,0.22817893092773886,0.5670834500320371,0.7807301864130703,True,True,True,False,False,True
44,dirichlet_a1.0,sparse_coordinate_attack,23,4,False,0.1999009389416248,0.2575653077440464,0.7468204478520541,True,True,True,False,False,True
44,dirichlet_a1.0,sparse_coordinate_attack,24,0,True,25.198529581767904,0.015368662446931955,0.012593848389440542,False,True,False,False,False,False
44,dirichlet_a1.0,sparse_coordinate_attack,24,1,False,0.22425041822920444,0.7083131866357769,0.7926942317167888,True,True,True,False,True,True
44,dirichlet_a1.0,sparse_coordinate_attack,24,2,False,0.2618056638436126,0.4539984248124874,0.8366056739128619,True,True,True,False,False,True
44,dirichlet_a1.0,sparse_coordinate_attack,24,3,False,0.19090251332136035,0.3927607551817128,0.7326229111164931,True,True,True,False,False,True
44,dirichlet_a1.0,sparse_coordinate_attack,24,4,False,0.20656053660061205,0.39202563016685144,0.7735863238155686,True,True,True,False,False,True
44,dirichlet_a0.5,no_attack,0,0,False,0.46753491395955254,-0.046026873109539825,0.5245727527276238,False,True,True,False,False,False
44,dirichlet_a0.5,no_attack,0,1,False,0.5211345617857173,0.290934258872309,0.5944400294115463,False,True,True,False,False,True
44,dirichlet_a0.5,no_attack,0,2,False,0.3957589970377285,0.31937104999998345,0.6712814075950119,False,True,True,False,False,True
44,dirichlet_a0.5,no_attack,0,3,False,0.3936918966565835,-0.1284794121544714,0.6278399595962597,False,True,True,False,False,True
44,dirichlet_a0.5,no_attack,0,4,False,0.2874269141759629,0.7137890550421163,0.6630446892105674,True,True,True,False,True,True
44,dirichlet_a0.5,no_attack,1,0,False,0.4007357851656756,0.2306823818722129,0.5492937594887407,False,True,True,False,False,True
44,dirichlet_a0.5,no_attack,1,1,False,0.42375024924027965,0.0389436825775156,0.5504701646172312,False,True,True,False,False,True
44,dirichlet_a0.5,no_attack,1,2,False,0.3299903129693282,-0.004583637695486607,0.5931466452582129,True,True,True,False,False,True
44,dirichlet_a0.5,no_attack,1,3,False,0.3309122415842979,-0.33972963609612045,0.7012407894632254,True,True,True,False,False,True
44,dirichlet_a0.5,no_attack,1,4,False,0.19381123927409963,0.5537743170649273,0.6897072499940385,True,True,True,False,False,True
44,dirichlet_a0.5,no_attack,2,0,False,0.3338201795635757,0.1378720318512074,0.5594552561893152,True,True,True,False,False,True
44,dirichlet_a0.5,no_attack,2,1,False,0.3547035253706895,-0.05206025926854418,0.5862216804674036,True,True,True,False,False,True
44,dirichlet_a0.5,no_attack,2,2,False,0.271980458954803,-0.009592191601010163,0.6311966710100458,True,True,True,False,False,True
44,dirichlet_a0.5,no_attack,2,3,False,0.26816840758265337,-0.209249936043394,0.7532007902147871,True,True,True,False,False,True
44,dirichlet_a0.5,no_attack,2,4,False,0.16716124254294235,0.6718959053213851,0.6250346769786894,True,True,True,False,True,True
44,dirichlet_a0.5,no_attack,3,0,False,0.29252806552413085,0.20703967997442616,0.5464656645777641,True,True,True,False,False,True
44,dirichlet_a0.5,no_attack,3,1,False,0.3091424070779433,0.055100024856184586,0.6298347868004733,True,True,True,False,False,True
44,dirichlet_a0.5,no_attack,3,2,False,0.235878266002808,-0.12563120438368477,0.6226740873833209,True,True,True,False,False,True
44,dirichlet_a0.5,no_attack,3,3,False,0.22536079867958117,-0.12035052934793328,0.6937113808668215,True,True,True,False,False,True
44,dirichlet_a0.5,no_attack,3,4,False,0.15926144698458009,0.7546078629949572,0.7588763749506989,True,True,True,False,True,True
44,dirichlet_a0.5,no_attack,4,0,False,0.27412242436685763,0.30852266391631605,0.5436457212055974,True,True,True,False,False,True
44,dirichlet_a0.5,no_attack,4,1,False,0.283493698885103,0.013395020528081648,0.5925137917115177,True,True,True,False,False,True
44,dirichlet_a0.5,no_attack,4,2,False,0.20227038718225823,-0.1256291399051598,0.550507938643703,True,True,True,False,False,True
44,dirichlet_a0.5,no_attack,4,3,False,0.21811715446550944,-0.10084914274504313,0.7530947255113025,True,True,True,False,False,True
44,dirichlet_a0.5,no_attack,4,4,False,0.12484537091359421,0.6390146824476594,0.6806882400430571,True,True,True,False,False,True
44,dirichlet_a0.5,no_attack,5,0,False,0.24994223177108443,0.16800001069872972,0.5757827386675524,True,True,True,False,False,True
44,dirichlet_a0.5,no_attack,5,1,False,0.260805757704741,-0.07511638434218938,0.5421131758823838,True,True,True,False,False,True
44,dirichlet_a0.5,no_attack,5,2,False,0.20174476587085852,0.0715084038871656,0.6221614251000822,True,True,True,False,False,True
44,dirichlet_a0.5,no_attack,5,3,False,0.19973843995388169,-0.17108703151261556,0.7132493051063755,True,True,True,False,False,True
44,dirichlet_a0.5,no_attack,5,4,False,0.11867261670230218,0.6764905631096237,0.7043773927940842,True,True,True,False,True,True
44,dirichlet_a0.5,no_attack,6,0,False,0.2482737182109853,0.3950671993541145,0.5463808238860367,True,True,True,False,False,True
44,dirichlet_a0.5,no_attack,6,1,False,0.26231384542240604,0.05998870221878487,0.5488777137250092,True,True,True,False,False,True
44,dirichlet_a0.5,no_attack,6,2,False,0.18511339119223175,-0.1467546687596424,0.5932259816719525,True,True,True,False,False,True
44,dirichlet_a0.5,no_attack,6,3,False,0.21063740978688145,-0.09375020982882734,0.7226524855005169,True,True,True,False,False,True
44,dirichlet_a0.5,no_attack,6,4,False,0.11325316006237787,0.6533724807153889,0.7559706330710869,True,True,True,False,True,True
44,dirichlet_a0.5,no_attack,7,0,False,0.2336235915797781,0.17305431723151082,0.5002172288549432,True,True,True,False,False,False
44,dirichlet_a0.5,no_attack,7,1,False,0.2547861886740813,0.05289368370619458,0.5669238656309195,True,True,True,False,False,True
44,dirichlet_a0.5,no_attack,7,2,False,0.19637147112786874,-0.06185174914781382,0.5757086005248249,True,True,True,False,False,True
44,dirichlet_a0.5,no_attack,7,3,False,0.20017048590001527,-0.07260415527519781,0.7534973845645865,True,True,True,False,False,True
44,dirichlet_a0.5,no_attack,7,4,False,0.10636246412984102,0.6362055517284433,0.6651721321446571,True,True,True,False,False,True
44,dirichlet_a0.5,no_attack,8,0,False,0.22735922326338334,0.1503262366336847,0.5289207607678945,True,True,True,False,False,False
44,dirichlet_a0.5,no_attack,8,1,False,0.2541350636261656,0.1625213062239132,0.6096298605852746,True,True,True,False,False,True
44,dirichlet_a0.5,no_attack,8,2,False,0.17918928890494254,-0.4182113680665787,0.5115139637432631,True,True,True,False,False,False
44,dirichlet_a0.5,no_attack,8,3,False,0.20019638001412823,0.22773994320294483,0.7312992739744332,True,True,True,False,False,True
44,dirichlet_a0.5,no_attack,8,4,False,0.10252306226617308,0.826643071801548,0.7586744465725358,True,True,True,False,True,True
44,dirichlet_a0.5,no_attack,9,0,False,0.2424050116397659,0.2869724919714939,0.47987219898480643,True,True,True,False,False,False
44,dirichlet_a0.5,no_attack,9,1,False,0.23468930345793237,-0.11633345806779405,0.546684302290627,True,True,True,False,False,True
44,dirichlet_a0.5,no_attack,9,2,False,0.1936317712469717,0.04636944774647354,0.5520007558124554,True,True,True,False,False,True
44,dirichlet_a0.5,no_attack,9,3,False,0.20117681335127313,0.10285550549858677,0.7315062139808127,True,True,True,False,False,True
44,dirichlet_a0.5,no_attack,9,4,False,0.11675705169326489,0.7923840317739189,0.687179531224502,True,True,True,False,True,True
44,dirichlet_a0.5,no_attack,10,0,True,0.22705426642668192,0.3370839510617557,0.4466894138988468,True,True,True,False,False,False
44,dirichlet_a0.5,no_attack,10,1,False,0.25314435225628606,-0.03422451770794498,0.5699304625750443,True,True,True,False,False,True
44,dirichlet_a0.5,no_attack,10,2,False,0.17484459536259467,-0.21860192319940924,0.4968686563296333,True,True,True,False,False,False
44,dirichlet_a0.5,no_attack,10,3,False,0.2158123717634206,0.14395588688717337,0.7685829050231071,True,True,True,False,False,True
44,dirichlet_a0.5,no_attack,10,4,False,0.11057069190004605,0.7181355447279006,0.6896903209087375,True,True,True,False,True,True
44,dirichlet_a0.5,no_attack,11,0,True,0.22053342604522685,0.08002626301258119,0.5003936825529156,True,True,True,False,False,False
44,dirichlet_a0.5,no_attack,11,1,False,0.2561959494106345,0.1606053222640796,0.5630308925015053,True,True,True,False,False,True
44,dirichlet_a0.5,no_attack,11,2,False,0.1907391497574333,-0.04919900535591659,0.5622250011578899,True,True,True,False,False,True
44,dirichlet_a0.5,no_attack,11,3,False,0.21685126391347087,0.35164213451788634,0.7749062109212171,True,True,True,False,False,True
44,dirichlet_a0.5,no_attack,11,4,False,0.12046490728300309,0.8005469964982843,0.7088323838636469,True,True,True,False,True,True
44,dirichlet_a0.5,no_attack,12,0,True,0.233201735926754,0.24356662952849337,0.49548453385247676,True,True,True,False,False,False
44,dirichlet_a0.5,no_attack,12,1,False,0.24931607434200925,0.05487903836334895,0.5719770711659096,True,True,True,False,False,True
44,dirichlet_a0.5,no_attack,12,2,False,0.1760990182439811,-0.06408305694581978,0.5317164179104478,True,True,True,False,False,True
44,dirichlet_a0.5,no_attack,12,3,False,0.21374498539389203,0.2745291962091314,0.7934331963371548,True,True,True,False,False,True
44,dirichlet_a0.5,no_attack,12,4,False,0.11664254632911472,0.8569176722841642,0.7014745115004687,True,True,True,False,True,True
44,dirichlet_a0.5,no_attack,13,0,True,0.22917971732347678,0.36512374019408805,0.5095524017467249,True,True,True,False,False,False
44,dirichlet_a0.5,no_attack,13,1,False,0.2593694176647856,0.07280063508391076,0.6194886603747006,True,True,True,False,False,True
44,dirichlet_a0.5,no_attack,13,2,False,0.18912249181301236,0.018690288334983415,0.5683458937878575,True,True,True,False,False,True
44,dirichlet_a0.5,no_attack,13,3,False,0.2165516915043202,0.41311598965154206,0.7198549091421327,True,True,True,False,False,True
44,dirichlet_a0.5,no_attack,13,4,False,0.13985301904823028,0.803894821947708,0.7350771235385265,True,True,True,False,True,True
44,dirichlet_a0.5,no_attack,14,0,True,0.2554453335704581,0.2636802434819305,0.4794231795688322,True,True,True,False,False,False
44,dirichlet_a0.5,no_attack,14,1,False,0.2663731541173404,0.19384690386839365,0.5887892741796864,True,True,True,False,False,True
44,dirichlet_a0.5,no_attack,14,2,False,0.183766061207824,0.1936039728944552,0.584663958674471,True,True,True,False,False,True
44,dirichlet_a0.5,no_attack,14,3,False,0.22415172326949023,0.3293893531113124,0.7531233885486308,True,True,True,False,False,True
44,dirichlet_a0.5,no_attack,14,4,False,0.1606462513051547,0.8272380680603612,0.7115174104598461,True,True,True,False,True,True
44,dirichlet_a0.5,no_attack,15,0,True,0.2414866592163226,0.18363667172116188,0.49947739188810236,True,True,True,False,False,False
44,dirichlet_a0.5,no_attack,15,1,False,0.2819666109945088,0.37561934083282966,0.6064208567373958,True,True,True,False,False,True
44,dirichlet_a0.5,no_attack,15,2,False,0.1970785580792491,0.10336381865551633,0.5703821412486509,True,True,True,False,False,True
44,dirichlet_a0.5,no_attack,15,3,False,0.2489412420804693,0.41809920782487875,0.7709106977455621,True,True,True,False,False,True
44,dirichlet_a0.5,no_attack,15,4,False,0.17158011819044963,0.9239359445588923,0.7057843795409546,True,True,True,False,True,True
44,dirichlet_a0.5,no_attack,16,0,True,0.24374596980420934,0.263983619068201,0.5218817907139827,True,True,True,False,False,False
44,dirichlet_a0.5,no_attack,16,1,False,0.292748736182424,0.3994213099243652,0.5962582354316188,True,True,True,False,False,True
44,dirichlet_a0.5,no_attack,16,2,False,0.18820541321265855,0.17516464674385798,0.59079536305159,True,True,True,False,False,True
44,dirichlet_a0.5,no_attack,16,3,False,0.24909667297132343,0.442444904400683,0.6714917710614942,True,True,True,False,False,True
44,dirichlet_a0.5,no_attack,16,4,False,0.20459025828983723,0.9310221946958426,0.7990424822738016,True,True,True,False,True,True
44,dirichlet_a0.5,no_attack,17,0,True,0.24267649676926148,0.3026133499289276,0.502413032020029,True,True,True,False,False,False
44,dirichlet_a0.5,no_attack,17,1,False,0.31447419147658157,0.44039562890615164,0.5913328501778891,True,True,True,False,False,True
44,dirichlet_a0.5,no_attack,17,2,False,0.19468844020221954,0.23306154680030847,0.5834184345763606,True,True,True,False,False,True
44,dirichlet_a0.5,no_attack,17,3,False,0.26484333481176303,0.4808082529667486,0.7490364343128212,True,True,True,False,False,True
44,dirichlet_a0.5,no_attack,17,4,False,0.21856936394092544,0.8164780659236617,0.7913015548820661,True,True,True,False,True,True
44,dirichlet_a0.5,no_attack,18,0,True,0.2547877048713753,0.28512686986630914,0.4800733910277106,True,True,True,False,False,False
44,dirichlet_a0.5,no_attack,18,1,False,0.30639203209646587,0.43564239937138954,0.6121929900544133,True,True,True,False,False,True
44,dirichlet_a0.5,no_attack,18,2,False,0.21670515263192205,0.3794677525855936,0.6347693931065981,True,True,True,False,False,True
44,dirichlet_a0.5,no_attack,18,3,False,0.25382789396804345,0.4433974612712953,0.7456827649203487,True,True,True,False,False,True
44,dirichlet_a0.5,no_attack,18,4,False,0.21576522056163866,0.8900204397316851,0.7667078769361608,True,True,True,False,True,True
44,dirichlet_a0.5,no_attack,19,0,True,0.24971293436033054,0.2687462463421255,0.5653032891926527,True,True,True,False,False,True
44,dirichlet_a0.5,no_attack,19,1,False,0.32738471178911527,0.4112531297906539,0.6431470067736621,True,True,True,False,False,True
44,dirichlet_a0.5,no_attack,19,2,False,0.20518107176921288,0.316103635244809,0.6338484774516385,True,True,True,False,False,True
44,dirichlet_a0.5,no_attack,19,3,False,0.2574416670361351,0.31319674460346425,0.7161469457496796,True,True,True,False,False,True
44,dirichlet_a0.5,no_attack,19,4,False,0.2071903877194228,0.8471130060790262,0.7668426191493257,True,True,True,False,True,True
44,dirichlet_a0.5,no_attack,20,0,True,0.2620871938562427,0.28474944963139165,0.6231810233406827,True,True,True,False,False,True
44,dirichlet_a0.5,no_attack,20,1,False,0.30285635918852455,0.37367438362047023,0.6434425606325553,True,True,True,False,False,True
44,dirichlet_a0.5,no_attack,20,2,False,0.19994209882059902,0.23322795068513674,0.6219417623355888,True,True,True,False,False,True
44,dirichlet_a0.5,no_attack,20,3,False,0.2548871070093708,0.41147363998755054,0.7386679844902304,True,True,True,False,False,True
44,dirichlet_a0.5,no_attack,20,4,False,0.2014503431022466,0.8133197258477187,0.7786816695810842,True,True,True,False,True,True
44,dirichlet_a0.5,no_attack,21,0,True,0.2575801803059329,0.23984097621591016,0.6122139498731206,True,True,True,False,False,True
44,dirichlet_a0.5,no_attack,21,1,False,0.3083878933749009,0.2402561070929051,0.6168014204393912,True,True,True,False,False,True
44,dirichlet_a0.5,no_attack,21,2,False,0.21669256615816426,0.29088150816577774,0.6785341431260336,True,True,True,False,False,True
44,dirichlet_a0.5,no_attack,21,3,False,0.2563752101714754,0.3476450328152724,0.7217417147385827,True,True,True,False,False,True
44,dirichlet_a0.5,no_attack,21,4,False,0.19344866527659463,0.8028168635778006,0.7664200202702188,True,True,True,False,True,True
44,dirichlet_a0.5,no_attack,22,0,True,0.25230197095713286,0.226700049819042,0.5988821980504477,True,True,True,False,False,True
44,dirichlet_a0.5,no_attack,22,1,False,0.3052488119452046,0.18797535685944075,0.5989262060012176,True,True,True,False,False,True
44,dirichlet_a0.5,no_attack,22,2,False,0.2031995085125602,0.18703089421552416,0.660830723417364,True,True,True,False,False,True
44,dirichlet_a0.5,no_attack,22,3,False,0.2688426469004827,0.39362272071561666,0.7017947909255605,True,True,True,False,False,True
44,dirichlet_a0.5,no_attack,22,4,False,0.17708690014224548,0.8604416929311127,0.723300009535056,True,True,True,False,True,True
44,dirichlet_a0.5,no_attack,23,0,True,0.23670173183890608,0.15484822348113914,0.5579894706886739,True,True,True,False,False,True
44,dirichlet_a0.5,no_attack,23,1,False,0.2955392082958604,0.15690531021674028,0.6244664200341491,True,True,True,False,False,True
44,dirichlet_a0.5,no_attack,23,2,False,0.19789003123949092,0.13215834672648338,0.6567231075697211,True,True,True,False,False,True
44,dirichlet_a0.5,no_attack,23,3,False,0.27823109134964374,0.5163733742760217,0.7176152532726238,True,True,True,False,False,True
44,dirichlet_a0.5,no_attack,23,4,False,0.16857474426863622,0.8240846852089605,0.7844550369948776,True,True,True,False,True,True
44,dirichlet_a0.5,no_attack,24,0,True,0.24764619059874812,0.22951070925395445,0.5862657591517001,True,True,True,False,False,True
44,dirichlet_a0.5,no_attack,24,1,False,0.28833822076884946,0.14838381377816004,0.61506079434081,True,True,True,False,False,True
44,dirichlet_a0.5,no_attack,24,2,False,0.19017486961264232,0.05997179728381648,0.6559423665309252,True,True,True,False,False,True
44,dirichlet_a0.5,no_attack,24,3,False,0.28904852249486473,0.5312767222888095,0.7523164054306236,True,True,True,False,False,True
44,dirichlet_a0.5,no_attack,24,4,False,0.16302267064306722,0.7550321759171562,0.7656832039811071,True,True,True,False,True,True
44,dirichlet_a0.5,large_norm,0,0,False,0.4675349149134998,-0.046273620890856196,0.5283667664337118,False,True,True,False,False,False
44,dirichlet_a0.5,large_norm,0,1,False,0.5211309176916892,0.29093702328447096,0.5941313211582879,False,True,True,False,False,True
44,dirichlet_a0.5,large_norm,0,2,False,0.3957589738761121,0.3192088963540353,0.668718946578832,False,True,True,False,False,True
44,dirichlet_a0.5,large_norm,0,3,False,0.39367586618098394,-0.12860701343110656,0.6312728839112642,False,True,True,False,False,True
44,dirichlet_a0.5,large_norm,0,4,False,0.2874269106702132,0.7137982479384504,0.6592274614361998,True,True,True,False,True,True
44,dirichlet_a0.5,large_norm,1,0,False,0.4006225080901308,0.23143662885188143,0.5657390474675996,False,True,True,False,False,True
44,dirichlet_a0.5,large_norm,1,1,False,0.42384591520823145,0.03916501587418198,0.5388327900135167,False,True,True,False,False,True
44,dirichlet_a0.5,large_norm,1,2,False,0.32999365664502034,-0.005801854797206868,0.604206090482627,True,True,True,False,False,True
44,dirichlet_a0.5,large_norm,1,3,False,0.3300083439351316,-0.34423490155900593,0.7042140415043333,True,True,True,False,False,True
44,dirichlet_a0.5,large_norm,1,4,False,0.193811036343692,0.5529448244328389,0.6736980201955951,True,True,True,False,False,True
44,dirichlet_a0.5,large_norm,2,0,False,0.3337216019894203,0.13224795839478068,0.5525293791294699,True,True,True,False,False,True
44,dirichlet_a0.5,large_norm,2,1,False,0.3570693282038443,-0.02110806514294045,0.5861871858240446,True,True,True,False,False,True
44,dirichlet_a0.5,large_norm,2,2,False,0.2717993668846824,-0.04277941159298281,0.6179031959785478,True,True,True,False,False,True
44,dirichlet_a0.5,large_norm,2,3,False,0.26885515664554566,-0.19660640750047673,0.7529631310838755,True,True,True,False,False,True
44,dirichlet_a0.5,large_norm,2,4,False,0.16966251377516478,0.6795938385135771,0.6449538508095022,True,True,True,False,True,True
44,dirichlet_a0.5,large_norm,3,0,False,0.2935762317671053,0.2158882661849161,0.5583369135401962,True,True,True,False,False,True
44,dirichlet_a0.5,large_norm,3,1,False,0.30780995152703994,0.04804481454973602,0.6132850516864966,True,True,True,False,False,True
44,dirichlet_a0.5,large_norm,3,2,False,0.23944467790842167,-0.10517879905485839,0.637177452587832,True,True,True,False,False,True
44,dirichlet_a0.5,large_norm,3,3,False,0.22292447084069655,-0.15262809040866493,0.6888727170701341,True,True,True,False,False,True
44,dirichlet_a0.5,large_norm,3,4,False,0.15624790968034935,0.7446893592662023,0.7517820662323657,True,True,True,False,True,True
44,dirichlet_a0.5,large_norm,4,0,False,0.27188754637976625,0.29206385725769407,0.5464755318880449,True,True,True,False,False,True
44,dirichlet_a0.5,large_norm,4,1,False,0.2834513166678855,0.02980503993918929,0.5835836088467136,True,True,True,False,False,True
44,dirichlet_a0.5,large_norm,4,2,False,0.20172347202901383,-0.12621703883832658,0.5553003726791679,True,True,True,False,False,True
44,dirichlet_a0.5,large_norm,4,3,False,0.21643640620641186,-0.10978278242442122,0.7586502788784292,True,True,True,False,False,True
44,dirichlet_a0.5,large_norm,4,4,False,0.12490199910835986,0.6445170203418739,0.667078885159293,True,True,True,False,False,True
44,dirichlet_a0.5,large_norm,5,0,False,0.2501755263121285,0.1857517999051968,0.5370558286824011,True,True,True,False,False,True
44,dirichlet_a0.5,large_norm,5,1,False,0.2604420385607138,-0.07437006135983983,0.5557586997218189,True,True,True,False,False,True
44,dirichlet_a0.5,large_norm,5,2,False,0.2027513395990361,0.07486275910021901,0.6144654198085974,True,True,True,False,False,True
44,dirichlet_a0.5,large_norm,5,3,False,0.1978507987336584,-0.18814830254872356,0.7105603863043897,True,True,True,False,False,True
44,dirichlet_a0.5,large_norm,5,4,False,0.12020127569552605,0.6993919525480977,0.715083016953304,True,True,True,False,True,True
44,dirichlet_a0.5,large_norm,6,0,False,0.2509411798409681,0.4246399775509021,0.5408069552439846,True,True,True,False,False,True
44,dirichlet_a0.5,large_norm,6,1,False,0.2610047858722131,0.043322996285643574,0.5475417865670728,True,True,True,False,False,True
44,dirichlet_a0.5,large_norm,6,2,False,0.18575169471337283,-0.13628166117286925,0.5919741802310834,True,True,True,False,False,True
44,dirichlet_a0.5,large_norm,6,3,False,0.20930865496093415,-0.10370926642038268,0.7129125084185391,True,True,True,False,False,True
44,dirichlet_a0.5,large_norm,6,4,False,0.11380886182602167,0.6630992490058597,0.7610884187140845,True,True,True,False,True,True
44,dirichlet_a0.5,large_norm,7,0,False,0.23385835987802336,0.17893510283891703,0.4920874806746921,True,True,True,False,False,False
44,dirichlet_a0.5,large_norm,7,1,False,0.2541377584391797,0.04226512238026011,0.5536679000121597,True,True,True,False,False,True
44,dirichlet_a0.5,large_norm,7,2,False,0.19574458216879073,-0.0523947557597123,0.5770319801275036,True,True,True,False,False,True
44,dirichlet_a0.5,large_norm,7,3,False,0.20023103145885623,-0.061983660320426334,0.7761130508798444,True,True,True,False,False,True
44,dirichlet_a0.5,large_norm,7,4,False,0.10722423334213611,0.6402919256619738,0.6574686886584328,True,True,True,False,False,True
44,dirichlet_a0.5,large_norm,8,0,False,0.22953562253792856,0.14577921276566283,0.5543991588401974,True,True,True,False,False,True
44,dirichlet_a0.5,large_norm,8,1,False,0.2542283164723733,0.16874073158944242,0.6220305455063889,True,True,True,False,False,True
44,dirichlet_a0.5,large_norm,8,2,False,0.17839824058328335,-0.42108696004668195,0.5245575891504642,True,True,True,False,False,False
44,dirichlet_a0.5,large_norm,8,3,False,0.20052953932293063,0.23290677610408786,0.7369237075187568,True,True,True,False,False,True
44,dirichlet_a0.5,large_norm,8,4,False,0.1027780145060686,0.831099947428225,0.7322010942205905,True,True,True,False,True,True
44,dirichlet_a0.5,large_norm,9,0,False,0.2406723918301428,0.2839804371123237,0.4643498289469227,True,True,True,False,False,False
44,dirichlet_a0.5,large_norm,9,1,False,0.23549351257335333,-0.1160676828418901,0.5485638315889306,True,True,True,False,False,True
44,dirichlet_a0.5,large_norm,9,2,False,0.19341144465711693,0.048394051055708015,0.5525268434779663,True,True,True,False,False,True
44,dirichlet_a0.5,large_norm,9,3,False,0.2008759395042911,0.10282615802963581,0.719650780747214,True,True,True,False,False,True
44,dirichlet_a0.5,large_norm,9,4,False,0.11764076319782765,0.7886634285881872,0.687464011109982,True,True,True,False,True,True
44,dirichlet_a0.5,large_norm,10,0,True,22754.893225040465,-0.0013954682684743952,0.8189271859902159,False,True,True,False,False,True
44,dirichlet_a0.5,large_norm,10,1,False,0.25306776516513235,0.13421953198878128,0.34982933425165347,True,True,False,False,False,False
44,dirichlet_a0.5,large_norm,10,2,False,0.17545575911326267,-0.02907899615659483,0.314506082182901,True,True,False,False,False,False
44,dirichlet_a0.5,large_norm,10,3,False,0.2128506022011223,0.1661717139305273,0.39051564351622087,True,True,False,False,False,False
44,dirichlet_a0.5,large_norm,10,4,False,0.10671284490572135,0.7675746677015256,0.41526470915923064,True,True,True,False,True,False
44,dirichlet_a0.5,large_norm,11,0,True,22728.553653662802,0.00398661012764321,0.8339160295048292,False,True,True,False,False,True
44,dirichlet_a0.5,large_norm,11,1,False,0.20893097607858116,-0.15592992048116758,0.31148654957413036,True,True,False,False,False,False
44,dirichlet_a0.5,large_norm,11,2,False,0.21859209063244,0.2588288800209888,0.31886275689639076,True,True,False,False,False,False
44,dirichlet_a0.5,large_norm,11,3,False,0.18891693163705695,0.10833844609039496,0.4124970173563922,True,True,True,False,False,False
44,dirichlet_a0.5,large_norm,11,4,False,0.14266065258648436,0.8740436374075802,0.4181458849892625,True,True,True,False,True,False
44,dirichlet_a0.5,large_norm,12,0,True,22732.67117047684,-0.0005231742983457606,0.8352392694383021,False,True,True,False,False,True
44,dirichlet_a0.5,large_norm,12,1,False,0.2395410091806026,-0.09171147112789088,0.3270456576103505,True,True,False,False,False,False
44,dirichlet_a0.5,large_norm,12,2,False,0.2097389804570795,0.37834054802244854,0.3048033583076685,True,True,False,False,False,False
44,dirichlet_a0.5,large_norm,12,3,False,0.20120636878642875,0.027177479041219452,0.37083643224734075,True,True,False,False,False,False
44,dirichlet_a0.5,large_norm,12,4,False,0.12332947222301426,0.8337206172937234,0.3807845701535897,True,True,False,False,True,False
44,dirichlet_a0.5,large_norm,13,0,True,22759.628757303748,0.0018330017874982737,0.8378563022360521,False,True,True,False,False,True
44,dirichlet_a0.5,large_norm,13,1,False,0.24115020294137607,-0.04885582801071914,0.3316228831308719,True,True,False,False,False,False
44,dirichlet_a0.5,large_norm,13,2,False,0.20804982778517722,0.3569528581211283,0.2906468793010592,True,True,False,False,False,False
44,dirichlet_a0.5,large_norm,13,3,False,0.20371219086336947,0.19985629108018585,0.3781441365966529,True,True,False,False,False,False
44,dirichlet_a0.5,large_norm,13,4,False,0.156610575096817,0.834192918177012,0.39042147886621587,True,True,False,False,True,False
44,dirichlet_a0.5,large_norm,14,0,True,22789.036104816107,-0.0017021882754231937,0.8239186760940499,False,True,True,False,False,True
44,dirichlet_a0.5,large_norm,14,1,False,0.2518716689830373,0.09233931466844622,0.3338474616821669,True,True,False,False,False,False
44,dirichlet_a0.5,large_norm,14,2,False,0.21002828135709234,0.3054614470400636,0.2999302617982275,True,True,False,False,False,False
44,dirichlet_a0.5,large_norm,14,3,False,0.21739802390613602,0.2994769541479619,0.4100860783205819,True,True,True,False,False,False
44,dirichlet_a0.5,large_norm,14,4,False,0.1684409894945172,0.8937543580374084,0.4167188430585037,True,True,True,False,True,False
44,dirichlet_a0.5,large_norm,15,0,True,22715.470714700536,-0.0016034528614340146,0.830959106602274,False,True,True,False,False,True
44,dirichlet_a0.5,large_norm,15,1,False,0.2645751785215778,0.2244893023353533,0.3449057902783262,True,True,False,False,False,False
44,dirichlet_a0.5,large_norm,15,2,False,0.22534462733489524,0.46848571526181726,0.3131701242292622,True,True,False,False,False,False
44,dirichlet_a0.5,large_norm,15,3,False,0.22767328737235137,0.29654122863181176,0.37175632030292904,True,True,False,False,False,False
44,dirichlet_a0.5,large_norm,15,4,False,0.20398520008302023,0.8884902463386839,0.4130547033988397,True,True,True,False,True,False
44,dirichlet_a0.5,large_norm,16,0,True,22707.84684358091,0.002865302475653848,0.7966042913026403,False,True,True,False,False,True
44,dirichlet_a0.5,large_norm,16,1,False,0.2951936779611219,0.3649915044190965,0.38278990773750327,True,True,False,False,False,False
44,dirichlet_a0.5,large_norm,16,2,False,0.21849387242116983,0.2988567634438284,0.34058070800883355,True,True,False,False,False,False
44,dirichlet_a0.5,large_norm,16,3,False,0.2416723005807998,0.4305805720098879,0.4409168107471273,True,True,True,False,False,False
44,dirichlet_a0.5,large_norm,16,4,False,0.20455162959826317,0.8810927126185173,0.48681855042306105,True,True,True,False,True,False
44,dirichlet_a0.5,large_norm,17,0,True,22716.17881749453,0.00045322651014375844,0.8031824867522315,False,True,True,False,False,True
44,dirichlet_a0.5,large_norm,17,1,False,0.2929676782936072,0.36844295056616155,0.37440813201426526,True,True,False,False,False,False
44,dirichlet_a0.5,large_norm,17,2,False,0.22627294148286173,0.40929921886865617,0.38309725776228565,True,True,False,False,False,False
44,dirichlet_a0.5,large_norm,17,3,False,0.24281132038429157,0.36851136355016784,0.4064344865104471,True,True,True,False,False,False
44,dirichlet_a0.5,large_norm,17,4,False,0.20888542983914923,0.860768544800573,0.4691372327779009,True,True,True,False,True,False
44,dirichlet_a0.5,large_norm,18,0,True,22712.9255023743,-0.004058362392725896,0.8045297957979045,False,True,True,False,False,True
44,dirichlet_a0.5,large_norm,18,1,False,0.3011661053655936,0.28817127604673254,0.38428971967372444,True,True,False,False,False,False
44,dirichlet_a0.5,large_norm,18,2,False,0.23484048795391507,0.3341489187367036,0.3896784567552577,True,True,False,False,False,False
44,dirichlet_a0.5,large_norm,18,3,False,0.24441403556422492,0.31098516739386195,0.45110700637590895,True,True,True,False,False,False
44,dirichlet_a0.5,large_norm,18,4,False,0.21083838887157258,0.828909139045844,0.46868782471084514,True,True,True,False,True,False
44,dirichlet_a0.5,large_norm,19,0,True,22736.172395790363,0.0006426244871670346,0.7906732666273091,False,True,True,False,False,True
44,dirichlet_a0.5,large_norm,19,1,False,0.30191578928550045,0.08738291809678618,0.3918953694312832,True,True,False,False,False,False
44,dirichlet_a0.5,large_norm,19,2,False,0.23843888734631127,0.4329585713580944,0.407426469475182,True,True,True,False,False,False
44,dirichlet_a0.5,large_norm,19,3,False,0.23358935110686865,0.26231769082157386,0.4594894617600904,True,True,True,False,False,False
44,dirichlet_a0.5,large_norm,19,4,False,0.1885959162506318,0.8256165192673927,0.47668568948900764,True,True,True,False,True,False
44,dirichlet_a0.5,large_norm,20,0,True,22753.354796692453,0.0012702906872632813,0.7852713603687648,False,True,True,False,False,True
44,dirichlet_a0.5,large_norm,20,1,False,0.28320167151349324,0.0076535182459402645,0.38510274228871605,True,True,False,False,False,False
44,dirichlet_a0.5,large_norm,20,2,False,0.2320866432553971,0.32995180486030157,0.39942530169166834,True,True,False,False,False,False
44,dirichlet_a0.5,large_norm,20,3,False,0.23511144100584713,0.22939353504306034,0.45936952801903685,True,True,True,False,False,False
44,dirichlet_a0.5,large_norm,20,4,False,0.17826779920288793,0.8252343702460054,0.5112969124932029,True,True,True,False,True,False
44,dirichlet_a0.5,large_norm,21,0,True,22743.370148146245,0.0014833160620336674,0.7938186682431451,False,True,True,False,False,True
44,dirichlet_a0.5,large_norm,21,1,False,0.2852138841104514,-0.0984320470654681,0.4005440854504737,True,True,True,False,False,False
44,dirichlet_a0.5,large_norm,21,2,False,0.2426033140901801,0.37435665209297775,0.4208445849469692,True,True,True,False,False,False
44,dirichlet_a0.5,large_norm,21,3,False,0.24745256028714394,0.186563233515714,0.4418064037755322,True,True,True,False,False,False
44,dirichlet_a0.5,large_norm,21,4,False,0.17807931154638637,0.7647308640014938,0.49894539606515,True,True,True,False,True,False
44,dirichlet_a0.5,large_norm,22,0,True,22738.42679221114,0.0021115504835437803,0.7871640815505668,False,True,True,False,False,True
44,dirichlet_a0.5,large_norm,22,1,False,0.27704179194879613,-0.11223270174356702,0.41331858518313686,True,True,True,False,False,False
44,dirichlet_a0.5,large_norm,22,2,False,0.22929527123189733,0.3025288400270132,0.4429020337363936,True,True,True,False,False,False
44,dirichlet_a0.5,large_norm,22,3,False,0.26678961774385,0.38518349271012375,0.4706000653611202,True,True,True,False,False,False
44,dirichlet_a0.5,large_norm,22,4,False,0.1458145742116631,0.7195464440412566,0.48998215138640994,True,True,True,False,True,False
44,dirichlet_a0.5,large_norm,23,0,True,22774.15782228619,0.0019975820952232875,0.7787196917739138,False,True,True,False,False,True
44,dirichlet_a0.5,large_norm,23,1,False,0.2750887629137529,-0.15736935673360616,0.39869689756727317,True,True,False,False,False,False
44,dirichlet_a0.5,large_norm,23,2,False,0.2076173345059769,0.19347911952568186,0.4395852664703272,True,True,True,False,False,False
44,dirichlet_a0.5,large_norm,23,3,False,0.25817633083173064,0.32654056403965626,0.484417234840844,True,True,True,False,False,False
44,dirichlet_a0.5,large_norm,23,4,False,0.13926833731144256,0.6685535069429729,0.5238229717190462,True,True,True,False,True,False
44,dirichlet_a0.5,large_norm,24,0,True,22773.194083227016,-0.004054311963153357,0.786543956841373,False,True,True,False,False,True
44,dirichlet_a0.5,large_norm,24,1,False,0.25836019825673995,-0.11841534847713608,0.39982284144309155,True,True,False,False,False,False
44,dirichlet_a0.5,large_norm,24,2,False,0.206772384753264,0.1699617005793403,0.43700612047782766,True,True,True,False,False,False
44,dirichlet_a0.5,large_norm,24,3,False,0.2703679552306432,0.36898876548145637,0.5131142372423318,True,True,True,False,False,False
44,dirichlet_a0.5,large_norm,24,4,False,0.14916382019391325,0.7422388937051353,0.5061279845461688,True,True,True,False,True,False
44,dirichlet_a0.5,low_norm,0,0,False,0.4675349155011553,-0.046272638662652917,0.5250629451652914,False,True,True,False,False,False
44,dirichlet_a0.5,low_norm,0,1,False,0.5211345261002143,0.2909428804505046,0.5939498369738787,False,True,True,False,False,True
44,dirichlet_a0.5,low_norm,0,2,False,0.3957668816530832,0.31920187697511226,0.6718087358234119,False,True,True,False,False,True
44,dirichlet_a0.5,low_norm,0,3,False,0.39367585269708877,-0.12860776411891978,0.6282187446617301,False,True,True,False,False,True
44,dirichlet_a0.5,low_norm,0,4,False,0.28742691265872367,0.7137989845951642,0.6625322152984604,True,True,True,False,True,True
44,dirichlet_a0.5,low_norm,1,0,False,0.40063539266341935,0.23199744208622047,0.5635438610437616,False,True,True,False,False,True
44,dirichlet_a0.5,low_norm,1,1,False,0.42377673188552234,0.04004663072348431,0.5370006757025318,False,True,True,False,False,True
44,dirichlet_a0.5,low_norm,1,2,False,0.3299787354301756,-0.00447353325285377,0.6054612663460391,True,True,True,False,False,True
44,dirichlet_a0.5,low_norm,1,3,False,0.33002423463611896,-0.3447447279689174,0.7006399300449143,True,True,True,False,False,True
44,dirichlet_a0.5,low_norm,1,4,False,0.19381867133592165,0.5534898745896046,0.6777693867005843,True,True,True,False,False,True
44,dirichlet_a0.5,low_norm,2,0,False,0.33431724321828976,0.1354631739904324,0.5535966505246166,True,True,True,False,False,True
44,dirichlet_a0.5,low_norm,2,1,False,0.3568560913073398,-0.025677820429906465,0.5824001210653753,True,True,True,False,False,True
44,dirichlet_a0.5,low_norm,2,2,False,0.27208402689655964,-0.036303162973100565,0.6102451573849879,True,True,True,False,False,True
44,dirichlet_a0.5,low_norm,2,3,False,0.26829378359020706,-0.20194538596218065,0.7666801183750336,True,True,True,False,False,True
44,dirichlet_a0.5,low_norm,2,4,False,0.16877633646638704,0.6745690986446881,0.6430252892117299,True,True,True,False,True,True
44,dirichlet_a0.5,low_norm,3,0,False,0.2935090782302894,0.21338206533486648,0.5506239750234594,True,True,True,False,False,True
44,dirichlet_a0.5,low_norm,3,1,False,0.3107702976209867,0.06293708528779986,0.6295614196637639,True,True,True,False,False,True
44,dirichlet_a0.5,low_norm,3,2,False,0.2379772433445976,-0.10792204199667858,0.6289826093819885,True,True,True,False,False,True
44,dirichlet_a0.5,low_norm,3,3,False,0.22379938391550597,-0.1422270396743746,0.6983784542257535,True,True,True,False,False,True
44,dirichlet_a0.5,low_norm,3,4,False,0.15662825248125928,0.7471741344759205,0.7438238311978742,True,True,True,False,True,True
44,dirichlet_a0.5,low_norm,4,0,False,0.2727905286116896,0.3124575006002937,0.5516352640932559,True,True,True,False,False,True
44,dirichlet_a0.5,low_norm,4,1,False,0.2826936152174621,0.008844633970344329,0.5844163501141274,True,True,True,False,False,True
44,dirichlet_a0.5,low_norm,4,2,False,0.201663847632526,-0.11873856780860463,0.5393297228094704,True,True,True,False,False,True
44,dirichlet_a0.5,low_norm,4,3,False,0.2161095095466438,-0.1165309773044654,0.7532743183942995,True,True,True,False,False,True
44,dirichlet_a0.5,low_norm,4,4,False,0.12341736563858094,0.6303638874109011,0.6666638591053425,True,True,True,False,False,True
44,dirichlet_a0.5,low_norm,5,0,False,0.25037894146875445,0.17169145429356,0.533761158274828,True,True,True,False,False,True
44,dirichlet_a0.5,low_norm,5,1,False,0.26132166422227365,-0.08414590219300351,0.5573935319163817,True,True,True,False,False,True
44,dirichlet_a0.5,low_norm,5,2,False,0.20210329512788394,0.07705967518513789,0.6238754295006863,True,True,True,False,False,True
44,dirichlet_a0.5,low_norm,5,3,False,0.1984978109706541,-0.18716592856115766,0.7081406226776362,True,True,True,False,False,True
44,dirichlet_a0.5,low_norm,5,4,False,0.11819872048871265,0.67669624550379,0.7313883035925055,True,True,True,False,True,True
44,dirichlet_a0.5,low_norm,6,0,False,0.24966988517095312,0.4058002437996325,0.5449125148408455,True,True,True,False,False,True
44,dirichlet_a0.5,low_norm,6,1,False,0.26241547487446326,0.05856154493831683,0.5457011378703712,True,True,True,False,False,True
44,dirichlet_a0.5,low_norm,6,2,False,0.18540309767158375,-0.132475550000943,0.5830697368078966,True,True,True,False,False,True
44,dirichlet_a0.5,low_norm,6,3,False,0.2105970783032578,-0.09709191264137146,0.7101507049943236,True,True,True,False,False,True
44,dirichlet_a0.5,low_norm,6,4,False,0.11213734771203963,0.6415168955220922,0.7548335658760216,True,True,True,False,False,True
44,dirichlet_a0.5,low_norm,7,0,False,0.23412426426132105,0.17587649640373193,0.49794202335317705,True,True,True,False,False,False
44,dirichlet_a0.5,low_norm,7,1,False,0.25457195655648834,0.05120731249563018,0.5529067816071649,True,True,True,False,False,True
44,dirichlet_a0.5,low_norm,7,2,False,0.1959378318259402,-0.05220862101882135,0.5843770425197407,True,True,True,False,False,True
44,dirichlet_a0.5,low_norm,7,3,False,0.20063746530151355,-0.0663511257265781,0.773940539490187,True,True,True,False,False,True
44,dirichlet_a0.5,low_norm,7,4,False,0.10599619792660511,0.6285519735255147,0.683751700259676,True,True,True,False,False,True
44,dirichlet_a0.5,low_norm,8,0,False,0.22753076228958452,0.15038775223215464,0.5298007939757535,True,True,True,False,False,False
44,dirichlet_a0.5,low_norm,8,1,False,0.25415154963339964,0.16258316343819665,0.6139871468499101,True,True,True,False,False,True
44,dirichlet_a0.5,low_norm,8,2,False,0.1787772648387683,-0.42209892252530334,0.5183451124205579,True,True,True,False,False,False
44,dirichlet_a0.5,low_norm,8,3,False,0.20052585776167278,0.2358018170507214,0.7336798817937443,True,True,True,False,False,True
44,dirichlet_a0.5,low_norm,8,4,False,0.10249112441406642,0.8254935530565208,0.7417798586509533,True,True,True,False,True,True
44,dirichlet_a0.5,low_norm,9,0,False,0.24046256432971533,0.2783198575396658,0.4615332428765265,True,True,True,False,False,False
44,dirichlet_a0.5,low_norm,9,1,False,0.235722557001628,-0.11591270487127368,0.547243894165536,True,True,True,False,False,True
44,dirichlet_a0.5,low_norm,9,2,False,0.19403501435609316,0.04493375563594023,0.5520691994572592,True,True,True,False,False,True
44,dirichlet_a0.5,low_norm,9,3,False,0.20071694250342492,0.09967434686019241,0.7096675712347355,True,True,True,False,False,True
44,dirichlet_a0.5,low_norm,9,4,False,0.11722853889595483,0.7942664212223954,0.6823439620081411,True,True,True,False,True,True
44,dirichlet_a0.5,low_norm,10,0,True,0.002274876623628295,0.34905448658069543,0.44622710939867527,True,True,True,True,False,False
44,dirichlet_a0.5,low_norm,10,1,False,0.2536202781740321,-0.024008095159015103,0.5845014935711502,True,True,True,False,False,True
44,dirichlet_a0.5,low_norm,10,2,False,0.17450690827087653,-0.21704340923799673,0.5116065630546777,True,True,True,False,False,False
44,dirichlet_a0.5,low_norm,10,3,False,0.21553943041340023,0.14699250492982743,0.7591757218927226,True,True,True,False,False,True
44,dirichlet_a0.5,low_norm,10,4,False,0.11087334939691654,0.7127338407637105,0.6819515996363479,True,True,True,False,True,True
44,dirichlet_a0.5,low_norm,11,0,True,0.002307990103710007,0.19254534193832717,0.5102705202312139,True,True,True,True,False,False
44,dirichlet_a0.5,low_norm,11,1,False,0.2526522613999257,0.09621506492745284,0.5491514450867052,True,True,True,False,False,True
44,dirichlet_a0.5,low_norm,11,2,False,0.192547480803382,-0.0545737018978859,0.5766289017341041,True,True,True,False,False,True
44,dirichlet_a0.5,low_norm,11,3,False,0.21544898445090033,0.3226453824404021,0.7465895953757226,True,True,True,False,False,True
44,dirichlet_a0.5,low_norm,11,4,False,0.11346866418716454,0.7616907001292788,0.7270289017341041,True,True,True,False,True,True
44,dirichlet_a0.5,low_norm,12,0,True,0.0024204907120701207,0.3214079783433501,0.525905691639425,True,True,True,True,False,False
44,dirichlet_a0.5,low_norm,12,1,False,0.2470283684718064,-0.002653101412831708,0.5595539832519816,True,True,True,False,False,True
44,dirichlet_a0.5,low_norm,12,2,False,0.18128611121215946,-0.02536340364356121,0.5391876763243921,True,True,True,False,False,True
44,dirichlet_a0.5,low_norm,12,3,False,0.21157456899148006,0.24362429580665543,0.7794724821996328,True,True,True,False,False,True
44,dirichlet_a0.5,low_norm,12,4,False,0.111713893484045,0.8376225038098549,0.6953830997268371,True,True,True,False,True,True
44,dirichlet_a0.5,low_norm,13,0,True,0.0024429226384865975,0.49323575325672886,0.5502332869385576,True,True,True,True,False,True
44,dirichlet_a0.5,low_norm,13,1,False,0.25245297383344584,-0.006480122508213084,0.5848542941428784,True,True,True,False,False,True
44,dirichlet_a0.5,low_norm,13,2,False,0.1943111825641963,0.06249008613518965,0.5495942645552667,True,True,True,False,False,True
44,dirichlet_a0.5,low_norm,13,3,False,0.2084640556995597,0.33574501133103113,0.7546941883978046,True,True,True,False,False,True
44,dirichlet_a0.5,low_norm,13,4,False,0.13122516964192107,0.7629904472049643,0.7433230914677381,True,True,True,False,True,True
44,dirichlet_a0.5,low_norm,14,0,True,0.0026809359091815197,0.3808579691598921,0.5273903232111444,True,True,True,True,False,False
44,dirichlet_a0.5,low_norm,14,1,False,0.25670872129795524,0.09554032681527007,0.560475488192754,True,True,True,False,False,True
44,dirichlet_a0.5,low_norm,14,2,False,0.18730312424980683,0.2111585622627157,0.5712876916789567,True,True,True,False,False,True
44,dirichlet_a0.5,low_norm,14,3,False,0.21925664054064112,0.29264370539295376,0.744140798521651,True,True,True,False,False,True
44,dirichlet_a0.5,low_norm,14,4,False,0.1521306731614496,0.7917142624736772,0.7035661614456546,True,True,True,False,True,True
44,dirichlet_a0.5,low_norm,15,0,True,0.00264651084267131,0.3438041032990822,0.531887423530839,True,True,True,True,False,True
44,dirichlet_a0.5,low_norm,15,1,False,0.2608151343464343,0.21360957518060764,0.5700223558567146,True,True,True,False,False,True
44,dirichlet_a0.5,low_norm,15,2,False,0.19926524323500186,0.09080745603296465,0.5490269136786649,True,True,True,False,False,True
44,dirichlet_a0.5,low_norm,15,3,False,0.2349230943318337,0.31752319098338605,0.7669445262811292,True,True,True,False,False,True
44,dirichlet_a0.5,low_norm,15,4,False,0.15963411219883814,0.9036482935804213,0.6919744207406894,True,True,True,False,True,True
44,dirichlet_a0.5,low_norm,16,0,True,0.0026526229393018822,0.38389371234353364,0.5479042174336688,True,True,True,True,False,True
44,dirichlet_a0.5,low_norm,16,1,False,0.2764389235081259,0.3101495442429962,0.5268644747393745,True,True,True,False,False,False
44,dirichlet_a0.5,low_norm,16,2,False,0.19508251683037148,0.1840800768709389,0.5957696320631882,True,True,True,False,False,True
44,dirichlet_a0.5,low_norm,16,3,False,0.23701738311794954,0.38086934450447724,0.7082460270239974,True,True,True,False,False,True
44,dirichlet_a0.5,low_norm,16,4,False,0.19000199850586227,0.9152435683495452,0.7732191668606807,True,True,True,False,True,True
44,dirichlet_a0.5,low_norm,17,0,True,0.002796752363630437,0.48302946822433535,0.5314666972672579,True,True,True,True,False,False
44,dirichlet_a0.5,low_norm,17,1,False,0.2941169829950097,0.346753869653284,0.575916788249373,True,True,True,False,False,True
44,dirichlet_a0.5,low_norm,17,2,False,0.20293530817832622,0.2774719659851084,0.5600399993442731,True,True,True,False,False,True
44,dirichlet_a0.5,low_norm,17,3,False,0.25071579499061997,0.43202892131589743,0.7382747823806167,True,True,True,False,False,True
44,dirichlet_a0.5,low_norm,17,4,False,0.2027340143578705,0.777399497140477,0.7906755626956935,True,True,True,False,True,True
44,dirichlet_a0.5,low_norm,18,0,True,0.0028392894822313096,0.4269196039238527,0.5062361912907134,True,True,True,True,False,False
44,dirichlet_a0.5,low_norm,18,1,False,0.29384462870347466,0.4026440189295715,0.5869384458223458,True,True,True,False,False,True
44,dirichlet_a0.5,low_norm,18,2,False,0.21836886688003285,0.37398771337569364,0.5819415738167074,True,True,True,False,False,True
44,dirichlet_a0.5,low_norm,18,3,False,0.24432501023500525,0.4389210477938511,0.7307074018641263,True,True,True,False,False,True
44,dirichlet_a0.5,low_norm,18,4,False,0.21038774982771205,0.8889275338507316,0.7782291592426294,True,True,True,False,True,True
44,dirichlet_a0.5,low_norm,19,0,True,0.0027865345310629664,0.4335933569282319,0.5588012347126168,True,True,True,True,False,True
44,dirichlet_a0.5,low_norm,19,1,False,0.31244198404532775,0.37887489423027254,0.6139256828038917,True,True,True,False,False,True
44,dirichlet_a0.5,low_norm,19,2,False,0.2125526099901894,0.37997173608078577,0.6215136951510178,True,True,True,False,False,True
44,dirichlet_a0.5,low_norm,19,3,False,0.2413959559842329,0.29545285102035496,0.7515023639276365,True,True,True,False,False,True
44,dirichlet_a0.5,low_norm,19,4,False,0.20857469869227613,0.8540119055199517,0.7733364591880593,True,True,True,False,True,True
44,dirichlet_a0.5,low_norm,20,0,True,0.002927213438040183,0.4509957439928004,0.5914920043471511,True,True,True,True,False,True
44,dirichlet_a0.5,low_norm,20,1,False,0.30037662950618965,0.37296845657011796,0.6342648657040832,True,True,True,False,False,True
44,dirichlet_a0.5,low_norm,20,2,False,0.2095803445015932,0.31237541457457485,0.6064275733581742,True,True,True,False,False,True
44,dirichlet_a0.5,low_norm,20,3,False,0.2433935719939368,0.3763360730619725,0.726245924545878,True,True,True,False,False,True
44,dirichlet_a0.5,low_norm,20,4,False,0.1955892360732874,0.8263497669162416,0.748346530041919,True,True,True,False,True,True
44,dirichlet_a0.5,low_norm,21,0,True,0.0029253189429726224,0.4768405920600247,0.6537575214441173,True,True,True,True,False,True
44,dirichlet_a0.5,low_norm,21,1,False,0.301698369603499,0.2392308900540886,0.5944501344258097,True,True,True,False,False,True
44,dirichlet_a0.5,low_norm,21,2,False,0.22287906648014494,0.36239970335705224,0.6561419792600179,True,True,True,False,False,True
44,dirichlet_a0.5,low_norm,21,3,False,0.24616385375933153,0.3243029236904047,0.7377736525412879,True,True,True,False,False,True
44,dirichlet_a0.5,low_norm,21,4,False,0.20168204316594054,0.7682651741844096,0.7442228907950327,True,True,True,False,True,True
44,dirichlet_a0.5,low_norm,22,0,True,0.0029554318883637555,0.496449783623037,0.649389079086353,True,True,True,True,False,True
44,dirichlet_a0.5,low_norm,22,1,False,0.2966597997068729,0.14223310547805498,0.5913684478638369,True,True,True,False,False,True
44,dirichlet_a0.5,low_norm,22,2,False,0.22002162427262745,0.31873505989752704,0.6505352581150224,True,True,True,False,False,True
44,dirichlet_a0.5,low_norm,22,3,False,0.2527012219390097,0.295661407362204,0.714901076509323,True,True,True,False,False,True
44,dirichlet_a0.5,low_norm,22,4,False,0.17477955519411767,0.8278656904041711,0.7261456171762044,True,True,True,False,True,True
44,dirichlet_a0.5,low_norm,23,0,True,0.0028397172333151865,0.4913635642466482,0.6099855754245826,True,True,True,True,False,True
44,dirichlet_a0.5,low_norm,23,1,False,0.2825352010918426,0.13328341967712323,0.5752506179372132,True,True,True,False,False,True
44,dirichlet_a0.5,low_norm,23,2,False,0.21155327106253796,0.23788103921293494,0.6497075217999551,True,True,True,False,False,True
44,dirichlet_a0.5,low_norm,23,3,False,0.2560213337509866,0.341152572718136,0.70861632803949,True,True,True,False,False,True
44,dirichlet_a0.5,low_norm,23,4,False,0.1580318811031265,0.8017648595544197,0.7493385716046072,True,True,True,False,True,True
44,dirichlet_a0.5,low_norm,24,0,True,0.0029047662071584337,0.5202883311255392,0.6161088483560593,True,True,True,True,False,True
44,dirichlet_a0.5,low_norm,24,1,False,0.27399048885327354,0.044476522098469445,0.5845950652263738,True,True,True,False,False,True
44,dirichlet_a0.5,low_norm,24,2,False,0.2089279345194849,0.22027256580180943,0.6608597485390473,True,True,True,False,False,True
44,dirichlet_a0.5,low_norm,24,3,False,0.26841317472344567,0.35194384187545436,0.7207292957912756,True,True,True,False,False,True
44,dirichlet_a0.5,low_norm,24,4,False,0.1590339527634261,0.7252547528193684,0.7588173661531197,True,True,True,False,True,True
44,dirichlet_a0.5,full_sign_flip,0,0,False,0.4675349154506135,-0.04602690787928446,0.5283816200880822,False,True,True,False,False,False
44,dirichlet_a0.5,full_sign_flip,0,1,False,0.5211308908980774,0.29093002300444093,0.5941164675039177,False,True,True,False,False,True
44,dirichlet_a0.5,full_sign_flip,0,2,False,0.3957654261532939,0.3193736839864507,0.668718946578832,False,True,True,False,False,True
44,dirichlet_a0.5,full_sign_flip,0,3,False,0.3936758686124561,-0.12860911804091443,0.6312728839112642,False,True,True,False,False,True
44,dirichlet_a0.5,full_sign_flip,0,4,False,0.28743529576907734,0.7138359955580792,0.6587298640147943,True,True,True,False,True,True
44,dirichlet_a0.5,full_sign_flip,1,0,False,0.40049896205725066,0.22956634506283108,0.5538270662340141,False,True,True,False,False,True
44,dirichlet_a0.5,full_sign_flip,1,1,False,0.4238511047029453,0.0397858965365838,0.5393363873512756,False,True,True,False,False,True
44,dirichlet_a0.5,full_sign_flip,1,2,False,0.3300066387902794,-0.006001104917426659,0.6059044346885538,True,True,True,False,False,True
44,dirichlet_a0.5,full_sign_flip,1,3,False,0.32994443773098997,-0.3448986969597455,0.7086673665457784,True,True,True,False,False,True
44,dirichlet_a0.5,full_sign_flip,1,4,False,0.19381808497202835,0.5532402687537981,0.6768944455048673,True,True,True,False,False,True
44,dirichlet_a0.5,full_sign_flip,2,0,False,0.33430224293874244,0.13369479556300556,0.5473098486185709,True,True,True,False,False,True
44,dirichlet_a0.5,full_sign_flip,2,1,False,0.35687390347797465,-0.023679867047147623,0.5895974649284279,True,True,True,False,False,True
44,dirichlet_a0.5,full_sign_flip,2,2,False,0.27215680741953135,-0.05019181265020277,0.6135108555866555,True,True,True,False,False,True
44,dirichlet_a0.5,full_sign_flip,2,3,False,0.26860644943425005,-0.20756606696727897,0.7602020660497096,True,True,True,False,False,True
44,dirichlet_a0.5,full_sign_flip,2,4,False,0.16954326839267925,0.6643022943687138,0.6547646065007439,True,True,True,False,True,True
44,dirichlet_a0.5,full_sign_flip,3,0,False,0.2918365840382527,0.20823944698604824,0.5566886359447814,True,True,True,False,False,True
44,dirichlet_a0.5,full_sign_flip,3,1,False,0.3086623048763103,0.04873003446316525,0.6195950749032445,True,True,True,False,False,True
44,dirichlet_a0.5,full_sign_flip,3,2,False,0.23688887622440322,-0.11975128391932627,0.6238865437440213,True,True,True,False,False,True
44,dirichlet_a0.5,full_sign_flip,3,3,False,0.22386246370703514,-0.15735876804076904,0.6883551124645668,True,True,True,False,False,True
44,dirichlet_a0.5,full_sign_flip,3,4,False,0.15560009219593546,0.7445283353435226,0.7511211352646405,True,True,True,False,True,True
44,dirichlet_a0.5,full_sign_flip,4,0,False,0.27220393081372735,0.29380740634336844,0.5339609613149873,True,True,True,False,False,True
44,dirichlet_a0.5,full_sign_flip,4,1,False,0.28422063934190317,0.02688437248302948,0.5823719622075888,True,True,True,False,False,True
44,dirichlet_a0.5,full_sign_flip,4,2,False,0.20132222907824324,-0.1298598701488406,0.5665409165164963,True,True,True,False,False,True
44,dirichlet_a0.5,full_sign_flip,4,3,False,0.21680673680498594,-0.12885377497156947,0.7508799703588932,True,True,True,False,False,True
44,dirichlet_a0.5,full_sign_flip,4,4,False,0.12241316790446441,0.6168957039149353,0.6674048874143187,True,True,True,False,False,True
44,dirichlet_a0.5,full_sign_flip,5,0,False,0.25021237729557483,0.1687558375363887,0.5509225221440325,True,True,True,False,False,True
44,dirichlet_a0.5,full_sign_flip,5,1,False,0.26148320986346046,-0.07728555889821619,0.5722875748345762,True,True,True,False,False,True
44,dirichlet_a0.5,full_sign_flip,5,2,False,0.2016342767305686,0.08320484409044047,0.6136522774218395,True,True,True,False,False,True
44,dirichlet_a0.5,full_sign_flip,5,3,False,0.1987044807049122,-0.17656057327227184,0.6955064243951966,True,True,True,False,False,True
44,dirichlet_a0.5,full_sign_flip,5,4,False,0.11800991137290515,0.6719847833359858,0.7321884956062038,True,True,True,False,True,True
44,dirichlet_a0.5,full_sign_flip,6,0,False,0.24884717768420586,0.40498325013270214,0.5442918214310744,True,True,True,False,False,True
44,dirichlet_a0.5,full_sign_flip,6,1,False,0.2618681625491341,0.06008805483089009,0.5359257831663046,True,True,True,False,False,True
44,dirichlet_a0.5,full_sign_flip,6,2,False,0.18503417355876764,-0.15596699457852436,0.5955743219566894,True,True,True,False,False,True
44,dirichlet_a0.5,full_sign_flip,6,3,False,0.2109998816623288,-0.07335064002524329,0.7237104912747915,True,True,True,False,False,True
44,dirichlet_a0.5,full_sign_flip,6,4,False,0.11227782757459207,0.649333553000374,0.7564387833765506,True,True,True,False,False,True
44,dirichlet_a0.5,full_sign_flip,7,0,False,0.23352996980759105,0.17198029453311156,0.5026515984345455,True,True,True,False,False,False
44,dirichlet_a0.5,full_sign_flip,7,1,False,0.2545631142880394,0.05080607318324264,0.5550503495888484,True,True,True,False,False,True
44,dirichlet_a0.5,full_sign_flip,7,2,False,0.1960232258813903,-0.06254333110431541,0.567732289697023,True,True,True,False,False,True
44,dirichlet_a0.5,full_sign_flip,7,3,False,0.19979437149116366,-0.07033668628461909,0.7741084385031441,True,True,True,False,False,True
44,dirichlet_a0.5,full_sign_flip,7,4,False,0.10578510999368063,0.6287882655382314,0.6703047359394926,True,True,True,False,False,True
44,dirichlet_a0.5,full_sign_flip,8,0,False,0.22708464033928494,0.1503459080173294,0.5510333211538976,True,True,True,False,False,True
44,dirichlet_a0.5,full_sign_flip,8,1,False,0.2541562685442084,0.1637029680654244,0.5919829606723048,True,True,True,False,False,True
44,dirichlet_a0.5,full_sign_flip,8,2,False,0.17981301505390337,-0.41826091904956647,0.5381557957775975,True,True,True,False,False,True
44,dirichlet_a0.5,full_sign_flip,8,3,False,0.2007794716784669,0.23553718233122653,0.7273261979663312,True,True,True,False,False,True
44,dirichlet_a0.5,full_sign_flip,8,4,False,0.1019807349662915,0.8268588848527443,0.7502829490869879,True,True,True,False,True,True
44,dirichlet_a0.5,full_sign_flip,9,0,False,0.23982885104276494,0.27972899388928363,0.4526444744846232,True,True,True,False,False,False
44,dirichlet_a0.5,full_sign_flip,9,1,False,0.2357982501700533,-0.1154786085222109,0.5773656640757012,True,True,True,False,False,True
44,dirichlet_a0.5,full_sign_flip,9,2,False,0.19327834594188825,0.03934214339618496,0.5432663061845218,True,True,True,False,False,True
44,dirichlet_a0.5,full_sign_flip,9,3,False,0.20160396028912503,0.11024946735057667,0.7083812098681987,True,True,True,False,False,True
44,dirichlet_a0.5,full_sign_flip,9,4,False,0.11703067819295071,0.787805889436257,0.6919989861439676,True,True,True,False,True,True
44,dirichlet_a0.5,full_sign_flip,10,0,True,0.2267319253239865,-0.3508718485383199,0.5083630001126038,True,True,True,False,False,False
44,dirichlet_a0.5,full_sign_flip,10,1,False,0.2533894385174402,-0.03318464531699974,0.6112829041394902,True,True,True,False,False,True
44,dirichlet_a0.5,full_sign_flip,10,2,False,0.17493791656612148,-0.21165714358251217,0.4796403606787413,True,True,True,False,False,False
44,dirichlet_a0.5,full_sign_flip,10,3,False,0.215395430155955,0.13357372664086253,0.7369747680794116,True,True,True,False,False,True
44,dirichlet_a0.5,full_sign_flip,10,4,False,0.11003601273869323,0.7140577215415126,0.6941246784294364,True,True,True,False,True,True
44,dirichlet_a0.5,full_sign_flip,11,0,True,0.33668684657534187,-0.8022217399361854,0.48091490089806793,True,False,True,False,False,False
44,dirichlet_a0.5,full_sign_flip,11,1,False,0.20727829572245918,-0.2077804666286517,0.5601964465737461,True,True,True,False,False,True
44,dirichlet_a0.5,full_sign_flip,11,2,False,0.24839353450087193,0.47514071080978615,0.5592438101756365,True,True,True,False,False,True
44,dirichlet_a0.5,full_sign_flip,11,3,False,0.1975370542315876,0.18571957870927605,0.7072076654858908,True,True,True,False,False,True
44,dirichlet_a0.5,full_sign_flip,11,4,False,0.14601109466995915,0.846525554958007,0.7286743555830967,True,True,True,False,True,True
44,dirichlet_a0.5,full_sign_flip,12,0,True,0.3663111346022837,-0.8122194084848683,0.41486623231372827,True,False,True,False,False,False
44,dirichlet_a0.5,full_sign_flip,12,1,False,0.20726101801666222,-0.15128636480441873,0.5674696870173446,True,True,True,False,False,True
44,dirichlet_a0.5,full_sign_flip,12,2,False,0.25765798268199297,0.5507069035474231,0.541373005024055,True,True,True,False,False,True
44,dirichlet_a0.5,full_sign_flip,12,3,False,0.19655034985557956,0.19948091167001816,0.7527916348594862,True,True,True,False,False,True
44,dirichlet_a0.5,full_sign_flip,12,4,False,0.17189811850824543,0.9209559172169449,0.7250350618686644,True,True,True,False,True,True
44,dirichlet_a0.5,full_sign_flip,13,0,True,0.3754579545488871,-0.8333547979645574,0.41828365843677534,True,False,True,False,False,False
44,dirichlet_a0.5,full_sign_flip,13,1,False,0.2228627857390282,-0.07433548843734199,0.6016573455190288,True,True,True,False,False,True
44,dirichlet_a0.5,full_sign_flip,13,2,False,0.27388593196749866,0.5612613966717513,0.5567027008593644,True,True,True,False,False,True
44,dirichlet_a0.5,full_sign_flip,13,3,False,0.19918574815166962,0.30157160188995064,0.7189929750375119,True,True,True,False,False,True
44,dirichlet_a0.5,full_sign_flip,13,4,False,0.18625097493885623,0.8782854938489574,0.7365639066975856,True,True,True,False,True,True
44,dirichlet_a0.5,full_sign_flip,14,0,True,0.4022914609650111,-0.787529666125911,0.42408306726409273,False,False,True,False,False,False
44,dirichlet_a0.5,full_sign_flip,14,1,False,0.2387031927168402,0.007743346624391931,0.6158228470750271,True,True,True,False,False,True
44,dirichlet_a0.5,full_sign_flip,14,2,False,0.2866193912099503,0.6718931137402913,0.5700321071789506,True,True,True,False,True,True
44,dirichlet_a0.5,full_sign_flip,14,3,False,0.21625503814465688,0.24958120859507182,0.7180739270031213,True,True,True,False,False,True
44,dirichlet_a0.5,full_sign_flip,14,4,False,0.21679695937754373,0.8705378571240713,0.730532227916253,True,True,True,False,True,True
44,dirichlet_a0.5,full_sign_flip,15,0,True,0.4036656289644661,-0.760313848689827,0.39822834813985103,False,False,False,False,False,False
44,dirichlet_a0.5,full_sign_flip,15,1,False,0.2464992102503379,0.09620316131535855,0.5987960975776594,True,True,True,False,False,True
44,dirichlet_a0.5,full_sign_flip,15,2,False,0.29294198634598106,0.5607852154039039,0.5767188528725214,True,True,True,False,False,True
44,dirichlet_a0.5,full_sign_flip,15,3,False,0.23797781639251678,0.28260994910013965,0.7282070575359333,True,True,True,False,False,True
44,dirichlet_a0.5,full_sign_flip,15,4,False,0.22066441191766917,0.9158948595881827,0.7268817388181578,True,True,True,False,True,True
44,dirichlet_a0.5,full_sign_flip,16,0,True,0.4158319499183276,-0.7610132914935779,0.3807144102338477,False,False,False,False,False,False
44,dirichlet_a0.5,full_sign_flip,16,1,False,0.2729760465784701,0.22239385966784075,0.576351244780555,True,True,True,False,False,True
44,dirichlet_a0.5,full_sign_flip,16,2,False,0.28910764225067304,0.5829838858277265,0.5712625453458738,True,True,True,False,False,True
44,dirichlet_a0.5,full_sign_flip,16,3,False,0.24333540752940763,0.36885627380509983,0.6871321484605232,True,True,True,False,False,True
44,dirichlet_a0.5,full_sign_flip,16,4,False,0.2594075618133104,0.930306928655294,0.8087960618613184,True,True,True,False,True,True
44,dirichlet_a0.5,full_sign_flip,17,0,True,0.4248908239128915,-0.7814743146914215,0.4042995839112344,False,False,True,False,False,False
44,dirichlet_a0.5,full_sign_flip,17,1,False,0.28692159998365735,0.24672606557443336,0.590136248674227,True,True,True,False,False,True
44,dirichlet_a0.5,full_sign_flip,17,2,False,0.3046487152852194,0.6276156615750713,0.5630333686872807,True,True,True,False,False,True
44,dirichlet_a0.5,full_sign_flip,17,3,False,0.25622715601599894,0.40988386658578785,0.7387615240270866,True,True,True,False,False,True
44,dirichlet_a0.5,full_sign_flip,17,4,False,0.2617833439108035,0.849748704631461,0.815909276331892,True,True,True,False,True,True
44,dirichlet_a0.5,full_sign_flip,18,0,True,0.4198749470328479,-0.7393947057915345,0.44050994954132167,False,False,True,False,False,False
44,dirichlet_a0.5,full_sign_flip,18,1,False,0.2878328172006377,0.25393329663211855,0.6250213291514655,True,True,True,False,False,True
44,dirichlet_a0.5,full_sign_flip,18,2,False,0.3041243990615677,0.6298765802076047,0.5818023742392603,True,True,True,False,False,True
44,dirichlet_a0.5,full_sign_flip,18,3,False,0.2347478812144553,0.34672745661021714,0.7028707006524689,True,True,True,False,False,True
44,dirichlet_a0.5,full_sign_flip,18,4,False,0.2569448529713887,0.9076781273367452,0.7945007353478886,True,True,True,False,True,True
44,dirichlet_a0.5,full_sign_flip,19,0,True,0.41758643188583205,-0.7528745837684485,0.4176211115799164,False,False,True,False,False,False
44,dirichlet_a0.5,full_sign_flip,19,1,False,0.30898015865178663,0.2243297518132511,0.6234513444056614,True,True,True,False,False,True
44,dirichlet_a0.5,full_sign_flip,19,2,False,0.29676799143460236,0.6284669415079003,0.582263818035365,True,True,True,False,False,True
44,dirichlet_a0.5,full_sign_flip,19,3,False,0.22558979249342156,0.22761630297147403,0.7243067009320702,True,True,True,False,False,True
44,dirichlet_a0.5,full_sign_flip,19,4,False,0.2509550872814135,0.8877077731096833,0.7571861455256799,True,True,True,False,True,True
44,dirichlet_a0.5,full_sign_flip,20,0,True,0.43528461320777084,-0.7935053452784866,0.41227762350858993,False,False,True,False,False,False
44,dirichlet_a0.5,full_sign_flip,20,1,False,0.2832827560841027,0.13590784706415057,0.6406273839675323,True,True,True,False,False,True
44,dirichlet_a0.5,full_sign_flip,20,2,False,0.30455233669129733,0.6157808957675317,0.6286427023893076,True,True,True,False,False,True
44,dirichlet_a0.5,full_sign_flip,20,3,False,0.24775893793022974,0.3060769685520823,0.6559000335662628,True,True,True,False,False,True
44,dirichlet_a0.5,full_sign_flip,20,4,False,0.2408563016726223,0.855716159781121,0.7810182783558635,True,True,True,False,True,True
44,dirichlet_a0.5,full_sign_flip,21,0,True,0.44016054869324983,-0.7836938265272312,0.4217868571562698,False,False,True,False,False,False
44,dirichlet_a0.5,full_sign_flip,21,1,False,0.28485801487515616,0.01936170371640284,0.6030153899116665,True,True,True,False,False,True
44,dirichlet_a0.5,full_sign_flip,21,2,False,0.3194554288636834,0.6647588078255868,0.646564067255557,True,True,True,False,True,True
44,dirichlet_a0.5,full_sign_flip,21,3,False,0.2486188978165724,0.23255726904540075,0.7260642667689009,True,True,True,False,False,True
44,dirichlet_a0.5,full_sign_flip,21,4,False,0.2526792956109976,0.8392977870168672,0.7822879094913583,True,True,True,False,True,True
44,dirichlet_a0.5,full_sign_flip,22,0,True,0.4429438511447955,-0.7815398878510269,0.4166961260863161,False,False,True,False,False,False
44,dirichlet_a0.5,full_sign_flip,22,1,False,0.28197688871340665,-0.006868059151565539,0.5976874355575195,True,True,True,False,False,True
44,dirichlet_a0.5,full_sign_flip,22,2,False,0.31699411370429775,0.6477083170204047,0.6426719693622036,True,True,True,False,False,True
44,dirichlet_a0.5,full_sign_flip,22,3,False,0.24922206164934946,0.2216819915454361,0.6883561643835616,True,True,True,False,False,True
44,dirichlet_a0.5,full_sign_flip,22,4,False,0.23577237668331874,0.894172707315834,0.7583591103255266,True,True,True,False,True,True
44,dirichlet_a0.5,full_sign_flip,23,0,True,0.44027161699900524,-0.8068960498190447,0.4278199798300793,False,False,True,False,False,False
44,dirichlet_a0.5,full_sign_flip,23,1,False,0.2725075140991103,-0.03716594133957915,0.6294393777797126,True,True,True,False,False,True
44,dirichlet_a0.5,full_sign_flip,23,2,False,0.31416638018870496,0.6283266378640546,0.6460977007741476,True,True,True,False,False,True
44,dirichlet_a0.5,full_sign_flip,23,3,False,0.2549927634257965,0.2606571638701282,0.6692640881091788,True,True,True,False,False,True
44,dirichlet_a0.5,full_sign_flip,23,4,False,0.23650750004252935,0.8804157575998729,0.773095647505242,True,True,True,False,True,True
44,dirichlet_a0.5,full_sign_flip,24,0,True,0.4551507845013029,-0.8293654407153583,0.42802268025222245,False,False,True,False,False,False
44,dirichlet_a0.5,full_sign_flip,24,1,False,0.26390027211375083,-0.07085516440350942,0.6089774821530706,True,True,True,False,False,True
44,dirichlet_a0.5,full_sign_flip,24,2,False,0.3179940251221571,0.6428110953850205,0.6317212842728126,True,True,True,False,False,True
44,dirichlet_a0.5,full_sign_flip,24,3,False,0.2695493417296441,0.28350376877183925,0.7115893829304976,True,True,True,False,False,True
44,dirichlet_a0.5,full_sign_flip,24,4,False,0.23994070003009835,0.8637064124448293,0.7685653963748315,True,True,True,False,True,True
44,dirichlet_a0.5,directional_poisoning,0,0,False,0.4675349093496375,-0.0447797260228639,0.5245950342020632,False,True,True,False,False,False
44,dirichlet_a0.5,directional_poisoning,0,1,False,0.5211345660335286,0.2911620115359273,0.5944177479371068,False,True,True,False,False,True
44,dirichlet_a0.5,directional_poisoning,0,2,False,0.3957669035740338,0.3193487818497429,0.671266553278719,False,True,True,False,False,True
44,dirichlet_a0.5,directional_poisoning,0,3,False,0.39369186461449884,-0.12811495502055764,0.6278473867544062,False,True,True,False,False,True
44,dirichlet_a0.5,directional_poisoning,0,4,False,0.2874353060676512,0.714033619580726,0.6625396424566068,True,True,True,False,True,True
44,dirichlet_a0.5,directional_poisoning,1,0,False,0.40067449875856676,0.23042078165113689,0.5501153631951627,False,True,True,False,False,True
44,dirichlet_a0.5,directional_poisoning,1,1,False,0.4237845394446017,0.03888508452696245,0.5606492163258812,False,True,True,False,False,True
44,dirichlet_a0.5,directional_poisoning,1,2,False,0.32997787364260617,-0.005678692719816439,0.5783674118863872,True,True,True,False,False,True
44,dirichlet_a0.5,directional_poisoning,1,3,False,0.3306558634181226,-0.33898050573570815,0.7135332962049487,True,True,True,False,False,True
44,dirichlet_a0.5,directional_poisoning,1,4,False,0.19379219097873526,0.5533857673797702,0.685185774524624,True,True,True,False,False,True
44,dirichlet_a0.5,directional_poisoning,2,0,False,0.3347522410989425,0.13987148602818458,0.5542808118360515,True,True,True,False,False,True
44,dirichlet_a0.5,directional_poisoning,2,1,False,0.3545674720784624,-0.05909318193031557,0.5838709406094658,True,True,True,False,False,True
44,dirichlet_a0.5,directional_poisoning,2,2,False,0.27240319206216007,-0.0013297704818736307,0.6248160079400459,True,True,True,False,False,True
44,dirichlet_a0.5,directional_poisoning,2,3,False,0.2680450732536384,-0.20689164063037807,0.7492913677233769,True,True,True,False,False,True
44,dirichlet_a0.5,directional_poisoning,2,4,False,0.1707015626366365,0.6608841059337109,0.6358345038732957,True,True,True,False,True,True
44,dirichlet_a0.5,directional_poisoning,3,0,False,0.2913310905319219,0.17163675214347324,0.5407367737177574,True,True,True,False,False,True
44,dirichlet_a0.5,directional_poisoning,3,1,False,0.3125748636284697,0.07563722210767182,0.6334480518340327,True,True,True,False,False,True
44,dirichlet_a0.5,directional_poisoning,3,2,False,0.23370703848469884,-0.14894191315434593,0.6227546487331215,True,True,True,False,False,True
44,dirichlet_a0.5,directional_poisoning,3,3,False,0.2251249160717693,-0.1363728040848874,0.6880212814524767,True,True,True,False,False,True
44,dirichlet_a0.5,directional_poisoning,3,4,False,0.15871695926847604,0.7597011833512024,0.7655177257642535,True,True,True,False,True,True
44,dirichlet_a0.5,directional_poisoning,4,0,False,0.2719693878430279,0.29902424409238765,0.5489987953532648,True,True,True,False,False,True
44,dirichlet_a0.5,directional_poisoning,4,1,False,0.2838536606172747,0.018339169089538962,0.5768236077063694,True,True,True,False,False,True
44,dirichlet_a0.5,directional_poisoning,4,2,False,0.20077760632414762,-0.13658473798837317,0.5387213896400381,True,True,True,False,False,True
44,dirichlet_a0.5,directional_poisoning,4,3,False,0.21755196290092751,-0.0987018955309711,0.7673683944502009,True,True,True,False,False,True
44,dirichlet_a0.5,directional_poisoning,4,4,False,0.12331968924466877,0.6220008167515024,0.6692107457858425,True,True,True,False,False,True
44,dirichlet_a0.5,directional_poisoning,5,0,False,0.24915183716202496,0.15693306246578564,0.5404474590530273,True,True,True,False,False,True
44,dirichlet_a0.5,directional_poisoning,5,1,False,0.2620446805053865,-0.06797765774513838,0.5694280130749884,True,True,True,False,False,True
44,dirichlet_a0.5,directional_poisoning,5,2,False,0.2008261243008304,0.06913904580469564,0.6259168704156479,True,True,True,False,False,True
44,dirichlet_a0.5,directional_poisoning,5,3,False,0.19896220885128937,-0.17351024522438221,0.7015537502957646,True,True,True,False,False,True
44,dirichlet_a0.5,directional_poisoning,5,4,False,0.12037667827060072,0.6855966962810061,0.7050240555248837,True,True,True,False,True,True
44,dirichlet_a0.5,directional_poisoning,6,0,False,0.2479755527334193,0.3938036030417917,0.5400601728665588,True,True,True,False,False,True
44,dirichlet_a0.5,directional_poisoning,6,1,False,0.26209279651777284,0.05709172157981579,0.5550686075024782,True,True,True,False,False,True
44,dirichlet_a0.5,directional_poisoning,6,2,False,0.18424272143860146,-0.14189044591632885,0.5596337455000783,True,True,True,False,False,True
44,dirichlet_a0.5,directional_poisoning,6,3,False,0.2111046505973944,-0.07843071556387579,0.7272830037738474,True,True,True,False,False,True
44,dirichlet_a0.5,directional_poisoning,6,4,False,0.11350472927032983,0.648514136915291,0.7615345820072694,True,True,True,False,False,True
44,dirichlet_a0.5,directional_poisoning,7,0,False,0.2334701819760355,0.17474042581234847,0.5014516508714264,True,True,True,False,False,False
44,dirichlet_a0.5,directional_poisoning,7,1,False,0.2552558495798232,0.05951104464900362,0.5484973451790369,True,True,True,False,False,True
44,dirichlet_a0.5,directional_poisoning,7,2,False,0.19525895665032292,-0.059817133371064396,0.5617322161869971,True,True,True,False,False,True
44,dirichlet_a0.5,directional_poisoning,7,3,False,0.19925898637686673,-0.07167457860627056,0.7923834102025337,True,True,True,False,False,True
44,dirichlet_a0.5,directional_poisoning,7,4,False,0.10667677794963057,0.6323871848193385,0.6487179263625029,True,True,True,False,False,True
44,dirichlet_a0.5,directional_poisoning,8,0,False,0.22709846634742456,0.14023364743424074,0.5523714267853794,True,True,True,False,False,True
44,dirichlet_a0.5,directional_poisoning,8,1,False,0.2542459164841523,0.1631504973961725,0.6219201814625956,True,True,True,False,False,True
44,dirichlet_a0.5,directional_poisoning,8,2,False,0.1784557420452446,-0.4207794667854066,0.5147036497914788,True,True,True,False,False,False
44,dirichlet_a0.5,directional_poisoning,8,3,False,0.2005606664965091,0.23604005281305535,0.7414158011770065,True,True,True,False,False,True
44,dirichlet_a0.5,directional_poisoning,8,4,False,0.10346596025788718,0.8282515376204,0.7533466096321632,True,True,True,False,True,True
44,dirichlet_a0.5,directional_poisoning,9,0,False,0.24027266619909873,0.27886332658101304,0.4701658201876829,True,True,True,False,False,False
44,dirichlet_a0.5,directional_poisoning,9,1,False,0.23613781350669127,-0.10784562458570854,0.5556069422488312,True,True,True,False,False,True
44,dirichlet_a0.5,directional_poisoning,9,2,False,0.19231124192463814,0.05169409505775919,0.5393949076721267,True,True,True,False,False,True
44,dirichlet_a0.5,directional_poisoning,9,3,False,0.20043965377103856,0.10457067802064254,0.6963186572937338,True,True,True,False,False,True
44,dirichlet_a0.5,directional_poisoning,9,4,False,0.11765057807975261,0.7885939419811401,0.7016161582186943,True,True,True,False,True,True
44,dirichlet_a0.5,directional_poisoning,10,0,True,0.2258365669307093,-0.34068680348300734,0.5141797748850646,True,True,True,False,False,False
44,dirichlet_a0.5,directional_poisoning,10,1,False,0.2541745008115183,-0.023991759682699332,0.6276532032199539,True,True,True,False,False,True
44,dirichlet_a0.5,directional_poisoning,10,2,False,0.17329181896504872,-0.20596223459033802,0.44902326892251326,True,True,True,False,False,False
44,dirichlet_a0.5,directional_poisoning,10,3,False,0.21458940190699347,0.14083451838074967,0.7453893713339557,True,True,True,False,False,True
44,dirichlet_a0.5,directional_poisoning,10,4,False,0.11126225441809268,0.720335627963148,0.693567138151521,True,True,True,False,True,True
44,dirichlet_a0.5,directional_poisoning,11,0,True,0.3339495181023944,-0.7995659367827469,0.4604763099452699,True,False,True,False,False,False
44,dirichlet_a0.5,directional_poisoning,11,1,False,0.20791334301538184,-0.2120943001986536,0.587935215900538,True,True,True,False,False,True
44,dirichlet_a0.5,directional_poisoning,11,2,False,0.24773044049033022,0.4750649853372563,0.5605329913862793,True,True,True,False,False,True
44,dirichlet_a0.5,directional_poisoning,11,3,False,0.19612561167110054,0.18350893832639295,0.7261264274895697,True,True,True,False,False,True
44,dirichlet_a0.5,directional_poisoning,11,4,False,0.14512191327874663,0.8436452491834976,0.7427777622910453,True,True,True,False,True,True
44,dirichlet_a0.5,directional_poisoning,12,0,True,0.36415420394274756,-0.8116761653662234,0.40642980116500005,True,False,True,False,False,False
44,dirichlet_a0.5,directional_poisoning,12,1,False,0.20801696406031878,-0.15134254769979485,0.573749141414592,True,True,True,False,False,True
44,dirichlet_a0.5,directional_poisoning,12,2,False,0.2563000601859143,0.5487375040669425,0.5352577540297762,True,True,True,False,False,True
44,dirichlet_a0.5,directional_poisoning,12,3,False,0.1953385926871611,0.19375802760321742,0.729864499611964,True,True,True,False,False,True
44,dirichlet_a0.5,directional_poisoning,12,4,False,0.17088487136935573,0.9189838800480727,0.7103021328599591,True,True,True,False,True,True
44,dirichlet_a0.5,directional_poisoning,13,0,True,0.37258756355009165,-0.8323761758360191,0.39415567623480735,True,False,False,False,False,False
44,dirichlet_a0.5,directional_poisoning,13,1,False,0.22326029804811443,-0.07424505573732658,0.6184725454702181,True,True,True,False,False,True
44,dirichlet_a0.5,directional_poisoning,13,2,False,0.2738737420346805,0.5567933637739652,0.5628825101284372,True,True,True,False,False,True
44,dirichlet_a0.5,directional_poisoning,13,3,False,0.1977776033376135,0.2962967867492025,0.730462891130075,True,True,True,False,False,True
44,dirichlet_a0.5,directional_poisoning,13,4,False,0.18466790299018312,0.8733339336149871,0.7467201103353159,True,True,True,False,True,True
44,dirichlet_a0.5,directional_poisoning,14,0,True,0.40023687435982863,-0.7858595112581555,0.39957122396875805,False,False,False,False,False,False
44,dirichlet_a0.5,directional_poisoning,14,1,False,0.23882032537306927,0.006882404317418245,0.6279878661720619,True,True,True,False,False,True
44,dirichlet_a0.5,directional_poisoning,14,2,False,0.2849920112417431,0.6691969486888026,0.5583784793573697,True,True,True,False,True,True
44,dirichlet_a0.5,directional_poisoning,14,3,False,0.21586777712180721,0.2544072362572804,0.7013957460436071,True,True,True,False,False,True
44,dirichlet_a0.5,directional_poisoning,14,4,False,0.21617982065108568,0.8698348338294546,0.7123731241048633,True,True,True,False,True,True
44,dirichlet_a0.5,directional_poisoning,15,0,True,0.4024466622177544,-0.7573160896708733,0.3993549659898956,False,False,False,False,False,False
44,dirichlet_a0.5,directional_poisoning,15,1,False,0.2462211105708174,0.09486374066738272,0.6112211900534383,True,True,True,False,False,True
44,dirichlet_a0.5,directional_poisoning,15,2,False,0.29176206861002163,0.561507200348554,0.5792782824253965,True,True,True,False,False,True
44,dirichlet_a0.5,directional_poisoning,15,3,False,0.23772892177722005,0.27935064238985907,0.7204480927751045,True,True,True,False,False,True
44,dirichlet_a0.5,directional_poisoning,15,4,False,0.22007140165319244,0.9158974250746973,0.7380750195139943,True,True,True,False,True,True
44,dirichlet_a0.5,directional_poisoning,16,0,True,0.413428869788411,-0.7575433230817032,0.3977388063426565,False,False,False,False,False,False
44,dirichlet_a0.5,directional_poisoning,16,1,False,0.2729341002458928,0.22249127694836004,0.5817956439992679,True,True,True,False,False,True
44,dirichlet_a0.5,directional_poisoning,16,2,False,0.28715120000522115,0.5819671886071333,0.5740503485798906,True,True,True,False,False,True
44,dirichlet_a0.5,directional_poisoning,16,3,False,0.2431586457379617,0.3682707583588947,0.702384319728457,True,True,True,False,False,True
44,dirichlet_a0.5,directional_poisoning,16,4,False,0.25831108071668124,0.9287807162528987,0.8040548410176204,True,True,True,False,True,True
44,dirichlet_a0.5,directional_poisoning,17,0,True,0.42385922848884205,-0.7796065551013311,0.37460505845936715,False,False,False,False,False,False
44,dirichlet_a0.5,directional_poisoning,17,1,False,0.28814099046486985,0.24831827070289933,0.5926368462414396,True,True,True,False,False,True
44,dirichlet_a0.5,directional_poisoning,17,2,False,0.30353460233057517,0.6292871298924836,0.5577055700790685,True,True,True,False,False,True
44,dirichlet_a0.5,directional_poisoning,17,3,False,0.25479855719809374,0.40900296555157417,0.7382640214270821,True,True,True,False,False,True
44,dirichlet_a0.5,directional_poisoning,17,4,False,0.2608230534476433,0.8503191876420484,0.8052236531892031,True,True,True,False,True,True
44,dirichlet_a0.5,directional_poisoning,18,0,True,0.4181827940845142,-0.7376674156485046,0.41266069529915905,False,False,True,False,False,False
44,dirichlet_a0.5,directional_poisoning,18,1,False,0.28748850681308225,0.2542158723231767,0.6367078003673036,True,True,True,False,False,True
44,dirichlet_a0.5,directional_poisoning,18,2,False,0.3032080002339867,0.6293979066507819,0.5799449044688597,True,True,True,False,False,True
44,dirichlet_a0.5,directional_poisoning,18,3,False,0.23449343927396027,0.34713533511627104,0.6973451042304346,True,True,True,False,False,True
44,dirichlet_a0.5,directional_poisoning,18,4,False,0.2562664227853226,0.9053876148239655,0.7967023230337984,True,True,True,False,True,True
44,dirichlet_a0.5,directional_poisoning,19,0,True,0.41424796459005553,-0.7510149929995862,0.38660516576892723,False,False,False,False,False,False
44,dirichlet_a0.5,directional_poisoning,19,1,False,0.30275119804690404,0.22079376429295625,0.6583558725950671,True,True,True,False,False,True
44,dirichlet_a0.5,directional_poisoning,19,2,False,0.29554199515142787,0.6271388115344465,0.5969137174074614,True,True,True,False,False,True
44,dirichlet_a0.5,directional_poisoning,19,3,False,0.22541196912937708,0.2233076875346441,0.7112701416717109,True,True,True,False,False,True
44,dirichlet_a0.5,directional_poisoning,19,4,False,0.25115451236721126,0.8839897477435958,0.7578555392949361,True,True,True,False,True,True
44,dirichlet_a0.5,directional_poisoning,20,0,True,0.4330886651178047,-0.7926690704070021,0.4031837782577615,False,False,True,False,False,False
44,dirichlet_a0.5,directional_poisoning,20,1,False,0.28320654573790094,0.1322473139955689,0.6431201334388956,True,True,True,False,False,True
44,dirichlet_a0.5,directional_poisoning,20,2,False,0.30498067044652893,0.6140495684045774,0.6273088541626632,True,True,True,False,False,True
44,dirichlet_a0.5,directional_poisoning,20,3,False,0.24148605377935345,0.28634220904550023,0.6767796336579629,True,True,True,False,False,True
44,dirichlet_a0.5,directional_poisoning,20,4,False,0.24057560324811827,0.8549837980079054,0.7690646210135514,True,True,True,False,True,True
44,dirichlet_a0.5,directional_poisoning,21,0,True,0.43718011988281374,-0.7801579131117781,0.3918384261720827,False,False,False,False,False,False
44,dirichlet_a0.5,directional_poisoning,21,1,False,0.28557153496137216,0.014020229371250111,0.5872767647702749,True,True,True,False,False,True
44,dirichlet_a0.5,directional_poisoning,21,2,False,0.31823069351761357,0.6581613239543076,0.6522769211522221,True,True,True,False,True,True
44,dirichlet_a0.5,directional_poisoning,21,3,False,0.2482438182245354,0.23388575604464526,0.7503440402839896,True,True,True,False,False,True
44,dirichlet_a0.5,directional_poisoning,21,4,False,0.2564401913283634,0.8384730778270351,0.7682341350514497,True,True,True,False,True,True
44,dirichlet_a0.5,directional_poisoning,22,0,True,0.44131108702962146,-0.779811582215257,0.3840232485913306,False,False,False,False,False,False
44,dirichlet_a0.5,directional_poisoning,22,1,False,0.2812477173751141,-0.009781350129410157,0.6047443690196252,True,True,True,False,False,True
44,dirichlet_a0.5,directional_poisoning,22,2,False,0.3156444485502061,0.645934035069809,0.6407486283035332,True,True,True,False,False,True
44,dirichlet_a0.5,directional_poisoning,22,3,False,0.24963775841692237,0.2316655404101113,0.676013428575654,True,True,True,False,False,True
44,dirichlet_a0.5,directional_poisoning,22,4,False,0.23881688542316404,0.8963916782420418,0.7607850096869131,True,True,True,False,True,True
44,dirichlet_a0.5,directional_poisoning,23,0,True,0.43821814644568463,-0.8039181428108924,0.4110502105042715,False,False,True,False,False,False
44,dirichlet_a0.5,directional_poisoning,23,1,False,0.2710020670590424,-0.027069438825713055,0.6051257609566931,True,True,True,False,False,True
44,dirichlet_a0.5,directional_poisoning,23,2,False,0.3125640428660587,0.6245403971826053,0.6353040577135554,True,True,True,False,False,True
44,dirichlet_a0.5,directional_poisoning,23,3,False,0.2542078537150678,0.2675355668221951,0.6485986842580357,True,True,True,False,False,True
44,dirichlet_a0.5,directional_poisoning,23,4,False,0.24015084408465381,0.8845737612026414,0.7720921163803375,True,True,True,False,True,True
44,dirichlet_a0.5,directional_poisoning,24,0,True,0.45058002669797875,-0.8235198031065172,0.421659601816882,False,False,True,False,False,False
44,dirichlet_a0.5,directional_poisoning,24,1,False,0.26482572131304344,-0.07226571921947861,0.6092548328627445,True,True,True,False,False,True
44,dirichlet_a0.5,directional_poisoning,24,2,False,0.3145223701589498,0.6394595394706216,0.6361325543945291,True,True,True,False,False,True
44,dirichlet_a0.5,directional_poisoning,24,3,False,0.2663767652954277,0.2771406059743264,0.7198275550805537,True,True,True,False,False,True
44,dirichlet_a0.5,directional_poisoning,24,4,False,0.2413146651959053,0.8639629153284962,0.7786451375298782,True,True,True,False,True,True
44,dirichlet_a0.5,sparse_coordinate_attack,0,0,False,0.46753491611417325,-0.04627333506157559,0.528363263669177,False,True,True,False,False,False
44,dirichlet_a0.5,sparse_coordinate_attack,0,1,False,0.5211308709798106,0.2909372006685168,0.5941357337017067,False,True,True,False,False,True
44,dirichlet_a0.5,sparse_coordinate_attack,0,2,False,0.3957669209142856,0.3192017463864428,0.6687239130757691,False,True,True,False,False,True
44,dirichlet_a0.5,sparse_coordinate_attack,0,3,False,0.39367586341607624,-0.1286067456476446,0.6312627185360129,False,True,True,False,False,True
44,dirichlet_a0.5,sparse_coordinate_attack,0,4,False,0.28742679690819756,0.7137976638508444,0.6592323574409934,True,True,True,False,True,True
44,dirichlet_a0.5,sparse_coordinate_attack,1,0,False,0.40062163420269675,0.23141353942920723,0.5637535303711365,False,True,True,False,False,True
44,dirichlet_a0.5,sparse_coordinate_attack,1,1,False,0.42383806997792106,0.03955724788087686,0.5508015434185927,False,True,True,False,False,True
44,dirichlet_a0.5,sparse_coordinate_attack,1,2,False,0.3300124372639694,-0.006889137724568461,0.5930943951628943,True,True,True,False,False,True
44,dirichlet_a0.5,sparse_coordinate_attack,1,3,False,0.32978704953249266,-0.342142062128644,0.7116671307530132,True,True,True,False,False,True
44,dirichlet_a0.5,sparse_coordinate_attack,1,4,False,0.1938333084485587,0.5530339862962794,0.667799037352321,True,True,True,False,False,True
44,dirichlet_a0.5,sparse_coordinate_attack,2,0,False,0.3352968075182465,0.13062139382818724,0.5555284518652479,True,True,True,False,False,True
44,dirichlet_a0.5,sparse_coordinate_attack,2,1,False,0.3567344660734192,-0.0303697323186761,0.5810657357950961,True,True,True,False,False,True
44,dirichlet_a0.5,sparse_coordinate_attack,2,2,False,0.27287614792334675,-0.04654961502999708,0.6351263826386845,True,True,True,False,False,True
44,dirichlet_a0.5,sparse_coordinate_attack,2,3,False,0.26792960503228197,-0.20014038023893765,0.7584220044580897,True,True,True,False,False,True
44,dirichlet_a0.5,sparse_coordinate_attack,2,4,False,0.17152782879600084,0.6695505611542514,0.6402742145771123,True,True,True,False,True,True
44,dirichlet_a0.5,sparse_coordinate_attack,3,0,False,0.29228586768188974,0.196488946752486,0.5431265308272393,True,True,True,False,False,True
44,dirichlet_a0.5,sparse_coordinate_attack,3,1,False,0.31037645287868576,0.06683895092425653,0.6319957158784644,True,True,True,False,False,True
44,dirichlet_a0.5,sparse_coordinate_attack,3,2,False,0.23662168357062088,-0.12071329581932529,0.6179933104495694,True,True,True,False,False,True
44,dirichlet_a0.5,sparse_coordinate_attack,3,3,False,0.22378889862213094,-0.1504666670820706,0.6938169942673538,True,True,True,False,False,True
44,dirichlet_a0.5,sparse_coordinate_attack,3,4,False,0.15722245849673638,0.7495337617226528,0.759536120938644,True,True,True,False,True,True
44,dirichlet_a0.5,sparse_coordinate_attack,4,0,False,0.27196565506570464,0.296689918851316,0.5359254206457481,True,True,True,False,False,True
44,dirichlet_a0.5,sparse_coordinate_attack,4,1,False,0.283297681121673,0.01877925447160448,0.5826638370976707,True,True,True,False,False,True
44,dirichlet_a0.5,sparse_coordinate_attack,4,2,False,0.20128056276940978,-0.12330203129529245,0.5461405015747899,True,True,True,False,False,True
44,dirichlet_a0.5,sparse_coordinate_attack,4,3,False,0.21742086337747363,-0.10657740190683433,0.7624172603708756,True,True,True,False,False,True
44,dirichlet_a0.5,sparse_coordinate_attack,4,4,False,0.12266479322024136,0.6187022980547943,0.6655129435938895,True,True,True,False,False,True
44,dirichlet_a0.5,sparse_coordinate_attack,5,0,False,0.250030546124415,0.16537748015160644,0.5431568615422366,True,True,True,False,False,True
44,dirichlet_a0.5,sparse_coordinate_attack,5,1,False,0.26148785682756487,-0.0787763537238346,0.5545233859447711,True,True,True,False,False,True
44,dirichlet_a0.5,sparse_coordinate_attack,5,2,False,0.20158226934745402,0.0728556311843715,0.6161585178823386,True,True,True,False,False,True
44,dirichlet_a0.5,sparse_coordinate_attack,5,3,False,0.198728785518699,-0.18600546505851132,0.7130850868044906,True,True,True,False,False,True
44,dirichlet_a0.5,sparse_coordinate_attack,5,4,False,0.11751186137360656,0.6686219120888792,0.7204728894809258,True,True,True,False,True,True
44,dirichlet_a0.5,sparse_coordinate_attack,6,0,False,0.24945067171351398,0.4082807858839418,0.5317987010117969,True,True,True,False,False,True
44,dirichlet_a0.5,sparse_coordinate_attack,6,1,False,0.2617220018224944,0.05178496868757796,0.5554279149913842,True,True,True,False,False,True
44,dirichlet_a0.5,sparse_coordinate_attack,6,2,False,0.1849985875763874,-0.15384590848939877,0.5811867626916449,True,True,True,False,False,True
44,dirichlet_a0.5,sparse_coordinate_attack,6,3,False,0.210990034624835,-0.08010477925078044,0.7206910263774136,True,True,True,False,False,True
44,dirichlet_a0.5,sparse_coordinate_attack,6,4,False,0.11202701406529411,0.6478747260231278,0.7689479962886051,True,True,True,False,False,True
44,dirichlet_a0.5,sparse_coordinate_attack,7,0,False,0.233822811267767,0.1776448581892986,0.4791866237046068,True,True,True,False,False,False
44,dirichlet_a0.5,sparse_coordinate_attack,7,1,False,0.25408920959590436,0.04389287990713494,0.5539406078550901,True,True,True,False,False,True
44,dirichlet_a0.5,sparse_coordinate_attack,7,2,False,0.19621409970800607,-0.052121032228638786,0.5847165374902029,True,True,True,False,False,True
44,dirichlet_a0.5,sparse_coordinate_attack,7,3,False,0.20026724052462871,-0.06657809118625214,0.7784376904989985,True,True,True,False,False,True
44,dirichlet_a0.5,sparse_coordinate_attack,7,4,False,0.10572885209209537,0.6272513078751601,0.6626230079247584,True,True,True,False,False,True
44,dirichlet_a0.5,sparse_coordinate_attack,8,0,False,0.227237293515645,0.15209761840328853,0.5515945974613725,True,True,True,False,False,True
44,dirichlet_a0.5,sparse_coordinate_attack,8,1,False,0.253757353336191,0.1614072201647891,0.5934748789025209,True,True,True,False,False,True
44,dirichlet_a0.5,sparse_coordinate_attack,8,2,False,0.17872646965879943,-0.4146855077015697,0.5321924831170668,True,True,True,False,False,True
44,dirichlet_a0.5,sparse_coordinate_attack,8,3,False,0.2008554530262118,0.23843238724163368,0.7279903122016759,True,True,True,False,False,True
44,dirichlet_a0.5,sparse_coordinate_attack,8,4,False,0.10151750949933239,0.8259542700953646,0.7530848919845844,True,True,True,False,True,True
44,dirichlet_a0.5,sparse_coordinate_attack,9,0,False,0.24005749613377259,0.28091202525444325,0.455116475024044,True,True,True,False,False,False
44,dirichlet_a0.5,sparse_coordinate_attack,9,1,False,0.23591014260098395,-0.11088319382892531,0.5605525435557863,True,True,True,False,False,True
44,dirichlet_a0.5,sparse_coordinate_attack,9,2,False,0.19352184822744697,0.05144028242642542,0.5421769807563004,True,True,True,False,False,True
44,dirichlet_a0.5,sparse_coordinate_attack,9,3,False,0.2007819445001092,0.10259067452683493,0.7096252542704672,True,True,True,False,False,True
44,dirichlet_a0.5,sparse_coordinate_attack,9,4,False,0.11669737919091891,0.7901382757992784,0.6942200811963266,True,True,True,False,True,True
44,dirichlet_a0.5,sparse_coordinate_attack,10,0,True,16.773060664341816,-0.01665107248227834,0.014390300182500891,False,True,False,False,False,False
44,dirichlet_a0.5,sparse_coordinate_attack,10,1,False,0.2513155548538692,0.15135575202791487,0.6130351786201255,True,True,True,False,False,True
44,dirichlet_a0.5,sparse_coordinate_attack,10,2,False,0.1773297058483223,-0.3920531493882913,0.5041954227937321,True,True,True,False,False,False
44,dirichlet_a0.5,sparse_coordinate_attack,10,3,False,0.20814482955805097,0.2765536006414806,0.8355079608147511,True,True,True,False,False,True
44,dirichlet_a0.5,sparse_coordinate_attack,10,4,False,0.1185143800039427,0.8345025285088701,0.7295630467160328,True,True,True,False,True,True
44,dirichlet_a0.5,sparse_coordinate_attack,11,0,True,20.46101405660109,0.012931403383383727,0.01825946280303571,False,True,False,False,False,False
44,dirichlet_a0.5,sparse_coordinate_attack,11,1,False,0.23315132060665178,-0.0773142593469946,0.5948897294982514,True,True,True,False,False,True
44,dirichlet_a0.5,sparse_coordinate_attack,11,2,False,0.18734830616192277,0.023592872086409544,0.5793900030928081,True,True,True,False,False,True
44,dirichlet_a0.5,sparse_coordinate_attack,11,3,False,0.19461252422899672,0.08345694011371603,0.7904741512621036,True,True,True,False,False,True
44,dirichlet_a0.5,sparse_coordinate_attack,11,4,False,0.11512668616730208,0.8028461197551333,0.8349035281802394,True,True,True,False,True,True
44,dirichlet_a0.5,sparse_coordinate_attack,12,0,True,21.826089486398576,0.022527061442478166,0.01893862211053001,False,True,False,False,False,False
44,dirichlet_a0.5,sparse_coordinate_attack,12,1,False,0.23990771527461138,-0.03668519010203643,0.5565441825714867,True,True,True,False,False,True
44,dirichlet_a0.5,sparse_coordinate_attack,12,2,False,0.19652345021288412,0.1695112867496339,0.5370961534107632,True,True,True,False,False,True
44,dirichlet_a0.5,sparse_coordinate_attack,12,3,False,0.20542924595867135,0.2613597252690083,0.8121420000452806,True,True,True,False,False,True
44,dirichlet_a0.5,sparse_coordinate_attack,12,4,False,0.13325864555484784,0.8092102276790694,0.8169417464737712,True,True,True,False,True,True
44,dirichlet_a0.5,sparse_coordinate_attack,13,0,True,20.599185233327965,-0.032782364186520696,0.01801638265526083,False,True,False,False,False,False
44,dirichlet_a0.5,sparse_coordinate_attack,13,1,False,0.22541639224502089,0.0236635360652584,0.6223593746454584,True,True,True,False,False,True
44,dirichlet_a0.5,sparse_coordinate_attack,13,2,False,0.2043469581094928,0.22876521891486665,0.5661546141453564,True,True,True,False,False,True
44,dirichlet_a0.5,sparse_coordinate_attack,13,3,False,0.2030527557531335,0.13579188704904174,0.8117696444373851,True,True,True,False,False,True
44,dirichlet_a0.5,sparse_coordinate_attack,13,4,False,0.13255297367779365,0.771968301815298,0.7810351478296386,True,True,True,False,True,True
44,dirichlet_a0.5,sparse_coordinate_attack,14,0,True,22.7534939025587,-0.013917471719942794,0.015644549115262897,False,True,False,False,False,False
44,dirichlet_a0.5,sparse_coordinate_attack,14,1,False,0.2426834200041576,0.04842718148525492,0.5865759675333551,True,True,True,False,False,True
44,dirichlet_a0.5,sparse_coordinate_attack,14,2,False,0.2184939933590831,0.19546066544154406,0.5233459148591675,True,True,True,False,False,False
44,dirichlet_a0.5,sparse_coordinate_attack,14,3,False,0.22103061649892938,0.2828242905163401,0.7009662191288257,True,True,True,False,False,True
44,dirichlet_a0.5,sparse_coordinate_attack,14,4,False,0.1501993108273365,0.8577532822729009,0.8950616634950007,True,True,True,False,True,True
44,dirichlet_a0.5,sparse_coordinate_attack,15,0,True,25.162743363096617,0.012718458292512965,0.015181037620709591,False,True,False,False,False,False
44,dirichlet_a0.5,sparse_coordinate_attack,15,1,False,0.2588972409522514,0.12712645883702736,0.5904438687022247,True,True,True,False,False,True
44,dirichlet_a0.5,sparse_coordinate_attack,15,2,False,0.2116898566998464,0.24107395022118858,0.5781641436310301,True,True,True,False,False,True
44,dirichlet_a0.5,sparse_coordinate_attack,15,3,False,0.23666222342522983,0.3525775858576913,0.7817056720125045,True,True,True,False,False,True
44,dirichlet_a0.5,sparse_coordinate_attack,15,4,False,0.1791636417587948,0.8616971477779046,0.8573432113568722,True,True,True,False,True,True
44,dirichlet_a0.5,sparse_coordinate_attack,16,0,True,24.439056327204405,0.01322788205384864,0.01502583407941148,False,True,False,False,False,False
44,dirichlet_a0.5,sparse_coordinate_attack,16,1,False,0.2745366513774185,0.3824160482734169,0.6447948914321464,True,True,True,False,False,True
44,dirichlet_a0.5,sparse_coordinate_attack,16,2,False,0.20646572558419082,0.2845927533358572,0.633544392548567,True,True,True,False,False,True
44,dirichlet_a0.5,sparse_coordinate_attack,16,3,False,0.23980738925494663,0.43933821580780036,0.8018919822667112,True,True,True,False,False,True
44,dirichlet_a0.5,sparse_coordinate_attack,16,4,False,0.18603862440349214,0.907931664220198,0.8179964835449319,True,True,True,False,True,True
44,dirichlet_a0.5,sparse_coordinate_attack,17,0,True,21.721181662638138,-0.0037067039159946217,0.013679108095007272,False,True,False,False,False,False
44,dirichlet_a0.5,sparse_coordinate_attack,17,1,False,0.2960085806677977,0.3269217150756538,0.6387300048473098,True,True,True,False,False,True
44,dirichlet_a0.5,sparse_coordinate_attack,17,2,False,0.2200614671276141,0.4059876538736122,0.5552205525933107,True,True,True,False,False,True
44,dirichlet_a0.5,sparse_coordinate_attack,17,3,False,0.24461372723209282,0.41041823084086415,0.757750848279205,True,True,True,False,False,True
44,dirichlet_a0.5,sparse_coordinate_attack,17,4,False,0.21413449835567405,0.9060235311491351,0.8788172564226854,True,True,True,False,True,True
44,dirichlet_a0.5,sparse_coordinate_attack,18,0,True,28.51326834018329,0.0015477170735296302,0.014562610012689835,False,True,False,False,False,False
44,dirichlet_a0.5,sparse_coordinate_attack,18,1,False,0.30769594867950034,0.3330119902997823,0.642208031438045,True,True,True,False,False,True
44,dirichlet_a0.5,sparse_coordinate_attack,18,2,False,0.22640396097334936,0.46143407902809974,0.6371423308363011,True,True,True,False,False,True
44,dirichlet_a0.5,sparse_coordinate_attack,18,3,False,0.22527817514996884,0.3667148634728939,0.8162429898890663,True,True,True,False,False,True
44,dirichlet_a0.5,sparse_coordinate_attack,18,4,False,0.2141066497930341,0.8545109699551718,0.817389168611077,True,True,True,False,True,True
44,dirichlet_a0.5,sparse_coordinate_attack,19,0,True,28.496326072406546,-0.0062271134252789625,0.014198138046836966,False,True,False,False,False,False
44,dirichlet_a0.5,sparse_coordinate_attack,19,1,False,0.2986701712281649,0.2940919025522429,0.7019384581756039,True,True,True,False,False,True
44,dirichlet_a0.5,sparse_coordinate_attack,19,2,False,0.24405449377682942,0.40469085199297605,0.6096058501495325,True,True,True,False,False,True
44,dirichlet_a0.5,sparse_coordinate_attack,19,3,False,0.22377120628497454,0.2712700538110004,0.7915288086083043,True,True,True,False,False,True
44,dirichlet_a0.5,sparse_coordinate_attack,19,4,False,0.20120027173629756,0.9040942837651119,0.8655598279134002,True,True,True,False,True,True
44,dirichlet_a0.5,sparse_coordinate_attack,20,0,True,31.552296944612802,0.028048490980835086,0.014562642325430086,False,True,False,False,False,False
44,dirichlet_a0.5,sparse_coordinate_attack,20,1,False,0.2943169178972108,0.23589247111588008,0.6426124729701284,True,True,True,False,False,True
44,dirichlet_a0.5,sparse_coordinate_attack,20,2,False,0.24107495851017674,0.3932247929351014,0.6712019442371356,True,True,True,False,False,True
44,dirichlet_a0.5,sparse_coordinate_attack,20,3,False,0.21446889723175988,0.13034603733725353,0.7897315192223051,True,True,True,False,False,True
44,dirichlet_a0.5,sparse_coordinate_attack,20,4,False,0.19977195102993053,0.8222437223939457,0.830118453030216,True,True,True,False,True,True
44,dirichlet_a0.5,sparse_coordinate_attack,21,0,True,27.730774889446955,0.008301292856556917,0.0141120785367849,False,True,False,False,False,False
44,dirichlet_a0.5,sparse_coordinate_attack,21,1,False,0.3039256025933026,0.10221797256326548,0.6802041333099593,True,True,True,False,False,True
44,dirichlet_a0.5,sparse_coordinate_attack,21,2,False,0.23934873879435747,0.39543098725619064,0.6746917548062876,True,True,True,False,False,True
44,dirichlet_a0.5,sparse_coordinate_attack,21,3,False,0.2477181404937889,0.22691516197387626,0.7455345838446406,True,True,True,False,False,True
44,dirichlet_a0.5,sparse_coordinate_attack,21,4,False,0.1746602229748933,0.8154192381814436,0.8233993650051618,True,True,True,False,True,True
44,dirichlet_a0.5,sparse_coordinate_attack,22,0,True,25.432924737822024,-0.017935188270378443,0.014456537654351115,False,True,False,False,False,False
44,dirichlet_a0.5,sparse_coordinate_attack,22,1,False,0.2690521962490216,-0.02757234228541688,0.6562838596319976,True,True,True,False,False,True
44,dirichlet_a0.5,sparse_coordinate_attack,22,2,False,0.22832570630262863,0.35583674814004773,0.7165698667577725,True,True,True,False,False,True
44,dirichlet_a0.5,sparse_coordinate_attack,22,3,False,0.25195305527057443,0.29735237331412806,0.7656205768949192,True,True,True,False,False,True
44,dirichlet_a0.5,sparse_coordinate_attack,22,4,False,0.1593279789046821,0.7851387698144382,0.8278686124261799,True,True,True,False,True,True
44,dirichlet_a0.5,sparse_coordinate_attack,23,0,True,29.619305546465664,-0.025734198413218574,0.014876892731322925,False,True,False,False,False,False
44,dirichlet_a0.5,sparse_coordinate_attack,23,1,False,0.26254263939927075,-0.05879809227491014,0.6482929845048723,True,True,True,False,False,True
44,dirichlet_a0.5,sparse_coordinate_attack,23,2,False,0.21954274566325602,0.295966753811985,0.725768623102362,True,True,True,False,False,True
44,dirichlet_a0.5,sparse_coordinate_attack,23,3,False,0.2468024352416997,0.2304543603766722,0.7834411155706897,True,True,True,False,False,True
44,dirichlet_a0.5,sparse_coordinate_attack,23,4,False,0.16567781275691668,0.7946699306809598,0.8200445521721638,True,True,True,False,True,True
44,dirichlet_a0.5,sparse_coordinate_attack,24,0,True,27.258852393379982,-0.03259652597437128,0.01375845631261953,False,True,False,False,False,False
44,dirichlet_a0.5,sparse_coordinate_attack,24,1,False,0.254883782567371,-0.08479036177312128,0.6253817828904176,True,True,True,False,False,True
44,dirichlet_a0.5,sparse_coordinate_attack,24,2,False,0.22024305041535178,0.18970410449677588,0.7212057203208404,True,True,True,False,False,True
44,dirichlet_a0.5,sparse_coordinate_attack,24,3,False,0.2737640458956065,0.33407151550100694,0.7981807628997422,True,True,True,False,False,True
44,dirichlet_a0.5,sparse_coordinate_attack,24,4,False,0.14342936972396217,0.7642320477555042,0.8428053549510461,True,True,True,False,True,True
44,dirichlet_a0.1,no_attack,0,0,False,0.6202850513209129,-0.14579658993179312,0.6115046991131038,False,True,True,False,False,True
44,dirichlet_a0.1,no_attack,0,1,False,0.5435898881095322,0.282659007971597,0.5096288343326352,True,True,True,False,False,False
44,dirichlet_a0.1,no_attack,0,2,False,0.5871885976804994,0.07737393831146952,0.6271482470002041,False,True,True,False,False,True
44,dirichlet_a0.1,no_attack,0,3,False,0.6253391736390258,-0.007524838600006403,0.5524085317445315,False,True,True,False,False,True
44,dirichlet_a0.1,no_attack,0,4,False,0.4734965118778028,0.4395414078492868,0.6685140519737787,True,True,True,False,False,True
44,dirichlet_a0.1,no_attack,1,0,False,0.40540474171845403,-0.5081880937094553,0.5997277340043727,True,True,True,False,False,True
44,dirichlet_a0.1,no_attack,1,1,False,0.4271830976623353,0.40839787100686487,0.5720061053586898,True,True,True,False,False,True
44,dirichlet_a0.1,no_attack,1,2,False,0.3965719911716444,-0.37479559757809794,0.6048017821046987,True,True,True,False,False,True
44,dirichlet_a0.1,no_attack,1,3,False,0.4953659992531712,0.15564082754165845,0.6461449610164597,True,True,True,False,False,True
44,dirichlet_a0.1,no_attack,1,4,False,0.3276412212248982,0.09357637255157654,0.6462274658636195,True,True,True,False,False,True
44,dirichlet_a0.1,no_attack,2,0,False,0.30050264210952893,-0.5481414457392657,0.5734758966416015,True,False,True,False,False,True
44,dirichlet_a0.1,no_attack,2,1,False,0.3618782980224753,0.3599390108040726,0.59032201653801,True,True,True,False,False,True
44,dirichlet_a0.1,no_attack,2,2,False,0.27244016856884556,-0.5816583630981172,0.5633415773564165,True,False,True,False,False,True
44,dirichlet_a0.1,no_attack,2,3,False,0.45063472940658433,0.4828110856725498,0.685861084047399,True,True,True,False,False,True
44,dirichlet_a0.1,no_attack,2,4,False,0.25601947262873204,0.1561803921486551,0.6241808022517008,True,True,True,False,False,True
44,dirichlet_a0.1,no_attack,3,0,False,0.29024948721203037,-0.25423671363479716,0.602438013248538,True,True,True,False,False,True
44,dirichlet_a0.1,no_attack,3,1,False,0.32552812942110665,0.541887711162187,0.6276649231284896,True,True,True,False,False,True
44,dirichlet_a0.1,no_attack,3,2,False,0.2267843141534683,-0.5178776815544442,0.5784636282647238,True,True,True,False,False,True
44,dirichlet_a0.1,no_attack,3,3,False,0.4110621179630532,0.4549406641022398,0.7052773636997116,True,True,True,False,False,True
44,dirichlet_a0.1,no_attack,3,4,False,0.22576364912332814,0.1939949040785636,0.6556173977472193,True,True,True,False,False,True
44,dirichlet_a0.1,no_attack,4,0,False,0.3104724932039636,-0.2682153907819778,0.533662873742156,True,True,True,False,False,True
44,dirichlet_a0.1,no_attack,4,1,False,0.3070457033043521,0.4016380830012818,0.5712096165882938,True,True,True,False,False,True
44,dirichlet_a0.1,no_attack,4,2,False,0.21963202945270965,-0.5777137318421844,0.4934840873710058,True,False,True,False,False,False
44,dirichlet_a0.1,no_attack,4,3,False,0.39790807950293056,0.5347758245564533,0.6912885778940442,True,True,True,False,False,True
44,dirichlet_a0.1,no_attack,4,4,False,0.21362542474640156,0.2023127662227824,0.6764913575887913,True,True,True,False,False,True
44,dirichlet_a0.1,no_attack,5,0,False,0.3255095885854066,0.029518300182562112,0.6181998818538209,True,True,True,False,False,True
44,dirichlet_a0.1,no_attack,5,1,False,0.30882002827932176,0.5105511149882394,0.6520416017757729,True,True,True,False,False,True
44,dirichlet_a0.1,no_attack,5,2,False,0.21624162264596541,-0.5745846788654438,0.5387465764459481,True,False,True,False,False,True
44,dirichlet_a0.1,no_attack,5,3,False,0.41587173495701774,0.5015197250894278,0.6591840753271396,True,True,True,False,False,True
44,dirichlet_a0.1,no_attack,5,4,False,0.22875631248420003,0.23414439369985993,0.6458389273759018,True,True,True,False,False,True
44,dirichlet_a0.1,no_attack,6,0,False,0.31683256223528855,-0.12122368927356558,0.562152267419317,True,True,True,False,False,True
44,dirichlet_a0.1,no_attack,6,1,False,0.3120735933951546,0.4013414485369667,0.5700785413491799,True,True,True,False,False,True
44,dirichlet_a0.1,no_attack,6,2,False,0.22728392448285825,-0.6076829442891473,0.5477966040560159,True,False,True,False,False,True
44,dirichlet_a0.1,no_attack,6,3,False,0.39220977158022724,0.5353212496871167,0.7023814891295527,True,True,True,False,False,True
44,dirichlet_a0.1,no_attack,6,4,False,0.21996180480980546,0.12460351218275899,0.6462212683841763,True,True,True,False,False,True
44,dirichlet_a0.1,no_attack,7,0,False,0.3218578740964695,-0.11296556520613728,0.5779937941552864,True,True,True,False,False,True
44,dirichlet_a0.1,no_attack,7,1,False,0.31356397130204433,0.5389272465451312,0.5773188647160914,True,True,True,False,False,True
44,dirichlet_a0.1,no_attack,7,2,False,0.21164459528917753,-0.6113450795811354,0.4944427887733815,True,False,True,False,False,False
44,dirichlet_a0.1,no_attack,7,3,False,0.3988809536627755,0.46148098153778094,0.7143470715074592,True,True,True,False,False,True
44,dirichlet_a0.1,no_attack,7,4,False,0.22562704628363872,0.31276220170218927,0.6008975685009554,True,True,True,False,False,True
44,dirichlet_a0.1,no_attack,8,0,False,0.33274906514245756,0.019022568406483788,0.5593531759904391,True,True,True,False,False,True
44,dirichlet_a0.1,no_attack,8,1,False,0.30157023644992326,0.45856470467205696,0.49977642458191396,True,True,True,False,False,False
44,dirichlet_a0.1,no_attack,8,2,False,0.22402970855938484,-0.41162836694846705,0.4504516223445338,True,True,True,False,False,False
44,dirichlet_a0.1,no_attack,8,3,False,0.40002164327082507,0.509203979962243,0.6414581995268331,True,True,True,False,False,True
44,dirichlet_a0.1,no_attack,8,4,False,0.23584445322012318,0.175807179890667,0.679116429947724,True,True,True,False,False,True
44,dirichlet_a0.1,no_attack,9,0,False,0.33674530918752127,-0.017893570119567184,0.520964179864207,True,True,True,False,False,False
44,dirichlet_a0.1,no_attack,9,1,False,0.3087721032927168,0.4403893032013398,0.5045442230486934,True,True,True,False,False,False
44,dirichlet_a0.1,no_attack,9,2,False,0.2203568902355242,-0.5100268163847308,0.4933293925436976,True,True,True,False,False,False
44,dirichlet_a0.1,no_attack,9,3,False,0.39935374398381457,0.4424907103132918,0.675870052461762,True,True,True,False,False,True
44,dirichlet_a0.1,no_attack,9,4,False,0.22906218438414158,0.2186059066304891,0.687347602275806,True,True,True,False,False,True
44,dirichlet_a0.1,no_attack,10,0,True,0.34091575436759725,0.042579849341273075,0.5615298646467155,True,True,True,False,False,True
44,dirichlet_a0.1,no_attack,10,1,False,0.3116273266005403,0.4911079018408951,0.5557910982597435,True,True,True,False,False,True
44,dirichlet_a0.1,no_attack,10,2,False,0.22127255655880834,-0.4323685363128231,0.4769651061716131,True,True,True,False,False,False
44,dirichlet_a0.1,no_attack,10,3,False,0.3974034058876743,0.4292399909006803,0.6969718472264107,True,True,True,False,False,True
44,dirichlet_a0.1,no_attack,10,4,False,0.2433654434327581,0.2703517757850026,0.5761029607422257,True,True,True,False,False,True
44,dirichlet_a0.1,no_attack,11,0,True,0.343921918128478,0.026983558843456,0.5559347130505821,True,True,True,False,False,True
44,dirichlet_a0.1,no_attack,11,1,False,0.30356313575224547,0.45654606996443714,0.5435359793042412,True,True,True,False,False,True
44,dirichlet_a0.1,no_attack,11,2,False,0.2225098084338658,-0.4745695578484611,0.4528728980870039,True,True,True,False,False,False
44,dirichlet_a0.1,no_attack,11,3,False,0.39894762559002905,0.4637898173809128,0.6575924160936756,True,True,True,False,False,True
44,dirichlet_a0.1,no_attack,11,4,False,0.23501713789189901,0.26082113582011746,0.6855044591190687,True,True,True,False,False,True
44,dirichlet_a0.1,no_attack,12,0,True,0.33600541914456,-0.0425159321546827,0.5524434005919692,True,True,True,False,False,True
44,dirichlet_a0.1,no_attack,12,1,False,0.31574862475931637,0.5167270120038455,0.5692245902927541,True,True,True,False,False,True
44,dirichlet_a0.1,no_attack,12,2,False,0.2241665344535462,-0.45428834918660804,0.462120087660325,True,True,True,False,False,False
44,dirichlet_a0.1,no_attack,12,3,False,0.40521214669074795,0.4629870484450617,0.6815153711157483,True,True,True,False,False,True
44,dirichlet_a0.1,no_attack,12,4,False,0.2274549673091157,0.17617906764997826,0.6440938419494818,True,True,True,False,False,True
44,dirichlet_a0.1,no_attack,13,0,True,0.3325048116772338,-0.1428786488084784,0.5869250795487417,True,True,True,False,False,True
44,dirichlet_a0.1,no_attack,13,1,False,0.3123212365178612,0.4638749590079536,0.5178713479895863,True,True,True,False,False,False
44,dirichlet_a0.1,no_attack,13,2,False,0.22257760168330995,-0.4818862919087399,0.49445870697136246,True,True,True,False,False,False
44,dirichlet_a0.1,no_attack,13,3,False,0.3997471883784885,0.42021355708252245,0.6905825137402372,True,True,True,False,False,True
44,dirichlet_a0.1,no_attack,13,4,False,0.24348807827708277,0.3659832793500232,0.6708309227654036,True,True,True,False,False,True
44,dirichlet_a0.1,no_attack,14,0,True,0.34127689113097737,-0.024403969123877853,0.6113155916983023,True,True,True,False,False,True
44,dirichlet_a0.1,no_attack,14,1,False,0.30292713559614404,0.46376850082879245,0.5779584915113792,True,True,True,False,False,True
44,dirichlet_a0.1,no_attack,14,2,False,0.2244408613506145,-0.5261152246019182,0.5038155435222477,True,True,True,False,False,False
44,dirichlet_a0.1,no_attack,14,3,False,0.41030208917258976,0.44684853645234507,0.7389725011080492,True,True,True,False,False,True
44,dirichlet_a0.1,no_attack,14,4,False,0.2414202968831273,0.23109769787488413,0.6370319696298152,True,True,True,False,False,True
44,dirichlet_a0.1,no_attack,15,0,True,0.34568565925108635,-0.008704360448909343,0.6073279486828467,True,True,True,False,False,True
44,dirichlet_a0.1,no_attack,15,1,False,0.30667766798279944,0.44900740490555346,0.5943910977255393,True,True,True,False,False,True
44,dirichlet_a0.1,no_attack,15,2,False,0.2238264074651508,-0.528451996887428,0.5431912854712221,True,True,True,False,False,True
44,dirichlet_a0.1,no_attack,15,3,False,0.4084478469422824,0.531921843099359,0.6944047875149121,True,True,True,False,False,True
44,dirichlet_a0.1,no_attack,15,4,False,0.24554991239866927,0.26788986661979625,0.6479475094361763,True,True,True,False,False,True
44,dirichlet_a0.1,no_attack,16,0,True,0.34538472178942525,0.08443248928853758,0.6016135984557431,True,True,True,False,False,True
44,dirichlet_a0.1,no_attack,16,1,False,0.30300092876354423,0.5215581829740914,0.5596712831949624,True,True,True,False,False,True
44,dirichlet_a0.1,no_attack,16,2,False,0.21770028473268607,-0.5080694789844523,0.524054048988924,True,True,True,False,False,False
44,dirichlet_a0.1,no_attack,16,3,False,0.40353719009664535,0.45784973236763055,0.7237485710002062,True,True,True,False,False,True
44,dirichlet_a0.1,no_attack,16,4,False,0.25479856249495675,0.21399787457498667,0.6110122003785678,True,True,True,False,False,True
44,dirichlet_a0.1,no_attack,17,0,True,0.3409895708809594,-0.02813290450107126,0.5725550172630114,True,True,True,False,False,True
44,dirichlet_a0.1,no_attack,17,1,False,0.3025335470208474,0.4825364756153848,0.5148681692049857,True,True,True,False,False,False
44,dirichlet_a0.1,no_attack,17,2,False,0.2232187214675507,-0.5156177514227018,0.5448609343089759,True,True,True,False,False,True
44,dirichlet_a0.1,no_attack,17,3,False,0.40775261524379447,0.4500593186539226,0.7443425860632091,True,True,True,False,False,True
44,dirichlet_a0.1,no_attack,17,4,False,0.24324007408242188,0.20964074274342695,0.6258734534265017,True,True,True,False,False,True
44,dirichlet_a0.1,no_attack,18,0,True,0.34513110402922453,-0.027470660196263437,0.6215129892877556,True,True,True,False,False,True
44,dirichlet_a0.1,no_attack,18,1,False,0.3171108727497008,0.4316699751405624,0.5893578184634106,True,True,True,False,False,True
44,dirichlet_a0.1,no_attack,18,2,False,0.22765131269873592,-0.4972062038483237,0.4673746704279366,True,True,True,False,False,False
44,dirichlet_a0.1,no_attack,18,3,False,0.40639987145200746,0.4876923849683344,0.7534893154119882,True,True,True,False,False,True
44,dirichlet_a0.1,no_attack,18,4,False,0.24490364358825445,0.22842820224232108,0.6196968858897063,True,True,True,False,False,True
44,dirichlet_a0.1,no_attack,19,0,True,0.329148786965812,-0.09467072303732181,0.641969439082602,True,True,True,False,False,True
44,dirichlet_a0.1,no_attack,19,1,False,0.3091317331892594,0.47028243412722837,0.5755512660815655,True,True,True,False,False,True
44,dirichlet_a0.1,no_attack,19,2,False,0.2300575860404786,-0.4984023586620639,0.5448667357631196,True,True,True,False,False,True
44,dirichlet_a0.1,no_attack,19,3,False,0.39407940515966056,0.4970755616733619,0.7054304106801563,True,True,True,False,False,True
44,dirichlet_a0.1,no_attack,19,4,False,0.24669810318914948,0.20950581643911875,0.6182642844238212,True,True,True,False,False,True
44,dirichlet_a0.1,no_attack,20,0,True,0.3439534015451588,-0.055510599553438934,0.558454176465781,True,True,True,False,False,True
44,dirichlet_a0.1,no_attack,20,1,False,0.3082119441959405,0.3972384662944085,0.5253929482697564,True,True,True,False,False,False
44,dirichlet_a0.1,no_attack,20,2,False,0.2279365381964181,-0.5179129398716836,0.47638678277292995,True,True,True,False,False,False
44,dirichlet_a0.1,no_attack,20,3,False,0.4007245953778764,0.44325120470133733,0.7249316710403254,True,True,True,False,False,True
44,dirichlet_a0.1,no_attack,20,4,False,0.2639229936968797,0.3347619683616845,0.6381879432302119,True,True,True,False,False,True
44,dirichlet_a0.1,no_attack,21,0,True,0.3358437446436475,-0.00976007674613325,0.5701898722475919,True,True,True,False,False,True
44,dirichlet_a0.1,no_attack,21,1,False,0.3206482380294567,0.4501463900309898,0.5349516537558469,True,True,True,False,False,True
44,dirichlet_a0.1,no_attack,21,2,False,0.22792122939657358,-0.5054775052205951,0.5088835068128454,True,True,True,False,False,False
44,dirichlet_a0.1,no_attack,21,3,False,0.3976330322326807,0.48953045858034416,0.7294274251696279,True,True,True,False,False,True
44,dirichlet_a0.1,no_attack,21,4,False,0.2579974711582371,0.3444815062797835,0.6456303499787387,True,True,True,False,False,True
44,dirichlet_a0.1,no_attack,22,0,True,0.3344759702838217,-0.04824520542138011,0.6095505617977528,True,True,True,False,False,True
44,dirichlet_a0.1,no_attack,22,1,False,0.3128196134709741,0.516833119592968,0.6003789306990424,True,True,True,False,False,True
44,dirichlet_a0.1,no_attack,22,2,False,0.22868439546533437,-0.36508517423229186,0.4920726189578463,True,True,True,False,False,False
44,dirichlet_a0.1,no_attack,22,3,False,0.4000233734732043,0.4027880930684074,0.6684544906115678,True,True,True,False,False,True
44,dirichlet_a0.1,no_attack,22,4,False,0.2685560397981252,0.2756426905684361,0.6566812457582385,True,True,True,False,False,True
44,dirichlet_a0.1,no_attack,23,0,True,0.3410749260214462,-0.09293525459961696,0.6207630776313517,True,True,True,False,False,True
44,dirichlet_a0.1,no_attack,23,1,False,0.3060821587734509,0.4841268960765131,0.5625539506243885,True,True,True,False,False,True
44,dirichlet_a0.1,no_attack,23,2,False,0.23749695360040615,-0.4983947576002486,0.5013523623180065,True,True,True,False,False,False
44,dirichlet_a0.1,no_attack,23,3,False,0.40467661305541014,0.4075907512398,0.7201185475053231,True,True,True,False,False,True
44,dirichlet_a0.1,no_attack,23,4,False,0.2757049584443756,0.381264680335372,0.6533828240394391,True,True,True,False,False,True
44,dirichlet_a0.1,no_attack,24,0,True,0.337167823684903,-0.016726122007982784,0.6006203990925506,True,True,True,False,False,True
44,dirichlet_a0.1,no_attack,24,1,False,0.3192220282344285,0.46963142621828097,0.5229038381406547,True,True,True,False,False,False
44,dirichlet_a0.1,no_attack,24,2,False,0.22829732868819705,-0.4250398712876643,0.5030881059308301,True,True,True,False,False,False
44,dirichlet_a0.1,no_attack,24,3,False,0.4059512262238588,0.44362507186988004,0.6995879438862911,True,True,True,False,False,True
44,dirichlet_a0.1,no_attack,24,4,False,0.2902060546320288,0.373379547798906,0.7093383952960786,True,True,True,False,False,True
44,dirichlet_a0.1,large_norm,0,0,False,0.6202849883572694,-0.14545595657065735,0.6115525649264734,False,True,True,False,False,True
44,dirichlet_a0.1,large_norm,0,1,False,0.5435898807072491,0.28275544197292535,0.5095376705855669,True,True,True,False,False,False
44,dirichlet_a0.1,large_norm,0,2,False,0.587188594792119,0.07764547794624438,0.6272105243261634,False,True,True,False,False,True
44,dirichlet_a0.1,large_norm,0,3,False,0.6253392730550161,-0.0075304885615456165,0.5523003062034552,False,True,True,False,False,True
44,dirichlet_a0.1,large_norm,0,4,False,0.4734957171319167,0.43940972245802756,0.6686273768570673,True,True,True,False,False,True
44,dirichlet_a0.1,large_norm,1,0,False,0.4055050518805588,-0.5081930964181312,0.5982604820808199,True,True,True,False,False,True
44,dirichlet_a0.1,large_norm,1,1,False,0.42715882819597695,0.4081945426601072,0.5720026736423426,True,True,True,False,False,True
44,dirichlet_a0.1,large_norm,1,2,False,0.3966756096600485,-0.37437925844860015,0.6047795482864758,True,True,True,False,False,True
44,dirichlet_a0.1,large_norm,1,3,False,0.49550196914546896,0.1547700412357065,0.6424003366808876,True,True,True,False,False,True
44,dirichlet_a0.1,large_norm,1,4,False,0.32750085172770543,0.09453119867349487,0.6483747720389824,True,True,True,False,False,True
44,dirichlet_a0.1,large_norm,2,0,False,0.3010631875943019,-0.5477325413789041,0.563656354888312,True,False,True,False,False,True
44,dirichlet_a0.1,large_norm,2,1,False,0.3627375132329287,0.3643241326295598,0.5964600453034837,True,True,True,False,False,True
44,dirichlet_a0.1,large_norm,2,2,False,0.2724373541517427,-0.5873238777028115,0.5683685785618624,True,False,True,False,False,True
44,dirichlet_a0.1,large_norm,2,3,False,0.45106536881500603,0.4838490458194013,0.6817843620310511,True,True,True,False,False,True
44,dirichlet_a0.1,large_norm,2,4,False,0.2554936218262356,0.15181304208597635,0.6513119822754253,True,True,True,False,False,True
44,dirichlet_a0.1,large_norm,3,0,False,0.29062190246798303,-0.25463408561385026,0.6350310340273804,True,True,True,False,False,True
44,dirichlet_a0.1,large_norm,3,1,False,0.3253607626912726,0.5401224711894083,0.6217722410529559,True,True,True,False,False,True
44,dirichlet_a0.1,large_norm,3,2,False,0.22638373625665748,-0.5219670014543284,0.5789408812783378,True,True,True,False,False,True
44,dirichlet_a0.1,large_norm,3,3,False,0.4096965937008853,0.4601465778583798,0.669745124796408,True,True,True,False,False,True
44,dirichlet_a0.1,large_norm,3,4,False,0.22563512510350378,0.19134263805815044,0.6547607518598406,True,True,True,False,False,True
44,dirichlet_a0.1,large_norm,4,0,False,0.30953655363889154,-0.26700068867722393,0.5343387839339577,True,True,True,False,False,True
44,dirichlet_a0.1,large_norm,4,1,False,0.3080286650341455,0.40439418755554263,0.5753294173678362,True,True,True,False,False,True
44,dirichlet_a0.1,large_norm,4,2,False,0.22018874955631584,-0.5707610904608172,0.4973884743610097,True,False,True,False,False,False
44,dirichlet_a0.1,large_norm,4,3,False,0.39787967923504675,0.5246214560762354,0.6841165264327671,True,True,True,False,False,True
44,dirichlet_a0.1,large_norm,4,4,False,0.21377113607152096,0.2048383131003411,0.6679631687569455,True,True,True,False,False,True
44,dirichlet_a0.1,large_norm,5,0,False,0.3252233403757696,0.028047658338669228,0.6248093910438604,True,True,True,False,False,True
44,dirichlet_a0.1,large_norm,5,1,False,0.3095958742799829,0.5126136455076175,0.6446507683007155,True,True,True,False,False,True
44,dirichlet_a0.1,large_norm,5,2,False,0.21562099838851273,-0.574434090150803,0.5515162998854091,True,False,True,False,False,True
44,dirichlet_a0.1,large_norm,5,3,False,0.4151368630085243,0.5024644635048389,0.6467440832273141,True,True,True,False,False,True
44,dirichlet_a0.1,large_norm,5,4,False,0.23023182274273826,0.24109398767167445,0.6753557281938842,True,True,True,False,False,True
44,dirichlet_a0.1,large_norm,6,0,False,0.31758044611176217,-0.12237458946668246,0.5873420615311569,True,True,True,False,False,True
44,dirichlet_a0.1,large_norm,6,1,False,0.3114383348339535,0.393982209461105,0.5848185631006497,True,True,True,False,False,True
44,dirichlet_a0.1,large_norm,6,2,False,0.2269390556055499,-0.607669598951126,0.5406793222604215,True,False,True,False,False,True
44,dirichlet_a0.1,large_norm,6,3,False,0.39247896460524395,0.5377735054856312,0.6864882925499644,True,True,True,False,False,True
44,dirichlet_a0.1,large_norm,6,4,False,0.2199675808158354,0.12205481814147374,0.6534717886943753,True,True,True,False,False,True
44,dirichlet_a0.1,large_norm,7,0,False,0.32140797273653016,-0.11340712045600555,0.5641597125036715,True,True,True,False,False,True
44,dirichlet_a0.1,large_norm,7,1,False,0.31300301025602684,0.5351304148034244,0.5889268992207882,True,True,True,False,False,True
44,dirichlet_a0.1,large_norm,7,2,False,0.21179043758397115,-0.6071155237183599,0.46517735275315747,True,False,True,False,False,False
44,dirichlet_a0.1,large_norm,7,3,False,0.39982132027490763,0.46324320821580883,0.7062924376716944,True,True,True,False,False,True
44,dirichlet_a0.1,large_norm,7,4,False,0.22573412500903295,0.31039499136716175,0.5983258176540714,True,True,True,False,False,True
44,dirichlet_a0.1,large_norm,8,0,False,0.3319358102609176,0.012938598527455877,0.5672239170225747,True,True,True,False,False,True
44,dirichlet_a0.1,large_norm,8,1,False,0.30120182498585785,0.4558903440549617,0.5054057352043929,True,True,True,False,False,False
44,dirichlet_a0.1,large_norm,8,2,False,0.22413634476270725,-0.40446509796379443,0.4641854789505796,True,True,True,False,False,False
44,dirichlet_a0.1,large_norm,8,3,False,0.40042617320221074,0.5079051523908125,0.6514866788692292,True,True,True,False,False,True
44,dirichlet_a0.1,large_norm,8,4,False,0.23732674579635174,0.17845607273006092,0.6632580841976815,True,True,True,False,False,True
44,dirichlet_a0.1,large_norm,9,0,False,0.33666329763232644,-0.018669915844651476,0.5234377554690821,True,True,True,False,False,False
44,dirichlet_a0.1,large_norm,9,1,False,0.30880474057013363,0.43594688574001,0.5033272293253981,True,True,True,False,False,False
44,dirichlet_a0.1,large_norm,9,2,False,0.22071208533913295,-0.500065152271981,0.46930283509368564,True,True,True,False,False,False
44,dirichlet_a0.1,large_norm,9,3,False,0.3995795293722007,0.44578961783839766,0.674871652333148,True,True,True,False,False,True
44,dirichlet_a0.1,large_norm,9,4,False,0.2281320328321277,0.21233440490228592,0.7030100389130506,True,True,True,False,False,True
44,dirichlet_a0.1,large_norm,10,0,True,22740.684014053197,-0.0012624789485844422,0.8596935842643273,False,True,True,False,False,True
44,dirichlet_a0.1,large_norm,10,1,False,0.3160060449145616,0.5251491313915336,0.3360275924120867,True,True,False,False,False,False
44,dirichlet_a0.1,large_norm,10,2,False,0.2333130284057428,-0.4252078045295424,0.2834720451875734,True,True,False,False,False,False
44,dirichlet_a0.1,large_norm,10,3,False,0.40683350360588283,0.5038141192281695,0.3324285821399115,True,True,False,False,False,False
44,dirichlet_a0.1,large_norm,10,4,False,0.2240764649798719,0.19240825068096268,0.34844917647646895,True,True,False,False,False,False
44,dirichlet_a0.1,large_norm,11,0,True,22732.440331786434,-0.0005602680743229192,0.8564328677744928,False,True,True,False,False,True
44,dirichlet_a0.1,large_norm,11,1,False,0.26551888202755247,0.3255793238992131,0.32666428789886837,True,True,False,False,False,False
44,dirichlet_a0.1,large_norm,11,2,False,0.22879683265991038,-0.43662486116765314,0.2711540422061372,True,True,False,False,False,False
44,dirichlet_a0.1,large_norm,11,3,False,0.41626848536747224,0.47155532330029243,0.3513253134876134,True,True,False,False,False,False
44,dirichlet_a0.1,large_norm,11,4,False,0.2412019077866039,0.2757267225525887,0.386405342032827,True,True,True,False,False,False
44,dirichlet_a0.1,large_norm,12,0,True,22728.41906551898,-0.002116397909192643,0.8504416359505701,False,True,True,False,False,True
44,dirichlet_a0.1,large_norm,12,1,False,0.2567191278456635,0.19195677788413318,0.29881000036391425,True,True,False,False,False,False
44,dirichlet_a0.1,large_norm,12,2,False,0.24879040904277616,-0.27772790510209555,0.28303691650247204,True,True,False,False,False,False
44,dirichlet_a0.1,large_norm,12,3,False,0.4061309685654377,0.4661674513928084,0.38369560131632985,True,True,True,False,False,False
44,dirichlet_a0.1,large_norm,12,4,False,0.23060316221369206,0.2183359919384105,0.4064350439036563,True,True,True,False,False,False
44,dirichlet_a0.1,large_norm,13,0,True,22765.303348846915,-0.000986121234352064,0.8492764124755062,False,True,True,False,False,True
44,dirichlet_a0.1,large_norm,13,1,False,0.25827981903384717,0.22359964605792335,0.31070889124755063,True,True,False,False,False,False
44,dirichlet_a0.1,large_norm,13,2,False,0.2624726390741772,-0.14202819146443485,0.27974975506205096,True,True,False,False,False,False
44,dirichlet_a0.1,large_norm,13,3,False,0.40642551349638395,0.4881805980074654,0.3753929212932724,True,True,False,False,False,False
44,dirichlet_a0.1,large_norm,13,4,False,0.23909165250126269,0.30065308722164924,0.3624112099934683,True,True,False,False,False,False
44,dirichlet_a0.1,large_norm,14,0,True,22796.39927459595,0.005391738994299712,0.8504733517629072,False,True,True,False,False,True
44,dirichlet_a0.1,large_norm,14,1,False,0.2687151914521211,0.22878493127535937,0.3173902076158412,True,True,False,False,False,False
44,dirichlet_a0.1,large_norm,14,2,False,0.25304413746069926,-0.27834716823310784,0.291805017168332,True,True,False,False,False,False
44,dirichlet_a0.1,large_norm,14,3,False,0.4168710673661635,0.5207003953938667,0.35892881963212925,True,True,False,False,False,False
44,dirichlet_a0.1,large_norm,14,4,False,0.23009499826333032,0.2656172460800554,0.3761280392066017,True,True,False,False,False,False
44,dirichlet_a0.1,large_norm,15,0,True,22707.184802839492,-0.0012098396308081562,0.8598688941460924,False,True,True,False,False,True
44,dirichlet_a0.1,large_norm,15,1,False,0.27763429826519104,0.1485522897513636,0.3016737360999656,True,True,False,False,False,False
44,dirichlet_a0.1,large_norm,15,2,False,0.26556821138005665,-0.2150836906363045,0.2906214500849374,True,True,False,False,False,False
44,dirichlet_a0.1,large_norm,15,3,False,0.40209422629719177,0.5091738341909796,0.3845893301929069,True,True,True,False,False,False
44,dirichlet_a0.1,large_norm,15,4,False,0.23006073876947256,0.10047261712795066,0.34962950611236754,True,True,False,False,False,False
44,dirichlet_a0.1,large_norm,16,0,True,22739.132906804312,-0.0003553776880549329,0.8604965597363967,False,True,True,False,False,True
44,dirichlet_a0.1,large_norm,16,1,False,0.27331725558133135,0.30527172180998585,0.30361453023125384,True,True,False,False,False,False
44,dirichlet_a0.1,large_norm,16,2,False,0.2583620379854306,-0.1610050391948801,0.2923673220026641,True,True,False,False,False,False
44,dirichlet_a0.1,large_norm,16,3,False,0.4077211214881195,0.4253013223827441,0.3310414934850321,True,True,False,False,False,False
44,dirichlet_a0.1,large_norm,16,4,False,0.23906186289074083,0.22810500746188223,0.3542520055685198,True,True,False,False,False,False
44,dirichlet_a0.1,large_norm,17,0,True,22727.653585834738,-0.0011116909144991633,0.8546434689836994,False,True,True,False,False,True
44,dirichlet_a0.1,large_norm,17,1,False,0.28073436909919636,0.2701765665388141,0.31598978262430627,True,True,False,False,False,False
44,dirichlet_a0.1,large_norm,17,2,False,0.2722925177513923,-0.2394869816929931,0.30953724315507636,True,True,False,False,False,False
44,dirichlet_a0.1,large_norm,17,3,False,0.40502155623883646,0.4545981810813989,0.36248602291728643,True,True,False,False,False,False
44,dirichlet_a0.1,large_norm,17,4,False,0.22373390016729977,0.09876561370655368,0.3525558826848309,True,True,False,False,False,False
44,dirichlet_a0.1,large_norm,18,0,True,22655.631373123215,-0.0019341632290570123,0.8367249124274052,False,True,True,False,False,True
44,dirichlet_a0.1,large_norm,18,1,False,0.2997911807052747,0.41042322268615405,0.33599832758014103,True,True,False,False,False,False
44,dirichlet_a0.1,large_norm,18,2,False,0.25455208071514435,-0.2834415446614008,0.295299378451278,True,True,False,False,False,False
44,dirichlet_a0.1,large_norm,18,3,False,0.3964900956781763,0.34218816862317625,0.39084146173574746,True,True,True,False,False,False
44,dirichlet_a0.1,large_norm,18,4,False,0.24266085827799388,0.24668380212210075,0.4085344401217603,True,True,True,False,False,False
44,dirichlet_a0.1,large_norm,19,0,True,22726.835819940192,0.000745101793803281,0.8573560994927878,False,True,True,False,False,True
44,dirichlet_a0.1,large_norm,19,1,False,0.2864557461342975,0.2946134372530381,0.3313481485994547,True,True,False,False,False,False
44,dirichlet_a0.1,large_norm,19,2,False,0.25982380793365745,-0.17901416615278626,0.29181200148254205,True,True,False,False,False,False
44,dirichlet_a0.1,large_norm,19,3,False,0.4028938482975978,0.5128300162763763,0.3539061429028377,True,True,False,False,False,False
44,dirichlet_a0.1,large_norm,19,4,False,0.2390928922217055,0.14844789610006276,0.3559217908295635,True,True,False,False,False,False
44,dirichlet_a0.1,large_norm,20,0,True,22777.70414582745,-0.00022353905167576312,0.8504560221150548,False,True,True,False,False,True
44,dirichlet_a0.1,large_norm,20,1,False,0.26221957278767266,0.23115901523467747,0.30759296999535907,True,True,False,False,False,False
44,dirichlet_a0.1,large_norm,20,2,False,0.2673389797055888,-0.2101004287428021,0.2951633406646623,True,True,False,False,False,False
44,dirichlet_a0.1,large_norm,20,3,False,0.4007867513830473,0.48188900785335004,0.3717135131863032,True,True,False,False,False,False
44,dirichlet_a0.1,large_norm,20,4,False,0.2523260741710849,0.15909334491079843,0.37087612744405657,True,True,False,False,False,False
44,dirichlet_a0.1,large_norm,21,0,True,22723.518803020932,0.002821995522334937,0.8482785077203414,False,True,True,False,False,True
44,dirichlet_a0.1,large_norm,21,1,False,0.2825098846367301,0.24750679280363333,0.31654661733455147,True,True,False,False,False,False
44,dirichlet_a0.1,large_norm,21,2,False,0.2702697260531778,-0.17274247633929182,0.2946045943476703,True,True,False,False,False,False
44,dirichlet_a0.1,large_norm,21,3,False,0.3950752653953783,0.3833377567274178,0.36073856839278595,True,True,False,False,False,False
44,dirichlet_a0.1,large_norm,21,4,False,0.26775557448691345,0.38327734813371933,0.3576393270507236,True,True,False,False,False,False
44,dirichlet_a0.1,large_norm,22,0,True,22745.743099748866,-0.0009213179333585979,0.8561806454242539,False,True,True,False,False,True
44,dirichlet_a0.1,large_norm,22,1,False,0.2812588903200017,0.39973729263651886,0.3112332759305868,True,True,False,False,False,False
44,dirichlet_a0.1,large_norm,22,2,False,0.2874673383153829,-0.09197135530717804,0.3112230860939299,True,True,False,False,False,False
44,dirichlet_a0.1,large_norm,22,3,False,0.38560691942631525,0.2571296514314866,0.364215331628234,True,True,False,False,False,False
44,dirichlet_a0.1,large_norm,22,4,False,0.27978455784708745,0.25558091779371345,0.3481255795469599,True,True,False,False,False,False
44,dirichlet_a0.1,large_norm,23,0,True,22809.86884538535,0.0014333969942401518,0.8501364200924398,False,True,True,False,False,True
44,dirichlet_a0.1,large_norm,23,1,False,0.28611653432521666,0.2560175169134396,0.29632174780607984,True,True,False,False,False,False
44,dirichlet_a0.1,large_norm,23,2,False,0.26596478111090677,-0.14108178516369368,0.2914452385315497,True,True,False,False,False,False
44,dirichlet_a0.1,large_norm,23,3,False,0.3981750634143087,0.33172509243323267,0.36915378820271616,True,True,False,False,False,False
44,dirichlet_a0.1,large_norm,23,4,False,0.2675835177268258,0.3165103990378404,0.3788050007126423,True,True,True,False,False,False
44,dirichlet_a0.1,large_norm,24,0,True,22806.987971271483,-0.0037364088947533032,0.8415872725981391,False,True,True,False,False,True
44,dirichlet_a0.1,large_norm,24,1,False,0.27874386909347054,0.2801660853033759,0.29762375835793786,True,True,False,False,False,False
44,dirichlet_a0.1,large_norm,24,2,False,0.26377818091232785,-0.12971528403049584,0.2994044176584584,True,True,False,False,False,False
44,dirichlet_a0.1,large_norm,24,3,False,0.4143181830279495,0.5030271833289757,0.36294503799754463,True,True,False,False,False,False
44,dirichlet_a0.1,large_norm,24,4,False,0.2724136826083124,0.20180723767930805,0.38639292200610803,True,True,True,False,False,False
44,dirichlet_a0.1,low_norm,0,0,False,0.6202850469627662,-0.1454560943799668,0.6115093226874745,False,True,True,False,False,True
44,dirichlet_a0.1,low_norm,0,1,False,0.5435897827529352,0.282755472101064,0.5096251266464032,True,True,True,False,False,False
44,dirichlet_a0.1,low_norm,0,2,False,0.5871886251375423,0.07764566612750352,0.6271529888551165,False,True,True,False,False,True
44,dirichlet_a0.1,low_norm,0,3,False,0.6253392655186983,-0.007530483581230142,0.5524127084940041,False,True,True,False,False,True
44,dirichlet_a0.1,low_norm,0,4,False,0.47349651610409643,0.43947182160480114,0.6685191065946862,True,True,True,False,False,True
44,dirichlet_a0.1,low_norm,1,0,False,0.40505101258909604,-0.5083867730917704,0.596174308975279,True,True,True,False,False,True
44,dirichlet_a0.1,low_norm,1,1,False,0.42716759457784903,0.4078897500586313,0.5728968185230094,True,True,True,False,False,True
44,dirichlet_a0.1,low_norm,1,2,False,0.39669509921049545,-0.37427185783785605,0.6041341878861366,True,True,True,False,False,True
44,dirichlet_a0.1,low_norm,1,3,False,0.49533488418710814,0.15618873713804318,0.6413765228939315,True,True,True,False,False,True
44,dirichlet_a0.1,low_norm,1,4,False,0.3276427420662704,0.09357236834843494,0.6464164047742776,True,True,True,False,False,True
44,dirichlet_a0.1,low_norm,2,0,False,0.30136292244290336,-0.5445945930256234,0.5750944400991829,True,False,True,False,False,True
44,dirichlet_a0.1,low_norm,2,1,False,0.35908710762069646,0.3465999506097348,0.5877752076018039,True,True,True,False,False,True
44,dirichlet_a0.1,low_norm,2,2,False,0.27259269209102865,-0.5915742312229173,0.5531277562363748,True,False,True,False,False,True
44,dirichlet_a0.1,low_norm,2,3,False,0.4507438976073329,0.49551346897117626,0.6887470669484616,True,True,True,False,False,True
44,dirichlet_a0.1,low_norm,2,4,False,0.2554763514417664,0.1484039485202739,0.6349952571932569,True,True,True,False,False,True
44,dirichlet_a0.1,low_norm,3,0,False,0.2904131214206638,-0.2558883555260826,0.6188762581825861,True,True,True,False,False,True
44,dirichlet_a0.1,low_norm,3,1,False,0.3262031383879737,0.5420513258501946,0.6168086154712465,True,True,True,False,False,True
44,dirichlet_a0.1,low_norm,3,2,False,0.2257422846710867,-0.519335820334363,0.5572693038642923,True,True,True,False,False,True
44,dirichlet_a0.1,low_norm,3,3,False,0.41079129840428097,0.46010222919984134,0.6827004293658056,True,True,True,False,False,True
44,dirichlet_a0.1,low_norm,3,4,False,0.2266012848645923,0.19456582737630065,0.6667927782079257,True,True,True,False,False,True
44,dirichlet_a0.1,low_norm,4,0,False,0.3100524915758517,-0.2724040300269128,0.5360280915836472,True,True,True,False,False,True
44,dirichlet_a0.1,low_norm,4,1,False,0.30773422498399644,0.4060110548791852,0.5549756105311661,True,True,True,False,False,True
44,dirichlet_a0.1,low_norm,4,2,False,0.2196916319915724,-0.5725011613713608,0.486986986986987,True,False,True,False,False,False
44,dirichlet_a0.1,low_norm,4,3,False,0.3979029003814614,0.5300613914226628,0.6687481131925577,True,True,True,False,False,True
44,dirichlet_a0.1,low_norm,4,4,False,0.21407799821496276,0.2026365913376373,0.6795287350842907,True,True,True,False,False,True
44,dirichlet_a0.1,low_norm,5,0,False,0.32574631432648427,0.027389052385561895,0.6392745613955224,True,True,True,False,False,True
44,dirichlet_a0.1,low_norm,5,1,False,0.3086645612073987,0.5114479778571359,0.6374445769640468,True,True,True,False,False,True
44,dirichlet_a0.1,low_norm,5,2,False,0.21567537393604855,-0.5736748735162032,0.5481577246283129,True,False,True,False,False,True
44,dirichlet_a0.1,low_norm,5,3,False,0.41624212839352703,0.5026897014934604,0.6706210111346814,True,True,True,False,False,True
44,dirichlet_a0.1,low_norm,5,4,False,0.23026635719111455,0.2413720437254467,0.6538598104463887,True,True,True,False,False,True
44,dirichlet_a0.1,low_norm,6,0,False,0.3178182150132095,-0.11893221511781968,0.5913517900622238,True,True,True,False,False,True
44,dirichlet_a0.1,low_norm,6,1,False,0.311313557334039,0.3956719129173847,0.5832807286500136,True,True,True,False,False,True
44,dirichlet_a0.1,low_norm,6,2,False,0.22807206033642188,-0.6087126762932503,0.5544413382631437,True,False,True,False,False,True
44,dirichlet_a0.1,low_norm,6,3,False,0.3921268732728874,0.5335015701650032,0.686400937866354,True,True,True,False,False,True
44,dirichlet_a0.1,low_norm,6,4,False,0.22033679489676278,0.12207466560409666,0.6472991252592659,True,True,True,False,False,True
44,dirichlet_a0.1,low_norm,7,0,False,0.3218365266468655,-0.11834999028858156,0.5928073541028289,True,True,True,False,False,True
44,dirichlet_a0.1,low_norm,7,1,False,0.3133197901966939,0.534391078536482,0.553432695896737,True,True,True,False,False,True
44,dirichlet_a0.1,low_norm,7,2,False,0.21169187876117385,-0.6133360824573016,0.4820183852570724,True,False,True,False,False,False
44,dirichlet_a0.1,low_norm,7,3,False,0.40066514281983034,0.4629875591020654,0.7182316125728075,True,True,True,False,False,True
44,dirichlet_a0.1,low_norm,7,4,False,0.22608175633074615,0.3136934780414296,0.6016788048714855,True,True,True,False,False,True
44,dirichlet_a0.1,low_norm,8,0,False,0.3321053902983507,0.018798148115181407,0.5578535355629453,True,True,True,False,False,True
44,dirichlet_a0.1,low_norm,8,1,False,0.3012164329695342,0.45420475590862464,0.5224854671653302,True,True,True,False,False,False
44,dirichlet_a0.1,low_norm,8,2,False,0.22403681922576046,-0.4144293428167797,0.4684092247219896,True,True,True,False,False,False
44,dirichlet_a0.1,low_norm,8,3,False,0.3992649114283315,0.5085913139592103,0.6722669563558865,True,True,True,False,False,True
44,dirichlet_a0.1,low_norm,8,4,False,0.2367073843578691,0.1759374793732788,0.6486993009312624,True,True,True,False,False,True
44,dirichlet_a0.1,low_norm,9,0,False,0.3374844175669506,-0.02849876288276388,0.49492733753770224,True,True,True,False,False,False
44,dirichlet_a0.1,low_norm,9,1,False,0.3090899638399612,0.43832551219607163,0.5213001969239973,True,True,True,False,False,False
44,dirichlet_a0.1,low_norm,9,2,False,0.22056051140230543,-0.49523993644728076,0.4639346577926232,True,True,True,False,False,False
44,dirichlet_a0.1,low_norm,9,3,False,0.39848781622665025,0.44128661848569983,0.6956734883798223,True,True,True,False,False,True
44,dirichlet_a0.1,low_norm,9,4,False,0.22751797763634365,0.205848528627845,0.6986647389718407,True,True,True,False,False,True
44,dirichlet_a0.1,low_norm,10,0,True,0.0034028787096838046,0.03859129524666996,0.5493043059984679,True,True,True,True,False,True
44,dirichlet_a0.1,low_norm,10,1,False,0.3116256381781808,0.49647420566125144,0.5543015446010227,True,True,True,False,False,True
44,dirichlet_a0.1,low_norm,10,2,False,0.2224083589053795,-0.42042212200245827,0.4905934332187205,True,True,True,False,False,False
44,dirichlet_a0.1,low_norm,10,3,False,0.3959949075202479,0.42283123991906757,0.6911065186795176,True,True,True,False,False,True
44,dirichlet_a0.1,low_norm,10,4,False,0.24468230002286218,0.27309019794788814,0.5773280362010297,True,True,True,False,False,True
44,dirichlet_a0.1,low_norm,11,0,True,0.0038024054797933006,0.2842970194911959,0.6028252103562629,True,True,True,True,False,True
44,dirichlet_a0.1,low_norm,11,1,False,0.29386376434813083,0.39951216629091263,0.48169239818927373,True,True,True,False,False,False
44,dirichlet_a0.1,low_norm,11,2,False,0.22961212989937924,-0.4393956325433185,0.44823147287746906,True,True,True,False,False,False
44,dirichlet_a0.1,low_norm,11,3,False,0.3915941240851327,0.42326050443453966,0.6733020178856105,True,True,True,False,False,True
44,dirichlet_a0.1,low_norm,11,4,False,0.22367207359515612,0.1743795064337611,0.6686729013392895,True,True,True,False,False,True
44,dirichlet_a0.1,low_norm,12,0,True,0.003917922987918668,0.3393487671686767,0.6139252818634706,True,True,True,True,False,True
44,dirichlet_a0.1,low_norm,12,1,False,0.3047184103615271,0.46054389664403794,0.5659175681504851,True,True,True,False,False,True
44,dirichlet_a0.1,low_norm,12,2,False,0.23424078141671606,-0.42999724692977465,0.42695232214901335,True,True,True,False,False,False
44,dirichlet_a0.1,low_norm,12,3,False,0.39688057450208597,0.41333710000550616,0.6906902588999501,True,True,True,False,False,True
44,dirichlet_a0.1,low_norm,12,4,False,0.2159486116719002,0.09499067224114054,0.6396545745193731,True,True,True,False,False,True
44,dirichlet_a0.1,low_norm,13,0,True,0.00399811253914838,0.32249947617713187,0.6297852900867976,True,True,True,True,False,True
44,dirichlet_a0.1,low_norm,13,1,False,0.3014241680428011,0.40878085544189635,0.5192051164915487,True,True,True,False,False,False
44,dirichlet_a0.1,low_norm,13,2,False,0.22900311269450027,-0.4353051838295977,0.47463682046596617,True,True,True,False,False,False
44,dirichlet_a0.1,low_norm,13,3,False,0.3890469901891693,0.34988721799678973,0.6875468250342622,True,True,True,False,False,True
44,dirichlet_a0.1,low_norm,13,4,False,0.22407866074810848,0.26865666077905626,0.6212699862951119,True,True,True,False,False,True
44,dirichlet_a0.1,low_norm,14,0,True,0.00417305713379289,0.48814202184376504,0.7003452906196048,True,True,True,True,False,True
44,dirichlet_a0.1,low_norm,14,1,False,0.2998613606588329,0.4349642181362271,0.5847208900824861,True,True,True,False,False,True
44,dirichlet_a0.1,low_norm,14,2,False,0.24019179534721002,-0.3667533924669296,0.48761749472472665,True,True,True,False,False,False
44,dirichlet_a0.1,low_norm,14,3,False,0.39917774368992137,0.35716784928785644,0.6887972376750432,True,True,True,False,False,True
44,dirichlet_a0.1,low_norm,14,4,False,0.22625713739519002,0.17291893641755082,0.6156339919432189,True,True,True,False,False,True
44,dirichlet_a0.1,low_norm,15,0,True,0.004246964697761699,0.4855335612805149,0.6476243690031213,True,True,True,True,False,True
44,dirichlet_a0.1,low_norm,15,1,False,0.29895786849129885,0.41370775243795754,0.5999287118030133,True,True,True,False,False,True
44,dirichlet_a0.1,low_norm,15,2,False,0.23569493947127976,-0.4151760646525929,0.5065122731301298,True,True,True,False,False,False
44,dirichlet_a0.1,low_norm,15,3,False,0.398780477351174,0.4491953816032927,0.6792320141805711,True,True,True,False,False,True
44,dirichlet_a0.1,low_norm,15,4,False,0.22324743198649186,0.16485659042122464,0.653076952718585,True,True,True,False,False,True
44,dirichlet_a0.1,low_norm,16,0,True,0.004328573749178299,0.5608998745964846,0.6681937953892342,True,True,True,True,False,True
44,dirichlet_a0.1,low_norm,16,1,False,0.30744795540968467,0.5325513342706709,0.5905305777688007,True,True,True,False,False,True
44,dirichlet_a0.1,low_norm,16,2,False,0.23267651216983962,-0.32507247327136646,0.4785666412655276,True,True,True,False,False,False
44,dirichlet_a0.1,low_norm,16,3,False,0.39926107134064864,0.4101875048770758,0.76092325489584,True,True,True,False,False,True
44,dirichlet_a0.1,low_norm,16,4,False,0.23643940607920189,0.1568765359966303,0.6393833949999541,True,True,True,False,False,True
44,dirichlet_a0.1,low_norm,17,0,True,0.004300726885022402,0.5478893346468667,0.6666573821328431,True,True,True,True,False,True
44,dirichlet_a0.1,low_norm,17,1,False,0.2989909308615645,0.4574580236152111,0.5290141681986148,True,True,True,False,False,False
44,dirichlet_a0.1,low_norm,17,2,False,0.23749778747610292,-0.36245566223604214,0.515059513861809,True,True,True,False,False,False
44,dirichlet_a0.1,low_norm,17,3,False,0.40013672168507103,0.3829154814419325,0.6930904499285091,True,True,True,False,False,True
44,dirichlet_a0.1,low_norm,17,4,False,0.21713671194863637,0.09284941269218783,0.6194919503091749,True,True,True,False,False,True
44,dirichlet_a0.1,low_norm,18,0,True,0.004346502500061268,0.544506041744125,0.6457580118642283,True,True,True,True,False,True
44,dirichlet_a0.1,low_norm,18,1,False,0.3170807312226956,0.4307037120523773,0.5766787181017234,True,True,True,False,False,True
44,dirichlet_a0.1,low_norm,18,2,False,0.24241042915699598,-0.3648563067865715,0.4906367369862052,True,True,True,False,False,False
44,dirichlet_a0.1,low_norm,18,3,False,0.396476217467703,0.4062603478481482,0.6887833900803819,True,True,True,False,False,True
44,dirichlet_a0.1,low_norm,18,4,False,0.22040919066823425,0.11838765748531695,0.5750289585454035,True,True,True,False,False,True
44,dirichlet_a0.1,low_norm,19,0,True,0.004232946856543297,0.46680354898481186,0.649688634472416,True,True,True,True,False,True
44,dirichlet_a0.1,low_norm,19,1,False,0.31905517824660573,0.5099056055710481,0.6096180399974396,True,True,True,False,False,True
44,dirichlet_a0.1,low_norm,19,2,False,0.24356643767752464,-0.36201347994482147,0.4938687052497783,True,True,True,False,False,False
44,dirichlet_a0.1,low_norm,19,3,False,0.39446463238482166,0.4571933205806318,0.7352615744762566,True,True,True,False,False,True
44,dirichlet_a0.1,low_norm,19,4,False,0.22006072922107367,0.13256248965894238,0.6134403833316568,True,True,True,False,False,True
44,dirichlet_a0.1,low_norm,20,0,True,0.004335388550944351,0.5075977678971652,0.6246405855188638,True,True,True,True,False,True
44,dirichlet_a0.1,low_norm,20,1,False,0.3140134352873294,0.4268819784218146,0.5336934739043304,True,True,True,False,False,True
44,dirichlet_a0.1,low_norm,20,2,False,0.24316740993694252,-0.37072888777729474,0.5060643025180797,True,True,True,False,False,False
44,dirichlet_a0.1,low_norm,20,3,False,0.40270895600221995,0.4169895513366993,0.7261828003833755,True,True,True,False,False,True
44,dirichlet_a0.1,low_norm,20,4,False,0.23187895098882352,0.21783981393659077,0.5698527489762133,True,True,True,False,False,True
44,dirichlet_a0.1,low_norm,21,0,True,0.004315225440304389,0.5458734978180333,0.6430803028802434,True,True,True,True,False,True
44,dirichlet_a0.1,low_norm,21,1,False,0.31603947504064606,0.44532625388699326,0.5909045891218814,True,True,True,False,False,True
44,dirichlet_a0.1,low_norm,21,2,False,0.23789564599171176,-0.377223399178021,0.4773064906767987,True,True,True,False,False,False
44,dirichlet_a0.1,low_norm,21,3,False,0.3887427019001232,0.41986617958429273,0.6891065753103982,True,True,True,False,False,True
44,dirichlet_a0.1,low_norm,21,4,False,0.22413070205068192,0.2484173547556955,0.6164297225998722,True,True,True,False,False,True
44,dirichlet_a0.1,low_norm,22,0,True,0.0043174427858449025,0.5604937029280871,0.6525580347081361,True,True,True,True,False,True
44,dirichlet_a0.1,low_norm,22,1,False,0.31075730159313114,0.5000459186408628,0.5996754563894523,True,True,True,False,False,True
44,dirichlet_a0.1,low_norm,22,2,False,0.23765150069141747,-0.29226430384980584,0.506324092855533,True,True,True,False,False,False
44,dirichlet_a0.1,low_norm,22,3,False,0.4005822599314686,0.399509018013203,0.7192427315753888,True,True,True,False,False,True
44,dirichlet_a0.1,low_norm,22,4,False,0.22974284951890764,0.1571147611730539,0.6057876943881001,True,True,True,False,False,True
44,dirichlet_a0.1,low_norm,23,0,True,0.004377847066344886,0.5389804963157471,0.6742295875616795,True,True,True,True,False,True
44,dirichlet_a0.1,low_norm,23,1,False,0.30364439317122205,0.48678281882532576,0.5781584582441114,True,True,True,False,False,True
44,dirichlet_a0.1,low_norm,23,2,False,0.24699111305791124,-0.3527714583181417,0.5076529187226515,True,True,True,False,False,False
44,dirichlet_a0.1,low_norm,23,3,False,0.3994541627575988,0.38504854646402714,0.7395028395866307,True,True,True,False,False,True
44,dirichlet_a0.1,low_norm,23,4,False,0.21669313752560437,0.18254772838212652,0.6379759798901405,True,True,True,False,False,True
44,dirichlet_a0.1,low_norm,24,0,True,0.004277102667498882,0.5266071009192407,0.6561987640307732,True,True,True,True,False,True
44,dirichlet_a0.1,low_norm,24,1,False,0.32357204489207475,0.5011580292754488,0.5641046429922707,True,True,True,False,False,True
44,dirichlet_a0.1,low_norm,24,2,False,0.24159468571065912,-0.31865300174419003,0.5296920887159252,True,True,True,False,False,False
44,dirichlet_a0.1,low_norm,24,3,False,0.39714510932700237,0.4067394693474757,0.6648199196439832,True,True,True,False,False,True
44,dirichlet_a0.1,low_norm,24,4,False,0.23285797251891058,0.21680713273527868,0.684242293209376,True,True,True,False,False,True
44,dirichlet_a0.1,full_sign_flip,0,0,False,0.6202905196641108,-0.14553577524266553,0.6115345067440876,False,True,True,False,False,True
44,dirichlet_a0.1,full_sign_flip,0,1,False,0.5435898646265412,0.28277976376529745,0.5095717655597896,True,True,True,False,False,False
44,dirichlet_a0.1,full_sign_flip,0,2,False,0.5871885949850626,0.07764880118831448,0.6271925845279138,False,True,True,False,False,True
44,dirichlet_a0.1,full_sign_flip,0,3,False,0.6253392739856699,-0.007525141101870727,0.5523120425815037,False,True,True,False,False,True
44,dirichlet_a0.1,full_sign_flip,0,4,False,0.4734957535232582,0.4394176807443846,0.6686399927417892,True,True,True,False,False,True
44,dirichlet_a0.1,full_sign_flip,1,0,False,0.4054669795460103,-0.5082359575835274,0.5986630905714875,True,True,True,False,False,True
44,dirichlet_a0.1,full_sign_flip,1,1,False,0.4271569912669219,0.40817672340117406,0.5712646998143182,True,True,True,False,False,True
44,dirichlet_a0.1,full_sign_flip,1,2,False,0.39660439062062,-0.3739992230559821,0.604951516401898,True,True,True,False,False,True
44,dirichlet_a0.1,full_sign_flip,1,3,False,0.49548970021780403,0.1559725117254684,0.6414606973385599,True,True,True,False,False,True
44,dirichlet_a0.1,full_sign_flip,1,4,False,0.32749934326688707,0.09475088021158168,0.6493748710542604,True,True,True,False,False,True
44,dirichlet_a0.1,full_sign_flip,2,0,False,0.30140764013329874,-0.5463220723025632,0.5737258721002821,True,False,True,False,False,True
44,dirichlet_a0.1,full_sign_flip,2,1,False,0.3616281671312852,0.3595398327240493,0.5913135399239228,True,True,True,False,False,True
44,dirichlet_a0.1,full_sign_flip,2,2,False,0.27225241710848236,-0.5905121367020557,0.5544401994323337,True,False,True,False,False,True
44,dirichlet_a0.1,full_sign_flip,2,3,False,0.4512345011156327,0.48289537891766543,0.6880498747305249,True,True,True,False,False,True
44,dirichlet_a0.1,full_sign_flip,2,4,False,0.25589654431240194,0.1508954851358401,0.6436853363964009,True,True,True,False,False,True
44,dirichlet_a0.1,full_sign_flip,3,0,False,0.2913201736792202,-0.25536758636101997,0.6045499364856582,True,True,True,False,False,True
44,dirichlet_a0.1,full_sign_flip,3,1,False,0.32537472669000755,0.5410673761079319,0.6301422188268946,True,True,True,False,False,True
44,dirichlet_a0.1,full_sign_flip,3,2,False,0.22741064274864484,-0.520035111811166,0.5845806720972169,True,True,True,False,False,True
44,dirichlet_a0.1,full_sign_flip,3,3,False,0.4105990942093394,0.45672925372866935,0.7022820747426115,True,True,True,False,False,True
44,dirichlet_a0.1,full_sign_flip,3,4,False,0.22586458188478123,0.19398439170747234,0.6579019836017518,True,True,True,False,False,True
44,dirichlet_a0.1,full_sign_flip,4,0,False,0.3105485372481825,-0.26483161244825004,0.5299076387613855,True,True,True,False,False,False
44,dirichlet_a0.1,full_sign_flip,4,1,False,0.3074621246146243,0.40394907942136704,0.5776369253366754,True,True,True,False,False,True
44,dirichlet_a0.1,full_sign_flip,4,2,False,0.21955269566583602,-0.5762419043067349,0.4934181641108335,True,False,True,False,False,False
44,dirichlet_a0.1,full_sign_flip,4,3,False,0.3970770477164905,0.5331743220227558,0.6870255210786388,True,True,True,False,False,True
44,dirichlet_a0.1,full_sign_flip,4,4,False,0.2136566066903489,0.19845467483838547,0.6637396323112662,True,True,True,False,False,True
44,dirichlet_a0.1,full_sign_flip,5,0,False,0.32631243953902433,0.03548063560826723,0.6147103523839819,True,True,True,False,False,True
44,dirichlet_a0.1,full_sign_flip,5,1,False,0.3089934443970521,0.5130152911935696,0.6585197752094157,True,True,True,False,False,True
44,dirichlet_a0.1,full_sign_flip,5,2,False,0.21584248648993817,-0.5740315433192579,0.5446665252889408,True,False,True,False,False,True
44,dirichlet_a0.1,full_sign_flip,5,3,False,0.41604766644265634,0.5042716713252575,0.6403792457498321,True,True,True,False,False,True
44,dirichlet_a0.1,full_sign_flip,5,4,False,0.22974201148098342,0.23790584505958023,0.6481285123528788,True,True,True,False,False,True
44,dirichlet_a0.1,full_sign_flip,6,0,False,0.31720359918246116,-0.11829701847031383,0.5889977392614921,True,True,True,False,False,True
44,dirichlet_a0.1,full_sign_flip,6,1,False,0.31277480952607956,0.4020405605482282,0.5861341371514694,True,True,True,False,False,True
44,dirichlet_a0.1,full_sign_flip,6,2,False,0.22725927896636608,-0.6065923011684005,0.5423910634336628,True,False,True,False,False,True
44,dirichlet_a0.1,full_sign_flip,6,3,False,0.392748186174029,0.5340692209315022,0.6569085509109447,True,True,True,False,False,True
44,dirichlet_a0.1,full_sign_flip,6,4,False,0.2202124372528037,0.12549349470907634,0.6631410966798174,True,True,True,False,False,True
44,dirichlet_a0.1,full_sign_flip,7,0,False,0.32168126229932686,-0.11514938607833433,0.5690142057684029,True,True,True,False,False,True
44,dirichlet_a0.1,full_sign_flip,7,1,False,0.31432236974287175,0.5384330757950281,0.578071459319845,True,True,True,False,False,True
44,dirichlet_a0.1,full_sign_flip,7,2,False,0.21179054750179271,-0.6103541932301368,0.5043392165303486,True,False,True,False,False,False
44,dirichlet_a0.1,full_sign_flip,7,3,False,0.40048601707375364,0.4625816040591967,0.7022470942746448,True,True,True,False,False,True
44,dirichlet_a0.1,full_sign_flip,7,4,False,0.2266900932540566,0.3154217879790038,0.6143263021954369,True,True,True,False,False,True
44,dirichlet_a0.1,full_sign_flip,8,0,False,0.3318530793718381,0.005830805775597269,0.5804418204503013,True,True,True,False,False,True
44,dirichlet_a0.1,full_sign_flip,8,1,False,0.3013124667151705,0.4516253435002416,0.5280561694215887,True,True,True,False,False,False
44,dirichlet_a0.1,full_sign_flip,8,2,False,0.22315747715402656,-0.4128555106876984,0.4638299260370712,True,True,True,False,False,False
44,dirichlet_a0.1,full_sign_flip,8,3,False,0.39948238956865256,0.509116327885189,0.6679252052940169,True,True,True,False,False,True
44,dirichlet_a0.1,full_sign_flip,8,4,False,0.23688741188864568,0.17000055605162295,0.6569734728326905,True,True,True,False,False,True
44,dirichlet_a0.1,full_sign_flip,9,0,False,0.3351410558520333,-0.030532208727985195,0.5137362862456882,True,True,True,False,False,False
44,dirichlet_a0.1,full_sign_flip,9,1,False,0.30846976584533425,0.43315732663507667,0.5147604650591155,True,True,True,False,False,False
44,dirichlet_a0.1,full_sign_flip,9,2,False,0.22233991947142176,-0.508601547014972,0.49055707134019944,True,True,True,False,False,False
44,dirichlet_a0.1,full_sign_flip,9,3,False,0.39867811426295907,0.44071634439951773,0.6773590934788487,True,True,True,False,False,True
44,dirichlet_a0.1,full_sign_flip,9,4,False,0.2283121260354184,0.20963123365203043,0.684323509410155,True,True,True,False,False,True
44,dirichlet_a0.1,full_sign_flip,10,0,True,0.33954969669862284,-0.035287279630749714,0.5781491630266692,True,True,True,False,False,True
44,dirichlet_a0.1,full_sign_flip,10,1,False,0.31230616242245157,0.49710992218157096,0.5932969785760149,True,True,True,False,False,True
44,dirichlet_a0.1,full_sign_flip,10,2,False,0.22189150872900326,-0.42543340783604094,0.5187154652414154,True,True,True,False,False,False
44,dirichlet_a0.1,full_sign_flip,10,3,False,0.3971205829581511,0.4241578412529406,0.6109588793329535,True,True,True,False,False,True
44,dirichlet_a0.1,full_sign_flip,10,4,False,0.24609078449918426,0.2779622166215494,0.6371487741573745,True,True,True,False,False,True
44,dirichlet_a0.1,full_sign_flip,11,0,True,0.48216440621470513,-0.7523468832479923,0.4163264258018129,True,False,True,False,False,False
44,dirichlet_a0.1,full_sign_flip,11,1,False,0.2599975290851554,0.23865862188633433,0.5932345564885431,True,True,True,False,False,True
44,dirichlet_a0.1,full_sign_flip,11,2,False,0.28865258000329325,0.11053596445751807,0.5006548031738695,True,True,True,False,False,False
44,dirichlet_a0.1,full_sign_flip,11,3,False,0.40803522388672536,0.45449489096242895,0.6009466827585617,True,True,True,False,False,True
44,dirichlet_a0.1,full_sign_flip,11,4,False,0.23119528160127575,0.2929470977721338,0.74070650266629,True,True,True,False,False,True
44,dirichlet_a0.1,full_sign_flip,12,0,True,0.5297155208148067,-0.786587673116682,0.39259642764690655,True,False,True,False,False,False
44,dirichlet_a0.1,full_sign_flip,12,1,False,0.2688257848794636,0.3052315671069891,0.580153593925274,True,True,True,False,False,True
44,dirichlet_a0.1,full_sign_flip,12,2,False,0.33674641385529985,0.2646441426038886,0.5243765639830874,True,True,True,False,False,False
44,dirichlet_a0.1,full_sign_flip,12,3,False,0.44497073068086956,0.5264988439188907,0.6625938389852446,True,True,True,False,False,True
44,dirichlet_a0.1,full_sign_flip,12,4,False,0.26299234905708113,0.39998770027744446,0.7287427733195272,True,True,True,False,False,True
44,dirichlet_a0.1,full_sign_flip,13,0,True,0.5417571886091251,-0.7721334615229251,0.41603192869015654,True,False,True,False,False,False
44,dirichlet_a0.1,full_sign_flip,13,1,False,0.26010338597893873,0.2577896199422748,0.5477377755858769,True,True,True,False,False,True
44,dirichlet_a0.1,full_sign_flip,13,2,False,0.33830245070478726,0.28652830432176357,0.5428516631048277,True,True,True,False,False,True
44,dirichlet_a0.1,full_sign_flip,13,3,False,0.4430216734339734,0.4797523030523208,0.6739090726432498,True,True,True,False,False,True
44,dirichlet_a0.1,full_sign_flip,13,4,False,0.2599639431649311,0.490438823313077,0.714559701901474,True,True,True,False,False,True
44,dirichlet_a0.1,full_sign_flip,14,0,True,0.553785447595299,-0.8051996758223597,0.3987674547082468,False,False,True,False,False,False
44,dirichlet_a0.1,full_sign_flip,14,1,False,0.27622284197740077,0.3310962382578989,0.5990989274760444,True,True,True,False,False,True
44,dirichlet_a0.1,full_sign_flip,14,2,False,0.3557633482795793,0.3057962757591915,0.586554397729221,True,True,True,False,False,True
44,dirichlet_a0.1,full_sign_flip,14,3,False,0.45518154250591003,0.48304264219582493,0.6796144247804469,True,True,True,False,False,True
44,dirichlet_a0.1,full_sign_flip,14,4,False,0.27558341822874854,0.4470564972828378,0.6686034328386642,True,True,True,False,False,True
44,dirichlet_a0.1,full_sign_flip,15,0,True,0.5628448102235738,-0.8008722338655447,0.42607123063909225,False,False,True,False,False,False
44,dirichlet_a0.1,full_sign_flip,15,1,False,0.2696709880709233,0.3067139817426685,0.6258009314626297,True,True,True,False,False,True
44,dirichlet_a0.1,full_sign_flip,15,2,False,0.3568683681864156,0.31060622070086946,0.5802584371262725,True,True,True,False,False,True
44,dirichlet_a0.1,full_sign_flip,15,3,False,0.4560043963823563,0.511100809580146,0.6685723730906474,True,True,True,False,False,True
44,dirichlet_a0.1,full_sign_flip,15,4,False,0.27105640091260247,0.4480801631104887,0.7005415706521211,True,True,True,False,False,True
44,dirichlet_a0.1,full_sign_flip,16,0,True,0.5721430817057691,-0.8189361623248389,0.37998117059256703,False,False,True,False,False,False
44,dirichlet_a0.1,full_sign_flip,16,1,False,0.28838057615470514,0.4294208361300796,0.6239245332264469,True,True,True,False,False,True
44,dirichlet_a0.1,full_sign_flip,16,2,False,0.35537915203895426,0.3372995163572294,0.5677345985700836,True,True,True,False,False,True
44,dirichlet_a0.1,full_sign_flip,16,3,False,0.4587088126806238,0.5012700259399561,0.6947025978989364,True,True,True,False,False,True
44,dirichlet_a0.1,full_sign_flip,16,4,False,0.28512357251125514,0.42790580401345435,0.7045367686126828,True,True,True,False,False,True
44,dirichlet_a0.1,full_sign_flip,17,0,True,0.5627749831102822,-0.8218461546854287,0.4037195611453037,False,False,True,False,False,False
44,dirichlet_a0.1,full_sign_flip,17,1,False,0.2673590709286912,0.2976554142416828,0.6147712068504148,True,True,True,False,False,True
44,dirichlet_a0.1,full_sign_flip,17,2,False,0.36224358005730006,0.34313744886424896,0.531924003211132,True,True,True,False,False,True
44,dirichlet_a0.1,full_sign_flip,17,3,False,0.449349244762259,0.4768697727248571,0.6739184729283739,True,True,True,False,False,True
44,dirichlet_a0.1,full_sign_flip,17,4,False,0.2755370119431075,0.43422514154654446,0.7104986174293105,True,True,True,False,False,True
44,dirichlet_a0.1,full_sign_flip,18,0,True,0.5733688442835557,-0.8120799798671687,0.3575099234476893,False,False,False,False,False,False
44,dirichlet_a0.1,full_sign_flip,18,1,False,0.28622309891801884,0.3025978816712278,0.5555713070598242,True,True,True,False,False,True
44,dirichlet_a0.1,full_sign_flip,18,2,False,0.36557742229264073,0.3618904044943864,0.5386305642188829,True,True,True,False,False,True
44,dirichlet_a0.1,full_sign_flip,18,3,False,0.4506500907656977,0.4877048582012813,0.713504749078537,True,True,True,False,False,True
44,dirichlet_a0.1,full_sign_flip,18,4,False,0.2825475500907903,0.46391718205183075,0.6918503685851999,True,True,True,False,False,True
44,dirichlet_a0.1,full_sign_flip,19,0,True,0.5687507913143527,-0.7714642831350041,0.38813794378698224,False,False,True,False,False,False
44,dirichlet_a0.1,full_sign_flip,19,1,False,0.290968023529367,0.38583323393859636,0.5641087278106509,True,True,True,False,False,True
44,dirichlet_a0.1,full_sign_flip,19,2,False,0.37475469805398537,0.3394393185443737,0.5575258875739645,True,True,True,False,False,True
44,dirichlet_a0.1,full_sign_flip,19,3,False,0.4547474803696908,0.5337410189080831,0.714635724852071,True,True,True,False,False,True
44,dirichlet_a0.1,full_sign_flip,19,4,False,0.2865615207277484,0.46665490743612636,0.6591808431952663,True,True,True,False,False,True
44,dirichlet_a0.1,full_sign_flip,20,0,True,0.5618511140708783,-0.7934219375613252,0.33505612885232183,False,False,False,False,False,False
44,dirichlet_a0.1,full_sign_flip,20,1,False,0.2790834950986769,0.2788390556125908,0.6038645237763213,True,True,True,False,False,True
44,dirichlet_a0.1,full_sign_flip,20,2,False,0.36004844061491004,0.30864010677550263,0.5860061358248501,True,True,True,False,False,True
44,dirichlet_a0.1,full_sign_flip,20,3,False,0.4569746752610919,0.5218158986020051,0.6587644679960953,True,True,True,False,False,True
44,dirichlet_a0.1,full_sign_flip,20,4,False,0.29934991664987187,0.4918614646766006,0.6051631571607865,True,True,True,False,False,True
44,dirichlet_a0.1,full_sign_flip,21,0,True,0.560257692887555,-0.7988980698464927,0.34363068379035056,False,False,False,False,False,False
44,dirichlet_a0.1,full_sign_flip,21,1,False,0.27266093539420166,0.27756329185469053,0.5794551393301827,True,True,True,False,False,True
44,dirichlet_a0.1,full_sign_flip,21,2,False,0.36228945773220034,0.3350397227766282,0.5633104602212551,True,True,True,False,False,True
44,dirichlet_a0.1,full_sign_flip,21,3,False,0.44523612976785976,0.5033334708878445,0.7068503635667814,True,True,True,False,False,True
44,dirichlet_a0.1,full_sign_flip,21,4,False,0.29463275911344083,0.5353835472608582,0.6709030874251284,True,True,True,False,False,True
44,dirichlet_a0.1,full_sign_flip,22,0,True,0.5614940652330977,-0.811148224993306,0.3767367708806436,False,False,False,False,False,False
44,dirichlet_a0.1,full_sign_flip,22,1,False,0.2602233619520711,0.30447474154302145,0.6041042943079333,True,True,True,False,False,True
44,dirichlet_a0.1,full_sign_flip,22,2,False,0.35969292699414773,0.39177292860879936,0.5783551308313328,True,True,True,False,False,True
44,dirichlet_a0.1,full_sign_flip,22,3,False,0.46484565235012126,0.5492130392999548,0.6475386283796936,True,True,True,False,False,True
44,dirichlet_a0.1,full_sign_flip,22,4,False,0.3014913032319583,0.49351944335388614,0.6850964435010706,True,True,True,False,False,True
44,dirichlet_a0.1,full_sign_flip,23,0,True,0.5670599359903182,-0.7958763640085549,0.3744661438111508,False,False,False,False,False,False
44,dirichlet_a0.1,full_sign_flip,23,1,False,0.24748065602777475,0.2811818774878969,0.6013259046435782,True,True,True,False,False,True
44,dirichlet_a0.1,full_sign_flip,23,2,False,0.36594788605530065,0.36224966743428993,0.5648489672309365,True,True,True,False,False,True
44,dirichlet_a0.1,full_sign_flip,23,3,False,0.4622048081057315,0.529717017421861,0.6831806181084019,True,True,True,False,False,True
44,dirichlet_a0.1,full_sign_flip,23,4,False,0.29142224067686784,0.5148391540225589,0.676910234508464,True,True,True,False,False,True
44,dirichlet_a0.1,full_sign_flip,24,0,True,0.5699708214774809,-0.8031201768109629,0.3750152449035115,False,False,False,False,False,False
44,dirichlet_a0.1,full_sign_flip,24,1,False,0.2760552658772143,0.3327758359397387,0.6063249931984277,True,True,True,False,False,True
44,dirichlet_a0.1,full_sign_flip,24,2,False,0.3740418828751581,0.3682505434037354,0.5749158012252211,True,True,True,False,False,True
44,dirichlet_a0.1,full_sign_flip,24,3,False,0.457586081682474,0.5196352862629446,0.6461962793053952,True,True,True,False,False,True
44,dirichlet_a0.1,full_sign_flip,24,4,False,0.30989637317508173,0.5124820723844047,0.7231431707523008,True,True,True,False,False,True
44,dirichlet_a0.1,directional_poisoning,0,0,False,0.6202904826066732,-0.14553585658527562,0.6115345067440876,False,True,True,False,False,True
44,dirichlet_a0.1,directional_poisoning,0,1,False,0.5435898658024368,0.282779815569267,0.5095717655597896,True,True,True,False,False,False
44,dirichlet_a0.1,directional_poisoning,0,2,False,0.5871885940746122,0.07764791584902678,0.6271925845279138,False,True,True,False,False,True
44,dirichlet_a0.1,directional_poisoning,0,3,False,0.625339177999904,-0.007524923719421164,0.5523120425815037,False,True,True,False,False,True
44,dirichlet_a0.1,directional_poisoning,0,4,False,0.47348653788777173,0.4394864593036182,0.6686399927417892,True,True,True,False,False,True
44,dirichlet_a0.1,directional_poisoning,1,0,False,0.40547095470354483,-0.507741761583378,0.5964527305725128,True,True,True,False,False,True
44,dirichlet_a0.1,directional_poisoning,1,1,False,0.4271889231353761,0.4083784835002509,0.5763652862563934,True,True,True,False,False,True
44,dirichlet_a0.1,directional_poisoning,1,2,False,0.39660442196722534,-0.3750193084146959,0.6058818676786009,True,True,True,False,False,True
44,dirichlet_a0.1,directional_poisoning,1,3,False,0.49554920629640414,0.15647443049298956,0.6447038442501237,True,True,True,False,False,True
44,dirichlet_a0.1,directional_poisoning,1,4,False,0.3276241634357881,0.09195359647743936,0.647236429632074,True,True,True,False,False,True
44,dirichlet_a0.1,directional_poisoning,2,0,False,0.3021100093649185,-0.54394946555898,0.5724622717097709,True,False,True,False,False,True
44,dirichlet_a0.1,directional_poisoning,2,1,False,0.35924775356903976,0.346659206131081,0.591609327375003,True,True,True,False,False,True
44,dirichlet_a0.1,directional_poisoning,2,2,False,0.27253733957951765,-0.5954787919665837,0.5525305006484227,True,False,True,False,False,True
44,dirichlet_a0.1,directional_poisoning,2,3,False,0.45122468925375975,0.4969093968610185,0.6873528658632282,True,True,True,False,False,True
44,dirichlet_a0.1,directional_poisoning,2,4,False,0.2551067582846464,0.14973027268393702,0.6457464295449477,True,True,True,False,False,True
44,dirichlet_a0.1,directional_poisoning,3,0,False,0.2923906878162939,-0.24888502378932711,0.6245630533917703,True,True,True,False,False,True
44,dirichlet_a0.1,directional_poisoning,3,1,False,0.3254315131816286,0.5397670853533163,0.6168798906968078,True,True,True,False,False,True
44,dirichlet_a0.1,directional_poisoning,3,2,False,0.2281876921692265,-0.5049891356725071,0.5622549106588356,True,True,True,False,False,True
44,dirichlet_a0.1,directional_poisoning,3,3,False,0.409756131619982,0.4530793298040331,0.7124492077292972,True,True,True,False,False,True
44,dirichlet_a0.1,directional_poisoning,3,4,False,0.22705452084033464,0.1889652502811853,0.6606543996309243,True,True,True,False,False,True
44,dirichlet_a0.1,directional_poisoning,4,0,False,0.3110166886713669,-0.2692549033423294,0.5107541755922503,True,True,True,False,False,False
44,dirichlet_a0.1,directional_poisoning,4,1,False,0.30824879320270393,0.4047414488508203,0.5514390280533401,True,True,True,False,False,True
44,dirichlet_a0.1,directional_poisoning,4,2,False,0.2222581226655116,-0.5569717828825334,0.48722225296223987,True,False,True,False,False,False
44,dirichlet_a0.1,directional_poisoning,4,3,False,0.39629526015511973,0.5194987388441475,0.6815088254590582,True,True,True,False,False,True
44,dirichlet_a0.1,directional_poisoning,4,4,False,0.21497340966668366,0.20552805469607566,0.6913263088001644,True,True,True,False,False,True
44,dirichlet_a0.1,directional_poisoning,5,0,False,0.3278214701812772,0.036041971231697834,0.6473901648891639,True,True,True,False,False,True
44,dirichlet_a0.1,directional_poisoning,5,1,False,0.30893201665064385,0.5135030176253479,0.6361063589706257,True,True,True,False,False,True
44,dirichlet_a0.1,directional_poisoning,5,2,False,0.21883546131249765,-0.5487708847578157,0.5462090052051105,True,False,True,False,False,True
44,dirichlet_a0.1,directional_poisoning,5,3,False,0.41360511661020294,0.49561188436424713,0.670085174534998,True,True,True,False,False,True
44,dirichlet_a0.1,directional_poisoning,5,4,False,0.2290312006128068,0.23243002269862958,0.6823335638627016,True,True,True,False,False,True
44,dirichlet_a0.1,directional_poisoning,6,0,False,0.3188846965563793,-0.11299643268006465,0.5895727131124328,True,True,True,False,False,True
44,dirichlet_a0.1,directional_poisoning,6,1,False,0.3119901311333136,0.4037247914114367,0.5652612574341547,True,True,True,False,False,True
44,dirichlet_a0.1,directional_poisoning,6,2,False,0.228228719511755,-0.5824115672131552,0.5564376239025772,True,False,True,False,False,True
44,dirichlet_a0.1,directional_poisoning,6,3,False,0.3912984863119186,0.5299030467995426,0.685791914471821,True,True,True,False,False,True
44,dirichlet_a0.1,directional_poisoning,6,4,False,0.22063777461013467,0.12820580543891447,0.6424791135655622,True,True,True,False,False,True
44,dirichlet_a0.1,directional_poisoning,7,0,False,0.32317684124668467,-0.11366686255630486,0.5782837917519337,True,True,True,False,False,True
44,dirichlet_a0.1,directional_poisoning,7,1,False,0.3121948296864806,0.5324364103153607,0.5657191911484166,True,True,True,False,False,True
44,dirichlet_a0.1,directional_poisoning,7,2,False,0.2159303692537709,-0.581931397986355,0.4692345045263779,True,False,True,False,False,False
44,dirichlet_a0.1,directional_poisoning,7,3,False,0.39863425542984043,0.4544328085004354,0.7055946724012347,True,True,True,False,False,True
44,dirichlet_a0.1,directional_poisoning,7,4,False,0.22605933060916536,0.30694332181300094,0.6039506087197808,True,True,True,False,False,True
44,dirichlet_a0.1,directional_poisoning,8,0,False,0.3345555214031273,0.029815424410995276,0.5592816339949862,True,True,True,False,False,True
44,dirichlet_a0.1,directional_poisoning,8,1,False,0.30150360868089027,0.4589145349571456,0.5100563021411252,True,True,True,False,False,False
44,dirichlet_a0.1,directional_poisoning,8,2,False,0.22737622381365216,-0.3764317998921817,0.4650639049849998,True,True,True,False,False,False
44,dirichlet_a0.1,directional_poisoning,8,3,False,0.39842798255637624,0.499741065637877,0.6643570459869313,True,True,True,False,False,True
44,dirichlet_a0.1,directional_poisoning,8,4,False,0.23580137061945833,0.1742286205161098,0.6469157111741257,True,True,True,False,False,True
44,dirichlet_a0.1,directional_poisoning,9,0,False,0.3382019338547922,-0.03307005863389764,0.5002965382209331,True,True,True,False,False,False
44,dirichlet_a0.1,directional_poisoning,9,1,False,0.3094015012888133,0.4459221137111162,0.4905798337761096,True,True,True,False,False,False
44,dirichlet_a0.1,directional_poisoning,9,2,False,0.22357286393648573,-0.4746948807773985,0.4747048835376603,True,True,True,False,False,False
44,dirichlet_a0.1,directional_poisoning,9,3,False,0.3967304750089832,0.4246511022617825,0.701130094973474,True,True,True,False,False,True
44,dirichlet_a0.1,directional_poisoning,9,4,False,0.22733410034814186,0.20194841319208937,0.662848229301226,True,True,True,False,False,True
44,dirichlet_a0.1,directional_poisoning,10,0,True,0.3426205722550123,-0.05674708183650772,0.5780265469631047,True,True,True,False,False,True
44,dirichlet_a0.1,directional_poisoning,10,1,False,0.3129472691298443,0.49565613820760446,0.5853853724945499,True,True,True,False,False,True
44,dirichlet_a0.1,directional_poisoning,10,2,False,0.22460236991787766,-0.40399512709995206,0.4969414881384931,True,True,True,False,False,False
44,dirichlet_a0.1,directional_poisoning,10,3,False,0.39630453349688843,0.4170714234307344,0.609549915833433,True,True,True,False,False,True
44,dirichlet_a0.1,directional_poisoning,10,4,False,0.24625323850949885,0.2762720101143894,0.6017495607701011,True,True,True,False,False,True
44,dirichlet_a0.1,directional_poisoning,11,0,True,0.4836802789895516,-0.7514431937481367,0.37261604893846706,True,False,False,False,False,False
44,dirichlet_a0.1,directional_poisoning,11,1,False,0.2585558046783801,0.23848422243008796,0.5493754176733666,True,True,True,False,False,True
44,dirichlet_a0.1,directional_poisoning,11,2,False,0.2932068872818986,0.1402944989014715,0.4603574427252009,True,True,True,False,False,False
44,dirichlet_a0.1,directional_poisoning,11,3,False,0.40618591712951496,0.4402848201022967,0.6283949348001165,True,True,True,False,False,True
44,dirichlet_a0.1,directional_poisoning,11,4,False,0.22904331836209296,0.28059027704966244,0.757312496787128,True,True,True,False,False,True
44,dirichlet_a0.1,directional_poisoning,12,0,True,0.5285990184666555,-0.7894350674689207,0.3888453593560795,True,False,True,False,False,False
44,dirichlet_a0.1,directional_poisoning,12,1,False,0.2694776547719162,0.3134062513311325,0.5252243749554811,True,True,True,False,False,False
44,dirichlet_a0.1,directional_poisoning,12,2,False,0.3386055009083244,0.2763413531792834,0.5134357860246457,True,True,True,False,False,False
44,dirichlet_a0.1,directional_poisoning,12,3,False,0.4409158247504844,0.5172046383229886,0.6639806966308142,True,True,True,False,False,True
44,dirichlet_a0.1,directional_poisoning,12,4,False,0.26209714377299437,0.40627105173444,0.7415681316333073,True,True,True,False,False,True
44,dirichlet_a0.1,directional_poisoning,13,0,True,0.5363762218025343,-0.7712483787488533,0.4036578624366386,True,False,True,False,False,False
44,dirichlet_a0.1,directional_poisoning,13,1,False,0.2603026262574673,0.2588859574515951,0.5435729745430015,True,True,True,False,False,True
44,dirichlet_a0.1,directional_poisoning,13,2,False,0.33901019146400524,0.2960766533876545,0.5261643976801057,True,True,True,False,False,False
44,dirichlet_a0.1,directional_poisoning,13,3,False,0.43737022366301054,0.4660934058021969,0.6408848579111581,True,True,True,False,False,True
44,dirichlet_a0.1,directional_poisoning,13,4,False,0.26194829960677446,0.4991697475065846,0.7258570772704701,True,True,True,False,False,True
44,dirichlet_a0.1,directional_poisoning,14,0,True,0.5497248450259227,-0.8050737130399622,0.39818808011231077,False,False,True,False,False,False
44,dirichlet_a0.1,directional_poisoning,14,1,False,0.27737193860435844,0.33674441641695907,0.6271929381583864,True,True,True,False,False,True
44,dirichlet_a0.1,directional_poisoning,14,2,False,0.35604104397570646,0.31125433928420143,0.5831170274009958,True,True,True,False,False,True
44,dirichlet_a0.1,directional_poisoning,14,3,False,0.448772459799529,0.46599707711085375,0.6969427639353203,True,True,True,False,False,True
44,dirichlet_a0.1,directional_poisoning,14,4,False,0.2773066317701242,0.45438377821861275,0.6738847198796093,True,True,True,False,False,True
44,dirichlet_a0.1,directional_poisoning,15,0,True,0.558276562976361,-0.7978662536429678,0.3874341983633515,False,False,True,False,False,False
44,dirichlet_a0.1,directional_poisoning,15,1,False,0.26985542931311174,0.3057034902418661,0.5904583977970439,True,True,True,False,False,True
44,dirichlet_a0.1,directional_poisoning,15,2,False,0.3568182892126752,0.30968349665205774,0.590039991826488,True,True,True,False,False,True
44,dirichlet_a0.1,directional_poisoning,15,3,False,0.45033175505746065,0.49871990538427013,0.6546593883488533,True,True,True,False,False,True
44,dirichlet_a0.1,directional_poisoning,15,4,False,0.27107128826198573,0.4527193248964867,0.7202420916406379,True,True,True,False,False,True
44,dirichlet_a0.1,directional_poisoning,16,0,True,0.5665043927958832,-0.8127956310642241,0.38649596929704916,False,False,True,False,False,False
44,dirichlet_a0.1,directional_poisoning,16,1,False,0.29039807263938183,0.43300428969090554,0.6131559886745243,True,True,True,False,False,True
44,dirichlet_a0.1,directional_poisoning,16,2,False,0.35522127191681147,0.3357468583257558,0.5611001890714803,True,True,True,False,False,True
44,dirichlet_a0.1,directional_poisoning,16,3,False,0.45284087481721746,0.49130449938109005,0.6970435240666359,True,True,True,False,False,True
44,dirichlet_a0.1,directional_poisoning,16,4,False,0.282591883236083,0.4231569617464059,0.66928482066429,True,True,True,False,False,True
44,dirichlet_a0.1,directional_poisoning,17,0,True,0.5558989266982801,-0.8198395148814634,0.3941807408491144,False,False,True,False,False,False
44,dirichlet_a0.1,directional_poisoning,17,1,False,0.2679274786500131,0.2974379968409178,0.5806823273378993,True,True,True,False,False,True
44,dirichlet_a0.1,directional_poisoning,17,2,False,0.36117016516098177,0.34529911292417287,0.5413630087508344,True,True,True,False,False,True
44,dirichlet_a0.1,directional_poisoning,17,3,False,0.44273432181467937,0.46783400215489934,0.6957599144119019,True,True,True,False,False,True
44,dirichlet_a0.1,directional_poisoning,17,4,False,0.27486897095315665,0.435815161215799,0.6915262296431086,True,True,True,False,False,True
44,dirichlet_a0.1,directional_poisoning,18,0,True,0.5643899265289759,-0.8082258840253891,0.3559279505332019,False,False,False,False,False,False
44,dirichlet_a0.1,directional_poisoning,18,1,False,0.2847118719655502,0.2910644706365732,0.5723362308450578,True,True,True,False,False,True
44,dirichlet_a0.1,directional_poisoning,18,2,False,0.36363317638640735,0.3581150704038181,0.5490276906532844,True,True,True,False,False,True
44,dirichlet_a0.1,directional_poisoning,18,3,False,0.44497377274031524,0.4838557186733192,0.7217313379335066,True,True,True,False,False,True
44,dirichlet_a0.1,directional_poisoning,18,4,False,0.28207651864144623,0.4672308807731309,0.6573348866385876,True,True,True,False,False,True
44,dirichlet_a0.1,directional_poisoning,19,0,True,0.5595484114480015,-0.7645650857602652,0.4040117717153845,False,False,True,False,False,False
44,dirichlet_a0.1,directional_poisoning,19,1,False,0.288946916340026,0.3797297486878034,0.5978839799953057,True,True,True,False,False,True
44,dirichlet_a0.1,directional_poisoning,19,2,False,0.37161120811477083,0.3344308863986207,0.5750627403542348,True,True,True,False,False,True
44,dirichlet_a0.1,directional_poisoning,19,3,False,0.44981612851211544,0.5348346759608978,0.677839565240941,True,True,True,False,False,True
44,dirichlet_a0.1,directional_poisoning,19,4,False,0.28799702508140285,0.47644623657607404,0.6480762633831043,True,True,True,False,False,True
44,dirichlet_a0.1,directional_poisoning,20,0,True,0.5540047168202548,-0.7883247232635637,0.36284854355497126,False,False,False,False,False,False
44,dirichlet_a0.1,directional_poisoning,20,1,False,0.27407295978195517,0.26591267636430715,0.5785909499757835,True,True,True,False,False,True
44,dirichlet_a0.1,directional_poisoning,20,2,False,0.35774504678915986,0.3097530023286361,0.5634210890472566,True,True,True,False,False,True
44,dirichlet_a0.1,directional_poisoning,20,3,False,0.45385945389266136,0.5243486746356952,0.6893637999031343,True,True,True,False,False,True
44,dirichlet_a0.1,directional_poisoning,20,4,False,0.3027482212458558,0.513255128991001,0.6350238704767176,True,True,True,False,False,True
44,dirichlet_a0.1,directional_poisoning,21,0,True,0.5533174828952027,-0.7933778172217466,0.37205733713130573,False,False,False,False,False,False
44,dirichlet_a0.1,directional_poisoning,21,1,False,0.26886929018909983,0.26880412632804496,0.5836809703206837,True,True,True,False,False,True
44,dirichlet_a0.1,directional_poisoning,21,2,False,0.3581077181826237,0.33109469849527656,0.556886887806671,True,True,True,False,False,True
44,dirichlet_a0.1,directional_poisoning,21,3,False,0.442721126460258,0.5071942086893828,0.7238812827345401,True,True,True,False,False,True
44,dirichlet_a0.1,directional_poisoning,21,4,False,0.29772436935752394,0.552084724391049,0.6575209041624552,True,True,True,False,False,True
44,dirichlet_a0.1,directional_poisoning,22,0,True,0.5556616860590206,-0.8090201989623176,0.35756882227618225,False,False,False,False,False,False
44,dirichlet_a0.1,directional_poisoning,22,1,False,0.25650987916846396,0.29755191505886236,0.6289318708308912,True,True,True,False,False,True
44,dirichlet_a0.1,directional_poisoning,22,2,False,0.3562478651105046,0.38936953016821657,0.5667476066873204,True,True,True,False,False,True
44,dirichlet_a0.1,directional_poisoning,22,3,False,0.4631637778645018,0.5537204529207148,0.6905207141328719,True,True,True,False,False,True
44,dirichlet_a0.1,directional_poisoning,22,4,False,0.30325827522009163,0.5048479063957441,0.6803241322206406,True,True,True,False,False,True
44,dirichlet_a0.1,directional_poisoning,23,0,True,0.5600338021461487,-0.7909820472942228,0.39702837178719685,False,False,True,False,False,False
44,dirichlet_a0.1,directional_poisoning,23,1,False,0.24417722388339605,0.27307013549076764,0.5946494990038961,True,True,True,False,False,True
44,dirichlet_a0.1,directional_poisoning,23,2,False,0.36355508147239673,0.36297186210797294,0.543480180967055,True,True,True,False,False,True
44,dirichlet_a0.1,directional_poisoning,23,3,False,0.46012756925065396,0.5340920326950545,0.6880477344769719,True,True,True,False,False,True
44,dirichlet_a0.1,directional_poisoning,23,4,False,0.293378467518462,0.5262766472677243,0.7215717832713426,True,True,True,False,False,True
44,dirichlet_a0.1,directional_poisoning,24,0,True,0.5655918045119687,-0.7994660612262757,0.37733752835843193,False,False,False,False,False,False
44,dirichlet_a0.1,directional_poisoning,24,1,False,0.27309857766061785,0.3303578763512635,0.6060908776876325,True,True,True,False,False,True
44,dirichlet_a0.1,directional_poisoning,24,2,False,0.3720340011044324,0.3667172712932726,0.5493553416549187,True,True,True,False,False,True
44,dirichlet_a0.1,directional_poisoning,24,3,False,0.455965837531399,0.5250600872447034,0.6680919793485263,True,True,True,False,False,True
44,dirichlet_a0.1,directional_poisoning,24,4,False,0.3100971122926118,0.5224189905839046,0.7240712905303843,True,True,True,False,False,True
44,dirichlet_a0.1,sparse_coordinate_attack,0,0,False,0.6202850440928112,-0.14545682961352854,0.611557188652997,False,True,True,False,False,True
44,dirichlet_a0.1,sparse_coordinate_attack,0,1,False,0.5435898632207099,0.28277838776534747,0.5095642049234863,True,True,True,False,False,False
44,dirichlet_a0.1,sparse_coordinate_attack,0,2,False,0.5871885961324519,0.07764806153502705,0.6272152664368233,False,True,True,False,False,True
44,dirichlet_a0.1,sparse_coordinate_attack,0,3,False,0.6253392646146771,-0.007526256366548307,0.5523044819452005,False,True,True,False,False,True
44,dirichlet_a0.1,sparse_coordinate_attack,0,4,False,0.4734957407035046,0.4394173285667789,0.668632432105486,True,True,True,False,False,True
44,dirichlet_a0.1,sparse_coordinate_attack,1,0,False,0.40537536480067515,-0.5077869169786979,0.5988380249725599,True,True,True,False,False,True
44,dirichlet_a0.1,sparse_coordinate_attack,1,1,False,0.4271531479099063,0.40820660683651855,0.5713401500334233,True,True,True,False,False,True
44,dirichlet_a0.1,sparse_coordinate_attack,1,2,False,0.396614025071,-0.3750098340813375,0.6050192699693826,True,True,True,False,False,True
44,dirichlet_a0.1,sparse_coordinate_attack,1,3,False,0.49545032697105207,0.15458173822441942,0.6417188647636024,True,True,True,False,False,True
44,dirichlet_a0.1,sparse_coordinate_attack,1,4,False,0.32750027703296675,0.09399694177321143,0.6491462619560463,True,True,True,False,False,True
44,dirichlet_a0.1,sparse_coordinate_attack,2,0,False,0.30053018122169756,-0.5469126190425943,0.5709352589476474,True,False,True,False,False,True
44,dirichlet_a0.1,sparse_coordinate_attack,2,1,False,0.3626767401132347,0.36316763711746286,0.5868927938521672,True,True,True,False,False,True
44,dirichlet_a0.1,sparse_coordinate_attack,2,2,False,0.27237170679413625,-0.5886825372742405,0.5564186223687043,True,False,True,False,False,True
44,dirichlet_a0.1,sparse_coordinate_attack,2,3,False,0.4510897642018336,0.48470626490306146,0.6807250865367098,True,True,True,False,False,True
44,dirichlet_a0.1,sparse_coordinate_attack,2,4,False,0.2557650674566268,0.15097847351079255,0.644371387402905,True,True,True,False,False,True
44,dirichlet_a0.1,sparse_coordinate_attack,3,0,False,0.2909217855688383,-0.2545288562882829,0.6280927676141318,True,True,True,False,False,True
44,dirichlet_a0.1,sparse_coordinate_attack,3,1,False,0.325566097010497,0.5413755201381966,0.6188618086689979,True,True,True,False,False,True
44,dirichlet_a0.1,sparse_coordinate_attack,3,2,False,0.22562935765308179,-0.520404828040435,0.5653345782209265,True,True,True,False,False,True
44,dirichlet_a0.1,sparse_coordinate_attack,3,3,False,0.41023954747080216,0.4581966664070698,0.6805189771956558,True,True,True,False,False,True
44,dirichlet_a0.1,sparse_coordinate_attack,3,4,False,0.22576590212005385,0.19472186394381605,0.6655186689098131,True,True,True,False,False,True
44,dirichlet_a0.1,sparse_coordinate_attack,4,0,False,0.3105337985082978,-0.2703167833343828,0.5453280428749772,True,True,True,False,False,True
44,dirichlet_a0.1,sparse_coordinate_attack,4,1,False,0.30739272009519514,0.3990268028175682,0.5814282647243582,True,True,True,False,False,True
44,dirichlet_a0.1,sparse_coordinate_attack,4,2,False,0.22105760586871082,-0.565742756230922,0.49392896048854573,True,False,True,False,False,False
44,dirichlet_a0.1,sparse_coordinate_attack,4,3,False,0.3965762382473529,0.5308210783322839,0.6917486343142946,True,True,True,False,False,True
44,dirichlet_a0.1,sparse_coordinate_attack,4,4,False,0.21411953089992902,0.2016539580759257,0.6701203075675289,True,True,True,False,False,True
44,dirichlet_a0.1,sparse_coordinate_attack,5,0,False,0.3259503500243526,0.028302471072561584,0.6248302358827734,True,True,True,False,False,True
44,dirichlet_a0.1,sparse_coordinate_attack,5,1,False,0.30892527255542707,0.5125456705323735,0.6317190850607577,True,True,True,False,False,True
44,dirichlet_a0.1,sparse_coordinate_attack,5,2,False,0.21595491278017,-0.5701613415887615,0.52921729807005,True,False,True,False,False,False
44,dirichlet_a0.1,sparse_coordinate_attack,5,3,False,0.41607800423289476,0.5021516522872338,0.6692637598284489,True,True,True,False,False,True
44,dirichlet_a0.1,sparse_coordinate_attack,5,4,False,0.22883722337639195,0.23697474490624176,0.6557362401715511,True,True,True,False,False,True
44,dirichlet_a0.1,sparse_coordinate_attack,6,0,False,0.3169336646765569,-0.12420214161740399,0.5867373444750675,True,True,True,False,False,True
44,dirichlet_a0.1,sparse_coordinate_attack,6,1,False,0.3125427378280592,0.39883372431337877,0.5656308610776017,True,True,True,False,False,True
44,dirichlet_a0.1,sparse_coordinate_attack,6,2,False,0.22783179225127742,-0.6109740442400573,0.5336849613003778,True,False,True,False,False,True
44,dirichlet_a0.1,sparse_coordinate_attack,6,3,False,0.3929937227488775,0.5335098461891808,0.6607641304252115,True,True,True,False,False,True
44,dirichlet_a0.1,sparse_coordinate_attack,6,4,False,0.22051693639270092,0.12801647864072335,0.6764641136949995,True,True,True,False,False,True
44,dirichlet_a0.1,sparse_coordinate_attack,7,0,False,0.3215147800315956,-0.11433828111511696,0.5699476494065205,True,True,True,False,False,True
44,dirichlet_a0.1,sparse_coordinate_attack,7,1,False,0.31374305407934433,0.5354319630499258,0.5806682907444842,True,True,True,False,False,True
44,dirichlet_a0.1,sparse_coordinate_attack,7,2,False,0.21157832421690062,-0.6079681305864276,0.4716045543288585,True,False,True,False,False,False
44,dirichlet_a0.1,sparse_coordinate_attack,7,3,False,0.4009296874254496,0.46611325248322677,0.7165033950137355,True,True,True,False,False,True
44,dirichlet_a0.1,sparse_coordinate_attack,7,4,False,0.22592372581595854,0.31211637025626193,0.6004768568911004,True,True,True,False,False,True
44,dirichlet_a0.1,sparse_coordinate_attack,8,0,False,0.33198046687281324,0.018084934879013134,0.5760338057167526,True,True,True,False,False,True
44,dirichlet_a0.1,sparse_coordinate_attack,8,1,False,0.3011723491316874,0.45793597470077113,0.5081484064323845,True,True,True,False,False,False
44,dirichlet_a0.1,sparse_coordinate_attack,8,2,False,0.22390710565218883,-0.4040616617554529,0.4715034079682532,True,True,True,False,False,False
44,dirichlet_a0.1,sparse_coordinate_attack,8,3,False,0.399023564401637,0.5043828972385899,0.6584892032577022,True,True,True,False,False,True
44,dirichlet_a0.1,sparse_coordinate_attack,8,4,False,0.236701599865601,0.17962575377252973,0.6629888836309598,True,True,True,False,False,True
44,dirichlet_a0.1,sparse_coordinate_attack,9,0,False,0.3356614929536588,-0.023988289900374,0.5143316856318216,True,True,True,False,False,False
44,dirichlet_a0.1,sparse_coordinate_attack,9,1,False,0.30965297320854335,0.44123745786172297,0.5108980526158644,True,True,True,False,False,False
44,dirichlet_a0.1,sparse_coordinate_attack,9,2,False,0.2205422305334813,-0.49027604306742334,0.4725724048701191,True,True,True,False,False,False
44,dirichlet_a0.1,sparse_coordinate_attack,9,3,False,0.39833278444881737,0.43808908680842273,0.6842467571243738,True,True,True,False,False,True
44,dirichlet_a0.1,sparse_coordinate_attack,9,4,False,0.22748788327903532,0.21208762429345612,0.6816010350661845,True,True,True,False,False,True
44,dirichlet_a0.1,sparse_coordinate_attack,10,0,True,29.30057023566579,0.0202576217839247,0.01955059203444564,False,True,False,False,False,False
44,dirichlet_a0.1,sparse_coordinate_attack,10,1,False,0.3063288127115459,0.49036501663747223,0.6142895586652314,True,True,True,False,False,True
44,dirichlet_a0.1,sparse_coordinate_attack,10,2,False,0.23146246583147662,-0.43589611453094645,0.5311356297093649,True,True,True,False,False,False
44,dirichlet_a0.1,sparse_coordinate_attack,10,3,False,0.4000932487130221,0.4602367776093186,0.6935145317545748,True,True,True,False,False,True
44,dirichlet_a0.1,sparse_coordinate_attack,10,4,False,0.23174634465595892,0.16543034881905963,0.7893299246501615,True,True,True,False,False,True
44,dirichlet_a0.1,sparse_coordinate_attack,11,0,True,29.43834056742176,-0.01590259535180502,0.019620284054858706,False,True,False,False,False,False
44,dirichlet_a0.1,sparse_coordinate_attack,11,1,False,0.27076263335088635,0.26845753583602805,0.5473790814583435,True,True,True,False,False,True
44,dirichlet_a0.1,sparse_coordinate_attack,11,2,False,0.25168569903933086,-0.15294170978633304,0.4961686758748597,True,True,True,False,False,False
44,dirichlet_a0.1,sparse_coordinate_attack,11,3,False,0.3897214972979795,0.30613582086611346,0.646078383522866,True,True,True,False,False,True
44,dirichlet_a0.1,sparse_coordinate_attack,11,4,False,0.2032646352860105,0.08931459826409455,0.7967079896529845,True,True,True,False,False,True
44,dirichlet_a0.1,sparse_coordinate_attack,12,0,True,32.57011096939106,-0.008677882773238525,0.020940519303497215,False,True,False,False,False,False
44,dirichlet_a0.1,sparse_coordinate_attack,12,1,False,0.279228345442432,0.2831983596786242,0.6036802929267282,True,True,True,False,False,True
44,dirichlet_a0.1,sparse_coordinate_attack,12,2,False,0.2527304589554026,-0.250939776301937,0.5516296721946786,True,True,True,False,False,True
44,dirichlet_a0.1,sparse_coordinate_attack,12,3,False,0.3954272920962443,0.4929648312200935,0.7522818083414627,True,True,True,False,False,True
44,dirichlet_a0.1,sparse_coordinate_attack,12,4,False,0.20924905921969975,0.038319133061020125,0.6751613636059922,True,True,True,False,False,True
44,dirichlet_a0.1,sparse_coordinate_attack,13,0,True,35.52177740392417,-0.010167859659331728,0.019737005027116714,False,True,False,False,False,False
44,dirichlet_a0.1,sparse_coordinate_attack,13,1,False,0.2692730842976221,0.2925258157428452,0.5634952081424432,True,True,True,False,False,True
44,dirichlet_a0.1,sparse_coordinate_attack,13,2,False,0.2533889869242569,-0.2249756832825375,0.4947376241301602,True,True,True,False,False,False
44,dirichlet_a0.1,sparse_coordinate_attack,13,3,False,0.40355940704778315,0.4521865716522392,0.763366434709393,True,True,True,False,False,True
44,dirichlet_a0.1,sparse_coordinate_attack,13,4,False,0.21687241992708206,0.12945507019495847,0.6537480498254129,True,True,True,False,False,True
44,dirichlet_a0.1,sparse_coordinate_attack,14,0,True,33.84312002118747,-0.0294773666122821,0.018480133519974157,False,True,False,False,False,False
44,dirichlet_a0.1,sparse_coordinate_attack,14,1,False,0.26695945384125375,0.3359320409549867,0.5790755895337568,True,True,True,False,False,True
44,dirichlet_a0.1,sparse_coordinate_attack,14,2,False,0.25141490597591926,-0.20838802621533564,0.5640815117906751,True,True,True,False,False,True
44,dirichlet_a0.1,sparse_coordinate_attack,14,3,False,0.39428378720215945,0.40053057526656144,0.7639173037579412,True,True,True,False,False,True
44,dirichlet_a0.1,sparse_coordinate_attack,14,4,False,0.2056903219101233,0.05901009399563353,0.6738720792505654,True,True,True,False,False,True
44,dirichlet_a0.1,sparse_coordinate_attack,15,0,True,35.7703589126485,0.028487319841526994,0.018835146749565695,False,True,False,False,False,False
44,dirichlet_a0.1,sparse_coordinate_attack,15,1,False,0.27995338402273284,0.4043767714288495,0.6418970989694223,True,True,True,False,False,True
44,dirichlet_a0.1,sparse_coordinate_attack,15,2,False,0.2523237400755552,-0.2271280353437655,0.4779842996904348,True,True,True,False,False,False
44,dirichlet_a0.1,sparse_coordinate_attack,15,3,False,0.4020552259836034,0.44450464161005554,0.7729071696338772,True,True,True,False,False,True
44,dirichlet_a0.1,sparse_coordinate_attack,15,4,False,0.23512297555982326,0.24045520624857136,0.7614127666244335,True,True,True,False,False,True
44,dirichlet_a0.1,sparse_coordinate_attack,16,0,True,40.871906925232565,0.024852112880948296,0.019396040962442778,False,True,False,False,False,False
44,dirichlet_a0.1,sparse_coordinate_attack,16,1,False,0.2765688929224385,0.3339998973791255,0.5702934976487758,True,True,True,False,False,True
44,dirichlet_a0.1,sparse_coordinate_attack,16,2,False,0.25039163178570667,-0.21079061765221038,0.5216350051764354,True,True,True,False,False,False
44,dirichlet_a0.1,sparse_coordinate_attack,16,3,False,0.38485439159514867,0.4313978571558755,0.6806077010390291,True,True,True,False,False,True
44,dirichlet_a0.1,sparse_coordinate_attack,16,4,False,0.22820799327820374,0.2083342152977018,0.7941774457097953,True,True,True,False,False,True
44,dirichlet_a0.1,sparse_coordinate_attack,17,0,True,37.576398555992334,-0.014155283455286055,0.017883000289603244,False,True,False,False,False,False
44,dirichlet_a0.1,sparse_coordinate_attack,17,1,False,0.27768882016796026,0.2679266199765076,0.5768534607587605,True,True,True,False,False,True
44,dirichlet_a0.1,sparse_coordinate_attack,17,2,False,0.24985408597489733,-0.209233589278616,0.49121536827879136,True,True,True,False,False,False
44,dirichlet_a0.1,sparse_coordinate_attack,17,3,False,0.40550284963475514,0.5759165713645987,0.7368471860218168,True,True,True,False,False,True
44,dirichlet_a0.1,sparse_coordinate_attack,17,4,False,0.21703566887780282,-0.004105901675301695,0.7168404286128005,True,True,True,False,False,True
44,dirichlet_a0.1,sparse_coordinate_attack,18,0,True,37.865325577137384,0.02263949787915412,0.020337846896366807,False,True,False,False,False,False
44,dirichlet_a0.1,sparse_coordinate_attack,18,1,False,0.2877988503907618,0.31406065626669777,0.5609331009518702,True,True,True,False,False,True
44,dirichlet_a0.1,sparse_coordinate_attack,18,2,False,0.24932309173912864,-0.2076056405016013,0.5324306207266389,True,True,True,False,False,True
44,dirichlet_a0.1,sparse_coordinate_attack,18,3,False,0.397513516035176,0.42239659547312564,0.7738838986459311,True,True,True,False,False,True
44,dirichlet_a0.1,sparse_coordinate_attack,18,4,False,0.22949797987069925,0.22327483636371676,0.663078160611342,True,True,True,False,False,True
44,dirichlet_a0.1,sparse_coordinate_attack,19,0,True,40.73086712223397,-0.018484946160307724,0.019605342041149533,False,True,False,False,False,False
44,dirichlet_a0.1,sparse_coordinate_attack,19,1,False,0.2682910460139106,0.13172815747788735,0.5460923249614144,True,True,True,False,False,True
44,dirichlet_a0.1,sparse_coordinate_attack,19,2,False,0.2587793942892543,-0.1850605698378111,0.5461433473219639,True,True,True,False,False,True
44,dirichlet_a0.1,sparse_coordinate_attack,19,3,False,0.39067057127224825,0.49004245953103387,0.755462581476332,True,True,True,False,False,True
44,dirichlet_a0.1,sparse_coordinate_attack,19,4,False,0.21786072780754204,0.10624168273720519,0.63493501026825,True,True,True,False,False,True
44,dirichlet_a0.1,sparse_coordinate_attack,20,0,True,37.97982317191431,-0.0010049537044957318,0.02035587732939047,False,True,False,False,False,False
44,dirichlet_a0.1,sparse_coordinate_attack,20,1,False,0.2745295037899948,0.3434622966384674,0.5346190124149183,True,True,True,False,False,True
44,dirichlet_a0.1,sparse_coordinate_attack,20,2,False,0.24138105329406648,-0.2815335816040511,0.5304382185739415,True,True,True,False,False,False
44,dirichlet_a0.1,sparse_coordinate_attack,20,3,False,0.39445685594969215,0.47376323018491034,0.718293522318811,True,True,True,False,False,True
44,dirichlet_a0.1,sparse_coordinate_attack,20,4,False,0.21171765915645455,0.006949007355457703,0.7058276187319958,True,True,True,False,False,True
44,dirichlet_a0.1,sparse_coordinate_attack,21,0,True,34.65574887819337,0.00799047796694939,0.021702525724976614,False,True,False,False,False,False
44,dirichlet_a0.1,sparse_coordinate_attack,21,1,False,0.281831872824929,0.40314574565538386,0.5826406521448617,True,True,True,False,False,True
44,dirichlet_a0.1,sparse_coordinate_attack,21,2,False,0.24314945830510476,-0.30532391531753045,0.4520379526927703,True,True,True,False,False,False
44,dirichlet_a0.1,sparse_coordinate_attack,21,3,False,0.3905014659380331,0.4519174615819799,0.766510757717493,True,True,True,False,False,True
44,dirichlet_a0.1,sparse_coordinate_attack,21,4,False,0.2105631896826947,0.05536343347853385,0.6998930910062809,True,True,True,False,False,True
44,dirichlet_a0.1,sparse_coordinate_attack,22,0,True,37.697607973537956,-0.032252647939838106,0.020834749045243888,False,True,False,False,False,False
44,dirichlet_a0.1,sparse_coordinate_attack,22,1,False,0.2752521372338585,0.32555536703490245,0.5966376275839573,True,True,True,False,False,True
44,dirichlet_a0.1,sparse_coordinate_attack,22,2,False,0.24558451971167486,-0.31701266975461384,0.5268758749099607,True,True,True,False,False,False
44,dirichlet_a0.1,sparse_coordinate_attack,22,3,False,0.39594249131977816,0.5071418991801355,0.7864744016635181,True,True,True,False,False,True
44,dirichlet_a0.1,sparse_coordinate_attack,22,4,False,0.2316409294379152,0.1711308829812799,0.6732083882629555,True,True,True,False,False,True
44,dirichlet_a0.1,sparse_coordinate_attack,23,0,True,42.53180171250222,0.010950790818239466,0.01929132340277867,False,True,False,False,False,False
44,dirichlet_a0.1,sparse_coordinate_attack,23,1,False,0.28177564521648985,0.46571374563054974,0.563625380749804,True,True,True,False,False,True
44,dirichlet_a0.1,sparse_coordinate_attack,23,2,False,0.25497647728129264,-0.2647448717573845,0.5224208618761808,True,True,True,False,False,False
44,dirichlet_a0.1,sparse_coordinate_attack,23,3,False,0.4016553210155865,0.4224884610990668,0.7245492050843755,True,True,True,False,False,True
44,dirichlet_a0.1,sparse_coordinate_attack,23,4,False,0.23264050616338103,0.1582109265564239,0.7807909314071999,True,True,True,False,False,True
44,dirichlet_a0.1,sparse_coordinate_attack,24,0,True,35.949951018853355,0.011469333341293825,0.020139099679305293,False,True,False,False,False,False
44,dirichlet_a0.1,sparse_coordinate_attack,24,1,False,0.2851739342326871,0.3417406649494747,0.5706122233513257,True,True,True,False,False,True
44,dirichlet_a0.1,sparse_coordinate_attack,24,2,False,0.24802229198696082,-0.29596730386975373,0.5680783392501286,True,True,True,False,False,True
44,dirichlet_a0.1,sparse_coordinate_attack,24,3,False,0.39688307841902953,0.519219899277028,0.7620920380610507,True,True,True,False,False,True
44,dirichlet_a0.1,sparse_coordinate_attack,24,4,False,0.20082121883440696,-0.032382844589924666,0.6933472345030551,True,True,True,False,False,True
