partition,seed,round,ref_fraction_of_pool,ref_n_samples,ref_class_counts,client_id,cos_ref_at_size
iid,42,0,0.1,899,"[89, 93, 111, 107, 68, 124, 76, 99, 132]",0,0.5464420622084188
iid,42,0,0.1,899,"[89, 93, 111, 107, 68, 124, 76, 99, 132]",1,0.5172813157065035
iid,42,0,0.1,899,"[89, 93, 111, 107, 68, 124, 76, 99, 132]",2,0.5443751982425801
iid,42,0,0.1,899,"[89, 93, 111, 107, 68, 124, 76, 99, 132]",3,0.5824691112678511
iid,42,0,0.1,899,"[89, 93, 111, 107, 68, 124, 76, 99, 132]",4,0.5248904501885007
iid,42,0,0.25,2249,"[212, 213, 271, 284, 204, 307, 193, 241, 324]",0,0.9106104927673843
iid,42,0,0.25,2249,"[212, 213, 271, 284, 204, 307, 193, 241, 324]",1,0.9018414533459056
iid,42,0,0.25,2249,"[212, 213, 271, 284, 204, 307, 193, 241, 324]",2,0.8692885444980122
iid,42,0,0.25,2249,"[212, 213, 271, 284, 204, 307, 193, 241, 324]",3,0.8908223797905603
iid,42,0,0.25,2249,"[212, 213, 271, 284, 204, 307, 193, 241, 324]",4,0.9119351609824791
iid,42,0,0.5,4499,"[446, 469, 542, 539, 397, 586, 390, 480, 650]",0,0.9465593984088533
iid,42,0,0.5,4499,"[446, 469, 542, 539, 397, 586, 390, 480, 650]",1,0.9467325606875718
iid,42,0,0.5,4499,"[446, 469, 542, 539, 397, 586, 390, 480, 650]",2,0.9364806192456044
iid,42,0,0.5,4499,"[446, 469, 542, 539, 397, 586, 390, 480, 650]",3,0.9473982437820192
iid,42,0,0.5,4499,"[446, 469, 542, 539, 397, 586, 390, 480, 650]",4,0.9495837421807586
iid,42,0,1.0,8999,"[928, 941, 1099, 1067, 810, 1159, 778, 913, 1304]",0,0.9508821958236214
iid,42,0,1.0,8999,"[928, 941, 1099, 1067, 810, 1159, 778, 913, 1304]",1,0.9670062072609604
iid,42,0,1.0,8999,"[928, 941, 1099, 1067, 810, 1159, 778, 913, 1304]",2,0.9617496934950885
iid,42,0,1.0,8999,"[928, 941, 1099, 1067, 810, 1159, 778, 913, 1304]",3,0.9574203252103866
iid,42,0,1.0,8999,"[928, 941, 1099, 1067, 810, 1159, 778, 913, 1304]",4,0.9754330589166376
iid,42,1,0.1,899,"[89, 93, 111, 107, 68, 124, 76, 99, 132]",0,0.5436995888631511
iid,42,1,0.1,899,"[89, 93, 111, 107, 68, 124, 76, 99, 132]",1,0.5485745642244287
iid,42,1,0.1,899,"[89, 93, 111, 107, 68, 124, 76, 99, 132]",2,0.6500691030630678
iid,42,1,0.1,899,"[89, 93, 111, 107, 68, 124, 76, 99, 132]",3,0.6492646019726749
iid,42,1,0.1,899,"[89, 93, 111, 107, 68, 124, 76, 99, 132]",4,0.6257508369550322
iid,42,1,0.25,2249,"[212, 213, 271, 284, 204, 307, 193, 241, 324]",0,0.9330894606849818
iid,42,1,0.25,2249,"[212, 213, 271, 284, 204, 307, 193, 241, 324]",1,0.9228617269111148
iid,42,1,0.25,2249,"[212, 213, 271, 284, 204, 307, 193, 241, 324]",2,0.8628382745350709
iid,42,1,0.25,2249,"[212, 213, 271, 284, 204, 307, 193, 241, 324]",3,0.8977594218202904
iid,42,1,0.25,2249,"[212, 213, 271, 284, 204, 307, 193, 241, 324]",4,0.9382072707972005
iid,42,1,0.5,4499,"[446, 469, 542, 539, 397, 586, 390, 480, 650]",0,0.9278607388936487
iid,42,1,0.5,4499,"[446, 469, 542, 539, 397, 586, 390, 480, 650]",1,0.9642797187411387
iid,42,1,0.5,4499,"[446, 469, 542, 539, 397, 586, 390, 480, 650]",2,0.9136323339302692
iid,42,1,0.5,4499,"[446, 469, 542, 539, 397, 586, 390, 480, 650]",3,0.9218466233999586
iid,42,1,0.5,4499,"[446, 469, 542, 539, 397, 586, 390, 480, 650]",4,0.9530433242719516
iid,42,1,1.0,8999,"[928, 941, 1099, 1067, 810, 1159, 778, 913, 1304]",0,0.9399454337001668
iid,42,1,1.0,8999,"[928, 941, 1099, 1067, 810, 1159, 778, 913, 1304]",1,0.967009069729504
iid,42,1,1.0,8999,"[928, 941, 1099, 1067, 810, 1159, 778, 913, 1304]",2,0.9486508345223352
iid,42,1,1.0,8999,"[928, 941, 1099, 1067, 810, 1159, 778, 913, 1304]",3,0.9486872098275055
iid,42,1,1.0,8999,"[928, 941, 1099, 1067, 810, 1159, 778, 913, 1304]",4,0.9755856592142387
iid,42,2,0.1,899,"[89, 93, 111, 107, 68, 124, 76, 99, 132]",0,0.4861374390053601
iid,42,2,0.1,899,"[89, 93, 111, 107, 68, 124, 76, 99, 132]",1,0.622257685468367
iid,42,2,0.1,899,"[89, 93, 111, 107, 68, 124, 76, 99, 132]",2,0.4901281870769461
iid,42,2,0.1,899,"[89, 93, 111, 107, 68, 124, 76, 99, 132]",3,0.49913513799978954
iid,42,2,0.1,899,"[89, 93, 111, 107, 68, 124, 76, 99, 132]",4,0.6012065455733274
iid,42,2,0.25,2249,"[212, 213, 271, 284, 204, 307, 193, 241, 324]",0,0.8399449968393751
iid,42,2,0.25,2249,"[212, 213, 271, 284, 204, 307, 193, 241, 324]",1,0.8760851608349327
iid,42,2,0.25,2249,"[212, 213, 271, 284, 204, 307, 193, 241, 324]",2,0.7656052494402361
iid,42,2,0.25,2249,"[212, 213, 271, 284, 204, 307, 193, 241, 324]",3,0.8052398433114444
iid,42,2,0.25,2249,"[212, 213, 271, 284, 204, 307, 193, 241, 324]",4,0.8887900872756014
iid,42,2,0.5,4499,"[446, 469, 542, 539, 397, 586, 390, 480, 650]",0,0.9423079260933883
iid,42,2,0.5,4499,"[446, 469, 542, 539, 397, 586, 390, 480, 650]",1,0.9639219765847208
iid,42,2,0.5,4499,"[446, 469, 542, 539, 397, 586, 390, 480, 650]",2,0.9047129723706397
iid,42,2,0.5,4499,"[446, 469, 542, 539, 397, 586, 390, 480, 650]",3,0.9316085695476789
iid,42,2,0.5,4499,"[446, 469, 542, 539, 397, 586, 390, 480, 650]",4,0.9583631900356557
iid,42,2,1.0,8999,"[928, 941, 1099, 1067, 810, 1159, 778, 913, 1304]",0,0.9034807615014157
iid,42,2,1.0,8999,"[928, 941, 1099, 1067, 810, 1159, 778, 913, 1304]",1,0.9540155869283699
iid,42,2,1.0,8999,"[928, 941, 1099, 1067, 810, 1159, 778, 913, 1304]",2,0.9188215310474329
iid,42,2,1.0,8999,"[928, 941, 1099, 1067, 810, 1159, 778, 913, 1304]",3,0.929074665799176
iid,42,2,1.0,8999,"[928, 941, 1099, 1067, 810, 1159, 778, 913, 1304]",4,0.9532669061706387
iid,42,3,0.1,899,"[89, 93, 111, 107, 68, 124, 76, 99, 132]",0,0.5134384633419595
iid,42,3,0.1,899,"[89, 93, 111, 107, 68, 124, 76, 99, 132]",1,0.4228152685257409
iid,42,3,0.1,899,"[89, 93, 111, 107, 68, 124, 76, 99, 132]",2,0.2963031195433733
iid,42,3,0.1,899,"[89, 93, 111, 107, 68, 124, 76, 99, 132]",3,0.40536513050255907
iid,42,3,0.1,899,"[89, 93, 111, 107, 68, 124, 76, 99, 132]",4,0.3387828433188884
iid,42,3,0.25,2249,"[212, 213, 271, 284, 204, 307, 193, 241, 324]",0,0.8173115715835084
iid,42,3,0.25,2249,"[212, 213, 271, 284, 204, 307, 193, 241, 324]",1,0.8102457315751472
iid,42,3,0.25,2249,"[212, 213, 271, 284, 204, 307, 193, 241, 324]",2,0.6769478142650033
iid,42,3,0.25,2249,"[212, 213, 271, 284, 204, 307, 193, 241, 324]",3,0.7455905860262748
iid,42,3,0.25,2249,"[212, 213, 271, 284, 204, 307, 193, 241, 324]",4,0.8253829204654934
iid,42,3,0.5,4499,"[446, 469, 542, 539, 397, 586, 390, 480, 650]",0,0.9060004674758173
iid,42,3,0.5,4499,"[446, 469, 542, 539, 397, 586, 390, 480, 650]",1,0.9359875243397692
iid,42,3,0.5,4499,"[446, 469, 542, 539, 397, 586, 390, 480, 650]",2,0.8529640911069907
iid,42,3,0.5,4499,"[446, 469, 542, 539, 397, 586, 390, 480, 650]",3,0.8783641456030492
iid,42,3,0.5,4499,"[446, 469, 542, 539, 397, 586, 390, 480, 650]",4,0.9248932953561558
iid,42,3,1.0,8999,"[928, 941, 1099, 1067, 810, 1159, 778, 913, 1304]",0,0.8486915545091266
iid,42,3,1.0,8999,"[928, 941, 1099, 1067, 810, 1159, 778, 913, 1304]",1,0.9334744613725477
iid,42,3,1.0,8999,"[928, 941, 1099, 1067, 810, 1159, 778, 913, 1304]",2,0.8816023813342877
iid,42,3,1.0,8999,"[928, 941, 1099, 1067, 810, 1159, 778, 913, 1304]",3,0.8713473309549252
iid,42,3,1.0,8999,"[928, 941, 1099, 1067, 810, 1159, 778, 913, 1304]",4,0.9382883536842412
iid,42,4,0.1,899,"[89, 93, 111, 107, 68, 124, 76, 99, 132]",0,0.4088727404647853
iid,42,4,0.1,899,"[89, 93, 111, 107, 68, 124, 76, 99, 132]",1,0.32792242405780503
iid,42,4,0.1,899,"[89, 93, 111, 107, 68, 124, 76, 99, 132]",2,0.2331957412599122
iid,42,4,0.1,899,"[89, 93, 111, 107, 68, 124, 76, 99, 132]",3,0.3380024849446647
iid,42,4,0.1,899,"[89, 93, 111, 107, 68, 124, 76, 99, 132]",4,0.26285497420425685
iid,42,4,0.25,2249,"[212, 213, 271, 284, 204, 307, 193, 241, 324]",0,0.8298654771917637
iid,42,4,0.25,2249,"[212, 213, 271, 284, 204, 307, 193, 241, 324]",1,0.8103084612306115
iid,42,4,0.25,2249,"[212, 213, 271, 284, 204, 307, 193, 241, 324]",2,0.673594310653765
iid,42,4,0.25,2249,"[212, 213, 271, 284, 204, 307, 193, 241, 324]",3,0.72542236857602
iid,42,4,0.25,2249,"[212, 213, 271, 284, 204, 307, 193, 241, 324]",4,0.8360096311000161
iid,42,4,0.5,4499,"[446, 469, 542, 539, 397, 586, 390, 480, 650]",0,0.8969445047493133
iid,42,4,0.5,4499,"[446, 469, 542, 539, 397, 586, 390, 480, 650]",1,0.9152078795680733
iid,42,4,0.5,4499,"[446, 469, 542, 539, 397, 586, 390, 480, 650]",2,0.8248532029166665
iid,42,4,0.5,4499,"[446, 469, 542, 539, 397, 586, 390, 480, 650]",3,0.8574998859577053
iid,42,4,0.5,4499,"[446, 469, 542, 539, 397, 586, 390, 480, 650]",4,0.8977196420336271
iid,42,4,1.0,8999,"[928, 941, 1099, 1067, 810, 1159, 778, 913, 1304]",0,0.9068486735186702
iid,42,4,1.0,8999,"[928, 941, 1099, 1067, 810, 1159, 778, 913, 1304]",1,0.9391199214767545
iid,42,4,1.0,8999,"[928, 941, 1099, 1067, 810, 1159, 778, 913, 1304]",2,0.9058565965770843
iid,42,4,1.0,8999,"[928, 941, 1099, 1067, 810, 1159, 778, 913, 1304]",3,0.9060428000247999
iid,42,4,1.0,8999,"[928, 941, 1099, 1067, 810, 1159, 778, 913, 1304]",4,0.9556947722045893
iid,42,5,0.1,899,"[89, 93, 111, 107, 68, 124, 76, 99, 132]",0,0.23960713273747336
iid,42,5,0.1,899,"[89, 93, 111, 107, 68, 124, 76, 99, 132]",1,0.21124884455347853
iid,42,5,0.1,899,"[89, 93, 111, 107, 68, 124, 76, 99, 132]",2,0.26834281275060934
iid,42,5,0.1,899,"[89, 93, 111, 107, 68, 124, 76, 99, 132]",3,0.22228522578006377
iid,42,5,0.1,899,"[89, 93, 111, 107, 68, 124, 76, 99, 132]",4,0.34985228897333376
iid,42,5,0.25,2249,"[212, 213, 271, 284, 204, 307, 193, 241, 324]",0,0.8318655343601002
iid,42,5,0.25,2249,"[212, 213, 271, 284, 204, 307, 193, 241, 324]",1,0.8435776300306116
iid,42,5,0.25,2249,"[212, 213, 271, 284, 204, 307, 193, 241, 324]",2,0.7306029629553702
iid,42,5,0.25,2249,"[212, 213, 271, 284, 204, 307, 193, 241, 324]",3,0.8071830005797735
iid,42,5,0.25,2249,"[212, 213, 271, 284, 204, 307, 193, 241, 324]",4,0.8412662558190173
iid,42,5,0.5,4499,"[446, 469, 542, 539, 397, 586, 390, 480, 650]",0,0.9035155304360968
iid,42,5,0.5,4499,"[446, 469, 542, 539, 397, 586, 390, 480, 650]",1,0.9420937248504221
iid,42,5,0.5,4499,"[446, 469, 542, 539, 397, 586, 390, 480, 650]",2,0.8677742765532186
iid,42,5,0.5,4499,"[446, 469, 542, 539, 397, 586, 390, 480, 650]",3,0.9110098327479695
iid,42,5,0.5,4499,"[446, 469, 542, 539, 397, 586, 390, 480, 650]",4,0.9230307685604615
iid,42,5,1.0,8999,"[928, 941, 1099, 1067, 810, 1159, 778, 913, 1304]",0,0.9157982210916287
iid,42,5,1.0,8999,"[928, 941, 1099, 1067, 810, 1159, 778, 913, 1304]",1,0.94552633800299
iid,42,5,1.0,8999,"[928, 941, 1099, 1067, 810, 1159, 778, 913, 1304]",2,0.9287674372592388
iid,42,5,1.0,8999,"[928, 941, 1099, 1067, 810, 1159, 778, 913, 1304]",3,0.9306481495664779
iid,42,5,1.0,8999,"[928, 941, 1099, 1067, 810, 1159, 778, 913, 1304]",4,0.9621760431930704
iid,42,6,0.1,899,"[89, 93, 111, 107, 68, 124, 76, 99, 132]",0,0.44084692965400757
iid,42,6,0.1,899,"[89, 93, 111, 107, 68, 124, 76, 99, 132]",1,0.4473189714888043
iid,42,6,0.1,899,"[89, 93, 111, 107, 68, 124, 76, 99, 132]",2,0.36356606908031647
iid,42,6,0.1,899,"[89, 93, 111, 107, 68, 124, 76, 99, 132]",3,0.4292093110089812
iid,42,6,0.1,899,"[89, 93, 111, 107, 68, 124, 76, 99, 132]",4,0.41193872559468764
iid,42,6,0.25,2249,"[212, 213, 271, 284, 204, 307, 193, 241, 324]",0,0.8612295160689937
iid,42,6,0.25,2249,"[212, 213, 271, 284, 204, 307, 193, 241, 324]",1,0.8283414562104991
iid,42,6,0.25,2249,"[212, 213, 271, 284, 204, 307, 193, 241, 324]",2,0.7892735952233961
iid,42,6,0.25,2249,"[212, 213, 271, 284, 204, 307, 193, 241, 324]",3,0.8203752514097287
iid,42,6,0.25,2249,"[212, 213, 271, 284, 204, 307, 193, 241, 324]",4,0.8644569104842285
iid,42,6,0.5,4499,"[446, 469, 542, 539, 397, 586, 390, 480, 650]",0,0.9227534914112202
iid,42,6,0.5,4499,"[446, 469, 542, 539, 397, 586, 390, 480, 650]",1,0.9346940305362398
iid,42,6,0.5,4499,"[446, 469, 542, 539, 397, 586, 390, 480, 650]",2,0.920670832956569
iid,42,6,0.5,4499,"[446, 469, 542, 539, 397, 586, 390, 480, 650]",3,0.9128879205184398
iid,42,6,0.5,4499,"[446, 469, 542, 539, 397, 586, 390, 480, 650]",4,0.9504677904265669
iid,42,6,1.0,8999,"[928, 941, 1099, 1067, 810, 1159, 778, 913, 1304]",0,0.9380775875604028
iid,42,6,1.0,8999,"[928, 941, 1099, 1067, 810, 1159, 778, 913, 1304]",1,0.9437556253990603
iid,42,6,1.0,8999,"[928, 941, 1099, 1067, 810, 1159, 778, 913, 1304]",2,0.9501170331887445
iid,42,6,1.0,8999,"[928, 941, 1099, 1067, 810, 1159, 778, 913, 1304]",3,0.9317571623047034
iid,42,6,1.0,8999,"[928, 941, 1099, 1067, 810, 1159, 778, 913, 1304]",4,0.9627380761737091
iid,42,7,0.1,899,"[89, 93, 111, 107, 68, 124, 76, 99, 132]",0,0.4165838740834698
iid,42,7,0.1,899,"[89, 93, 111, 107, 68, 124, 76, 99, 132]",1,0.42843127801747316
iid,42,7,0.1,899,"[89, 93, 111, 107, 68, 124, 76, 99, 132]",2,0.4145024237881188
iid,42,7,0.1,899,"[89, 93, 111, 107, 68, 124, 76, 99, 132]",3,0.39943497523561267
iid,42,7,0.1,899,"[89, 93, 111, 107, 68, 124, 76, 99, 132]",4,0.4101026453910502
iid,42,7,0.25,2249,"[212, 213, 271, 284, 204, 307, 193, 241, 324]",0,0.8885970422350568
iid,42,7,0.25,2249,"[212, 213, 271, 284, 204, 307, 193, 241, 324]",1,0.8743180343114287
iid,42,7,0.25,2249,"[212, 213, 271, 284, 204, 307, 193, 241, 324]",2,0.8394125115768603
iid,42,7,0.25,2249,"[212, 213, 271, 284, 204, 307, 193, 241, 324]",3,0.8594780867260676
iid,42,7,0.25,2249,"[212, 213, 271, 284, 204, 307, 193, 241, 324]",4,0.884754338705761
iid,42,7,0.5,4499,"[446, 469, 542, 539, 397, 586, 390, 480, 650]",0,0.9526783760955492
iid,42,7,0.5,4499,"[446, 469, 542, 539, 397, 586, 390, 480, 650]",1,0.9507563807452489
iid,42,7,0.5,4499,"[446, 469, 542, 539, 397, 586, 390, 480, 650]",2,0.9319037727512812
iid,42,7,0.5,4499,"[446, 469, 542, 539, 397, 586, 390, 480, 650]",3,0.9378967764614362
iid,42,7,0.5,4499,"[446, 469, 542, 539, 397, 586, 390, 480, 650]",4,0.9583153893165498
iid,42,7,1.0,8999,"[928, 941, 1099, 1067, 810, 1159, 778, 913, 1304]",0,0.9674597642154139
iid,42,7,1.0,8999,"[928, 941, 1099, 1067, 810, 1159, 778, 913, 1304]",1,0.9789138271594607
iid,42,7,1.0,8999,"[928, 941, 1099, 1067, 810, 1159, 778, 913, 1304]",2,0.9745946996715094
iid,42,7,1.0,8999,"[928, 941, 1099, 1067, 810, 1159, 778, 913, 1304]",3,0.9755391882471754
iid,42,7,1.0,8999,"[928, 941, 1099, 1067, 810, 1159, 778, 913, 1304]",4,0.9822694710523837
iid,42,8,0.1,899,"[89, 93, 111, 107, 68, 124, 76, 99, 132]",0,0.518578159417333
iid,42,8,0.1,899,"[89, 93, 111, 107, 68, 124, 76, 99, 132]",1,0.570051237097796
iid,42,8,0.1,899,"[89, 93, 111, 107, 68, 124, 76, 99, 132]",2,0.5729457322675601
iid,42,8,0.1,899,"[89, 93, 111, 107, 68, 124, 76, 99, 132]",3,0.5340881053154624
iid,42,8,0.1,899,"[89, 93, 111, 107, 68, 124, 76, 99, 132]",4,0.5515123442627838
iid,42,8,0.25,2249,"[212, 213, 271, 284, 204, 307, 193, 241, 324]",0,0.9331347900409189
iid,42,8,0.25,2249,"[212, 213, 271, 284, 204, 307, 193, 241, 324]",1,0.9288624273565893
iid,42,8,0.25,2249,"[212, 213, 271, 284, 204, 307, 193, 241, 324]",2,0.9244481044337796
iid,42,8,0.25,2249,"[212, 213, 271, 284, 204, 307, 193, 241, 324]",3,0.9307132395360238
iid,42,8,0.25,2249,"[212, 213, 271, 284, 204, 307, 193, 241, 324]",4,0.9344824072283747
iid,42,8,0.5,4499,"[446, 469, 542, 539, 397, 586, 390, 480, 650]",0,0.966021019813805
iid,42,8,0.5,4499,"[446, 469, 542, 539, 397, 586, 390, 480, 650]",1,0.9753688064511474
iid,42,8,0.5,4499,"[446, 469, 542, 539, 397, 586, 390, 480, 650]",2,0.9710877076614028
iid,42,8,0.5,4499,"[446, 469, 542, 539, 397, 586, 390, 480, 650]",3,0.9678752531586092
iid,42,8,0.5,4499,"[446, 469, 542, 539, 397, 586, 390, 480, 650]",4,0.9751388013827313
iid,42,8,1.0,8999,"[928, 941, 1099, 1067, 810, 1159, 778, 913, 1304]",0,0.9794667593697696
iid,42,8,1.0,8999,"[928, 941, 1099, 1067, 810, 1159, 778, 913, 1304]",1,0.986557438504014
iid,42,8,1.0,8999,"[928, 941, 1099, 1067, 810, 1159, 778, 913, 1304]",2,0.9837263665179634
iid,42,8,1.0,8999,"[928, 941, 1099, 1067, 810, 1159, 778, 913, 1304]",3,0.9822594724786453
iid,42,8,1.0,8999,"[928, 941, 1099, 1067, 810, 1159, 778, 913, 1304]",4,0.9870924383969518
iid,42,9,0.1,899,"[89, 93, 111, 107, 68, 124, 76, 99, 132]",0,0.5244779275900698
iid,42,9,0.1,899,"[89, 93, 111, 107, 68, 124, 76, 99, 132]",1,0.5247242821312841
iid,42,9,0.1,899,"[89, 93, 111, 107, 68, 124, 76, 99, 132]",2,0.5191772162536279
iid,42,9,0.1,899,"[89, 93, 111, 107, 68, 124, 76, 99, 132]",3,0.50085871635382
iid,42,9,0.1,899,"[89, 93, 111, 107, 68, 124, 76, 99, 132]",4,0.4895006981682182
iid,42,9,0.25,2249,"[212, 213, 271, 284, 204, 307, 193, 241, 324]",0,0.9495149131072613
iid,42,9,0.25,2249,"[212, 213, 271, 284, 204, 307, 193, 241, 324]",1,0.9488128280390008
iid,42,9,0.25,2249,"[212, 213, 271, 284, 204, 307, 193, 241, 324]",2,0.9471202404569068
iid,42,9,0.25,2249,"[212, 213, 271, 284, 204, 307, 193, 241, 324]",3,0.9466025025897625
iid,42,9,0.25,2249,"[212, 213, 271, 284, 204, 307, 193, 241, 324]",4,0.9546482948267366
iid,42,9,0.5,4499,"[446, 469, 542, 539, 397, 586, 390, 480, 650]",0,0.9772239866783881
iid,42,9,0.5,4499,"[446, 469, 542, 539, 397, 586, 390, 480, 650]",1,0.9784196952139226
iid,42,9,0.5,4499,"[446, 469, 542, 539, 397, 586, 390, 480, 650]",2,0.9826793950461981
iid,42,9,0.5,4499,"[446, 469, 542, 539, 397, 586, 390, 480, 650]",3,0.9803487643754608
iid,42,9,0.5,4499,"[446, 469, 542, 539, 397, 586, 390, 480, 650]",4,0.9862530064480485
iid,42,9,1.0,8999,"[928, 941, 1099, 1067, 810, 1159, 778, 913, 1304]",0,0.9812115721564353
iid,42,9,1.0,8999,"[928, 941, 1099, 1067, 810, 1159, 778, 913, 1304]",1,0.9830958881846443
iid,42,9,1.0,8999,"[928, 941, 1099, 1067, 810, 1159, 778, 913, 1304]",2,0.9883511884104303
iid,42,9,1.0,8999,"[928, 941, 1099, 1067, 810, 1159, 778, 913, 1304]",3,0.9865075151992331
iid,42,9,1.0,8999,"[928, 941, 1099, 1067, 810, 1159, 778, 913, 1304]",4,0.9882850315525443
iid,43,0,0.1,899,"[84, 92, 108, 101, 85, 140, 79, 82, 128]",0,0.7351766013687715
iid,43,0,0.1,899,"[84, 92, 108, 101, 85, 140, 79, 82, 128]",1,0.7299440060877147
iid,43,0,0.1,899,"[84, 92, 108, 101, 85, 140, 79, 82, 128]",2,0.7213246217576382
iid,43,0,0.1,899,"[84, 92, 108, 101, 85, 140, 79, 82, 128]",3,0.7277740758781452
iid,43,0,0.1,899,"[84, 92, 108, 101, 85, 140, 79, 82, 128]",4,0.7384343049146096
iid,43,0,0.25,2249,"[224, 224, 255, 269, 192, 338, 193, 223, 331]",0,0.8747184032196504
iid,43,0,0.25,2249,"[224, 224, 255, 269, 192, 338, 193, 223, 331]",1,0.8777049990278449
iid,43,0,0.25,2249,"[224, 224, 255, 269, 192, 338, 193, 223, 331]",2,0.8754033488212337
iid,43,0,0.25,2249,"[224, 224, 255, 269, 192, 338, 193, 223, 331]",3,0.8546078654427759
iid,43,0,0.25,2249,"[224, 224, 255, 269, 192, 338, 193, 223, 331]",4,0.8673112198080999
iid,43,0,0.5,4499,"[458, 480, 509, 509, 404, 650, 385, 453, 651]",0,0.9285596930958162
iid,43,0,0.5,4499,"[458, 480, 509, 509, 404, 650, 385, 453, 651]",1,0.9250411111465913
iid,43,0,0.5,4499,"[458, 480, 509, 509, 404, 650, 385, 453, 651]",2,0.927030905072637
iid,43,0,0.5,4499,"[458, 480, 509, 509, 404, 650, 385, 453, 651]",3,0.915386297750848
iid,43,0,0.5,4499,"[458, 480, 509, 509, 404, 650, 385, 453, 651]",4,0.921598720469298
iid,43,0,1.0,8999,"[940, 931, 1019, 1026, 831, 1241, 769, 917, 1325]",0,0.9737196335845215
iid,43,0,1.0,8999,"[940, 931, 1019, 1026, 831, 1241, 769, 917, 1325]",1,0.9667545137749847
iid,43,0,1.0,8999,"[940, 931, 1019, 1026, 831, 1241, 769, 917, 1325]",2,0.9759894531553096
iid,43,0,1.0,8999,"[940, 931, 1019, 1026, 831, 1241, 769, 917, 1325]",3,0.9656320238065821
iid,43,0,1.0,8999,"[940, 931, 1019, 1026, 831, 1241, 769, 917, 1325]",4,0.9668889107490488
iid,43,1,0.1,899,"[84, 92, 108, 101, 85, 140, 79, 82, 128]",0,0.21701318787831617
iid,43,1,0.1,899,"[84, 92, 108, 101, 85, 140, 79, 82, 128]",1,0.3298752273040369
iid,43,1,0.1,899,"[84, 92, 108, 101, 85, 140, 79, 82, 128]",2,0.35032387738101495
iid,43,1,0.1,899,"[84, 92, 108, 101, 85, 140, 79, 82, 128]",3,0.2936794139397764
iid,43,1,0.1,899,"[84, 92, 108, 101, 85, 140, 79, 82, 128]",4,0.33673639238236014
iid,43,1,0.25,2249,"[224, 224, 255, 269, 192, 338, 193, 223, 331]",0,0.7886766996524013
iid,43,1,0.25,2249,"[224, 224, 255, 269, 192, 338, 193, 223, 331]",1,0.741101050641731
iid,43,1,0.25,2249,"[224, 224, 255, 269, 192, 338, 193, 223, 331]",2,0.7735490552106822
iid,43,1,0.25,2249,"[224, 224, 255, 269, 192, 338, 193, 223, 331]",3,0.7289770256950854
iid,43,1,0.25,2249,"[224, 224, 255, 269, 192, 338, 193, 223, 331]",4,0.8000978079308738
iid,43,1,0.5,4499,"[458, 480, 509, 509, 404, 650, 385, 453, 651]",0,0.8992795059676262
iid,43,1,0.5,4499,"[458, 480, 509, 509, 404, 650, 385, 453, 651]",1,0.8750234076298371
iid,43,1,0.5,4499,"[458, 480, 509, 509, 404, 650, 385, 453, 651]",2,0.8851023451906207
iid,43,1,0.5,4499,"[458, 480, 509, 509, 404, 650, 385, 453, 651]",3,0.8683413960848135
iid,43,1,0.5,4499,"[458, 480, 509, 509, 404, 650, 385, 453, 651]",4,0.896726787638364
iid,43,1,1.0,8999,"[940, 931, 1019, 1026, 831, 1241, 769, 917, 1325]",0,0.9663732223730166
iid,43,1,1.0,8999,"[940, 931, 1019, 1026, 831, 1241, 769, 917, 1325]",1,0.9311759971547995
iid,43,1,1.0,8999,"[940, 931, 1019, 1026, 831, 1241, 769, 917, 1325]",2,0.9533050260436322
iid,43,1,1.0,8999,"[940, 931, 1019, 1026, 831, 1241, 769, 917, 1325]",3,0.9294844049439501
iid,43,1,1.0,8999,"[940, 931, 1019, 1026, 831, 1241, 769, 917, 1325]",4,0.9540177979754693
iid,43,2,0.1,899,"[84, 92, 108, 101, 85, 140, 79, 82, 128]",0,0.1538416463673548
iid,43,2,0.1,899,"[84, 92, 108, 101, 85, 140, 79, 82, 128]",1,0.2902813308848415
iid,43,2,0.1,899,"[84, 92, 108, 101, 85, 140, 79, 82, 128]",2,0.26528699897218905
iid,43,2,0.1,899,"[84, 92, 108, 101, 85, 140, 79, 82, 128]",3,0.20351335286410854
iid,43,2,0.1,899,"[84, 92, 108, 101, 85, 140, 79, 82, 128]",4,0.23077639021423826
iid,43,2,0.25,2249,"[224, 224, 255, 269, 192, 338, 193, 223, 331]",0,0.7205845865272864
iid,43,2,0.25,2249,"[224, 224, 255, 269, 192, 338, 193, 223, 331]",1,0.6789494359951609
iid,43,2,0.25,2249,"[224, 224, 255, 269, 192, 338, 193, 223, 331]",2,0.7424786650619805
iid,43,2,0.25,2249,"[224, 224, 255, 269, 192, 338, 193, 223, 331]",3,0.6354649144682077
iid,43,2,0.25,2249,"[224, 224, 255, 269, 192, 338, 193, 223, 331]",4,0.742029308088035
iid,43,2,0.5,4499,"[458, 480, 509, 509, 404, 650, 385, 453, 651]",0,0.9437146212333375
iid,43,2,0.5,4499,"[458, 480, 509, 509, 404, 650, 385, 453, 651]",1,0.936570636745966
iid,43,2,0.5,4499,"[458, 480, 509, 509, 404, 650, 385, 453, 651]",2,0.9320014976358701
iid,43,2,0.5,4499,"[458, 480, 509, 509, 404, 650, 385, 453, 651]",3,0.914050195600629
iid,43,2,0.5,4499,"[458, 480, 509, 509, 404, 650, 385, 453, 651]",4,0.9409476816778553
iid,43,2,1.0,8999,"[940, 931, 1019, 1026, 831, 1241, 769, 917, 1325]",0,0.9655367826628984
iid,43,2,1.0,8999,"[940, 931, 1019, 1026, 831, 1241, 769, 917, 1325]",1,0.9396190099419902
iid,43,2,1.0,8999,"[940, 931, 1019, 1026, 831, 1241, 769, 917, 1325]",2,0.9615728764503667
iid,43,2,1.0,8999,"[940, 931, 1019, 1026, 831, 1241, 769, 917, 1325]",3,0.9327327429145499
iid,43,2,1.0,8999,"[940, 931, 1019, 1026, 831, 1241, 769, 917, 1325]",4,0.944086025928569
iid,43,3,0.1,899,"[84, 92, 108, 101, 85, 140, 79, 82, 128]",0,0.3596049978402609
iid,43,3,0.1,899,"[84, 92, 108, 101, 85, 140, 79, 82, 128]",1,0.3171442556239312
iid,43,3,0.1,899,"[84, 92, 108, 101, 85, 140, 79, 82, 128]",2,0.32858224014582293
iid,43,3,0.1,899,"[84, 92, 108, 101, 85, 140, 79, 82, 128]",3,0.2568787875106276
iid,43,3,0.1,899,"[84, 92, 108, 101, 85, 140, 79, 82, 128]",4,0.3305258414653034
iid,43,3,0.25,2249,"[224, 224, 255, 269, 192, 338, 193, 223, 331]",0,0.8439427863717094
iid,43,3,0.25,2249,"[224, 224, 255, 269, 192, 338, 193, 223, 331]",1,0.8278318895621989
iid,43,3,0.25,2249,"[224, 224, 255, 269, 192, 338, 193, 223, 331]",2,0.8214239201328587
iid,43,3,0.25,2249,"[224, 224, 255, 269, 192, 338, 193, 223, 331]",3,0.7731295058723844
iid,43,3,0.25,2249,"[224, 224, 255, 269, 192, 338, 193, 223, 331]",4,0.8307420771645017
iid,43,3,0.5,4499,"[458, 480, 509, 509, 404, 650, 385, 453, 651]",0,0.9466149463119192
iid,43,3,0.5,4499,"[458, 480, 509, 509, 404, 650, 385, 453, 651]",1,0.9438114654767265
iid,43,3,0.5,4499,"[458, 480, 509, 509, 404, 650, 385, 453, 651]",2,0.9259056260742402
iid,43,3,0.5,4499,"[458, 480, 509, 509, 404, 650, 385, 453, 651]",3,0.915926732279084
iid,43,3,0.5,4499,"[458, 480, 509, 509, 404, 650, 385, 453, 651]",4,0.9382605799041116
iid,43,3,1.0,8999,"[940, 931, 1019, 1026, 831, 1241, 769, 917, 1325]",0,0.9885115752623724
iid,43,3,1.0,8999,"[940, 931, 1019, 1026, 831, 1241, 769, 917, 1325]",1,0.9790038951479489
iid,43,3,1.0,8999,"[940, 931, 1019, 1026, 831, 1241, 769, 917, 1325]",2,0.984890707785024
iid,43,3,1.0,8999,"[940, 931, 1019, 1026, 831, 1241, 769, 917, 1325]",3,0.9685966454962627
iid,43,3,1.0,8999,"[940, 931, 1019, 1026, 831, 1241, 769, 917, 1325]",4,0.9799782132133212
iid,43,4,0.1,899,"[84, 92, 108, 101, 85, 140, 79, 82, 128]",0,0.3934125469534722
iid,43,4,0.1,899,"[84, 92, 108, 101, 85, 140, 79, 82, 128]",1,0.41159958994166457
iid,43,4,0.1,899,"[84, 92, 108, 101, 85, 140, 79, 82, 128]",2,0.37918794458090793
iid,43,4,0.1,899,"[84, 92, 108, 101, 85, 140, 79, 82, 128]",3,0.4009419617266613
iid,43,4,0.1,899,"[84, 92, 108, 101, 85, 140, 79, 82, 128]",4,0.3958073385691697
iid,43,4,0.25,2249,"[224, 224, 255, 269, 192, 338, 193, 223, 331]",0,0.892241102863331
iid,43,4,0.25,2249,"[224, 224, 255, 269, 192, 338, 193, 223, 331]",1,0.8971079992323577
iid,43,4,0.25,2249,"[224, 224, 255, 269, 192, 338, 193, 223, 331]",2,0.8979343632400248
iid,43,4,0.25,2249,"[224, 224, 255, 269, 192, 338, 193, 223, 331]",3,0.8803537986242004
iid,43,4,0.25,2249,"[224, 224, 255, 269, 192, 338, 193, 223, 331]",4,0.8990682990711656
iid,43,4,0.5,4499,"[458, 480, 509, 509, 404, 650, 385, 453, 651]",0,0.9437191899981693
iid,43,4,0.5,4499,"[458, 480, 509, 509, 404, 650, 385, 453, 651]",1,0.940123117744982
iid,43,4,0.5,4499,"[458, 480, 509, 509, 404, 650, 385, 453, 651]",2,0.9388982196074336
iid,43,4,0.5,4499,"[458, 480, 509, 509, 404, 650, 385, 453, 651]",3,0.9320160821515721
iid,43,4,0.5,4499,"[458, 480, 509, 509, 404, 650, 385, 453, 651]",4,0.9429714721372272
iid,43,4,1.0,8999,"[940, 931, 1019, 1026, 831, 1241, 769, 917, 1325]",0,0.9871459897140825
iid,43,4,1.0,8999,"[940, 931, 1019, 1026, 831, 1241, 769, 917, 1325]",1,0.9838779436288889
iid,43,4,1.0,8999,"[940, 931, 1019, 1026, 831, 1241, 769, 917, 1325]",2,0.9901561591873899
iid,43,4,1.0,8999,"[940, 931, 1019, 1026, 831, 1241, 769, 917, 1325]",3,0.9848136693471794
iid,43,4,1.0,8999,"[940, 931, 1019, 1026, 831, 1241, 769, 917, 1325]",4,0.9877616678595965
iid,43,5,0.1,899,"[84, 92, 108, 101, 85, 140, 79, 82, 128]",0,0.5948730444783719
iid,43,5,0.1,899,"[84, 92, 108, 101, 85, 140, 79, 82, 128]",1,0.6002579376801194
iid,43,5,0.1,899,"[84, 92, 108, 101, 85, 140, 79, 82, 128]",2,0.5778211653358025
iid,43,5,0.1,899,"[84, 92, 108, 101, 85, 140, 79, 82, 128]",3,0.5795247779319928
iid,43,5,0.1,899,"[84, 92, 108, 101, 85, 140, 79, 82, 128]",4,0.567801262662746
iid,43,5,0.25,2249,"[224, 224, 255, 269, 192, 338, 193, 223, 331]",0,0.9647508080402117
iid,43,5,0.25,2249,"[224, 224, 255, 269, 192, 338, 193, 223, 331]",1,0.9660306680963033
iid,43,5,0.25,2249,"[224, 224, 255, 269, 192, 338, 193, 223, 331]",2,0.9658482638830851
iid,43,5,0.25,2249,"[224, 224, 255, 269, 192, 338, 193, 223, 331]",3,0.9625766321016381
iid,43,5,0.25,2249,"[224, 224, 255, 269, 192, 338, 193, 223, 331]",4,0.9619550129225448
iid,43,5,0.5,4499,"[458, 480, 509, 509, 404, 650, 385, 453, 651]",0,0.9075071855643853
iid,43,5,0.5,4499,"[458, 480, 509, 509, 404, 650, 385, 453, 651]",1,0.909945546536434
iid,43,5,0.5,4499,"[458, 480, 509, 509, 404, 650, 385, 453, 651]",2,0.9216170824932918
iid,43,5,0.5,4499,"[458, 480, 509, 509, 404, 650, 385, 453, 651]",3,0.9176239912406755
iid,43,5,0.5,4499,"[458, 480, 509, 509, 404, 650, 385, 453, 651]",4,0.933364713266094
iid,43,5,1.0,8999,"[940, 931, 1019, 1026, 831, 1241, 769, 917, 1325]",0,0.9891425805979254
iid,43,5,1.0,8999,"[940, 931, 1019, 1026, 831, 1241, 769, 917, 1325]",1,0.9892894836018106
iid,43,5,1.0,8999,"[940, 931, 1019, 1026, 831, 1241, 769, 917, 1325]",2,0.9914940566037502
iid,43,5,1.0,8999,"[940, 931, 1019, 1026, 831, 1241, 769, 917, 1325]",3,0.9900180641290439
iid,43,5,1.0,8999,"[940, 931, 1019, 1026, 831, 1241, 769, 917, 1325]",4,0.9889862457983655
iid,43,6,0.1,899,"[84, 92, 108, 101, 85, 140, 79, 82, 128]",0,0.23478420631533536
iid,43,6,0.1,899,"[84, 92, 108, 101, 85, 140, 79, 82, 128]",1,0.2665096449028604
iid,43,6,0.1,899,"[84, 92, 108, 101, 85, 140, 79, 82, 128]",2,0.23001873607519874
iid,43,6,0.1,899,"[84, 92, 108, 101, 85, 140, 79, 82, 128]",3,0.296679436877471
iid,43,6,0.1,899,"[84, 92, 108, 101, 85, 140, 79, 82, 128]",4,0.23155715948817682
iid,43,6,0.25,2249,"[224, 224, 255, 269, 192, 338, 193, 223, 331]",0,0.8854181250359722
iid,43,6,0.25,2249,"[224, 224, 255, 269, 192, 338, 193, 223, 331]",1,0.8908769314900075
iid,43,6,0.25,2249,"[224, 224, 255, 269, 192, 338, 193, 223, 331]",2,0.914715737478163
iid,43,6,0.25,2249,"[224, 224, 255, 269, 192, 338, 193, 223, 331]",3,0.888842022896196
iid,43,6,0.25,2249,"[224, 224, 255, 269, 192, 338, 193, 223, 331]",4,0.9160089558953175
iid,43,6,0.5,4499,"[458, 480, 509, 509, 404, 650, 385, 453, 651]",0,0.9336767253855452
iid,43,6,0.5,4499,"[458, 480, 509, 509, 404, 650, 385, 453, 651]",1,0.9351565792941475
iid,43,6,0.5,4499,"[458, 480, 509, 509, 404, 650, 385, 453, 651]",2,0.9492500805512486
iid,43,6,0.5,4499,"[458, 480, 509, 509, 404, 650, 385, 453, 651]",3,0.9292488478912332
iid,43,6,0.5,4499,"[458, 480, 509, 509, 404, 650, 385, 453, 651]",4,0.9532330846712213
iid,43,6,1.0,8999,"[940, 931, 1019, 1026, 831, 1241, 769, 917, 1325]",0,0.969343169979385
iid,43,6,1.0,8999,"[940, 931, 1019, 1026, 831, 1241, 769, 917, 1325]",1,0.963801729212972
iid,43,6,1.0,8999,"[940, 931, 1019, 1026, 831, 1241, 769, 917, 1325]",2,0.9789554718891418
iid,43,6,1.0,8999,"[940, 931, 1019, 1026, 831, 1241, 769, 917, 1325]",3,0.9617081991503735
iid,43,6,1.0,8999,"[940, 931, 1019, 1026, 831, 1241, 769, 917, 1325]",4,0.9796393841218038
iid,43,7,0.1,899,"[84, 92, 108, 101, 85, 140, 79, 82, 128]",0,0.1918419989191523
iid,43,7,0.1,899,"[84, 92, 108, 101, 85, 140, 79, 82, 128]",1,0.18799853076212783
iid,43,7,0.1,899,"[84, 92, 108, 101, 85, 140, 79, 82, 128]",2,0.13431898112066648
iid,43,7,0.1,899,"[84, 92, 108, 101, 85, 140, 79, 82, 128]",3,0.23754488391304068
iid,43,7,0.1,899,"[84, 92, 108, 101, 85, 140, 79, 82, 128]",4,0.29780636794848336
iid,43,7,0.25,2249,"[224, 224, 255, 269, 192, 338, 193, 223, 331]",0,0.740770060942165
iid,43,7,0.25,2249,"[224, 224, 255, 269, 192, 338, 193, 223, 331]",1,0.7397473341747478
iid,43,7,0.25,2249,"[224, 224, 255, 269, 192, 338, 193, 223, 331]",2,0.729331939714694
iid,43,7,0.25,2249,"[224, 224, 255, 269, 192, 338, 193, 223, 331]",3,0.7667850216302502
iid,43,7,0.25,2249,"[224, 224, 255, 269, 192, 338, 193, 223, 331]",4,0.8122606509911591
iid,43,7,0.5,4499,"[458, 480, 509, 509, 404, 650, 385, 453, 651]",0,0.8175726581265834
iid,43,7,0.5,4499,"[458, 480, 509, 509, 404, 650, 385, 453, 651]",1,0.81825301476531
iid,43,7,0.5,4499,"[458, 480, 509, 509, 404, 650, 385, 453, 651]",2,0.8614633367972411
iid,43,7,0.5,4499,"[458, 480, 509, 509, 404, 650, 385, 453, 651]",3,0.7924973923125104
iid,43,7,0.5,4499,"[458, 480, 509, 509, 404, 650, 385, 453, 651]",4,0.7905571397205574
iid,43,7,1.0,8999,"[940, 931, 1019, 1026, 831, 1241, 769, 917, 1325]",0,0.9658336345672834
iid,43,7,1.0,8999,"[940, 931, 1019, 1026, 831, 1241, 769, 917, 1325]",1,0.9667161998760833
iid,43,7,1.0,8999,"[940, 931, 1019, 1026, 831, 1241, 769, 917, 1325]",2,0.9760650500504916
iid,43,7,1.0,8999,"[940, 931, 1019, 1026, 831, 1241, 769, 917, 1325]",3,0.9631685567758966
iid,43,7,1.0,8999,"[940, 931, 1019, 1026, 831, 1241, 769, 917, 1325]",4,0.9573363806278565
iid,43,8,0.1,899,"[84, 92, 108, 101, 85, 140, 79, 82, 128]",0,0.193855575219191
iid,43,8,0.1,899,"[84, 92, 108, 101, 85, 140, 79, 82, 128]",1,0.2344182698520437
iid,43,8,0.1,899,"[84, 92, 108, 101, 85, 140, 79, 82, 128]",2,0.30058017532425413
iid,43,8,0.1,899,"[84, 92, 108, 101, 85, 140, 79, 82, 128]",3,0.25717225753643397
iid,43,8,0.1,899,"[84, 92, 108, 101, 85, 140, 79, 82, 128]",4,0.2524732181345341
iid,43,8,0.25,2249,"[224, 224, 255, 269, 192, 338, 193, 223, 331]",0,0.8636288525236581
iid,43,8,0.25,2249,"[224, 224, 255, 269, 192, 338, 193, 223, 331]",1,0.8628409324996098
iid,43,8,0.25,2249,"[224, 224, 255, 269, 192, 338, 193, 223, 331]",2,0.8696433898100233
iid,43,8,0.25,2249,"[224, 224, 255, 269, 192, 338, 193, 223, 331]",3,0.8598234009910556
iid,43,8,0.25,2249,"[224, 224, 255, 269, 192, 338, 193, 223, 331]",4,0.8716465349844739
iid,43,8,0.5,4499,"[458, 480, 509, 509, 404, 650, 385, 453, 651]",0,0.9339983861448614
iid,43,8,0.5,4499,"[458, 480, 509, 509, 404, 650, 385, 453, 651]",1,0.9358173804100259
iid,43,8,0.5,4499,"[458, 480, 509, 509, 404, 650, 385, 453, 651]",2,0.9573507644358122
iid,43,8,0.5,4499,"[458, 480, 509, 509, 404, 650, 385, 453, 651]",3,0.9544936319702363
iid,43,8,0.5,4499,"[458, 480, 509, 509, 404, 650, 385, 453, 651]",4,0.9391722634926442
iid,43,8,1.0,8999,"[940, 931, 1019, 1026, 831, 1241, 769, 917, 1325]",0,0.964576815587517
iid,43,8,1.0,8999,"[940, 931, 1019, 1026, 831, 1241, 769, 917, 1325]",1,0.9687603489923846
iid,43,8,1.0,8999,"[940, 931, 1019, 1026, 831, 1241, 769, 917, 1325]",2,0.9764013418311509
iid,43,8,1.0,8999,"[940, 931, 1019, 1026, 831, 1241, 769, 917, 1325]",3,0.9807574304441921
iid,43,8,1.0,8999,"[940, 931, 1019, 1026, 831, 1241, 769, 917, 1325]",4,0.9683542717159319
iid,43,9,0.1,899,"[84, 92, 108, 101, 85, 140, 79, 82, 128]",0,0.2820914710149074
iid,43,9,0.1,899,"[84, 92, 108, 101, 85, 140, 79, 82, 128]",1,0.18741081395435766
iid,43,9,0.1,899,"[84, 92, 108, 101, 85, 140, 79, 82, 128]",2,0.2523974533871183
iid,43,9,0.1,899,"[84, 92, 108, 101, 85, 140, 79, 82, 128]",3,0.11625422506482153
iid,43,9,0.1,899,"[84, 92, 108, 101, 85, 140, 79, 82, 128]",4,0.1086674961378581
iid,43,9,0.25,2249,"[224, 224, 255, 269, 192, 338, 193, 223, 331]",0,0.6759011021517561
iid,43,9,0.25,2249,"[224, 224, 255, 269, 192, 338, 193, 223, 331]",1,0.7313817615247841
iid,43,9,0.25,2249,"[224, 224, 255, 269, 192, 338, 193, 223, 331]",2,0.7182438530673603
iid,43,9,0.25,2249,"[224, 224, 255, 269, 192, 338, 193, 223, 331]",3,0.7227963586227854
iid,43,9,0.25,2249,"[224, 224, 255, 269, 192, 338, 193, 223, 331]",4,0.7822715242120647
iid,43,9,0.5,4499,"[458, 480, 509, 509, 404, 650, 385, 453, 651]",0,0.834721862625426
iid,43,9,0.5,4499,"[458, 480, 509, 509, 404, 650, 385, 453, 651]",1,0.8653894979894281
iid,43,9,0.5,4499,"[458, 480, 509, 509, 404, 650, 385, 453, 651]",2,0.8551697631997324
iid,43,9,0.5,4499,"[458, 480, 509, 509, 404, 650, 385, 453, 651]",3,0.8555314296889396
iid,43,9,0.5,4499,"[458, 480, 509, 509, 404, 650, 385, 453, 651]",4,0.8593367112215043
iid,43,9,1.0,8999,"[940, 931, 1019, 1026, 831, 1241, 769, 917, 1325]",0,0.9265075041381841
iid,43,9,1.0,8999,"[940, 931, 1019, 1026, 831, 1241, 769, 917, 1325]",1,0.9535868994439024
iid,43,9,1.0,8999,"[940, 931, 1019, 1026, 831, 1241, 769, 917, 1325]",2,0.9555042192487648
iid,43,9,1.0,8999,"[940, 931, 1019, 1026, 831, 1241, 769, 917, 1325]",3,0.9624665405609025
iid,43,9,1.0,8999,"[940, 931, 1019, 1026, 831, 1241, 769, 917, 1325]",4,0.9515913979781078
iid,44,0,0.1,899,"[90, 107, 108, 99, 94, 114, 87, 75, 125]",0,0.5389936612646787
iid,44,0,0.1,899,"[90, 107, 108, 99, 94, 114, 87, 75, 125]",1,0.554584724898401
iid,44,0,0.1,899,"[90, 107, 108, 99, 94, 114, 87, 75, 125]",2,0.5217120691432783
iid,44,0,0.1,899,"[90, 107, 108, 99, 94, 114, 87, 75, 125]",3,0.5564539145027296
iid,44,0,0.1,899,"[90, 107, 108, 99, 94, 114, 87, 75, 125]",4,0.5411970791137508
iid,44,0,0.25,2249,"[203, 251, 277, 257, 201, 292, 217, 219, 332]",0,0.788710820475508
iid,44,0,0.25,2249,"[203, 251, 277, 257, 201, 292, 217, 219, 332]",1,0.8020867413685429
iid,44,0,0.25,2249,"[203, 251, 277, 257, 201, 292, 217, 219, 332]",2,0.8050697116810585
iid,44,0,0.25,2249,"[203, 251, 277, 257, 201, 292, 217, 219, 332]",3,0.8334919379603059
iid,44,0,0.25,2249,"[203, 251, 277, 257, 201, 292, 217, 219, 332]",4,0.8336634833462923
iid,44,0,0.5,4499,"[447, 490, 513, 510, 402, 631, 389, 454, 663]",0,0.910835000748273
iid,44,0,0.5,4499,"[447, 490, 513, 510, 402, 631, 389, 454, 663]",1,0.9165156068883128
iid,44,0,0.5,4499,"[447, 490, 513, 510, 402, 631, 389, 454, 663]",2,0.9199595229986282
iid,44,0,0.5,4499,"[447, 490, 513, 510, 402, 631, 389, 454, 663]",3,0.9384203387454104
iid,44,0,0.5,4499,"[447, 490, 513, 510, 402, 631, 389, 454, 663]",4,0.9247306946276621
iid,44,0,1.0,8999,"[922, 933, 1033, 1028, 808, 1253, 775, 933, 1314]",0,0.9597866966735654
iid,44,0,1.0,8999,"[922, 933, 1033, 1028, 808, 1253, 775, 933, 1314]",1,0.9661353751795992
iid,44,0,1.0,8999,"[922, 933, 1033, 1028, 808, 1253, 775, 933, 1314]",2,0.9615196390247437
iid,44,0,1.0,8999,"[922, 933, 1033, 1028, 808, 1253, 775, 933, 1314]",3,0.9664124007849996
iid,44,0,1.0,8999,"[922, 933, 1033, 1028, 808, 1253, 775, 933, 1314]",4,0.9674205727792873
iid,44,1,0.1,899,"[90, 107, 108, 99, 94, 114, 87, 75, 125]",0,0.31473742034964075
iid,44,1,0.1,899,"[90, 107, 108, 99, 94, 114, 87, 75, 125]",1,0.34620617381350755
iid,44,1,0.1,899,"[90, 107, 108, 99, 94, 114, 87, 75, 125]",2,0.3647484589939095
iid,44,1,0.1,899,"[90, 107, 108, 99, 94, 114, 87, 75, 125]",3,0.34436065572907265
iid,44,1,0.1,899,"[90, 107, 108, 99, 94, 114, 87, 75, 125]",4,0.31254400269782956
iid,44,1,0.25,2249,"[203, 251, 277, 257, 201, 292, 217, 219, 332]",0,0.5220353585811561
iid,44,1,0.25,2249,"[203, 251, 277, 257, 201, 292, 217, 219, 332]",1,0.5178412456374482
iid,44,1,0.25,2249,"[203, 251, 277, 257, 201, 292, 217, 219, 332]",2,0.5521985406039467
iid,44,1,0.25,2249,"[203, 251, 277, 257, 201, 292, 217, 219, 332]",3,0.5704730413165587
iid,44,1,0.25,2249,"[203, 251, 277, 257, 201, 292, 217, 219, 332]",4,0.5289619642573101
iid,44,1,0.5,4499,"[447, 490, 513, 510, 402, 631, 389, 454, 663]",0,0.7738628282495625
iid,44,1,0.5,4499,"[447, 490, 513, 510, 402, 631, 389, 454, 663]",1,0.8163113209099402
iid,44,1,0.5,4499,"[447, 490, 513, 510, 402, 631, 389, 454, 663]",2,0.8048909875590726
iid,44,1,0.5,4499,"[447, 490, 513, 510, 402, 631, 389, 454, 663]",3,0.820346377070565
iid,44,1,0.5,4499,"[447, 490, 513, 510, 402, 631, 389, 454, 663]",4,0.7473399246909807
iid,44,1,1.0,8999,"[922, 933, 1033, 1028, 808, 1253, 775, 933, 1314]",0,0.8810028846002305
iid,44,1,1.0,8999,"[922, 933, 1033, 1028, 808, 1253, 775, 933, 1314]",1,0.8862590455636915
iid,44,1,1.0,8999,"[922, 933, 1033, 1028, 808, 1253, 775, 933, 1314]",2,0.8982190797875288
iid,44,1,1.0,8999,"[922, 933, 1033, 1028, 808, 1253, 775, 933, 1314]",3,0.8879358634725881
iid,44,1,1.0,8999,"[922, 933, 1033, 1028, 808, 1253, 775, 933, 1314]",4,0.8630635981596003
iid,44,2,0.1,899,"[90, 107, 108, 99, 94, 114, 87, 75, 125]",0,0.19456953365278457
iid,44,2,0.1,899,"[90, 107, 108, 99, 94, 114, 87, 75, 125]",1,0.14159964782836285
iid,44,2,0.1,899,"[90, 107, 108, 99, 94, 114, 87, 75, 125]",2,0.09272401683321177
iid,44,2,0.1,899,"[90, 107, 108, 99, 94, 114, 87, 75, 125]",3,0.18412541856273407
iid,44,2,0.1,899,"[90, 107, 108, 99, 94, 114, 87, 75, 125]",4,0.12624390113920422
iid,44,2,0.25,2249,"[203, 251, 277, 257, 201, 292, 217, 219, 332]",0,0.5965184615588789
iid,44,2,0.25,2249,"[203, 251, 277, 257, 201, 292, 217, 219, 332]",1,0.6037785394479417
iid,44,2,0.25,2249,"[203, 251, 277, 257, 201, 292, 217, 219, 332]",2,0.6451477521431931
iid,44,2,0.25,2249,"[203, 251, 277, 257, 201, 292, 217, 219, 332]",3,0.7269146612019299
iid,44,2,0.25,2249,"[203, 251, 277, 257, 201, 292, 217, 219, 332]",4,0.6517453867776998
iid,44,2,0.5,4499,"[447, 490, 513, 510, 402, 631, 389, 454, 663]",0,0.7788033613041306
iid,44,2,0.5,4499,"[447, 490, 513, 510, 402, 631, 389, 454, 663]",1,0.8045978333521391
iid,44,2,0.5,4499,"[447, 490, 513, 510, 402, 631, 389, 454, 663]",2,0.8155943317116735
iid,44,2,0.5,4499,"[447, 490, 513, 510, 402, 631, 389, 454, 663]",3,0.8438469987471966
iid,44,2,0.5,4499,"[447, 490, 513, 510, 402, 631, 389, 454, 663]",4,0.8312448288339147
iid,44,2,1.0,8999,"[922, 933, 1033, 1028, 808, 1253, 775, 933, 1314]",0,0.9571310610616925
iid,44,2,1.0,8999,"[922, 933, 1033, 1028, 808, 1253, 775, 933, 1314]",1,0.9629386369847482
iid,44,2,1.0,8999,"[922, 933, 1033, 1028, 808, 1253, 775, 933, 1314]",2,0.9353171319740812
iid,44,2,1.0,8999,"[922, 933, 1033, 1028, 808, 1253, 775, 933, 1314]",3,0.9391889142436285
iid,44,2,1.0,8999,"[922, 933, 1033, 1028, 808, 1253, 775, 933, 1314]",4,0.9541127551252777
iid,44,3,0.1,899,"[90, 107, 108, 99, 94, 114, 87, 75, 125]",0,0.31967624487599317
iid,44,3,0.1,899,"[90, 107, 108, 99, 94, 114, 87, 75, 125]",1,0.2245103041106529
iid,44,3,0.1,899,"[90, 107, 108, 99, 94, 114, 87, 75, 125]",2,0.20607412997561989
iid,44,3,0.1,899,"[90, 107, 108, 99, 94, 114, 87, 75, 125]",3,0.23239565245810592
iid,44,3,0.1,899,"[90, 107, 108, 99, 94, 114, 87, 75, 125]",4,0.17357549829124092
iid,44,3,0.25,2249,"[203, 251, 277, 257, 201, 292, 217, 219, 332]",0,0.6451124477620301
iid,44,3,0.25,2249,"[203, 251, 277, 257, 201, 292, 217, 219, 332]",1,0.6539946773535489
iid,44,3,0.25,2249,"[203, 251, 277, 257, 201, 292, 217, 219, 332]",2,0.681914837612604
iid,44,3,0.25,2249,"[203, 251, 277, 257, 201, 292, 217, 219, 332]",3,0.7520905880911548
iid,44,3,0.25,2249,"[203, 251, 277, 257, 201, 292, 217, 219, 332]",4,0.6738619193462805
iid,44,3,0.5,4499,"[447, 490, 513, 510, 402, 631, 389, 454, 663]",0,0.884718415590253
iid,44,3,0.5,4499,"[447, 490, 513, 510, 402, 631, 389, 454, 663]",1,0.8953612080657026
iid,44,3,0.5,4499,"[447, 490, 513, 510, 402, 631, 389, 454, 663]",2,0.9092963747455758
iid,44,3,0.5,4499,"[447, 490, 513, 510, 402, 631, 389, 454, 663]",3,0.9492330449141583
iid,44,3,0.5,4499,"[447, 490, 513, 510, 402, 631, 389, 454, 663]",4,0.9146866092349992
iid,44,3,1.0,8999,"[922, 933, 1033, 1028, 808, 1253, 775, 933, 1314]",0,0.9580901351111955
iid,44,3,1.0,8999,"[922, 933, 1033, 1028, 808, 1253, 775, 933, 1314]",1,0.9661388544910939
iid,44,3,1.0,8999,"[922, 933, 1033, 1028, 808, 1253, 775, 933, 1314]",2,0.9633559321826013
iid,44,3,1.0,8999,"[922, 933, 1033, 1028, 808, 1253, 775, 933, 1314]",3,0.9776726028441446
iid,44,3,1.0,8999,"[922, 933, 1033, 1028, 808, 1253, 775, 933, 1314]",4,0.9712241242363596
iid,44,4,0.1,899,"[90, 107, 108, 99, 94, 114, 87, 75, 125]",0,0.4254592092212525
iid,44,4,0.1,899,"[90, 107, 108, 99, 94, 114, 87, 75, 125]",1,0.4010444759246025
iid,44,4,0.1,899,"[90, 107, 108, 99, 94, 114, 87, 75, 125]",2,0.39076299713363716
iid,44,4,0.1,899,"[90, 107, 108, 99, 94, 114, 87, 75, 125]",3,0.4252004897155102
iid,44,4,0.1,899,"[90, 107, 108, 99, 94, 114, 87, 75, 125]",4,0.41878011143383714
iid,44,4,0.25,2249,"[203, 251, 277, 257, 201, 292, 217, 219, 332]",0,0.8451879677856473
iid,44,4,0.25,2249,"[203, 251, 277, 257, 201, 292, 217, 219, 332]",1,0.8305643291878996
iid,44,4,0.25,2249,"[203, 251, 277, 257, 201, 292, 217, 219, 332]",2,0.8402511545240078
iid,44,4,0.25,2249,"[203, 251, 277, 257, 201, 292, 217, 219, 332]",3,0.8512574599872366
iid,44,4,0.25,2249,"[203, 251, 277, 257, 201, 292, 217, 219, 332]",4,0.8570634698534465
iid,44,4,0.5,4499,"[447, 490, 513, 510, 402, 631, 389, 454, 663]",0,0.9291370719476195
iid,44,4,0.5,4499,"[447, 490, 513, 510, 402, 631, 389, 454, 663]",1,0.9257638110100683
iid,44,4,0.5,4499,"[447, 490, 513, 510, 402, 631, 389, 454, 663]",2,0.925981814215128
iid,44,4,0.5,4499,"[447, 490, 513, 510, 402, 631, 389, 454, 663]",3,0.9487919641363164
iid,44,4,0.5,4499,"[447, 490, 513, 510, 402, 631, 389, 454, 663]",4,0.9231912782566705
iid,44,4,1.0,8999,"[922, 933, 1033, 1028, 808, 1253, 775, 933, 1314]",0,0.9782940764660327
iid,44,4,1.0,8999,"[922, 933, 1033, 1028, 808, 1253, 775, 933, 1314]",1,0.980658685597323
iid,44,4,1.0,8999,"[922, 933, 1033, 1028, 808, 1253, 775, 933, 1314]",2,0.9801475829573644
iid,44,4,1.0,8999,"[922, 933, 1033, 1028, 808, 1253, 775, 933, 1314]",3,0.9855658367979794
iid,44,4,1.0,8999,"[922, 933, 1033, 1028, 808, 1253, 775, 933, 1314]",4,0.9787432833265681
iid,44,5,0.1,899,"[90, 107, 108, 99, 94, 114, 87, 75, 125]",0,0.5969273114636577
iid,44,5,0.1,899,"[90, 107, 108, 99, 94, 114, 87, 75, 125]",1,0.6113935125946752
iid,44,5,0.1,899,"[90, 107, 108, 99, 94, 114, 87, 75, 125]",2,0.6222088604807621
iid,44,5,0.1,899,"[90, 107, 108, 99, 94, 114, 87, 75, 125]",3,0.6367567356531769
iid,44,5,0.1,899,"[90, 107, 108, 99, 94, 114, 87, 75, 125]",4,0.6034346260693402
iid,44,5,0.25,2249,"[203, 251, 277, 257, 201, 292, 217, 219, 332]",0,0.9350896021828496
iid,44,5,0.25,2249,"[203, 251, 277, 257, 201, 292, 217, 219, 332]",1,0.9336266042670739
iid,44,5,0.25,2249,"[203, 251, 277, 257, 201, 292, 217, 219, 332]",2,0.9257766413260468
iid,44,5,0.25,2249,"[203, 251, 277, 257, 201, 292, 217, 219, 332]",3,0.9334240768223468
iid,44,5,0.25,2249,"[203, 251, 277, 257, 201, 292, 217, 219, 332]",4,0.9354536521589546
iid,44,5,0.5,4499,"[447, 490, 513, 510, 402, 631, 389, 454, 663]",0,0.9609643054163028
iid,44,5,0.5,4499,"[447, 490, 513, 510, 402, 631, 389, 454, 663]",1,0.9591118647704479
iid,44,5,0.5,4499,"[447, 490, 513, 510, 402, 631, 389, 454, 663]",2,0.9504955562314762
iid,44,5,0.5,4499,"[447, 490, 513, 510, 402, 631, 389, 454, 663]",3,0.9570730618542076
iid,44,5,0.5,4499,"[447, 490, 513, 510, 402, 631, 389, 454, 663]",4,0.9518634097647876
iid,44,5,1.0,8999,"[922, 933, 1033, 1028, 808, 1253, 775, 933, 1314]",0,0.9912440941259276
iid,44,5,1.0,8999,"[922, 933, 1033, 1028, 808, 1253, 775, 933, 1314]",1,0.9921913549164091
iid,44,5,1.0,8999,"[922, 933, 1033, 1028, 808, 1253, 775, 933, 1314]",2,0.993088506093608
iid,44,5,1.0,8999,"[922, 933, 1033, 1028, 808, 1253, 775, 933, 1314]",3,0.9951382608293436
iid,44,5,1.0,8999,"[922, 933, 1033, 1028, 808, 1253, 775, 933, 1314]",4,0.9914852279895081
iid,44,6,0.1,899,"[90, 107, 108, 99, 94, 114, 87, 75, 125]",0,0.560602730481231
iid,44,6,0.1,899,"[90, 107, 108, 99, 94, 114, 87, 75, 125]",1,0.5539985412367352
iid,44,6,0.1,899,"[90, 107, 108, 99, 94, 114, 87, 75, 125]",2,0.5546133208701374
iid,44,6,0.1,899,"[90, 107, 108, 99, 94, 114, 87, 75, 125]",3,0.5548986905408679
iid,44,6,0.1,899,"[90, 107, 108, 99, 94, 114, 87, 75, 125]",4,0.5617243250835843
iid,44,6,0.25,2249,"[203, 251, 277, 257, 201, 292, 217, 219, 332]",0,0.9623264372214057
iid,44,6,0.25,2249,"[203, 251, 277, 257, 201, 292, 217, 219, 332]",1,0.9594634054994553
iid,44,6,0.25,2249,"[203, 251, 277, 257, 201, 292, 217, 219, 332]",2,0.9612516937283591
iid,44,6,0.25,2249,"[203, 251, 277, 257, 201, 292, 217, 219, 332]",3,0.9605003734788672
iid,44,6,0.25,2249,"[203, 251, 277, 257, 201, 292, 217, 219, 332]",4,0.9613770141100363
iid,44,6,0.5,4499,"[447, 490, 513, 510, 402, 631, 389, 454, 663]",0,0.9756904310164629
iid,44,6,0.5,4499,"[447, 490, 513, 510, 402, 631, 389, 454, 663]",1,0.9771020752524652
iid,44,6,0.5,4499,"[447, 490, 513, 510, 402, 631, 389, 454, 663]",2,0.9783028445682982
iid,44,6,0.5,4499,"[447, 490, 513, 510, 402, 631, 389, 454, 663]",3,0.9814855030413141
iid,44,6,0.5,4499,"[447, 490, 513, 510, 402, 631, 389, 454, 663]",4,0.9709371561239121
iid,44,6,1.0,8999,"[922, 933, 1033, 1028, 808, 1253, 775, 933, 1314]",0,0.9890635835010341
iid,44,6,1.0,8999,"[922, 933, 1033, 1028, 808, 1253, 775, 933, 1314]",1,0.9876999339018583
iid,44,6,1.0,8999,"[922, 933, 1033, 1028, 808, 1253, 775, 933, 1314]",2,0.9875729935337408
iid,44,6,1.0,8999,"[922, 933, 1033, 1028, 808, 1253, 775, 933, 1314]",3,0.9888657436650019
iid,44,6,1.0,8999,"[922, 933, 1033, 1028, 808, 1253, 775, 933, 1314]",4,0.9842547902955067
iid,44,7,0.1,899,"[90, 107, 108, 99, 94, 114, 87, 75, 125]",0,0.440130723283358
iid,44,7,0.1,899,"[90, 107, 108, 99, 94, 114, 87, 75, 125]",1,0.4436458627584907
iid,44,7,0.1,899,"[90, 107, 108, 99, 94, 114, 87, 75, 125]",2,0.4476624544910025
iid,44,7,0.1,899,"[90, 107, 108, 99, 94, 114, 87, 75, 125]",3,0.43025528257747375
iid,44,7,0.1,899,"[90, 107, 108, 99, 94, 114, 87, 75, 125]",4,0.40094067156385005
iid,44,7,0.25,2249,"[203, 251, 277, 257, 201, 292, 217, 219, 332]",0,0.8995205184563778
iid,44,7,0.25,2249,"[203, 251, 277, 257, 201, 292, 217, 219, 332]",1,0.901195297783789
iid,44,7,0.25,2249,"[203, 251, 277, 257, 201, 292, 217, 219, 332]",2,0.8945073727049435
iid,44,7,0.25,2249,"[203, 251, 277, 257, 201, 292, 217, 219, 332]",3,0.8941025624468577
iid,44,7,0.25,2249,"[203, 251, 277, 257, 201, 292, 217, 219, 332]",4,0.8903550755626759
iid,44,7,0.5,4499,"[447, 490, 513, 510, 402, 631, 389, 454, 663]",0,0.9290558925397506
iid,44,7,0.5,4499,"[447, 490, 513, 510, 402, 631, 389, 454, 663]",1,0.931214243295662
iid,44,7,0.5,4499,"[447, 490, 513, 510, 402, 631, 389, 454, 663]",2,0.9264549046867662
iid,44,7,0.5,4499,"[447, 490, 513, 510, 402, 631, 389, 454, 663]",3,0.9355984167903888
iid,44,7,0.5,4499,"[447, 490, 513, 510, 402, 631, 389, 454, 663]",4,0.9251737691968795
iid,44,7,1.0,8999,"[922, 933, 1033, 1028, 808, 1253, 775, 933, 1314]",0,0.9760757074878321
iid,44,7,1.0,8999,"[922, 933, 1033, 1028, 808, 1253, 775, 933, 1314]",1,0.9682125109813855
iid,44,7,1.0,8999,"[922, 933, 1033, 1028, 808, 1253, 775, 933, 1314]",2,0.9699288868991621
iid,44,7,1.0,8999,"[922, 933, 1033, 1028, 808, 1253, 775, 933, 1314]",3,0.9640536059719396
iid,44,7,1.0,8999,"[922, 933, 1033, 1028, 808, 1253, 775, 933, 1314]",4,0.9696066918135945
iid,44,8,0.1,899,"[90, 107, 108, 99, 94, 114, 87, 75, 125]",0,0.40586740045088016
iid,44,8,0.1,899,"[90, 107, 108, 99, 94, 114, 87, 75, 125]",1,0.40022768691309263
iid,44,8,0.1,899,"[90, 107, 108, 99, 94, 114, 87, 75, 125]",2,0.4149932237124513
iid,44,8,0.1,899,"[90, 107, 108, 99, 94, 114, 87, 75, 125]",3,0.3671081748955242
iid,44,8,0.1,899,"[90, 107, 108, 99, 94, 114, 87, 75, 125]",4,0.4456940870474917
iid,44,8,0.25,2249,"[203, 251, 277, 257, 201, 292, 217, 219, 332]",0,0.8122868918229731
iid,44,8,0.25,2249,"[203, 251, 277, 257, 201, 292, 217, 219, 332]",1,0.8108856756479343
iid,44,8,0.25,2249,"[203, 251, 277, 257, 201, 292, 217, 219, 332]",2,0.8442365492400716
iid,44,8,0.25,2249,"[203, 251, 277, 257, 201, 292, 217, 219, 332]",3,0.8406404815861899
iid,44,8,0.25,2249,"[203, 251, 277, 257, 201, 292, 217, 219, 332]",4,0.8646435242099832
iid,44,8,0.5,4499,"[447, 490, 513, 510, 402, 631, 389, 454, 663]",0,0.9031009608207443
iid,44,8,0.5,4499,"[447, 490, 513, 510, 402, 631, 389, 454, 663]",1,0.9098839310719913
iid,44,8,0.5,4499,"[447, 490, 513, 510, 402, 631, 389, 454, 663]",2,0.9193821821048134
iid,44,8,0.5,4499,"[447, 490, 513, 510, 402, 631, 389, 454, 663]",3,0.9271821977832596
iid,44,8,0.5,4499,"[447, 490, 513, 510, 402, 631, 389, 454, 663]",4,0.9336854947586943
iid,44,8,1.0,8999,"[922, 933, 1033, 1028, 808, 1253, 775, 933, 1314]",0,0.9560761055553619
iid,44,8,1.0,8999,"[922, 933, 1033, 1028, 808, 1253, 775, 933, 1314]",1,0.9603157669369132
iid,44,8,1.0,8999,"[922, 933, 1033, 1028, 808, 1253, 775, 933, 1314]",2,0.9776190051303089
iid,44,8,1.0,8999,"[922, 933, 1033, 1028, 808, 1253, 775, 933, 1314]",3,0.9758918226487014
iid,44,8,1.0,8999,"[922, 933, 1033, 1028, 808, 1253, 775, 933, 1314]",4,0.9790289358595248
iid,44,9,0.1,899,"[90, 107, 108, 99, 94, 114, 87, 75, 125]",0,0.250454638481657
iid,44,9,0.1,899,"[90, 107, 108, 99, 94, 114, 87, 75, 125]",1,0.25490274088328746
iid,44,9,0.1,899,"[90, 107, 108, 99, 94, 114, 87, 75, 125]",2,0.2618945236461832
iid,44,9,0.1,899,"[90, 107, 108, 99, 94, 114, 87, 75, 125]",3,0.27762638544941565
iid,44,9,0.1,899,"[90, 107, 108, 99, 94, 114, 87, 75, 125]",4,0.2763511395972128
iid,44,9,0.25,2249,"[203, 251, 277, 257, 201, 292, 217, 219, 332]",0,0.8642494785579024
iid,44,9,0.25,2249,"[203, 251, 277, 257, 201, 292, 217, 219, 332]",1,0.8762368591108233
iid,44,9,0.25,2249,"[203, 251, 277, 257, 201, 292, 217, 219, 332]",2,0.8699494049867974
iid,44,9,0.25,2249,"[203, 251, 277, 257, 201, 292, 217, 219, 332]",3,0.8736889292347513
iid,44,9,0.25,2249,"[203, 251, 277, 257, 201, 292, 217, 219, 332]",4,0.8766746263544734
iid,44,9,0.5,4499,"[447, 490, 513, 510, 402, 631, 389, 454, 663]",0,0.9049620156464807
iid,44,9,0.5,4499,"[447, 490, 513, 510, 402, 631, 389, 454, 663]",1,0.9158034051466584
iid,44,9,0.5,4499,"[447, 490, 513, 510, 402, 631, 389, 454, 663]",2,0.9020950181441763
iid,44,9,0.5,4499,"[447, 490, 513, 510, 402, 631, 389, 454, 663]",3,0.921940614293913
iid,44,9,0.5,4499,"[447, 490, 513, 510, 402, 631, 389, 454, 663]",4,0.8976036950958856
iid,44,9,1.0,8999,"[922, 933, 1033, 1028, 808, 1253, 775, 933, 1314]",0,0.9528356495076616
iid,44,9,1.0,8999,"[922, 933, 1033, 1028, 808, 1253, 775, 933, 1314]",1,0.9606948610442558
iid,44,9,1.0,8999,"[922, 933, 1033, 1028, 808, 1253, 775, 933, 1314]",2,0.9614197895238872
iid,44,9,1.0,8999,"[922, 933, 1033, 1028, 808, 1253, 775, 933, 1314]",3,0.9610022890171812
iid,44,9,1.0,8999,"[922, 933, 1033, 1028, 808, 1253, 775, 933, 1314]",4,0.9515057917262744
dirichlet_a0.1,42,0,0.1,899,"[89, 93, 111, 107, 68, 124, 76, 99, 132]",0,0.11658203075306242
dirichlet_a0.1,42,0,0.1,899,"[89, 93, 111, 107, 68, 124, 76, 99, 132]",1,0.1366157629878799
dirichlet_a0.1,42,0,0.1,899,"[89, 93, 111, 107, 68, 124, 76, 99, 132]",2,-0.19865672890859432
dirichlet_a0.1,42,0,0.1,899,"[89, 93, 111, 107, 68, 124, 76, 99, 132]",3,0.138085196798995
dirichlet_a0.1,42,0,0.1,899,"[89, 93, 111, 107, 68, 124, 76, 99, 132]",4,0.014702351047536685
dirichlet_a0.1,42,0,0.25,2249,"[212, 213, 271, 284, 204, 307, 193, 241, 324]",0,0.0012223855400889123
dirichlet_a0.1,42,0,0.25,2249,"[212, 213, 271, 284, 204, 307, 193, 241, 324]",1,0.16417412346552884
dirichlet_a0.1,42,0,0.25,2249,"[212, 213, 271, 284, 204, 307, 193, 241, 324]",2,-0.2233294906178081
dirichlet_a0.1,42,0,0.25,2249,"[212, 213, 271, 284, 204, 307, 193, 241, 324]",3,0.2513780959493913
dirichlet_a0.1,42,0,0.25,2249,"[212, 213, 271, 284, 204, 307, 193, 241, 324]",4,-0.055487035928323096
dirichlet_a0.1,42,0,0.5,4499,"[446, 469, 542, 539, 397, 586, 390, 480, 650]",0,0.028249019642472742
dirichlet_a0.1,42,0,0.5,4499,"[446, 469, 542, 539, 397, 586, 390, 480, 650]",1,0.16787564971698204
dirichlet_a0.1,42,0,0.5,4499,"[446, 469, 542, 539, 397, 586, 390, 480, 650]",2,-0.2324257174713244
dirichlet_a0.1,42,0,0.5,4499,"[446, 469, 542, 539, 397, 586, 390, 480, 650]",3,0.25228027673131803
dirichlet_a0.1,42,0,0.5,4499,"[446, 469, 542, 539, 397, 586, 390, 480, 650]",4,0.009043402673729772
dirichlet_a0.1,42,0,1.0,8999,"[928, 941, 1099, 1067, 810, 1159, 778, 913, 1304]",0,0.10558890792388728
dirichlet_a0.1,42,0,1.0,8999,"[928, 941, 1099, 1067, 810, 1159, 778, 913, 1304]",1,0.23092999674926626
dirichlet_a0.1,42,0,1.0,8999,"[928, 941, 1099, 1067, 810, 1159, 778, 913, 1304]",2,-0.2304127646799462
dirichlet_a0.1,42,0,1.0,8999,"[928, 941, 1099, 1067, 810, 1159, 778, 913, 1304]",3,0.3358674649256886
dirichlet_a0.1,42,0,1.0,8999,"[928, 941, 1099, 1067, 810, 1159, 778, 913, 1304]",4,0.022415856329506417
dirichlet_a0.1,42,1,0.1,899,"[89, 93, 111, 107, 68, 124, 76, 99, 132]",0,-0.41231724379193224
dirichlet_a0.1,42,1,0.1,899,"[89, 93, 111, 107, 68, 124, 76, 99, 132]",1,-0.3432545427757621
dirichlet_a0.1,42,1,0.1,899,"[89, 93, 111, 107, 68, 124, 76, 99, 132]",2,-0.18704542387575476
dirichlet_a0.1,42,1,0.1,899,"[89, 93, 111, 107, 68, 124, 76, 99, 132]",3,0.30865073704617746
dirichlet_a0.1,42,1,0.1,899,"[89, 93, 111, 107, 68, 124, 76, 99, 132]",4,0.15551724464651298
dirichlet_a0.1,42,1,0.25,2249,"[212, 213, 271, 284, 204, 307, 193, 241, 324]",0,-0.47115424757129853
dirichlet_a0.1,42,1,0.25,2249,"[212, 213, 271, 284, 204, 307, 193, 241, 324]",1,-0.010030653663247052
dirichlet_a0.1,42,1,0.25,2249,"[212, 213, 271, 284, 204, 307, 193, 241, 324]",2,-0.1038125224652523
dirichlet_a0.1,42,1,0.25,2249,"[212, 213, 271, 284, 204, 307, 193, 241, 324]",3,0.17951009567173212
dirichlet_a0.1,42,1,0.25,2249,"[212, 213, 271, 284, 204, 307, 193, 241, 324]",4,0.22715299033803604
dirichlet_a0.1,42,1,0.5,4499,"[446, 469, 542, 539, 397, 586, 390, 480, 650]",0,-0.46028452342092235
dirichlet_a0.1,42,1,0.5,4499,"[446, 469, 542, 539, 397, 586, 390, 480, 650]",1,-0.08806667350798401
dirichlet_a0.1,42,1,0.5,4499,"[446, 469, 542, 539, 397, 586, 390, 480, 650]",2,-0.112115433548805
dirichlet_a0.1,42,1,0.5,4499,"[446, 469, 542, 539, 397, 586, 390, 480, 650]",3,0.2676443192478656
dirichlet_a0.1,42,1,0.5,4499,"[446, 469, 542, 539, 397, 586, 390, 480, 650]",4,0.20350988535020137
dirichlet_a0.1,42,1,1.0,8999,"[928, 941, 1099, 1067, 810, 1159, 778, 913, 1304]",0,-0.42279935523674944
dirichlet_a0.1,42,1,1.0,8999,"[928, 941, 1099, 1067, 810, 1159, 778, 913, 1304]",1,-0.12953219997248522
dirichlet_a0.1,42,1,1.0,8999,"[928, 941, 1099, 1067, 810, 1159, 778, 913, 1304]",2,-0.005918482915542784
dirichlet_a0.1,42,1,1.0,8999,"[928, 941, 1099, 1067, 810, 1159, 778, 913, 1304]",3,0.14976136946576735
dirichlet_a0.1,42,1,1.0,8999,"[928, 941, 1099, 1067, 810, 1159, 778, 913, 1304]",4,0.2116565133398239
dirichlet_a0.1,42,2,0.1,899,"[89, 93, 111, 107, 68, 124, 76, 99, 132]",0,-0.6706482374902808
dirichlet_a0.1,42,2,0.1,899,"[89, 93, 111, 107, 68, 124, 76, 99, 132]",1,-0.025758134051607044
dirichlet_a0.1,42,2,0.1,899,"[89, 93, 111, 107, 68, 124, 76, 99, 132]",2,0.22320067331525392
dirichlet_a0.1,42,2,0.1,899,"[89, 93, 111, 107, 68, 124, 76, 99, 132]",3,-0.021170297102210005
dirichlet_a0.1,42,2,0.1,899,"[89, 93, 111, 107, 68, 124, 76, 99, 132]",4,0.3802434763720049
dirichlet_a0.1,42,2,0.25,2249,"[212, 213, 271, 284, 204, 307, 193, 241, 324]",0,-0.3611524149388322
dirichlet_a0.1,42,2,0.25,2249,"[212, 213, 271, 284, 204, 307, 193, 241, 324]",1,-0.29026486213262187
dirichlet_a0.1,42,2,0.25,2249,"[212, 213, 271, 284, 204, 307, 193, 241, 324]",2,0.31640805629538066
dirichlet_a0.1,42,2,0.25,2249,"[212, 213, 271, 284, 204, 307, 193, 241, 324]",3,0.3234381824216765
dirichlet_a0.1,42,2,0.25,2249,"[212, 213, 271, 284, 204, 307, 193, 241, 324]",4,-0.03545976109531059
dirichlet_a0.1,42,2,0.5,4499,"[446, 469, 542, 539, 397, 586, 390, 480, 650]",0,-0.3363097156774076
dirichlet_a0.1,42,2,0.5,4499,"[446, 469, 542, 539, 397, 586, 390, 480, 650]",1,-0.13266635778124702
dirichlet_a0.1,42,2,0.5,4499,"[446, 469, 542, 539, 397, 586, 390, 480, 650]",2,0.08211135498143075
dirichlet_a0.1,42,2,0.5,4499,"[446, 469, 542, 539, 397, 586, 390, 480, 650]",3,0.3938928825593879
dirichlet_a0.1,42,2,0.5,4499,"[446, 469, 542, 539, 397, 586, 390, 480, 650]",4,0.024452986327191024
dirichlet_a0.1,42,2,1.0,8999,"[928, 941, 1099, 1067, 810, 1159, 778, 913, 1304]",0,-0.18109891126886882
dirichlet_a0.1,42,2,1.0,8999,"[928, 941, 1099, 1067, 810, 1159, 778, 913, 1304]",1,-0.32484161743395845
dirichlet_a0.1,42,2,1.0,8999,"[928, 941, 1099, 1067, 810, 1159, 778, 913, 1304]",2,0.08417544469825669
dirichlet_a0.1,42,2,1.0,8999,"[928, 941, 1099, 1067, 810, 1159, 778, 913, 1304]",3,0.48108261059465895
dirichlet_a0.1,42,2,1.0,8999,"[928, 941, 1099, 1067, 810, 1159, 778, 913, 1304]",4,0.051328191405287736
dirichlet_a0.1,42,3,0.1,899,"[89, 93, 111, 107, 68, 124, 76, 99, 132]",0,-0.6389417562654912
dirichlet_a0.1,42,3,0.1,899,"[89, 93, 111, 107, 68, 124, 76, 99, 132]",1,-0.22359318004396184
dirichlet_a0.1,42,3,0.1,899,"[89, 93, 111, 107, 68, 124, 76, 99, 132]",2,0.42538099864383433
dirichlet_a0.1,42,3,0.1,899,"[89, 93, 111, 107, 68, 124, 76, 99, 132]",3,-0.08718286877048256
dirichlet_a0.1,42,3,0.1,899,"[89, 93, 111, 107, 68, 124, 76, 99, 132]",4,0.36245271900524756
dirichlet_a0.1,42,3,0.25,2249,"[212, 213, 271, 284, 204, 307, 193, 241, 324]",0,-0.4837754492410271
dirichlet_a0.1,42,3,0.25,2249,"[212, 213, 271, 284, 204, 307, 193, 241, 324]",1,-0.23162579014999013
dirichlet_a0.1,42,3,0.25,2249,"[212, 213, 271, 284, 204, 307, 193, 241, 324]",2,0.4447185399741924
dirichlet_a0.1,42,3,0.25,2249,"[212, 213, 271, 284, 204, 307, 193, 241, 324]",3,0.1656066744952312
dirichlet_a0.1,42,3,0.25,2249,"[212, 213, 271, 284, 204, 307, 193, 241, 324]",4,0.048911782217483143
dirichlet_a0.1,42,3,0.5,4499,"[446, 469, 542, 539, 397, 586, 390, 480, 650]",0,-0.5519670524037662
dirichlet_a0.1,42,3,0.5,4499,"[446, 469, 542, 539, 397, 586, 390, 480, 650]",1,-0.0520089956623992
dirichlet_a0.1,42,3,0.5,4499,"[446, 469, 542, 539, 397, 586, 390, 480, 650]",2,0.11984369939811694
dirichlet_a0.1,42,3,0.5,4499,"[446, 469, 542, 539, 397, 586, 390, 480, 650]",3,0.26069486950614496
dirichlet_a0.1,42,3,0.5,4499,"[446, 469, 542, 539, 397, 586, 390, 480, 650]",4,0.2714367335603725
dirichlet_a0.1,42,3,1.0,8999,"[928, 941, 1099, 1067, 810, 1159, 778, 913, 1304]",0,-0.38137296412085947
dirichlet_a0.1,42,3,1.0,8999,"[928, 941, 1099, 1067, 810, 1159, 778, 913, 1304]",1,0.012827780036801672
dirichlet_a0.1,42,3,1.0,8999,"[928, 941, 1099, 1067, 810, 1159, 778, 913, 1304]",2,0.2169966485100348
dirichlet_a0.1,42,3,1.0,8999,"[928, 941, 1099, 1067, 810, 1159, 778, 913, 1304]",3,0.4082511497994759
dirichlet_a0.1,42,3,1.0,8999,"[928, 941, 1099, 1067, 810, 1159, 778, 913, 1304]",4,-0.0007935782481230898
dirichlet_a0.1,42,4,0.1,899,"[89, 93, 111, 107, 68, 124, 76, 99, 132]",0,-0.1804134126147315
dirichlet_a0.1,42,4,0.1,899,"[89, 93, 111, 107, 68, 124, 76, 99, 132]",1,0.40921157638426653
dirichlet_a0.1,42,4,0.1,899,"[89, 93, 111, 107, 68, 124, 76, 99, 132]",2,0.38956029046207824
dirichlet_a0.1,42,4,0.1,899,"[89, 93, 111, 107, 68, 124, 76, 99, 132]",3,0.1417990225578379
dirichlet_a0.1,42,4,0.1,899,"[89, 93, 111, 107, 68, 124, 76, 99, 132]",4,-0.4371343282574569
dirichlet_a0.1,42,4,0.25,2249,"[212, 213, 271, 284, 204, 307, 193, 241, 324]",0,-0.265785825150612
dirichlet_a0.1,42,4,0.25,2249,"[212, 213, 271, 284, 204, 307, 193, 241, 324]",1,-0.11014914949529388
dirichlet_a0.1,42,4,0.25,2249,"[212, 213, 271, 284, 204, 307, 193, 241, 324]",2,0.34093874105088745
dirichlet_a0.1,42,4,0.25,2249,"[212, 213, 271, 284, 204, 307, 193, 241, 324]",3,0.41492590809479213
dirichlet_a0.1,42,4,0.25,2249,"[212, 213, 271, 284, 204, 307, 193, 241, 324]",4,-0.23274734134697153
dirichlet_a0.1,42,4,0.5,4499,"[446, 469, 542, 539, 397, 586, 390, 480, 650]",0,-0.46234337656832625
dirichlet_a0.1,42,4,0.5,4499,"[446, 469, 542, 539, 397, 586, 390, 480, 650]",1,-0.1315042358107032
dirichlet_a0.1,42,4,0.5,4499,"[446, 469, 542, 539, 397, 586, 390, 480, 650]",2,0.48108226253508796
dirichlet_a0.1,42,4,0.5,4499,"[446, 469, 542, 539, 397, 586, 390, 480, 650]",3,0.17285271799940533
dirichlet_a0.1,42,4,0.5,4499,"[446, 469, 542, 539, 397, 586, 390, 480, 650]",4,0.07466861350930155
dirichlet_a0.1,42,4,1.0,8999,"[928, 941, 1099, 1067, 810, 1159, 778, 913, 1304]",0,-0.25720105886920636
dirichlet_a0.1,42,4,1.0,8999,"[928, 941, 1099, 1067, 810, 1159, 778, 913, 1304]",1,0.08617404356915029
dirichlet_a0.1,42,4,1.0,8999,"[928, 941, 1099, 1067, 810, 1159, 778, 913, 1304]",2,0.24470053574041792
dirichlet_a0.1,42,4,1.0,8999,"[928, 941, 1099, 1067, 810, 1159, 778, 913, 1304]",3,0.4418258812411373
dirichlet_a0.1,42,4,1.0,8999,"[928, 941, 1099, 1067, 810, 1159, 778, 913, 1304]",4,-0.061689061390955834
dirichlet_a0.1,42,5,0.1,899,"[89, 93, 111, 107, 68, 124, 76, 99, 132]",0,-0.5486439295096881
dirichlet_a0.1,42,5,0.1,899,"[89, 93, 111, 107, 68, 124, 76, 99, 132]",1,-0.1474963510268283
dirichlet_a0.1,42,5,0.1,899,"[89, 93, 111, 107, 68, 124, 76, 99, 132]",2,0.4974150660350875
dirichlet_a0.1,42,5,0.1,899,"[89, 93, 111, 107, 68, 124, 76, 99, 132]",3,-0.23148360654190236
dirichlet_a0.1,42,5,0.1,899,"[89, 93, 111, 107, 68, 124, 76, 99, 132]",4,0.36504722491188024
dirichlet_a0.1,42,5,0.25,2249,"[212, 213, 271, 284, 204, 307, 193, 241, 324]",0,-0.4873219001990982
dirichlet_a0.1,42,5,0.25,2249,"[212, 213, 271, 284, 204, 307, 193, 241, 324]",1,0.07331193856347344
dirichlet_a0.1,42,5,0.25,2249,"[212, 213, 271, 284, 204, 307, 193, 241, 324]",2,0.27384147371211887
dirichlet_a0.1,42,5,0.25,2249,"[212, 213, 271, 284, 204, 307, 193, 241, 324]",3,0.17466756967718117
dirichlet_a0.1,42,5,0.25,2249,"[212, 213, 271, 284, 204, 307, 193, 241, 324]",4,0.09633383030530923
dirichlet_a0.1,42,5,0.5,4499,"[446, 469, 542, 539, 397, 586, 390, 480, 650]",0,-0.41609117432702897
dirichlet_a0.1,42,5,0.5,4499,"[446, 469, 542, 539, 397, 586, 390, 480, 650]",1,-0.1264263486489281
dirichlet_a0.1,42,5,0.5,4499,"[446, 469, 542, 539, 397, 586, 390, 480, 650]",2,0.26570480167358546
dirichlet_a0.1,42,5,0.5,4499,"[446, 469, 542, 539, 397, 586, 390, 480, 650]",3,0.3894839557537364
dirichlet_a0.1,42,5,0.5,4499,"[446, 469, 542, 539, 397, 586, 390, 480, 650]",4,0.12574719389672778
dirichlet_a0.1,42,5,1.0,8999,"[928, 941, 1099, 1067, 810, 1159, 778, 913, 1304]",0,-0.31205164724770257
dirichlet_a0.1,42,5,1.0,8999,"[928, 941, 1099, 1067, 810, 1159, 778, 913, 1304]",1,0.034758216211096885
dirichlet_a0.1,42,5,1.0,8999,"[928, 941, 1099, 1067, 810, 1159, 778, 913, 1304]",2,0.26925272377377096
dirichlet_a0.1,42,5,1.0,8999,"[928, 941, 1099, 1067, 810, 1159, 778, 913, 1304]",3,0.36654734910313785
dirichlet_a0.1,42,5,1.0,8999,"[928, 941, 1099, 1067, 810, 1159, 778, 913, 1304]",4,0.25345047953335725
dirichlet_a0.1,42,6,0.1,899,"[89, 93, 111, 107, 68, 124, 76, 99, 132]",0,-0.4284516446941149
dirichlet_a0.1,42,6,0.1,899,"[89, 93, 111, 107, 68, 124, 76, 99, 132]",1,-0.17039981847304939
dirichlet_a0.1,42,6,0.1,899,"[89, 93, 111, 107, 68, 124, 76, 99, 132]",2,0.19272869341709753
dirichlet_a0.1,42,6,0.1,899,"[89, 93, 111, 107, 68, 124, 76, 99, 132]",3,-0.09779246552206493
dirichlet_a0.1,42,6,0.1,899,"[89, 93, 111, 107, 68, 124, 76, 99, 132]",4,0.5180481373935582
dirichlet_a0.1,42,6,0.25,2249,"[212, 213, 271, 284, 204, 307, 193, 241, 324]",0,-0.2540768256345385
dirichlet_a0.1,42,6,0.25,2249,"[212, 213, 271, 284, 204, 307, 193, 241, 324]",1,-0.14831486418060583
dirichlet_a0.1,42,6,0.25,2249,"[212, 213, 271, 284, 204, 307, 193, 241, 324]",2,0.426761338218491
dirichlet_a0.1,42,6,0.25,2249,"[212, 213, 271, 284, 204, 307, 193, 241, 324]",3,0.3120056792130642
dirichlet_a0.1,42,6,0.25,2249,"[212, 213, 271, 284, 204, 307, 193, 241, 324]",4,-0.06488369690302204
dirichlet_a0.1,42,6,0.5,4499,"[446, 469, 542, 539, 397, 586, 390, 480, 650]",0,-0.18385083894341467
dirichlet_a0.1,42,6,0.5,4499,"[446, 469, 542, 539, 397, 586, 390, 480, 650]",1,0.04200041363135097
dirichlet_a0.1,42,6,0.5,4499,"[446, 469, 542, 539, 397, 586, 390, 480, 650]",2,0.25678229743953307
dirichlet_a0.1,42,6,0.5,4499,"[446, 469, 542, 539, 397, 586, 390, 480, 650]",3,0.47326509020168905
dirichlet_a0.1,42,6,0.5,4499,"[446, 469, 542, 539, 397, 586, 390, 480, 650]",4,-0.02897986409932225
dirichlet_a0.1,42,6,1.0,8999,"[928, 941, 1099, 1067, 810, 1159, 778, 913, 1304]",0,-0.04030715477792916
dirichlet_a0.1,42,6,1.0,8999,"[928, 941, 1099, 1067, 810, 1159, 778, 913, 1304]",1,-0.022373789944278046
dirichlet_a0.1,42,6,1.0,8999,"[928, 941, 1099, 1067, 810, 1159, 778, 913, 1304]",2,0.3848223356873195
dirichlet_a0.1,42,6,1.0,8999,"[928, 941, 1099, 1067, 810, 1159, 778, 913, 1304]",3,0.506670477548157
dirichlet_a0.1,42,6,1.0,8999,"[928, 941, 1099, 1067, 810, 1159, 778, 913, 1304]",4,0.039246174497944854
dirichlet_a0.1,42,7,0.1,899,"[89, 93, 111, 107, 68, 124, 76, 99, 132]",0,-0.08587849763401056
dirichlet_a0.1,42,7,0.1,899,"[89, 93, 111, 107, 68, 124, 76, 99, 132]",1,0.40067953223753405
dirichlet_a0.1,42,7,0.1,899,"[89, 93, 111, 107, 68, 124, 76, 99, 132]",2,0.40332668874504635
dirichlet_a0.1,42,7,0.1,899,"[89, 93, 111, 107, 68, 124, 76, 99, 132]",3,0.14066398819425358
dirichlet_a0.1,42,7,0.1,899,"[89, 93, 111, 107, 68, 124, 76, 99, 132]",4,-0.4265638430693421
dirichlet_a0.1,42,7,0.25,2249,"[212, 213, 271, 284, 204, 307, 193, 241, 324]",0,-0.20364085390464684
dirichlet_a0.1,42,7,0.25,2249,"[212, 213, 271, 284, 204, 307, 193, 241, 324]",1,-0.03929916954269142
dirichlet_a0.1,42,7,0.25,2249,"[212, 213, 271, 284, 204, 307, 193, 241, 324]",2,0.4044857827850189
dirichlet_a0.1,42,7,0.25,2249,"[212, 213, 271, 284, 204, 307, 193, 241, 324]",3,0.3438440039111414
dirichlet_a0.1,42,7,0.25,2249,"[212, 213, 271, 284, 204, 307, 193, 241, 324]",4,-0.032563325437018585
dirichlet_a0.1,42,7,0.5,4499,"[446, 469, 542, 539, 397, 586, 390, 480, 650]",0,-0.21098609401332136
dirichlet_a0.1,42,7,0.5,4499,"[446, 469, 542, 539, 397, 586, 390, 480, 650]",1,0.16372583231466795
dirichlet_a0.1,42,7,0.5,4499,"[446, 469, 542, 539, 397, 586, 390, 480, 650]",2,0.43086600015294485
dirichlet_a0.1,42,7,0.5,4499,"[446, 469, 542, 539, 397, 586, 390, 480, 650]",3,0.3369742195545292
dirichlet_a0.1,42,7,0.5,4499,"[446, 469, 542, 539, 397, 586, 390, 480, 650]",4,0.06362143395055493
dirichlet_a0.1,42,7,1.0,8999,"[928, 941, 1099, 1067, 810, 1159, 778, 913, 1304]",0,0.26020654164852
dirichlet_a0.1,42,7,1.0,8999,"[928, 941, 1099, 1067, 810, 1159, 778, 913, 1304]",1,0.2818502406263832
dirichlet_a0.1,42,7,1.0,8999,"[928, 941, 1099, 1067, 810, 1159, 778, 913, 1304]",2,0.1688802217796114
dirichlet_a0.1,42,7,1.0,8999,"[928, 941, 1099, 1067, 810, 1159, 778, 913, 1304]",3,0.7042030809064384
dirichlet_a0.1,42,7,1.0,8999,"[928, 941, 1099, 1067, 810, 1159, 778, 913, 1304]",4,-0.032609425343373334
dirichlet_a0.1,42,8,0.1,899,"[89, 93, 111, 107, 68, 124, 76, 99, 132]",0,0.4047347205731189
dirichlet_a0.1,42,8,0.1,899,"[89, 93, 111, 107, 68, 124, 76, 99, 132]",1,0.053143537041648634
dirichlet_a0.1,42,8,0.1,899,"[89, 93, 111, 107, 68, 124, 76, 99, 132]",2,0.3392480532145883
dirichlet_a0.1,42,8,0.1,899,"[89, 93, 111, 107, 68, 124, 76, 99, 132]",3,0.10600438821280209
dirichlet_a0.1,42,8,0.1,899,"[89, 93, 111, 107, 68, 124, 76, 99, 132]",4,-0.390260195277835
dirichlet_a0.1,42,8,0.25,2249,"[212, 213, 271, 284, 204, 307, 193, 241, 324]",0,-0.11179270339752741
dirichlet_a0.1,42,8,0.25,2249,"[212, 213, 271, 284, 204, 307, 193, 241, 324]",1,0.04326922009502681
dirichlet_a0.1,42,8,0.25,2249,"[212, 213, 271, 284, 204, 307, 193, 241, 324]",2,0.35820192278426793
dirichlet_a0.1,42,8,0.25,2249,"[212, 213, 271, 284, 204, 307, 193, 241, 324]",3,0.43667917683601293
dirichlet_a0.1,42,8,0.25,2249,"[212, 213, 271, 284, 204, 307, 193, 241, 324]",4,0.005739937772625791
dirichlet_a0.1,42,8,0.5,4499,"[446, 469, 542, 539, 397, 586, 390, 480, 650]",0,0.12155661407900017
dirichlet_a0.1,42,8,0.5,4499,"[446, 469, 542, 539, 397, 586, 390, 480, 650]",1,0.3396562419780719
dirichlet_a0.1,42,8,0.5,4499,"[446, 469, 542, 539, 397, 586, 390, 480, 650]",2,0.13814406695560763
dirichlet_a0.1,42,8,0.5,4499,"[446, 469, 542, 539, 397, 586, 390, 480, 650]",3,0.5046694137523576
dirichlet_a0.1,42,8,0.5,4499,"[446, 469, 542, 539, 397, 586, 390, 480, 650]",4,0.3131356364511902
dirichlet_a0.1,42,8,1.0,8999,"[928, 941, 1099, 1067, 810, 1159, 778, 913, 1304]",0,0.3522847754315874
dirichlet_a0.1,42,8,1.0,8999,"[928, 941, 1099, 1067, 810, 1159, 778, 913, 1304]",1,0.45346089225339264
dirichlet_a0.1,42,8,1.0,8999,"[928, 941, 1099, 1067, 810, 1159, 778, 913, 1304]",2,0.03845480233503883
dirichlet_a0.1,42,8,1.0,8999,"[928, 941, 1099, 1067, 810, 1159, 778, 913, 1304]",3,0.836652505391569
dirichlet_a0.1,42,8,1.0,8999,"[928, 941, 1099, 1067, 810, 1159, 778, 913, 1304]",4,0.0731298490901173
dirichlet_a0.1,42,9,0.1,899,"[89, 93, 111, 107, 68, 124, 76, 99, 132]",0,-0.2780536255996538
dirichlet_a0.1,42,9,0.1,899,"[89, 93, 111, 107, 68, 124, 76, 99, 132]",1,-0.12200333837526112
dirichlet_a0.1,42,9,0.1,899,"[89, 93, 111, 107, 68, 124, 76, 99, 132]",2,0.46831768951525066
dirichlet_a0.1,42,9,0.1,899,"[89, 93, 111, 107, 68, 124, 76, 99, 132]",3,0.2674732291754618
dirichlet_a0.1,42,9,0.1,899,"[89, 93, 111, 107, 68, 124, 76, 99, 132]",4,0.01705540880109131
dirichlet_a0.1,42,9,0.25,2249,"[212, 213, 271, 284, 204, 307, 193, 241, 324]",0,0.12050419785728111
dirichlet_a0.1,42,9,0.25,2249,"[212, 213, 271, 284, 204, 307, 193, 241, 324]",1,0.3074064961373928
dirichlet_a0.1,42,9,0.25,2249,"[212, 213, 271, 284, 204, 307, 193, 241, 324]",2,0.2007781830212107
dirichlet_a0.1,42,9,0.25,2249,"[212, 213, 271, 284, 204, 307, 193, 241, 324]",3,0.5452199138260471
dirichlet_a0.1,42,9,0.25,2249,"[212, 213, 271, 284, 204, 307, 193, 241, 324]",4,0.040550411143198566
dirichlet_a0.1,42,9,0.5,4499,"[446, 469, 542, 539, 397, 586, 390, 480, 650]",0,0.23719509188998916
dirichlet_a0.1,42,9,0.5,4499,"[446, 469, 542, 539, 397, 586, 390, 480, 650]",1,0.41468619392014877
dirichlet_a0.1,42,9,0.5,4499,"[446, 469, 542, 539, 397, 586, 390, 480, 650]",2,0.1924011351346398
dirichlet_a0.1,42,9,0.5,4499,"[446, 469, 542, 539, 397, 586, 390, 480, 650]",3,0.7002207059195686
dirichlet_a0.1,42,9,0.5,4499,"[446, 469, 542, 539, 397, 586, 390, 480, 650]",4,0.14321959307443188
dirichlet_a0.1,42,9,1.0,8999,"[928, 941, 1099, 1067, 810, 1159, 778, 913, 1304]",0,0.26933549838875165
dirichlet_a0.1,42,9,1.0,8999,"[928, 941, 1099, 1067, 810, 1159, 778, 913, 1304]",1,0.5036469122301391
dirichlet_a0.1,42,9,1.0,8999,"[928, 941, 1099, 1067, 810, 1159, 778, 913, 1304]",2,0.11419891817051415
dirichlet_a0.1,42,9,1.0,8999,"[928, 941, 1099, 1067, 810, 1159, 778, 913, 1304]",3,0.788610812083747
dirichlet_a0.1,42,9,1.0,8999,"[928, 941, 1099, 1067, 810, 1159, 778, 913, 1304]",4,0.1810671247065797
dirichlet_a0.1,43,0,0.1,899,"[84, 92, 108, 101, 85, 140, 79, 82, 128]",0,-0.013984136482885875
dirichlet_a0.1,43,0,0.1,899,"[84, 92, 108, 101, 85, 140, 79, 82, 128]",1,-0.059919251190906145
dirichlet_a0.1,43,0,0.1,899,"[84, 92, 108, 101, 85, 140, 79, 82, 128]",2,0.23422795289607168
dirichlet_a0.1,43,0,0.1,899,"[84, 92, 108, 101, 85, 140, 79, 82, 128]",3,-0.1507440400880915
dirichlet_a0.1,43,0,0.1,899,"[84, 92, 108, 101, 85, 140, 79, 82, 128]",4,-0.2684556183718796
dirichlet_a0.1,43,0,0.25,2249,"[224, 224, 255, 269, 192, 338, 193, 223, 331]",0,0.26099458129264397
dirichlet_a0.1,43,0,0.25,2249,"[224, 224, 255, 269, 192, 338, 193, 223, 331]",1,-0.07034603118697912
dirichlet_a0.1,43,0,0.25,2249,"[224, 224, 255, 269, 192, 338, 193, 223, 331]",2,0.13009263947758587
dirichlet_a0.1,43,0,0.25,2249,"[224, 224, 255, 269, 192, 338, 193, 223, 331]",3,-0.09357183466011762
dirichlet_a0.1,43,0,0.25,2249,"[224, 224, 255, 269, 192, 338, 193, 223, 331]",4,-0.05588681021357545
dirichlet_a0.1,43,0,0.5,4499,"[458, 480, 509, 509, 404, 650, 385, 453, 651]",0,0.33518541234031357
dirichlet_a0.1,43,0,0.5,4499,"[458, 480, 509, 509, 404, 650, 385, 453, 651]",1,-0.058406736539547865
dirichlet_a0.1,43,0,0.5,4499,"[458, 480, 509, 509, 404, 650, 385, 453, 651]",2,0.1461740737684648
dirichlet_a0.1,43,0,0.5,4499,"[458, 480, 509, 509, 404, 650, 385, 453, 651]",3,-0.02666194754315553
dirichlet_a0.1,43,0,0.5,4499,"[458, 480, 509, 509, 404, 650, 385, 453, 651]",4,-0.0373084436735743
dirichlet_a0.1,43,0,1.0,8999,"[940, 931, 1019, 1026, 831, 1241, 769, 917, 1325]",0,0.38592718765586
dirichlet_a0.1,43,0,1.0,8999,"[940, 931, 1019, 1026, 831, 1241, 769, 917, 1325]",1,-0.04266638671080353
dirichlet_a0.1,43,0,1.0,8999,"[940, 931, 1019, 1026, 831, 1241, 769, 917, 1325]",2,0.23030747761028772
dirichlet_a0.1,43,0,1.0,8999,"[940, 931, 1019, 1026, 831, 1241, 769, 917, 1325]",3,0.08926013081710894
dirichlet_a0.1,43,0,1.0,8999,"[940, 931, 1019, 1026, 831, 1241, 769, 917, 1325]",4,0.0215267901471403
dirichlet_a0.1,43,1,0.1,899,"[84, 92, 108, 101, 85, 140, 79, 82, 128]",0,-0.17401161280752137
dirichlet_a0.1,43,1,0.1,899,"[84, 92, 108, 101, 85, 140, 79, 82, 128]",1,-0.22836889484294126
dirichlet_a0.1,43,1,0.1,899,"[84, 92, 108, 101, 85, 140, 79, 82, 128]",2,0.3449532213408841
dirichlet_a0.1,43,1,0.1,899,"[84, 92, 108, 101, 85, 140, 79, 82, 128]",3,-0.0670866554965504
dirichlet_a0.1,43,1,0.1,899,"[84, 92, 108, 101, 85, 140, 79, 82, 128]",4,-0.45487673980119486
dirichlet_a0.1,43,1,0.25,2249,"[224, 224, 255, 269, 192, 338, 193, 223, 331]",0,0.3596902818785014
dirichlet_a0.1,43,1,0.25,2249,"[224, 224, 255, 269, 192, 338, 193, 223, 331]",1,-0.21942260249247367
dirichlet_a0.1,43,1,0.25,2249,"[224, 224, 255, 269, 192, 338, 193, 223, 331]",2,0.3666927722147907
dirichlet_a0.1,43,1,0.25,2249,"[224, 224, 255, 269, 192, 338, 193, 223, 331]",3,-0.40556823761713795
dirichlet_a0.1,43,1,0.25,2249,"[224, 224, 255, 269, 192, 338, 193, 223, 331]",4,-0.5134696315387247
dirichlet_a0.1,43,1,0.5,4499,"[458, 480, 509, 509, 404, 650, 385, 453, 651]",0,0.35740769637326814
dirichlet_a0.1,43,1,0.5,4499,"[458, 480, 509, 509, 404, 650, 385, 453, 651]",1,-0.29393810494242356
dirichlet_a0.1,43,1,0.5,4499,"[458, 480, 509, 509, 404, 650, 385, 453, 651]",2,0.480795806063163
dirichlet_a0.1,43,1,0.5,4499,"[458, 480, 509, 509, 404, 650, 385, 453, 651]",3,-0.3180740852020608
dirichlet_a0.1,43,1,0.5,4499,"[458, 480, 509, 509, 404, 650, 385, 453, 651]",4,-0.5510473143056792
dirichlet_a0.1,43,1,1.0,8999,"[940, 931, 1019, 1026, 831, 1241, 769, 917, 1325]",0,0.36719258045126774
dirichlet_a0.1,43,1,1.0,8999,"[940, 931, 1019, 1026, 831, 1241, 769, 917, 1325]",1,-0.2845883128300336
dirichlet_a0.1,43,1,1.0,8999,"[940, 931, 1019, 1026, 831, 1241, 769, 917, 1325]",2,0.43971182371338563
dirichlet_a0.1,43,1,1.0,8999,"[940, 931, 1019, 1026, 831, 1241, 769, 917, 1325]",3,-0.15256220211888366
dirichlet_a0.1,43,1,1.0,8999,"[940, 931, 1019, 1026, 831, 1241, 769, 917, 1325]",4,-0.45478231038518435
dirichlet_a0.1,43,2,0.1,899,"[84, 92, 108, 101, 85, 140, 79, 82, 128]",0,0.4714921734344046
dirichlet_a0.1,43,2,0.1,899,"[84, 92, 108, 101, 85, 140, 79, 82, 128]",1,-0.09930725727770792
dirichlet_a0.1,43,2,0.1,899,"[84, 92, 108, 101, 85, 140, 79, 82, 128]",2,0.34406917202428716
dirichlet_a0.1,43,2,0.1,899,"[84, 92, 108, 101, 85, 140, 79, 82, 128]",3,-0.4060861105096596
dirichlet_a0.1,43,2,0.1,899,"[84, 92, 108, 101, 85, 140, 79, 82, 128]",4,-0.6812333822890694
dirichlet_a0.1,43,2,0.25,2249,"[224, 224, 255, 269, 192, 338, 193, 223, 331]",0,0.45164233312188345
dirichlet_a0.1,43,2,0.25,2249,"[224, 224, 255, 269, 192, 338, 193, 223, 331]",1,-0.07793624107127396
dirichlet_a0.1,43,2,0.25,2249,"[224, 224, 255, 269, 192, 338, 193, 223, 331]",2,0.37544955700810834
dirichlet_a0.1,43,2,0.25,2249,"[224, 224, 255, 269, 192, 338, 193, 223, 331]",3,-0.2827882436552829
dirichlet_a0.1,43,2,0.25,2249,"[224, 224, 255, 269, 192, 338, 193, 223, 331]",4,-0.7145474291589035
dirichlet_a0.1,43,2,0.5,4499,"[458, 480, 509, 509, 404, 650, 385, 453, 651]",0,0.4236038499395603
dirichlet_a0.1,43,2,0.5,4499,"[458, 480, 509, 509, 404, 650, 385, 453, 651]",1,-0.14033392740160708
dirichlet_a0.1,43,2,0.5,4499,"[458, 480, 509, 509, 404, 650, 385, 453, 651]",2,0.38191788994821324
dirichlet_a0.1,43,2,0.5,4499,"[458, 480, 509, 509, 404, 650, 385, 453, 651]",3,-0.11525713659423507
dirichlet_a0.1,43,2,0.5,4499,"[458, 480, 509, 509, 404, 650, 385, 453, 651]",4,-0.6584852797425766
dirichlet_a0.1,43,2,1.0,8999,"[940, 931, 1019, 1026, 831, 1241, 769, 917, 1325]",0,0.4334090228575484
dirichlet_a0.1,43,2,1.0,8999,"[940, 931, 1019, 1026, 831, 1241, 769, 917, 1325]",1,-0.02361067326606527
dirichlet_a0.1,43,2,1.0,8999,"[940, 931, 1019, 1026, 831, 1241, 769, 917, 1325]",2,0.41143847799855865
dirichlet_a0.1,43,2,1.0,8999,"[940, 931, 1019, 1026, 831, 1241, 769, 917, 1325]",3,-0.06986623462776095
dirichlet_a0.1,43,2,1.0,8999,"[940, 931, 1019, 1026, 831, 1241, 769, 917, 1325]",4,-0.649670919821416
dirichlet_a0.1,43,3,0.1,899,"[84, 92, 108, 101, 85, 140, 79, 82, 128]",0,0.44278926224051296
dirichlet_a0.1,43,3,0.1,899,"[84, 92, 108, 101, 85, 140, 79, 82, 128]",1,-0.12640489451532294
dirichlet_a0.1,43,3,0.1,899,"[84, 92, 108, 101, 85, 140, 79, 82, 128]",2,0.16315109297961783
dirichlet_a0.1,43,3,0.1,899,"[84, 92, 108, 101, 85, 140, 79, 82, 128]",3,-0.2144647472684295
dirichlet_a0.1,43,3,0.1,899,"[84, 92, 108, 101, 85, 140, 79, 82, 128]",4,-0.31569721885452257
dirichlet_a0.1,43,3,0.25,2249,"[224, 224, 255, 269, 192, 338, 193, 223, 331]",0,0.3730482664447082
dirichlet_a0.1,43,3,0.25,2249,"[224, 224, 255, 269, 192, 338, 193, 223, 331]",1,0.021395130439189388
dirichlet_a0.1,43,3,0.25,2249,"[224, 224, 255, 269, 192, 338, 193, 223, 331]",2,0.37238508749204896
dirichlet_a0.1,43,3,0.25,2249,"[224, 224, 255, 269, 192, 338, 193, 223, 331]",3,-0.20942637304792758
dirichlet_a0.1,43,3,0.25,2249,"[224, 224, 255, 269, 192, 338, 193, 223, 331]",4,-0.5395737977446798
dirichlet_a0.1,43,3,0.5,4499,"[458, 480, 509, 509, 404, 650, 385, 453, 651]",0,0.5108004689638985
dirichlet_a0.1,43,3,0.5,4499,"[458, 480, 509, 509, 404, 650, 385, 453, 651]",1,-0.13202472074055538
dirichlet_a0.1,43,3,0.5,4499,"[458, 480, 509, 509, 404, 650, 385, 453, 651]",2,0.4842971120061738
dirichlet_a0.1,43,3,0.5,4499,"[458, 480, 509, 509, 404, 650, 385, 453, 651]",3,-0.03949971634785224
dirichlet_a0.1,43,3,0.5,4499,"[458, 480, 509, 509, 404, 650, 385, 453, 651]",4,-0.6748577316333714
dirichlet_a0.1,43,3,1.0,8999,"[940, 931, 1019, 1026, 831, 1241, 769, 917, 1325]",0,0.543273448379179
dirichlet_a0.1,43,3,1.0,8999,"[940, 931, 1019, 1026, 831, 1241, 769, 917, 1325]",1,0.14120964906788885
dirichlet_a0.1,43,3,1.0,8999,"[940, 931, 1019, 1026, 831, 1241, 769, 917, 1325]",2,0.4284919314967651
dirichlet_a0.1,43,3,1.0,8999,"[940, 931, 1019, 1026, 831, 1241, 769, 917, 1325]",3,0.03685075254107423
dirichlet_a0.1,43,3,1.0,8999,"[940, 931, 1019, 1026, 831, 1241, 769, 917, 1325]",4,-0.4841845897206588
dirichlet_a0.1,43,4,0.1,899,"[84, 92, 108, 101, 85, 140, 79, 82, 128]",0,0.08344484234012992
dirichlet_a0.1,43,4,0.1,899,"[84, 92, 108, 101, 85, 140, 79, 82, 128]",1,0.0013324849063678075
dirichlet_a0.1,43,4,0.1,899,"[84, 92, 108, 101, 85, 140, 79, 82, 128]",2,0.3641889241082162
dirichlet_a0.1,43,4,0.1,899,"[84, 92, 108, 101, 85, 140, 79, 82, 128]",3,-0.11751005815133377
dirichlet_a0.1,43,4,0.1,899,"[84, 92, 108, 101, 85, 140, 79, 82, 128]",4,-0.4925834992959542
dirichlet_a0.1,43,4,0.25,2249,"[224, 224, 255, 269, 192, 338, 193, 223, 331]",0,0.497237389787587
dirichlet_a0.1,43,4,0.25,2249,"[224, 224, 255, 269, 192, 338, 193, 223, 331]",1,0.0913066226434498
dirichlet_a0.1,43,4,0.25,2249,"[224, 224, 255, 269, 192, 338, 193, 223, 331]",2,0.308578235134988
dirichlet_a0.1,43,4,0.25,2249,"[224, 224, 255, 269, 192, 338, 193, 223, 331]",3,-0.1239811421224743
dirichlet_a0.1,43,4,0.25,2249,"[224, 224, 255, 269, 192, 338, 193, 223, 331]",4,-0.6449444590125772
dirichlet_a0.1,43,4,0.5,4499,"[458, 480, 509, 509, 404, 650, 385, 453, 651]",0,0.5088059134732282
dirichlet_a0.1,43,4,0.5,4499,"[458, 480, 509, 509, 404, 650, 385, 453, 651]",1,0.026648493920172753
dirichlet_a0.1,43,4,0.5,4499,"[458, 480, 509, 509, 404, 650, 385, 453, 651]",2,0.5205035052389128
dirichlet_a0.1,43,4,0.5,4499,"[458, 480, 509, 509, 404, 650, 385, 453, 651]",3,0.18411729358375192
dirichlet_a0.1,43,4,0.5,4499,"[458, 480, 509, 509, 404, 650, 385, 453, 651]",4,-0.5907747146240047
dirichlet_a0.1,43,4,1.0,8999,"[940, 931, 1019, 1026, 831, 1241, 769, 917, 1325]",0,0.6796863317698731
dirichlet_a0.1,43,4,1.0,8999,"[940, 931, 1019, 1026, 831, 1241, 769, 917, 1325]",1,0.08202104743909906
dirichlet_a0.1,43,4,1.0,8999,"[940, 931, 1019, 1026, 831, 1241, 769, 917, 1325]",2,0.5925917435579429
dirichlet_a0.1,43,4,1.0,8999,"[940, 931, 1019, 1026, 831, 1241, 769, 917, 1325]",3,0.3608869583773665
dirichlet_a0.1,43,4,1.0,8999,"[940, 931, 1019, 1026, 831, 1241, 769, 917, 1325]",4,-0.43599133941895424
dirichlet_a0.1,43,5,0.1,899,"[84, 92, 108, 101, 85, 140, 79, 82, 128]",0,0.11658145500828213
dirichlet_a0.1,43,5,0.1,899,"[84, 92, 108, 101, 85, 140, 79, 82, 128]",1,0.15595517026067343
dirichlet_a0.1,43,5,0.1,899,"[84, 92, 108, 101, 85, 140, 79, 82, 128]",2,0.29580927122099315
dirichlet_a0.1,43,5,0.1,899,"[84, 92, 108, 101, 85, 140, 79, 82, 128]",3,-0.03214338344887474
dirichlet_a0.1,43,5,0.1,899,"[84, 92, 108, 101, 85, 140, 79, 82, 128]",4,-0.10785793266290775
dirichlet_a0.1,43,5,0.25,2249,"[224, 224, 255, 269, 192, 338, 193, 223, 331]",0,0.5790329827847401
dirichlet_a0.1,43,5,0.25,2249,"[224, 224, 255, 269, 192, 338, 193, 223, 331]",1,-0.006012520923346977
dirichlet_a0.1,43,5,0.25,2249,"[224, 224, 255, 269, 192, 338, 193, 223, 331]",2,0.43138375129710343
dirichlet_a0.1,43,5,0.25,2249,"[224, 224, 255, 269, 192, 338, 193, 223, 331]",3,0.01320335908943065
dirichlet_a0.1,43,5,0.25,2249,"[224, 224, 255, 269, 192, 338, 193, 223, 331]",4,-0.6034074260388017
dirichlet_a0.1,43,5,0.5,4499,"[458, 480, 509, 509, 404, 650, 385, 453, 651]",0,0.5782267475956581
dirichlet_a0.1,43,5,0.5,4499,"[458, 480, 509, 509, 404, 650, 385, 453, 651]",1,0.4048522292899885
dirichlet_a0.1,43,5,0.5,4499,"[458, 480, 509, 509, 404, 650, 385, 453, 651]",2,0.39972648226381463
dirichlet_a0.1,43,5,0.5,4499,"[458, 480, 509, 509, 404, 650, 385, 453, 651]",3,0.14162943656397523
dirichlet_a0.1,43,5,0.5,4499,"[458, 480, 509, 509, 404, 650, 385, 453, 651]",4,-0.2559506861047503
dirichlet_a0.1,43,5,1.0,8999,"[940, 931, 1019, 1026, 831, 1241, 769, 917, 1325]",0,0.7261295122596294
dirichlet_a0.1,43,5,1.0,8999,"[940, 931, 1019, 1026, 831, 1241, 769, 917, 1325]",1,0.2680715918586085
dirichlet_a0.1,43,5,1.0,8999,"[940, 931, 1019, 1026, 831, 1241, 769, 917, 1325]",2,0.686041798910289
dirichlet_a0.1,43,5,1.0,8999,"[940, 931, 1019, 1026, 831, 1241, 769, 917, 1325]",3,0.5043797591286842
dirichlet_a0.1,43,5,1.0,8999,"[940, 931, 1019, 1026, 831, 1241, 769, 917, 1325]",4,-0.21938814172657378
dirichlet_a0.1,43,6,0.1,899,"[84, 92, 108, 101, 85, 140, 79, 82, 128]",0,0.6362077132820779
dirichlet_a0.1,43,6,0.1,899,"[84, 92, 108, 101, 85, 140, 79, 82, 128]",1,-0.06670777975461069
dirichlet_a0.1,43,6,0.1,899,"[84, 92, 108, 101, 85, 140, 79, 82, 128]",2,0.3174058461560423
dirichlet_a0.1,43,6,0.1,899,"[84, 92, 108, 101, 85, 140, 79, 82, 128]",3,-0.23249714018039672
dirichlet_a0.1,43,6,0.1,899,"[84, 92, 108, 101, 85, 140, 79, 82, 128]",4,-0.7894635292360073
dirichlet_a0.1,43,6,0.25,2249,"[224, 224, 255, 269, 192, 338, 193, 223, 331]",0,0.5697299618909405
dirichlet_a0.1,43,6,0.25,2249,"[224, 224, 255, 269, 192, 338, 193, 223, 331]",1,0.03806319460059605
dirichlet_a0.1,43,6,0.25,2249,"[224, 224, 255, 269, 192, 338, 193, 223, 331]",2,0.5482942398344272
dirichlet_a0.1,43,6,0.25,2249,"[224, 224, 255, 269, 192, 338, 193, 223, 331]",3,0.11838419957124884
dirichlet_a0.1,43,6,0.25,2249,"[224, 224, 255, 269, 192, 338, 193, 223, 331]",4,-0.6048255068014776
dirichlet_a0.1,43,6,0.5,4499,"[458, 480, 509, 509, 404, 650, 385, 453, 651]",0,0.7159239281256105
dirichlet_a0.1,43,6,0.5,4499,"[458, 480, 509, 509, 404, 650, 385, 453, 651]",1,0.20405956309925802
dirichlet_a0.1,43,6,0.5,4499,"[458, 480, 509, 509, 404, 650, 385, 453, 651]",2,0.6327678409274169
dirichlet_a0.1,43,6,0.5,4499,"[458, 480, 509, 509, 404, 650, 385, 453, 651]",3,0.38051278391547
dirichlet_a0.1,43,6,0.5,4499,"[458, 480, 509, 509, 404, 650, 385, 453, 651]",4,-0.24758628025110138
dirichlet_a0.1,43,6,1.0,8999,"[940, 931, 1019, 1026, 831, 1241, 769, 917, 1325]",0,0.7256685123332399
dirichlet_a0.1,43,6,1.0,8999,"[940, 931, 1019, 1026, 831, 1241, 769, 917, 1325]",1,0.24107044950265907
dirichlet_a0.1,43,6,1.0,8999,"[940, 931, 1019, 1026, 831, 1241, 769, 917, 1325]",2,0.6535217579555562
dirichlet_a0.1,43,6,1.0,8999,"[940, 931, 1019, 1026, 831, 1241, 769, 917, 1325]",3,0.49742861067441363
dirichlet_a0.1,43,6,1.0,8999,"[940, 931, 1019, 1026, 831, 1241, 769, 917, 1325]",4,-0.22584593658929922
dirichlet_a0.1,43,7,0.1,899,"[84, 92, 108, 101, 85, 140, 79, 82, 128]",0,0.14132597679291123
dirichlet_a0.1,43,7,0.1,899,"[84, 92, 108, 101, 85, 140, 79, 82, 128]",1,0.06244738174322994
dirichlet_a0.1,43,7,0.1,899,"[84, 92, 108, 101, 85, 140, 79, 82, 128]",2,0.36587689144743996
dirichlet_a0.1,43,7,0.1,899,"[84, 92, 108, 101, 85, 140, 79, 82, 128]",3,0.2435994928161466
dirichlet_a0.1,43,7,0.1,899,"[84, 92, 108, 101, 85, 140, 79, 82, 128]",4,-0.3351444541503101
dirichlet_a0.1,43,7,0.25,2249,"[224, 224, 255, 269, 192, 338, 193, 223, 331]",0,0.5283782811357928
dirichlet_a0.1,43,7,0.25,2249,"[224, 224, 255, 269, 192, 338, 193, 223, 331]",1,0.18771703530714665
dirichlet_a0.1,43,7,0.25,2249,"[224, 224, 255, 269, 192, 338, 193, 223, 331]",2,0.42477681689309854
dirichlet_a0.1,43,7,0.25,2249,"[224, 224, 255, 269, 192, 338, 193, 223, 331]",3,-0.05199771256671146
dirichlet_a0.1,43,7,0.25,2249,"[224, 224, 255, 269, 192, 338, 193, 223, 331]",4,-0.5246259571302058
dirichlet_a0.1,43,7,0.5,4499,"[458, 480, 509, 509, 404, 650, 385, 453, 651]",0,0.5778138585251246
dirichlet_a0.1,43,7,0.5,4499,"[458, 480, 509, 509, 404, 650, 385, 453, 651]",1,0.3520681741824577
dirichlet_a0.1,43,7,0.5,4499,"[458, 480, 509, 509, 404, 650, 385, 453, 651]",2,0.43538516811920763
dirichlet_a0.1,43,7,0.5,4499,"[458, 480, 509, 509, 404, 650, 385, 453, 651]",3,0.1014915369316232
dirichlet_a0.1,43,7,0.5,4499,"[458, 480, 509, 509, 404, 650, 385, 453, 651]",4,-0.4448271626864729
dirichlet_a0.1,43,7,1.0,8999,"[940, 931, 1019, 1026, 831, 1241, 769, 917, 1325]",0,0.45723000054916413
dirichlet_a0.1,43,7,1.0,8999,"[940, 931, 1019, 1026, 831, 1241, 769, 917, 1325]",1,0.42158485369515775
dirichlet_a0.1,43,7,1.0,8999,"[940, 931, 1019, 1026, 831, 1241, 769, 917, 1325]",2,0.5501574635447777
dirichlet_a0.1,43,7,1.0,8999,"[940, 931, 1019, 1026, 831, 1241, 769, 917, 1325]",3,0.35377123567623936
dirichlet_a0.1,43,7,1.0,8999,"[940, 931, 1019, 1026, 831, 1241, 769, 917, 1325]",4,-0.19013181673800852
dirichlet_a0.1,43,8,0.1,899,"[84, 92, 108, 101, 85, 140, 79, 82, 128]",0,0.253185518705392
dirichlet_a0.1,43,8,0.1,899,"[84, 92, 108, 101, 85, 140, 79, 82, 128]",1,0.11831190732902315
dirichlet_a0.1,43,8,0.1,899,"[84, 92, 108, 101, 85, 140, 79, 82, 128]",2,0.20131698234535228
dirichlet_a0.1,43,8,0.1,899,"[84, 92, 108, 101, 85, 140, 79, 82, 128]",3,-0.24162449969447541
dirichlet_a0.1,43,8,0.1,899,"[84, 92, 108, 101, 85, 140, 79, 82, 128]",4,-0.5219082235569021
dirichlet_a0.1,43,8,0.25,2249,"[224, 224, 255, 269, 192, 338, 193, 223, 331]",0,0.5361839574621399
dirichlet_a0.1,43,8,0.25,2249,"[224, 224, 255, 269, 192, 338, 193, 223, 331]",1,0.21293507015585958
dirichlet_a0.1,43,8,0.25,2249,"[224, 224, 255, 269, 192, 338, 193, 223, 331]",2,0.2636712578495632
dirichlet_a0.1,43,8,0.25,2249,"[224, 224, 255, 269, 192, 338, 193, 223, 331]",3,-0.22917024597015645
dirichlet_a0.1,43,8,0.25,2249,"[224, 224, 255, 269, 192, 338, 193, 223, 331]",4,-0.5765107535522513
dirichlet_a0.1,43,8,0.5,4499,"[458, 480, 509, 509, 404, 650, 385, 453, 651]",0,0.4937505490107775
dirichlet_a0.1,43,8,0.5,4499,"[458, 480, 509, 509, 404, 650, 385, 453, 651]",1,0.4000782680842026
dirichlet_a0.1,43,8,0.5,4499,"[458, 480, 509, 509, 404, 650, 385, 453, 651]",2,0.29279511258074814
dirichlet_a0.1,43,8,0.5,4499,"[458, 480, 509, 509, 404, 650, 385, 453, 651]",3,-0.10732809673828575
dirichlet_a0.1,43,8,0.5,4499,"[458, 480, 509, 509, 404, 650, 385, 453, 651]",4,-0.43104052468615844
dirichlet_a0.1,43,8,1.0,8999,"[940, 931, 1019, 1026, 831, 1241, 769, 917, 1325]",0,0.5082285457610866
dirichlet_a0.1,43,8,1.0,8999,"[940, 931, 1019, 1026, 831, 1241, 769, 917, 1325]",1,0.5093021213695124
dirichlet_a0.1,43,8,1.0,8999,"[940, 931, 1019, 1026, 831, 1241, 769, 917, 1325]",2,0.4314518783119454
dirichlet_a0.1,43,8,1.0,8999,"[940, 931, 1019, 1026, 831, 1241, 769, 917, 1325]",3,0.12136139453506795
dirichlet_a0.1,43,8,1.0,8999,"[940, 931, 1019, 1026, 831, 1241, 769, 917, 1325]",4,-0.3008874617322891
dirichlet_a0.1,43,9,0.1,899,"[84, 92, 108, 101, 85, 140, 79, 82, 128]",0,0.6111295308837417
dirichlet_a0.1,43,9,0.1,899,"[84, 92, 108, 101, 85, 140, 79, 82, 128]",1,-0.021796011862991183
dirichlet_a0.1,43,9,0.1,899,"[84, 92, 108, 101, 85, 140, 79, 82, 128]",2,0.28897217860378316
dirichlet_a0.1,43,9,0.1,899,"[84, 92, 108, 101, 85, 140, 79, 82, 128]",3,-0.29691568125862194
dirichlet_a0.1,43,9,0.1,899,"[84, 92, 108, 101, 85, 140, 79, 82, 128]",4,-0.7419435401305314
dirichlet_a0.1,43,9,0.25,2249,"[224, 224, 255, 269, 192, 338, 193, 223, 331]",0,0.5065672051807012
dirichlet_a0.1,43,9,0.25,2249,"[224, 224, 255, 269, 192, 338, 193, 223, 331]",1,0.28749557454948915
dirichlet_a0.1,43,9,0.25,2249,"[224, 224, 255, 269, 192, 338, 193, 223, 331]",2,0.23173770411736871
dirichlet_a0.1,43,9,0.25,2249,"[224, 224, 255, 269, 192, 338, 193, 223, 331]",3,-0.25404803656548686
dirichlet_a0.1,43,9,0.25,2249,"[224, 224, 255, 269, 192, 338, 193, 223, 331]",4,-0.5281682801849584
dirichlet_a0.1,43,9,0.5,4499,"[458, 480, 509, 509, 404, 650, 385, 453, 651]",0,0.6417000248589433
dirichlet_a0.1,43,9,0.5,4499,"[458, 480, 509, 509, 404, 650, 385, 453, 651]",1,0.35862809095462933
dirichlet_a0.1,43,9,0.5,4499,"[458, 480, 509, 509, 404, 650, 385, 453, 651]",2,0.38628760736695994
dirichlet_a0.1,43,9,0.5,4499,"[458, 480, 509, 509, 404, 650, 385, 453, 651]",3,-0.1410066295963659
dirichlet_a0.1,43,9,0.5,4499,"[458, 480, 509, 509, 404, 650, 385, 453, 651]",4,-0.43968266269344003
dirichlet_a0.1,43,9,1.0,8999,"[940, 931, 1019, 1026, 831, 1241, 769, 917, 1325]",0,0.6150495070311444
dirichlet_a0.1,43,9,1.0,8999,"[940, 931, 1019, 1026, 831, 1241, 769, 917, 1325]",1,0.5261588564869113
dirichlet_a0.1,43,9,1.0,8999,"[940, 931, 1019, 1026, 831, 1241, 769, 917, 1325]",2,0.3550726681300954
dirichlet_a0.1,43,9,1.0,8999,"[940, 931, 1019, 1026, 831, 1241, 769, 917, 1325]",3,0.020946034522657683
dirichlet_a0.1,43,9,1.0,8999,"[940, 931, 1019, 1026, 831, 1241, 769, 917, 1325]",4,-0.26662299836404635
dirichlet_a0.1,44,0,0.1,899,"[90, 107, 108, 99, 94, 114, 87, 75, 125]",0,0.2521539283089291
dirichlet_a0.1,44,0,0.1,899,"[90, 107, 108, 99, 94, 114, 87, 75, 125]",1,-0.13641927894977846
dirichlet_a0.1,44,0,0.1,899,"[90, 107, 108, 99, 94, 114, 87, 75, 125]",2,0.1133016272228657
dirichlet_a0.1,44,0,0.1,899,"[90, 107, 108, 99, 94, 114, 87, 75, 125]",3,-0.03788569534639988
dirichlet_a0.1,44,0,0.1,899,"[90, 107, 108, 99, 94, 114, 87, 75, 125]",4,0.06377000488851543
dirichlet_a0.1,44,0,0.25,2249,"[203, 251, 277, 257, 201, 292, 217, 219, 332]",0,-0.20895315703075334
dirichlet_a0.1,44,0,0.25,2249,"[203, 251, 277, 257, 201, 292, 217, 219, 332]",1,0.28829041766204594
dirichlet_a0.1,44,0,0.25,2249,"[203, 251, 277, 257, 201, 292, 217, 219, 332]",2,-0.0033977810781786045
dirichlet_a0.1,44,0,0.25,2249,"[203, 251, 277, 257, 201, 292, 217, 219, 332]",3,-0.1482996894910644
dirichlet_a0.1,44,0,0.25,2249,"[203, 251, 277, 257, 201, 292, 217, 219, 332]",4,0.3154691447270589
dirichlet_a0.1,44,0,0.5,4499,"[447, 490, 513, 510, 402, 631, 389, 454, 663]",0,-0.18306591116265272
dirichlet_a0.1,44,0,0.5,4499,"[447, 490, 513, 510, 402, 631, 389, 454, 663]",1,0.3092660398880311
dirichlet_a0.1,44,0,0.5,4499,"[447, 490, 513, 510, 402, 631, 389, 454, 663]",2,0.035557790948044274
dirichlet_a0.1,44,0,0.5,4499,"[447, 490, 513, 510, 402, 631, 389, 454, 663]",3,-0.055551646820329204
dirichlet_a0.1,44,0,0.5,4499,"[447, 490, 513, 510, 402, 631, 389, 454, 663]",4,0.310704368722918
dirichlet_a0.1,44,0,1.0,8999,"[922, 933, 1033, 1028, 808, 1253, 775, 933, 1314]",0,-0.09256450217351875
dirichlet_a0.1,44,0,1.0,8999,"[922, 933, 1033, 1028, 808, 1253, 775, 933, 1314]",1,0.37964206383221055
dirichlet_a0.1,44,0,1.0,8999,"[922, 933, 1033, 1028, 808, 1253, 775, 933, 1314]",2,0.09442375492088727
dirichlet_a0.1,44,0,1.0,8999,"[922, 933, 1033, 1028, 808, 1253, 775, 933, 1314]",3,0.022743809259468437
dirichlet_a0.1,44,0,1.0,8999,"[922, 933, 1033, 1028, 808, 1253, 775, 933, 1314]",4,0.3676364365580256
dirichlet_a0.1,44,1,0.1,899,"[90, 107, 108, 99, 94, 114, 87, 75, 125]",0,-0.37513278086934654
dirichlet_a0.1,44,1,0.1,899,"[90, 107, 108, 99, 94, 114, 87, 75, 125]",1,0.5618651635988866
dirichlet_a0.1,44,1,0.1,899,"[90, 107, 108, 99, 94, 114, 87, 75, 125]",2,-0.4320959716156779
dirichlet_a0.1,44,1,0.1,899,"[90, 107, 108, 99, 94, 114, 87, 75, 125]",3,-0.06604953622871876
dirichlet_a0.1,44,1,0.1,899,"[90, 107, 108, 99, 94, 114, 87, 75, 125]",4,0.16505232523713234
dirichlet_a0.1,44,1,0.25,2249,"[203, 251, 277, 257, 201, 292, 217, 219, 332]",0,-0.6138848079335537
dirichlet_a0.1,44,1,0.25,2249,"[203, 251, 277, 257, 201, 292, 217, 219, 332]",1,0.44622442686106906
dirichlet_a0.1,44,1,0.25,2249,"[203, 251, 277, 257, 201, 292, 217, 219, 332]",2,-0.41781062599485636
dirichlet_a0.1,44,1,0.25,2249,"[203, 251, 277, 257, 201, 292, 217, 219, 332]",3,0.14841764286450565
dirichlet_a0.1,44,1,0.25,2249,"[203, 251, 277, 257, 201, 292, 217, 219, 332]",4,0.20584007278277278
dirichlet_a0.1,44,1,0.5,4499,"[447, 490, 513, 510, 402, 631, 389, 454, 663]",0,-0.5822476979138601
dirichlet_a0.1,44,1,0.5,4499,"[447, 490, 513, 510, 402, 631, 389, 454, 663]",1,0.21193694472120475
dirichlet_a0.1,44,1,0.5,4499,"[447, 490, 513, 510, 402, 631, 389, 454, 663]",2,-0.508565777999315
dirichlet_a0.1,44,1,0.5,4499,"[447, 490, 513, 510, 402, 631, 389, 454, 663]",3,0.39270894141260687
dirichlet_a0.1,44,1,0.5,4499,"[447, 490, 513, 510, 402, 631, 389, 454, 663]",4,0.22783466003273545
dirichlet_a0.1,44,1,1.0,8999,"[922, 933, 1033, 1028, 808, 1253, 775, 933, 1314]",0,-0.5663219685947382
dirichlet_a0.1,44,1,1.0,8999,"[922, 933, 1033, 1028, 808, 1253, 775, 933, 1314]",1,0.2797229902116355
dirichlet_a0.1,44,1,1.0,8999,"[922, 933, 1033, 1028, 808, 1253, 775, 933, 1314]",2,-0.3087768016034874
dirichlet_a0.1,44,1,1.0,8999,"[922, 933, 1033, 1028, 808, 1253, 775, 933, 1314]",3,0.21387385788285973
dirichlet_a0.1,44,1,1.0,8999,"[922, 933, 1033, 1028, 808, 1253, 775, 933, 1314]",4,0.39945203879524416
dirichlet_a0.1,44,2,0.1,899,"[90, 107, 108, 99, 94, 114, 87, 75, 125]",0,-0.5826142652386911
dirichlet_a0.1,44,2,0.1,899,"[90, 107, 108, 99, 94, 114, 87, 75, 125]",1,0.43567032683531254
dirichlet_a0.1,44,2,0.1,899,"[90, 107, 108, 99, 94, 114, 87, 75, 125]",2,-0.0024694564501720182
dirichlet_a0.1,44,2,0.1,899,"[90, 107, 108, 99, 94, 114, 87, 75, 125]",3,-0.12615458150768366
dirichlet_a0.1,44,2,0.1,899,"[90, 107, 108, 99, 94, 114, 87, 75, 125]",4,0.14622999610311438
dirichlet_a0.1,44,2,0.25,2249,"[203, 251, 277, 257, 201, 292, 217, 219, 332]",0,-0.5769148549859197
dirichlet_a0.1,44,2,0.25,2249,"[203, 251, 277, 257, 201, 292, 217, 219, 332]",1,0.42510170675430836
dirichlet_a0.1,44,2,0.25,2249,"[203, 251, 277, 257, 201, 292, 217, 219, 332]",2,-0.5201610324923811
dirichlet_a0.1,44,2,0.25,2249,"[203, 251, 277, 257, 201, 292, 217, 219, 332]",3,0.3211447937267034
dirichlet_a0.1,44,2,0.25,2249,"[203, 251, 277, 257, 201, 292, 217, 219, 332]",4,0.1821247839957861
dirichlet_a0.1,44,2,0.5,4499,"[447, 490, 513, 510, 402, 631, 389, 454, 663]",0,-0.2630592531226663
dirichlet_a0.1,44,2,0.5,4499,"[447, 490, 513, 510, 402, 631, 389, 454, 663]",1,0.2252967179103064
dirichlet_a0.1,44,2,0.5,4499,"[447, 490, 513, 510, 402, 631, 389, 454, 663]",2,-0.4734132000063215
dirichlet_a0.1,44,2,0.5,4499,"[447, 490, 513, 510, 402, 631, 389, 454, 663]",3,0.4105874351600478
dirichlet_a0.1,44,2,0.5,4499,"[447, 490, 513, 510, 402, 631, 389, 454, 663]",4,0.2264540096183057
dirichlet_a0.1,44,2,1.0,8999,"[922, 933, 1033, 1028, 808, 1253, 775, 933, 1314]",0,-0.4880395911364055
dirichlet_a0.1,44,2,1.0,8999,"[922, 933, 1033, 1028, 808, 1253, 775, 933, 1314]",1,0.3247004541276024
dirichlet_a0.1,44,2,1.0,8999,"[922, 933, 1033, 1028, 808, 1253, 775, 933, 1314]",2,-0.4136557888372569
dirichlet_a0.1,44,2,1.0,8999,"[922, 933, 1033, 1028, 808, 1253, 775, 933, 1314]",3,0.3413961456789418
dirichlet_a0.1,44,2,1.0,8999,"[922, 933, 1033, 1028, 808, 1253, 775, 933, 1314]",4,0.4762249855830435
dirichlet_a0.1,44,3,0.1,899,"[90, 107, 108, 99, 94, 114, 87, 75, 125]",0,-0.2626405996753641
dirichlet_a0.1,44,3,0.1,899,"[90, 107, 108, 99, 94, 114, 87, 75, 125]",1,-0.021625140262383057
dirichlet_a0.1,44,3,0.1,899,"[90, 107, 108, 99, 94, 114, 87, 75, 125]",2,-0.19857666438743615
dirichlet_a0.1,44,3,0.1,899,"[90, 107, 108, 99, 94, 114, 87, 75, 125]",3,0.2027776527444633
dirichlet_a0.1,44,3,0.1,899,"[90, 107, 108, 99, 94, 114, 87, 75, 125]",4,0.10199555815151673
dirichlet_a0.1,44,3,0.25,2249,"[203, 251, 277, 257, 201, 292, 217, 219, 332]",0,-0.46006284819159626
dirichlet_a0.1,44,3,0.25,2249,"[203, 251, 277, 257, 201, 292, 217, 219, 332]",1,0.4717842833456633
dirichlet_a0.1,44,3,0.25,2249,"[203, 251, 277, 257, 201, 292, 217, 219, 332]",2,-0.5556697772883565
dirichlet_a0.1,44,3,0.25,2249,"[203, 251, 277, 257, 201, 292, 217, 219, 332]",3,0.304953168576787
dirichlet_a0.1,44,3,0.25,2249,"[203, 251, 277, 257, 201, 292, 217, 219, 332]",4,0.20985401890075348
dirichlet_a0.1,44,3,0.5,4499,"[447, 490, 513, 510, 402, 631, 389, 454, 663]",0,-0.6347239237446728
dirichlet_a0.1,44,3,0.5,4499,"[447, 490, 513, 510, 402, 631, 389, 454, 663]",1,0.4375721619400505
dirichlet_a0.1,44,3,0.5,4499,"[447, 490, 513, 510, 402, 631, 389, 454, 663]",2,-0.45291157886500544
dirichlet_a0.1,44,3,0.5,4499,"[447, 490, 513, 510, 402, 631, 389, 454, 663]",3,0.2736425123254942
dirichlet_a0.1,44,3,0.5,4499,"[447, 490, 513, 510, 402, 631, 389, 454, 663]",4,0.47849506653709567
dirichlet_a0.1,44,3,1.0,8999,"[922, 933, 1033, 1028, 808, 1253, 775, 933, 1314]",0,-0.41970951252978733
dirichlet_a0.1,44,3,1.0,8999,"[922, 933, 1033, 1028, 808, 1253, 775, 933, 1314]",1,0.3814457817201602
dirichlet_a0.1,44,3,1.0,8999,"[922, 933, 1033, 1028, 808, 1253, 775, 933, 1314]",2,-0.2153614888431318
dirichlet_a0.1,44,3,1.0,8999,"[922, 933, 1033, 1028, 808, 1253, 775, 933, 1314]",3,0.3170436113593216
dirichlet_a0.1,44,3,1.0,8999,"[922, 933, 1033, 1028, 808, 1253, 775, 933, 1314]",4,0.6637033454546224
dirichlet_a0.1,44,4,0.1,899,"[90, 107, 108, 99, 94, 114, 87, 75, 125]",0,-0.35576018851353747
dirichlet_a0.1,44,4,0.1,899,"[90, 107, 108, 99, 94, 114, 87, 75, 125]",1,-0.0549279143299641
dirichlet_a0.1,44,4,0.1,899,"[90, 107, 108, 99, 94, 114, 87, 75, 125]",2,-0.4979878881081606
dirichlet_a0.1,44,4,0.1,899,"[90, 107, 108, 99, 94, 114, 87, 75, 125]",3,0.5968661238548973
dirichlet_a0.1,44,4,0.1,899,"[90, 107, 108, 99, 94, 114, 87, 75, 125]",4,0.03429654241877889
dirichlet_a0.1,44,4,0.25,2249,"[203, 251, 277, 257, 201, 292, 217, 219, 332]",0,-0.3670047337795861
dirichlet_a0.1,44,4,0.25,2249,"[203, 251, 277, 257, 201, 292, 217, 219, 332]",1,0.5614925719032074
dirichlet_a0.1,44,4,0.25,2249,"[203, 251, 277, 257, 201, 292, 217, 219, 332]",2,-0.4261344956137086
dirichlet_a0.1,44,4,0.25,2249,"[203, 251, 277, 257, 201, 292, 217, 219, 332]",3,0.31670743487165004
dirichlet_a0.1,44,4,0.25,2249,"[203, 251, 277, 257, 201, 292, 217, 219, 332]",4,0.31549727972982483
dirichlet_a0.1,44,4,0.5,4499,"[447, 490, 513, 510, 402, 631, 389, 454, 663]",0,-0.3486027727599839
dirichlet_a0.1,44,4,0.5,4499,"[447, 490, 513, 510, 402, 631, 389, 454, 663]",1,0.553917529269479
dirichlet_a0.1,44,4,0.5,4499,"[447, 490, 513, 510, 402, 631, 389, 454, 663]",2,-0.2920097716905727
dirichlet_a0.1,44,4,0.5,4499,"[447, 490, 513, 510, 402, 631, 389, 454, 663]",3,0.3859523678046668
dirichlet_a0.1,44,4,0.5,4499,"[447, 490, 513, 510, 402, 631, 389, 454, 663]",4,0.5710174540000887
dirichlet_a0.1,44,4,1.0,8999,"[922, 933, 1033, 1028, 808, 1253, 775, 933, 1314]",0,-0.16277069215791273
dirichlet_a0.1,44,4,1.0,8999,"[922, 933, 1033, 1028, 808, 1253, 775, 933, 1314]",1,0.3042945541317261
dirichlet_a0.1,44,4,1.0,8999,"[922, 933, 1033, 1028, 808, 1253, 775, 933, 1314]",2,-0.19283961799227112
dirichlet_a0.1,44,4,1.0,8999,"[922, 933, 1033, 1028, 808, 1253, 775, 933, 1314]",3,0.5127167191941331
dirichlet_a0.1,44,4,1.0,8999,"[922, 933, 1033, 1028, 808, 1253, 775, 933, 1314]",4,0.7082712206907387
dirichlet_a0.1,44,5,0.1,899,"[90, 107, 108, 99, 94, 114, 87, 75, 125]",0,0.05079346452867694
dirichlet_a0.1,44,5,0.1,899,"[90, 107, 108, 99, 94, 114, 87, 75, 125]",1,-0.2265774462195906
dirichlet_a0.1,44,5,0.1,899,"[90, 107, 108, 99, 94, 114, 87, 75, 125]",2,0.5351114281782613
dirichlet_a0.1,44,5,0.1,899,"[90, 107, 108, 99, 94, 114, 87, 75, 125]",3,-0.05516646769110962
dirichlet_a0.1,44,5,0.1,899,"[90, 107, 108, 99, 94, 114, 87, 75, 125]",4,0.29864085913387617
dirichlet_a0.1,44,5,0.25,2249,"[203, 251, 277, 257, 201, 292, 217, 219, 332]",0,-0.35572884907709224
dirichlet_a0.1,44,5,0.25,2249,"[203, 251, 277, 257, 201, 292, 217, 219, 332]",1,0.46844081559634265
dirichlet_a0.1,44,5,0.25,2249,"[203, 251, 277, 257, 201, 292, 217, 219, 332]",2,-0.47706294211269223
dirichlet_a0.1,44,5,0.25,2249,"[203, 251, 277, 257, 201, 292, 217, 219, 332]",3,0.4351805038762777
dirichlet_a0.1,44,5,0.25,2249,"[203, 251, 277, 257, 201, 292, 217, 219, 332]",4,0.427368336605163
dirichlet_a0.1,44,5,0.5,4499,"[447, 490, 513, 510, 402, 631, 389, 454, 663]",0,-0.3856144717616715
dirichlet_a0.1,44,5,0.5,4499,"[447, 490, 513, 510, 402, 631, 389, 454, 663]",1,0.344680714691986
dirichlet_a0.1,44,5,0.5,4499,"[447, 490, 513, 510, 402, 631, 389, 454, 663]",2,-0.3748437311571921
dirichlet_a0.1,44,5,0.5,4499,"[447, 490, 513, 510, 402, 631, 389, 454, 663]",3,0.48785155176607076
dirichlet_a0.1,44,5,0.5,4499,"[447, 490, 513, 510, 402, 631, 389, 454, 663]",4,0.6378374951171112
dirichlet_a0.1,44,5,1.0,8999,"[922, 933, 1033, 1028, 808, 1253, 775, 933, 1314]",0,-0.0899573027509655
dirichlet_a0.1,44,5,1.0,8999,"[922, 933, 1033, 1028, 808, 1253, 775, 933, 1314]",1,0.35776890305516335
dirichlet_a0.1,44,5,1.0,8999,"[922, 933, 1033, 1028, 808, 1253, 775, 933, 1314]",2,-0.2311339879295968
dirichlet_a0.1,44,5,1.0,8999,"[922, 933, 1033, 1028, 808, 1253, 775, 933, 1314]",3,0.49035749640990167
dirichlet_a0.1,44,5,1.0,8999,"[922, 933, 1033, 1028, 808, 1253, 775, 933, 1314]",4,0.6684502419305793
dirichlet_a0.1,44,6,0.1,899,"[90, 107, 108, 99, 94, 114, 87, 75, 125]",0,-0.556531296104806
dirichlet_a0.1,44,6,0.1,899,"[90, 107, 108, 99, 94, 114, 87, 75, 125]",1,0.5234692315520328
dirichlet_a0.1,44,6,0.1,899,"[90, 107, 108, 99, 94, 114, 87, 75, 125]",2,-0.1705974760953863
dirichlet_a0.1,44,6,0.1,899,"[90, 107, 108, 99, 94, 114, 87, 75, 125]",3,0.003982660655693267
dirichlet_a0.1,44,6,0.1,899,"[90, 107, 108, 99, 94, 114, 87, 75, 125]",4,0.32504470750445197
dirichlet_a0.1,44,6,0.25,2249,"[203, 251, 277, 257, 201, 292, 217, 219, 332]",0,-0.3348472089039554
dirichlet_a0.1,44,6,0.25,2249,"[203, 251, 277, 257, 201, 292, 217, 219, 332]",1,0.5521931124720121
dirichlet_a0.1,44,6,0.25,2249,"[203, 251, 277, 257, 201, 292, 217, 219, 332]",2,-0.5089523941046873
dirichlet_a0.1,44,6,0.25,2249,"[203, 251, 277, 257, 201, 292, 217, 219, 332]",3,0.2883361525564162
dirichlet_a0.1,44,6,0.25,2249,"[203, 251, 277, 257, 201, 292, 217, 219, 332]",4,0.4243612246481396
dirichlet_a0.1,44,6,0.5,4499,"[447, 490, 513, 510, 402, 631, 389, 454, 663]",0,-0.18192962438341997
dirichlet_a0.1,44,6,0.5,4499,"[447, 490, 513, 510, 402, 631, 389, 454, 663]",1,0.38375163444790245
dirichlet_a0.1,44,6,0.5,4499,"[447, 490, 513, 510, 402, 631, 389, 454, 663]",2,-0.25241130143786034
dirichlet_a0.1,44,6,0.5,4499,"[447, 490, 513, 510, 402, 631, 389, 454, 663]",3,0.38339680536764625
dirichlet_a0.1,44,6,0.5,4499,"[447, 490, 513, 510, 402, 631, 389, 454, 663]",4,0.610559094313418
dirichlet_a0.1,44,6,1.0,8999,"[922, 933, 1033, 1028, 808, 1253, 775, 933, 1314]",0,-0.104260859518152
dirichlet_a0.1,44,6,1.0,8999,"[922, 933, 1033, 1028, 808, 1253, 775, 933, 1314]",1,0.3518725241863376
dirichlet_a0.1,44,6,1.0,8999,"[922, 933, 1033, 1028, 808, 1253, 775, 933, 1314]",2,-0.21506897867531555
dirichlet_a0.1,44,6,1.0,8999,"[922, 933, 1033, 1028, 808, 1253, 775, 933, 1314]",3,0.435358364324612
dirichlet_a0.1,44,6,1.0,8999,"[922, 933, 1033, 1028, 808, 1253, 775, 933, 1314]",4,0.6497630232081967
dirichlet_a0.1,44,7,0.1,899,"[90, 107, 108, 99, 94, 114, 87, 75, 125]",0,0.06780630118517585
dirichlet_a0.1,44,7,0.1,899,"[90, 107, 108, 99, 94, 114, 87, 75, 125]",1,0.4210157454518512
dirichlet_a0.1,44,7,0.1,899,"[90, 107, 108, 99, 94, 114, 87, 75, 125]",2,-0.7538572306549103
dirichlet_a0.1,44,7,0.1,899,"[90, 107, 108, 99, 94, 114, 87, 75, 125]",3,0.17472547131988775
dirichlet_a0.1,44,7,0.1,899,"[90, 107, 108, 99, 94, 114, 87, 75, 125]",4,0.022360096687467478
dirichlet_a0.1,44,7,0.25,2249,"[203, 251, 277, 257, 201, 292, 217, 219, 332]",0,-0.2559807726469549
dirichlet_a0.1,44,7,0.25,2249,"[203, 251, 277, 257, 201, 292, 217, 219, 332]",1,0.4929361433450829
dirichlet_a0.1,44,7,0.25,2249,"[203, 251, 277, 257, 201, 292, 217, 219, 332]",2,-0.31698213827414573
dirichlet_a0.1,44,7,0.25,2249,"[203, 251, 277, 257, 201, 292, 217, 219, 332]",3,0.3329434513353679
dirichlet_a0.1,44,7,0.25,2249,"[203, 251, 277, 257, 201, 292, 217, 219, 332]",4,0.2635768204473579
dirichlet_a0.1,44,7,0.5,4499,"[447, 490, 513, 510, 402, 631, 389, 454, 663]",0,-0.2557792244711621
dirichlet_a0.1,44,7,0.5,4499,"[447, 490, 513, 510, 402, 631, 389, 454, 663]",1,0.342690152277501
dirichlet_a0.1,44,7,0.5,4499,"[447, 490, 513, 510, 402, 631, 389, 454, 663]",2,-0.1953778251457085
dirichlet_a0.1,44,7,0.5,4499,"[447, 490, 513, 510, 402, 631, 389, 454, 663]",3,0.3347035484703343
dirichlet_a0.1,44,7,0.5,4499,"[447, 490, 513, 510, 402, 631, 389, 454, 663]",4,0.5137802708615803
dirichlet_a0.1,44,7,1.0,8999,"[922, 933, 1033, 1028, 808, 1253, 775, 933, 1314]",0,-0.093529001408473
dirichlet_a0.1,44,7,1.0,8999,"[922, 933, 1033, 1028, 808, 1253, 775, 933, 1314]",1,0.3734062381145664
dirichlet_a0.1,44,7,1.0,8999,"[922, 933, 1033, 1028, 808, 1253, 775, 933, 1314]",2,-0.22997818755538899
dirichlet_a0.1,44,7,1.0,8999,"[922, 933, 1033, 1028, 808, 1253, 775, 933, 1314]",3,0.44053378833149925
dirichlet_a0.1,44,7,1.0,8999,"[922, 933, 1033, 1028, 808, 1253, 775, 933, 1314]",4,0.5435740460337692
dirichlet_a0.1,44,8,0.1,899,"[90, 107, 108, 99, 94, 114, 87, 75, 125]",0,-0.6198880131372735
dirichlet_a0.1,44,8,0.1,899,"[90, 107, 108, 99, 94, 114, 87, 75, 125]",1,0.2596970901763713
dirichlet_a0.1,44,8,0.1,899,"[90, 107, 108, 99, 94, 114, 87, 75, 125]",2,-0.34214949182940796
dirichlet_a0.1,44,8,0.1,899,"[90, 107, 108, 99, 94, 114, 87, 75, 125]",3,0.21179444863717042
dirichlet_a0.1,44,8,0.1,899,"[90, 107, 108, 99, 94, 114, 87, 75, 125]",4,0.3536847464825158
dirichlet_a0.1,44,8,0.25,2249,"[203, 251, 277, 257, 201, 292, 217, 219, 332]",0,-0.377375023424779
dirichlet_a0.1,44,8,0.25,2249,"[203, 251, 277, 257, 201, 292, 217, 219, 332]",1,0.3775017443601209
dirichlet_a0.1,44,8,0.25,2249,"[203, 251, 277, 257, 201, 292, 217, 219, 332]",2,-0.48147762536073085
dirichlet_a0.1,44,8,0.25,2249,"[203, 251, 277, 257, 201, 292, 217, 219, 332]",3,0.4212670577721544
dirichlet_a0.1,44,8,0.25,2249,"[203, 251, 277, 257, 201, 292, 217, 219, 332]",4,0.2555555406211709
dirichlet_a0.1,44,8,0.5,4499,"[447, 490, 513, 510, 402, 631, 389, 454, 663]",0,-0.32933076135215683
dirichlet_a0.1,44,8,0.5,4499,"[447, 490, 513, 510, 402, 631, 389, 454, 663]",1,0.3496527662373627
dirichlet_a0.1,44,8,0.5,4499,"[447, 490, 513, 510, 402, 631, 389, 454, 663]",2,-0.4350448293280888
dirichlet_a0.1,44,8,0.5,4499,"[447, 490, 513, 510, 402, 631, 389, 454, 663]",3,0.49829875296520815
dirichlet_a0.1,44,8,0.5,4499,"[447, 490, 513, 510, 402, 631, 389, 454, 663]",4,0.3286553278007235
dirichlet_a0.1,44,8,1.0,8999,"[922, 933, 1033, 1028, 808, 1253, 775, 933, 1314]",0,-0.1739694982062314
dirichlet_a0.1,44,8,1.0,8999,"[922, 933, 1033, 1028, 808, 1253, 775, 933, 1314]",1,0.3625907382298338
dirichlet_a0.1,44,8,1.0,8999,"[922, 933, 1033, 1028, 808, 1253, 775, 933, 1314]",2,-0.23373385011744266
dirichlet_a0.1,44,8,1.0,8999,"[922, 933, 1033, 1028, 808, 1253, 775, 933, 1314]",3,0.4887793546896292
dirichlet_a0.1,44,8,1.0,8999,"[922, 933, 1033, 1028, 808, 1253, 775, 933, 1314]",4,0.5229108817309355
dirichlet_a0.1,44,9,0.1,899,"[90, 107, 108, 99, 94, 114, 87, 75, 125]",0,-0.40960213777819593
dirichlet_a0.1,44,9,0.1,899,"[90, 107, 108, 99, 94, 114, 87, 75, 125]",1,0.46987831635776045
dirichlet_a0.1,44,9,0.1,899,"[90, 107, 108, 99, 94, 114, 87, 75, 125]",2,-0.3345260048739421
dirichlet_a0.1,44,9,0.1,899,"[90, 107, 108, 99, 94, 114, 87, 75, 125]",3,0.32603416493609505
dirichlet_a0.1,44,9,0.1,899,"[90, 107, 108, 99, 94, 114, 87, 75, 125]",4,-0.03428271047334954
dirichlet_a0.1,44,9,0.25,2249,"[203, 251, 277, 257, 201, 292, 217, 219, 332]",0,-0.21710059854585131
dirichlet_a0.1,44,9,0.25,2249,"[203, 251, 277, 257, 201, 292, 217, 219, 332]",1,0.36560142129110085
dirichlet_a0.1,44,9,0.25,2249,"[203, 251, 277, 257, 201, 292, 217, 219, 332]",2,-0.28853228762992866
dirichlet_a0.1,44,9,0.25,2249,"[203, 251, 277, 257, 201, 292, 217, 219, 332]",3,0.37445103052260337
dirichlet_a0.1,44,9,0.25,2249,"[203, 251, 277, 257, 201, 292, 217, 219, 332]",4,0.30754993223311655
dirichlet_a0.1,44,9,0.5,4499,"[447, 490, 513, 510, 402, 631, 389, 454, 663]",0,-0.019026910251502115
dirichlet_a0.1,44,9,0.5,4499,"[447, 490, 513, 510, 402, 631, 389, 454, 663]",1,0.26134031275319114
dirichlet_a0.1,44,9,0.5,4499,"[447, 490, 513, 510, 402, 631, 389, 454, 663]",2,-0.3145359711204604
dirichlet_a0.1,44,9,0.5,4499,"[447, 490, 513, 510, 402, 631, 389, 454, 663]",3,0.4843309629427987
dirichlet_a0.1,44,9,0.5,4499,"[447, 490, 513, 510, 402, 631, 389, 454, 663]",4,0.32704859221770105
dirichlet_a0.1,44,9,1.0,8999,"[922, 933, 1033, 1028, 808, 1253, 775, 933, 1314]",0,0.005569924900682238
dirichlet_a0.1,44,9,1.0,8999,"[922, 933, 1033, 1028, 808, 1253, 775, 933, 1314]",1,0.31056174972819167
dirichlet_a0.1,44,9,1.0,8999,"[922, 933, 1033, 1028, 808, 1253, 775, 933, 1314]",2,-0.1725975688750855
dirichlet_a0.1,44,9,1.0,8999,"[922, 933, 1033, 1028, 808, 1253, 775, 933, 1314]",3,0.4875322029687704
dirichlet_a0.1,44,9,1.0,8999,"[922, 933, 1033, 1028, 808, 1253, 775, 933, 1314]",4,0.5090256625184443
