round,accuracy,loss,runtime_s,n_malicious,tp,fp,tn,fn,partition,seed,attack,defense,calibration_regime,threshold_used
0,0.05863510072231293,2.1933465003967285,2.4693164030322805,0,,,,,iid,42,no_attack,fedavg,not_applicable,
1,0.1717270165681839,2.190652370452881,2.45399244397413,0,,,,,iid,42,no_attack,fedavg,not_applicable,
2,0.1717270165681839,2.188897132873535,2.433566080988385,1,,,,,iid,42,no_attack,fedavg,not_applicable,
3,0.1717270165681839,2.186918020248413,2.4379362469771877,1,,,,,iid,42,no_attack,fedavg,not_applicable,
4,0.1717270165681839,2.184784173965454,2.4478587390622124,1,,,,,iid,42,no_attack,fedavg,not_applicable,
5,0.1715877503156662,2.182708740234375,2.421067756949924,1,,,,,iid,42,no_attack,fedavg,not_applicable,
0,0.05863510072231293,2.1997618675231934,2.429564372054301,0,0,5,0,0,iid,42,no_attack,norm,A_condition_specific_oracle,0.012898845238141707
1,0.05863510072231293,2.1997618675231934,2.389705814071931,0,0,5,0,0,iid,42,no_attack,norm,A_condition_specific_oracle,0.012898845238141707
2,0.05863510072231293,2.1997618675231934,2.3765115700662136,1,1,4,0,0,iid,42,no_attack,norm,A_condition_specific_oracle,0.012898845238141707
3,0.05863510072231293,2.1997618675231934,2.435217998921871,1,1,4,0,0,iid,42,no_attack,norm,A_condition_specific_oracle,0.012898845238141707
4,0.05863510072231293,2.1997618675231934,2.428769218036905,1,1,4,0,0,iid,42,no_attack,norm,A_condition_specific_oracle,0.012898845238141707
5,0.05863510072231293,2.1997618675231934,2.4523523040115833,1,1,4,0,0,iid,42,no_attack,norm,A_condition_specific_oracle,0.012898845238141707
0,0.05863510072231293,2.1933462619781494,2.7165255279978737,0,0,0,5,0,iid,42,no_attack,cosine,A_condition_specific_oracle,0.8691060332964861
1,0.1717270165681839,2.1906354427337646,2.825725162983872,0,0,0,5,0,iid,42,no_attack,cosine,A_condition_specific_oracle,0.8691060332964861
2,0.1717270165681839,2.1887831687927246,2.8763589499285445,1,0,0,4,1,iid,42,no_attack,cosine,A_condition_specific_oracle,0.8691060332964861
3,0.1717270165681839,2.1867735385894775,2.891395221929997,1,0,0,4,1,iid,42,no_attack,cosine,A_condition_specific_oracle,0.8691060332964861
4,0.1717270165681839,2.1849374771118164,2.8111260490259156,1,0,0,4,1,iid,42,no_attack,cosine,A_condition_specific_oracle,0.8691060332964861
5,0.1717270165681839,2.1822290420532227,2.7835971309104934,1,1,0,4,0,iid,42,no_attack,cosine,A_condition_specific_oracle,0.8691060332964861
0,0.05863510072231293,2.1933465003967285,2.728720969054848,0,0,0,5,0,iid,42,no_attack,sign_consensus,A_condition_specific_oracle,0.5654281338745409
1,0.1717270165681839,2.1906518936157227,2.57834044797346,0,0,0,5,0,iid,42,no_attack,sign_consensus,A_condition_specific_oracle,0.5654281338745409
2,0.1717270165681839,2.188896894454956,2.6156334090046585,1,0,0,4,1,iid,42,no_attack,sign_consensus,A_condition_specific_oracle,0.5654281338745409
3,0.1717270165681839,2.1869192123413086,2.6031824350357056,1,0,0,4,1,iid,42,no_attack,sign_consensus,A_condition_specific_oracle,0.5654281338745409
4,0.1717270165681839,2.1847832202911377,2.6056141519220546,1,0,0,4,1,iid,42,no_attack,sign_consensus,A_condition_specific_oracle,0.5654281338745409
5,0.1715877503156662,2.182708263397217,2.7122421069070697,1,0,0,4,1,iid,42,no_attack,sign_consensus,A_condition_specific_oracle,0.5654281338745409
0,0.05863510072231293,2.193220853805542,2.6652014140272513,0,,,,,iid,42,no_attack,median,not_applicable,
1,0.1717270165681839,2.1903774738311768,2.710026895045303,0,,,,,iid,42,no_attack,median,not_applicable,
2,0.1717270165681839,2.1885454654693604,2.6456458279863,1,,,,,iid,42,no_attack,median,not_applicable,
3,0.1717270165681839,2.186485767364502,2.6854137999471277,1,,,,,iid,42,no_attack,median,not_applicable,
4,0.1717270165681839,2.1841957569122314,2.5538275600411,1,,,,,iid,42,no_attack,median,not_applicable,
5,0.1717270165681839,2.1821844577789307,2.5093422339996323,1,,,,,iid,42,no_attack,median,not_applicable,
0,0.05863510072231293,2.193004608154297,2.6470953699899837,0,,,,,iid,42,no_attack,multi_krum,not_applicable,
1,0.1717270165681839,2.190114736557007,2.456712226034142,0,,,,,iid,42,no_attack,multi_krum,not_applicable,
2,0.1717270165681839,2.188105821609497,2.5316319769481197,1,,,,,iid,42,no_attack,multi_krum,not_applicable,
3,0.1717270165681839,2.1858937740325928,2.533405206981115,1,,,,,iid,42,no_attack,multi_krum,not_applicable,
4,0.1717270165681839,2.183382987976074,2.5829921279801056,1,,,,,iid,42,no_attack,multi_krum,not_applicable,
5,0.1715877503156662,2.1812744140625,2.712977539980784,1,,,,,iid,42,no_attack,multi_krum,not_applicable,
0,0.05863510072231293,2.1933462619781494,2.581124051939696,0,,,,,iid,42,large_norm,fedavg,not_applicable,
1,0.1717270165681839,2.190652847290039,2.532771954894997,0,,,,,iid,42,large_norm,fedavg,not_applicable,
2,0.04763231426477432,143855168.0,2.6318487899843603,1,,,,,iid,42,large_norm,fedavg,not_applicable,
3,0.1717270165681839,75471.8984375,2.5262322819326073,1,,,,,iid,42,large_norm,fedavg,not_applicable,
4,0.1863509863615036,440076.15625,2.4771067949477583,1,,,,,iid,42,large_norm,fedavg,not_applicable,
5,0.1717270165681839,32237.18359375,2.555092606926337,1,,,,,iid,42,large_norm,fedavg,not_applicable,
0,0.05863510072231293,2.1997618675231934,2.5277926590060815,0,0,5,0,0,iid,42,large_norm,norm,A_condition_specific_oracle,0.012898845238141707
1,0.05863510072231293,2.1997618675231934,2.594060897012241,0,0,5,0,0,iid,42,large_norm,norm,A_condition_specific_oracle,0.012898845238141707
2,0.05863510072231293,2.1997618675231934,2.486665869015269,1,1,4,0,0,iid,42,large_norm,norm,A_condition_specific_oracle,0.012898845238141707
3,0.05863510072231293,2.1997618675231934,2.5723502010805532,1,1,4,0,0,iid,42,large_norm,norm,A_condition_specific_oracle,0.012898845238141707
4,0.05863510072231293,2.1997618675231934,2.6144447469851,1,1,4,0,0,iid,42,large_norm,norm,A_condition_specific_oracle,0.012898845238141707
5,0.05863510072231293,2.1997618675231934,2.5702975570457056,1,1,4,0,0,iid,42,large_norm,norm,A_condition_specific_oracle,0.012898845238141707
0,0.05863510072231293,2.1933462619781494,2.7891857909271494,0,0,0,5,0,iid,42,large_norm,cosine,A_condition_specific_oracle,0.8691060332964861
1,0.1717270165681839,2.1906356811523438,2.702489432063885,0,0,0,5,0,iid,42,large_norm,cosine,A_condition_specific_oracle,0.8691060332964861
2,0.1717270165681839,2.188368320465088,2.760309149045497,1,1,0,4,0,iid,42,large_norm,cosine,A_condition_specific_oracle,0.8691060332964861
3,0.1717270165681839,2.1861467361450195,2.746843495988287,1,1,0,4,0,iid,42,large_norm,cosine,A_condition_specific_oracle,0.8691060332964861
4,0.1717270165681839,2.1839308738708496,2.584980757907033,1,1,0,4,0,iid,42,large_norm,cosine,A_condition_specific_oracle,0.8691060332964861
5,0.1717270165681839,2.1812243461608887,2.767863710061647,1,1,0,4,0,iid,42,large_norm,cosine,A_condition_specific_oracle,0.8691060332964861
0,0.05863510072231293,2.1933465003967285,2.4437958180205896,0,0,0,5,0,iid,42,large_norm,sign_consensus,A_condition_specific_oracle,0.5654281338745409
1,0.1717270165681839,2.1906521320343018,2.4156798309413716,0,0,0,5,0,iid,42,large_norm,sign_consensus,A_condition_specific_oracle,0.5654281338745409
2,0.04763231426477432,143855168.0,2.42635814496316,1,0,0,4,1,iid,42,large_norm,sign_consensus,A_condition_specific_oracle,0.5654281338745409
3,0.1717270165681839,75477.75,2.427015686989762,1,0,0,4,1,iid,42,large_norm,sign_consensus,A_condition_specific_oracle,0.5654281338745409
4,0.08245125412940979,18175709184.0,2.4066214290214702,1,0,4,0,1,iid,42,large_norm,sign_consensus,A_condition_specific_oracle,0.5654281338745409
5,0.08245125412940979,30705258070016.0,2.370493410038762,1,0,4,0,1,iid,42,large_norm,sign_consensus,A_condition_specific_oracle,0.5654281338745409
0,0.05863510072231293,2.193220853805542,2.4113367090467364,0,,,,,iid,42,large_norm,median,not_applicable,
1,0.1717270165681839,2.190378189086914,2.388969582039863,0,,,,,iid,42,large_norm,median,not_applicable,
2,0.1717270165681839,2.1879611015319824,2.4028591440292075,1,,,,,iid,42,large_norm,median,not_applicable,
3,0.1717270165681839,2.1854043006896973,2.395128358970396,1,,,,,iid,42,large_norm,median,not_applicable,
4,0.1717270165681839,2.1831729412078857,2.402679999009706,1,,,,,iid,42,large_norm,median,not_applicable,
5,0.1717270165681839,2.1807312965393066,2.413311813957989,1,,,,,iid,42,large_norm,median,not_applicable,
0,0.05863510072231293,2.1930043697357178,2.4238675080705434,0,,,,,iid,42,large_norm,multi_krum,not_applicable,
1,0.1717270165681839,2.1901144981384277,2.47694158507511,0,,,,,iid,42,large_norm,multi_krum,not_applicable,
2,0.1717270165681839,2.188037157058716,2.4656222539488226,1,,,,,iid,42,large_norm,multi_krum,not_applicable,
3,0.1717270165681839,2.1857078075408936,2.489017285988666,1,,,,,iid,42,large_norm,multi_krum,not_applicable,
4,0.1717270165681839,2.1834940910339355,2.5169832640094683,1,,,,,iid,42,large_norm,multi_krum,not_applicable,
5,0.1717270165681839,2.1812031269073486,2.5434381450759247,1,,,,,iid,42,large_norm,multi_krum,not_applicable,
0,0.05863510072231293,2.1933465003967285,2.416980232927017,0,,,,,iid,42,low_norm,fedavg,not_applicable,
1,0.1717270165681839,2.1906516551971436,2.420958921080455,0,,,,,iid,42,low_norm,fedavg,not_applicable,
2,0.1717270165681839,2.189021587371826,2.44181419396773,1,,,,,iid,42,low_norm,fedavg,not_applicable,
3,0.1717270165681839,2.1871604919433594,2.4253740559797734,1,,,,,iid,42,low_norm,fedavg,not_applicable,
4,0.1717270165681839,2.1852633953094482,2.47805753396824,1,,,,,iid,42,low_norm,fedavg,not_applicable,
5,0.1717270165681839,2.183548927307129,2.4613051110645756,1,,,,,iid,42,low_norm,fedavg,not_applicable,
0,0.05863510072231293,2.1997618675231934,2.446122393012047,0,0,5,0,0,iid,42,low_norm,norm,A_condition_specific_oracle,0.012898845238141707
1,0.05863510072231293,2.1997618675231934,2.452964319032617,0,0,5,0,0,iid,42,low_norm,norm,A_condition_specific_oracle,0.012898845238141707
2,0.05863510072231293,2.1997039318084717,2.4648232569452375,1,0,4,0,1,iid,42,low_norm,norm,A_condition_specific_oracle,0.012898845238141707
3,0.05863510072231293,2.1996471881866455,2.49186470604036,1,0,4,0,1,iid,42,low_norm,norm,A_condition_specific_oracle,0.012898845238141707
4,0.05863510072231293,2.19958758354187,2.406338736996986,1,0,4,0,1,iid,42,low_norm,norm,A_condition_specific_oracle,0.012898845238141707
5,0.05863510072231293,2.1995291709899902,2.4455914329737425,1,0,4,0,1,iid,42,low_norm,norm,A_condition_specific_oracle,0.012898845238141707
0,0.05863510072231293,2.1933462619781494,2.706374755012803,0,0,0,5,0,iid,42,low_norm,cosine,A_condition_specific_oracle,0.8691060332964861
1,0.1717270165681839,2.1906349658966064,2.77021160593722,0,0,0,5,0,iid,42,low_norm,cosine,A_condition_specific_oracle,0.8691060332964861
2,0.1717270165681839,2.1888482570648193,2.723763720015995,1,0,0,4,1,iid,42,low_norm,cosine,A_condition_specific_oracle,0.8691060332964861
3,0.1717270165681839,2.186974287033081,2.801323766936548,1,0,0,4,1,iid,42,low_norm,cosine,A_condition_specific_oracle,0.8691060332964861
4,0.1717270165681839,2.1852405071258545,2.780991076026112,1,0,0,4,1,iid,42,low_norm,cosine,A_condition_specific_oracle,0.8691060332964861
5,0.1717270165681839,2.1833479404449463,2.8020562259480357,1,0,0,4,1,iid,42,low_norm,cosine,A_condition_specific_oracle,0.8691060332964861
0,0.05863510072231293,2.1933465003967285,2.5270772599615157,0,0,0,5,0,iid,42,low_norm,sign_consensus,A_condition_specific_oracle,0.5654281338745409
1,0.1717270165681839,2.190652847290039,2.515038072015159,0,0,0,5,0,iid,42,low_norm,sign_consensus,A_condition_specific_oracle,0.5654281338745409
2,0.1717270165681839,2.1890218257904053,2.4856697510695085,1,0,0,4,1,iid,42,low_norm,sign_consensus,A_condition_specific_oracle,0.5654281338745409
3,0.1717270165681839,2.1871612071990967,2.5571259090211242,1,0,0,4,1,iid,42,low_norm,sign_consensus,A_condition_specific_oracle,0.5654281338745409
4,0.1717270165681839,2.1852645874023438,2.5082581801107153,1,0,0,4,1,iid,42,low_norm,sign_consensus,A_condition_specific_oracle,0.5654281338745409
5,0.1717270165681839,2.1835570335388184,2.5270071600098163,1,0,0,4,1,iid,42,low_norm,sign_consensus,A_condition_specific_oracle,0.5654281338745409
0,0.05863510072231293,2.193220853805542,2.4575245660962537,0,,,,,iid,42,low_norm,median,not_applicable,
1,0.1717270165681839,2.1903774738311768,2.5025657209334895,0,,,,,iid,42,low_norm,median,not_applicable,
2,0.1717270165681839,2.188206911087036,2.505795088945888,1,,,,,iid,42,low_norm,median,not_applicable,
3,0.1717270165681839,2.18578839302063,2.45482142502442,1,,,,,iid,42,low_norm,median,not_applicable,
4,0.1717270165681839,2.1833629608154297,2.48004353500437,1,,,,,iid,42,low_norm,median,not_applicable,
5,0.1717270165681839,2.1812918186187744,2.4768298600101843,1,,,,,iid,42,low_norm,median,not_applicable,
0,0.05863510072231293,2.1930043697357178,2.4427755820797756,0,,,,,iid,42,low_norm,multi_krum,not_applicable,
1,0.1717270165681839,2.190114736557007,2.418420873931609,0,,,,,iid,42,low_norm,multi_krum,not_applicable,
2,0.1717270165681839,2.188180446624756,2.487461347016506,1,,,,,iid,42,low_norm,multi_krum,not_applicable,
3,0.1717270165681839,2.185967206954956,2.461335388943553,1,,,,,iid,42,low_norm,multi_krum,not_applicable,
4,0.1717270165681839,2.183677911758423,2.4158181099919602,1,,,,,iid,42,low_norm,multi_krum,not_applicable,
5,0.1717270165681839,2.181532144546509,2.4629901330918074,1,,,,,iid,42,low_norm,multi_krum,not_applicable,
0,0.05863510072231293,2.1933462619781494,2.556942624039948,0,,,,,iid,42,full_sign_flip,fedavg,not_applicable,
1,0.1717270165681839,2.1906514167785645,2.4781694079283625,0,,,,,iid,42,full_sign_flip,fedavg,not_applicable,
2,0.1717270165681839,2.1891565322875977,2.4940996299264953,1,,,,,iid,42,full_sign_flip,fedavg,not_applicable,
3,0.1717270165681839,2.1874635219573975,2.3786010530311614,1,,,,,iid,42,full_sign_flip,fedavg,not_applicable,
4,0.1717270165681839,2.1857941150665283,2.2602724799653515,1,,,,,iid,42,full_sign_flip,fedavg,not_applicable,
5,0.1717270165681839,2.1843552589416504,2.4303095740033314,1,,,,,iid,42,full_sign_flip,fedavg,not_applicable,
0,0.05863510072231293,2.1997618675231934,2.4360564140370116,0,0,5,0,0,iid,42,full_sign_flip,norm,A_condition_specific_oracle,0.012898845238141707
1,0.05863510072231293,2.1997618675231934,2.4463934239465743,0,0,5,0,0,iid,42,full_sign_flip,norm,A_condition_specific_oracle,0.012898845238141707
2,0.05863510072231293,2.1997618675231934,2.423950143973343,1,1,4,0,0,iid,42,full_sign_flip,norm,A_condition_specific_oracle,0.012898845238141707
3,0.05863510072231293,2.1997618675231934,2.423764448030852,1,1,4,0,0,iid,42,full_sign_flip,norm,A_condition_specific_oracle,0.012898845238141707
4,0.05863510072231293,2.1997618675231934,2.3839411049848422,1,1,4,0,0,iid,42,full_sign_flip,norm,A_condition_specific_oracle,0.012898845238141707
5,0.05863510072231293,2.1997618675231934,2.1664713240461424,1,1,4,0,0,iid,42,full_sign_flip,norm,A_condition_specific_oracle,0.012898845238141707
0,0.05863510072231293,2.1933465003967285,2.7003956200787798,0,0,0,5,0,iid,42,full_sign_flip,cosine,A_condition_specific_oracle,0.8691060332964861
1,0.1717270165681839,2.1906356811523438,2.724681753083132,0,0,0,5,0,iid,42,full_sign_flip,cosine,A_condition_specific_oracle,0.8691060332964861
2,0.1717270165681839,2.188416004180908,2.6955849149962887,1,1,0,4,0,iid,42,full_sign_flip,cosine,A_condition_specific_oracle,0.8691060332964861
3,0.1717270165681839,2.186086893081665,2.7365900420118123,1,1,0,4,0,iid,42,full_sign_flip,cosine,A_condition_specific_oracle,0.8691060332964861
4,0.1717270165681839,2.1839776039123535,2.67906346404925,1,1,0,4,0,iid,42,full_sign_flip,cosine,A_condition_specific_oracle,0.8691060332964861
5,0.1717270165681839,2.181487560272217,2.68002129602246,1,1,0,4,0,iid,42,full_sign_flip,cosine,A_condition_specific_oracle,0.8691060332964861
0,0.05863510072231293,2.1933462619781494,2.430418589967303,0,0,0,5,0,iid,42,full_sign_flip,sign_consensus,A_condition_specific_oracle,0.5654281338745409
1,0.1717270165681839,2.190652370452881,2.4176668660948053,0,0,0,5,0,iid,42,full_sign_flip,sign_consensus,A_condition_specific_oracle,0.5654281338745409
2,0.1717270165681839,2.1886229515075684,2.430862230947241,1,1,0,4,0,iid,42,full_sign_flip,sign_consensus,A_condition_specific_oracle,0.5654281338745409
3,0.1717270165681839,2.1862998008728027,2.425401268992573,1,1,0,4,0,iid,42,full_sign_flip,sign_consensus,A_condition_specific_oracle,0.5654281338745409
4,0.1717270165681839,2.1839709281921387,2.4125234390376136,1,1,0,4,0,iid,42,full_sign_flip,sign_consensus,A_condition_specific_oracle,0.5654281338745409
5,0.1717270165681839,2.181711435317993,2.4369406829355285,1,1,0,4,0,iid,42,full_sign_flip,sign_consensus,A_condition_specific_oracle,0.5654281338745409
0,0.05863510072231293,2.193220853805542,2.4441522139823064,0,,,,,iid,42,full_sign_flip,median,not_applicable,
1,0.1717270165681839,2.1903774738311768,2.484285639016889,0,,,,,iid,42,full_sign_flip,median,not_applicable,
2,0.1717270165681839,2.188199996948242,2.433264959952794,1,,,,,iid,42,full_sign_flip,median,not_applicable,
3,0.1717270165681839,2.1857571601867676,2.421670504962094,1,,,,,iid,42,full_sign_flip,median,not_applicable,
4,0.1717270165681839,2.1832921504974365,2.4402134909760207,1,,,,,iid,42,full_sign_flip,median,not_applicable,
5,0.1717270165681839,2.1811959743499756,2.4451306930277497,1,,,,,iid,42,full_sign_flip,median,not_applicable,
0,0.05863510072231293,2.1930043697357178,2.4095873639453202,0,,,,,iid,42,full_sign_flip,multi_krum,not_applicable,
1,0.1717270165681839,2.1901142597198486,2.355970675009303,0,,,,,iid,42,full_sign_flip,multi_krum,not_applicable,
2,0.1717270165681839,2.188180685043335,2.387997313053347,1,,,,,iid,42,full_sign_flip,multi_krum,not_applicable,
3,0.1717270165681839,2.185967445373535,2.3835133529501036,1,,,,,iid,42,full_sign_flip,multi_krum,not_applicable,
4,0.1717270165681839,2.1836776733398438,2.4322026750305668,1,,,,,iid,42,full_sign_flip,multi_krum,not_applicable,
5,0.1717270165681839,2.181529998779297,2.398880430031568,1,,,,,iid,42,full_sign_flip,multi_krum,not_applicable,
0,0.05863510072231293,2.1933462619781494,2.4309534300118685,0,,,,,iid,42,directional_poisoning,fedavg,not_applicable,
1,0.1717270165681839,2.190652370452881,2.515968970954418,0,,,,,iid,42,directional_poisoning,fedavg,not_applicable,
2,0.1717270165681839,2.1891562938690186,2.4547071919078007,1,,,,,iid,42,directional_poisoning,fedavg,not_applicable,
3,0.1717270165681839,2.1874639987945557,2.455228145001456,1,,,,,iid,42,directional_poisoning,fedavg,not_applicable,
4,0.1717270165681839,2.185795307159424,2.502338291029446,1,,,,,iid,42,directional_poisoning,fedavg,not_applicable,
5,0.1717270165681839,2.1843552589416504,2.53292876703199,1,,,,,iid,42,directional_poisoning,fedavg,not_applicable,
0,0.05863510072231293,2.1997618675231934,2.5568461880320683,0,0,5,0,0,iid,42,directional_poisoning,norm,A_condition_specific_oracle,0.012898845238141707
1,0.05863510072231293,2.1997618675231934,2.5352647349936888,0,0,5,0,0,iid,42,directional_poisoning,norm,A_condition_specific_oracle,0.012898845238141707
2,0.05863510072231293,2.1997618675231934,2.5058264760300517,1,1,4,0,0,iid,42,directional_poisoning,norm,A_condition_specific_oracle,0.012898845238141707
3,0.05863510072231293,2.1997618675231934,2.5683726349379867,1,1,4,0,0,iid,42,directional_poisoning,norm,A_condition_specific_oracle,0.012898845238141707
4,0.05863510072231293,2.1997618675231934,2.4782511710654944,1,1,4,0,0,iid,42,directional_poisoning,norm,A_condition_specific_oracle,0.012898845238141707
5,0.05863510072231293,2.1997618675231934,2.4122637370601296,1,1,4,0,0,iid,42,directional_poisoning,norm,A_condition_specific_oracle,0.012898845238141707
0,0.05863510072231293,2.1933465003967285,2.6576210890198126,0,0,0,5,0,iid,42,directional_poisoning,cosine,A_condition_specific_oracle,0.8691060332964861
1,0.1717270165681839,2.1906356811523438,2.790453160996549,0,0,0,5,0,iid,42,directional_poisoning,cosine,A_condition_specific_oracle,0.8691060332964861
2,0.1717270165681839,2.18841552734375,2.7192463929532096,1,1,0,4,0,iid,42,directional_poisoning,cosine,A_condition_specific_oracle,0.8691060332964861
3,0.1717270165681839,2.1860861778259277,2.6944272340042517,1,1,0,4,0,iid,42,directional_poisoning,cosine,A_condition_specific_oracle,0.8691060332964861
4,0.1717270165681839,2.1839771270751953,2.7163817250402644,1,1,0,4,0,iid,42,directional_poisoning,cosine,A_condition_specific_oracle,0.8691060332964861
5,0.1717270165681839,2.181488037109375,2.7440509219886735,1,1,0,4,0,iid,42,directional_poisoning,cosine,A_condition_specific_oracle,0.8691060332964861
0,0.05863510072231293,2.1933469772338867,2.389615490916185,0,0,0,5,0,iid,42,directional_poisoning,sign_consensus,A_condition_specific_oracle,0.5654281338745409
1,0.1717270165681839,2.1906518936157227,2.4815864129923284,0,0,0,5,0,iid,42,directional_poisoning,sign_consensus,A_condition_specific_oracle,0.5654281338745409
2,0.1717270165681839,2.1886250972747803,2.3943975350121036,1,1,0,4,0,iid,42,directional_poisoning,sign_consensus,A_condition_specific_oracle,0.5654281338745409
3,0.1717270165681839,2.1863017082214355,2.4473127169767395,1,1,0,4,0,iid,42,directional_poisoning,sign_consensus,A_condition_specific_oracle,0.5654281338745409
4,0.1717270165681839,2.1839706897735596,2.4731165289413184,1,1,0,4,0,iid,42,directional_poisoning,sign_consensus,A_condition_specific_oracle,0.5654281338745409
5,0.1717270165681839,2.1817119121551514,2.4222519220784307,1,1,0,4,0,iid,42,directional_poisoning,sign_consensus,A_condition_specific_oracle,0.5654281338745409
0,0.05863510072231293,2.193220853805542,2.5044259530259296,0,,,,,iid,42,directional_poisoning,median,not_applicable,
1,0.1717270165681839,2.190378427505493,2.407358251977712,0,,,,,iid,42,directional_poisoning,median,not_applicable,
2,0.1717270165681839,2.188199043273926,2.420042837969959,1,,,,,iid,42,directional_poisoning,median,not_applicable,
3,0.1717270165681839,2.1857545375823975,2.4884139080531895,1,,,,,iid,42,directional_poisoning,median,not_applicable,
4,0.1717270165681839,2.1832900047302246,2.4275659429840744,1,,,,,iid,42,directional_poisoning,median,not_applicable,
5,0.1717270165681839,2.181195020675659,2.49975787603762,1,,,,,iid,42,directional_poisoning,median,not_applicable,
0,0.05863510072231293,2.193004608154297,2.455984710017219,0,,,,,iid,42,directional_poisoning,multi_krum,not_applicable,
1,0.1717270165681839,2.190114974975586,2.4412118409527466,0,,,,,iid,42,directional_poisoning,multi_krum,not_applicable,
2,0.1717270165681839,2.1881797313690186,2.481314512086101,1,,,,,iid,42,directional_poisoning,multi_krum,not_applicable,
3,0.1717270165681839,2.1859662532806396,2.4770446540787816,1,,,,,iid,42,directional_poisoning,multi_krum,not_applicable,
4,0.1717270165681839,2.1836769580841064,2.4612609000178054,1,,,,,iid,42,directional_poisoning,multi_krum,not_applicable,
5,0.1717270165681839,2.1815333366394043,2.548346334020607,1,,,,,iid,42,directional_poisoning,multi_krum,not_applicable,
0,0.05863510072231293,2.1933462619781494,2.4561256429878995,0,,,,,iid,42,sparse_coordinate_attack,fedavg,not_applicable,
1,0.1717270165681839,2.19065260887146,2.5640405650483444,0,,,,,iid,42,sparse_coordinate_attack,fedavg,not_applicable,
2,0.1717270165681839,2.1887269020080566,2.538450689986348,1,,,,,iid,42,sparse_coordinate_attack,fedavg,not_applicable,
3,0.1717270165681839,2.1947524547576904,2.4211340150795877,1,,,,,iid,42,sparse_coordinate_attack,fedavg,not_applicable,
4,0.1717270165681839,2.19529128074646,2.4362878079991788,1,,,,,iid,42,sparse_coordinate_attack,fedavg,not_applicable,
5,0.1717270165681839,2.1925528049468994,2.460738778929226,1,,,,,iid,42,sparse_coordinate_attack,fedavg,not_applicable,
0,0.05863510072231293,2.1997618675231934,2.4305445549543947,0,0,5,0,0,iid,42,sparse_coordinate_attack,norm,A_condition_specific_oracle,0.012898845238141707
1,0.05863510072231293,2.1997618675231934,2.409656770993024,0,0,5,0,0,iid,42,sparse_coordinate_attack,norm,A_condition_specific_oracle,0.012898845238141707
2,0.05863510072231293,2.1997618675231934,2.4009484018897638,1,1,4,0,0,iid,42,sparse_coordinate_attack,norm,A_condition_specific_oracle,0.012898845238141707
3,0.05863510072231293,2.1997618675231934,2.4013686990365386,1,1,4,0,0,iid,42,sparse_coordinate_attack,norm,A_condition_specific_oracle,0.012898845238141707
4,0.05863510072231293,2.1997618675231934,2.3998040980659425,1,1,4,0,0,iid,42,sparse_coordinate_attack,norm,A_condition_specific_oracle,0.012898845238141707
5,0.05863510072231293,2.1997618675231934,2.4879002190427855,1,1,4,0,0,iid,42,sparse_coordinate_attack,norm,A_condition_specific_oracle,0.012898845238141707
0,0.05863510072231293,2.1933465003967285,2.820917278062552,0,0,0,5,0,iid,42,sparse_coordinate_attack,cosine,A_condition_specific_oracle,0.8691060332964861
1,0.1717270165681839,2.190635919570923,2.793944061966613,0,0,0,5,0,iid,42,sparse_coordinate_attack,cosine,A_condition_specific_oracle,0.8691060332964861
2,0.1717270165681839,2.1885621547698975,2.7505751029821113,1,1,0,4,0,iid,42,sparse_coordinate_attack,cosine,A_condition_specific_oracle,0.8691060332964861
3,0.1717270165681839,2.186035394668579,2.8252048100112006,1,1,0,4,0,iid,42,sparse_coordinate_attack,cosine,A_condition_specific_oracle,0.8691060332964861
4,0.1717270165681839,2.1837069988250732,2.8211179659701884,1,1,0,4,0,iid,42,sparse_coordinate_attack,cosine,A_condition_specific_oracle,0.8691060332964861
5,0.1717270165681839,2.181377649307251,2.7563673119293526,1,1,0,4,0,iid,42,sparse_coordinate_attack,cosine,A_condition_specific_oracle,0.8691060332964861
0,0.05863510072231293,2.1933465003967285,2.4507171869045123,0,0,0,5,0,iid,42,sparse_coordinate_attack,sign_consensus,A_condition_specific_oracle,0.5654281338745409
1,0.1717270165681839,2.190652847290039,2.403982048970647,0,0,0,5,0,iid,42,sparse_coordinate_attack,sign_consensus,A_condition_specific_oracle,0.5654281338745409
2,0.1717270165681839,2.188343048095703,2.4579783630324528,1,1,0,4,0,iid,42,sparse_coordinate_attack,sign_consensus,A_condition_specific_oracle,0.5654281338745409
3,0.1717270165681839,2.1861162185668945,2.4403467159718275,1,1,0,4,0,iid,42,sparse_coordinate_attack,sign_consensus,A_condition_specific_oracle,0.5654281338745409
4,0.1717270165681839,2.1834068298339844,2.45291954302229,1,1,0,4,0,iid,42,sparse_coordinate_attack,sign_consensus,A_condition_specific_oracle,0.5654281338745409
5,0.1717270165681839,2.1808524131774902,2.4414372839964926,1,1,0,4,0,iid,42,sparse_coordinate_attack,sign_consensus,A_condition_specific_oracle,0.5654281338745409
0,0.05863510072231293,2.193220853805542,2.5091934739612043,0,,,,,iid,42,sparse_coordinate_attack,median,not_applicable,
1,0.1717270165681839,2.190377712249756,2.460594885982573,0,,,,,iid,42,sparse_coordinate_attack,median,not_applicable,
2,0.1717270165681839,2.1879336833953857,2.5304681380512193,1,,,,,iid,42,sparse_coordinate_attack,median,not_applicable,
3,0.1717270165681839,2.1858971118927,2.5923589658923447,1,,,,,iid,42,sparse_coordinate_attack,median,not_applicable,
4,0.1717270165681839,2.18320631980896,2.5431250310502946,1,,,,,iid,42,sparse_coordinate_attack,median,not_applicable,
5,0.1717270165681839,2.1806163787841797,2.509780928026885,1,,,,,iid,42,sparse_coordinate_attack,median,not_applicable,
0,0.05863510072231293,2.1930043697357178,2.510649885982275,0,,,,,iid,42,sparse_coordinate_attack,multi_krum,not_applicable,
1,0.1717270165681839,2.1901144981384277,2.4260201948927715,0,,,,,iid,42,sparse_coordinate_attack,multi_krum,not_applicable,
2,0.1717270165681839,2.1878905296325684,2.44632413610816,1,,,,,iid,42,sparse_coordinate_attack,multi_krum,not_applicable,
3,0.1717270165681839,2.1857807636260986,2.4272727289935574,1,,,,,iid,42,sparse_coordinate_attack,multi_krum,not_applicable,
4,0.1717270165681839,2.18315052986145,2.4594799749320373,1,,,,,iid,42,sparse_coordinate_attack,multi_krum,not_applicable,
5,0.1717270165681839,2.1806697845458984,2.447527764015831,1,,,,,iid,42,sparse_coordinate_attack,multi_krum,not_applicable,
0,0.08245125412940979,2.1844639778137207,2.436597194056958,0,,,,,iid,43,no_attack,fedavg,not_applicable,
1,0.08342618495225906,2.182591676712036,2.430824487004429,0,,,,,iid,43,no_attack,fedavg,not_applicable,
2,0.09763231128454208,2.1794750690460205,2.4366863750619814,1,,,,,iid,43,no_attack,fedavg,not_applicable,
3,0.14401113986968994,2.1751954555511475,2.475911895977333,1,,,,,iid,43,no_attack,fedavg,not_applicable,
4,0.1795264631509781,2.166731357574463,2.4697156799957156,1,,,,,iid,43,no_attack,fedavg,not_applicable,
5,0.19596101343631744,2.1571590900421143,2.540366366971284,1,,,,,iid,43,no_attack,fedavg,not_applicable,
0,0.08245125412940979,2.1877028942108154,2.526113885920495,0,0,5,0,0,iid,43,no_attack,norm,A_condition_specific_oracle,0.012898845238141707
1,0.08245125412940979,2.1877028942108154,2.4781058999942616,0,0,5,0,0,iid,43,no_attack,norm,A_condition_specific_oracle,0.012898845238141707
2,0.08245125412940979,2.1877028942108154,2.553175142966211,1,1,4,0,0,iid,43,no_attack,norm,A_condition_specific_oracle,0.012898845238141707
3,0.08245125412940979,2.1877028942108154,2.546260520000942,1,1,4,0,0,iid,43,no_attack,norm,A_condition_specific_oracle,0.012898845238141707
4,0.08245125412940979,2.1877028942108154,2.573762562009506,1,1,4,0,0,iid,43,no_attack,norm,A_condition_specific_oracle,0.012898845238141707
5,0.08245125412940979,2.1877028942108154,2.456416575005278,1,1,4,0,0,iid,43,no_attack,norm,A_condition_specific_oracle,0.012898845238141707
0,0.08245125412940979,2.1844630241394043,2.7264752170303836,0,0,0,5,0,iid,43,no_attack,cosine,A_condition_specific_oracle,0.8691060332964861
1,0.08440111577510834,2.1822404861450195,2.7796613699756563,0,0,0,5,0,iid,43,no_attack,cosine,A_condition_specific_oracle,0.8691060332964861
2,0.10320334881544113,2.178426504135132,2.7666294990340248,1,0,0,4,1,iid,43,no_attack,cosine,A_condition_specific_oracle,0.8691060332964861
3,0.1714484691619873,2.1738901138305664,2.757596142939292,1,0,0,4,1,iid,43,no_attack,cosine,A_condition_specific_oracle,0.8691060332964861
4,0.1791086345911026,2.1681575775146484,2.676775494008325,1,0,0,4,1,iid,43,no_attack,cosine,A_condition_specific_oracle,0.8691060332964861
5,0.1974930465221405,2.1568872928619385,2.66437956597656,1,0,0,4,1,iid,43,no_attack,cosine,A_condition_specific_oracle,0.8691060332964861
0,0.08245125412940979,2.184462785720825,2.3974689330207184,0,0,0,5,0,iid,43,no_attack,sign_consensus,A_condition_specific_oracle,0.5654281338745409
1,0.08342618495225906,2.1825902462005615,2.4924543210072443,0,0,0,5,0,iid,43,no_attack,sign_consensus,A_condition_specific_oracle,0.5654281338745409
2,0.09749303758144379,2.1794774532318115,2.4356465539895,1,0,0,4,1,iid,43,no_attack,sign_consensus,A_condition_specific_oracle,0.5654281338745409
3,0.14401113986968994,2.1751959323883057,2.4555113140959293,1,0,0,4,1,iid,43,no_attack,sign_consensus,A_condition_specific_oracle,0.5654281338745409
4,0.1793871968984604,2.166731834411621,2.485640825005248,1,0,0,4,1,iid,43,no_attack,sign_consensus,A_condition_specific_oracle,0.5654281338745409
5,0.19568245112895966,2.157161235809326,2.4835488639073446,1,0,0,4,1,iid,43,no_attack,sign_consensus,A_condition_specific_oracle,0.5654281338745409
0,0.08245125412940979,2.184507131576538,2.497963364003226,0,,,,,iid,43,no_attack,median,not_applicable,
1,0.08259052783250809,2.182220697402954,2.4524107709294185,0,,,,,iid,43,no_attack,median,not_applicable,
2,0.09651810675859451,2.179018259048462,2.4471853799186647,1,,,,,iid,43,no_attack,median,not_applicable,
3,0.14693593978881836,2.1743736267089844,2.4240181809291244,1,,,,,iid,43,no_attack,median,not_applicable,
4,0.17729805409908295,2.166205644607544,2.3986074089771137,1,,,,,iid,43,no_attack,median,not_applicable,
5,0.23077994585037231,2.1557343006134033,2.4097010049736127,1,,,,,iid,43,no_attack,median,not_applicable,
0,0.08245125412940979,2.18403697013855,2.444986080052331,0,,,,,iid,43,no_attack,multi_krum,not_applicable,
1,0.08245125412940979,2.182528018951416,2.468402630998753,0,,,,,iid,43,no_attack,multi_krum,not_applicable,
2,0.0896935984492302,2.180072069168091,2.4627542609814554,1,,,,,iid,43,no_attack,multi_krum,not_applicable,
3,0.11615598946809769,2.1758947372436523,2.5303040200378746,1,,,,,iid,43,no_attack,multi_krum,not_applicable,
4,0.1458217352628708,2.16833758354187,2.5554952239617705,1,,,,,iid,43,no_attack,multi_krum,not_applicable,
5,0.15961003303527832,2.1587412357330322,2.4986806539818645,1,,,,,iid,43,no_attack,multi_krum,not_applicable,
0,0.08245125412940979,2.1844637393951416,2.464107499923557,0,,,,,iid,43,large_norm,fedavg,not_applicable,
1,0.08342618495225906,2.1825919151306152,2.5100964680314064,0,,,,,iid,43,large_norm,fedavg,not_applicable,
2,0.11796657741069794,147529744.0,2.5428818539949134,1,,,,,iid,43,large_norm,fedavg,not_applicable,
3,0.1863509863615036,nan,2.4821026219287887,1,,,,,iid,43,large_norm,fedavg,not_applicable,
4,0.1863509863615036,nan,2.507046311045997,1,,,,,iid,43,large_norm,fedavg,not_applicable,
5,0.1863509863615036,nan,2.4592642589705065,1,,,,,iid,43,large_norm,fedavg,not_applicable,
0,0.08245125412940979,2.1877028942108154,2.4241243429714814,0,0,5,0,0,iid,43,large_norm,norm,A_condition_specific_oracle,0.012898845238141707
1,0.08245125412940979,2.1877028942108154,2.414209034992382,0,0,5,0,0,iid,43,large_norm,norm,A_condition_specific_oracle,0.012898845238141707
2,0.08245125412940979,2.1877028942108154,2.451283291913569,1,1,4,0,0,iid,43,large_norm,norm,A_condition_specific_oracle,0.012898845238141707
3,0.08245125412940979,2.1877028942108154,2.4483264420414343,1,1,4,0,0,iid,43,large_norm,norm,A_condition_specific_oracle,0.012898845238141707
4,0.08245125412940979,2.1877028942108154,2.443215923034586,1,1,4,0,0,iid,43,large_norm,norm,A_condition_specific_oracle,0.012898845238141707
5,0.08245125412940979,2.1877028942108154,2.408139008912258,1,1,4,0,0,iid,43,large_norm,norm,A_condition_specific_oracle,0.012898845238141707
0,0.08245125412940979,2.1844639778137207,2.664140395936556,0,0,0,5,0,iid,43,large_norm,cosine,A_condition_specific_oracle,0.8691060332964861
1,0.08440111577510834,2.1822376251220703,2.7357372200349346,0,0,0,5,0,iid,43,large_norm,cosine,A_condition_specific_oracle,0.8691060332964861
2,0.10027855634689331,2.17856764793396,2.7275911909528077,1,1,0,4,0,iid,43,large_norm,cosine,A_condition_specific_oracle,0.8691060332964861
3,0.12186630070209503,2.1744518280029297,2.7406609129393473,1,1,0,4,0,iid,43,large_norm,cosine,A_condition_specific_oracle,0.8691060332964861
4,0.1640668511390686,2.166295051574707,2.7153090439969674,1,1,0,4,0,iid,43,large_norm,cosine,A_condition_specific_oracle,0.8691060332964861
5,0.2504178285598755,2.155444383621216,2.7309527560137212,1,1,0,4,0,iid,43,large_norm,cosine,A_condition_specific_oracle,0.8691060332964861
0,0.08245125412940979,2.1844639778137207,2.434804723947309,0,0,0,5,0,iid,43,large_norm,sign_consensus,A_condition_specific_oracle,0.5654281338745409
1,0.08342618495225906,2.1825902462005615,2.4528987960657105,0,0,0,5,0,iid,43,large_norm,sign_consensus,A_condition_specific_oracle,0.5654281338745409
2,0.11796657741069794,147529728.0,2.5653803260065615,1,0,0,4,1,iid,43,large_norm,sign_consensus,A_condition_specific_oracle,0.5654281338745409
3,0.11796657741069794,147529728.0,2.4898675760487095,1,1,4,0,0,iid,43,large_norm,sign_consensus,A_condition_specific_oracle,0.5654281338745409
4,0.11796657741069794,147529728.0,2.4823537409538403,1,1,4,0,0,iid,43,large_norm,sign_consensus,A_condition_specific_oracle,0.5654281338745409
5,0.11796657741069794,147529728.0,2.507881104014814,1,1,4,0,0,iid,43,large_norm,sign_consensus,A_condition_specific_oracle,0.5654281338745409
0,0.08245125412940979,2.184504985809326,2.4717760239727795,0,,,,,iid,43,large_norm,median,not_applicable,
1,0.08259052783250809,2.1822221279144287,2.45554587605875,0,,,,,iid,43,large_norm,median,not_applicable,
2,0.09094707667827606,2.1792192459106445,2.454859348013997,1,,,,,iid,43,large_norm,median,not_applicable,
3,0.10334262251853943,2.1749565601348877,2.453047242946923,1,,,,,iid,43,large_norm,median,not_applicable,
4,0.1601671278476715,2.1660308837890625,2.4576455170754343,1,,,,,iid,43,large_norm,median,not_applicable,
5,0.2621169984340668,2.1542184352874756,2.454405214986764,1,,,,,iid,43,large_norm,median,not_applicable,
0,0.08245125412940979,2.1840362548828125,2.4521779699716717,0,,,,,iid,43,large_norm,multi_krum,not_applicable,
1,0.08245125412940979,2.1825263500213623,2.4393423800356686,0,,,,,iid,43,large_norm,multi_krum,not_applicable,
2,0.0934540405869484,2.179248094558716,2.4985629050061107,1,,,,,iid,43,large_norm,multi_krum,not_applicable,
3,0.11448468267917633,2.175009250640869,2.522136548999697,1,,,,,iid,43,large_norm,multi_krum,not_applicable,
4,0.17813371121883392,2.1665806770324707,2.5275750909931958,1,,,,,iid,43,large_norm,multi_krum,not_applicable,
5,0.26587745547294617,2.15518856048584,2.500860386993736,1,,,,,iid,43,large_norm,multi_krum,not_applicable,
0,0.08245125412940979,2.1844635009765625,2.481141468975693,0,,,,,iid,43,low_norm,fedavg,not_applicable,
1,0.08342618495225906,2.182590961456299,2.5311045300913975,0,,,,,iid,43,low_norm,fedavg,not_applicable,
2,0.09080780297517776,2.1799216270446777,2.535102571011521,1,,,,,iid,43,low_norm,fedavg,not_applicable,
3,0.10849582403898239,2.176848888397217,2.5082219659816474,1,,,,,iid,43,low_norm,fedavg,not_applicable,
4,0.15974931418895721,2.1704771518707275,2.49890776805114,1,,,,,iid,43,low_norm,fedavg,not_applicable,
5,0.1681058555841446,2.1642284393310547,2.484924010001123,1,,,,,iid,43,low_norm,fedavg,not_applicable,
0,0.08245125412940979,2.1877028942108154,2.4463974449317902,0,0,5,0,0,iid,43,low_norm,norm,A_condition_specific_oracle,0.012898845238141707
1,0.08245125412940979,2.1877028942108154,2.4832791849039495,0,0,5,0,0,iid,43,low_norm,norm,A_condition_specific_oracle,0.012898845238141707
2,0.08231198042631149,2.18764328956604,2.4443328679772094,1,0,4,0,1,iid,43,low_norm,norm,A_condition_specific_oracle,0.012898845238141707
3,0.08231198042631149,2.1875863075256348,2.544878729037009,1,0,4,0,1,iid,43,low_norm,norm,A_condition_specific_oracle,0.012898845238141707
4,0.08231198042631149,2.187535285949707,2.4125283639878035,1,0,4,0,1,iid,43,low_norm,norm,A_condition_specific_oracle,0.012898845238141707
5,0.08231198042631149,2.187485933303833,2.40122052305378,1,0,4,0,1,iid,43,low_norm,norm,A_condition_specific_oracle,0.012898845238141707
0,0.08245125412940979,2.1844637393951416,2.761164342984557,0,0,0,5,0,iid,43,low_norm,cosine,A_condition_specific_oracle,0.8691060332964861
1,0.08440111577510834,2.1822381019592285,2.7320479310583323,0,0,0,5,0,iid,43,low_norm,cosine,A_condition_specific_oracle,0.8691060332964861
2,0.09749303758144379,2.178741216659546,2.6943131800508127,1,0,0,4,1,iid,43,low_norm,cosine,A_condition_specific_oracle,0.8691060332964861
3,0.14373259246349335,2.175147294998169,2.664290678105317,1,0,0,4,1,iid,43,low_norm,cosine,A_condition_specific_oracle,0.8691060332964861
4,0.16225627064704895,2.1714303493499756,2.7600313449511304,1,0,0,4,1,iid,43,low_norm,cosine,A_condition_specific_oracle,0.8691060332964861
5,0.15752089023590088,2.1642513275146484,2.705848391051404,1,0,0,4,1,iid,43,low_norm,cosine,A_condition_specific_oracle,0.8691060332964861
0,0.08245125412940979,2.1844639778137207,2.457442239043303,0,0,0,5,0,iid,43,low_norm,sign_consensus,A_condition_specific_oracle,0.5654281338745409
1,0.08342618495225906,2.1825900077819824,2.4207584669347852,0,0,0,5,0,iid,43,low_norm,sign_consensus,A_condition_specific_oracle,0.5654281338745409
2,0.09080780297517776,2.1799206733703613,2.4951725880382583,1,0,0,4,1,iid,43,low_norm,sign_consensus,A_condition_specific_oracle,0.5654281338745409
3,0.10849582403898239,2.176848888397217,2.497823819052428,1,0,0,4,1,iid,43,low_norm,sign_consensus,A_condition_specific_oracle,0.5654281338745409
4,0.15988858044147491,2.1704742908477783,2.497209738008678,1,0,0,4,1,iid,43,low_norm,sign_consensus,A_condition_specific_oracle,0.5654281338745409
5,0.16866295039653778,2.1642394065856934,2.4477652000496164,1,0,0,4,1,iid,43,low_norm,sign_consensus,A_condition_specific_oracle,0.5654281338745409
0,0.08245125412940979,2.184504985809326,2.4954794259974733,0,,,,,iid,43,low_norm,median,not_applicable,
1,0.08259052783250809,2.1822214126586914,2.479247219976969,0,,,,,iid,43,low_norm,median,not_applicable,
2,0.09261838346719742,2.178823232650757,2.4849832450272515,1,,,,,iid,43,low_norm,median,not_applicable,
3,0.1155988872051239,2.174603223800659,2.446009273058735,1,,,,,iid,43,low_norm,median,not_applicable,
4,0.15752089023590088,2.165590286254883,2.430476665031165,1,,,,,iid,43,low_norm,median,not_applicable,
5,0.22604458034038544,2.155858039855957,2.4411415559006855,1,,,,,iid,43,low_norm,median,not_applicable,
0,0.08245125412940979,2.18403697013855,2.4276334169553593,0,,,,,iid,43,low_norm,multi_krum,not_applicable,
1,0.08245125412940979,2.1825311183929443,2.4524598059942946,0,,,,,iid,43,low_norm,multi_krum,not_applicable,
2,0.09150417894124985,2.179227828979492,2.4730888470076025,1,,,,,iid,43,low_norm,multi_krum,not_applicable,
3,0.12089136987924576,2.1749982833862305,2.46733883197885,1,,,,,iid,43,low_norm,multi_krum,not_applicable,
4,0.1747910976409912,2.1656250953674316,2.4465855909511447,1,,,,,iid,43,low_norm,multi_krum,not_applicable,
5,0.24150417745113373,2.155913829803467,2.5156841919524595,1,,,,,iid,43,low_norm,multi_krum,not_applicable,
0,0.08245125412940979,2.1844637393951416,2.4862919891020283,0,,,,,iid,43,full_sign_flip,fedavg,not_applicable,
1,0.08342618495225906,2.1825907230377197,2.4520473399898037,0,,,,,iid,43,full_sign_flip,fedavg,not_applicable,
2,0.08704735338687897,2.180410146713257,2.4510132670402527,1,,,,,iid,43,full_sign_flip,fedavg,not_applicable,
3,0.09206128120422363,2.1783151626586914,2.4263604410225525,1,,,,,iid,43,full_sign_flip,fedavg,not_applicable,
4,0.11350975185632706,2.1735384464263916,2.421027874923311,1,,,,,iid,43,full_sign_flip,fedavg,not_applicable,
5,0.12144847214221954,2.1695361137390137,2.413278113002889,1,,,,,iid,43,full_sign_flip,fedavg,not_applicable,
0,0.08245125412940979,2.1877028942108154,2.412938000052236,0,0,5,0,0,iid,43,full_sign_flip,norm,A_condition_specific_oracle,0.012898845238141707
1,0.08245125412940979,2.1877028942108154,2.4308557320619,0,0,5,0,0,iid,43,full_sign_flip,norm,A_condition_specific_oracle,0.012898845238141707
2,0.08245125412940979,2.1877028942108154,2.465942495968193,1,1,4,0,0,iid,43,full_sign_flip,norm,A_condition_specific_oracle,0.012898845238141707
3,0.08245125412940979,2.1877028942108154,2.4812235831050202,1,1,4,0,0,iid,43,full_sign_flip,norm,A_condition_specific_oracle,0.012898845238141707
4,0.08245125412940979,2.1877028942108154,2.226357060018927,1,1,4,0,0,iid,43,full_sign_flip,norm,A_condition_specific_oracle,0.012898845238141707
5,0.08245125412940979,2.1877028942108154,2.4895577549468726,1,1,4,0,0,iid,43,full_sign_flip,norm,A_condition_specific_oracle,0.012898845238141707
0,0.08245125412940979,2.184462785720825,2.7738136870320886,0,0,0,5,0,iid,43,full_sign_flip,cosine,A_condition_specific_oracle,0.8691060332964861
1,0.08440111577510834,2.182239294052124,2.7494357470422983,0,0,0,5,0,iid,43,full_sign_flip,cosine,A_condition_specific_oracle,0.8691060332964861
2,0.10682451725006104,2.1778578758239746,2.713910038000904,1,1,0,4,0,iid,43,full_sign_flip,cosine,A_condition_specific_oracle,0.8691060332964861
3,0.17033426463603973,2.1730215549468994,2.7652871659956872,1,1,0,4,0,iid,43,full_sign_flip,cosine,A_condition_specific_oracle,0.8691060332964861
4,0.17841225862503052,2.1674554347991943,2.712997227907181,1,1,0,4,0,iid,43,full_sign_flip,cosine,A_condition_specific_oracle,0.8691060332964861
5,0.2430362105369568,2.155585765838623,2.7618849580176175,1,1,0,4,0,iid,43,full_sign_flip,cosine,A_condition_specific_oracle,0.8691060332964861
0,0.08245125412940979,2.1844630241394043,2.4572760709561408,0,0,0,5,0,iid,43,full_sign_flip,sign_consensus,A_condition_specific_oracle,0.5654281338745409
1,0.08342618495225906,2.1825907230377197,2.472728125983849,0,0,0,5,0,iid,43,full_sign_flip,sign_consensus,A_condition_specific_oracle,0.5654281338745409
2,0.09554317593574524,2.1792571544647217,2.588097733911127,1,1,0,4,0,iid,43,full_sign_flip,sign_consensus,A_condition_specific_oracle,0.5654281338745409
3,0.1264623999595642,2.175025224685669,2.4628899310482666,1,1,0,4,0,iid,43,full_sign_flip,sign_consensus,A_condition_specific_oracle,0.5654281338745409
4,0.17827299237251282,2.165621519088745,2.476360635017045,1,1,0,4,0,iid,43,full_sign_flip,sign_consensus,A_condition_specific_oracle,0.5654281338745409
5,0.2428969442844391,2.1558966636657715,2.4840823060367256,1,1,0,4,0,iid,43,full_sign_flip,sign_consensus,A_condition_specific_oracle,0.5654281338745409
0,0.08245125412940979,2.18450665473938,2.5361670169513673,0,,,,,iid,43,full_sign_flip,median,not_applicable,
1,0.08259052783250809,2.182219982147217,2.6594345360063016,0,,,,,iid,43,full_sign_flip,median,not_applicable,
2,0.09108635038137436,2.178818464279175,2.6135100619867444,1,,,,,iid,43,full_sign_flip,median,not_applicable,
3,0.11281337589025497,2.1745765209198,2.5096387560479343,1,,,,,iid,43,full_sign_flip,median,not_applicable,
4,0.15389972925186157,2.1654739379882812,2.418393283034675,1,,,,,iid,43,full_sign_flip,median,not_applicable,
5,0.22214485704898834,2.1557908058166504,2.4023968810215592,1,,,,,iid,43,full_sign_flip,median,not_applicable,
0,0.08245125412940979,2.18403697013855,2.4581188820302486,0,,,,,iid,43,full_sign_flip,multi_krum,not_applicable,
1,0.08245125412940979,2.1825249195098877,2.457339788088575,0,,,,,iid,43,full_sign_flip,multi_krum,not_applicable,
2,0.09150417894124985,2.1792263984680176,2.432689434965141,1,,,,,iid,43,full_sign_flip,multi_krum,not_applicable,
3,0.12089136987924576,2.1749963760375977,2.4582406929694116,1,,,,,iid,43,full_sign_flip,multi_krum,not_applicable,
4,0.1750696450471878,2.1656346321105957,2.454348136088811,1,,,,,iid,43,full_sign_flip,multi_krum,not_applicable,
5,0.24164345860481262,2.15590763092041,2.4513906670035794,1,,,,,iid,43,full_sign_flip,multi_krum,not_applicable,
0,0.08245125412940979,2.1844635009765625,2.4452373440144584,0,,,,,iid,43,directional_poisoning,fedavg,not_applicable,
1,0.08342618495225906,2.1825900077819824,2.4592276299372315,0,,,,,iid,43,directional_poisoning,fedavg,not_applicable,
2,0.08704735338687897,2.1804087162017822,2.4771033819997683,1,,,,,iid,43,directional_poisoning,fedavg,not_applicable,
3,0.09206128120422363,2.178316593170166,2.5034527759999037,1,,,,,iid,43,directional_poisoning,fedavg,not_applicable,
4,0.11364902555942535,2.173537015914917,2.5106406629784033,1,,,,,iid,43,directional_poisoning,fedavg,not_applicable,
5,0.12116991728544235,2.169536590576172,2.4438077580416575,1,,,,,iid,43,directional_poisoning,fedavg,not_applicable,
0,0.08245125412940979,2.1877028942108154,2.4448111479869112,0,0,5,0,0,iid,43,directional_poisoning,norm,A_condition_specific_oracle,0.012898845238141707
1,0.08245125412940979,2.1877028942108154,2.474716299911961,0,0,5,0,0,iid,43,directional_poisoning,norm,A_condition_specific_oracle,0.012898845238141707
2,0.08245125412940979,2.1877028942108154,2.5136806460795924,1,1,4,0,0,iid,43,directional_poisoning,norm,A_condition_specific_oracle,0.012898845238141707
3,0.08245125412940979,2.1877028942108154,2.5353743309387937,1,1,4,0,0,iid,43,directional_poisoning,norm,A_condition_specific_oracle,0.012898845238141707
4,0.08245125412940979,2.1877028942108154,2.553758181980811,1,1,4,0,0,iid,43,directional_poisoning,norm,A_condition_specific_oracle,0.012898845238141707
5,0.08245125412940979,2.1877028942108154,2.6131635979982093,1,1,4,0,0,iid,43,directional_poisoning,norm,A_condition_specific_oracle,0.012898845238141707
0,0.08245125412940979,2.1844630241394043,2.8985698180040345,0,0,0,5,0,iid,43,directional_poisoning,cosine,A_condition_specific_oracle,0.8691060332964861
1,0.08440111577510834,2.1822404861450195,2.8723963119555265,0,0,0,5,0,iid,43,directional_poisoning,cosine,A_condition_specific_oracle,0.8691060332964861
2,0.10682451725006104,2.1778600215911865,2.922878332086839,1,1,0,4,0,iid,43,directional_poisoning,cosine,A_condition_specific_oracle,0.8691060332964861
3,0.17033426463603973,2.173021078109741,2.8301976419752464,1,1,0,4,0,iid,43,directional_poisoning,cosine,A_condition_specific_oracle,0.8691060332964861
4,0.178830087184906,2.167452812194824,2.8481497530592605,1,1,0,4,0,iid,43,directional_poisoning,cosine,A_condition_specific_oracle,0.8691060332964861
5,0.2426183968782425,2.155588388442993,2.9573172589298338,1,1,0,4,0,iid,43,directional_poisoning,cosine,A_condition_specific_oracle,0.8691060332964861
0,0.08245125412940979,2.1844639778137207,2.557453288929537,0,0,0,5,0,iid,43,directional_poisoning,sign_consensus,A_condition_specific_oracle,0.5654281338745409
1,0.08342618495225906,2.182589530944824,2.5795774639118463,0,0,0,5,0,iid,43,directional_poisoning,sign_consensus,A_condition_specific_oracle,0.5654281338745409
2,0.09554317593574524,2.1792593002319336,2.5828110799193382,1,1,0,4,0,iid,43,directional_poisoning,sign_consensus,A_condition_specific_oracle,0.5654281338745409
3,0.1268802285194397,2.1750221252441406,2.547945616999641,1,1,0,4,0,iid,43,directional_poisoning,sign_consensus,A_condition_specific_oracle,0.5654281338745409
4,0.17827299237251282,2.1656177043914795,2.6787829470122233,1,1,0,4,0,iid,43,directional_poisoning,sign_consensus,A_condition_specific_oracle,0.5654281338745409
5,0.2427576631307602,2.155890464782715,2.6000597530510277,1,1,0,4,0,iid,43,directional_poisoning,sign_consensus,A_condition_specific_oracle,0.5654281338745409
0,0.08245125412940979,2.184506893157959,2.5337277500657365,0,,,,,iid,43,directional_poisoning,median,not_applicable,
1,0.08259052783250809,2.1822195053100586,2.5664730329299346,0,,,,,iid,43,directional_poisoning,median,not_applicable,
2,0.09094707667827606,2.1788158416748047,2.6047017239034176,1,,,,,iid,43,directional_poisoning,median,not_applicable,
3,0.11239554733037949,2.1745734214782715,2.6363283960381523,1,,,,,iid,43,directional_poisoning,median,not_applicable,
4,0.15403899550437927,2.16546893119812,2.564984222059138,1,,,,,iid,43,directional_poisoning,median,not_applicable,
5,0.22284123301506042,2.1557769775390625,2.5323564810678363,1,,,,,iid,43,directional_poisoning,median,not_applicable,
0,0.08245125412940979,2.18403697013855,2.677966102026403,0,,,,,iid,43,directional_poisoning,multi_krum,not_applicable,
1,0.08245125412940979,2.182525634765625,2.704020092030987,0,,,,,iid,43,directional_poisoning,multi_krum,not_applicable,
2,0.09150417894124985,2.179224967956543,2.73474502004683,1,,,,,iid,43,directional_poisoning,multi_krum,not_applicable,
3,0.12075208872556686,2.174999475479126,2.7763537999708205,1,,,,,iid,43,directional_poisoning,multi_krum,not_applicable,
4,0.17465181648731232,2.1656265258789062,2.467677103006281,1,,,,,iid,43,directional_poisoning,multi_krum,not_applicable,
5,0.24164345860481262,2.155912160873413,2.698605200042948,1,,,,,iid,43,directional_poisoning,multi_krum,not_applicable,
0,0.08245125412940979,2.1844630241394043,2.631411926005967,0,,,,,iid,43,sparse_coordinate_attack,fedavg,not_applicable,
1,0.08342618495225906,2.1825904846191406,2.617166284006089,0,,,,,iid,43,sparse_coordinate_attack,fedavg,not_applicable,
2,0.08245125412940979,2.1875038146972656,2.6510452600196004,1,,,,,iid,43,sparse_coordinate_attack,fedavg,not_applicable,
3,0.13286907970905304,2.178382158279419,2.6395220240810886,1,,,,,iid,43,sparse_coordinate_attack,fedavg,not_applicable,
4,0.16935934126377106,2.166555643081665,2.6958254370838404,1,,,,,iid,43,sparse_coordinate_attack,fedavg,not_applicable,
5,0.15933148562908173,2.1606972217559814,2.656199506018311,1,,,,,iid,43,sparse_coordinate_attack,fedavg,not_applicable,
0,0.08245125412940979,2.1877028942108154,2.5979857039637864,0,0,5,0,0,iid,43,sparse_coordinate_attack,norm,A_condition_specific_oracle,0.012898845238141707
1,0.08245125412940979,2.1877028942108154,2.4487791110295802,0,0,5,0,0,iid,43,sparse_coordinate_attack,norm,A_condition_specific_oracle,0.012898845238141707
2,0.08245125412940979,2.1877028942108154,2.4606869330164045,1,1,4,0,0,iid,43,sparse_coordinate_attack,norm,A_condition_specific_oracle,0.012898845238141707
3,0.08245125412940979,2.1877028942108154,2.421242094016634,1,1,4,0,0,iid,43,sparse_coordinate_attack,norm,A_condition_specific_oracle,0.012898845238141707
4,0.08245125412940979,2.1877028942108154,2.426250035990961,1,1,4,0,0,iid,43,sparse_coordinate_attack,norm,A_condition_specific_oracle,0.012898845238141707
5,0.08245125412940979,2.1877028942108154,2.447739979950711,1,1,4,0,0,iid,43,sparse_coordinate_attack,norm,A_condition_specific_oracle,0.012898845238141707
0,0.08245125412940979,2.1844639778137207,2.813159796060063,0,0,0,5,0,iid,43,sparse_coordinate_attack,cosine,A_condition_specific_oracle,0.8691060332964861
1,0.08440111577510834,2.1822383403778076,2.669085393077694,0,0,0,5,0,iid,43,sparse_coordinate_attack,cosine,A_condition_specific_oracle,0.8691060332964861
2,0.09164345264434814,2.1785316467285156,2.811925732064992,1,1,0,4,0,iid,43,sparse_coordinate_attack,cosine,A_condition_specific_oracle,0.8691060332964861
3,0.11337047815322876,2.173490285873413,2.7166919249575585,1,1,0,4,0,iid,43,sparse_coordinate_attack,cosine,A_condition_specific_oracle,0.8691060332964861
4,0.16573816537857056,2.166311502456665,2.735483029973693,1,1,0,4,0,iid,43,sparse_coordinate_attack,cosine,A_condition_specific_oracle,0.8691060332964861
5,0.2830083668231964,2.1547930240631104,2.7232950740726665,1,1,0,4,0,iid,43,sparse_coordinate_attack,cosine,A_condition_specific_oracle,0.8691060332964861
0,0.08245125412940979,2.1844637393951416,2.455399618949741,0,0,0,5,0,iid,43,sparse_coordinate_attack,sign_consensus,A_condition_specific_oracle,0.5654281338745409
1,0.08342618495225906,2.1825902462005615,2.439382277079858,0,0,0,5,0,iid,43,sparse_coordinate_attack,sign_consensus,A_condition_specific_oracle,0.5654281338745409
2,0.09749303758144379,2.1790008544921875,2.4365856259828433,1,1,0,4,0,iid,43,sparse_coordinate_attack,sign_consensus,A_condition_specific_oracle,0.5654281338745409
3,0.1604456901550293,2.1740477085113525,2.426956179901026,1,1,0,4,0,iid,43,sparse_coordinate_attack,sign_consensus,A_condition_specific_oracle,0.5654281338745409
4,0.1348189413547516,2.166551351547241,2.407929779961705,1,1,0,4,0,iid,43,sparse_coordinate_attack,sign_consensus,A_condition_specific_oracle,0.5654281338745409
5,0.25612813234329224,2.155285120010376,2.401063960045576,1,1,0,4,0,iid,43,sparse_coordinate_attack,sign_consensus,A_condition_specific_oracle,0.5654281338745409
0,0.08245125412940979,2.184504747390747,2.394589749048464,0,,,,,iid,43,sparse_coordinate_attack,median,not_applicable,
1,0.08259052783250809,2.182220458984375,2.392790062003769,0,,,,,iid,43,sparse_coordinate_attack,median,not_applicable,
2,0.0930362120270729,2.178571939468384,2.4063559459755197,1,,,,,iid,43,sparse_coordinate_attack,median,not_applicable,
3,0.1344011127948761,2.1740055084228516,2.408094366081059,1,,,,,iid,43,sparse_coordinate_attack,median,not_applicable,
4,0.11657381802797318,2.1670010089874268,2.402234556968324,1,,,,,iid,43,sparse_coordinate_attack,median,not_applicable,
5,0.25459611415863037,2.1554415225982666,2.402964513981715,1,,,,,iid,43,sparse_coordinate_attack,median,not_applicable,
0,0.08245125412940979,2.18403697013855,2.397545288898982,0,,,,,iid,43,sparse_coordinate_attack,multi_krum,not_applicable,
1,0.08245125412940979,2.1825273036956787,2.4141657130094245,0,,,,,iid,43,sparse_coordinate_attack,multi_krum,not_applicable,
2,0.09428969770669937,2.1789674758911133,2.6414002429228276,1,,,,,iid,43,sparse_coordinate_attack,multi_krum,not_applicable,
3,0.15403899550437927,2.17401123046875,2.561616930994205,1,,,,,iid,43,sparse_coordinate_attack,multi_krum,not_applicable,
4,0.1309192180633545,2.1665565967559814,2.598850053967908,1,,,,,iid,43,sparse_coordinate_attack,multi_krum,not_applicable,
5,0.2579387128353119,2.155294418334961,2.3031776399584487,1,,,,,iid,43,sparse_coordinate_attack,multi_krum,not_applicable,
0,0.08245125412940979,2.1885318756103516,2.215694551006891,0,,,,,iid,44,no_attack,fedavg,not_applicable,
1,0.08259052783250809,2.1863348484039307,2.2140343110077083,0,,,,,iid,44,no_attack,fedavg,not_applicable,
2,0.09401114284992218,2.1825406551361084,2.216387493070215,1,,,,,iid,44,no_attack,fedavg,not_applicable,
3,0.0970752090215683,2.177976131439209,2.2334565959172323,1,,,,,iid,44,no_attack,fedavg,not_applicable,
4,0.08997214585542679,2.171757221221924,2.3804874540073797,1,,,,,iid,44,no_attack,fedavg,not_applicable,
5,0.11490251123905182,2.164402961730957,2.1817642269888893,1,,,,,iid,44,no_attack,fedavg,not_applicable,
0,0.08147632330656052,2.1977293491363525,2.1812555249780416,0,0,5,0,0,iid,44,no_attack,norm,A_condition_specific_oracle,0.012898845238141707
1,0.08147632330656052,2.1977293491363525,2.388422143063508,0,0,5,0,0,iid,44,no_attack,norm,A_condition_specific_oracle,0.012898845238141707
2,0.08147632330656052,2.1977293491363525,2.4323004100006074,1,1,4,0,0,iid,44,no_attack,norm,A_condition_specific_oracle,0.012898845238141707
3,0.08147632330656052,2.1977293491363525,2.4184813799802214,1,1,4,0,0,iid,44,no_attack,norm,A_condition_specific_oracle,0.012898845238141707
4,0.08147632330656052,2.1977293491363525,2.4173693160992116,1,1,4,0,0,iid,44,no_attack,norm,A_condition_specific_oracle,0.012898845238141707
5,0.08147632330656052,2.1977293491363525,2.4311272089835256,1,1,4,0,0,iid,44,no_attack,norm,A_condition_specific_oracle,0.012898845238141707
0,0.08245125412940979,2.1885244846343994,2.446521186036989,0,0,0,5,0,iid,44,no_attack,cosine,A_condition_specific_oracle,0.8691060332964861
1,0.08300835639238358,2.186563730239868,2.6823273800546303,0,0,0,5,0,iid,44,no_attack,cosine,A_condition_specific_oracle,0.8691060332964861
2,0.09596100449562073,2.1868245601654053,2.668879606993869,1,1,3,1,0,iid,44,no_attack,cosine,A_condition_specific_oracle,0.8691060332964861
3,0.08272980898618698,2.182227611541748,2.7000385490246117,1,1,2,2,0,iid,44,no_attack,cosine,A_condition_specific_oracle,0.8691060332964861
4,0.08272980898618698,2.182227611541748,2.787171878037043,1,1,4,0,0,iid,44,no_attack,cosine,A_condition_specific_oracle,0.8691060332964861
5,0.08440111577510834,2.1740331649780273,2.7520722539629787,1,1,0,4,0,iid,44,no_attack,cosine,A_condition_specific_oracle,0.8691060332964861
0,0.08245125412940979,2.188524007797241,2.445243980968371,0,0,0,5,0,iid,44,no_attack,sign_consensus,A_condition_specific_oracle,0.5654281338745409
1,0.08259052783250809,2.1863319873809814,2.4477958120405674,0,0,0,5,0,iid,44,no_attack,sign_consensus,A_condition_specific_oracle,0.5654281338745409
2,0.09401114284992218,2.182530641555786,2.4884178929496557,1,0,0,4,1,iid,44,no_attack,sign_consensus,A_condition_specific_oracle,0.5654281338745409
3,0.09651810675859451,2.1779778003692627,2.4777066039387137,1,0,0,4,1,iid,44,no_attack,sign_consensus,A_condition_specific_oracle,0.5654281338745409
4,0.08997214585542679,2.1717567443847656,2.5128227340755984,1,0,0,4,1,iid,44,no_attack,sign_consensus,A_condition_specific_oracle,0.5654281338745409
5,0.11504178494215012,2.1644065380096436,2.579368850099854,1,0,0,4,1,iid,44,no_attack,sign_consensus,A_condition_specific_oracle,0.5654281338745409
0,0.08245125412940979,2.188478708267212,2.463670991943218,0,,,,,iid,44,no_attack,median,not_applicable,
1,0.08245125412940979,2.1865386962890625,2.442827835911885,0,,,,,iid,44,no_attack,median,not_applicable,
2,0.08718663454055786,2.1826188564300537,2.441276142024435,1,,,,,iid,44,no_attack,median,not_applicable,
3,0.09860724210739136,2.1778736114501953,2.460024402011186,1,,,,,iid,44,no_attack,median,not_applicable,
4,0.09025070071220398,2.17192006111145,2.447478284011595,1,,,,,iid,44,no_attack,median,not_applicable,
5,0.11434540897607803,2.1648612022399902,2.447661909973249,1,,,,,iid,44,no_attack,median,not_applicable,
0,0.08245125412940979,2.189242124557495,2.520057495101355,0,,,,,iid,44,no_attack,multi_krum,not_applicable,
1,0.08259052783250809,2.1884140968322754,2.450355784036219,0,,,,,iid,44,no_attack,multi_krum,not_applicable,
2,0.09777159243822098,2.1843245029449463,2.474778795032762,1,,,,,iid,44,no_attack,multi_krum,not_applicable,
3,0.10111420601606369,2.180274248123169,2.4326646499102935,1,,,,,iid,44,no_attack,multi_krum,not_applicable,
4,0.09484679996967316,2.1711442470550537,2.433306463994086,1,,,,,iid,44,no_attack,multi_krum,not_applicable,
5,0.11420612782239914,2.164029836654663,2.218004749971442,1,,,,,iid,44,no_attack,multi_krum,not_applicable,
0,0.08245125412940979,2.1885313987731934,2.422089869971387,0,,,,,iid,44,large_norm,fedavg,not_applicable,
1,0.08259052783250809,2.1863341331481934,2.424850275972858,0,,,,,iid,44,large_norm,fedavg,not_applicable,
2,0.05863510072231293,157629472.0,2.482748625916429,1,,,,,iid,44,large_norm,fedavg,not_applicable,
3,0.1863509863615036,nan,2.4105304480763152,1,,,,,iid,44,large_norm,fedavg,not_applicable,
4,0.1863509863615036,nan,2.4241156720090657,1,,,,,iid,44,large_norm,fedavg,not_applicable,
5,0.1863509863615036,nan,2.4789426879724488,1,,,,,iid,44,large_norm,fedavg,not_applicable,
0,0.08147632330656052,2.1977293491363525,2.437960783019662,0,0,5,0,0,iid,44,large_norm,norm,A_condition_specific_oracle,0.012898845238141707
1,0.08147632330656052,2.1977293491363525,2.501859912998043,0,0,5,0,0,iid,44,large_norm,norm,A_condition_specific_oracle,0.012898845238141707
2,0.08147632330656052,2.1977293491363525,2.47033336001914,1,1,4,0,0,iid,44,large_norm,norm,A_condition_specific_oracle,0.012898845238141707
3,0.08147632330656052,2.1977293491363525,2.4354579290375113,1,1,4,0,0,iid,44,large_norm,norm,A_condition_specific_oracle,0.012898845238141707
4,0.08147632330656052,2.1977293491363525,2.482164311921224,1,1,4,0,0,iid,44,large_norm,norm,A_condition_specific_oracle,0.012898845238141707
5,0.08147632330656052,2.1977293491363525,2.4593633470358327,1,1,4,0,0,iid,44,large_norm,norm,A_condition_specific_oracle,0.012898845238141707
0,0.08245125412940979,2.188524007797241,2.791066993959248,0,0,0,5,0,iid,44,large_norm,cosine,A_condition_specific_oracle,0.8691060332964861
1,0.08300835639238358,2.1865596771240234,2.7200299330288544,0,0,0,5,0,iid,44,large_norm,cosine,A_condition_specific_oracle,0.8691060332964861
2,0.09596100449562073,2.1856634616851807,2.7126759600359946,1,1,3,1,0,iid,44,large_norm,cosine,A_condition_specific_oracle,0.8691060332964861
3,0.0967966616153717,2.1805429458618164,2.7218575989827514,1,1,0,4,0,iid,44,large_norm,cosine,A_condition_specific_oracle,0.8691060332964861
4,0.10863509774208069,2.173698663711548,2.7370567730395123,1,1,1,3,0,iid,44,large_norm,cosine,A_condition_specific_oracle,0.8691060332964861
5,0.10766016691923141,2.1680140495300293,2.7002572919009253,1,1,1,3,0,iid,44,large_norm,cosine,A_condition_specific_oracle,0.8691060332964861
0,0.08245125412940979,2.1885242462158203,2.42877287697047,0,0,0,5,0,iid,44,large_norm,sign_consensus,A_condition_specific_oracle,0.5654281338745409
1,0.08259052783250809,2.1863298416137695,2.3930484839947894,0,0,0,5,0,iid,44,large_norm,sign_consensus,A_condition_specific_oracle,0.5654281338745409
2,0.05863510072231293,157629488.0,2.3967302590608597,1,0,0,4,1,iid,44,large_norm,sign_consensus,A_condition_specific_oracle,0.5654281338745409
3,0.05863510072231293,157629488.0,2.4120783950202167,1,1,4,0,0,iid,44,large_norm,sign_consensus,A_condition_specific_oracle,0.5654281338745409
4,0.08830083906650543,881492295680.0,2.409724581055343,1,0,2,2,1,iid,44,large_norm,sign_consensus,A_condition_specific_oracle,0.5654281338745409
5,0.08830083906650543,41269183119360.0,2.4104462260147557,1,0,4,0,1,iid,44,large_norm,sign_consensus,A_condition_specific_oracle,0.5654281338745409
0,0.08245125412940979,2.188478946685791,2.4337268930394202,0,,,,,iid,44,large_norm,median,not_applicable,
1,0.08245125412940979,2.186549186706543,2.4342146900016814,0,,,,,iid,44,large_norm,median,not_applicable,
2,0.08314763754606247,2.184852361679077,2.4209206310333684,1,,,,,iid,44,large_norm,median,not_applicable,
3,0.09178273379802704,2.180366039276123,2.46626722603105,1,,,,,iid,44,large_norm,median,not_applicable,
4,0.10626741498708725,2.1749343872070312,2.52900794998277,1,,,,,iid,44,large_norm,median,not_applicable,
5,0.11281337589025497,2.167248249053955,2.4618711690418422,1,,,,,iid,44,large_norm,median,not_applicable,
0,0.08245125412940979,2.189242362976074,2.422021141042933,0,,,,,iid,44,large_norm,multi_krum,not_applicable,
1,0.08259052783250809,2.188412666320801,2.419140550075099,0,,,,,iid,44,large_norm,multi_krum,not_applicable,
2,0.08342618495225906,2.1857657432556152,2.4060675910441205,1,,,,,iid,44,large_norm,multi_krum,not_applicable,
3,0.09094707667827606,2.1804916858673096,2.399792867945507,1,,,,,iid,44,large_norm,multi_krum,not_applicable,
4,0.11225627362728119,2.174799680709839,2.3347825170494616,1,,,,,iid,44,large_norm,multi_krum,not_applicable,
5,0.11281337589025497,2.1673264503479004,2.20694600592833,1,,,,,iid,44,large_norm,multi_krum,not_applicable,
0,0.08245125412940979,2.1885247230529785,2.388634194037877,0,,,,,iid,44,low_norm,fedavg,not_applicable,
1,0.08259052783250809,2.1863327026367188,2.4647201049374416,0,,,,,iid,44,low_norm,fedavg,not_applicable,
2,0.0933147668838501,2.184095859527588,2.5199237200431526,1,,,,,iid,44,low_norm,fedavg,not_applicable,
3,0.09846796840429306,2.181544542312622,2.529257316957228,1,,,,,iid,44,low_norm,fedavg,not_applicable,
4,0.0931754931807518,2.1776626110076904,2.550533645087853,1,,,,,iid,44,low_norm,fedavg,not_applicable,
5,0.10543175786733627,2.1723954677581787,2.488951900973916,1,,,,,iid,44,low_norm,fedavg,not_applicable,
0,0.08147632330656052,2.1977293491363525,2.578469059080817,0,0,5,0,0,iid,44,low_norm,norm,A_condition_specific_oracle,0.012898845238141707
1,0.08147632330656052,2.1977293491363525,2.5160289250779897,0,0,5,0,0,iid,44,low_norm,norm,A_condition_specific_oracle,0.012898845238141707
2,0.08091922104358673,2.197526693344116,2.4656237970339134,1,0,4,0,1,iid,44,low_norm,norm,A_condition_specific_oracle,0.012898845238141707
3,0.081894151866436,2.1973183155059814,2.46722126705572,1,0,4,0,1,iid,44,low_norm,norm,A_condition_specific_oracle,0.012898845238141707
4,0.08370473980903625,2.197112798690796,2.4764143580105156,1,0,4,0,1,iid,44,low_norm,norm,A_condition_specific_oracle,0.012898845238141707
5,0.08412256836891174,2.196920394897461,2.440446133026853,1,0,4,0,1,iid,44,low_norm,norm,A_condition_specific_oracle,0.012898845238141707
0,0.08245125412940979,2.188523769378662,2.496267301030457,0,0,0,5,0,iid,44,low_norm,cosine,A_condition_specific_oracle,0.8691060332964861
1,0.08300835639238358,2.1865620613098145,2.7510801209136844,0,0,0,5,0,iid,44,low_norm,cosine,A_condition_specific_oracle,0.8691060332964861
2,0.09526462852954865,2.186800479888916,2.7052819590317085,1,1,3,1,0,iid,44,low_norm,cosine,A_condition_specific_oracle,0.8691060332964861
3,0.08272980898618698,2.1822354793548584,2.8272423510206863,1,1,2,2,0,iid,44,low_norm,cosine,A_condition_specific_oracle,0.8691060332964861
4,0.08272980898618698,2.1822354793548584,2.7884275739779696,1,1,4,0,0,iid,44,low_norm,cosine,A_condition_specific_oracle,0.8691060332964861
5,0.08440111577510834,2.174041509628296,2.787180778104812,1,1,0,4,0,iid,44,low_norm,cosine,A_condition_specific_oracle,0.8691060332964861
0,0.08245125412940979,2.1885221004486084,2.490010941051878,0,0,0,5,0,iid,44,low_norm,sign_consensus,A_condition_specific_oracle,0.5654281338745409
1,0.08259052783250809,2.1863341331481934,2.492418954963796,0,0,0,5,0,iid,44,low_norm,sign_consensus,A_condition_specific_oracle,0.5654281338745409
2,0.0933147668838501,2.184098958969116,2.484459610073827,1,0,0,4,1,iid,44,low_norm,sign_consensus,A_condition_specific_oracle,0.5654281338745409
3,0.09846796840429306,2.181547164916992,2.5104861659929156,1,0,0,4,1,iid,44,low_norm,sign_consensus,A_condition_specific_oracle,0.5654281338745409
4,0.0934540405869484,2.1776602268218994,2.513666313025169,1,0,0,4,1,iid,44,low_norm,sign_consensus,A_condition_specific_oracle,0.5654281338745409
5,0.10543175786733627,2.1723976135253906,2.510746475076303,1,0,0,4,1,iid,44,low_norm,sign_consensus,A_condition_specific_oracle,0.5654281338745409
0,0.08245125412940979,2.1884782314300537,2.4473764470312744,0,,,,,iid,44,low_norm,median,not_applicable,
1,0.08245125412940979,2.1865453720092773,2.437899213982746,0,,,,,iid,44,low_norm,median,not_applicable,
2,0.08913649618625641,2.183642625808716,2.44598630303517,1,,,,,iid,44,low_norm,median,not_applicable,
3,0.09150417894124985,2.180647373199463,2.4401241899468005,1,,,,,iid,44,low_norm,median,not_applicable,
4,0.0896935984492302,2.175337791442871,2.4888610629132017,1,,,,,iid,44,low_norm,median,not_applicable,
5,0.09958217293024063,2.1686346530914307,2.520989413955249,1,,,,,iid,44,low_norm,median,not_applicable,
0,0.08245125412940979,2.189241647720337,2.4520356920547783,0,,,,,iid,44,low_norm,multi_krum,not_applicable,
1,0.08259052783250809,2.1884121894836426,2.4411895599914715,0,,,,,iid,44,low_norm,multi_krum,not_applicable,
2,0.09763231128454208,2.1843271255493164,2.450265517923981,1,,,,,iid,44,low_norm,multi_krum,not_applicable,
3,0.10111420601606369,2.180279493331909,2.2291474899975583,1,,,,,iid,44,low_norm,multi_krum,not_applicable,
4,0.09442897140979767,2.17449951171875,2.43847876007203,1,,,,,iid,44,low_norm,multi_krum,not_applicable,
5,0.1116991639137268,2.166748285293579,2.430154428933747,1,,,,,iid,44,low_norm,multi_krum,not_applicable,
0,0.08245125412940979,2.188523769378662,2.458131359075196,0,,,,,iid,44,full_sign_flip,fedavg,not_applicable,
1,0.08259052783250809,2.1863303184509277,2.5481615299358964,0,,,,,iid,44,full_sign_flip,fedavg,not_applicable,
2,0.09220056235790253,2.1856796741485596,2.575074475025758,1,,,,,iid,44,full_sign_flip,fedavg,not_applicable,
3,0.10125348716974258,2.1852877140045166,2.5236536510055885,1,,,,,iid,44,full_sign_flip,fedavg,not_applicable,
4,0.10236769169569016,2.1838181018829346,2.4748413199558854,1,,,,,iid,44,full_sign_flip,fedavg,not_applicable,
5,0.10041783004999161,2.180715799331665,2.507219161023386,1,,,,,iid,44,full_sign_flip,fedavg,not_applicable,
0,0.08147632330656052,2.1977293491363525,2.4319708480034024,0,0,5,0,0,iid,44,full_sign_flip,norm,A_condition_specific_oracle,0.012898845238141707
1,0.08147632330656052,2.1977293491363525,2.5062647099839523,0,0,5,0,0,iid,44,full_sign_flip,norm,A_condition_specific_oracle,0.012898845238141707
2,0.08147632330656052,2.1977293491363525,2.49665644695051,1,1,4,0,0,iid,44,full_sign_flip,norm,A_condition_specific_oracle,0.012898845238141707
3,0.08147632330656052,2.1977293491363525,2.500229825032875,1,1,4,0,0,iid,44,full_sign_flip,norm,A_condition_specific_oracle,0.012898845238141707
4,0.08147632330656052,2.1977293491363525,2.4681962250033394,1,1,4,0,0,iid,44,full_sign_flip,norm,A_condition_specific_oracle,0.012898845238141707
5,0.08147632330656052,2.1977293491363525,2.234429052914493,1,1,4,0,0,iid,44,full_sign_flip,norm,A_condition_specific_oracle,0.012898845238141707
0,0.08245125412940979,2.1885247230529785,2.7971102729206905,0,0,0,5,0,iid,44,full_sign_flip,cosine,A_condition_specific_oracle,0.8691060332964861
1,0.08300835639238358,2.1865603923797607,2.735055077006109,0,0,0,5,0,iid,44,full_sign_flip,cosine,A_condition_specific_oracle,0.8691060332964861
2,0.09582173079252243,2.1867754459381104,2.7865292209899053,1,1,3,1,0,iid,44,full_sign_flip,cosine,A_condition_specific_oracle,0.8691060332964861
3,0.08272980898618698,2.1822543144226074,2.693803049973212,1,1,2,2,0,iid,44,full_sign_flip,cosine,A_condition_specific_oracle,0.8691060332964861
4,0.08272980898618698,2.1822543144226074,2.717240576981567,1,1,4,0,0,iid,44,full_sign_flip,cosine,A_condition_specific_oracle,0.8691060332964861
5,0.08440111577510834,2.1740572452545166,2.756062573986128,1,1,0,4,0,iid,44,full_sign_flip,cosine,A_condition_specific_oracle,0.8691060332964861
0,0.08245125412940979,2.188523054122925,2.4872729120543227,0,0,0,5,0,iid,44,full_sign_flip,sign_consensus,A_condition_specific_oracle,0.5654281338745409
1,0.08259052783250809,2.186331033706665,2.396879917010665,0,0,0,5,0,iid,44,full_sign_flip,sign_consensus,A_condition_specific_oracle,0.5654281338745409
2,0.10153203457593918,2.1835575103759766,2.4336418320890516,1,1,0,4,0,iid,44,full_sign_flip,sign_consensus,A_condition_specific_oracle,0.5654281338745409
3,0.10306406766176224,2.179985523223877,2.4265111349523067,1,1,0,4,0,iid,44,full_sign_flip,sign_consensus,A_condition_specific_oracle,0.5654281338745409
4,0.09582173079252243,2.174339771270752,2.442496699979529,1,1,0,4,0,iid,44,full_sign_flip,sign_consensus,A_condition_specific_oracle,0.5654281338745409
5,0.11267409473657608,2.1666624546051025,2.4228631070582196,1,1,0,4,0,iid,44,full_sign_flip,sign_consensus,A_condition_specific_oracle,0.5654281338745409
0,0.08245125412940979,2.1884796619415283,2.445018486934714,0,,,,,iid,44,full_sign_flip,median,not_applicable,
1,0.08245125412940979,2.1865484714508057,2.4500824339920655,0,,,,,iid,44,full_sign_flip,median,not_applicable,
2,0.09247910976409912,2.183915853500366,2.440487656975165,1,,,,,iid,44,full_sign_flip,median,not_applicable,
3,0.09150417894124985,2.181239604949951,2.4298767789732665,1,,,,,iid,44,full_sign_flip,median,not_applicable,
4,0.0892757698893547,2.1761460304260254,2.4488716940395534,1,,,,,iid,44,full_sign_flip,median,not_applicable,
5,0.09735376387834549,2.169085741043091,2.429721054970287,1,,,,,iid,44,full_sign_flip,median,not_applicable,
0,0.08245125412940979,2.189242124557495,2.4665548929478973,0,,,,,iid,44,full_sign_flip,multi_krum,not_applicable,
1,0.08259052783250809,2.1884148120880127,2.4809579759603366,0,,,,,iid,44,full_sign_flip,multi_krum,not_applicable,
2,0.09791086614131927,2.1843302249908447,2.5160568760475144,1,,,,,iid,44,full_sign_flip,multi_krum,not_applicable,
3,0.1009749323129654,2.1802849769592285,2.441637580981478,1,,,,,iid,44,full_sign_flip,multi_krum,not_applicable,
4,0.09442897140979767,2.1745119094848633,2.4260440160287544,1,,,,,iid,44,full_sign_flip,multi_krum,not_applicable,
5,0.1118384450674057,2.166754961013794,2.4912096509942785,1,,,,,iid,44,full_sign_flip,multi_krum,not_applicable,
0,0.08245125412940979,2.1885225772857666,2.416764518013224,0,,,,,iid,44,directional_poisoning,fedavg,not_applicable,
1,0.08259052783250809,2.186331033706665,2.416926493984647,0,,,,,iid,44,directional_poisoning,fedavg,not_applicable,
2,0.09261838346719742,2.185666561126709,2.4288179569412023,1,,,,,iid,44,directional_poisoning,fedavg,not_applicable,
3,0.10125348716974258,2.1852786540985107,2.4461837189737707,1,,,,,iid,44,directional_poisoning,fedavg,not_applicable,
4,0.10236769169569016,2.183814525604248,2.453815217013471,1,,,,,iid,44,directional_poisoning,fedavg,not_applicable,
5,0.1005571037530899,2.1807005405426025,2.457821941934526,1,,,,,iid,44,directional_poisoning,fedavg,not_applicable,
0,0.08147632330656052,2.1977293491363525,2.4063734320225194,0,0,5,0,0,iid,44,directional_poisoning,norm,A_condition_specific_oracle,0.012898845238141707
1,0.08147632330656052,2.1977293491363525,2.432341088075191,0,0,5,0,0,iid,44,directional_poisoning,norm,A_condition_specific_oracle,0.012898845238141707
2,0.08147632330656052,2.1977293491363525,2.3923800319898874,1,1,4,0,0,iid,44,directional_poisoning,norm,A_condition_specific_oracle,0.012898845238141707
3,0.08147632330656052,2.1977293491363525,2.397007978055626,1,1,4,0,0,iid,44,directional_poisoning,norm,A_condition_specific_oracle,0.012898845238141707
4,0.08147632330656052,2.1977293491363525,2.4345533590530977,1,1,4,0,0,iid,44,directional_poisoning,norm,A_condition_specific_oracle,0.012898845238141707
5,0.08147632330656052,2.1977293491363525,2.4439863180741668,1,1,4,0,0,iid,44,directional_poisoning,norm,A_condition_specific_oracle,0.012898845238141707
0,0.08245125412940979,2.188524007797241,2.8423050940036774,0,0,0,5,0,iid,44,directional_poisoning,cosine,A_condition_specific_oracle,0.8691060332964861
1,0.08300835639238358,2.1865651607513428,2.775816609035246,0,0,0,5,0,iid,44,directional_poisoning,cosine,A_condition_specific_oracle,0.8691060332964861
2,0.09568245708942413,2.1867716312408447,2.7499666230287403,1,1,3,1,0,iid,44,directional_poisoning,cosine,A_condition_specific_oracle,0.8691060332964861
3,0.08286908268928528,2.182267189025879,2.709639142965898,1,1,2,2,0,iid,44,directional_poisoning,cosine,A_condition_specific_oracle,0.8691060332964861
4,0.08286908268928528,2.182267189025879,2.5841649149078876,1,1,4,0,0,iid,44,directional_poisoning,cosine,A_condition_specific_oracle,0.8691060332964861
5,0.08440111577510834,2.174063205718994,2.7699502300238237,1,1,0,4,0,iid,44,directional_poisoning,cosine,A_condition_specific_oracle,0.8691060332964861
0,0.08245125412940979,2.1885242462158203,2.2550489489221945,0,0,0,5,0,iid,44,directional_poisoning,sign_consensus,A_condition_specific_oracle,0.5654281338745409
1,0.08259052783250809,2.186331272125244,2.48274332692381,0,0,0,5,0,iid,44,directional_poisoning,sign_consensus,A_condition_specific_oracle,0.5654281338745409
2,0.10139276087284088,2.1835575103759766,2.4864346609683707,1,1,0,4,0,iid,44,directional_poisoning,sign_consensus,A_condition_specific_oracle,0.5654281338745409
3,0.10320334881544113,2.179980993270874,2.535421862034127,1,1,0,4,0,iid,44,directional_poisoning,sign_consensus,A_condition_specific_oracle,0.5654281338745409
4,0.09568245708942413,2.174339771270752,2.496512311976403,1,1,0,4,0,iid,44,directional_poisoning,sign_consensus,A_condition_specific_oracle,0.5654281338745409
5,0.11295264959335327,2.1666557788848877,2.549590802984312,1,1,0,4,0,iid,44,directional_poisoning,sign_consensus,A_condition_specific_oracle,0.5654281338745409
0,0.08245125412940979,2.1884779930114746,2.504078865982592,0,,,,,iid,44,directional_poisoning,median,not_applicable,
1,0.08245125412940979,2.186544418334961,2.4884584590326995,0,,,,,iid,44,directional_poisoning,median,not_applicable,
2,0.09220056235790253,2.183915615081787,2.519730707979761,1,,,,,iid,44,directional_poisoning,median,not_applicable,
3,0.09150417894124985,2.1812455654144287,2.56520725809969,1,,,,,iid,44,directional_poisoning,median,not_applicable,
4,0.08913649618625641,2.176154136657715,2.6002778200199828,1,,,,,iid,44,directional_poisoning,median,not_applicable,
5,0.09735376387834549,2.169097423553467,2.593584039947018,1,,,,,iid,44,directional_poisoning,median,not_applicable,
0,0.08245125412940979,2.189241409301758,2.580290601006709,0,,,,,iid,44,directional_poisoning,multi_krum,not_applicable,
1,0.08259052783250809,2.188413381576538,2.562768663978204,0,,,,,iid,44,directional_poisoning,multi_krum,not_applicable,
2,0.09805013984441757,2.1843063831329346,2.5593878970248625,1,,,,,iid,44,directional_poisoning,multi_krum,not_applicable,
3,0.1009749323129654,2.1802773475646973,2.6853205469669774,1,,,,,iid,44,directional_poisoning,multi_krum,not_applicable,
4,0.09456824511289597,2.174496650695801,2.5897138379514217,1,,,,,iid,44,directional_poisoning,multi_krum,not_applicable,
5,0.11155989021062851,2.166741132736206,2.5011215660488233,1,,,,,iid,44,directional_poisoning,multi_krum,not_applicable,
0,0.08245125412940979,2.188521385192871,2.4676778169814497,0,,,,,iid,44,sparse_coordinate_attack,fedavg,not_applicable,
1,0.08259052783250809,2.1863317489624023,2.4535005629295483,0,,,,,iid,44,sparse_coordinate_attack,fedavg,not_applicable,
2,0.1080779954791069,2.1896255016326904,2.449106537969783,1,,,,,iid,44,sparse_coordinate_attack,fedavg,not_applicable,
3,0.1458217352628708,2.1849286556243896,2.396949374000542,1,,,,,iid,44,sparse_coordinate_attack,fedavg,not_applicable,
4,0.12785515189170837,2.1766791343688965,2.3966686559142545,1,,,,,iid,44,sparse_coordinate_attack,fedavg,not_applicable,
5,0.1715877503156662,2.1552674770355225,2.3845617689657956,1,,,,,iid,44,sparse_coordinate_attack,fedavg,not_applicable,
0,0.08147632330656052,2.1977293491363525,2.395064161042683,0,0,5,0,0,iid,44,sparse_coordinate_attack,norm,A_condition_specific_oracle,0.012898845238141707
1,0.08147632330656052,2.1977293491363525,2.4362465479644015,0,0,5,0,0,iid,44,sparse_coordinate_attack,norm,A_condition_specific_oracle,0.012898845238141707
2,0.08147632330656052,2.1977293491363525,2.4171980259707198,1,1,4,0,0,iid,44,sparse_coordinate_attack,norm,A_condition_specific_oracle,0.012898845238141707
3,0.08147632330656052,2.1977293491363525,2.3845503740012646,1,1,4,0,0,iid,44,sparse_coordinate_attack,norm,A_condition_specific_oracle,0.012898845238141707
4,0.08147632330656052,2.1977293491363525,2.4323359809350222,1,1,4,0,0,iid,44,sparse_coordinate_attack,norm,A_condition_specific_oracle,0.012898845238141707
5,0.08147632330656052,2.1977293491363525,2.4267135430127382,1,1,4,0,0,iid,44,sparse_coordinate_attack,norm,A_condition_specific_oracle,0.012898845238141707
0,0.08245125412940979,2.188523054122925,2.7160758529789746,0,0,0,5,0,iid,44,sparse_coordinate_attack,cosine,A_condition_specific_oracle,0.8691060332964861
1,0.08300835639238358,2.1865594387054443,2.706903123995289,0,0,0,5,0,iid,44,sparse_coordinate_attack,cosine,A_condition_specific_oracle,0.8691060332964861
2,0.0931754931807518,2.1861486434936523,2.7134324030485004,1,1,3,1,0,iid,44,sparse_coordinate_attack,cosine,A_condition_specific_oracle,0.8691060332964861
3,0.08774373680353165,2.1802399158477783,2.711202656966634,1,1,0,4,0,iid,44,sparse_coordinate_attack,cosine,A_condition_specific_oracle,0.8691060332964861
4,0.08481894433498383,2.173621892929077,2.7796204639598727,1,1,0,4,0,iid,44,sparse_coordinate_attack,cosine,A_condition_specific_oracle,0.8691060332964861
5,0.10403899848461151,2.1671841144561768,2.4646950799506158,1,1,0,4,0,iid,44,sparse_coordinate_attack,cosine,A_condition_specific_oracle,0.8691060332964861
0,0.08245125412940979,2.188524007797241,2.4232883049407974,0,0,0,5,0,iid,44,sparse_coordinate_attack,sign_consensus,A_condition_specific_oracle,0.5654281338745409
1,0.08259052783250809,2.186330795288086,2.4473604320082814,0,0,0,5,0,iid,44,sparse_coordinate_attack,sign_consensus,A_condition_specific_oracle,0.5654281338745409
2,0.08537604659795761,2.1828482151031494,2.5375902979867533,1,1,0,4,0,iid,44,sparse_coordinate_attack,sign_consensus,A_condition_specific_oracle,0.5654281338745409
3,0.08300835639238358,2.179316759109497,2.471494607045315,1,1,0,4,0,iid,44,sparse_coordinate_attack,sign_consensus,A_condition_specific_oracle,0.5654281338745409
4,0.10000000149011612,2.1733551025390625,2.447993766050786,1,1,0,4,0,iid,44,sparse_coordinate_attack,sign_consensus,A_condition_specific_oracle,0.5654281338745409
5,0.10947075486183167,2.166621208190918,2.4750163939315826,1,1,0,4,0,iid,44,sparse_coordinate_attack,sign_consensus,A_condition_specific_oracle,0.5654281338745409
0,0.08245125412940979,2.188478708267212,2.5239836289547384,0,,,,,iid,44,sparse_coordinate_attack,median,not_applicable,
1,0.08245125412940979,2.186544895172119,2.458367073093541,0,,,,,iid,44,sparse_coordinate_attack,median,not_applicable,
2,0.08481894433498383,2.1825878620147705,2.493784873979166,1,,,,,iid,44,sparse_coordinate_attack,median,not_applicable,
3,0.08286908268928528,2.179445505142212,2.5057432979810983,1,,,,,iid,44,sparse_coordinate_attack,median,not_applicable,
4,0.09247910976409912,2.1736464500427246,2.4975664449157193,1,,,,,iid,44,sparse_coordinate_attack,median,not_applicable,
5,0.11058495938777924,2.167623996734619,2.5000786510063335,1,,,,,iid,44,sparse_coordinate_attack,median,not_applicable,
0,0.08245125412940979,2.1892409324645996,2.5027108780341223,0,,,,,iid,44,sparse_coordinate_attack,multi_krum,not_applicable,
1,0.08259052783250809,2.1884188652038574,2.4778474509948865,0,,,,,iid,44,sparse_coordinate_attack,multi_krum,not_applicable,
2,0.08412256836891174,2.1836185455322266,2.5361126689240336,1,,,,,iid,44,sparse_coordinate_attack,multi_krum,not_applicable,
3,0.08300835639238358,2.179624319076538,2.5499925810145214,1,,,,,iid,44,sparse_coordinate_attack,multi_krum,not_applicable,
4,0.09874652326107025,2.173534870147705,2.6269923920044675,1,,,,,iid,44,sparse_coordinate_attack,multi_krum,not_applicable,
5,0.10919220000505447,2.1667320728302,2.5066951400367543,1,,,,,iid,44,sparse_coordinate_attack,multi_krum,not_applicable,
0,0.11350975185632706,2.198765993118286,2.5020606010220945,0,,,,,dirichlet_a1.0,42,no_attack,fedavg,not_applicable,
1,0.1713092029094696,2.208660364151001,2.418951552012004,0,,,,,dirichlet_a1.0,42,no_attack,fedavg,not_applicable,
2,0.1714484691619873,2.2195188999176025,2.4260298090521246,1,,,,,dirichlet_a1.0,42,no_attack,fedavg,not_applicable,
3,0.16476324200630188,2.220731735229492,2.457044689101167,1,,,,,dirichlet_a1.0,42,no_attack,fedavg,not_applicable,
4,0.1717270165681839,2.222153902053833,2.437532738898881,1,,,,,dirichlet_a1.0,42,no_attack,fedavg,not_applicable,
5,0.1717270165681839,2.2421703338623047,2.4751070010242984,1,,,,,dirichlet_a1.0,42,no_attack,fedavg,not_applicable,
0,0.05863510072231293,2.1997618675231934,2.4598531830124557,0,0,5,0,0,dirichlet_a1.0,42,no_attack,norm,A_condition_specific_oracle,0.061532254763599054
1,0.05863510072231293,2.1997618675231934,2.4745525090256706,0,0,5,0,0,dirichlet_a1.0,42,no_attack,norm,A_condition_specific_oracle,0.061532254763599054
2,0.05863510072231293,2.1997618675231934,2.4285910300677642,1,1,4,0,0,dirichlet_a1.0,42,no_attack,norm,A_condition_specific_oracle,0.061532254763599054
3,0.05863510072231293,2.1997618675231934,2.4854878729674965,1,1,4,0,0,dirichlet_a1.0,42,no_attack,norm,A_condition_specific_oracle,0.061532254763599054
4,0.05863510072231293,2.1997618675231934,2.5313760499702767,1,1,4,0,0,dirichlet_a1.0,42,no_attack,norm,A_condition_specific_oracle,0.061532254763599054
5,0.05863510072231293,2.1997618675231934,2.451611289056018,1,1,4,0,0,dirichlet_a1.0,42,no_attack,norm,A_condition_specific_oracle,0.061532254763599054
0,0.05863510072231293,2.1997618675231934,2.5031863399781287,0,0,5,0,0,dirichlet_a1.0,42,no_attack,norm,B_iid_transfer_frozen,0.012898845250272921
1,0.05863510072231293,2.1997618675231934,2.483770392020233,0,0,5,0,0,dirichlet_a1.0,42,no_attack,norm,B_iid_transfer_frozen,0.012898845250272921
2,0.05863510072231293,2.1997618675231934,2.629331307951361,1,1,4,0,0,dirichlet_a1.0,42,no_attack,norm,B_iid_transfer_frozen,0.012898845250272921
3,0.05863510072231293,2.1997618675231934,2.5162923159077764,1,1,4,0,0,dirichlet_a1.0,42,no_attack,norm,B_iid_transfer_frozen,0.012898845250272921
4,0.05863510072231293,2.1997618675231934,2.512098088976927,1,1,4,0,0,dirichlet_a1.0,42,no_attack,norm,B_iid_transfer_frozen,0.012898845250272921
5,0.05863510072231293,2.1997618675231934,2.4671043009730056,1,1,4,0,0,dirichlet_a1.0,42,no_attack,norm,B_iid_transfer_frozen,0.012898845250272921
0,0.10181058943271637,2.201918601989746,2.680133603978902,0,0,1,4,0,dirichlet_a1.0,42,no_attack,cosine,A_condition_specific_oracle,-0.19257311127255258
1,0.16197772324085236,2.2113895416259766,2.758771080058068,0,0,0,5,0,dirichlet_a1.0,42,no_attack,cosine,A_condition_specific_oracle,-0.19257311127255258
2,0.18955431878566742,2.1874022483825684,2.7616974159609526,1,0,1,3,1,dirichlet_a1.0,42,no_attack,cosine,A_condition_specific_oracle,-0.19257311127255258
3,0.1717270165681839,2.2179136276245117,2.7302866149693727,1,0,1,3,1,dirichlet_a1.0,42,no_attack,cosine,A_condition_specific_oracle,-0.19257311127255258
4,0.14415042102336884,2.24171781539917,2.775811827974394,1,0,2,2,1,dirichlet_a1.0,42,no_attack,cosine,A_condition_specific_oracle,-0.19257311127255258
5,0.15348190069198608,2.2218337059020996,2.692425608052872,1,0,0,4,1,dirichlet_a1.0,42,no_attack,cosine,A_condition_specific_oracle,-0.19257311127255258
0,0.05863510072231293,2.1997618675231934,2.71068453497719,0,0,5,0,0,dirichlet_a1.0,42,no_attack,cosine,B_iid_transfer_frozen,0.8690693731871779
1,0.05863510072231293,2.1997618675231934,2.7153308300767094,0,0,5,0,0,dirichlet_a1.0,42,no_attack,cosine,B_iid_transfer_frozen,0.8690693731871779
2,0.05863510072231293,2.1997618675231934,2.7862643010448664,1,1,4,0,0,dirichlet_a1.0,42,no_attack,cosine,B_iid_transfer_frozen,0.8690693731871779
3,0.05863510072231293,2.1997618675231934,2.733884591027163,1,1,4,0,0,dirichlet_a1.0,42,no_attack,cosine,B_iid_transfer_frozen,0.8690693731871779
4,0.05863510072231293,2.1997618675231934,2.7964572409400716,1,1,4,0,0,dirichlet_a1.0,42,no_attack,cosine,B_iid_transfer_frozen,0.8690693731871779
5,0.05863510072231293,2.1997618675231934,2.685967218945734,1,1,4,0,0,dirichlet_a1.0,42,no_attack,cosine,B_iid_transfer_frozen,0.8690693731871779
0,0.11350975185632706,2.198765516281128,2.4162660310976207,0,0,0,5,0,dirichlet_a1.0,42,no_attack,sign_consensus,A_condition_specific_oracle,0.421309834164329
1,0.1713092029094696,2.2086875438690186,2.496774692903273,0,0,0,5,0,dirichlet_a1.0,42,no_attack,sign_consensus,A_condition_specific_oracle,0.421309834164329
2,0.1714484691619873,2.219430446624756,2.500712713925168,1,0,0,4,1,dirichlet_a1.0,42,no_attack,sign_consensus,A_condition_specific_oracle,0.421309834164329
3,0.1642061322927475,2.2208046913146973,2.442455306998454,1,0,0,4,1,dirichlet_a1.0,42,no_attack,sign_consensus,A_condition_specific_oracle,0.421309834164329
4,0.1717270165681839,2.222161293029785,2.4214247190393507,1,0,0,4,1,dirichlet_a1.0,42,no_attack,sign_consensus,A_condition_specific_oracle,0.421309834164329
5,0.1717270165681839,2.242145538330078,2.5227024549385533,1,0,0,4,1,dirichlet_a1.0,42,no_attack,sign_consensus,A_condition_specific_oracle,0.421309834164329
0,0.11350975185632706,2.1987662315368652,2.6107194590149447,0,0,0,5,0,dirichlet_a1.0,42,no_attack,sign_consensus,B_iid_transfer_frozen,0.5656118467693558
1,0.1713092029094696,2.2086706161499023,2.560006226063706,0,0,0,5,0,dirichlet_a1.0,42,no_attack,sign_consensus,B_iid_transfer_frozen,0.5656118467693558
2,0.1714484691619873,2.219606876373291,2.5708426870405674,1,0,0,4,1,dirichlet_a1.0,42,no_attack,sign_consensus,B_iid_transfer_frozen,0.5656118467693558
3,0.16462396085262299,2.2205474376678467,2.525488543906249,1,0,0,4,1,dirichlet_a1.0,42,no_attack,sign_consensus,B_iid_transfer_frozen,0.5656118467693558
4,0.1717270165681839,2.2218477725982666,2.5484790230402723,1,0,0,4,1,dirichlet_a1.0,42,no_attack,sign_consensus,B_iid_transfer_frozen,0.5656118467693558
5,0.1717270165681839,2.2420265674591064,2.528017036966048,1,0,0,4,1,dirichlet_a1.0,42,no_attack,sign_consensus,B_iid_transfer_frozen,0.5656118467693558
0,0.1863509863615036,2.189152479171753,2.5135523750213906,0,,,,,dirichlet_a1.0,42,no_attack,median,not_applicable,
1,0.1863509863615036,2.1789777278900146,2.5500107780098915,0,,,,,dirichlet_a1.0,42,no_attack,median,not_applicable,
2,0.1863509863615036,2.1784353256225586,2.5160714550875127,1,,,,,dirichlet_a1.0,42,no_attack,median,not_applicable,
3,0.1863509863615036,2.170078992843628,2.4794063119916245,1,,,,,dirichlet_a1.0,42,no_attack,median,not_applicable,
4,0.089415043592453,2.196103096008301,2.5198215800337493,1,,,,,dirichlet_a1.0,42,no_attack,median,not_applicable,
5,0.1717270165681839,2.1897850036621094,2.5615846069995314,1,,,,,dirichlet_a1.0,42,no_attack,median,not_applicable,
0,0.15584959089756012,2.191572427749634,2.551708060083911,0,,,,,dirichlet_a1.0,42,no_attack,multi_krum,not_applicable,
1,0.1717270165681839,2.2259581089019775,2.598928906954825,0,,,,,dirichlet_a1.0,42,no_attack,multi_krum,not_applicable,
2,0.10194986313581467,2.2975761890411377,2.5683463570894673,1,,,,,dirichlet_a1.0,42,no_attack,multi_krum,not_applicable,
3,0.08830083906650543,2.3186278343200684,2.523899545078166,1,,,,,dirichlet_a1.0,42,no_attack,multi_krum,not_applicable,
4,0.08830083906650543,2.335843324661255,2.775889167911373,1,,,,,dirichlet_a1.0,42,no_attack,multi_krum,not_applicable,
5,0.09066852927207947,2.322906255722046,2.8018181370571256,1,,,,,dirichlet_a1.0,42,no_attack,multi_krum,not_applicable,
0,0.11350975185632706,2.198765993118286,2.7311838880414143,0,,,,,dirichlet_a1.0,42,large_norm,fedavg,not_applicable,
1,0.1713092029094696,2.2086970806121826,2.616585246985778,0,,,,,dirichlet_a1.0,42,large_norm,fedavg,not_applicable,
2,0.1717270165681839,168816896.0,2.606348684988916,1,,,,,dirichlet_a1.0,42,large_norm,fedavg,not_applicable,
3,0.1863509863615036,nan,2.5994771220721304,1,,,,,dirichlet_a1.0,42,large_norm,fedavg,not_applicable,
4,0.1863509863615036,nan,2.6023160309996456,1,,,,,dirichlet_a1.0,42,large_norm,fedavg,not_applicable,
5,0.1863509863615036,nan,2.6108213280094787,1,,,,,dirichlet_a1.0,42,large_norm,fedavg,not_applicable,
0,0.05863510072231293,2.1997618675231934,2.6556877410039306,0,0,5,0,0,dirichlet_a1.0,42,large_norm,norm,A_condition_specific_oracle,0.061532254763599054
1,0.05863510072231293,2.1997618675231934,2.673168539069593,0,0,5,0,0,dirichlet_a1.0,42,large_norm,norm,A_condition_specific_oracle,0.061532254763599054
2,0.05863510072231293,2.1997618675231934,2.6389649839838967,1,1,4,0,0,dirichlet_a1.0,42,large_norm,norm,A_condition_specific_oracle,0.061532254763599054
3,0.05863510072231293,2.1997618675231934,2.6060628809500486,1,1,4,0,0,dirichlet_a1.0,42,large_norm,norm,A_condition_specific_oracle,0.061532254763599054
4,0.05863510072231293,2.1997618675231934,2.6009271970251575,1,1,4,0,0,dirichlet_a1.0,42,large_norm,norm,A_condition_specific_oracle,0.061532254763599054
5,0.05863510072231293,2.1997618675231934,2.651544561958872,1,1,4,0,0,dirichlet_a1.0,42,large_norm,norm,A_condition_specific_oracle,0.061532254763599054
0,0.05863510072231293,2.1997618675231934,2.661054017022252,0,0,5,0,0,dirichlet_a1.0,42,large_norm,norm,B_iid_transfer_frozen,0.012898845250272921
1,0.05863510072231293,2.1997618675231934,2.611274547991343,0,0,5,0,0,dirichlet_a1.0,42,large_norm,norm,B_iid_transfer_frozen,0.012898845250272921
2,0.05863510072231293,2.1997618675231934,2.5857610040111467,1,1,4,0,0,dirichlet_a1.0,42,large_norm,norm,B_iid_transfer_frozen,0.012898845250272921
3,0.05863510072231293,2.1997618675231934,2.6113052879227325,1,1,4,0,0,dirichlet_a1.0,42,large_norm,norm,B_iid_transfer_frozen,0.012898845250272921
4,0.05863510072231293,2.1997618675231934,2.7036856120685115,1,1,4,0,0,dirichlet_a1.0,42,large_norm,norm,B_iid_transfer_frozen,0.012898845250272921
5,0.05863510072231293,2.1997618675231934,2.5997690960066393,1,1,4,0,0,dirichlet_a1.0,42,large_norm,norm,B_iid_transfer_frozen,0.012898845250272921
0,0.10167130827903748,2.2019202709198,2.823250601068139,0,0,1,4,0,dirichlet_a1.0,42,large_norm,cosine,A_condition_specific_oracle,-0.19257311127255258
1,0.16197772324085236,2.2113895416259766,2.7826422629877925,0,0,0,5,0,dirichlet_a1.0,42,large_norm,cosine,A_condition_specific_oracle,-0.19257311127255258
2,0.08830083906650543,559758656.0,2.795675173983909,1,0,1,3,1,dirichlet_a1.0,42,large_norm,cosine,A_condition_specific_oracle,-0.19257311127255258
3,0.11796657741069794,3763284167622656.0,2.6202498170314357,1,0,2,2,1,dirichlet_a1.0,42,large_norm,cosine,A_condition_specific_oracle,-0.19257311127255258
4,0.1863509863615036,3675857879040.0,2.8039953999686986,1,0,0,4,1,dirichlet_a1.0,42,large_norm,cosine,A_condition_specific_oracle,-0.19257311127255258
5,0.11796657741069794,35411.39453125,2.887099751038477,1,0,0,4,1,dirichlet_a1.0,42,large_norm,cosine,A_condition_specific_oracle,-0.19257311127255258
0,0.05863510072231293,2.1997618675231934,2.685790346004069,0,0,5,0,0,dirichlet_a1.0,42,large_norm,cosine,B_iid_transfer_frozen,0.8690693731871779
1,0.05863510072231293,2.1997618675231934,2.687787616974674,0,0,5,0,0,dirichlet_a1.0,42,large_norm,cosine,B_iid_transfer_frozen,0.8690693731871779
2,0.05863510072231293,2.1997618675231934,2.7710746669908985,1,1,4,0,0,dirichlet_a1.0,42,large_norm,cosine,B_iid_transfer_frozen,0.8690693731871779
3,0.05863510072231293,2.1997618675231934,2.837420672061853,1,1,4,0,0,dirichlet_a1.0,42,large_norm,cosine,B_iid_transfer_frozen,0.8690693731871779
4,0.05863510072231293,2.1997618675231934,2.7380500480066985,1,1,4,0,0,dirichlet_a1.0,42,large_norm,cosine,B_iid_transfer_frozen,0.8690693731871779
5,0.05863510072231293,2.1997618675231934,2.821227584965527,1,1,4,0,0,dirichlet_a1.0,42,large_norm,cosine,B_iid_transfer_frozen,0.8690693731871779
0,0.11350975185632706,2.1987664699554443,2.531985222012736,0,0,0,5,0,dirichlet_a1.0,42,large_norm,sign_consensus,A_condition_specific_oracle,0.421309834164329
1,0.1713092029094696,2.208679676055908,2.428733699955046,0,0,0,5,0,dirichlet_a1.0,42,large_norm,sign_consensus,A_condition_specific_oracle,0.421309834164329
2,0.1717270165681839,168816976.0,2.4838374559767544,1,0,0,4,1,dirichlet_a1.0,42,large_norm,sign_consensus,A_condition_specific_oracle,0.421309834164329
3,0.1717270165681839,168816976.0,2.4447633390082046,1,1,4,0,0,dirichlet_a1.0,42,large_norm,sign_consensus,A_condition_specific_oracle,0.421309834164329
4,0.1717270165681839,168816976.0,2.409612476010807,1,1,4,0,0,dirichlet_a1.0,42,large_norm,sign_consensus,A_condition_specific_oracle,0.421309834164329
5,0.1717270165681839,168816976.0,2.402624994982034,1,1,4,0,0,dirichlet_a1.0,42,large_norm,sign_consensus,A_condition_specific_oracle,0.421309834164329
0,0.11350975185632706,2.1987664699554443,2.400918058003299,0,0,0,5,0,dirichlet_a1.0,42,large_norm,sign_consensus,B_iid_transfer_frozen,0.5656118467693558
1,0.1713092029094696,2.208672285079956,2.4081335270311683,0,0,0,5,0,dirichlet_a1.0,42,large_norm,sign_consensus,B_iid_transfer_frozen,0.5656118467693558
2,0.1717270165681839,104685256704.0,2.4294952088966966,1,0,4,0,1,dirichlet_a1.0,42,large_norm,sign_consensus,B_iid_transfer_frozen,0.5656118467693558
3,0.1717270165681839,104685256704.0,2.4219648939324543,1,1,4,0,0,dirichlet_a1.0,42,large_norm,sign_consensus,B_iid_transfer_frozen,0.5656118467693558
4,0.1717270165681839,104685256704.0,2.4068212620913982,1,1,4,0,0,dirichlet_a1.0,42,large_norm,sign_consensus,B_iid_transfer_frozen,0.5656118467693558
5,0.1717270165681839,104685256704.0,2.4181641340255737,1,1,4,0,0,dirichlet_a1.0,42,large_norm,sign_consensus,B_iid_transfer_frozen,0.5656118467693558
0,0.1863509863615036,2.189152240753174,2.466152984998189,0,,,,,dirichlet_a1.0,42,large_norm,median,not_applicable,
1,0.1863509863615036,2.1789777278900146,2.4181676730513573,0,,,,,dirichlet_a1.0,42,large_norm,median,not_applicable,
2,0.08830083906650543,2.262450695037842,2.4368202320765704,1,,,,,dirichlet_a1.0,42,large_norm,median,not_applicable,
3,0.08830083906650543,2.310502052307129,2.4246989290695637,1,,,,,dirichlet_a1.0,42,large_norm,median,not_applicable,
4,0.12869080901145935,2.3001160621643066,2.44789558602497,1,,,,,dirichlet_a1.0,42,large_norm,median,not_applicable,
5,0.08830083906650543,2.2934322357177734,2.4392760830232874,1,,,,,dirichlet_a1.0,42,large_norm,median,not_applicable,
0,0.15584959089756012,2.191572427749634,2.422565054963343,0,,,,,dirichlet_a1.0,42,large_norm,multi_krum,not_applicable,
1,0.1717270165681839,2.2259538173675537,2.338271143962629,0,,,,,dirichlet_a1.0,42,large_norm,multi_krum,not_applicable,
2,0.09596100449562073,2.297346591949463,2.427646378055215,1,,,,,dirichlet_a1.0,42,large_norm,multi_krum,not_applicable,
3,0.08844011276960373,2.319906711578369,2.4173068560194224,1,,,,,dirichlet_a1.0,42,large_norm,multi_krum,not_applicable,
4,0.12966574728488922,2.3302557468414307,2.470838687964715,1,,,,,dirichlet_a1.0,42,large_norm,multi_krum,not_applicable,
5,0.08830083906650543,2.330221652984619,2.5493355819489807,1,,,,,dirichlet_a1.0,42,large_norm,multi_krum,not_applicable,
0,0.11350975185632706,2.198765993118286,2.5237102820537984,0,,,,,dirichlet_a1.0,42,low_norm,fedavg,not_applicable,
1,0.1713092029094696,2.208667278289795,2.4852953390218318,0,,,,,dirichlet_a1.0,42,low_norm,fedavg,not_applicable,
2,0.1079387217760086,2.2660574913024902,2.4845723420148715,1,,,,,dirichlet_a1.0,42,low_norm,fedavg,not_applicable,
3,0.08885794132947922,2.3034403324127197,2.4354059109464288,1,,,,,dirichlet_a1.0,42,low_norm,fedavg,not_applicable,
4,0.08830083906650543,2.3266797065734863,2.464142589014955,1,,,,,dirichlet_a1.0,42,low_norm,fedavg,not_applicable,
5,0.08899721503257751,2.3224880695343018,2.484600648051128,1,,,,,dirichlet_a1.0,42,low_norm,fedavg,not_applicable,
0,0.05863510072231293,2.1997618675231934,2.50914834800642,0,0,5,0,0,dirichlet_a1.0,42,low_norm,norm,A_condition_specific_oracle,0.061532254763599054
1,0.05863510072231293,2.1997618675231934,2.4705410070018843,0,0,5,0,0,dirichlet_a1.0,42,low_norm,norm,A_condition_specific_oracle,0.061532254763599054
2,0.05863510072231293,2.1997604370117188,2.4298867620527744,1,0,4,0,1,dirichlet_a1.0,42,low_norm,norm,A_condition_specific_oracle,0.061532254763599054
3,0.05863510072231293,2.199730157852173,2.444172700983472,1,0,4,0,1,dirichlet_a1.0,42,low_norm,norm,A_condition_specific_oracle,0.061532254763599054
4,0.05863510072231293,2.199694871902466,2.475143224000931,1,0,4,0,1,dirichlet_a1.0,42,low_norm,norm,A_condition_specific_oracle,0.061532254763599054
5,0.05863510072231293,2.1996846199035645,2.4244801161112264,1,0,4,0,1,dirichlet_a1.0,42,low_norm,norm,A_condition_specific_oracle,0.061532254763599054
0,0.05863510072231293,2.1997618675231934,2.477551355957985,0,0,5,0,0,dirichlet_a1.0,42,low_norm,norm,B_iid_transfer_frozen,0.012898845250272921
1,0.05863510072231293,2.1997618675231934,2.451020061969757,0,0,5,0,0,dirichlet_a1.0,42,low_norm,norm,B_iid_transfer_frozen,0.012898845250272921
2,0.05863510072231293,2.1997604370117188,2.4767662869999185,1,0,4,0,1,dirichlet_a1.0,42,low_norm,norm,B_iid_transfer_frozen,0.012898845250272921
3,0.05863510072231293,2.199730157852173,2.5242334350477904,1,0,4,0,1,dirichlet_a1.0,42,low_norm,norm,B_iid_transfer_frozen,0.012898845250272921
4,0.05863510072231293,2.199694871902466,2.55243405001238,1,0,4,0,1,dirichlet_a1.0,42,low_norm,norm,B_iid_transfer_frozen,0.012898845250272921
5,0.05863510072231293,2.1996846199035645,2.482110947021283,1,0,4,0,1,dirichlet_a1.0,42,low_norm,norm,B_iid_transfer_frozen,0.012898845250272921
0,0.10167130827903748,2.2019197940826416,2.739440724020824,0,0,1,4,0,dirichlet_a1.0,42,low_norm,cosine,A_condition_specific_oracle,-0.19257311127255258
1,0.1607242375612259,2.211355209350586,2.858814054983668,0,0,0,5,0,dirichlet_a1.0,42,low_norm,cosine,A_condition_specific_oracle,-0.19257311127255258
2,0.08245125412940979,2.2350246906280518,2.515194632927887,1,0,1,3,1,dirichlet_a1.0,42,low_norm,cosine,A_condition_specific_oracle,-0.19257311127255258
3,0.08245125412940979,2.3886020183563232,2.7837484430056065,1,0,2,2,1,dirichlet_a1.0,42,low_norm,cosine,A_condition_specific_oracle,-0.19257311127255258
4,0.08830083906650543,2.272559881210327,2.7414605730446056,1,0,2,2,1,dirichlet_a1.0,42,low_norm,cosine,A_condition_specific_oracle,-0.19257311127255258
5,0.08245125412940979,2.322810173034668,2.7969822300365195,1,0,1,3,1,dirichlet_a1.0,42,low_norm,cosine,A_condition_specific_oracle,-0.19257311127255258
0,0.05863510072231293,2.1997618675231934,2.7597649099770933,0,0,5,0,0,dirichlet_a1.0,42,low_norm,cosine,B_iid_transfer_frozen,0.8690693731871779
1,0.05863510072231293,2.1997618675231934,2.7861633569700643,0,0,5,0,0,dirichlet_a1.0,42,low_norm,cosine,B_iid_transfer_frozen,0.8690693731871779
2,0.05863510072231293,2.1997618675231934,2.7892044009640813,1,1,4,0,0,dirichlet_a1.0,42,low_norm,cosine,B_iid_transfer_frozen,0.8690693731871779
3,0.05863510072231293,2.1997618675231934,2.798947160015814,1,1,4,0,0,dirichlet_a1.0,42,low_norm,cosine,B_iid_transfer_frozen,0.8690693731871779
4,0.05863510072231293,2.1997618675231934,2.695378266973421,1,1,4,0,0,dirichlet_a1.0,42,low_norm,cosine,B_iid_transfer_frozen,0.8690693731871779
5,0.05863510072231293,2.1997618675231934,2.7022266190033406,1,1,4,0,0,dirichlet_a1.0,42,low_norm,cosine,B_iid_transfer_frozen,0.8690693731871779
0,0.11350975185632706,2.1987662315368652,2.4232875499874353,0,0,0,5,0,dirichlet_a1.0,42,low_norm,sign_consensus,A_condition_specific_oracle,0.421309834164329
1,0.1713092029094696,2.2086548805236816,2.5014231089735404,0,0,0,5,0,dirichlet_a1.0,42,low_norm,sign_consensus,A_condition_specific_oracle,0.421309834164329
2,0.10877437889575958,2.2660696506500244,2.4297551489435136,1,0,0,4,1,dirichlet_a1.0,42,low_norm,sign_consensus,A_condition_specific_oracle,0.421309834164329
3,0.08885794132947922,2.3035237789154053,2.4229005209635943,1,0,0,4,1,dirichlet_a1.0,42,low_norm,sign_consensus,A_condition_specific_oracle,0.421309834164329
4,0.08830083906650543,2.3266794681549072,2.4192542540840805,1,0,0,4,1,dirichlet_a1.0,42,low_norm,sign_consensus,A_condition_specific_oracle,0.421309834164329
5,0.08913649618625641,2.3223652839660645,2.4027060950174928,1,0,0,4,1,dirichlet_a1.0,42,low_norm,sign_consensus,A_condition_specific_oracle,0.421309834164329
0,0.11350975185632706,2.198765993118286,2.4266379829496145,0,0,0,5,0,dirichlet_a1.0,42,low_norm,sign_consensus,B_iid_transfer_frozen,0.5656118467693558
1,0.1713092029094696,2.208665609359741,2.4408444289583713,0,0,0,5,0,dirichlet_a1.0,42,low_norm,sign_consensus,B_iid_transfer_frozen,0.5656118467693558
2,0.10752089321613312,2.2660627365112305,2.424742850009352,1,0,0,4,1,dirichlet_a1.0,42,low_norm,sign_consensus,B_iid_transfer_frozen,0.5656118467693558
3,0.08885794132947922,2.3035547733306885,2.444985768990591,1,0,0,4,1,dirichlet_a1.0,42,low_norm,sign_consensus,B_iid_transfer_frozen,0.5656118467693558
4,0.08830083906650543,2.3266477584838867,2.420283162035048,1,0,0,4,1,dirichlet_a1.0,42,low_norm,sign_consensus,B_iid_transfer_frozen,0.5656118467693558
5,0.08913649618625641,2.3223955631256104,2.4269278200808913,1,0,0,4,1,dirichlet_a1.0,42,low_norm,sign_consensus,B_iid_transfer_frozen,0.5656118467693558
0,0.1863509863615036,2.1891520023345947,2.424892274895683,0,,,,,dirichlet_a1.0,42,low_norm,median,not_applicable,
1,0.1863509863615036,2.1789932250976562,2.424267656984739,0,,,,,dirichlet_a1.0,42,low_norm,median,not_applicable,
2,0.08245125412940979,2.196568727493286,2.429958596942015,1,,,,,dirichlet_a1.0,42,low_norm,median,not_applicable,
3,0.10612813383340836,2.2248146533966064,2.4409066590014845,1,,,,,dirichlet_a1.0,42,low_norm,median,not_applicable,
4,0.08844011276960373,2.2534523010253906,2.4331658580340445,1,,,,,dirichlet_a1.0,42,low_norm,median,not_applicable,
5,0.08830083906650543,2.2688121795654297,2.2547033060109243,1,,,,,dirichlet_a1.0,42,low_norm,median,not_applicable,
0,0.15584959089756012,2.191572427749634,2.3243524490389973,0,,,,,dirichlet_a1.0,42,low_norm,multi_krum,not_applicable,
1,0.1717270165681839,2.2259504795074463,2.4988304530270398,0,,,,,dirichlet_a1.0,42,low_norm,multi_krum,not_applicable,
2,0.08245125412940979,2.2481749057769775,2.5021482890006155,1,,,,,dirichlet_a1.0,42,low_norm,multi_krum,not_applicable,
3,0.11378830671310425,2.264669418334961,2.4661298519931734,1,,,,,dirichlet_a1.0,42,low_norm,multi_krum,not_applicable,
4,0.13259053230285645,2.2795166969299316,2.2019360800040886,1,,,,,dirichlet_a1.0,42,low_norm,multi_krum,not_applicable,
5,0.15793871879577637,2.272223949432373,2.4024950340390205,1,,,,,dirichlet_a1.0,42,low_norm,multi_krum,not_applicable,
0,0.11350975185632706,2.198765993118286,2.432064277934842,0,,,,,dirichlet_a1.0,42,full_sign_flip,fedavg,not_applicable,
1,0.1713092029094696,2.2086660861968994,2.4185176040045917,0,,,,,dirichlet_a1.0,42,full_sign_flip,fedavg,not_applicable,
2,0.08245125412940979,2.321749210357666,2.3885336939711124,1,,,,,dirichlet_a1.0,42,full_sign_flip,fedavg,not_applicable,
3,0.08830083906650543,2.44648814201355,2.3931303289718926,1,,,,,dirichlet_a1.0,42,full_sign_flip,fedavg,not_applicable,
4,0.08830083906650543,2.5306830406188965,2.4031817230861634,1,,,,,dirichlet_a1.0,42,full_sign_flip,fedavg,not_applicable,
5,0.08830083906650543,2.554755449295044,2.395156275946647,1,,,,,dirichlet_a1.0,42,full_sign_flip,fedavg,not_applicable,
0,0.05863510072231293,2.1997618675231934,2.433089633937925,0,0,5,0,0,dirichlet_a1.0,42,full_sign_flip,norm,A_condition_specific_oracle,0.061532254763599054
1,0.05863510072231293,2.1997618675231934,2.453026881092228,0,0,5,0,0,dirichlet_a1.0,42,full_sign_flip,norm,A_condition_specific_oracle,0.061532254763599054
2,0.05863510072231293,2.1997618675231934,2.441892286995426,1,1,4,0,0,dirichlet_a1.0,42,full_sign_flip,norm,A_condition_specific_oracle,0.061532254763599054
3,0.05863510072231293,2.1997618675231934,2.4331472070189193,1,1,4,0,0,dirichlet_a1.0,42,full_sign_flip,norm,A_condition_specific_oracle,0.061532254763599054
4,0.05863510072231293,2.1997618675231934,2.381774256005883,1,1,4,0,0,dirichlet_a1.0,42,full_sign_flip,norm,A_condition_specific_oracle,0.061532254763599054
5,0.05863510072231293,2.1997618675231934,2.410254993941635,1,1,4,0,0,dirichlet_a1.0,42,full_sign_flip,norm,A_condition_specific_oracle,0.061532254763599054
0,0.05863510072231293,2.1997618675231934,2.4225378789706156,0,0,5,0,0,dirichlet_a1.0,42,full_sign_flip,norm,B_iid_transfer_frozen,0.012898845250272921
1,0.05863510072231293,2.1997618675231934,2.4867046689614654,0,0,5,0,0,dirichlet_a1.0,42,full_sign_flip,norm,B_iid_transfer_frozen,0.012898845250272921
2,0.05863510072231293,2.1997618675231934,2.415850760997273,1,1,4,0,0,dirichlet_a1.0,42,full_sign_flip,norm,B_iid_transfer_frozen,0.012898845250272921
3,0.05863510072231293,2.1997618675231934,2.4171359449392185,1,1,4,0,0,dirichlet_a1.0,42,full_sign_flip,norm,B_iid_transfer_frozen,0.012898845250272921
4,0.05863510072231293,2.1997618675231934,2.399856442003511,1,1,4,0,0,dirichlet_a1.0,42,full_sign_flip,norm,B_iid_transfer_frozen,0.012898845250272921
5,0.05863510072231293,2.1997618675231934,2.3872405849397182,1,1,4,0,0,dirichlet_a1.0,42,full_sign_flip,norm,B_iid_transfer_frozen,0.012898845250272921
0,0.10181058943271637,2.2019202709198,2.650868288008496,0,0,1,4,0,dirichlet_a1.0,42,full_sign_flip,cosine,A_condition_specific_oracle,-0.19257311127255258
1,0.16197772324085236,2.21138334274292,2.5796964530600235,0,0,0,5,0,dirichlet_a1.0,42,full_sign_flip,cosine,A_condition_specific_oracle,-0.19257311127255258
2,0.08245125412940979,2.2618069648742676,2.6476275590248406,1,1,1,3,0,dirichlet_a1.0,42,full_sign_flip,cosine,A_condition_specific_oracle,-0.19257311127255258
3,0.08830083906650543,2.3149194717407227,2.7055219491012394,1,1,0,4,0,dirichlet_a1.0,42,full_sign_flip,cosine,A_condition_specific_oracle,-0.19257311127255258
4,0.08245125412940979,2.372251272201538,2.7191738369874656,1,1,1,3,0,dirichlet_a1.0,42,full_sign_flip,cosine,A_condition_specific_oracle,-0.19257311127255258
5,0.1863509863615036,2.3213107585906982,2.6775305790361017,1,1,2,2,0,dirichlet_a1.0,42,full_sign_flip,cosine,A_condition_specific_oracle,-0.19257311127255258
0,0.05863510072231293,2.1997618675231934,2.680005994043313,0,0,5,0,0,dirichlet_a1.0,42,full_sign_flip,cosine,B_iid_transfer_frozen,0.8690693731871779
1,0.05863510072231293,2.1997618675231934,2.737924786983058,0,0,5,0,0,dirichlet_a1.0,42,full_sign_flip,cosine,B_iid_transfer_frozen,0.8690693731871779
2,0.05863510072231293,2.1997618675231934,2.6789427190087736,1,1,4,0,0,dirichlet_a1.0,42,full_sign_flip,cosine,B_iid_transfer_frozen,0.8690693731871779
3,0.05863510072231293,2.1997618675231934,2.7375494509469718,1,1,4,0,0,dirichlet_a1.0,42,full_sign_flip,cosine,B_iid_transfer_frozen,0.8690693731871779
4,0.05863510072231293,2.1997618675231934,2.724101205007173,1,1,4,0,0,dirichlet_a1.0,42,full_sign_flip,cosine,B_iid_transfer_frozen,0.8690693731871779
5,0.05863510072231293,2.1997618675231934,2.7496376399649307,1,1,4,0,0,dirichlet_a1.0,42,full_sign_flip,cosine,B_iid_transfer_frozen,0.8690693731871779
0,0.11350975185632706,2.1987662315368652,2.4958040959900245,0,0,0,5,0,dirichlet_a1.0,42,full_sign_flip,sign_consensus,A_condition_specific_oracle,0.421309834164329
1,0.1713092029094696,2.2086899280548096,2.616883838083595,0,0,0,5,0,dirichlet_a1.0,42,full_sign_flip,sign_consensus,A_condition_specific_oracle,0.421309834164329
2,0.08245125412940979,2.3220202922821045,2.6589611530071124,1,0,0,4,1,dirichlet_a1.0,42,full_sign_flip,sign_consensus,A_condition_specific_oracle,0.421309834164329
3,0.08830083906650543,2.4464268684387207,2.5362639939412475,1,0,0,4,1,dirichlet_a1.0,42,full_sign_flip,sign_consensus,A_condition_specific_oracle,0.421309834164329
4,0.08830083906650543,2.5321109294891357,2.4603792800335214,1,0,0,4,1,dirichlet_a1.0,42,full_sign_flip,sign_consensus,A_condition_specific_oracle,0.421309834164329
5,0.08830083906650543,2.5559089183807373,2.506972247036174,1,0,0,4,1,dirichlet_a1.0,42,full_sign_flip,sign_consensus,A_condition_specific_oracle,0.421309834164329
0,0.11350975185632706,2.1987662315368652,2.4811523020034656,0,0,0,5,0,dirichlet_a1.0,42,full_sign_flip,sign_consensus,B_iid_transfer_frozen,0.5656118467693558
1,0.1713092029094696,2.208686590194702,2.4696110340300947,0,0,0,5,0,dirichlet_a1.0,42,full_sign_flip,sign_consensus,B_iid_transfer_frozen,0.5656118467693558
2,0.08245125412940979,2.3220880031585693,2.476063331007026,1,0,0,4,1,dirichlet_a1.0,42,full_sign_flip,sign_consensus,B_iid_transfer_frozen,0.5656118467693558
3,0.08830083906650543,2.3193578720092773,2.410276339040138,1,1,0,4,0,dirichlet_a1.0,42,full_sign_flip,sign_consensus,B_iid_transfer_frozen,0.5656118467693558
4,0.08830083906650543,2.4745006561279297,2.4008195539936423,1,0,0,4,1,dirichlet_a1.0,42,full_sign_flip,sign_consensus,B_iid_transfer_frozen,0.5656118467693558
5,0.08885794132947922,2.328212022781372,2.4125705929473042,1,1,0,4,0,dirichlet_a1.0,42,full_sign_flip,sign_consensus,B_iid_transfer_frozen,0.5656118467693558
0,0.1863509863615036,2.1891517639160156,2.413742591976188,0,,,,,dirichlet_a1.0,42,full_sign_flip,median,not_applicable,
1,0.1863509863615036,2.1789824962615967,2.4214184740558267,0,,,,,dirichlet_a1.0,42,full_sign_flip,median,not_applicable,
2,0.08830083906650543,2.2750494480133057,2.4111514140386134,1,,,,,dirichlet_a1.0,42,full_sign_flip,median,not_applicable,
3,0.08830083906650543,2.4195046424865723,2.4769507839810103,1,,,,,dirichlet_a1.0,42,full_sign_flip,median,not_applicable,
4,0.08830083906650543,2.496227502822876,2.431939047994092,1,,,,,dirichlet_a1.0,42,full_sign_flip,median,not_applicable,
5,0.13161560893058777,2.5269176959991455,2.4214394909795374,1,,,,,dirichlet_a1.0,42,full_sign_flip,median,not_applicable,
0,0.15584959089756012,2.191572427749634,2.402595728985034,0,,,,,dirichlet_a1.0,42,full_sign_flip,multi_krum,not_applicable,
1,0.1717270165681839,2.225956916809082,2.3950407369993627,0,,,,,dirichlet_a1.0,42,full_sign_flip,multi_krum,not_applicable,
2,0.10153203457593918,2.2975778579711914,2.377995752962306,1,,,,,dirichlet_a1.0,42,full_sign_flip,multi_krum,not_applicable,
3,0.08830083906650543,2.318594455718994,2.419971995986998,1,,,,,dirichlet_a1.0,42,full_sign_flip,multi_krum,not_applicable,
4,0.08830083906650543,2.335927963256836,2.3688268839614466,1,,,,,dirichlet_a1.0,42,full_sign_flip,multi_krum,not_applicable,
5,0.09066852927207947,2.323119878768921,2.4077206819783896,1,,,,,dirichlet_a1.0,42,full_sign_flip,multi_krum,not_applicable,
0,0.11350975185632706,2.1987667083740234,2.3835822890978307,0,,,,,dirichlet_a1.0,42,directional_poisoning,fedavg,not_applicable,
1,0.1713092029094696,2.2086727619171143,2.365350156906061,0,,,,,dirichlet_a1.0,42,directional_poisoning,fedavg,not_applicable,
2,0.08245125412940979,2.321908712387085,2.3759890880901366,1,,,,,dirichlet_a1.0,42,directional_poisoning,fedavg,not_applicable,
3,0.08830083906650543,2.4465980529785156,2.3518866619560868,1,,,,,dirichlet_a1.0,42,directional_poisoning,fedavg,not_applicable,
4,0.08830083906650543,2.5306010246276855,2.2410921460250393,1,,,,,dirichlet_a1.0,42,directional_poisoning,fedavg,not_applicable,
5,0.08830083906650543,2.5545036792755127,2.323325432022102,1,,,,,dirichlet_a1.0,42,directional_poisoning,fedavg,not_applicable,
0,0.05863510072231293,2.1997618675231934,2.436129048001021,0,0,5,0,0,dirichlet_a1.0,42,directional_poisoning,norm,A_condition_specific_oracle,0.061532254763599054
1,0.05863510072231293,2.1997618675231934,2.428426102967933,0,0,5,0,0,dirichlet_a1.0,42,directional_poisoning,norm,A_condition_specific_oracle,0.061532254763599054
2,0.05863510072231293,2.1997618675231934,2.465622949996032,1,1,4,0,0,dirichlet_a1.0,42,directional_poisoning,norm,A_condition_specific_oracle,0.061532254763599054
3,0.05863510072231293,2.1997618675231934,2.4422347539803013,1,1,4,0,0,dirichlet_a1.0,42,directional_poisoning,norm,A_condition_specific_oracle,0.061532254763599054
4,0.05863510072231293,2.1997618675231934,2.484607702936046,1,1,4,0,0,dirichlet_a1.0,42,directional_poisoning,norm,A_condition_specific_oracle,0.061532254763599054
5,0.05863510072231293,2.1997618675231934,2.467003099969588,1,1,4,0,0,dirichlet_a1.0,42,directional_poisoning,norm,A_condition_specific_oracle,0.061532254763599054
0,0.05863510072231293,2.1997618675231934,2.3660405960399657,0,0,5,0,0,dirichlet_a1.0,42,directional_poisoning,norm,B_iid_transfer_frozen,0.012898845250272921
1,0.05863510072231293,2.1997618675231934,2.3788686220068485,0,0,5,0,0,dirichlet_a1.0,42,directional_poisoning,norm,B_iid_transfer_frozen,0.012898845250272921
2,0.05863510072231293,2.1997618675231934,2.3947866620728746,1,1,4,0,0,dirichlet_a1.0,42,directional_poisoning,norm,B_iid_transfer_frozen,0.012898845250272921
3,0.05863510072231293,2.1997618675231934,2.427239154931158,1,1,4,0,0,dirichlet_a1.0,42,directional_poisoning,norm,B_iid_transfer_frozen,0.012898845250272921
4,0.05863510072231293,2.1997618675231934,2.435589504078962,1,1,4,0,0,dirichlet_a1.0,42,directional_poisoning,norm,B_iid_transfer_frozen,0.012898845250272921
5,0.05863510072231293,2.1997618675231934,2.41807463101577,1,1,4,0,0,dirichlet_a1.0,42,directional_poisoning,norm,B_iid_transfer_frozen,0.012898845250272921
0,0.10167130827903748,2.2019200325012207,2.672700714902021,0,0,1,4,0,dirichlet_a1.0,42,directional_poisoning,cosine,A_condition_specific_oracle,-0.19257311127255258
1,0.1607242375612259,2.211376905441284,2.7114932619733736,0,0,0,5,0,dirichlet_a1.0,42,directional_poisoning,cosine,A_condition_specific_oracle,-0.19257311127255258
2,0.08245125412940979,2.261871099472046,2.7381635399069637,1,1,1,3,0,dirichlet_a1.0,42,directional_poisoning,cosine,A_condition_specific_oracle,-0.19257311127255258
3,0.08830083906650543,2.314998149871826,2.7166931660613045,1,1,0,4,0,dirichlet_a1.0,42,directional_poisoning,cosine,A_condition_specific_oracle,-0.19257311127255258
4,0.08245125412940979,2.372248649597168,2.707161484984681,1,1,1,3,0,dirichlet_a1.0,42,directional_poisoning,cosine,A_condition_specific_oracle,-0.19257311127255258
5,0.1863509863615036,2.321342945098877,2.6980836699949577,1,1,2,2,0,dirichlet_a1.0,42,directional_poisoning,cosine,A_condition_specific_oracle,-0.19257311127255258
0,0.05863510072231293,2.1997618675231934,2.659022200969048,0,0,5,0,0,dirichlet_a1.0,42,directional_poisoning,cosine,B_iid_transfer_frozen,0.8690693731871779
1,0.05863510072231293,2.1997618675231934,2.713482436025515,0,0,5,0,0,dirichlet_a1.0,42,directional_poisoning,cosine,B_iid_transfer_frozen,0.8690693731871779
2,0.05863510072231293,2.1997618675231934,2.7368720000376925,1,1,4,0,0,dirichlet_a1.0,42,directional_poisoning,cosine,B_iid_transfer_frozen,0.8690693731871779
3,0.05863510072231293,2.1997618675231934,2.7103961730608717,1,1,4,0,0,dirichlet_a1.0,42,directional_poisoning,cosine,B_iid_transfer_frozen,0.8690693731871779
4,0.05863510072231293,2.1997618675231934,2.7107487150933594,1,1,4,0,0,dirichlet_a1.0,42,directional_poisoning,cosine,B_iid_transfer_frozen,0.8690693731871779
5,0.05863510072231293,2.1997618675231934,2.7211676680017263,1,1,4,0,0,dirichlet_a1.0,42,directional_poisoning,cosine,B_iid_transfer_frozen,0.8690693731871779
0,0.11350975185632706,2.1987664699554443,2.420502534019761,0,0,0,5,0,dirichlet_a1.0,42,directional_poisoning,sign_consensus,A_condition_specific_oracle,0.421309834164329
1,0.1713092029094696,2.20867919921875,2.4050285100238398,0,0,0,5,0,dirichlet_a1.0,42,directional_poisoning,sign_consensus,A_condition_specific_oracle,0.421309834164329
2,0.08245125412940979,2.321934938430786,2.4189257679972798,1,0,0,4,1,dirichlet_a1.0,42,directional_poisoning,sign_consensus,A_condition_specific_oracle,0.421309834164329
3,0.08830083906650543,2.4465975761413574,2.429354924010113,1,0,0,4,1,dirichlet_a1.0,42,directional_poisoning,sign_consensus,A_condition_specific_oracle,0.421309834164329
4,0.08830083906650543,2.530979633331299,2.4146602080436423,1,0,0,4,1,dirichlet_a1.0,42,directional_poisoning,sign_consensus,A_condition_specific_oracle,0.421309834164329
5,0.08830083906650543,2.555112838745117,2.281988936010748,1,0,0,4,1,dirichlet_a1.0,42,directional_poisoning,sign_consensus,A_condition_specific_oracle,0.421309834164329
0,0.11350975185632706,2.1987664699554443,2.201959803001955,0,0,0,5,0,dirichlet_a1.0,42,directional_poisoning,sign_consensus,B_iid_transfer_frozen,0.5656118467693558
1,0.1713092029094696,2.2086780071258545,2.202837264048867,0,0,0,5,0,dirichlet_a1.0,42,directional_poisoning,sign_consensus,B_iid_transfer_frozen,0.5656118467693558
2,0.08245125412940979,2.3220670223236084,2.363865401945077,1,0,0,4,1,dirichlet_a1.0,42,directional_poisoning,sign_consensus,B_iid_transfer_frozen,0.5656118467693558
3,0.08830083906650543,2.3193750381469727,2.442073095939122,1,1,0,4,0,dirichlet_a1.0,42,directional_poisoning,sign_consensus,B_iid_transfer_frozen,0.5656118467693558
4,0.08830083906650543,2.474616527557373,2.430187958991155,1,0,0,4,1,dirichlet_a1.0,42,directional_poisoning,sign_consensus,B_iid_transfer_frozen,0.5656118467693558
5,0.08885794132947922,2.328246831893921,2.3943776240339503,1,1,0,4,0,dirichlet_a1.0,42,directional_poisoning,sign_consensus,B_iid_transfer_frozen,0.5656118467693558
0,0.1863509863615036,2.189152240753174,2.3810179590946063,0,,,,,dirichlet_a1.0,42,directional_poisoning,median,not_applicable,
1,0.1863509863615036,2.1789770126342773,2.385523476987146,0,,,,,dirichlet_a1.0,42,directional_poisoning,median,not_applicable,
2,0.08830083906650543,2.275146245956421,2.2897696340223774,1,,,,,dirichlet_a1.0,42,directional_poisoning,median,not_applicable,
3,0.08830083906650543,2.4193875789642334,2.3581807400332764,1,,,,,dirichlet_a1.0,42,directional_poisoning,median,not_applicable,
4,0.08830083906650543,2.4971365928649902,2.406202728045173,1,,,,,dirichlet_a1.0,42,directional_poisoning,median,not_applicable,
5,0.13607242703437805,2.5261757373809814,2.408734290045686,1,,,,,dirichlet_a1.0,42,directional_poisoning,median,not_applicable,
0,0.15584959089756012,2.191572427749634,2.3839992319699377,0,,,,,dirichlet_a1.0,42,directional_poisoning,multi_krum,not_applicable,
1,0.1717270165681839,2.2259535789489746,2.3778675850480795,0,,,,,dirichlet_a1.0,42,directional_poisoning,multi_krum,not_applicable,
2,0.09735376387834549,2.297104597091675,2.387561597977765,1,,,,,dirichlet_a1.0,42,directional_poisoning,multi_krum,not_applicable,
3,0.08830083906650543,2.318521738052368,2.375524125993252,1,,,,,dirichlet_a1.0,42,directional_poisoning,multi_krum,not_applicable,
4,0.08830083906650543,2.3358166217803955,2.3957741339690983,1,,,,,dirichlet_a1.0,42,directional_poisoning,multi_krum,not_applicable,
5,0.09066852927207947,2.32292103767395,2.4868876020191237,1,,,,,dirichlet_a1.0,42,directional_poisoning,multi_krum,not_applicable,
0,0.11350975185632706,2.1987662315368652,2.4666385360760614,0,,,,,dirichlet_a1.0,42,sparse_coordinate_attack,fedavg,not_applicable,
1,0.1713092029094696,2.2086780071258545,2.451845041010529,0,,,,,dirichlet_a1.0,42,sparse_coordinate_attack,fedavg,not_applicable,
2,0.08245125412940979,2.3449866771698,2.4575402439804748,1,,,,,dirichlet_a1.0,42,sparse_coordinate_attack,fedavg,not_applicable,
3,0.11796657741069794,2.301417350769043,2.4581373350229114,1,,,,,dirichlet_a1.0,42,sparse_coordinate_attack,fedavg,not_applicable,
4,0.08245125412940979,2.361920118331909,2.466170117026195,1,,,,,dirichlet_a1.0,42,sparse_coordinate_attack,fedavg,not_applicable,
5,0.08245125412940979,2.3323957920074463,2.531778465025127,1,,,,,dirichlet_a1.0,42,sparse_coordinate_attack,fedavg,not_applicable,
0,0.05863510072231293,2.1997618675231934,2.4568961510667577,0,0,5,0,0,dirichlet_a1.0,42,sparse_coordinate_attack,norm,A_condition_specific_oracle,0.061532254763599054
1,0.05863510072231293,2.1997618675231934,2.4802710490766913,0,0,5,0,0,dirichlet_a1.0,42,sparse_coordinate_attack,norm,A_condition_specific_oracle,0.061532254763599054
2,0.05863510072231293,2.1997618675231934,2.4608929329551756,1,1,4,0,0,dirichlet_a1.0,42,sparse_coordinate_attack,norm,A_condition_specific_oracle,0.061532254763599054
3,0.05863510072231293,2.1997618675231934,2.560395015985705,1,1,4,0,0,dirichlet_a1.0,42,sparse_coordinate_attack,norm,A_condition_specific_oracle,0.061532254763599054
4,0.05863510072231293,2.1997618675231934,2.525210077990778,1,1,4,0,0,dirichlet_a1.0,42,sparse_coordinate_attack,norm,A_condition_specific_oracle,0.061532254763599054
5,0.05863510072231293,2.1997618675231934,2.540742796030827,1,1,4,0,0,dirichlet_a1.0,42,sparse_coordinate_attack,norm,A_condition_specific_oracle,0.061532254763599054
0,0.05863510072231293,2.1997618675231934,2.4802121110260487,0,0,5,0,0,dirichlet_a1.0,42,sparse_coordinate_attack,norm,B_iid_transfer_frozen,0.012898845250272921
1,0.05863510072231293,2.1997618675231934,2.461541311000474,0,0,5,0,0,dirichlet_a1.0,42,sparse_coordinate_attack,norm,B_iid_transfer_frozen,0.012898845250272921
2,0.05863510072231293,2.1997618675231934,2.383437708951533,1,1,4,0,0,dirichlet_a1.0,42,sparse_coordinate_attack,norm,B_iid_transfer_frozen,0.012898845250272921
3,0.05863510072231293,2.1997618675231934,2.4239546549506485,1,1,4,0,0,dirichlet_a1.0,42,sparse_coordinate_attack,norm,B_iid_transfer_frozen,0.012898845250272921
4,0.05863510072231293,2.1997618675231934,2.499965235008858,1,1,4,0,0,dirichlet_a1.0,42,sparse_coordinate_attack,norm,B_iid_transfer_frozen,0.012898845250272921
5,0.05863510072231293,2.1997618675231934,2.5259077809751034,1,1,4,0,0,dirichlet_a1.0,42,sparse_coordinate_attack,norm,B_iid_transfer_frozen,0.012898845250272921
0,0.10181058943271637,2.2019200325012207,2.825557874981314,0,0,1,4,0,dirichlet_a1.0,42,sparse_coordinate_attack,cosine,A_condition_specific_oracle,-0.19257311127255258
1,0.1607242375612259,2.211378812789917,2.873815111001022,0,0,0,5,0,dirichlet_a1.0,42,sparse_coordinate_attack,cosine,A_condition_specific_oracle,-0.19257311127255258
2,0.1561281383037567,2.2349729537963867,2.8439624219899997,1,0,1,3,1,dirichlet_a1.0,42,sparse_coordinate_attack,cosine,A_condition_specific_oracle,-0.19257311127255258
3,0.1451253443956375,2.249082088470459,2.7714432650245726,1,0,1,3,1,dirichlet_a1.0,42,sparse_coordinate_attack,cosine,A_condition_specific_oracle,-0.19257311127255258
4,0.08245125412940979,2.338379144668579,2.7837497600121424,1,0,0,4,1,dirichlet_a1.0,42,sparse_coordinate_attack,cosine,A_condition_specific_oracle,-0.19257311127255258
5,0.0933147668838501,2.2748937606811523,2.7908009100938216,1,0,0,4,1,dirichlet_a1.0,42,sparse_coordinate_attack,cosine,A_condition_specific_oracle,-0.19257311127255258
0,0.05863510072231293,2.1997618675231934,2.721584973973222,0,0,5,0,0,dirichlet_a1.0,42,sparse_coordinate_attack,cosine,B_iid_transfer_frozen,0.8690693731871779
1,0.05863510072231293,2.1997618675231934,2.829636965994723,0,0,5,0,0,dirichlet_a1.0,42,sparse_coordinate_attack,cosine,B_iid_transfer_frozen,0.8690693731871779
2,0.05863510072231293,2.1997618675231934,2.9088356170104817,1,1,4,0,0,dirichlet_a1.0,42,sparse_coordinate_attack,cosine,B_iid_transfer_frozen,0.8690693731871779
3,0.05863510072231293,2.1997618675231934,2.7638075310969725,1,1,4,0,0,dirichlet_a1.0,42,sparse_coordinate_attack,cosine,B_iid_transfer_frozen,0.8690693731871779
4,0.05863510072231293,2.1997618675231934,2.840802322025411,1,1,4,0,0,dirichlet_a1.0,42,sparse_coordinate_attack,cosine,B_iid_transfer_frozen,0.8690693731871779
5,0.05863510072231293,2.1997618675231934,2.6993403859669343,1,1,4,0,0,dirichlet_a1.0,42,sparse_coordinate_attack,cosine,B_iid_transfer_frozen,0.8690693731871779
0,0.11350975185632706,2.1987662315368652,2.4443740650312975,0,0,0,5,0,dirichlet_a1.0,42,sparse_coordinate_attack,sign_consensus,A_condition_specific_oracle,0.421309834164329
1,0.1713092029094696,2.208693027496338,2.3943037489661947,0,0,0,5,0,dirichlet_a1.0,42,sparse_coordinate_attack,sign_consensus,A_condition_specific_oracle,0.421309834164329
2,0.11434540897607803,2.2861247062683105,2.4330304010072723,1,1,0,4,0,dirichlet_a1.0,42,sparse_coordinate_attack,sign_consensus,A_condition_specific_oracle,0.421309834164329
3,0.08830083906650543,2.3308069705963135,2.464850837015547,1,1,0,4,0,dirichlet_a1.0,42,sparse_coordinate_attack,sign_consensus,A_condition_specific_oracle,0.421309834164329
4,0.08830083906650543,2.327935218811035,2.4914439420681447,1,1,0,4,0,dirichlet_a1.0,42,sparse_coordinate_attack,sign_consensus,A_condition_specific_oracle,0.421309834164329
5,0.12994429469108582,2.344832181930542,2.5236435079714283,1,1,0,4,0,dirichlet_a1.0,42,sparse_coordinate_attack,sign_consensus,A_condition_specific_oracle,0.421309834164329
0,0.11350975185632706,2.1987664699554443,2.452067642007023,0,0,0,5,0,dirichlet_a1.0,42,sparse_coordinate_attack,sign_consensus,B_iid_transfer_frozen,0.5656118467693558
1,0.1713092029094696,2.2086589336395264,2.481289086979814,0,0,0,5,0,dirichlet_a1.0,42,sparse_coordinate_attack,sign_consensus,B_iid_transfer_frozen,0.5656118467693558
2,0.11434540897607803,2.286163806915283,2.4553170619765297,1,1,0,4,0,dirichlet_a1.0,42,sparse_coordinate_attack,sign_consensus,B_iid_transfer_frozen,0.5656118467693558
3,0.08830083906650543,2.3308708667755127,2.4244917960604653,1,1,0,4,0,dirichlet_a1.0,42,sparse_coordinate_attack,sign_consensus,B_iid_transfer_frozen,0.5656118467693558
4,0.08830083906650543,2.3279104232788086,2.4503147470531985,1,1,0,4,0,dirichlet_a1.0,42,sparse_coordinate_attack,sign_consensus,B_iid_transfer_frozen,0.5656118467693558
5,0.12855152785778046,2.345001459121704,2.454784906003624,1,1,0,4,0,dirichlet_a1.0,42,sparse_coordinate_attack,sign_consensus,B_iid_transfer_frozen,0.5656118467693558
0,0.1863509863615036,2.1891531944274902,2.429913104046136,0,,,,,dirichlet_a1.0,42,sparse_coordinate_attack,median,not_applicable,
1,0.1863509863615036,2.1789870262145996,2.3958444830495864,0,,,,,dirichlet_a1.0,42,sparse_coordinate_attack,median,not_applicable,
2,0.08245125412940979,2.2023773193359375,2.4218012739438564,1,,,,,dirichlet_a1.0,42,sparse_coordinate_attack,median,not_applicable,
3,0.11699164658784866,2.254185438156128,2.436562441987917,1,,,,,dirichlet_a1.0,42,sparse_coordinate_attack,median,not_applicable,
4,0.08830083906650543,2.26884126663208,2.429394896957092,1,,,,,dirichlet_a1.0,42,sparse_coordinate_attack,median,not_applicable,
5,0.08830083906650543,2.304049015045166,2.458737152046524,1,,,,,dirichlet_a1.0,42,sparse_coordinate_attack,median,not_applicable,
0,0.15584959089756012,2.191572427749634,2.4145819009281695,0,,,,,dirichlet_a1.0,42,sparse_coordinate_attack,multi_krum,not_applicable,
1,0.1717270165681839,2.2259576320648193,2.4230527720646933,0,,,,,dirichlet_a1.0,42,sparse_coordinate_attack,multi_krum,not_applicable,
2,0.16364902257919312,2.290356159210205,2.5108563229441643,1,,,,,dirichlet_a1.0,42,sparse_coordinate_attack,multi_krum,not_applicable,
3,0.08844011276960373,2.325953245162964,2.621321782004088,1,,,,,dirichlet_a1.0,42,sparse_coordinate_attack,multi_krum,not_applicable,
4,0.08830083906650543,2.3259689807891846,2.4311213289620355,1,,,,,dirichlet_a1.0,42,sparse_coordinate_attack,multi_krum,not_applicable,
5,0.13885794579982758,2.342831611633301,2.4399630980333313,1,,,,,dirichlet_a1.0,42,sparse_coordinate_attack,multi_krum,not_applicable,
0,0.1562674194574356,2.184570074081421,2.4265279630199075,0,,,,,dirichlet_a1.0,43,no_attack,fedavg,not_applicable,
1,0.1717270165681839,2.2244818210601807,2.3960429599974304,0,,,,,dirichlet_a1.0,43,no_attack,fedavg,not_applicable,
2,0.1717270165681839,2.2384841442108154,2.4367260250728577,1,,,,,dirichlet_a1.0,43,no_attack,fedavg,not_applicable,
3,0.1717270165681839,2.2554514408111572,2.459890177939087,1,,,,,dirichlet_a1.0,43,no_attack,fedavg,not_applicable,
4,0.1717270165681839,2.224789619445801,2.503747799084522,1,,,,,dirichlet_a1.0,43,no_attack,fedavg,not_applicable,
5,0.1717270165681839,2.1733739376068115,2.4843825470888987,1,,,,,dirichlet_a1.0,43,no_attack,fedavg,not_applicable,
0,0.08245125412940979,2.1877028942108154,2.5308855759212747,0,0,5,0,0,dirichlet_a1.0,43,no_attack,norm,A_condition_specific_oracle,0.061532254763599054
1,0.08245125412940979,2.1877028942108154,2.5831846710061654,0,0,5,0,0,dirichlet_a1.0,43,no_attack,norm,A_condition_specific_oracle,0.061532254763599054
2,0.08245125412940979,2.1877028942108154,2.5508514050161466,1,1,4,0,0,dirichlet_a1.0,43,no_attack,norm,A_condition_specific_oracle,0.061532254763599054
3,0.08245125412940979,2.1877028942108154,2.3180355159565806,1,1,4,0,0,dirichlet_a1.0,43,no_attack,norm,A_condition_specific_oracle,0.061532254763599054
4,0.08245125412940979,2.1877028942108154,2.4400245000142604,1,1,4,0,0,dirichlet_a1.0,43,no_attack,norm,A_condition_specific_oracle,0.061532254763599054
5,0.08245125412940979,2.1877028942108154,2.1945488810306415,1,1,4,0,0,dirichlet_a1.0,43,no_attack,norm,A_condition_specific_oracle,0.061532254763599054
0,0.08245125412940979,2.1877028942108154,2.404621078982018,0,0,5,0,0,dirichlet_a1.0,43,no_attack,norm,B_iid_transfer_frozen,0.012898845250272921
1,0.08245125412940979,2.1877028942108154,2.40288943098858,0,0,5,0,0,dirichlet_a1.0,43,no_attack,norm,B_iid_transfer_frozen,0.012898845250272921
2,0.08245125412940979,2.1877028942108154,2.4188765860162675,1,1,4,0,0,dirichlet_a1.0,43,no_attack,norm,B_iid_transfer_frozen,0.012898845250272921
3,0.08245125412940979,2.1877028942108154,2.406774444039911,1,1,4,0,0,dirichlet_a1.0,43,no_attack,norm,B_iid_transfer_frozen,0.012898845250272921
4,0.08245125412940979,2.1877028942108154,2.3673817600356415,1,1,4,0,0,dirichlet_a1.0,43,no_attack,norm,B_iid_transfer_frozen,0.012898845250272921
5,0.08245125412940979,2.1877028942108154,2.388448230922222,1,1,4,0,0,dirichlet_a1.0,43,no_attack,norm,B_iid_transfer_frozen,0.012898845250272921
0,0.1561281383037567,2.1845693588256836,2.637429362977855,0,0,0,5,0,dirichlet_a1.0,43,no_attack,cosine,A_condition_specific_oracle,-0.19257311127255258
1,0.16977716982364655,2.177084445953369,2.635142319020815,0,0,1,4,0,dirichlet_a1.0,43,no_attack,cosine,A_condition_specific_oracle,-0.19257311127255258
2,0.1717270165681839,2.21393084526062,2.4474176589865237,1,1,0,4,0,dirichlet_a1.0,43,no_attack,cosine,A_condition_specific_oracle,-0.19257311127255258
3,0.09777159243822098,2.1908516883850098,2.695024220040068,1,0,1,3,1,dirichlet_a1.0,43,no_attack,cosine,A_condition_specific_oracle,-0.19257311127255258
4,0.1717270165681839,2.2263152599334717,2.706169191049412,1,0,0,4,1,dirichlet_a1.0,43,no_attack,cosine,A_condition_specific_oracle,-0.19257311127255258
5,0.1717270165681839,2.2001640796661377,2.684641595929861,1,0,0,4,1,dirichlet_a1.0,43,no_attack,cosine,A_condition_specific_oracle,-0.19257311127255258
0,0.08245125412940979,2.1877028942108154,2.54056221304927,0,0,5,0,0,dirichlet_a1.0,43,no_attack,cosine,B_iid_transfer_frozen,0.8690693731871779
1,0.08245125412940979,2.1877028942108154,2.5075910029700026,0,0,5,0,0,dirichlet_a1.0,43,no_attack,cosine,B_iid_transfer_frozen,0.8690693731871779
2,0.08245125412940979,2.1877028942108154,2.712533414014615,1,1,4,0,0,dirichlet_a1.0,43,no_attack,cosine,B_iid_transfer_frozen,0.8690693731871779
3,0.08245125412940979,2.1877028942108154,2.7513631019974127,1,1,4,0,0,dirichlet_a1.0,43,no_attack,cosine,B_iid_transfer_frozen,0.8690693731871779
4,0.08245125412940979,2.1877028942108154,2.7340574429836124,1,1,4,0,0,dirichlet_a1.0,43,no_attack,cosine,B_iid_transfer_frozen,0.8690693731871779
5,0.08245125412940979,2.1877028942108154,2.7045938970986754,1,1,4,0,0,dirichlet_a1.0,43,no_attack,cosine,B_iid_transfer_frozen,0.8690693731871779
0,0.1564066857099533,2.1845619678497314,2.4557644540909678,0,0,0,5,0,dirichlet_a1.0,43,no_attack,sign_consensus,A_condition_specific_oracle,0.421309834164329
1,0.1717270165681839,2.2244677543640137,2.4596211719326675,0,0,0,5,0,dirichlet_a1.0,43,no_attack,sign_consensus,A_condition_specific_oracle,0.421309834164329
2,0.1717270165681839,2.2384824752807617,2.451200093026273,1,0,0,4,1,dirichlet_a1.0,43,no_attack,sign_consensus,A_condition_specific_oracle,0.421309834164329
3,0.1717270165681839,2.2554352283477783,2.4987167010549456,1,0,0,4,1,dirichlet_a1.0,43,no_attack,sign_consensus,A_condition_specific_oracle,0.421309834164329
4,0.1717270165681839,2.224813461303711,2.5719012150075287,1,0,0,4,1,dirichlet_a1.0,43,no_attack,sign_consensus,A_condition_specific_oracle,0.421309834164329
5,0.1717270165681839,2.1733293533325195,2.599973071948625,1,0,0,4,1,dirichlet_a1.0,43,no_attack,sign_consensus,A_condition_specific_oracle,0.421309834164329
0,0.1562674194574356,2.1845591068267822,2.4851242849836126,0,0,0,5,0,dirichlet_a1.0,43,no_attack,sign_consensus,B_iid_transfer_frozen,0.5656118467693558
1,0.1717270165681839,2.224543571472168,2.4912685999879614,0,0,0,5,0,dirichlet_a1.0,43,no_attack,sign_consensus,B_iid_transfer_frozen,0.5656118467693558
2,0.1717270165681839,2.2384562492370605,2.511898065917194,1,0,0,4,1,dirichlet_a1.0,43,no_attack,sign_consensus,B_iid_transfer_frozen,0.5656118467693558
3,0.1717270165681839,2.2555723190307617,2.483231368009001,1,0,0,4,1,dirichlet_a1.0,43,no_attack,sign_consensus,B_iid_transfer_frozen,0.5656118467693558
4,0.1717270165681839,2.2247281074523926,2.4418112989515066,1,0,0,4,1,dirichlet_a1.0,43,no_attack,sign_consensus,B_iid_transfer_frozen,0.5656118467693558
5,0.1717270165681839,2.173330783843994,2.4576980239944533,1,0,0,4,1,dirichlet_a1.0,43,no_attack,sign_consensus,B_iid_transfer_frozen,0.5656118467693558
0,0.1713092029094696,2.1770517826080322,2.4863689040066674,0,,,,,dirichlet_a1.0,43,no_attack,median,not_applicable,
1,0.1717270165681839,2.1939806938171387,2.4657961030025035,0,,,,,dirichlet_a1.0,43,no_attack,median,not_applicable,
2,0.1717270165681839,2.2367212772369385,2.458831776981242,1,,,,,dirichlet_a1.0,43,no_attack,median,not_applicable,
3,0.1717270165681839,2.2941973209381104,2.4667506699915975,1,,,,,dirichlet_a1.0,43,no_attack,median,not_applicable,
4,0.1717270165681839,2.247236728668213,2.4585946679580957,1,,,,,dirichlet_a1.0,43,no_attack,median,not_applicable,
5,0.1717270165681839,2.2627787590026855,2.4572150229942054,1,,,,,dirichlet_a1.0,43,no_attack,median,not_applicable,
0,0.08245125412940979,2.1718783378601074,2.446218205965124,0,,,,,dirichlet_a1.0,43,no_attack,multi_krum,not_applicable,
1,0.1717270165681839,2.2621309757232666,2.472349930088967,0,,,,,dirichlet_a1.0,43,no_attack,multi_krum,not_applicable,
2,0.1717270165681839,2.2945024967193604,2.4357260989490896,1,,,,,dirichlet_a1.0,43,no_attack,multi_krum,not_applicable,
3,0.1717270165681839,2.3118155002593994,2.5072423660894856,1,,,,,dirichlet_a1.0,43,no_attack,multi_krum,not_applicable,
4,0.1717270165681839,2.1907546520233154,2.4406086719827726,1,,,,,dirichlet_a1.0,43,no_attack,multi_krum,not_applicable,
5,0.1717270165681839,2.2912583351135254,2.447728059021756,1,,,,,dirichlet_a1.0,43,no_attack,multi_krum,not_applicable,
0,0.1562674194574356,2.1845734119415283,2.463144632987678,0,,,,,dirichlet_a1.0,43,large_norm,fedavg,not_applicable,
1,0.1717270165681839,2.2244813442230225,2.4273129319772124,0,,,,,dirichlet_a1.0,43,large_norm,fedavg,not_applicable,
2,0.08245125412940979,193819232.0,2.434138040058315,1,,,,,dirichlet_a1.0,43,large_norm,fedavg,not_applicable,
3,0.1863509863615036,nan,2.4380385209806263,1,,,,,dirichlet_a1.0,43,large_norm,fedavg,not_applicable,
4,0.1863509863615036,nan,2.4690842389827594,1,,,,,dirichlet_a1.0,43,large_norm,fedavg,not_applicable,
5,0.1863509863615036,nan,2.4021826890530065,1,,,,,dirichlet_a1.0,43,large_norm,fedavg,not_applicable,
0,0.08245125412940979,2.1877028942108154,2.396985736093484,0,0,5,0,0,dirichlet_a1.0,43,large_norm,norm,A_condition_specific_oracle,0.061532254763599054
1,0.08245125412940979,2.1877028942108154,2.418214521021582,0,0,5,0,0,dirichlet_a1.0,43,large_norm,norm,A_condition_specific_oracle,0.061532254763599054
2,0.08245125412940979,2.1877028942108154,2.4051547769922763,1,1,4,0,0,dirichlet_a1.0,43,large_norm,norm,A_condition_specific_oracle,0.061532254763599054
3,0.08245125412940979,2.1877028942108154,2.4361131489276886,1,1,4,0,0,dirichlet_a1.0,43,large_norm,norm,A_condition_specific_oracle,0.061532254763599054
4,0.08245125412940979,2.1877028942108154,2.424654759000987,1,1,4,0,0,dirichlet_a1.0,43,large_norm,norm,A_condition_specific_oracle,0.061532254763599054
5,0.08245125412940979,2.1877028942108154,2.448388481978327,1,1,4,0,0,dirichlet_a1.0,43,large_norm,norm,A_condition_specific_oracle,0.061532254763599054
0,0.08245125412940979,2.1877028942108154,2.4965261759934947,0,0,5,0,0,dirichlet_a1.0,43,large_norm,norm,B_iid_transfer_frozen,0.012898845250272921
1,0.08245125412940979,2.1877028942108154,2.482304327073507,0,0,5,0,0,dirichlet_a1.0,43,large_norm,norm,B_iid_transfer_frozen,0.012898845250272921
2,0.08245125412940979,2.1877028942108154,2.4326506860088557,1,1,4,0,0,dirichlet_a1.0,43,large_norm,norm,B_iid_transfer_frozen,0.012898845250272921
3,0.08245125412940979,2.1877028942108154,2.4151061481097713,1,1,4,0,0,dirichlet_a1.0,43,large_norm,norm,B_iid_transfer_frozen,0.012898845250272921
4,0.08245125412940979,2.1877028942108154,2.4269225609023124,1,1,4,0,0,dirichlet_a1.0,43,large_norm,norm,B_iid_transfer_frozen,0.012898845250272921
5,0.08245125412940979,2.1877028942108154,2.4158481139456853,1,1,4,0,0,dirichlet_a1.0,43,large_norm,norm,B_iid_transfer_frozen,0.012898845250272921
0,0.1561281383037567,2.1845686435699463,2.676680760923773,0,0,0,5,0,dirichlet_a1.0,43,large_norm,cosine,A_condition_specific_oracle,-0.19257311127255258
1,0.17033426463603973,2.176732063293457,2.680559778935276,0,0,1,4,0,dirichlet_a1.0,43,large_norm,cosine,A_condition_specific_oracle,-0.19257311127255258
2,0.08830083906650543,184311920.0,2.686192260007374,1,0,0,4,1,dirichlet_a1.0,43,large_norm,cosine,A_condition_specific_oracle,-0.19257311127255258
3,0.1863509863615036,137246752.0,2.6798999120946974,1,0,1,3,1,dirichlet_a1.0,43,large_norm,cosine,A_condition_specific_oracle,-0.19257311127255258
4,0.1717270165681839,2665598.75,2.6873901219805703,1,0,0,4,1,dirichlet_a1.0,43,large_norm,cosine,A_condition_specific_oracle,-0.19257311127255258
5,0.1717270165681839,155289888.0,2.7010600169887766,1,0,0,4,1,dirichlet_a1.0,43,large_norm,cosine,A_condition_specific_oracle,-0.19257311127255258
0,0.08245125412940979,2.1877028942108154,2.6672927460167557,0,0,5,0,0,dirichlet_a1.0,43,large_norm,cosine,B_iid_transfer_frozen,0.8690693731871779
1,0.08245125412940979,2.1877028942108154,2.706645449041389,0,0,5,0,0,dirichlet_a1.0,43,large_norm,cosine,B_iid_transfer_frozen,0.8690693731871779
2,0.08245125412940979,2.1877028942108154,2.747221199097112,1,1,4,0,0,dirichlet_a1.0,43,large_norm,cosine,B_iid_transfer_frozen,0.8690693731871779
3,0.08245125412940979,2.1877028942108154,2.6830348550574854,1,1,4,0,0,dirichlet_a1.0,43,large_norm,cosine,B_iid_transfer_frozen,0.8690693731871779
4,0.08245125412940979,2.1877028942108154,2.7249812209047377,1,1,4,0,0,dirichlet_a1.0,43,large_norm,cosine,B_iid_transfer_frozen,0.8690693731871779
5,0.08245125412940979,2.1877028942108154,2.7584933530306444,1,1,4,0,0,dirichlet_a1.0,43,large_norm,cosine,B_iid_transfer_frozen,0.8690693731871779
0,0.1561281383037567,2.1845579147338867,2.4252111189998686,0,0,0,5,0,dirichlet_a1.0,43,large_norm,sign_consensus,A_condition_specific_oracle,0.421309834164329
1,0.1717270165681839,2.2244186401367188,2.433818612014875,0,0,0,5,0,dirichlet_a1.0,43,large_norm,sign_consensus,A_condition_specific_oracle,0.421309834164329
2,0.08245125412940979,193819120.0,2.4285876950016245,1,0,0,4,1,dirichlet_a1.0,43,large_norm,sign_consensus,A_condition_specific_oracle,0.421309834164329
3,0.08245125412940979,193819120.0,2.428764512995258,1,1,4,0,0,dirichlet_a1.0,43,large_norm,sign_consensus,A_condition_specific_oracle,0.421309834164329
4,0.08245125412940979,193819120.0,2.437953323009424,1,1,4,0,0,dirichlet_a1.0,43,large_norm,sign_consensus,A_condition_specific_oracle,0.421309834164329
5,0.08245125412940979,193819120.0,2.438460557954386,1,1,4,0,0,dirichlet_a1.0,43,large_norm,sign_consensus,A_condition_specific_oracle,0.421309834164329
0,0.1561281383037567,2.1845650672912598,2.484498556004837,0,0,0,5,0,dirichlet_a1.0,43,large_norm,sign_consensus,B_iid_transfer_frozen,0.5656118467693558
1,0.1717270165681839,2.2244012355804443,2.4196799990022555,0,0,0,5,0,dirichlet_a1.0,43,large_norm,sign_consensus,B_iid_transfer_frozen,0.5656118467693558
2,0.08245125412940979,120215658496.0,2.410183307947591,1,0,4,0,1,dirichlet_a1.0,43,large_norm,sign_consensus,B_iid_transfer_frozen,0.5656118467693558
3,0.08245125412940979,120215658496.0,2.413902560947463,1,1,4,0,0,dirichlet_a1.0,43,large_norm,sign_consensus,B_iid_transfer_frozen,0.5656118467693558
4,0.08245125412940979,120215658496.0,2.419572361977771,1,1,4,0,0,dirichlet_a1.0,43,large_norm,sign_consensus,B_iid_transfer_frozen,0.5656118467693558
5,0.08245125412940979,120215658496.0,2.4148427799809724,1,1,4,0,0,dirichlet_a1.0,43,large_norm,sign_consensus,B_iid_transfer_frozen,0.5656118467693558
0,0.1713092029094696,2.1770529747009277,2.4194136150181293,0,,,,,dirichlet_a1.0,43,large_norm,median,not_applicable,
1,0.1717270165681839,2.193923234939575,2.4309235230321065,0,,,,,dirichlet_a1.0,43,large_norm,median,not_applicable,
2,0.1083565503358841,2.2453994750976562,2.4400870859390125,1,,,,,dirichlet_a1.0,43,large_norm,median,not_applicable,
3,0.09206128120422363,2.248411178588867,2.4728258539689705,1,,,,,dirichlet_a1.0,43,large_norm,median,not_applicable,
4,0.1420612782239914,2.2568044662475586,2.4593066049274057,1,,,,,dirichlet_a1.0,43,large_norm,median,not_applicable,
5,0.17019498348236084,2.254491090774536,2.45742702903226,1,,,,,dirichlet_a1.0,43,large_norm,median,not_applicable,
0,0.08245125412940979,2.1718814373016357,2.4522792620118707,0,,,,,dirichlet_a1.0,43,large_norm,multi_krum,not_applicable,
1,0.1717270165681839,2.2621638774871826,2.4524182569002733,0,,,,,dirichlet_a1.0,43,large_norm,multi_krum,not_applicable,
2,0.09359331429004669,2.2593297958374023,2.222771626082249,1,,,,,dirichlet_a1.0,43,large_norm,multi_krum,not_applicable,
3,0.08509749174118042,2.270627737045288,2.493513580993749,1,,,,,dirichlet_a1.0,43,large_norm,multi_krum,not_applicable,
4,0.09038997441530228,2.26804780960083,2.4859176320023835,1,,,,,dirichlet_a1.0,43,large_norm,multi_krum,not_applicable,
5,0.09164345264434814,2.2469894886016846,2.427688021911308,1,,,,,dirichlet_a1.0,43,large_norm,multi_krum,not_applicable,
0,0.1561281383037567,2.184565782546997,2.4045489009004086,0,,,,,dirichlet_a1.0,43,low_norm,fedavg,not_applicable,
1,0.1717270165681839,2.2242441177368164,2.3966279760934412,0,,,,,dirichlet_a1.0,43,low_norm,fedavg,not_applicable,
2,0.15543176233768463,2.2408196926116943,2.3980754259973764,1,,,,,dirichlet_a1.0,43,low_norm,fedavg,not_applicable,
3,0.08245125412940979,2.2725563049316406,2.4088902439689264,1,,,,,dirichlet_a1.0,43,low_norm,fedavg,not_applicable,
4,0.1717270165681839,2.234532117843628,2.460809006006457,1,,,,,dirichlet_a1.0,43,low_norm,fedavg,not_applicable,
5,0.1717270165681839,2.199070692062378,2.4457817249931395,1,,,,,dirichlet_a1.0,43,low_norm,fedavg,not_applicable,
0,0.08245125412940979,2.1877028942108154,2.4196612399537116,0,0,5,0,0,dirichlet_a1.0,43,low_norm,norm,A_condition_specific_oracle,0.061532254763599054
1,0.08245125412940979,2.1877028942108154,2.391825338941999,0,0,5,0,0,dirichlet_a1.0,43,low_norm,norm,A_condition_specific_oracle,0.061532254763599054
2,0.081894151866436,2.187706708908081,2.3871063879923895,1,0,4,0,1,dirichlet_a1.0,43,low_norm,norm,A_condition_specific_oracle,0.061532254763599054
3,0.07966574281454086,2.187703847885132,2.3917088949820027,1,0,4,0,1,dirichlet_a1.0,43,low_norm,norm,A_condition_specific_oracle,0.061532254763599054
4,0.07869081199169159,2.18770432472229,2.423609117977321,1,0,4,0,1,dirichlet_a1.0,43,low_norm,norm,A_condition_specific_oracle,0.061532254763599054
5,0.07660167664289474,2.1877059936523438,2.4153777270112187,1,0,4,0,1,dirichlet_a1.0,43,low_norm,norm,A_condition_specific_oracle,0.061532254763599054
0,0.08245125412940979,2.1877028942108154,2.396790871047415,0,0,5,0,0,dirichlet_a1.0,43,low_norm,norm,B_iid_transfer_frozen,0.012898845250272921
1,0.08245125412940979,2.1877028942108154,2.4130156489554793,0,0,5,0,0,dirichlet_a1.0,43,low_norm,norm,B_iid_transfer_frozen,0.012898845250272921
2,0.081894151866436,2.187706708908081,2.410864215926267,1,0,4,0,1,dirichlet_a1.0,43,low_norm,norm,B_iid_transfer_frozen,0.012898845250272921
3,0.07966574281454086,2.187703847885132,2.496559827006422,1,0,4,0,1,dirichlet_a1.0,43,low_norm,norm,B_iid_transfer_frozen,0.012898845250272921
4,0.07869081199169159,2.18770432472229,2.4950110729550943,1,0,4,0,1,dirichlet_a1.0,43,low_norm,norm,B_iid_transfer_frozen,0.012898845250272921
5,0.07660167664289474,2.1877059936523438,2.4793943440308794,1,0,4,0,1,dirichlet_a1.0,43,low_norm,norm,B_iid_transfer_frozen,0.012898845250272921
0,0.1561281383037567,2.1845617294311523,2.750636792043224,0,0,0,5,0,dirichlet_a1.0,43,low_norm,cosine,A_condition_specific_oracle,-0.19257311127255258
1,0.17075209319591522,2.1771349906921387,2.8006339649436995,0,0,1,4,0,dirichlet_a1.0,43,low_norm,cosine,A_condition_specific_oracle,-0.19257311127255258
2,0.1717270165681839,2.2134788036346436,2.774471164913848,1,1,0,4,0,dirichlet_a1.0,43,low_norm,cosine,A_condition_specific_oracle,-0.19257311127255258
3,0.08245125412940979,2.1932036876678467,2.7475945990299806,1,0,1,3,1,dirichlet_a1.0,43,low_norm,cosine,A_condition_specific_oracle,-0.19257311127255258
4,0.14331476390361786,2.2316465377807617,2.7673175979871303,1,0,0,4,1,dirichlet_a1.0,43,low_norm,cosine,A_condition_specific_oracle,-0.19257311127255258
5,0.08245125412940979,2.1806118488311768,2.8221058800118044,1,0,1,3,1,dirichlet_a1.0,43,low_norm,cosine,A_condition_specific_oracle,-0.19257311127255258
0,0.08245125412940979,2.1877028942108154,2.8255963540868834,0,0,5,0,0,dirichlet_a1.0,43,low_norm,cosine,B_iid_transfer_frozen,0.8690693731871779
1,0.08245125412940979,2.1877028942108154,2.7014950399752706,0,0,5,0,0,dirichlet_a1.0,43,low_norm,cosine,B_iid_transfer_frozen,0.8690693731871779
2,0.08245125412940979,2.1877028942108154,2.748226472060196,1,1,4,0,0,dirichlet_a1.0,43,low_norm,cosine,B_iid_transfer_frozen,0.8690693731871779
3,0.08245125412940979,2.1877028942108154,2.8208628909196705,1,1,4,0,0,dirichlet_a1.0,43,low_norm,cosine,B_iid_transfer_frozen,0.8690693731871779
4,0.08245125412940979,2.1877028942108154,2.8076916760765016,1,1,4,0,0,dirichlet_a1.0,43,low_norm,cosine,B_iid_transfer_frozen,0.8690693731871779
5,0.08245125412940979,2.1877028942108154,2.803192377090454,1,1,4,0,0,dirichlet_a1.0,43,low_norm,cosine,B_iid_transfer_frozen,0.8690693731871779
0,0.1561281383037567,2.184563398361206,2.4577051650267094,0,0,0,5,0,dirichlet_a1.0,43,low_norm,sign_consensus,A_condition_specific_oracle,0.421309834164329
1,0.1717270165681839,2.2245383262634277,2.4948798129335046,0,0,0,5,0,dirichlet_a1.0,43,low_norm,sign_consensus,A_condition_specific_oracle,0.421309834164329
2,0.15543176233768463,2.2408525943756104,2.5178833659738302,1,0,0,4,1,dirichlet_a1.0,43,low_norm,sign_consensus,A_condition_specific_oracle,0.421309834164329
3,0.08245125412940979,2.2723548412323,2.5336615989217535,1,0,0,4,1,dirichlet_a1.0,43,low_norm,sign_consensus,A_condition_specific_oracle,0.421309834164329
4,0.1717270165681839,2.2344181537628174,2.522893736953847,1,0,0,4,1,dirichlet_a1.0,43,low_norm,sign_consensus,A_condition_specific_oracle,0.421309834164329
5,0.1717270165681839,2.1989738941192627,2.5026393370935693,1,0,0,4,1,dirichlet_a1.0,43,low_norm,sign_consensus,A_condition_specific_oracle,0.421309834164329
0,0.1561281383037567,2.1845593452453613,2.5526201960165054,0,0,0,5,0,dirichlet_a1.0,43,low_norm,sign_consensus,B_iid_transfer_frozen,0.5656118467693558
1,0.1717270165681839,2.224470853805542,2.5266134459525347,0,0,0,5,0,dirichlet_a1.0,43,low_norm,sign_consensus,B_iid_transfer_frozen,0.5656118467693558
2,0.15529248118400574,2.240846633911133,2.4573376410407946,1,0,0,4,1,dirichlet_a1.0,43,low_norm,sign_consensus,B_iid_transfer_frozen,0.5656118467693558
3,0.08245125412940979,2.2724995613098145,2.472351261996664,1,0,0,4,1,dirichlet_a1.0,43,low_norm,sign_consensus,B_iid_transfer_frozen,0.5656118467693558
4,0.1717270165681839,2.2344911098480225,2.4745225800434127,1,0,0,4,1,dirichlet_a1.0,43,low_norm,sign_consensus,B_iid_transfer_frozen,0.5656118467693558
5,0.1717270165681839,2.1991124153137207,2.487093008006923,1,0,0,4,1,dirichlet_a1.0,43,low_norm,sign_consensus,B_iid_transfer_frozen,0.5656118467693558
0,0.1713092029094696,2.1770570278167725,2.5885369159514084,0,,,,,dirichlet_a1.0,43,low_norm,median,not_applicable,
1,0.1717270165681839,2.1939263343811035,2.538568190066144,0,,,,,dirichlet_a1.0,43,low_norm,median,not_applicable,
2,0.1717270165681839,2.1988420486450195,2.501915888977237,1,,,,,dirichlet_a1.0,43,low_norm,median,not_applicable,
3,0.15779945254325867,2.2183334827423096,2.4581969740102068,1,,,,,dirichlet_a1.0,43,low_norm,median,not_applicable,
4,0.1717270165681839,2.21356201171875,2.5218597119674087,1,,,,,dirichlet_a1.0,43,low_norm,median,not_applicable,
5,0.17103064060211182,2.2195475101470947,2.653588915942237,1,,,,,dirichlet_a1.0,43,low_norm,median,not_applicable,
0,0.08245125412940979,2.171880006790161,2.539014259004034,0,,,,,dirichlet_a1.0,43,low_norm,multi_krum,not_applicable,
1,0.1717270165681839,2.262115001678467,2.5738012440269813,0,,,,,dirichlet_a1.0,43,low_norm,multi_krum,not_applicable,
2,0.1717270165681839,2.3022267818450928,2.462108131032437,1,,,,,dirichlet_a1.0,43,low_norm,multi_krum,not_applicable,
3,0.1717270165681839,2.335827589035034,2.2471558379475027,1,,,,,dirichlet_a1.0,43,low_norm,multi_krum,not_applicable,
4,0.1717270165681839,2.346040964126587,2.4309677210403606,1,,,,,dirichlet_a1.0,43,low_norm,multi_krum,not_applicable,
5,0.276323139667511,2.35650897026062,2.45522791496478,1,,,,,dirichlet_a1.0,43,low_norm,multi_krum,not_applicable,
0,0.1564066857099533,2.1845650672912598,2.4046541419811547,0,,,,,dirichlet_a1.0,43,full_sign_flip,fedavg,not_applicable,
1,0.1717270165681839,2.2242588996887207,2.4840275649912655,0,,,,,dirichlet_a1.0,43,full_sign_flip,fedavg,not_applicable,
2,0.08245125412940979,2.259748697280884,2.423432938987389,1,,,,,dirichlet_a1.0,43,full_sign_flip,fedavg,not_applicable,
3,0.08245125412940979,2.326478958129883,2.4209713840391487,1,,,,,dirichlet_a1.0,43,full_sign_flip,fedavg,not_applicable,
4,0.08245125412940979,2.296344518661499,2.4293162130052224,1,,,,,dirichlet_a1.0,43,full_sign_flip,fedavg,not_applicable,
5,0.08245125412940979,2.2787530422210693,2.4798106770031154,1,,,,,dirichlet_a1.0,43,full_sign_flip,fedavg,not_applicable,
0,0.08245125412940979,2.1877028942108154,2.518326869001612,0,0,5,0,0,dirichlet_a1.0,43,full_sign_flip,norm,A_condition_specific_oracle,0.061532254763599054
1,0.08245125412940979,2.1877028942108154,2.4989883169764653,0,0,5,0,0,dirichlet_a1.0,43,full_sign_flip,norm,A_condition_specific_oracle,0.061532254763599054
2,0.08245125412940979,2.1877028942108154,2.282851639902219,1,1,4,0,0,dirichlet_a1.0,43,full_sign_flip,norm,A_condition_specific_oracle,0.061532254763599054
3,0.08245125412940979,2.1877028942108154,2.4685378710273653,1,1,4,0,0,dirichlet_a1.0,43,full_sign_flip,norm,A_condition_specific_oracle,0.061532254763599054
4,0.08245125412940979,2.1877028942108154,2.4916369810234755,1,1,4,0,0,dirichlet_a1.0,43,full_sign_flip,norm,A_condition_specific_oracle,0.061532254763599054
5,0.08245125412940979,2.1877028942108154,2.5033710499992594,1,1,4,0,0,dirichlet_a1.0,43,full_sign_flip,norm,A_condition_specific_oracle,0.061532254763599054
0,0.08245125412940979,2.1877028942108154,2.4269893519813195,0,0,5,0,0,dirichlet_a1.0,43,full_sign_flip,norm,B_iid_transfer_frozen,0.012898845250272921
1,0.08245125412940979,2.1877028942108154,2.5558543670922518,0,0,5,0,0,dirichlet_a1.0,43,full_sign_flip,norm,B_iid_transfer_frozen,0.012898845250272921
2,0.08245125412940979,2.1877028942108154,2.4561197970760986,1,1,4,0,0,dirichlet_a1.0,43,full_sign_flip,norm,B_iid_transfer_frozen,0.012898845250272921
3,0.08245125412940979,2.1877028942108154,2.538304304005578,1,1,4,0,0,dirichlet_a1.0,43,full_sign_flip,norm,B_iid_transfer_frozen,0.012898845250272921
4,0.08245125412940979,2.1877028942108154,2.4450027600396425,1,1,4,0,0,dirichlet_a1.0,43,full_sign_flip,norm,B_iid_transfer_frozen,0.012898845250272921
5,0.08245125412940979,2.1877028942108154,2.255456504994072,1,1,4,0,0,dirichlet_a1.0,43,full_sign_flip,norm,B_iid_transfer_frozen,0.012898845250272921
0,0.1564066857099533,2.184565782546997,2.7524189789546654,0,0,0,5,0,dirichlet_a1.0,43,full_sign_flip,cosine,A_condition_specific_oracle,-0.19257311127255258
1,0.17089137434959412,2.176870584487915,2.7510906299576163,0,0,1,4,0,dirichlet_a1.0,43,full_sign_flip,cosine,A_condition_specific_oracle,-0.19257311127255258
2,0.08245125412940979,2.2005603313446045,2.7840061290189624,1,0,0,4,1,dirichlet_a1.0,43,full_sign_flip,cosine,A_condition_specific_oracle,-0.19257311127255258
3,0.08245125412940979,2.193432331085205,2.7749381349422038,1,1,1,3,0,dirichlet_a1.0,43,full_sign_flip,cosine,A_condition_specific_oracle,-0.19257311127255258
4,0.16908077895641327,2.245427370071411,2.8303656759671867,1,1,0,4,0,dirichlet_a1.0,43,full_sign_flip,cosine,A_condition_specific_oracle,-0.19257311127255258
5,0.08245125412940979,2.1630022525787354,2.8087206840282306,1,1,1,3,0,dirichlet_a1.0,43,full_sign_flip,cosine,A_condition_specific_oracle,-0.19257311127255258
0,0.08245125412940979,2.1877028942108154,2.8706130849896,0,0,5,0,0,dirichlet_a1.0,43,full_sign_flip,cosine,B_iid_transfer_frozen,0.8690693731871779
1,0.08245125412940979,2.1877028942108154,2.792736586998217,0,0,5,0,0,dirichlet_a1.0,43,full_sign_flip,cosine,B_iid_transfer_frozen,0.8690693731871779
2,0.08245125412940979,2.1877028942108154,2.7396514150314033,1,1,4,0,0,dirichlet_a1.0,43,full_sign_flip,cosine,B_iid_transfer_frozen,0.8690693731871779
3,0.08245125412940979,2.1877028942108154,2.754780414979905,1,1,4,0,0,dirichlet_a1.0,43,full_sign_flip,cosine,B_iid_transfer_frozen,0.8690693731871779
4,0.08245125412940979,2.1877028942108154,2.4311350929783657,1,1,4,0,0,dirichlet_a1.0,43,full_sign_flip,cosine,B_iid_transfer_frozen,0.8690693731871779
5,0.08245125412940979,2.1877028942108154,2.7209737160010263,1,1,4,0,0,dirichlet_a1.0,43,full_sign_flip,cosine,B_iid_transfer_frozen,0.8690693731871779
0,0.1561281383037567,2.184561252593994,2.425217477953993,0,0,0,5,0,dirichlet_a1.0,43,full_sign_flip,sign_consensus,A_condition_specific_oracle,0.421309834164329
1,0.1717270165681839,2.2244811058044434,2.427737117977813,0,0,0,5,0,dirichlet_a1.0,43,full_sign_flip,sign_consensus,A_condition_specific_oracle,0.421309834164329
2,0.08245125412940979,2.259910821914673,2.4282930500339717,1,0,0,4,1,dirichlet_a1.0,43,full_sign_flip,sign_consensus,A_condition_specific_oracle,0.421309834164329
3,0.08245125412940979,2.326463222503662,2.420321190962568,1,0,0,4,1,dirichlet_a1.0,43,full_sign_flip,sign_consensus,A_condition_specific_oracle,0.421309834164329
4,0.1717270165681839,2.2244837284088135,2.4193750539561734,1,1,0,4,0,dirichlet_a1.0,43,full_sign_flip,sign_consensus,A_condition_specific_oracle,0.421309834164329
5,0.08259052783250809,2.2353532314300537,2.4197152899578214,1,0,0,4,1,dirichlet_a1.0,43,full_sign_flip,sign_consensus,A_condition_specific_oracle,0.421309834164329
0,0.1562674194574356,2.1845593452453613,2.4176446750061586,0,0,0,5,0,dirichlet_a1.0,43,full_sign_flip,sign_consensus,B_iid_transfer_frozen,0.5656118467693558
1,0.1717270165681839,2.22450852394104,2.4232171620242298,0,0,0,5,0,dirichlet_a1.0,43,full_sign_flip,sign_consensus,B_iid_transfer_frozen,0.5656118467693558
2,0.13593314588069916,2.2472195625305176,2.4534178259782493,1,1,0,4,0,dirichlet_a1.0,43,full_sign_flip,sign_consensus,B_iid_transfer_frozen,0.5656118467693558
3,0.08245125412940979,2.2866058349609375,2.505392467021011,1,1,0,4,0,dirichlet_a1.0,43,full_sign_flip,sign_consensus,B_iid_transfer_frozen,0.5656118467693558
4,0.1717270165681839,2.2252650260925293,2.4596119329798967,1,1,0,4,0,dirichlet_a1.0,43,full_sign_flip,sign_consensus,B_iid_transfer_frozen,0.5656118467693558
5,0.16573816537857056,2.173170566558838,2.436536564026028,1,1,0,4,0,dirichlet_a1.0,43,full_sign_flip,sign_consensus,B_iid_transfer_frozen,0.5656118467693558
0,0.1713092029094696,2.177055835723877,2.427181925973855,0,,,,,dirichlet_a1.0,43,full_sign_flip,median,not_applicable,
1,0.1717270165681839,2.1940393447875977,2.4245286530349404,0,,,,,dirichlet_a1.0,43,full_sign_flip,median,not_applicable,
2,0.08245125412940979,2.225576400756836,2.4294212670065463,1,,,,,dirichlet_a1.0,43,full_sign_flip,median,not_applicable,
3,0.08245125412940979,2.2675275802612305,2.436460138997063,1,,,,,dirichlet_a1.0,43,full_sign_flip,median,not_applicable,
4,0.1525069624185562,2.244962692260742,2.4499073980841786,1,,,,,dirichlet_a1.0,43,full_sign_flip,median,not_applicable,
5,0.08245125412940979,2.263420343399048,2.4179783220170066,1,,,,,dirichlet_a1.0,43,full_sign_flip,median,not_applicable,
0,0.08245125412940979,2.171874761581421,2.3808763179695234,0,,,,,dirichlet_a1.0,43,full_sign_flip,multi_krum,not_applicable,
1,0.1717270165681839,2.2621142864227295,2.2665990020614117,0,,,,,dirichlet_a1.0,43,full_sign_flip,multi_krum,not_applicable,
2,0.23342618346214294,2.327387809753418,2.4537368739256635,1,,,,,dirichlet_a1.0,43,full_sign_flip,multi_krum,not_applicable,
3,0.08245125412940979,2.2728753089904785,2.490421078982763,1,,,,,dirichlet_a1.0,43,full_sign_flip,multi_krum,not_applicable,
4,0.1717270165681839,2.2262377738952637,2.494669247069396,1,,,,,dirichlet_a1.0,43,full_sign_flip,multi_krum,not_applicable,
5,0.17423398792743683,2.365626096725464,2.5581920039840043,1,,,,,dirichlet_a1.0,43,full_sign_flip,multi_krum,not_applicable,
0,0.1562674194574356,2.1845624446868896,2.5145130320452154,0,,,,,dirichlet_a1.0,43,directional_poisoning,fedavg,not_applicable,
1,0.1717270165681839,2.2244927883148193,2.4948933040723205,0,,,,,dirichlet_a1.0,43,directional_poisoning,fedavg,not_applicable,
2,0.08245125412940979,2.2600269317626953,2.530588136985898,1,,,,,dirichlet_a1.0,43,directional_poisoning,fedavg,not_applicable,
3,0.08245125412940979,2.3266284465789795,2.376013500033878,1,,,,,dirichlet_a1.0,43,directional_poisoning,fedavg,not_applicable,
4,0.08245125412940979,2.2965338230133057,2.501197609002702,1,,,,,dirichlet_a1.0,43,directional_poisoning,fedavg,not_applicable,
5,0.08245125412940979,2.278667449951172,2.45926967903506,1,,,,,dirichlet_a1.0,43,directional_poisoning,fedavg,not_applicable,
0,0.08245125412940979,2.1877028942108154,2.4402470430359244,0,0,5,0,0,dirichlet_a1.0,43,directional_poisoning,norm,A_condition_specific_oracle,0.061532254763599054
1,0.08245125412940979,2.1877028942108154,2.4685790250077844,0,0,5,0,0,dirichlet_a1.0,43,directional_poisoning,norm,A_condition_specific_oracle,0.061532254763599054
2,0.08245125412940979,2.1877028942108154,2.4550079728942364,1,1,4,0,0,dirichlet_a1.0,43,directional_poisoning,norm,A_condition_specific_oracle,0.061532254763599054
3,0.08245125412940979,2.1877028942108154,2.4875839300220832,1,1,4,0,0,dirichlet_a1.0,43,directional_poisoning,norm,A_condition_specific_oracle,0.061532254763599054
4,0.08245125412940979,2.1877028942108154,2.461138600949198,1,1,4,0,0,dirichlet_a1.0,43,directional_poisoning,norm,A_condition_specific_oracle,0.061532254763599054
5,0.08245125412940979,2.1877028942108154,2.2698861049721017,1,1,4,0,0,dirichlet_a1.0,43,directional_poisoning,norm,A_condition_specific_oracle,0.061532254763599054
0,0.08245125412940979,2.1877028942108154,2.4171905929688364,0,0,5,0,0,dirichlet_a1.0,43,directional_poisoning,norm,B_iid_transfer_frozen,0.012898845250272921
1,0.08245125412940979,2.1877028942108154,2.455461295088753,0,0,5,0,0,dirichlet_a1.0,43,directional_poisoning,norm,B_iid_transfer_frozen,0.012898845250272921
2,0.08245125412940979,2.1877028942108154,2.4939929679967463,1,1,4,0,0,dirichlet_a1.0,43,directional_poisoning,norm,B_iid_transfer_frozen,0.012898845250272921
3,0.08245125412940979,2.1877028942108154,2.494939410011284,1,1,4,0,0,dirichlet_a1.0,43,directional_poisoning,norm,B_iid_transfer_frozen,0.012898845250272921
4,0.08245125412940979,2.1877028942108154,2.447395681985654,1,1,4,0,0,dirichlet_a1.0,43,directional_poisoning,norm,B_iid_transfer_frozen,0.012898845250272921
5,0.08245125412940979,2.1877028942108154,2.4803878780221567,1,1,4,0,0,dirichlet_a1.0,43,directional_poisoning,norm,B_iid_transfer_frozen,0.012898845250272921
0,0.1561281383037567,2.1845719814300537,2.7119151880033314,0,0,0,5,0,dirichlet_a1.0,43,directional_poisoning,cosine,A_condition_specific_oracle,-0.19257311127255258
1,0.16963788866996765,2.1770641803741455,2.700653546024114,0,0,1,4,0,dirichlet_a1.0,43,directional_poisoning,cosine,A_condition_specific_oracle,-0.19257311127255258
2,0.08245125412940979,2.200805425643921,2.7381963720545173,1,0,0,4,1,dirichlet_a1.0,43,directional_poisoning,cosine,A_condition_specific_oracle,-0.19257311127255258
3,0.08245125412940979,2.193185806274414,2.797794423997402,1,1,1,3,0,dirichlet_a1.0,43,directional_poisoning,cosine,A_condition_specific_oracle,-0.19257311127255258
4,0.16908077895641327,2.245368003845215,2.6880473899655044,1,1,0,4,0,dirichlet_a1.0,43,directional_poisoning,cosine,A_condition_specific_oracle,-0.19257311127255258
5,0.08245125412940979,2.1630775928497314,2.700151214026846,1,1,1,3,0,dirichlet_a1.0,43,directional_poisoning,cosine,A_condition_specific_oracle,-0.19257311127255258
0,0.08245125412940979,2.1877028942108154,2.647306752973236,0,0,5,0,0,dirichlet_a1.0,43,directional_poisoning,cosine,B_iid_transfer_frozen,0.8690693731871779
1,0.08245125412940979,2.1877028942108154,2.687153153005056,0,0,5,0,0,dirichlet_a1.0,43,directional_poisoning,cosine,B_iid_transfer_frozen,0.8690693731871779
2,0.08245125412940979,2.1877028942108154,2.6754405410028994,1,1,4,0,0,dirichlet_a1.0,43,directional_poisoning,cosine,B_iid_transfer_frozen,0.8690693731871779
3,0.08245125412940979,2.1877028942108154,2.698093426064588,1,1,4,0,0,dirichlet_a1.0,43,directional_poisoning,cosine,B_iid_transfer_frozen,0.8690693731871779
4,0.08245125412940979,2.1877028942108154,2.5539983470225707,1,1,4,0,0,dirichlet_a1.0,43,directional_poisoning,cosine,B_iid_transfer_frozen,0.8690693731871779
5,0.08245125412940979,2.1877028942108154,2.703116054995917,1,1,4,0,0,dirichlet_a1.0,43,directional_poisoning,cosine,B_iid_transfer_frozen,0.8690693731871779
0,0.1562674194574356,2.1845624446868896,2.399907527025789,0,0,0,5,0,dirichlet_a1.0,43,directional_poisoning,sign_consensus,A_condition_specific_oracle,0.421309834164329
1,0.1717270165681839,2.224480390548706,2.3967870849883184,0,0,0,5,0,dirichlet_a1.0,43,directional_poisoning,sign_consensus,A_condition_specific_oracle,0.421309834164329
2,0.08245125412940979,2.259876012802124,2.4307792319450527,1,0,0,4,1,dirichlet_a1.0,43,directional_poisoning,sign_consensus,A_condition_specific_oracle,0.421309834164329
3,0.08245125412940979,2.3263790607452393,2.472180012962781,1,0,0,4,1,dirichlet_a1.0,43,directional_poisoning,sign_consensus,A_condition_specific_oracle,0.421309834164329
4,0.1717270165681839,2.2244889736175537,2.590780057013035,1,1,0,4,0,dirichlet_a1.0,43,directional_poisoning,sign_consensus,A_condition_specific_oracle,0.421309834164329
5,0.08245125412940979,2.2353477478027344,2.5037287520244718,1,0,0,4,1,dirichlet_a1.0,43,directional_poisoning,sign_consensus,A_condition_specific_oracle,0.421309834164329
0,0.1561281383037567,2.1845645904541016,2.5326468319399282,0,0,0,5,0,dirichlet_a1.0,43,directional_poisoning,sign_consensus,B_iid_transfer_frozen,0.5656118467693558
1,0.1717270165681839,2.224443197250366,2.47716007695999,0,0,0,5,0,dirichlet_a1.0,43,directional_poisoning,sign_consensus,B_iid_transfer_frozen,0.5656118467693558
2,0.13537605106830597,2.2472221851348877,2.5397594820242375,1,1,0,4,0,dirichlet_a1.0,43,directional_poisoning,sign_consensus,B_iid_transfer_frozen,0.5656118467693558
3,0.08245125412940979,2.28621768951416,2.535617674002424,1,1,0,4,0,dirichlet_a1.0,43,directional_poisoning,sign_consensus,B_iid_transfer_frozen,0.5656118467693558
4,0.1717270165681839,2.2253193855285645,2.4687271820148453,1,1,0,4,0,dirichlet_a1.0,43,directional_poisoning,sign_consensus,B_iid_transfer_frozen,0.5656118467693558
5,0.16587744653224945,2.1732699871063232,2.4783737200777978,1,1,0,4,0,dirichlet_a1.0,43,directional_poisoning,sign_consensus,B_iid_transfer_frozen,0.5656118467693558
0,0.1713092029094696,2.177051544189453,2.480233656009659,0,,,,,dirichlet_a1.0,43,directional_poisoning,median,not_applicable,
1,0.1717270165681839,2.1940865516662598,2.487117487937212,0,,,,,dirichlet_a1.0,43,directional_poisoning,median,not_applicable,
2,0.08245125412940979,2.2249081134796143,2.4717177590355277,1,,,,,dirichlet_a1.0,43,directional_poisoning,median,not_applicable,
3,0.08245125412940979,2.266719341278076,2.426977662020363,1,,,,,dirichlet_a1.0,43,directional_poisoning,median,not_applicable,
4,0.14470753073692322,2.240133285522461,2.3545417609857395,1,,,,,dirichlet_a1.0,43,directional_poisoning,median,not_applicable,
5,0.08245125412940979,2.261963367462158,2.5025909369578585,1,,,,,dirichlet_a1.0,43,directional_poisoning,median,not_applicable,
0,0.08245125412940979,2.1718854904174805,2.5144805079326034,0,,,,,dirichlet_a1.0,43,directional_poisoning,multi_krum,not_applicable,
1,0.1717270165681839,2.2621266841888428,2.6385520049370825,0,,,,,dirichlet_a1.0,43,directional_poisoning,multi_krum,not_applicable,
2,0.23384401202201843,2.3274900913238525,2.75425501994323,1,,,,,dirichlet_a1.0,43,directional_poisoning,multi_krum,not_applicable,
3,0.08245125412940979,2.273470401763916,2.471374745015055,1,,,,,dirichlet_a1.0,43,directional_poisoning,multi_krum,not_applicable,
4,0.1717270165681839,2.226569652557373,2.5461114370264113,1,,,,,dirichlet_a1.0,43,directional_poisoning,multi_krum,not_applicable,
5,0.17660167813301086,2.36580753326416,2.445592810981907,1,,,,,dirichlet_a1.0,43,directional_poisoning,multi_krum,not_applicable,
0,0.1564066857099533,2.1845598220825195,2.4447152219945565,0,,,,,dirichlet_a1.0,43,sparse_coordinate_attack,fedavg,not_applicable,
1,0.1717270165681839,2.2245240211486816,2.562508102040738,0,,,,,dirichlet_a1.0,43,sparse_coordinate_attack,fedavg,not_applicable,
2,0.1452646255493164,2.333930015563965,2.600700272945687,1,,,,,dirichlet_a1.0,43,sparse_coordinate_attack,fedavg,not_applicable,
3,0.08885794132947922,2.220005750656128,2.42976454005111,1,,,,,dirichlet_a1.0,43,sparse_coordinate_attack,fedavg,not_applicable,
4,0.15877437591552734,2.279097080230713,2.4601626329822466,1,,,,,dirichlet_a1.0,43,sparse_coordinate_attack,fedavg,not_applicable,
5,0.08245125412940979,2.3692760467529297,2.5123514640145004,1,,,,,dirichlet_a1.0,43,sparse_coordinate_attack,fedavg,not_applicable,
0,0.08245125412940979,2.1877028942108154,2.4714523339644074,0,0,5,0,0,dirichlet_a1.0,43,sparse_coordinate_attack,norm,A_condition_specific_oracle,0.061532254763599054
1,0.08245125412940979,2.1877028942108154,2.517911425093189,0,0,5,0,0,dirichlet_a1.0,43,sparse_coordinate_attack,norm,A_condition_specific_oracle,0.061532254763599054
2,0.08245125412940979,2.1877028942108154,2.6753343449672684,1,1,4,0,0,dirichlet_a1.0,43,sparse_coordinate_attack,norm,A_condition_specific_oracle,0.061532254763599054
3,0.08245125412940979,2.1877028942108154,2.486626600031741,1,1,4,0,0,dirichlet_a1.0,43,sparse_coordinate_attack,norm,A_condition_specific_oracle,0.061532254763599054
4,0.08245125412940979,2.1877028942108154,2.660999435931444,1,1,4,0,0,dirichlet_a1.0,43,sparse_coordinate_attack,norm,A_condition_specific_oracle,0.061532254763599054
5,0.08245125412940979,2.1877028942108154,2.5452822140650824,1,1,4,0,0,dirichlet_a1.0,43,sparse_coordinate_attack,norm,A_condition_specific_oracle,0.061532254763599054
0,0.08245125412940979,2.1877028942108154,2.5044581439578906,0,0,5,0,0,dirichlet_a1.0,43,sparse_coordinate_attack,norm,B_iid_transfer_frozen,0.012898845250272921
1,0.08245125412940979,2.1877028942108154,2.6250589069677517,0,0,5,0,0,dirichlet_a1.0,43,sparse_coordinate_attack,norm,B_iid_transfer_frozen,0.012898845250272921
2,0.08245125412940979,2.1877028942108154,2.5046044030459598,1,1,4,0,0,dirichlet_a1.0,43,sparse_coordinate_attack,norm,B_iid_transfer_frozen,0.012898845250272921
3,0.08245125412940979,2.1877028942108154,2.524187075905502,1,1,4,0,0,dirichlet_a1.0,43,sparse_coordinate_attack,norm,B_iid_transfer_frozen,0.012898845250272921
4,0.08245125412940979,2.1877028942108154,2.504020364023745,1,1,4,0,0,dirichlet_a1.0,43,sparse_coordinate_attack,norm,B_iid_transfer_frozen,0.012898845250272921
5,0.08245125412940979,2.1877028942108154,2.447976174997166,1,1,4,0,0,dirichlet_a1.0,43,sparse_coordinate_attack,norm,B_iid_transfer_frozen,0.012898845250272921
0,0.1561281383037567,2.184563636779785,2.7227176760789007,0,0,0,5,0,dirichlet_a1.0,43,sparse_coordinate_attack,cosine,A_condition_specific_oracle,-0.19257311127255258
1,0.16963788866996765,2.1770951747894287,2.9885822110809386,0,0,1,4,0,dirichlet_a1.0,43,sparse_coordinate_attack,cosine,A_condition_specific_oracle,-0.19257311127255258
2,0.1717270165681839,2.2043678760528564,2.9800091839861125,1,0,0,4,1,dirichlet_a1.0,43,sparse_coordinate_attack,cosine,A_condition_specific_oracle,-0.19257311127255258
3,0.05863510072231293,2.2263176441192627,2.792171211098321,1,0,1,3,1,dirichlet_a1.0,43,sparse_coordinate_attack,cosine,A_condition_specific_oracle,-0.19257311127255258
4,0.0820334255695343,2.3677353858947754,2.720829064026475,1,0,0,4,1,dirichlet_a1.0,43,sparse_coordinate_attack,cosine,A_condition_specific_oracle,-0.19257311127255258
5,0.11824512481689453,2.5787644386291504,2.710672225104645,1,0,0,4,1,dirichlet_a1.0,43,sparse_coordinate_attack,cosine,A_condition_specific_oracle,-0.19257311127255258
0,0.08245125412940979,2.1877028942108154,2.7360114889452234,0,0,5,0,0,dirichlet_a1.0,43,sparse_coordinate_attack,cosine,B_iid_transfer_frozen,0.8690693731871779
1,0.08245125412940979,2.1877028942108154,2.7979351760586724,0,0,5,0,0,dirichlet_a1.0,43,sparse_coordinate_attack,cosine,B_iid_transfer_frozen,0.8690693731871779
2,0.08245125412940979,2.1877028942108154,2.718971265014261,1,1,4,0,0,dirichlet_a1.0,43,sparse_coordinate_attack,cosine,B_iid_transfer_frozen,0.8690693731871779
3,0.08245125412940979,2.1877028942108154,2.787935334024951,1,1,4,0,0,dirichlet_a1.0,43,sparse_coordinate_attack,cosine,B_iid_transfer_frozen,0.8690693731871779
4,0.08245125412940979,2.1877028942108154,2.857488823006861,1,1,4,0,0,dirichlet_a1.0,43,sparse_coordinate_attack,cosine,B_iid_transfer_frozen,0.8690693731871779
5,0.08245125412940979,2.1877028942108154,2.6766552559565753,1,1,4,0,0,dirichlet_a1.0,43,sparse_coordinate_attack,cosine,B_iid_transfer_frozen,0.8690693731871779
0,0.1561281383037567,2.1845669746398926,2.4392076269723475,0,0,0,5,0,dirichlet_a1.0,43,sparse_coordinate_attack,sign_consensus,A_condition_specific_oracle,0.421309834164329
1,0.1717270165681839,2.224318742752075,2.612480780109763,0,0,0,5,0,dirichlet_a1.0,43,sparse_coordinate_attack,sign_consensus,A_condition_specific_oracle,0.421309834164329
2,0.1717270165681839,2.225003719329834,2.508526491932571,1,1,0,4,0,dirichlet_a1.0,43,sparse_coordinate_attack,sign_consensus,A_condition_specific_oracle,0.421309834164329
3,0.16922006011009216,2.171356201171875,2.4933319749543443,1,1,0,4,0,dirichlet_a1.0,43,sparse_coordinate_attack,sign_consensus,A_condition_specific_oracle,0.421309834164329
4,0.1717270165681839,2.2343294620513916,2.5159194139996544,1,1,0,4,0,dirichlet_a1.0,43,sparse_coordinate_attack,sign_consensus,A_condition_specific_oracle,0.421309834164329
5,0.1717270165681839,2.165827989578247,2.486444124020636,1,1,0,4,0,dirichlet_a1.0,43,sparse_coordinate_attack,sign_consensus,A_condition_specific_oracle,0.421309834164329
0,0.1564066857099533,2.1845717430114746,2.436397958896123,0,0,0,5,0,dirichlet_a1.0,43,sparse_coordinate_attack,sign_consensus,B_iid_transfer_frozen,0.5656118467693558
1,0.1717270165681839,2.2245047092437744,2.4064438770292327,0,0,0,5,0,dirichlet_a1.0,43,sparse_coordinate_attack,sign_consensus,B_iid_transfer_frozen,0.5656118467693558
2,0.1717270165681839,2.225076913833618,2.4160834760405123,1,1,0,4,0,dirichlet_a1.0,43,sparse_coordinate_attack,sign_consensus,B_iid_transfer_frozen,0.5656118467693558
3,0.16949860751628876,2.1723334789276123,2.424079391057603,1,1,0,4,0,dirichlet_a1.0,43,sparse_coordinate_attack,sign_consensus,B_iid_transfer_frozen,0.5656118467693558
4,0.1717270165681839,2.2341997623443604,2.4472693389980122,1,1,0,4,0,dirichlet_a1.0,43,sparse_coordinate_attack,sign_consensus,B_iid_transfer_frozen,0.5656118467693558
5,0.1717270165681839,2.1659111976623535,2.410504115978256,1,1,0,4,0,dirichlet_a1.0,43,sparse_coordinate_attack,sign_consensus,B_iid_transfer_frozen,0.5656118467693558
0,0.1713092029094696,2.1770620346069336,2.3772684880532324,0,,,,,dirichlet_a1.0,43,sparse_coordinate_attack,median,not_applicable,
1,0.1717270165681839,2.193967580795288,2.3933428620221093,0,,,,,dirichlet_a1.0,43,sparse_coordinate_attack,median,not_applicable,
2,0.1717270165681839,2.192420244216919,2.457380439969711,1,,,,,dirichlet_a1.0,43,sparse_coordinate_attack,median,not_applicable,
3,0.1717270165681839,2.1698250770568848,2.449544792994857,1,,,,,dirichlet_a1.0,43,sparse_coordinate_attack,median,not_applicable,
4,0.1717270165681839,2.192466974258423,2.542498169001192,1,,,,,dirichlet_a1.0,43,sparse_coordinate_attack,median,not_applicable,
5,0.1717270165681839,2.2073419094085693,2.4568781199632213,1,,,,,dirichlet_a1.0,43,sparse_coordinate_attack,median,not_applicable,
0,0.08245125412940979,2.1718802452087402,2.445324562024325,0,,,,,dirichlet_a1.0,43,sparse_coordinate_attack,multi_krum,not_applicable,
1,0.1717270165681839,2.262119770050049,2.4206406340235844,0,,,,,dirichlet_a1.0,43,sparse_coordinate_attack,multi_krum,not_applicable,
2,0.1717270165681839,2.2226483821868896,2.459136542980559,1,,,,,dirichlet_a1.0,43,sparse_coordinate_attack,multi_krum,not_applicable,
3,0.17061281204223633,2.1698625087738037,2.53114860097412,1,,,,,dirichlet_a1.0,43,sparse_coordinate_attack,multi_krum,not_applicable,
4,0.1717270165681839,2.234999895095825,2.417928338982165,1,,,,,dirichlet_a1.0,43,sparse_coordinate_attack,multi_krum,not_applicable,
5,0.1717270165681839,2.1619784832000732,2.5329806549707428,1,,,,,dirichlet_a1.0,43,sparse_coordinate_attack,multi_krum,not_applicable,
0,0.16685236990451813,2.1866254806518555,2.5181057390291244,0,,,,,dirichlet_a1.0,44,no_attack,fedavg,not_applicable,
1,0.25849583745002747,2.1777689456939697,2.536821846035309,0,,,,,dirichlet_a1.0,44,no_attack,fedavg,not_applicable,
2,0.2242339849472046,2.1696836948394775,2.5990296070231125,1,,,,,dirichlet_a1.0,44,no_attack,fedavg,not_applicable,
3,0.3160167336463928,2.1742451190948486,2.5098867499036714,1,,,,,dirichlet_a1.0,44,no_attack,fedavg,not_applicable,
4,0.2201949954032898,2.161787509918213,2.4464546769158915,1,,,,,dirichlet_a1.0,44,no_attack,fedavg,not_applicable,
5,0.19289694726467133,2.1525137424468994,2.4931107739685103,1,,,,,dirichlet_a1.0,44,no_attack,fedavg,not_applicable,
0,0.08147632330656052,2.1977293491363525,2.5819075299659744,0,0,5,0,0,dirichlet_a1.0,44,no_attack,norm,A_condition_specific_oracle,0.061532254763599054
1,0.08147632330656052,2.1977293491363525,2.5860173429828137,0,0,5,0,0,dirichlet_a1.0,44,no_attack,norm,A_condition_specific_oracle,0.061532254763599054
2,0.08147632330656052,2.1977293491363525,2.72772491897922,1,1,4,0,0,dirichlet_a1.0,44,no_attack,norm,A_condition_specific_oracle,0.061532254763599054
3,0.08147632330656052,2.1977293491363525,2.6003768369555473,1,1,4,0,0,dirichlet_a1.0,44,no_attack,norm,A_condition_specific_oracle,0.061532254763599054
4,0.08147632330656052,2.1977293491363525,2.5650204620324075,1,1,4,0,0,dirichlet_a1.0,44,no_attack,norm,A_condition_specific_oracle,0.061532254763599054
5,0.08147632330656052,2.1977293491363525,2.438658858067356,1,1,4,0,0,dirichlet_a1.0,44,no_attack,norm,A_condition_specific_oracle,0.061532254763599054
0,0.08147632330656052,2.1977293491363525,2.664800414000638,0,0,5,0,0,dirichlet_a1.0,44,no_attack,norm,B_iid_transfer_frozen,0.012898845250272921
1,0.08147632330656052,2.1977293491363525,2.6362699969904497,0,0,5,0,0,dirichlet_a1.0,44,no_attack,norm,B_iid_transfer_frozen,0.012898845250272921
2,0.08147632330656052,2.1977293491363525,2.5882467390038073,1,1,4,0,0,dirichlet_a1.0,44,no_attack,norm,B_iid_transfer_frozen,0.012898845250272921
3,0.08147632330656052,2.1977293491363525,2.5797583860112354,1,1,4,0,0,dirichlet_a1.0,44,no_attack,norm,B_iid_transfer_frozen,0.012898845250272921
4,0.08147632330656052,2.1977293491363525,2.542399019934237,1,1,4,0,0,dirichlet_a1.0,44,no_attack,norm,B_iid_transfer_frozen,0.012898845250272921
5,0.08147632330656052,2.1977293491363525,2.6125495289452374,1,1,4,0,0,dirichlet_a1.0,44,no_attack,norm,B_iid_transfer_frozen,0.012898845250272921
0,0.16504178941249847,2.1866328716278076,2.9066059989854693,0,0,0,5,0,dirichlet_a1.0,44,no_attack,cosine,A_condition_specific_oracle,-0.19257311127255258
1,0.1715877503156662,2.205326557159424,2.933830054011196,0,0,1,4,0,dirichlet_a1.0,44,no_attack,cosine,A_condition_specific_oracle,-0.19257311127255258
2,0.19345404207706451,2.1673877239227295,2.9628099909750745,1,1,1,3,0,dirichlet_a1.0,44,no_attack,cosine,A_condition_specific_oracle,-0.19257311127255258
3,0.1717270165681839,2.1802971363067627,2.8333396690431982,1,0,1,3,1,dirichlet_a1.0,44,no_attack,cosine,A_condition_specific_oracle,-0.19257311127255258
4,0.26671311259269714,2.163691520690918,2.715123131056316,1,0,0,4,1,dirichlet_a1.0,44,no_attack,cosine,A_condition_specific_oracle,-0.19257311127255258
5,0.1717270165681839,2.1747729778289795,2.747387418989092,1,0,1,3,1,dirichlet_a1.0,44,no_attack,cosine,A_condition_specific_oracle,-0.19257311127255258
0,0.08147632330656052,2.1977293491363525,2.6845335820689797,0,0,5,0,0,dirichlet_a1.0,44,no_attack,cosine,B_iid_transfer_frozen,0.8690693731871779
1,0.08147632330656052,2.1977293491363525,2.8979539070278406,0,0,5,0,0,dirichlet_a1.0,44,no_attack,cosine,B_iid_transfer_frozen,0.8690693731871779
2,0.08147632330656052,2.1977293491363525,2.8545550419948995,1,1,4,0,0,dirichlet_a1.0,44,no_attack,cosine,B_iid_transfer_frozen,0.8690693731871779
3,0.08147632330656052,2.1977293491363525,2.8644653029041365,1,1,4,0,0,dirichlet_a1.0,44,no_attack,cosine,B_iid_transfer_frozen,0.8690693731871779
4,0.08147632330656052,2.1977293491363525,2.755714630940929,1,1,4,0,0,dirichlet_a1.0,44,no_attack,cosine,B_iid_transfer_frozen,0.8690693731871779
5,0.08147632330656052,2.1977293491363525,2.5734816999174654,1,1,4,0,0,dirichlet_a1.0,44,no_attack,cosine,B_iid_transfer_frozen,0.8690693731871779
0,0.16615599393844604,2.186622142791748,2.454524653032422,0,0,0,5,0,dirichlet_a1.0,44,no_attack,sign_consensus,A_condition_specific_oracle,0.421309834164329
1,0.2576601803302765,2.177708625793457,2.6365668800426647,0,0,0,5,0,dirichlet_a1.0,44,no_attack,sign_consensus,A_condition_specific_oracle,0.421309834164329
2,0.22437326610088348,2.169684648513794,2.5644855509744957,1,0,0,4,1,dirichlet_a1.0,44,no_attack,sign_consensus,A_condition_specific_oracle,0.421309834164329
3,0.3164345622062683,2.1742029190063477,2.609303593984805,1,0,0,4,1,dirichlet_a1.0,44,no_attack,sign_consensus,A_condition_specific_oracle,0.421309834164329
4,0.21699164807796478,2.1618940830230713,2.515367963933386,1,0,0,4,1,dirichlet_a1.0,44,no_attack,sign_consensus,A_condition_specific_oracle,0.421309834164329
5,0.19289694726467133,2.152482032775879,2.468143182923086,1,0,0,4,1,dirichlet_a1.0,44,no_attack,sign_consensus,A_condition_specific_oracle,0.421309834164329
0,0.08245125412940979,2.197611093521118,2.4139748129528016,0,0,1,4,0,dirichlet_a1.0,44,no_attack,sign_consensus,B_iid_transfer_frozen,0.5656118467693558
1,0.1863509863615036,2.152898073196411,2.441560215083882,0,0,1,4,0,dirichlet_a1.0,44,no_attack,sign_consensus,B_iid_transfer_frozen,0.5656118467693558
2,0.19289694726467133,2.1658565998077393,2.4308360379654914,1,0,0,4,1,dirichlet_a1.0,44,no_attack,sign_consensus,B_iid_transfer_frozen,0.5656118467693558
3,0.1863509863615036,2.1502132415771484,2.4192171590402722,1,1,0,4,0,dirichlet_a1.0,44,no_attack,sign_consensus,B_iid_transfer_frozen,0.5656118467693558
4,0.20974931120872498,2.158555269241333,2.442883769981563,1,0,0,4,1,dirichlet_a1.0,44,no_attack,sign_consensus,B_iid_transfer_frozen,0.5656118467693558
5,0.19275766611099243,2.1503522396087646,2.4307012519566342,1,0,0,4,1,dirichlet_a1.0,44,no_attack,sign_consensus,B_iid_transfer_frozen,0.5656118467693558
0,0.21350975334644318,2.1852071285247803,2.327819272992201,0,,,,,dirichlet_a1.0,44,no_attack,median,not_applicable,
1,0.23328691720962524,2.1951212882995605,2.455566374002956,0,,,,,dirichlet_a1.0,44,no_attack,median,not_applicable,
2,0.2501392960548401,2.216071367263794,2.538216512068175,1,,,,,dirichlet_a1.0,44,no_attack,median,not_applicable,
3,0.2270195037126541,2.2331106662750244,2.4561515990644693,1,,,,,dirichlet_a1.0,44,no_attack,median,not_applicable,
4,0.2125348299741745,2.23179292678833,2.4129505229648203,1,,,,,dirichlet_a1.0,44,no_attack,median,not_applicable,
5,0.26002785563468933,2.2307119369506836,2.4267715689493343,1,,,,,dirichlet_a1.0,44,no_attack,median,not_applicable,
0,0.1863509863615036,2.1952216625213623,2.424623910919763,0,,,,,dirichlet_a1.0,44,no_attack,multi_krum,not_applicable,
1,0.05863510072231293,2.2073147296905518,2.663735290057957,0,,,,,dirichlet_a1.0,44,no_attack,multi_krum,not_applicable,
2,0.06309192627668381,2.2080531120300293,2.6434832690283656,1,,,,,dirichlet_a1.0,44,no_attack,multi_krum,not_applicable,
3,0.05863510072231293,2.21052885055542,2.559302211040631,1,,,,,dirichlet_a1.0,44,no_attack,multi_krum,not_applicable,
4,0.22506964206695557,2.198892593383789,2.6748389990534633,1,,,,,dirichlet_a1.0,44,no_attack,multi_krum,not_applicable,
5,0.21058496832847595,2.189262866973877,2.5422197820153087,1,,,,,dirichlet_a1.0,44,no_attack,multi_krum,not_applicable,
0,0.16643454134464264,2.186619281768799,2.548380858032033,0,,,,,dirichlet_a1.0,44,large_norm,fedavg,not_applicable,
1,0.25863510370254517,2.1777968406677246,2.589522258960642,0,,,,,dirichlet_a1.0,44,large_norm,fedavg,not_applicable,
2,0.08245125412940979,130258944.0,2.540247918921523,1,,,,,dirichlet_a1.0,44,large_norm,fedavg,not_applicable,
3,0.1863509863615036,nan,2.5685500559629872,1,,,,,dirichlet_a1.0,44,large_norm,fedavg,not_applicable,
4,0.1863509863615036,nan,2.6201918870210648,1,,,,,dirichlet_a1.0,44,large_norm,fedavg,not_applicable,
5,0.1863509863615036,nan,2.5692576200235635,1,,,,,dirichlet_a1.0,44,large_norm,fedavg,not_applicable,
0,0.08147632330656052,2.1977293491363525,2.3948344140080735,0,0,5,0,0,dirichlet_a1.0,44,large_norm,norm,A_condition_specific_oracle,0.061532254763599054
1,0.08147632330656052,2.1977293491363525,2.4220877119805664,0,0,5,0,0,dirichlet_a1.0,44,large_norm,norm,A_condition_specific_oracle,0.061532254763599054
2,0.08147632330656052,2.1977293491363525,2.438504967954941,1,1,4,0,0,dirichlet_a1.0,44,large_norm,norm,A_condition_specific_oracle,0.061532254763599054
3,0.08147632330656052,2.1977293491363525,2.4301029660273343,1,1,4,0,0,dirichlet_a1.0,44,large_norm,norm,A_condition_specific_oracle,0.061532254763599054
4,0.08147632330656052,2.1977293491363525,2.5246152359759435,1,1,4,0,0,dirichlet_a1.0,44,large_norm,norm,A_condition_specific_oracle,0.061532254763599054
5,0.08147632330656052,2.1977293491363525,2.557398193050176,1,1,4,0,0,dirichlet_a1.0,44,large_norm,norm,A_condition_specific_oracle,0.061532254763599054
0,0.08147632330656052,2.1977293491363525,2.5762599819572642,0,0,5,0,0,dirichlet_a1.0,44,large_norm,norm,B_iid_transfer_frozen,0.012898845250272921
1,0.08147632330656052,2.1977293491363525,2.5736012359848246,0,0,5,0,0,dirichlet_a1.0,44,large_norm,norm,B_iid_transfer_frozen,0.012898845250272921
2,0.08147632330656052,2.1977293491363525,2.572930227033794,1,1,4,0,0,dirichlet_a1.0,44,large_norm,norm,B_iid_transfer_frozen,0.012898845250272921
3,0.08147632330656052,2.1977293491363525,2.578733067959547,1,1,4,0,0,dirichlet_a1.0,44,large_norm,norm,B_iid_transfer_frozen,0.012898845250272921
4,0.08147632330656052,2.1977293491363525,2.5467182090505958,1,1,4,0,0,dirichlet_a1.0,44,large_norm,norm,B_iid_transfer_frozen,0.012898845250272921
5,0.08147632330656052,2.1977293491363525,2.388005901942961,1,1,4,0,0,dirichlet_a1.0,44,large_norm,norm,B_iid_transfer_frozen,0.012898845250272921
0,0.16894151270389557,2.186612129211426,2.6751535630319268,0,0,0,5,0,dirichlet_a1.0,44,large_norm,cosine,A_condition_specific_oracle,-0.19257311127255258
1,0.1715877503156662,2.2052886486053467,2.8608262080233544,0,0,1,4,0,dirichlet_a1.0,44,large_norm,cosine,A_condition_specific_oracle,-0.19257311127255258
2,0.1940111517906189,177859472.0,2.9106276080710813,1,0,1,3,1,dirichlet_a1.0,44,large_norm,cosine,A_condition_specific_oracle,-0.19257311127255258
3,0.1863509863615036,104137.6796875,2.9617227680282667,1,0,0,4,1,dirichlet_a1.0,44,large_norm,cosine,A_condition_specific_oracle,-0.19257311127255258
4,0.1863509863615036,30392.1875,2.8897325759753585,1,0,0,4,1,dirichlet_a1.0,44,large_norm,cosine,A_condition_specific_oracle,-0.19257311127255258
5,0.1863509863615036,19709.04296875,2.9506746910046786,1,0,0,4,1,dirichlet_a1.0,44,large_norm,cosine,A_condition_specific_oracle,-0.19257311127255258
0,0.08147632330656052,2.1977293491363525,2.880742287961766,0,0,5,0,0,dirichlet_a1.0,44,large_norm,cosine,B_iid_transfer_frozen,0.8690693731871779
1,0.08147632330656052,2.1977293491363525,2.8022859669290483,0,0,5,0,0,dirichlet_a1.0,44,large_norm,cosine,B_iid_transfer_frozen,0.8690693731871779
2,0.08147632330656052,2.1977293491363525,2.680766960955225,1,1,4,0,0,dirichlet_a1.0,44,large_norm,cosine,B_iid_transfer_frozen,0.8690693731871779
3,0.08147632330656052,2.1977293491363525,2.6741044130176306,1,1,4,0,0,dirichlet_a1.0,44,large_norm,cosine,B_iid_transfer_frozen,0.8690693731871779
4,0.08147632330656052,2.1977293491363525,2.7112734660040587,1,1,4,0,0,dirichlet_a1.0,44,large_norm,cosine,B_iid_transfer_frozen,0.8690693731871779
5,0.08147632330656052,2.1977293491363525,2.666556415031664,1,1,4,0,0,dirichlet_a1.0,44,large_norm,cosine,B_iid_transfer_frozen,0.8690693731871779
0,0.16504178941249847,2.186624050140381,2.4046018830267712,0,0,0,5,0,dirichlet_a1.0,44,large_norm,sign_consensus,A_condition_specific_oracle,0.421309834164329
1,0.25919219851493835,2.1778042316436768,2.4037159830331802,0,0,0,5,0,dirichlet_a1.0,44,large_norm,sign_consensus,A_condition_specific_oracle,0.421309834164329
2,0.08245125412940979,317446528.0,2.414615084999241,1,0,1,3,1,dirichlet_a1.0,44,large_norm,sign_consensus,A_condition_specific_oracle,0.421309834164329
3,0.08245125412940979,317446528.0,2.393148403032683,1,1,4,0,0,dirichlet_a1.0,44,large_norm,sign_consensus,A_condition_specific_oracle,0.421309834164329
4,0.08245125412940979,317446528.0,2.3846838870085776,1,1,4,0,0,dirichlet_a1.0,44,large_norm,sign_consensus,A_condition_specific_oracle,0.421309834164329
5,0.08245125412940979,317446528.0,2.4017849419033155,1,1,4,0,0,dirichlet_a1.0,44,large_norm,sign_consensus,A_condition_specific_oracle,0.421309834164329
0,0.08245125412940979,2.197601556777954,2.3989275579806417,0,0,1,4,0,dirichlet_a1.0,44,large_norm,sign_consensus,B_iid_transfer_frozen,0.5656118467693558
1,0.1863509863615036,2.1529126167297363,2.397887406987138,0,0,1,4,0,dirichlet_a1.0,44,large_norm,sign_consensus,B_iid_transfer_frozen,0.5656118467693558
2,0.08245125412940979,80874061824.0,2.400060379994102,1,0,4,0,1,dirichlet_a1.0,44,large_norm,sign_consensus,B_iid_transfer_frozen,0.5656118467693558
3,0.08245125412940979,80874061824.0,2.383920421008952,1,1,4,0,0,dirichlet_a1.0,44,large_norm,sign_consensus,B_iid_transfer_frozen,0.5656118467693558
4,0.08245125412940979,80874061824.0,2.4086173840332776,1,1,4,0,0,dirichlet_a1.0,44,large_norm,sign_consensus,B_iid_transfer_frozen,0.5656118467693558
5,0.08245125412940979,80874061824.0,2.3911220679292455,1,1,4,0,0,dirichlet_a1.0,44,large_norm,sign_consensus,B_iid_transfer_frozen,0.5656118467693558
0,0.2123955488204956,2.1851842403411865,2.461964004090987,0,,,,,dirichlet_a1.0,44,large_norm,median,not_applicable,
1,0.23704735934734344,2.1952850818634033,2.5102518069325015,0,,,,,dirichlet_a1.0,44,large_norm,median,not_applicable,
2,0.1863509863615036,2.1672658920288086,2.464397285017185,1,,,,,dirichlet_a1.0,44,large_norm,median,not_applicable,
3,0.1862117052078247,2.1717443466186523,2.4476836849935353,1,,,,,dirichlet_a1.0,44,large_norm,median,not_applicable,
4,0.1863509863615036,2.164505958557129,2.467301127035171,1,,,,,dirichlet_a1.0,44,large_norm,median,not_applicable,
5,0.1863509863615036,2.164886951446533,2.4357704289723188,1,,,,,dirichlet_a1.0,44,large_norm,median,not_applicable,
0,0.1863509863615036,2.1952152252197266,2.4678498109569773,0,,,,,dirichlet_a1.0,44,large_norm,multi_krum,not_applicable,
1,0.05863510072231293,2.2072842121124268,2.46594175696373,0,,,,,dirichlet_a1.0,44,large_norm,multi_krum,not_applicable,
2,0.1863509863615036,2.145435094833374,2.420687953941524,1,,,,,dirichlet_a1.0,44,large_norm,multi_krum,not_applicable,
3,0.1863509863615036,2.140812635421753,2.4517815730068833,1,,,,,dirichlet_a1.0,44,large_norm,multi_krum,not_applicable,
4,0.1863509863615036,2.1333720684051514,2.389108196948655,1,,,,,dirichlet_a1.0,44,large_norm,multi_krum,not_applicable,
5,0.1864902526140213,2.1286704540252686,2.420150222023949,1,,,,,dirichlet_a1.0,44,large_norm,multi_krum,not_applicable,
0,0.16894151270389557,2.186607837677002,2.3752066480228677,0,,,,,dirichlet_a1.0,44,low_norm,fedavg,not_applicable,
1,0.25863510370254517,2.177795886993408,2.384707205928862,0,,,,,dirichlet_a1.0,44,low_norm,fedavg,not_applicable,
2,0.1863509863615036,2.147970199584961,2.3874513080809265,1,,,,,dirichlet_a1.0,44,low_norm,fedavg,not_applicable,
3,0.1863509863615036,2.1498219966888428,2.3845830040518194,1,,,,,dirichlet_a1.0,44,low_norm,fedavg,not_applicable,
4,0.1863509863615036,2.1383883953094482,2.380400005960837,1,,,,,dirichlet_a1.0,44,low_norm,fedavg,not_applicable,
5,0.1864902526140213,2.1323416233062744,2.3785945429699495,1,,,,,dirichlet_a1.0,44,low_norm,fedavg,not_applicable,
0,0.08147632330656052,2.1977293491363525,2.3755754120647907,0,0,5,0,0,dirichlet_a1.0,44,low_norm,norm,A_condition_specific_oracle,0.061532254763599054
1,0.08147632330656052,2.1977293491363525,2.413582577952184,0,0,5,0,0,dirichlet_a1.0,44,low_norm,norm,A_condition_specific_oracle,0.061532254763599054
2,0.08077994734048843,2.1977455615997314,2.3980001790914685,1,0,4,0,1,dirichlet_a1.0,44,low_norm,norm,A_condition_specific_oracle,0.061532254763599054
3,0.08259052783250809,2.1977906227111816,2.173207191983238,1,0,4,0,1,dirichlet_a1.0,44,low_norm,norm,A_condition_specific_oracle,0.061532254763599054
4,0.08272980898618698,2.197892665863037,2.442660954897292,1,0,4,0,1,dirichlet_a1.0,44,low_norm,norm,A_condition_specific_oracle,0.061532254763599054
5,0.08704735338687897,2.198033332824707,2.4506133099785075,1,0,4,0,1,dirichlet_a1.0,44,low_norm,norm,A_condition_specific_oracle,0.061532254763599054
0,0.08147632330656052,2.1977293491363525,2.484294457011856,0,0,5,0,0,dirichlet_a1.0,44,low_norm,norm,B_iid_transfer_frozen,0.012898845250272921
1,0.08147632330656052,2.1977293491363525,2.408374450984411,0,0,5,0,0,dirichlet_a1.0,44,low_norm,norm,B_iid_transfer_frozen,0.012898845250272921
2,0.08077994734048843,2.1977458000183105,2.379525896976702,1,0,4,0,1,dirichlet_a1.0,44,low_norm,norm,B_iid_transfer_frozen,0.012898845250272921
3,0.08259052783250809,2.1977908611297607,2.387565409997478,1,0,4,0,1,dirichlet_a1.0,44,low_norm,norm,B_iid_transfer_frozen,0.012898845250272921
4,0.08272980898618698,2.197892427444458,2.4091224510921165,1,0,4,0,1,dirichlet_a1.0,44,low_norm,norm,B_iid_transfer_frozen,0.012898845250272921
5,0.08704735338687897,2.198033094406128,2.4308811699738726,1,0,4,0,1,dirichlet_a1.0,44,low_norm,norm,B_iid_transfer_frozen,0.012898845250272921
0,0.16504178941249847,2.1866283416748047,2.73458757402841,0,0,0,5,0,dirichlet_a1.0,44,low_norm,cosine,A_condition_specific_oracle,-0.19257311127255258
1,0.1715877503156662,2.2053062915802,2.7129259810317308,0,0,1,4,0,dirichlet_a1.0,44,low_norm,cosine,A_condition_specific_oracle,-0.19257311127255258
2,0.19289694726467133,2.1674160957336426,2.7566019470104948,1,1,1,3,0,dirichlet_a1.0,44,low_norm,cosine,A_condition_specific_oracle,-0.19257311127255258
3,0.1863509863615036,2.14054536819458,2.7222631799522787,1,0,1,3,1,dirichlet_a1.0,44,low_norm,cosine,A_condition_specific_oracle,-0.19257311127255258
4,0.1863509863615036,2.1365082263946533,2.6906417469726875,1,0,0,4,1,dirichlet_a1.0,44,low_norm,cosine,A_condition_specific_oracle,-0.19257311127255258
5,0.1863509863615036,2.123731851577759,2.6822005789726973,1,0,1,3,1,dirichlet_a1.0,44,low_norm,cosine,A_condition_specific_oracle,-0.19257311127255258
0,0.08147632330656052,2.1977293491363525,2.7160243770340458,0,0,5,0,0,dirichlet_a1.0,44,low_norm,cosine,B_iid_transfer_frozen,0.8690693731871779
1,0.08147632330656052,2.1977293491363525,2.711567295016721,0,0,5,0,0,dirichlet_a1.0,44,low_norm,cosine,B_iid_transfer_frozen,0.8690693731871779
2,0.08147632330656052,2.1977293491363525,2.492369342013262,1,1,4,0,0,dirichlet_a1.0,44,low_norm,cosine,B_iid_transfer_frozen,0.8690693731871779
3,0.08147632330656052,2.1977293491363525,2.693460865993984,1,1,4,0,0,dirichlet_a1.0,44,low_norm,cosine,B_iid_transfer_frozen,0.8690693731871779
4,0.08147632330656052,2.1977293491363525,2.715637741959654,1,1,4,0,0,dirichlet_a1.0,44,low_norm,cosine,B_iid_transfer_frozen,0.8690693731871779
5,0.08147632330656052,2.1977293491363525,2.66005304409191,1,1,4,0,0,dirichlet_a1.0,44,low_norm,cosine,B_iid_transfer_frozen,0.8690693731871779
0,0.16601671278476715,2.186621904373169,2.3913489270489663,0,0,0,5,0,dirichlet_a1.0,44,low_norm,sign_consensus,A_condition_specific_oracle,0.421309834164329
1,0.25905293226242065,2.1778416633605957,2.4170782959554344,0,0,0,5,0,dirichlet_a1.0,44,low_norm,sign_consensus,A_condition_specific_oracle,0.421309834164329
2,0.1863509863615036,2.14786696434021,2.4084598019253463,1,0,0,4,1,dirichlet_a1.0,44,low_norm,sign_consensus,A_condition_specific_oracle,0.421309834164329
3,0.1863509863615036,2.1497573852539062,2.4005787099013105,1,0,0,4,1,dirichlet_a1.0,44,low_norm,sign_consensus,A_condition_specific_oracle,0.421309834164329
4,0.1863509863615036,2.138341188430786,2.395812035072595,1,0,0,4,1,dirichlet_a1.0,44,low_norm,sign_consensus,A_condition_specific_oracle,0.421309834164329
5,0.1864902526140213,2.1324403285980225,2.420289064059034,1,0,0,4,1,dirichlet_a1.0,44,low_norm,sign_consensus,A_condition_specific_oracle,0.421309834164329
0,0.08245125412940979,2.1975882053375244,2.3994724210351706,0,0,1,4,0,dirichlet_a1.0,44,low_norm,sign_consensus,B_iid_transfer_frozen,0.5656118467693558
1,0.1863509863615036,2.1529533863067627,2.3890704918885604,0,0,1,4,0,dirichlet_a1.0,44,low_norm,sign_consensus,B_iid_transfer_frozen,0.5656118467693558
2,0.1863509863615036,2.145305633544922,2.39201829303056,1,0,0,4,1,dirichlet_a1.0,44,low_norm,sign_consensus,B_iid_transfer_frozen,0.5656118467693558
3,0.1863509863615036,2.1491494178771973,2.4086108619812876,1,0,0,4,1,dirichlet_a1.0,44,low_norm,sign_consensus,B_iid_transfer_frozen,0.5656118467693558
4,0.1863509863615036,2.137202501296997,2.4113480809610337,1,0,0,4,1,dirichlet_a1.0,44,low_norm,sign_consensus,B_iid_transfer_frozen,0.5656118467693558
5,0.1864902526140213,2.131211996078491,2.3908957259263843,1,0,0,4,1,dirichlet_a1.0,44,low_norm,sign_consensus,B_iid_transfer_frozen,0.5656118467693558
0,0.21406686305999756,2.1852078437805176,2.4018663889728487,0,,,,,dirichlet_a1.0,44,low_norm,median,not_applicable,
1,0.2233983278274536,2.1950595378875732,2.411327430047095,0,,,,,dirichlet_a1.0,44,low_norm,median,not_applicable,
2,0.1863509863615036,2.1854469776153564,2.4040570569923148,1,,,,,dirichlet_a1.0,44,low_norm,median,not_applicable,
3,0.1863509863615036,2.1915271282196045,2.4260025579715148,1,,,,,dirichlet_a1.0,44,low_norm,median,not_applicable,
4,0.1863509863615036,2.1888985633850098,2.411518362001516,1,,,,,dirichlet_a1.0,44,low_norm,median,not_applicable,
5,0.1863509863615036,2.184051990509033,2.3932391720591113,1,,,,,dirichlet_a1.0,44,low_norm,median,not_applicable,
0,0.1863509863615036,2.1952145099639893,2.45054007996805,0,,,,,dirichlet_a1.0,44,low_norm,multi_krum,not_applicable,
1,0.05863510072231293,2.2074215412139893,2.1824455910827965,0,,,,,dirichlet_a1.0,44,low_norm,multi_krum,not_applicable,
2,0.1863509863615036,2.1823201179504395,2.4498285619774833,1,,,,,dirichlet_a1.0,44,low_norm,multi_krum,not_applicable,
3,0.2277158796787262,2.1822545528411865,2.452000878052786,1,,,,,dirichlet_a1.0,44,low_norm,multi_krum,not_applicable,
4,0.1863509863615036,2.1692605018615723,2.210039269994013,1,,,,,dirichlet_a1.0,44,low_norm,multi_krum,not_applicable,
5,0.1866295337677002,2.165571928024292,2.429824298946187,1,,,,,dirichlet_a1.0,44,low_norm,multi_krum,not_applicable,
0,0.16991643607616425,2.1866118907928467,2.4176404520403594,0,,,,,dirichlet_a1.0,44,full_sign_flip,fedavg,not_applicable,
1,0.25919219851493835,2.17781400680542,2.385121035040356,0,,,,,dirichlet_a1.0,44,full_sign_flip,fedavg,not_applicable,
2,0.1863509863615036,2.1486337184906006,2.3784505219664425,1,,,,,dirichlet_a1.0,44,full_sign_flip,fedavg,not_applicable,
3,0.1862117052078247,2.1735727787017822,2.39085109194275,1,,,,,dirichlet_a1.0,44,full_sign_flip,fedavg,not_applicable,
4,0.1863509863615036,2.1839303970336914,2.4199652060633525,1,,,,,dirichlet_a1.0,44,full_sign_flip,fedavg,not_applicable,
5,0.1863509863615036,2.185945987701416,2.4081105240620673,1,,,,,dirichlet_a1.0,44,full_sign_flip,fedavg,not_applicable,
0,0.08147632330656052,2.1977293491363525,2.4075955230509862,0,0,5,0,0,dirichlet_a1.0,44,full_sign_flip,norm,A_condition_specific_oracle,0.061532254763599054
1,0.08147632330656052,2.1977293491363525,2.4105977949220687,0,0,5,0,0,dirichlet_a1.0,44,full_sign_flip,norm,A_condition_specific_oracle,0.061532254763599054
2,0.08147632330656052,2.1977293491363525,2.381392980925739,1,1,4,0,0,dirichlet_a1.0,44,full_sign_flip,norm,A_condition_specific_oracle,0.061532254763599054
3,0.08147632330656052,2.1977293491363525,2.3930123118916526,1,1,4,0,0,dirichlet_a1.0,44,full_sign_flip,norm,A_condition_specific_oracle,0.061532254763599054
4,0.08147632330656052,2.1977293491363525,2.417399486992508,1,1,4,0,0,dirichlet_a1.0,44,full_sign_flip,norm,A_condition_specific_oracle,0.061532254763599054
5,0.08147632330656052,2.1977293491363525,2.401759903994389,1,1,4,0,0,dirichlet_a1.0,44,full_sign_flip,norm,A_condition_specific_oracle,0.061532254763599054
0,0.08147632330656052,2.1977293491363525,2.38973295094911,0,0,5,0,0,dirichlet_a1.0,44,full_sign_flip,norm,B_iid_transfer_frozen,0.012898845250272921
1,0.08147632330656052,2.1977293491363525,2.389687182032503,0,0,5,0,0,dirichlet_a1.0,44,full_sign_flip,norm,B_iid_transfer_frozen,0.012898845250272921
2,0.08147632330656052,2.1977293491363525,2.450154517078772,1,1,4,0,0,dirichlet_a1.0,44,full_sign_flip,norm,B_iid_transfer_frozen,0.012898845250272921
3,0.08147632330656052,2.1977293491363525,2.5025798690039665,1,1,4,0,0,dirichlet_a1.0,44,full_sign_flip,norm,B_iid_transfer_frozen,0.012898845250272921
4,0.08147632330656052,2.1977293491363525,2.4252921079751104,1,1,4,0,0,dirichlet_a1.0,44,full_sign_flip,norm,B_iid_transfer_frozen,0.012898845250272921
5,0.08147632330656052,2.1977293491363525,2.4094674579100683,1,1,4,0,0,dirichlet_a1.0,44,full_sign_flip,norm,B_iid_transfer_frozen,0.012898845250272921
0,0.16894151270389557,2.186612129211426,2.4143547780113295,0,0,0,5,0,dirichlet_a1.0,44,full_sign_flip,cosine,A_condition_specific_oracle,-0.19257311127255258
1,0.1715877503156662,2.205324649810791,2.678852756973356,0,0,1,4,0,dirichlet_a1.0,44,full_sign_flip,cosine,A_condition_specific_oracle,-0.19257311127255258
2,0.18718662858009338,2.161738634109497,2.71339282207191,1,0,1,3,1,dirichlet_a1.0,44,full_sign_flip,cosine,A_condition_specific_oracle,-0.19257311127255258
3,0.1863509863615036,2.1441383361816406,2.722687863977626,1,1,0,4,0,dirichlet_a1.0,44,full_sign_flip,cosine,A_condition_specific_oracle,-0.19257311127255258
4,0.1863509863615036,2.1415717601776123,2.684224674012512,1,1,1,3,0,dirichlet_a1.0,44,full_sign_flip,cosine,A_condition_specific_oracle,-0.19257311127255258
5,0.1866295337677002,2.1652462482452393,2.6495648130076006,1,1,1,3,0,dirichlet_a1.0,44,full_sign_flip,cosine,A_condition_specific_oracle,-0.19257311127255258
0,0.08147632330656052,2.1977293491363525,2.6409739959053695,0,0,5,0,0,dirichlet_a1.0,44,full_sign_flip,cosine,B_iid_transfer_frozen,0.8690693731871779
1,0.08147632330656052,2.1977293491363525,2.72637708298862,0,0,5,0,0,dirichlet_a1.0,44,full_sign_flip,cosine,B_iid_transfer_frozen,0.8690693731871779
2,0.08147632330656052,2.1977293491363525,2.6966074109077454,1,1,4,0,0,dirichlet_a1.0,44,full_sign_flip,cosine,B_iid_transfer_frozen,0.8690693731871779
3,0.08147632330656052,2.1977293491363525,2.668671098072082,1,1,4,0,0,dirichlet_a1.0,44,full_sign_flip,cosine,B_iid_transfer_frozen,0.8690693731871779
4,0.08147632330656052,2.1977293491363525,2.7117434730753303,1,1,4,0,0,dirichlet_a1.0,44,full_sign_flip,cosine,B_iid_transfer_frozen,0.8690693731871779
5,0.08147632330656052,2.1977293491363525,2.721092600026168,1,1,4,0,0,dirichlet_a1.0,44,full_sign_flip,cosine,B_iid_transfer_frozen,0.8690693731871779
0,0.1676880270242691,2.186619758605957,2.4328944550361484,0,0,0,5,0,dirichlet_a1.0,44,full_sign_flip,sign_consensus,A_condition_specific_oracle,0.421309834164329
1,0.25947076082229614,2.177868604660034,2.4479234609752893,0,0,0,5,0,dirichlet_a1.0,44,full_sign_flip,sign_consensus,A_condition_specific_oracle,0.421309834164329
2,0.1863509863615036,2.148648500442505,2.4974682859610766,1,0,0,4,1,dirichlet_a1.0,44,full_sign_flip,sign_consensus,A_condition_specific_oracle,0.421309834164329
3,0.1862117052078247,2.1737029552459717,2.4565422270679846,1,0,0,4,1,dirichlet_a1.0,44,full_sign_flip,sign_consensus,A_condition_specific_oracle,0.421309834164329
4,0.1863509863615036,2.137465238571167,2.4264005629811436,1,1,0,4,0,dirichlet_a1.0,44,full_sign_flip,sign_consensus,A_condition_specific_oracle,0.421309834164329
5,0.1863509863615036,2.1493024826049805,2.4540957330027595,1,0,0,4,1,dirichlet_a1.0,44,full_sign_flip,sign_consensus,A_condition_specific_oracle,0.421309834164329
0,0.08245125412940979,2.197603940963745,2.455990766058676,0,0,1,4,0,dirichlet_a1.0,44,full_sign_flip,sign_consensus,B_iid_transfer_frozen,0.5656118467693558
1,0.1863509863615036,2.1529505252838135,2.5534355429699644,0,0,1,4,0,dirichlet_a1.0,44,full_sign_flip,sign_consensus,B_iid_transfer_frozen,0.5656118467693558
2,0.2605849504470825,2.1757712364196777,2.6316445419797674,1,1,1,3,0,dirichlet_a1.0,44,full_sign_flip,sign_consensus,B_iid_transfer_frozen,0.5656118467693558
3,0.1863509863615036,2.150723934173584,2.5687874840805307,1,1,0,4,0,dirichlet_a1.0,44,full_sign_flip,sign_consensus,B_iid_transfer_frozen,0.5656118467693558
4,0.1863509863615036,2.1321911811828613,2.617023062892258,1,1,0,4,0,dirichlet_a1.0,44,full_sign_flip,sign_consensus,B_iid_transfer_frozen,0.5656118467693558
5,0.30431756377220154,2.160395622253418,2.548473516944796,1,1,1,3,0,dirichlet_a1.0,44,full_sign_flip,sign_consensus,B_iid_transfer_frozen,0.5656118467693558
0,0.21364903450012207,2.185213088989258,2.6644334299489856,0,,,,,dirichlet_a1.0,44,full_sign_flip,median,not_applicable,
1,0.23272980749607086,2.1953070163726807,2.53328098799102,0,,,,,dirichlet_a1.0,44,full_sign_flip,median,not_applicable,
2,0.1863509863615036,2.169527530670166,2.509439112036489,1,,,,,dirichlet_a1.0,44,full_sign_flip,median,not_applicable,
3,0.1863509863615036,2.18865966796875,2.526137341046706,1,,,,,dirichlet_a1.0,44,full_sign_flip,median,not_applicable,
4,0.1863509863615036,2.2008955478668213,2.524286310072057,1,,,,,dirichlet_a1.0,44,full_sign_flip,median,not_applicable,
5,0.1863509863615036,2.210253953933716,2.5253281699260697,1,,,,,dirichlet_a1.0,44,full_sign_flip,median,not_applicable,
0,0.1863509863615036,2.1952128410339355,2.5315771989990026,0,,,,,dirichlet_a1.0,44,full_sign_flip,multi_krum,not_applicable,
1,0.05863510072231293,2.2072556018829346,2.47611574199982,0,,,,,dirichlet_a1.0,44,full_sign_flip,multi_krum,not_applicable,
2,0.1863509863615036,2.184861660003662,2.5502524400362745,1,,,,,dirichlet_a1.0,44,full_sign_flip,multi_krum,not_applicable,
3,0.1864902526140213,2.2193355560302734,2.5562955159693956,1,,,,,dirichlet_a1.0,44,full_sign_flip,multi_krum,not_applicable,
4,0.1863509863615036,2.1346728801727295,2.5737448930740356,1,,,,,dirichlet_a1.0,44,full_sign_flip,multi_krum,not_applicable,
5,0.1864902526140213,2.166260004043579,2.5565726219210774,1,,,,,dirichlet_a1.0,44,full_sign_flip,multi_krum,not_applicable,
0,0.16657382249832153,2.186624050140381,2.3974038909655064,0,,,,,dirichlet_a1.0,44,directional_poisoning,fedavg,not_applicable,
1,0.25905293226242065,2.1778416633605957,2.2492464559618384,0,,,,,dirichlet_a1.0,44,directional_poisoning,fedavg,not_applicable,
2,0.1863509863615036,2.148550033569336,2.4144025730201975,1,,,,,dirichlet_a1.0,44,directional_poisoning,fedavg,not_applicable,
3,0.1862117052078247,2.1735434532165527,2.4504870930686593,1,,,,,dirichlet_a1.0,44,directional_poisoning,fedavg,not_applicable,
4,0.1863509863615036,2.1838786602020264,2.5459113200195134,1,,,,,dirichlet_a1.0,44,directional_poisoning,fedavg,not_applicable,
5,0.1863509863615036,2.1860411167144775,2.539959619054571,1,,,,,dirichlet_a1.0,44,directional_poisoning,fedavg,not_applicable,
0,0.08147632330656052,2.1977293491363525,2.528786893002689,0,0,5,0,0,dirichlet_a1.0,44,directional_poisoning,norm,A_condition_specific_oracle,0.061532254763599054
1,0.08147632330656052,2.1977293491363525,2.479603255051188,0,0,5,0,0,dirichlet_a1.0,44,directional_poisoning,norm,A_condition_specific_oracle,0.061532254763599054
2,0.08147632330656052,2.1977293491363525,2.5388617949793115,1,1,4,0,0,dirichlet_a1.0,44,directional_poisoning,norm,A_condition_specific_oracle,0.061532254763599054
3,0.08147632330656052,2.1977293491363525,2.460959254996851,1,1,4,0,0,dirichlet_a1.0,44,directional_poisoning,norm,A_condition_specific_oracle,0.061532254763599054
4,0.08147632330656052,2.1977293491363525,2.4456294890260324,1,1,4,0,0,dirichlet_a1.0,44,directional_poisoning,norm,A_condition_specific_oracle,0.061532254763599054
5,0.08147632330656052,2.1977293491363525,2.4708237890154123,1,1,4,0,0,dirichlet_a1.0,44,directional_poisoning,norm,A_condition_specific_oracle,0.061532254763599054
0,0.08147632330656052,2.1977293491363525,2.4846761929802597,0,0,5,0,0,dirichlet_a1.0,44,directional_poisoning,norm,B_iid_transfer_frozen,0.012898845250272921
1,0.08147632330656052,2.1977293491363525,2.429770997958258,0,0,5,0,0,dirichlet_a1.0,44,directional_poisoning,norm,B_iid_transfer_frozen,0.012898845250272921
2,0.08147632330656052,2.1977293491363525,2.4690641768975183,1,1,4,0,0,dirichlet_a1.0,44,directional_poisoning,norm,B_iid_transfer_frozen,0.012898845250272921
3,0.08147632330656052,2.1977293491363525,2.5150517150759697,1,1,4,0,0,dirichlet_a1.0,44,directional_poisoning,norm,B_iid_transfer_frozen,0.012898845250272921
4,0.08147632330656052,2.1977293491363525,2.3889285740442574,1,1,4,0,0,dirichlet_a1.0,44,directional_poisoning,norm,B_iid_transfer_frozen,0.012898845250272921
5,0.08147632330656052,2.1977293491363525,2.4744524359703064,1,1,4,0,0,dirichlet_a1.0,44,directional_poisoning,norm,B_iid_transfer_frozen,0.012898845250272921
0,0.16977716982364655,2.1866092681884766,2.7882744860835373,0,0,0,5,0,dirichlet_a1.0,44,directional_poisoning,cosine,A_condition_specific_oracle,-0.19257311127255258
1,0.1715877503156662,2.205332040786743,2.823616969049908,0,0,1,4,0,dirichlet_a1.0,44,directional_poisoning,cosine,A_condition_specific_oracle,-0.19257311127255258
2,0.18718662858009338,2.1617162227630615,2.735942524042912,1,0,1,3,1,dirichlet_a1.0,44,directional_poisoning,cosine,A_condition_specific_oracle,-0.19257311127255258
3,0.1863509863615036,2.1440606117248535,2.7557245440548286,1,1,0,4,0,dirichlet_a1.0,44,directional_poisoning,cosine,A_condition_specific_oracle,-0.19257311127255258
4,0.1863509863615036,2.141467809677124,2.749405423994176,1,1,1,3,0,dirichlet_a1.0,44,directional_poisoning,cosine,A_condition_specific_oracle,-0.19257311127255258
5,0.1866295337677002,2.165175676345825,2.7671719919890165,1,1,1,3,0,dirichlet_a1.0,44,directional_poisoning,cosine,A_condition_specific_oracle,-0.19257311127255258
0,0.08147632330656052,2.1977293491363525,2.7052606530487537,0,0,5,0,0,dirichlet_a1.0,44,directional_poisoning,cosine,B_iid_transfer_frozen,0.8690693731871779
1,0.08147632330656052,2.1977293491363525,2.7610989320091903,0,0,5,0,0,dirichlet_a1.0,44,directional_poisoning,cosine,B_iid_transfer_frozen,0.8690693731871779
2,0.08147632330656052,2.1977293491363525,2.82213252002839,1,1,4,0,0,dirichlet_a1.0,44,directional_poisoning,cosine,B_iid_transfer_frozen,0.8690693731871779
3,0.08147632330656052,2.1977293491363525,2.766789410961792,1,1,4,0,0,dirichlet_a1.0,44,directional_poisoning,cosine,B_iid_transfer_frozen,0.8690693731871779
4,0.08147632330656052,2.1977293491363525,2.7854180430294946,1,1,4,0,0,dirichlet_a1.0,44,directional_poisoning,cosine,B_iid_transfer_frozen,0.8690693731871779
5,0.08147632330656052,2.1977293491363525,2.7066811670083553,1,1,4,0,0,dirichlet_a1.0,44,directional_poisoning,cosine,B_iid_transfer_frozen,0.8690693731871779
0,0.16532033681869507,2.1866188049316406,2.2311581280082464,0,0,0,5,0,dirichlet_a1.0,44,directional_poisoning,sign_consensus,A_condition_specific_oracle,0.421309834164329
1,0.25933149456977844,2.1778757572174072,2.20271301001776,0,0,0,5,0,dirichlet_a1.0,44,directional_poisoning,sign_consensus,A_condition_specific_oracle,0.421309834164329
2,0.1863509863615036,2.1487295627593994,2.38759833201766,1,0,0,4,1,dirichlet_a1.0,44,directional_poisoning,sign_consensus,A_condition_specific_oracle,0.421309834164329
3,0.1862117052078247,2.1738007068634033,2.511106990976259,1,0,0,4,1,dirichlet_a1.0,44,directional_poisoning,sign_consensus,A_condition_specific_oracle,0.421309834164329
4,0.1863509863615036,2.1373493671417236,2.530901763937436,1,1,0,4,0,dirichlet_a1.0,44,directional_poisoning,sign_consensus,A_condition_specific_oracle,0.421309834164329
5,0.1863509863615036,2.1491663455963135,2.5703802950447425,1,0,0,4,1,dirichlet_a1.0,44,directional_poisoning,sign_consensus,A_condition_specific_oracle,0.421309834164329
0,0.08245125412940979,2.1975910663604736,2.589264576905407,0,0,1,4,0,dirichlet_a1.0,44,directional_poisoning,sign_consensus,B_iid_transfer_frozen,0.5656118467693558
1,0.1863509863615036,2.15293025970459,2.6419879379682243,0,0,1,4,0,dirichlet_a1.0,44,directional_poisoning,sign_consensus,B_iid_transfer_frozen,0.5656118467693558
2,0.25988858938217163,2.175666332244873,2.5795118589885533,1,1,1,3,0,dirichlet_a1.0,44,directional_poisoning,sign_consensus,B_iid_transfer_frozen,0.5656118467693558
3,0.1863509863615036,2.1508655548095703,2.5726718578953296,1,1,0,4,0,dirichlet_a1.0,44,directional_poisoning,sign_consensus,B_iid_transfer_frozen,0.5656118467693558
4,0.1863509863615036,2.1321558952331543,2.582539547001943,1,1,0,4,0,dirichlet_a1.0,44,directional_poisoning,sign_consensus,B_iid_transfer_frozen,0.5656118467693558
5,0.30431756377220154,2.1603572368621826,2.5425246929517016,1,1,1,3,0,dirichlet_a1.0,44,directional_poisoning,sign_consensus,B_iid_transfer_frozen,0.5656118467693558
0,0.21406686305999756,2.1852192878723145,2.5035901529481634,0,,,,,dirichlet_a1.0,44,directional_poisoning,median,not_applicable,
1,0.22298051416873932,2.1950199604034424,2.5369745140196756,0,,,,,dirichlet_a1.0,44,directional_poisoning,median,not_applicable,
2,0.1863509863615036,2.169097661972046,2.5939101609401405,1,,,,,dirichlet_a1.0,44,directional_poisoning,median,not_applicable,
3,0.1863509863615036,2.1899256706237793,2.540160477044992,1,,,,,dirichlet_a1.0,44,directional_poisoning,median,not_applicable,
4,0.1863509863615036,2.205054759979248,2.486343294964172,1,,,,,dirichlet_a1.0,44,directional_poisoning,median,not_applicable,
5,0.1863509863615036,2.211668014526367,2.541431166930124,1,,,,,dirichlet_a1.0,44,directional_poisoning,median,not_applicable,
0,0.1863509863615036,2.1952295303344727,2.5028405140619725,0,,,,,dirichlet_a1.0,44,directional_poisoning,multi_krum,not_applicable,
1,0.05863510072231293,2.207303524017334,2.5468621590407565,0,,,,,dirichlet_a1.0,44,directional_poisoning,multi_krum,not_applicable,
2,0.1863509863615036,2.184900999069214,2.4382749770302325,1,,,,,dirichlet_a1.0,44,directional_poisoning,multi_krum,not_applicable,
3,0.1864902526140213,2.219423294067383,2.479690715088509,1,,,,,dirichlet_a1.0,44,directional_poisoning,multi_krum,not_applicable,
4,0.1863509863615036,2.1347007751464844,2.403137775021605,1,,,,,dirichlet_a1.0,44,directional_poisoning,multi_krum,not_applicable,
5,0.1864902526140213,2.1662333011627197,2.54541528201662,1,,,,,dirichlet_a1.0,44,directional_poisoning,multi_krum,not_applicable,
0,0.16963788866996765,2.1866068840026855,2.5069368799449876,0,,,,,dirichlet_a1.0,44,sparse_coordinate_attack,fedavg,not_applicable,
1,0.25919219851493835,2.1778032779693604,2.552913645049557,0,,,,,dirichlet_a1.0,44,sparse_coordinate_attack,fedavg,not_applicable,
2,0.08245125412940979,2.2062973976135254,2.5370517360279337,1,,,,,dirichlet_a1.0,44,sparse_coordinate_attack,fedavg,not_applicable,
3,0.1863509863615036,2.19771671295166,2.573505135020241,1,,,,,dirichlet_a1.0,44,sparse_coordinate_attack,fedavg,not_applicable,
4,0.1863509863615036,2.165665626525879,2.4965453690383583,1,,,,,dirichlet_a1.0,44,sparse_coordinate_attack,fedavg,not_applicable,
5,0.28579387068748474,2.1251792907714844,2.502780196024105,1,,,,,dirichlet_a1.0,44,sparse_coordinate_attack,fedavg,not_applicable,
0,0.08147632330656052,2.1977293491363525,2.5189893699716777,0,0,5,0,0,dirichlet_a1.0,44,sparse_coordinate_attack,norm,A_condition_specific_oracle,0.061532254763599054
1,0.08147632330656052,2.1977293491363525,2.491631712997332,0,0,5,0,0,dirichlet_a1.0,44,sparse_coordinate_attack,norm,A_condition_specific_oracle,0.061532254763599054
2,0.08147632330656052,2.1977293491363525,2.5492187009658664,1,1,4,0,0,dirichlet_a1.0,44,sparse_coordinate_attack,norm,A_condition_specific_oracle,0.061532254763599054
3,0.08147632330656052,2.1977293491363525,2.4726038170047104,1,1,4,0,0,dirichlet_a1.0,44,sparse_coordinate_attack,norm,A_condition_specific_oracle,0.061532254763599054
4,0.08147632330656052,2.1977293491363525,2.496554551064037,1,1,4,0,0,dirichlet_a1.0,44,sparse_coordinate_attack,norm,A_condition_specific_oracle,0.061532254763599054
5,0.08147632330656052,2.1977293491363525,2.4849844520213082,1,1,4,0,0,dirichlet_a1.0,44,sparse_coordinate_attack,norm,A_condition_specific_oracle,0.061532254763599054
0,0.08147632330656052,2.1977293491363525,2.449866959010251,0,0,5,0,0,dirichlet_a1.0,44,sparse_coordinate_attack,norm,B_iid_transfer_frozen,0.012898845250272921
1,0.08147632330656052,2.1977293491363525,2.4605968960095197,0,0,5,0,0,dirichlet_a1.0,44,sparse_coordinate_attack,norm,B_iid_transfer_frozen,0.012898845250272921
2,0.08147632330656052,2.1977293491363525,2.5327815209748223,1,1,4,0,0,dirichlet_a1.0,44,sparse_coordinate_attack,norm,B_iid_transfer_frozen,0.012898845250272921
3,0.08147632330656052,2.1977293491363525,2.489141786005348,1,1,4,0,0,dirichlet_a1.0,44,sparse_coordinate_attack,norm,B_iid_transfer_frozen,0.012898845250272921
4,0.08147632330656052,2.1977293491363525,2.385937837068923,1,1,4,0,0,dirichlet_a1.0,44,sparse_coordinate_attack,norm,B_iid_transfer_frozen,0.012898845250272921
5,0.08147632330656052,2.1977293491363525,2.201460588024929,1,1,4,0,0,dirichlet_a1.0,44,sparse_coordinate_attack,norm,B_iid_transfer_frozen,0.012898845250272921
0,0.16504178941249847,2.1866302490234375,2.679459627950564,0,0,0,5,0,dirichlet_a1.0,44,sparse_coordinate_attack,cosine,A_condition_specific_oracle,-0.19257311127255258
1,0.1715877503156662,2.205284357070923,2.69197336002253,0,0,1,4,0,dirichlet_a1.0,44,sparse_coordinate_attack,cosine,A_condition_specific_oracle,-0.19257311127255258
2,0.0820334255695343,2.2159788608551025,2.8218286000192165,1,0,1,3,1,dirichlet_a1.0,44,sparse_coordinate_attack,cosine,A_condition_specific_oracle,-0.19257311127255258
3,0.1866295337677002,2.166548728942871,2.8192168079549447,1,0,0,4,1,dirichlet_a1.0,44,sparse_coordinate_attack,cosine,A_condition_specific_oracle,-0.19257311127255258
4,0.08245125412940979,2.180110216140747,2.806095457985066,1,0,1,3,1,dirichlet_a1.0,44,sparse_coordinate_attack,cosine,A_condition_specific_oracle,-0.19257311127255258
5,0.2165738195180893,2.1367623805999756,2.8088884110329673,1,0,0,4,1,dirichlet_a1.0,44,sparse_coordinate_attack,cosine,A_condition_specific_oracle,-0.19257311127255258
0,0.08147632330656052,2.1977293491363525,2.7729501320281997,0,0,5,0,0,dirichlet_a1.0,44,sparse_coordinate_attack,cosine,B_iid_transfer_frozen,0.8690693731871779
1,0.08147632330656052,2.1977293491363525,2.8604212080826983,0,0,5,0,0,dirichlet_a1.0,44,sparse_coordinate_attack,cosine,B_iid_transfer_frozen,0.8690693731871779
2,0.08147632330656052,2.1977293491363525,2.8448741319589317,1,1,4,0,0,dirichlet_a1.0,44,sparse_coordinate_attack,cosine,B_iid_transfer_frozen,0.8690693731871779
3,0.08147632330656052,2.1977293491363525,2.861603523953818,1,1,4,0,0,dirichlet_a1.0,44,sparse_coordinate_attack,cosine,B_iid_transfer_frozen,0.8690693731871779
4,0.08147632330656052,2.1977293491363525,2.767190483980812,1,1,4,0,0,dirichlet_a1.0,44,sparse_coordinate_attack,cosine,B_iid_transfer_frozen,0.8690693731871779
5,0.08147632330656052,2.1977293491363525,2.7296466371044517,1,1,4,0,0,dirichlet_a1.0,44,sparse_coordinate_attack,cosine,B_iid_transfer_frozen,0.8690693731871779
0,0.16559888422489166,2.1866369247436523,2.443213672027923,0,0,0,5,0,dirichlet_a1.0,44,sparse_coordinate_attack,sign_consensus,A_condition_specific_oracle,0.421309834164329
1,0.2577994465827942,2.1777822971343994,2.424821735941805,0,0,0,5,0,dirichlet_a1.0,44,sparse_coordinate_attack,sign_consensus,A_condition_specific_oracle,0.421309834164329
2,0.1863509863615036,2.139935255050659,2.453069532988593,1,1,0,4,0,dirichlet_a1.0,44,sparse_coordinate_attack,sign_consensus,A_condition_specific_oracle,0.421309834164329
3,0.1863509863615036,2.147045612335205,2.4456178909167647,1,1,0,4,0,dirichlet_a1.0,44,sparse_coordinate_attack,sign_consensus,A_condition_specific_oracle,0.421309834164329
4,0.1863509863615036,2.1383960247039795,2.49258944101166,1,1,0,4,0,dirichlet_a1.0,44,sparse_coordinate_attack,sign_consensus,A_condition_specific_oracle,0.421309834164329
5,0.1864902526140213,2.131817102432251,2.446712853037752,1,1,0,4,0,dirichlet_a1.0,44,sparse_coordinate_attack,sign_consensus,A_condition_specific_oracle,0.421309834164329
0,0.08245125412940979,2.1976075172424316,2.441744751064107,0,0,1,4,0,dirichlet_a1.0,44,sparse_coordinate_attack,sign_consensus,B_iid_transfer_frozen,0.5656118467693558
1,0.1863509863615036,2.15295147895813,2.5337575400481,0,0,1,4,0,dirichlet_a1.0,44,sparse_coordinate_attack,sign_consensus,B_iid_transfer_frozen,0.5656118467693558
2,0.1863509863615036,2.1394801139831543,2.443018679972738,1,1,0,4,0,dirichlet_a1.0,44,sparse_coordinate_attack,sign_consensus,B_iid_transfer_frozen,0.5656118467693558
3,0.1863509863615036,2.146352529525757,2.4046729690162465,1,1,0,4,0,dirichlet_a1.0,44,sparse_coordinate_attack,sign_consensus,B_iid_transfer_frozen,0.5656118467693558
4,0.1863509863615036,2.1374824047088623,2.4117546699708328,1,1,0,4,0,dirichlet_a1.0,44,sparse_coordinate_attack,sign_consensus,B_iid_transfer_frozen,0.5656118467693558
5,0.1864902526140213,2.130615711212158,2.3874586320016533,1,1,0,4,0,dirichlet_a1.0,44,sparse_coordinate_attack,sign_consensus,B_iid_transfer_frozen,0.5656118467693558
0,0.21392758190631866,2.185218095779419,2.3934175590984523,0,,,,,dirichlet_a1.0,44,sparse_coordinate_attack,median,not_applicable,
1,0.22116991877555847,2.19521164894104,2.39751515397802,0,,,,,dirichlet_a1.0,44,sparse_coordinate_attack,median,not_applicable,
2,0.1863509863615036,2.1712749004364014,2.4298650339478627,1,,,,,dirichlet_a1.0,44,sparse_coordinate_attack,median,not_applicable,
3,0.1863509863615036,2.184490919113159,2.4306965480791405,1,,,,,dirichlet_a1.0,44,sparse_coordinate_attack,median,not_applicable,
4,0.1863509863615036,2.175142765045166,2.358356639975682,1,,,,,dirichlet_a1.0,44,sparse_coordinate_attack,median,not_applicable,
5,0.1867688000202179,2.1817257404327393,2.225639556068927,1,,,,,dirichlet_a1.0,44,sparse_coordinate_attack,median,not_applicable,
0,0.1863509863615036,2.195228099822998,2.206882372032851,0,,,,,dirichlet_a1.0,44,sparse_coordinate_attack,multi_krum,not_applicable,
1,0.05863510072231293,2.207287311553955,2.4520713400561363,0,,,,,dirichlet_a1.0,44,sparse_coordinate_attack,multi_krum,not_applicable,
2,0.1863509863615036,2.14032244682312,2.4699038750259206,1,,,,,dirichlet_a1.0,44,sparse_coordinate_attack,multi_krum,not_applicable,
3,0.1863509863615036,2.1453096866607666,2.482287788996473,1,,,,,dirichlet_a1.0,44,sparse_coordinate_attack,multi_krum,not_applicable,
4,0.1863509863615036,2.1364946365356445,2.4194735819473863,1,,,,,dirichlet_a1.0,44,sparse_coordinate_attack,multi_krum,not_applicable,
5,0.1864902526140213,2.1294851303100586,2.430189831997268,1,,,,,dirichlet_a1.0,44,sparse_coordinate_attack,multi_krum,not_applicable,
0,0.1529247909784317,2.208799123764038,2.4458059980534017,0,,,,,dirichlet_a0.5,42,no_attack,fedavg,not_applicable,
1,0.11991643905639648,2.215843677520752,2.432440512930043,0,,,,,dirichlet_a0.5,42,no_attack,fedavg,not_applicable,
2,0.08245125412940979,2.2538225650787354,2.425597276072949,1,,,,,dirichlet_a0.5,42,no_attack,fedavg,not_applicable,
3,0.08245125412940979,2.248904228210449,2.427788789034821,1,,,,,dirichlet_a0.5,42,no_attack,fedavg,not_applicable,
4,0.08245125412940979,2.2497987747192383,2.4100510920397937,1,,,,,dirichlet_a0.5,42,no_attack,fedavg,not_applicable,
5,0.09568245708942413,2.227970600128174,2.4062673220178112,1,,,,,dirichlet_a0.5,42,no_attack,fedavg,not_applicable,
0,0.05863510072231293,2.1997618675231934,2.408062960021198,0,0,5,0,0,dirichlet_a0.5,42,no_attack,norm,A_condition_specific_oracle,0.14939126669739136
1,0.05863510072231293,2.1997618675231934,2.442222631070763,0,0,5,0,0,dirichlet_a0.5,42,no_attack,norm,A_condition_specific_oracle,0.14939126669739136
2,0.05863510072231293,2.1997618675231934,2.214281662949361,1,1,4,0,0,dirichlet_a0.5,42,no_attack,norm,A_condition_specific_oracle,0.14939126669739136
3,0.05863510072231293,2.1997618675231934,2.4427599229384214,1,1,4,0,0,dirichlet_a0.5,42,no_attack,norm,A_condition_specific_oracle,0.14939126669739136
4,0.05863510072231293,2.1997618675231934,2.454789138981141,1,1,4,0,0,dirichlet_a0.5,42,no_attack,norm,A_condition_specific_oracle,0.14939126669739136
5,0.05863510072231293,2.1997618675231934,2.4383183480240405,1,1,4,0,0,dirichlet_a0.5,42,no_attack,norm,A_condition_specific_oracle,0.14939126669739136
0,0.05863510072231293,2.1997618675231934,2.4194177020108327,0,0,5,0,0,dirichlet_a0.5,42,no_attack,norm,B_iid_transfer_frozen,0.012898845250272921
1,0.05863510072231293,2.1997618675231934,2.4310231949202716,0,0,5,0,0,dirichlet_a0.5,42,no_attack,norm,B_iid_transfer_frozen,0.012898845250272921
2,0.05863510072231293,2.1997618675231934,2.4825612449785694,1,1,4,0,0,dirichlet_a0.5,42,no_attack,norm,B_iid_transfer_frozen,0.012898845250272921
3,0.05863510072231293,2.1997618675231934,2.433735388913192,1,1,4,0,0,dirichlet_a0.5,42,no_attack,norm,B_iid_transfer_frozen,0.012898845250272921
4,0.05863510072231293,2.1997618675231934,2.411405037040822,1,1,4,0,0,dirichlet_a0.5,42,no_attack,norm,B_iid_transfer_frozen,0.012898845250272921
5,0.05863510072231293,2.1997618675231934,2.391270205960609,1,1,4,0,0,dirichlet_a0.5,42,no_attack,norm,B_iid_transfer_frozen,0.012898845250272921
0,0.1529247909784317,2.2087996006011963,2.688428970053792,0,0,0,5,0,dirichlet_a0.5,42,no_attack,cosine,A_condition_specific_oracle,-0.5062761484545466
1,0.14094707369804382,2.2183375358581543,2.632875057985075,0,0,0,5,0,dirichlet_a0.5,42,no_attack,cosine,A_condition_specific_oracle,-0.5062761484545466
2,0.08259052783250809,2.24459171295166,2.693707590107806,1,0,0,4,1,dirichlet_a0.5,42,no_attack,cosine,A_condition_specific_oracle,-0.5062761484545466
3,0.12186630070209503,2.2518975734710693,2.709449620102532,1,0,0,4,1,dirichlet_a0.5,42,no_attack,cosine,A_condition_specific_oracle,-0.5062761484545466
4,0.08300835639238358,2.2510664463043213,2.6768267600564286,1,0,0,4,1,dirichlet_a0.5,42,no_attack,cosine,A_condition_specific_oracle,-0.5062761484545466
5,0.11155989021062851,2.2247862815856934,2.690330345998518,1,0,0,4,1,dirichlet_a0.5,42,no_attack,cosine,A_condition_specific_oracle,-0.5062761484545466
0,0.05863510072231293,2.1997618675231934,2.7663431310793385,0,0,5,0,0,dirichlet_a0.5,42,no_attack,cosine,B_iid_transfer_frozen,0.8690693731871779
1,0.05863510072231293,2.1997618675231934,2.850538425031118,0,0,5,0,0,dirichlet_a0.5,42,no_attack,cosine,B_iid_transfer_frozen,0.8690693731871779
2,0.05863510072231293,2.1997618675231934,2.7540705230785534,1,1,4,0,0,dirichlet_a0.5,42,no_attack,cosine,B_iid_transfer_frozen,0.8690693731871779
3,0.05863510072231293,2.1997618675231934,2.788315770099871,1,1,4,0,0,dirichlet_a0.5,42,no_attack,cosine,B_iid_transfer_frozen,0.8690693731871779
4,0.05863510072231293,2.1997618675231934,2.790069286013022,1,1,4,0,0,dirichlet_a0.5,42,no_attack,cosine,B_iid_transfer_frozen,0.8690693731871779
5,0.05863510072231293,2.1997618675231934,2.8058622940443456,1,1,4,0,0,dirichlet_a0.5,42,no_attack,cosine,B_iid_transfer_frozen,0.8690693731871779
0,0.1529247909784317,2.2088024616241455,2.5204411450540647,0,0,0,5,0,dirichlet_a0.5,42,no_attack,sign_consensus,A_condition_specific_oracle,0.4046198996497207
1,0.11908078193664551,2.2159740924835205,2.5166755720274523,0,0,0,5,0,dirichlet_a0.5,42,no_attack,sign_consensus,A_condition_specific_oracle,0.4046198996497207
2,0.08245125412940979,2.2538576126098633,2.517478103050962,1,0,0,4,1,dirichlet_a0.5,42,no_attack,sign_consensus,A_condition_specific_oracle,0.4046198996497207
3,0.08245125412940979,2.2485947608947754,2.577043985016644,1,0,0,4,1,dirichlet_a0.5,42,no_attack,sign_consensus,A_condition_specific_oracle,0.4046198996497207
4,0.08245125412940979,2.250216484069824,2.540481208008714,1,0,0,4,1,dirichlet_a0.5,42,no_attack,sign_consensus,A_condition_specific_oracle,0.4046198996497207
5,0.09442897140979767,2.228226661682129,2.4748969790525734,1,0,0,4,1,dirichlet_a0.5,42,no_attack,sign_consensus,A_condition_specific_oracle,0.4046198996497207
0,0.1529247909784317,2.208798408508301,2.481818691943772,0,0,0,5,0,dirichlet_a0.5,42,no_attack,sign_consensus,B_iid_transfer_frozen,0.5656118467693558
1,0.11838440597057343,2.2159979343414307,2.443899990990758,0,0,0,5,0,dirichlet_a0.5,42,no_attack,sign_consensus,B_iid_transfer_frozen,0.5656118467693558
2,0.08245125412940979,2.2535789012908936,2.4800360130611807,1,0,0,4,1,dirichlet_a0.5,42,no_attack,sign_consensus,B_iid_transfer_frozen,0.5656118467693558
3,0.08245125412940979,2.249390125274658,2.5079148780787364,1,0,0,4,1,dirichlet_a0.5,42,no_attack,sign_consensus,B_iid_transfer_frozen,0.5656118467693558
4,0.08245125412940979,2.25075101852417,2.477120868046768,1,0,0,4,1,dirichlet_a0.5,42,no_attack,sign_consensus,B_iid_transfer_frozen,0.5656118467693558
5,0.09456824511289597,2.2276723384857178,2.53283212298993,1,0,0,4,1,dirichlet_a0.5,42,no_attack,sign_consensus,B_iid_transfer_frozen,0.5656118467693558
0,0.16281338036060333,2.190108060836792,2.536760693998076,0,,,,,dirichlet_a0.5,42,no_attack,median,not_applicable,
1,0.16935934126377106,2.242359161376953,2.525829399935901,0,,,,,dirichlet_a0.5,42,no_attack,median,not_applicable,
2,0.09791086614131927,2.329803466796875,2.578291707090102,1,,,,,dirichlet_a0.5,42,no_attack,median,not_applicable,
3,0.1717270165681839,2.3268885612487793,2.5485046120593324,1,,,,,dirichlet_a0.5,42,no_attack,median,not_applicable,
4,0.1715877503156662,2.34698224067688,2.5212596150813624,1,,,,,dirichlet_a0.5,42,no_attack,median,not_applicable,
5,0.1717270165681839,2.3532228469848633,2.5083735769148916,1,,,,,dirichlet_a0.5,42,no_attack,median,not_applicable,
0,0.15194986760616302,2.1963400840759277,2.5718660260317847,0,,,,,dirichlet_a0.5,42,no_attack,multi_krum,not_applicable,
1,0.10905292630195618,2.2711660861968994,2.510566351003945,0,,,,,dirichlet_a0.5,42,no_attack,multi_krum,not_applicable,
2,0.08245125412940979,2.3396432399749756,2.5900758230127394,1,,,,,dirichlet_a0.5,42,no_attack,multi_krum,not_applicable,
3,0.08356545865535736,2.354475975036621,2.5421311230165884,1,,,,,dirichlet_a0.5,42,no_attack,multi_krum,not_applicable,
4,0.0860724225640297,2.3635663986206055,2.5090810349211097,1,,,,,dirichlet_a0.5,42,no_attack,multi_krum,not_applicable,
5,0.15849582850933075,2.329251527786255,2.481580176972784,1,,,,,dirichlet_a0.5,42,no_attack,multi_krum,not_applicable,
0,0.1529247909784317,2.208801746368408,2.5331891160458326,0,,,,,dirichlet_a0.5,42,large_norm,fedavg,not_applicable,
1,0.1196378841996193,2.2158708572387695,2.4909891539718956,0,,,,,dirichlet_a0.5,42,large_norm,fedavg,not_applicable,
2,0.10320334881544113,219533152.0,2.5290360540384427,1,,,,,dirichlet_a0.5,42,large_norm,fedavg,not_applicable,
3,0.1863509863615036,nan,2.491210586973466,1,,,,,dirichlet_a0.5,42,large_norm,fedavg,not_applicable,
4,0.1863509863615036,nan,2.5338858630275354,1,,,,,dirichlet_a0.5,42,large_norm,fedavg,not_applicable,
5,0.1863509863615036,nan,2.4934150569606572,1,,,,,dirichlet_a0.5,42,large_norm,fedavg,not_applicable,
0,0.05863510072231293,2.1997618675231934,2.519656482967548,0,0,5,0,0,dirichlet_a0.5,42,large_norm,norm,A_condition_specific_oracle,0.14939126669739136
1,0.05863510072231293,2.1997618675231934,2.5152832419844344,0,0,5,0,0,dirichlet_a0.5,42,large_norm,norm,A_condition_specific_oracle,0.14939126669739136
2,0.05863510072231293,2.1997618675231934,2.5415077520301566,1,1,4,0,0,dirichlet_a0.5,42,large_norm,norm,A_condition_specific_oracle,0.14939126669739136
3,0.05863510072231293,2.1997618675231934,2.5025335650425404,1,1,4,0,0,dirichlet_a0.5,42,large_norm,norm,A_condition_specific_oracle,0.14939126669739136
4,0.05863510072231293,2.1997618675231934,2.2434056859929115,1,1,4,0,0,dirichlet_a0.5,42,large_norm,norm,A_condition_specific_oracle,0.14939126669739136
5,0.05863510072231293,2.1997618675231934,2.542609804891981,1,1,4,0,0,dirichlet_a0.5,42,large_norm,norm,A_condition_specific_oracle,0.14939126669739136
0,0.05863510072231293,2.1997618675231934,2.509323395905085,0,0,5,0,0,dirichlet_a0.5,42,large_norm,norm,B_iid_transfer_frozen,0.012898845250272921
1,0.05863510072231293,2.1997618675231934,2.5785574790788814,0,0,5,0,0,dirichlet_a0.5,42,large_norm,norm,B_iid_transfer_frozen,0.012898845250272921
2,0.05863510072231293,2.1997618675231934,2.5604491700651124,1,1,4,0,0,dirichlet_a0.5,42,large_norm,norm,B_iid_transfer_frozen,0.012898845250272921
3,0.05863510072231293,2.1997618675231934,2.5177622589981183,1,1,4,0,0,dirichlet_a0.5,42,large_norm,norm,B_iid_transfer_frozen,0.012898845250272921
4,0.05863510072231293,2.1997618675231934,2.5236370600759983,1,1,4,0,0,dirichlet_a0.5,42,large_norm,norm,B_iid_transfer_frozen,0.012898845250272921
5,0.05863510072231293,2.1997618675231934,2.5212993739405647,1,1,4,0,0,dirichlet_a0.5,42,large_norm,norm,B_iid_transfer_frozen,0.012898845250272921
0,0.1529247909784317,2.2088024616241455,2.8640284209977835,0,0,0,5,0,dirichlet_a0.5,42,large_norm,cosine,A_condition_specific_oracle,-0.5062761484545466
1,0.14038997888565063,2.218679189682007,2.7140465260017663,0,0,0,5,0,dirichlet_a0.5,42,large_norm,cosine,A_condition_specific_oracle,-0.5062761484545466
2,0.08077994734048843,55048620.0,2.7227332789916545,1,0,0,4,1,dirichlet_a0.5,42,large_norm,cosine,A_condition_specific_oracle,-0.5062761484545466
3,0.08077994734048843,55048620.0,2.8208928799722344,1,1,4,0,0,dirichlet_a0.5,42,large_norm,cosine,A_condition_specific_oracle,-0.5062761484545466
4,0.08830083906650543,734367296.0,2.8867868550587445,1,0,2,2,1,dirichlet_a0.5,42,large_norm,cosine,A_condition_specific_oracle,-0.5062761484545466
5,0.08830083906650543,158305184.0,2.9333650959888473,1,0,0,4,1,dirichlet_a0.5,42,large_norm,cosine,A_condition_specific_oracle,-0.5062761484545466
0,0.05863510072231293,2.1997618675231934,2.8245115419849753,0,0,5,0,0,dirichlet_a0.5,42,large_norm,cosine,B_iid_transfer_frozen,0.8690693731871779
1,0.05863510072231293,2.1997618675231934,2.894052025047131,0,0,5,0,0,dirichlet_a0.5,42,large_norm,cosine,B_iid_transfer_frozen,0.8690693731871779
2,0.05863510072231293,2.1997618675231934,2.8663702870253474,1,1,4,0,0,dirichlet_a0.5,42,large_norm,cosine,B_iid_transfer_frozen,0.8690693731871779
3,0.05863510072231293,2.1997618675231934,2.702158439089544,1,1,4,0,0,dirichlet_a0.5,42,large_norm,cosine,B_iid_transfer_frozen,0.8690693731871779
4,0.05863510072231293,2.1997618675231934,2.7578875569161028,1,1,4,0,0,dirichlet_a0.5,42,large_norm,cosine,B_iid_transfer_frozen,0.8690693731871779
5,0.05863510072231293,2.1997618675231934,2.7124268749030307,1,1,4,0,0,dirichlet_a0.5,42,large_norm,cosine,B_iid_transfer_frozen,0.8690693731871779
0,0.1529247909784317,2.2088019847869873,2.574208191013895,0,0,0,5,0,dirichlet_a0.5,42,large_norm,sign_consensus,A_condition_specific_oracle,0.4046198996497207
1,0.1192200556397438,2.215836524963379,2.487413316965103,0,0,0,5,0,dirichlet_a0.5,42,large_norm,sign_consensus,A_condition_specific_oracle,0.4046198996497207
2,0.10320334881544113,219533664.0,2.5772619240451604,1,0,0,4,1,dirichlet_a0.5,42,large_norm,sign_consensus,A_condition_specific_oracle,0.4046198996497207
3,0.10320334881544113,219533664.0,2.582798875984736,1,1,4,0,0,dirichlet_a0.5,42,large_norm,sign_consensus,A_condition_specific_oracle,0.4046198996497207
4,0.10320334881544113,219533664.0,2.523899369989522,1,1,4,0,0,dirichlet_a0.5,42,large_norm,sign_consensus,A_condition_specific_oracle,0.4046198996497207
5,0.10320334881544113,219533664.0,2.5932309170020744,1,1,4,0,0,dirichlet_a0.5,42,large_norm,sign_consensus,A_condition_specific_oracle,0.4046198996497207
0,0.1529247909784317,2.208801031112671,2.5687593480106443,0,0,0,5,0,dirichlet_a0.5,42,large_norm,sign_consensus,B_iid_transfer_frozen,0.5656118467693558
1,0.1193593367934227,2.2159881591796875,2.6204776079393923,0,0,0,5,0,dirichlet_a0.5,42,large_norm,sign_consensus,B_iid_transfer_frozen,0.5656118467693558
2,0.10320334881544113,136363622400.0,2.4894743519835174,1,0,4,0,1,dirichlet_a0.5,42,large_norm,sign_consensus,B_iid_transfer_frozen,0.5656118467693558
3,0.10320334881544113,136363622400.0,2.5538172249216586,1,1,4,0,0,dirichlet_a0.5,42,large_norm,sign_consensus,B_iid_transfer_frozen,0.5656118467693558
4,0.10320334881544113,136363622400.0,2.543547797948122,1,1,4,0,0,dirichlet_a0.5,42,large_norm,sign_consensus,B_iid_transfer_frozen,0.5656118467693558
5,0.10320334881544113,136363622400.0,2.50923246901948,1,1,4,0,0,dirichlet_a0.5,42,large_norm,sign_consensus,B_iid_transfer_frozen,0.5656118467693558
0,0.16281338036060333,2.19010853767395,2.6659144619479775,0,,,,,dirichlet_a0.5,42,large_norm,median,not_applicable,
1,0.16935934126377106,2.2422826290130615,2.5439944369718432,0,,,,,dirichlet_a0.5,42,large_norm,median,not_applicable,
2,0.1717270165681839,2.2788755893707275,2.7087318799458444,1,,,,,dirichlet_a0.5,42,large_norm,median,not_applicable,
3,0.1717270165681839,2.309142589569092,2.962013220996596,1,,,,,dirichlet_a0.5,42,large_norm,median,not_applicable,
4,0.16880223155021667,2.30865740776062,2.665012379991822,1,,,,,dirichlet_a0.5,42,large_norm,median,not_applicable,
5,0.16629527509212494,2.423067092895508,2.6087821470573545,1,,,,,dirichlet_a0.5,42,large_norm,median,not_applicable,
0,0.15194986760616302,2.1963417530059814,2.699318535043858,0,,,,,dirichlet_a0.5,42,large_norm,multi_krum,not_applicable,
1,0.10905292630195618,2.2711267471313477,2.470537466928363,0,,,,,dirichlet_a0.5,42,large_norm,multi_krum,not_applicable,
2,0.17103064060211182,2.2425458431243896,2.703421432990581,1,,,,,dirichlet_a0.5,42,large_norm,multi_krum,not_applicable,
3,0.1714484691619873,2.2667548656463623,2.6899893360678107,1,,,,,dirichlet_a0.5,42,large_norm,multi_krum,not_applicable,
4,0.11490251123905182,2.261590003967285,2.6883050330216065,1,,,,,dirichlet_a0.5,42,large_norm,multi_krum,not_applicable,
5,0.11894150823354721,2.269057273864746,2.6941361560020596,1,,,,,dirichlet_a0.5,42,large_norm,multi_krum,not_applicable,
0,0.1529247909784317,2.20880126953125,2.6119885399239138,0,,,,,dirichlet_a0.5,42,low_norm,fedavg,not_applicable,
1,0.11838440597057343,2.2158820629119873,2.6091709099709988,0,,,,,dirichlet_a0.5,42,low_norm,fedavg,not_applicable,
2,0.14623956382274628,2.2363460063934326,2.6525176449213177,1,,,,,dirichlet_a0.5,42,low_norm,fedavg,not_applicable,
3,0.15598885715007782,2.2503693103790283,2.5982593700755388,1,,,,,dirichlet_a0.5,42,low_norm,fedavg,not_applicable,
4,0.14860723912715912,2.2648322582244873,2.6395949160214514,1,,,,,dirichlet_a0.5,42,low_norm,fedavg,not_applicable,
5,0.1714484691619873,2.2526984214782715,2.6144254059763625,1,,,,,dirichlet_a0.5,42,low_norm,fedavg,not_applicable,
0,0.05863510072231293,2.1997618675231934,2.6410281650023535,0,0,5,0,0,dirichlet_a0.5,42,low_norm,norm,A_condition_specific_oracle,0.14939126669739136
1,0.05863510072231293,2.1997618675231934,2.5994352540001273,0,0,5,0,0,dirichlet_a0.5,42,low_norm,norm,A_condition_specific_oracle,0.14939126669739136
2,0.05863510072231293,2.1999332904815674,2.585337705910206,1,0,4,0,1,dirichlet_a0.5,42,low_norm,norm,A_condition_specific_oracle,0.14939126669739136
3,0.05863510072231293,2.2001023292541504,2.715096822939813,1,0,4,0,1,dirichlet_a0.5,42,low_norm,norm,A_condition_specific_oracle,0.14939126669739136
4,0.05863510072231293,2.200275182723999,2.693379860953428,1,0,4,0,1,dirichlet_a0.5,42,low_norm,norm,A_condition_specific_oracle,0.14939126669739136
5,0.05863510072231293,2.2004480361938477,2.7146689080400392,1,0,4,0,1,dirichlet_a0.5,42,low_norm,norm,A_condition_specific_oracle,0.14939126669739136
0,0.05863510072231293,2.1997618675231934,2.4623415550449863,0,0,5,0,0,dirichlet_a0.5,42,low_norm,norm,B_iid_transfer_frozen,0.012898845250272921
1,0.05863510072231293,2.1997618675231934,2.504478120012209,0,0,5,0,0,dirichlet_a0.5,42,low_norm,norm,B_iid_transfer_frozen,0.012898845250272921
2,0.05863510072231293,2.1999332904815674,2.5057781039504334,1,0,4,0,1,dirichlet_a0.5,42,low_norm,norm,B_iid_transfer_frozen,0.012898845250272921
3,0.05863510072231293,2.2001025676727295,2.4616766329854727,1,0,4,0,1,dirichlet_a0.5,42,low_norm,norm,B_iid_transfer_frozen,0.012898845250272921
4,0.05863510072231293,2.200275182723999,2.449901817017235,1,0,4,0,1,dirichlet_a0.5,42,low_norm,norm,B_iid_transfer_frozen,0.012898845250272921
5,0.05863510072231293,2.2004480361938477,2.4138510869815946,1,0,4,0,1,dirichlet_a0.5,42,low_norm,norm,B_iid_transfer_frozen,0.012898845250272921
0,0.1529247909784317,2.208801507949829,2.475949678104371,0,0,0,5,0,dirichlet_a0.5,42,low_norm,cosine,A_condition_specific_oracle,-0.5062761484545466
1,0.14052924513816833,2.2186968326568604,2.7846060029696673,0,0,0,5,0,dirichlet_a0.5,42,low_norm,cosine,A_condition_specific_oracle,-0.5062761484545466
2,0.16852368414402008,2.236241579055786,2.7270871880464256,1,0,0,4,1,dirichlet_a0.5,42,low_norm,cosine,A_condition_specific_oracle,-0.5062761484545466
3,0.1717270165681839,2.251641035079956,2.773073296993971,1,0,0,4,1,dirichlet_a0.5,42,low_norm,cosine,A_condition_specific_oracle,-0.5062761484545466
4,0.17033426463603973,2.255268096923828,2.7051273899851367,1,0,0,4,1,dirichlet_a0.5,42,low_norm,cosine,A_condition_specific_oracle,-0.5062761484545466
5,0.1717270165681839,2.2484335899353027,2.735163612989709,1,0,0,4,1,dirichlet_a0.5,42,low_norm,cosine,A_condition_specific_oracle,-0.5062761484545466
0,0.05863510072231293,2.1997618675231934,2.7125318250618875,0,0,5,0,0,dirichlet_a0.5,42,low_norm,cosine,B_iid_transfer_frozen,0.8690693731871779
1,0.05863510072231293,2.1997618675231934,2.6769404920050874,0,0,5,0,0,dirichlet_a0.5,42,low_norm,cosine,B_iid_transfer_frozen,0.8690693731871779
2,0.05863510072231293,2.1997618675231934,2.7232528049498796,1,1,4,0,0,dirichlet_a0.5,42,low_norm,cosine,B_iid_transfer_frozen,0.8690693731871779
3,0.05863510072231293,2.1997618675231934,2.7188214709749445,1,1,4,0,0,dirichlet_a0.5,42,low_norm,cosine,B_iid_transfer_frozen,0.8690693731871779
4,0.05863510072231293,2.1997618675231934,2.7359259669901803,1,1,4,0,0,dirichlet_a0.5,42,low_norm,cosine,B_iid_transfer_frozen,0.8690693731871779
5,0.05863510072231293,2.1997618675231934,2.7172902529127896,1,1,4,0,0,dirichlet_a0.5,42,low_norm,cosine,B_iid_transfer_frozen,0.8690693731871779
0,0.1529247909784317,2.208799362182617,2.4362151839304715,0,0,0,5,0,dirichlet_a0.5,42,low_norm,sign_consensus,A_condition_specific_oracle,0.4046198996497207
1,0.11810585111379623,2.215973377227783,2.445265043992549,0,0,0,5,0,dirichlet_a0.5,42,low_norm,sign_consensus,A_condition_specific_oracle,0.4046198996497207
2,0.14665739238262177,2.2364659309387207,2.46676474402193,1,0,0,4,1,dirichlet_a0.5,42,low_norm,sign_consensus,A_condition_specific_oracle,0.4046198996497207
3,0.15724234282970428,2.25108003616333,2.445165217970498,1,0,0,4,1,dirichlet_a0.5,42,low_norm,sign_consensus,A_condition_specific_oracle,0.4046198996497207
4,0.14818942546844482,2.2652318477630615,2.4495804900070652,1,0,0,4,1,dirichlet_a0.5,42,low_norm,sign_consensus,A_condition_specific_oracle,0.4046198996497207
5,0.1714484691619873,2.2531862258911133,2.439086467027664,1,0,0,4,1,dirichlet_a0.5,42,low_norm,sign_consensus,A_condition_specific_oracle,0.4046198996497207
0,0.1529247909784317,2.208801746368408,2.431507474044338,0,0,0,5,0,dirichlet_a0.5,42,low_norm,sign_consensus,B_iid_transfer_frozen,0.5656118467693558
1,0.11852367967367172,2.2159245014190674,2.455187091953121,0,0,0,5,0,dirichlet_a0.5,42,low_norm,sign_consensus,B_iid_transfer_frozen,0.5656118467693558
2,0.14707520604133606,2.2362685203552246,2.436675196979195,1,0,0,4,1,dirichlet_a0.5,42,low_norm,sign_consensus,B_iid_transfer_frozen,0.5656118467693558
3,0.15766017138957977,2.250405788421631,2.465771486982703,1,0,0,4,1,dirichlet_a0.5,42,low_norm,sign_consensus,B_iid_transfer_frozen,0.5656118467693558
4,0.1491643488407135,2.264860153198242,2.4608311930205673,1,0,0,4,1,dirichlet_a0.5,42,low_norm,sign_consensus,B_iid_transfer_frozen,0.5656118467693558
5,0.1714484691619873,2.252988338470459,2.4519980089971796,1,0,0,4,1,dirichlet_a0.5,42,low_norm,sign_consensus,B_iid_transfer_frozen,0.5656118467693558
0,0.16281338036060333,2.190108299255371,2.47528940893244,0,,,,,dirichlet_a0.5,42,low_norm,median,not_applicable,
1,0.16935934126377106,2.2426366806030273,2.4818956619128585,0,,,,,dirichlet_a0.5,42,low_norm,median,not_applicable,
2,0.1717270165681839,2.26406192779541,2.523263516020961,1,,,,,dirichlet_a0.5,42,low_norm,median,not_applicable,
3,0.1717270165681839,2.2793028354644775,2.6309760700678453,1,,,,,dirichlet_a0.5,42,low_norm,median,not_applicable,
4,0.1717270165681839,2.296745538711548,2.584255337016657,1,,,,,dirichlet_a0.5,42,low_norm,median,not_applicable,
5,0.1717270165681839,2.2991132736206055,2.554376445012167,1,,,,,dirichlet_a0.5,42,low_norm,median,not_applicable,
0,0.15208913385868073,2.196338653564453,2.50974499899894,0,,,,,dirichlet_a0.5,42,low_norm,multi_krum,not_applicable,
1,0.10863509774208069,2.2711191177368164,2.7597372609889135,0,,,,,dirichlet_a0.5,42,low_norm,multi_krum,not_applicable,
2,0.16114206612110138,2.31807017326355,2.4730466359760612,1,,,,,dirichlet_a0.5,42,low_norm,multi_krum,not_applicable,
3,0.1717270165681839,2.3573954105377197,2.500648590037599,1,,,,,dirichlet_a0.5,42,low_norm,multi_krum,not_applicable,
4,0.1717270165681839,2.391545057296753,2.6169946580193937,1,,,,,dirichlet_a0.5,42,low_norm,multi_krum,not_applicable,
5,0.1717270165681839,2.382260322570801,2.597061228007078,1,,,,,dirichlet_a0.5,42,low_norm,multi_krum,not_applicable,
0,0.1529247909784317,2.2087998390197754,2.5950273140333593,0,,,,,dirichlet_a0.5,42,full_sign_flip,fedavg,not_applicable,
1,0.11810585111379623,2.215930938720703,2.4918364390032366,0,,,,,dirichlet_a0.5,42,full_sign_flip,fedavg,not_applicable,
2,0.1717270165681839,2.2673070430755615,2.469457925995812,1,,,,,dirichlet_a0.5,42,full_sign_flip,fedavg,not_applicable,
3,0.1717270165681839,2.3660831451416016,2.4586251019500196,1,,,,,dirichlet_a0.5,42,full_sign_flip,fedavg,not_applicable,
4,0.1717270165681839,2.450510025024414,2.4541901809861884,1,,,,,dirichlet_a0.5,42,full_sign_flip,fedavg,not_applicable,
5,0.1717270165681839,2.4893851280212402,2.412806759006344,1,,,,,dirichlet_a0.5,42,full_sign_flip,fedavg,not_applicable,
0,0.05863510072231293,2.1997618675231934,2.422188385971822,0,0,5,0,0,dirichlet_a0.5,42,full_sign_flip,norm,A_condition_specific_oracle,0.14939126669739136
1,0.05863510072231293,2.1997618675231934,2.474205915001221,0,0,5,0,0,dirichlet_a0.5,42,full_sign_flip,norm,A_condition_specific_oracle,0.14939126669739136
2,0.05863510072231293,2.1997618675231934,2.4977900810772553,1,1,4,0,0,dirichlet_a0.5,42,full_sign_flip,norm,A_condition_specific_oracle,0.14939126669739136
3,0.05863510072231293,2.1997618675231934,2.5175514259608462,1,1,4,0,0,dirichlet_a0.5,42,full_sign_flip,norm,A_condition_specific_oracle,0.14939126669739136
4,0.05863510072231293,2.1997618675231934,2.533188941073604,1,1,4,0,0,dirichlet_a0.5,42,full_sign_flip,norm,A_condition_specific_oracle,0.14939126669739136
5,0.05863510072231293,2.1997618675231934,2.5617118059890345,1,1,4,0,0,dirichlet_a0.5,42,full_sign_flip,norm,A_condition_specific_oracle,0.14939126669739136
0,0.05863510072231293,2.1997618675231934,2.4377504490548745,0,0,5,0,0,dirichlet_a0.5,42,full_sign_flip,norm,B_iid_transfer_frozen,0.012898845250272921
1,0.05863510072231293,2.1997618675231934,2.467740353080444,0,0,5,0,0,dirichlet_a0.5,42,full_sign_flip,norm,B_iid_transfer_frozen,0.012898845250272921
2,0.05863510072231293,2.1997618675231934,2.443767815013416,1,1,4,0,0,dirichlet_a0.5,42,full_sign_flip,norm,B_iid_transfer_frozen,0.012898845250272921
3,0.05863510072231293,2.1997618675231934,2.4322857320075855,1,1,4,0,0,dirichlet_a0.5,42,full_sign_flip,norm,B_iid_transfer_frozen,0.012898845250272921
4,0.05863510072231293,2.1997618675231934,2.4439259089995176,1,1,4,0,0,dirichlet_a0.5,42,full_sign_flip,norm,B_iid_transfer_frozen,0.012898845250272921
5,0.05863510072231293,2.1997618675231934,2.393145508947782,1,1,4,0,0,dirichlet_a0.5,42,full_sign_flip,norm,B_iid_transfer_frozen,0.012898845250272921
0,0.1529247909784317,2.2088022232055664,2.6572281419066712,0,0,0,5,0,dirichlet_a0.5,42,full_sign_flip,cosine,A_condition_specific_oracle,-0.5062761484545466
1,0.14108635485172272,2.2186431884765625,2.741637262981385,0,0,0,5,0,dirichlet_a0.5,42,full_sign_flip,cosine,A_condition_specific_oracle,-0.5062761484545466
2,0.1717270165681839,2.272456407546997,2.7293441959191114,1,0,0,4,1,dirichlet_a0.5,42,full_sign_flip,cosine,A_condition_specific_oracle,-0.5062761484545466
3,0.1717270165681839,2.26275897026062,2.8480188890825957,1,1,0,4,0,dirichlet_a0.5,42,full_sign_flip,cosine,A_condition_specific_oracle,-0.5062761484545466
4,0.1717270165681839,2.358661413192749,2.7951126889092848,1,0,0,4,1,dirichlet_a0.5,42,full_sign_flip,cosine,A_condition_specific_oracle,-0.5062761484545466
5,0.1717270165681839,2.2555577754974365,2.9038897389546037,1,1,0,4,0,dirichlet_a0.5,42,full_sign_flip,cosine,A_condition_specific_oracle,-0.5062761484545466
0,0.05863510072231293,2.1997618675231934,2.7248891439521685,0,0,5,0,0,dirichlet_a0.5,42,full_sign_flip,cosine,B_iid_transfer_frozen,0.8690693731871779
1,0.05863510072231293,2.1997618675231934,2.82813666400034,0,0,5,0,0,dirichlet_a0.5,42,full_sign_flip,cosine,B_iid_transfer_frozen,0.8690693731871779
2,0.05863510072231293,2.1997618675231934,2.7268762310268357,1,1,4,0,0,dirichlet_a0.5,42,full_sign_flip,cosine,B_iid_transfer_frozen,0.8690693731871779
3,0.05863510072231293,2.1997618675231934,2.72341327695176,1,1,4,0,0,dirichlet_a0.5,42,full_sign_flip,cosine,B_iid_transfer_frozen,0.8690693731871779
4,0.05863510072231293,2.1997618675231934,2.6952059760224074,1,1,4,0,0,dirichlet_a0.5,42,full_sign_flip,cosine,B_iid_transfer_frozen,0.8690693731871779
5,0.05863510072231293,2.1997618675231934,2.7021159069845453,1,1,4,0,0,dirichlet_a0.5,42,full_sign_flip,cosine,B_iid_transfer_frozen,0.8690693731871779
0,0.1529247909784317,2.20879864692688,2.4561505680903792,0,0,0,5,0,dirichlet_a0.5,42,full_sign_flip,sign_consensus,A_condition_specific_oracle,0.4046198996497207
1,0.11894150823354721,2.2159647941589355,2.4784513739869,0,0,0,5,0,dirichlet_a0.5,42,full_sign_flip,sign_consensus,A_condition_specific_oracle,0.4046198996497207
2,0.1717270165681839,2.267777442932129,2.4581038099713624,1,0,0,4,1,dirichlet_a0.5,42,full_sign_flip,sign_consensus,A_condition_specific_oracle,0.4046198996497207
3,0.1717270165681839,2.36660099029541,2.484831213951111,1,0,0,4,1,dirichlet_a0.5,42,full_sign_flip,sign_consensus,A_condition_specific_oracle,0.4046198996497207
4,0.1717270165681839,2.4512875080108643,2.5007739550201222,1,0,0,4,1,dirichlet_a0.5,42,full_sign_flip,sign_consensus,A_condition_specific_oracle,0.4046198996497207
5,0.1717270165681839,2.4893808364868164,2.4682565110269934,1,0,0,4,1,dirichlet_a0.5,42,full_sign_flip,sign_consensus,A_condition_specific_oracle,0.4046198996497207
0,0.1529247909784317,2.2087996006011963,2.510143980034627,0,0,0,5,0,dirichlet_a0.5,42,full_sign_flip,sign_consensus,B_iid_transfer_frozen,0.5656118467693558
1,0.1192200556397438,2.215867042541504,2.5014372899895534,0,0,0,5,0,dirichlet_a0.5,42,full_sign_flip,sign_consensus,B_iid_transfer_frozen,0.5656118467693558
2,0.10264623910188675,2.393092155456543,2.5178902780171484,1,0,1,3,1,dirichlet_a0.5,42,full_sign_flip,sign_consensus,B_iid_transfer_frozen,0.5656118467693558
3,0.17019498348236084,2.269350290298462,2.547776652034372,1,1,0,4,0,dirichlet_a0.5,42,full_sign_flip,sign_consensus,B_iid_transfer_frozen,0.5656118467693558
4,0.11894150823354721,2.590573310852051,2.487123536062427,1,0,1,3,1,dirichlet_a0.5,42,full_sign_flip,sign_consensus,B_iid_transfer_frozen,0.5656118467693558
5,0.1717270165681839,2.2752914428710938,2.4938211879925802,1,1,0,4,0,dirichlet_a0.5,42,full_sign_flip,sign_consensus,B_iid_transfer_frozen,0.5656118467693558
0,0.16281338036060333,2.190107822418213,2.450207563000731,0,,,,,dirichlet_a0.5,42,full_sign_flip,median,not_applicable,
1,0.16922006011009216,2.2427291870117188,2.529109727940522,0,,,,,dirichlet_a0.5,42,full_sign_flip,median,not_applicable,
2,0.1717270165681839,2.3166255950927734,2.465356371947564,1,,,,,dirichlet_a0.5,42,full_sign_flip,median,not_applicable,
3,0.1717270165681839,2.4581949710845947,2.4735431340523064,1,,,,,dirichlet_a0.5,42,full_sign_flip,median,not_applicable,
4,0.1717270165681839,2.531247854232788,2.484663191018626,1,,,,,dirichlet_a0.5,42,full_sign_flip,median,not_applicable,
5,0.1717270165681839,2.5485918521881104,2.4986828149994835,1,,,,,dirichlet_a0.5,42,full_sign_flip,median,not_applicable,
0,0.15194986760616302,2.1963417530059814,2.582484793034382,0,,,,,dirichlet_a0.5,42,full_sign_flip,multi_krum,not_applicable,
1,0.1080779954791069,2.2714502811431885,2.4870682230684906,0,,,,,dirichlet_a0.5,42,full_sign_flip,multi_krum,not_applicable,
2,0.1717270165681839,2.351611375808716,2.566719215014018,1,,,,,dirichlet_a0.5,42,full_sign_flip,multi_krum,not_applicable,
3,0.1717270165681839,2.5118088722229004,2.519214752013795,1,,,,,dirichlet_a0.5,42,full_sign_flip,multi_krum,not_applicable,
4,0.1715877503156662,2.267979621887207,2.5245321840047836,1,,,,,dirichlet_a0.5,42,full_sign_flip,multi_krum,not_applicable,
5,0.1717270165681839,2.446789503097534,2.6165784089826047,1,,,,,dirichlet_a0.5,42,full_sign_flip,multi_krum,not_applicable,
0,0.1529247909784317,2.2088003158569336,2.46370919898618,0,,,,,dirichlet_a0.5,42,directional_poisoning,fedavg,not_applicable,
1,0.11782730370759964,2.2159366607666016,2.438859967980534,0,,,,,dirichlet_a0.5,42,directional_poisoning,fedavg,not_applicable,
2,0.1717270165681839,2.2671661376953125,2.3351968319620937,1,,,,,dirichlet_a0.5,42,directional_poisoning,fedavg,not_applicable,
3,0.1717270165681839,2.3656835556030273,2.544063756009564,1,,,,,dirichlet_a0.5,42,directional_poisoning,fedavg,not_applicable,
4,0.1717270165681839,2.449885129928589,2.5627316780155525,1,,,,,dirichlet_a0.5,42,directional_poisoning,fedavg,not_applicable,
5,0.1717270165681839,2.4885222911834717,2.3073266259161755,1,,,,,dirichlet_a0.5,42,directional_poisoning,fedavg,not_applicable,
0,0.05863510072231293,2.1997618675231934,2.230772859067656,0,0,5,0,0,dirichlet_a0.5,42,directional_poisoning,norm,A_condition_specific_oracle,0.14939126669739136
1,0.05863510072231293,2.1997618675231934,2.479771096026525,0,0,5,0,0,dirichlet_a0.5,42,directional_poisoning,norm,A_condition_specific_oracle,0.14939126669739136
2,0.05863510072231293,2.1997618675231934,2.5210167249897495,1,1,4,0,0,dirichlet_a0.5,42,directional_poisoning,norm,A_condition_specific_oracle,0.14939126669739136
3,0.05863510072231293,2.1997618675231934,2.5031125529203564,1,1,4,0,0,dirichlet_a0.5,42,directional_poisoning,norm,A_condition_specific_oracle,0.14939126669739136
4,0.05863510072231293,2.1997618675231934,2.549488950986415,1,1,4,0,0,dirichlet_a0.5,42,directional_poisoning,norm,A_condition_specific_oracle,0.14939126669739136
5,0.05863510072231293,2.1997618675231934,2.53549755201675,1,1,4,0,0,dirichlet_a0.5,42,directional_poisoning,norm,A_condition_specific_oracle,0.14939126669739136
0,0.05863510072231293,2.1997618675231934,2.5238651579711586,0,0,5,0,0,dirichlet_a0.5,42,directional_poisoning,norm,B_iid_transfer_frozen,0.012898845250272921
1,0.05863510072231293,2.1997618675231934,2.4643349800026044,0,0,5,0,0,dirichlet_a0.5,42,directional_poisoning,norm,B_iid_transfer_frozen,0.012898845250272921
2,0.05863510072231293,2.1997618675231934,2.490623210091144,1,1,4,0,0,dirichlet_a0.5,42,directional_poisoning,norm,B_iid_transfer_frozen,0.012898845250272921
3,0.05863510072231293,2.1997618675231934,2.5575853009941056,1,1,4,0,0,dirichlet_a0.5,42,directional_poisoning,norm,B_iid_transfer_frozen,0.012898845250272921
4,0.05863510072231293,2.1997618675231934,2.461633427068591,1,1,4,0,0,dirichlet_a0.5,42,directional_poisoning,norm,B_iid_transfer_frozen,0.012898845250272921
5,0.05863510072231293,2.1997618675231934,2.4828650939743966,1,1,4,0,0,dirichlet_a0.5,42,directional_poisoning,norm,B_iid_transfer_frozen,0.012898845250272921
0,0.1529247909784317,2.208798885345459,2.843079839949496,0,0,0,5,0,dirichlet_a0.5,42,directional_poisoning,cosine,A_condition_specific_oracle,-0.5062761484545466
1,0.1420612782239914,2.21867299079895,2.844370639999397,0,0,0,5,0,dirichlet_a0.5,42,directional_poisoning,cosine,A_condition_specific_oracle,-0.5062761484545466
2,0.1717270165681839,2.272583484649658,2.743696531979367,1,0,0,4,1,dirichlet_a0.5,42,directional_poisoning,cosine,A_condition_specific_oracle,-0.5062761484545466
3,0.1717270165681839,2.262934923171997,2.919200336909853,1,1,0,4,0,dirichlet_a0.5,42,directional_poisoning,cosine,A_condition_specific_oracle,-0.5062761484545466
4,0.1717270165681839,2.358215570449829,2.765651381923817,1,0,0,4,1,dirichlet_a0.5,42,directional_poisoning,cosine,A_condition_specific_oracle,-0.5062761484545466
5,0.1717270165681839,2.25583553314209,2.9024855829775333,1,1,0,4,0,dirichlet_a0.5,42,directional_poisoning,cosine,A_condition_specific_oracle,-0.5062761484545466
0,0.05863510072231293,2.1997618675231934,2.8654004209674895,0,0,5,0,0,dirichlet_a0.5,42,directional_poisoning,cosine,B_iid_transfer_frozen,0.8690693731871779
1,0.05863510072231293,2.1997618675231934,2.679740555002354,0,0,5,0,0,dirichlet_a0.5,42,directional_poisoning,cosine,B_iid_transfer_frozen,0.8690693731871779
2,0.05863510072231293,2.1997618675231934,2.6766311419196427,1,1,4,0,0,dirichlet_a0.5,42,directional_poisoning,cosine,B_iid_transfer_frozen,0.8690693731871779
3,0.05863510072231293,2.1997618675231934,2.642686136998236,1,1,4,0,0,dirichlet_a0.5,42,directional_poisoning,cosine,B_iid_transfer_frozen,0.8690693731871779
4,0.05863510072231293,2.1997618675231934,2.713708146009594,1,1,4,0,0,dirichlet_a0.5,42,directional_poisoning,cosine,B_iid_transfer_frozen,0.8690693731871779
5,0.05863510072231293,2.1997618675231934,2.7166222549276426,1,1,4,0,0,dirichlet_a0.5,42,directional_poisoning,cosine,B_iid_transfer_frozen,0.8690693731871779
0,0.1529247909784317,2.208801031112671,2.4688558110501617,0,0,0,5,0,dirichlet_a0.5,42,directional_poisoning,sign_consensus,A_condition_specific_oracle,0.4046198996497207
1,0.1192200556397438,2.2157883644104004,2.4314123439835384,0,0,0,5,0,dirichlet_a0.5,42,directional_poisoning,sign_consensus,A_condition_specific_oracle,0.4046198996497207
2,0.1717270165681839,2.2673823833465576,2.4001343190902844,1,0,0,4,1,dirichlet_a0.5,42,directional_poisoning,sign_consensus,A_condition_specific_oracle,0.4046198996497207
3,0.1717270165681839,2.36612606048584,2.3981864659581333,1,0,0,4,1,dirichlet_a0.5,42,directional_poisoning,sign_consensus,A_condition_specific_oracle,0.4046198996497207
4,0.1717270165681839,2.449986457824707,2.4163741250522435,1,0,0,4,1,dirichlet_a0.5,42,directional_poisoning,sign_consensus,A_condition_specific_oracle,0.4046198996497207
5,0.1717270165681839,2.4889135360717773,2.409938044962473,1,0,0,4,1,dirichlet_a0.5,42,directional_poisoning,sign_consensus,A_condition_specific_oracle,0.4046198996497207
0,0.1529247909784317,2.20880126953125,2.3895523470127955,0,0,0,5,0,dirichlet_a0.5,42,directional_poisoning,sign_consensus,B_iid_transfer_frozen,0.5656118467693558
1,0.11894150823354721,2.2159037590026855,2.4142488830257207,0,0,0,5,0,dirichlet_a0.5,42,directional_poisoning,sign_consensus,B_iid_transfer_frozen,0.5656118467693558
2,0.10264623910188675,2.3934314250946045,2.38705730100628,1,0,1,3,1,dirichlet_a0.5,42,directional_poisoning,sign_consensus,B_iid_transfer_frozen,0.5656118467693558
3,0.17005571722984314,2.269399881362915,2.397573938011192,1,1,0,4,0,dirichlet_a0.5,42,directional_poisoning,sign_consensus,B_iid_transfer_frozen,0.5656118467693558
4,0.11852367967367172,2.5901312828063965,2.4350418109679595,1,0,1,3,1,dirichlet_a0.5,42,directional_poisoning,sign_consensus,B_iid_transfer_frozen,0.5656118467693558
5,0.1717270165681839,2.2758727073669434,2.305233974941075,1,1,0,4,0,dirichlet_a0.5,42,directional_poisoning,sign_consensus,B_iid_transfer_frozen,0.5656118467693558
0,0.16281338036060333,2.190108060836792,2.358454135945067,0,,,,,dirichlet_a0.5,42,directional_poisoning,median,not_applicable,
1,0.16935934126377106,2.2425460815429688,2.298593041021377,0,,,,,dirichlet_a0.5,42,directional_poisoning,median,not_applicable,
2,0.1717270165681839,2.316089630126953,2.426262460066937,1,,,,,dirichlet_a0.5,42,directional_poisoning,median,not_applicable,
3,0.1717270165681839,2.45629620552063,2.5211362179834396,1,,,,,dirichlet_a0.5,42,directional_poisoning,median,not_applicable,
4,0.1717270165681839,2.5297200679779053,2.531498849974014,1,,,,,dirichlet_a0.5,42,directional_poisoning,median,not_applicable,
5,0.1717270165681839,2.5428545475006104,2.5198370730504394,1,,,,,dirichlet_a0.5,42,directional_poisoning,median,not_applicable,
0,0.15194986760616302,2.1963369846343994,2.443790441029705,0,,,,,dirichlet_a0.5,42,directional_poisoning,multi_krum,not_applicable,
1,0.10905292630195618,2.2711338996887207,2.431726437062025,0,,,,,dirichlet_a0.5,42,directional_poisoning,multi_krum,not_applicable,
2,0.1717270165681839,2.351616859436035,2.279408206115477,1,,,,,dirichlet_a0.5,42,directional_poisoning,multi_krum,not_applicable,
3,0.1717270165681839,2.51267147064209,2.498494254075922,1,,,,,dirichlet_a0.5,42,directional_poisoning,multi_krum,not_applicable,
4,0.1715877503156662,2.268167495727539,2.4770435630343854,1,,,,,dirichlet_a0.5,42,directional_poisoning,multi_krum,not_applicable,
5,0.1717270165681839,2.4468460083007812,2.44904824194964,1,,,,,dirichlet_a0.5,42,directional_poisoning,multi_krum,not_applicable,
0,0.1529247909784317,2.208801507949829,2.5631512469844893,0,,,,,dirichlet_a0.5,42,sparse_coordinate_attack,fedavg,not_applicable,
1,0.11908078193664551,2.21596097946167,2.522603659075685,0,,,,,dirichlet_a0.5,42,sparse_coordinate_attack,fedavg,not_applicable,
2,0.1564066857099533,2.3220434188842773,2.474684301065281,1,,,,,dirichlet_a0.5,42,sparse_coordinate_attack,fedavg,not_applicable,
3,0.08830083906650543,2.3807220458984375,2.4872731909854338,1,,,,,dirichlet_a0.5,42,sparse_coordinate_attack,fedavg,not_applicable,
4,0.1717270165681839,2.554556369781494,2.462795169907622,1,,,,,dirichlet_a0.5,42,sparse_coordinate_attack,fedavg,not_applicable,
5,0.10529248416423798,2.5079402923583984,2.5274172630161047,1,,,,,dirichlet_a0.5,42,sparse_coordinate_attack,fedavg,not_applicable,
0,0.05863510072231293,2.1997618675231934,2.519969323067926,0,0,5,0,0,dirichlet_a0.5,42,sparse_coordinate_attack,norm,A_condition_specific_oracle,0.14939126669739136
1,0.05863510072231293,2.1997618675231934,2.4854589060414582,0,0,5,0,0,dirichlet_a0.5,42,sparse_coordinate_attack,norm,A_condition_specific_oracle,0.14939126669739136
2,0.05863510072231293,2.1997618675231934,2.441589756985195,1,1,4,0,0,dirichlet_a0.5,42,sparse_coordinate_attack,norm,A_condition_specific_oracle,0.14939126669739136
3,0.05863510072231293,2.1997618675231934,2.4782491240184754,1,1,4,0,0,dirichlet_a0.5,42,sparse_coordinate_attack,norm,A_condition_specific_oracle,0.14939126669739136
4,0.05863510072231293,2.1997618675231934,2.4510648830328137,1,1,4,0,0,dirichlet_a0.5,42,sparse_coordinate_attack,norm,A_condition_specific_oracle,0.14939126669739136
5,0.05863510072231293,2.1997618675231934,2.465538961929269,1,1,4,0,0,dirichlet_a0.5,42,sparse_coordinate_attack,norm,A_condition_specific_oracle,0.14939126669739136
0,0.05863510072231293,2.1997618675231934,2.439426644006744,0,0,5,0,0,dirichlet_a0.5,42,sparse_coordinate_attack,norm,B_iid_transfer_frozen,0.012898845250272921
1,0.05863510072231293,2.1997618675231934,2.433716292027384,0,0,5,0,0,dirichlet_a0.5,42,sparse_coordinate_attack,norm,B_iid_transfer_frozen,0.012898845250272921
2,0.05863510072231293,2.1997618675231934,2.43840296799317,1,1,4,0,0,dirichlet_a0.5,42,sparse_coordinate_attack,norm,B_iid_transfer_frozen,0.012898845250272921
3,0.05863510072231293,2.1997618675231934,2.3886848490219563,1,1,4,0,0,dirichlet_a0.5,42,sparse_coordinate_attack,norm,B_iid_transfer_frozen,0.012898845250272921
4,0.05863510072231293,2.1997618675231934,2.465171299991198,1,1,4,0,0,dirichlet_a0.5,42,sparse_coordinate_attack,norm,B_iid_transfer_frozen,0.012898845250272921
5,0.05863510072231293,2.1997618675231934,2.508102639927529,1,1,4,0,0,dirichlet_a0.5,42,sparse_coordinate_attack,norm,B_iid_transfer_frozen,0.012898845250272921
0,0.1529247909784317,2.2087974548339844,2.7565342269372195,0,0,0,5,0,dirichlet_a0.5,42,sparse_coordinate_attack,cosine,A_condition_specific_oracle,-0.5062761484545466
1,0.1417827308177948,2.218687057495117,2.94154258701019,0,0,0,5,0,dirichlet_a0.5,42,sparse_coordinate_attack,cosine,A_condition_specific_oracle,-0.5062761484545466
2,0.0860724225640297,2.2672228813171387,2.8145322259515524,1,0,0,4,1,dirichlet_a0.5,42,sparse_coordinate_attack,cosine,A_condition_specific_oracle,-0.5062761484545466
3,0.1863509863615036,2.1969971656799316,2.832192361005582,1,0,0,4,1,dirichlet_a0.5,42,sparse_coordinate_attack,cosine,A_condition_specific_oracle,-0.5062761484545466
4,0.12270195037126541,2.2088897228240967,2.6600319260032848,1,0,0,4,1,dirichlet_a0.5,42,sparse_coordinate_attack,cosine,A_condition_specific_oracle,-0.5062761484545466
5,0.08245125412940979,2.3168866634368896,2.731172161991708,1,0,0,4,1,dirichlet_a0.5,42,sparse_coordinate_attack,cosine,A_condition_specific_oracle,-0.5062761484545466
0,0.05863510072231293,2.1997618675231934,2.687340592034161,0,0,5,0,0,dirichlet_a0.5,42,sparse_coordinate_attack,cosine,B_iid_transfer_frozen,0.8690693731871779
1,0.05863510072231293,2.1997618675231934,2.7438116170233116,0,0,5,0,0,dirichlet_a0.5,42,sparse_coordinate_attack,cosine,B_iid_transfer_frozen,0.8690693731871779
2,0.05863510072231293,2.1997618675231934,2.761877183103934,1,1,4,0,0,dirichlet_a0.5,42,sparse_coordinate_attack,cosine,B_iid_transfer_frozen,0.8690693731871779
3,0.05863510072231293,2.1997618675231934,2.776174559025094,1,1,4,0,0,dirichlet_a0.5,42,sparse_coordinate_attack,cosine,B_iid_transfer_frozen,0.8690693731871779
4,0.05863510072231293,2.1997618675231934,2.8104347250191495,1,1,4,0,0,dirichlet_a0.5,42,sparse_coordinate_attack,cosine,B_iid_transfer_frozen,0.8690693731871779
5,0.05863510072231293,2.1997618675231934,2.910326955956407,1,1,4,0,0,dirichlet_a0.5,42,sparse_coordinate_attack,cosine,B_iid_transfer_frozen,0.8690693731871779
0,0.1529247909784317,2.2087998390197754,2.5100849420996383,0,0,0,5,0,dirichlet_a0.5,42,sparse_coordinate_attack,sign_consensus,A_condition_specific_oracle,0.4046198996497207
1,0.11810585111379623,2.2159852981567383,2.5137999890139326,0,0,0,5,0,dirichlet_a0.5,42,sparse_coordinate_attack,sign_consensus,A_condition_specific_oracle,0.4046198996497207
2,0.1713092029094696,2.2393248081207275,2.4789554009912536,1,1,0,4,0,dirichlet_a0.5,42,sparse_coordinate_attack,sign_consensus,A_condition_specific_oracle,0.4046198996497207
3,0.16504178941249847,2.2450785636901855,2.443221519002691,1,1,0,4,0,dirichlet_a0.5,42,sparse_coordinate_attack,sign_consensus,A_condition_specific_oracle,0.4046198996497207
4,0.17061281204223633,2.270383596420288,2.442915308987722,1,1,0,4,0,dirichlet_a0.5,42,sparse_coordinate_attack,sign_consensus,A_condition_specific_oracle,0.4046198996497207
5,0.1264623999595642,2.2771568298339844,2.4615834510186687,1,1,0,4,0,dirichlet_a0.5,42,sparse_coordinate_attack,sign_consensus,A_condition_specific_oracle,0.4046198996497207
0,0.1529247909784317,2.208800792694092,2.4178242459893227,0,0,0,5,0,dirichlet_a0.5,42,sparse_coordinate_attack,sign_consensus,B_iid_transfer_frozen,0.5656118467693558
1,0.11810585111379623,2.215980052947998,2.5175757149700075,0,0,0,5,0,dirichlet_a0.5,42,sparse_coordinate_attack,sign_consensus,B_iid_transfer_frozen,0.5656118467693558
2,0.1713092029094696,2.240516185760498,2.4562798710539937,1,1,0,4,0,dirichlet_a0.5,42,sparse_coordinate_attack,sign_consensus,B_iid_transfer_frozen,0.5656118467693558
3,0.1639275848865509,2.2450411319732666,2.5228871720610186,1,1,0,4,0,dirichlet_a0.5,42,sparse_coordinate_attack,sign_consensus,B_iid_transfer_frozen,0.5656118467693558
4,0.17047354578971863,2.272592782974243,2.4137073330348358,1,1,0,4,0,dirichlet_a0.5,42,sparse_coordinate_attack,sign_consensus,B_iid_transfer_frozen,0.5656118467693558
5,0.12353760749101639,2.2803659439086914,2.4829090039711446,1,1,0,4,0,dirichlet_a0.5,42,sparse_coordinate_attack,sign_consensus,B_iid_transfer_frozen,0.5656118467693558
0,0.16281338036060333,2.1901087760925293,2.4821520779514685,0,,,,,dirichlet_a0.5,42,sparse_coordinate_attack,median,not_applicable,
1,0.16977716982364655,2.242556095123291,2.420503098051995,0,,,,,dirichlet_a0.5,42,sparse_coordinate_attack,median,not_applicable,
2,0.1717270165681839,2.274149179458618,2.4602094849105924,1,,,,,dirichlet_a0.5,42,sparse_coordinate_attack,median,not_applicable,
3,0.1717270165681839,2.296781063079834,2.4235808809753507,1,,,,,dirichlet_a0.5,42,sparse_coordinate_attack,median,not_applicable,
4,0.1717270165681839,2.392699718475342,2.4576504080323502,1,,,,,dirichlet_a0.5,42,sparse_coordinate_attack,median,not_applicable,
5,0.1717270165681839,2.3561034202575684,2.4114336939528584,1,,,,,dirichlet_a0.5,42,sparse_coordinate_attack,median,not_applicable,
0,0.15194986760616302,2.1963412761688232,2.4270211569964886,0,,,,,dirichlet_a0.5,42,sparse_coordinate_attack,multi_krum,not_applicable,
1,0.1080779954791069,2.2714052200317383,2.4695343300700188,0,,,,,dirichlet_a0.5,42,sparse_coordinate_attack,multi_krum,not_applicable,
2,0.1717270165681839,2.2368695735931396,2.498145451070741,1,,,,,dirichlet_a0.5,42,sparse_coordinate_attack,multi_krum,not_applicable,
3,0.16949860751628876,2.2464213371276855,2.5140666890656576,1,,,,,dirichlet_a0.5,42,sparse_coordinate_attack,multi_krum,not_applicable,
4,0.1714484691619873,2.2713043689727783,2.392713741050102,1,,,,,dirichlet_a0.5,42,sparse_coordinate_attack,multi_krum,not_applicable,
5,0.1302228420972824,2.2780747413635254,2.4686231969390064,1,,,,,dirichlet_a0.5,42,sparse_coordinate_attack,multi_krum,not_applicable,
0,0.08245125412940979,2.2078795433044434,2.44382671196945,0,,,,,dirichlet_a0.5,43,no_attack,fedavg,not_applicable,
1,0.08245125412940979,2.2616631984710693,2.5051125730387866,0,,,,,dirichlet_a0.5,43,no_attack,fedavg,not_applicable,
2,0.08245125412940979,2.295041084289551,2.5283708500210196,1,,,,,dirichlet_a0.5,43,no_attack,fedavg,not_applicable,
3,0.08245125412940979,2.29178524017334,2.5293037650408223,1,,,,,dirichlet_a0.5,43,no_attack,fedavg,not_applicable,
4,0.08245125412940979,2.3157756328582764,2.5045087429462,1,,,,,dirichlet_a0.5,43,no_attack,fedavg,not_applicable,
5,0.08245125412940979,2.3158578872680664,2.4711520669516176,1,,,,,dirichlet_a0.5,43,no_attack,fedavg,not_applicable,
0,0.08245125412940979,2.1877028942108154,2.4400836259592324,0,0,5,0,0,dirichlet_a0.5,43,no_attack,norm,A_condition_specific_oracle,0.14939126669739136
1,0.08245125412940979,2.1877028942108154,2.4696082579903305,0,0,5,0,0,dirichlet_a0.5,43,no_attack,norm,A_condition_specific_oracle,0.14939126669739136
2,0.08245125412940979,2.1877028942108154,2.5770599140087143,1,1,4,0,0,dirichlet_a0.5,43,no_attack,norm,A_condition_specific_oracle,0.14939126669739136
3,0.08245125412940979,2.1877028942108154,2.5696821389719844,1,1,4,0,0,dirichlet_a0.5,43,no_attack,norm,A_condition_specific_oracle,0.14939126669739136
4,0.08245125412940979,2.1877028942108154,2.5348392400192097,1,1,4,0,0,dirichlet_a0.5,43,no_attack,norm,A_condition_specific_oracle,0.14939126669739136
5,0.08245125412940979,2.1877028942108154,2.5477119120769203,1,1,4,0,0,dirichlet_a0.5,43,no_attack,norm,A_condition_specific_oracle,0.14939126669739136
0,0.08245125412940979,2.1877028942108154,2.464959446922876,0,0,5,0,0,dirichlet_a0.5,43,no_attack,norm,B_iid_transfer_frozen,0.012898845250272921
1,0.08245125412940979,2.1877028942108154,2.4492771479999647,0,0,5,0,0,dirichlet_a0.5,43,no_attack,norm,B_iid_transfer_frozen,0.012898845250272921
2,0.08245125412940979,2.1877028942108154,2.4983854920137674,1,1,4,0,0,dirichlet_a0.5,43,no_attack,norm,B_iid_transfer_frozen,0.012898845250272921
3,0.08245125412940979,2.1877028942108154,2.539581502089277,1,1,4,0,0,dirichlet_a0.5,43,no_attack,norm,B_iid_transfer_frozen,0.012898845250272921
4,0.08245125412940979,2.1877028942108154,2.4670522320084274,1,1,4,0,0,dirichlet_a0.5,43,no_attack,norm,B_iid_transfer_frozen,0.012898845250272921
5,0.08245125412940979,2.1877028942108154,2.505269041052088,1,1,4,0,0,dirichlet_a0.5,43,no_attack,norm,B_iid_transfer_frozen,0.012898845250272921
0,0.08245125412940979,2.207880973815918,2.68329110997729,0,0,0,5,0,dirichlet_a0.5,43,no_attack,cosine,A_condition_specific_oracle,-0.5062761484545466
1,0.08245125412940979,2.255892753601074,2.785470728063956,0,0,0,5,0,dirichlet_a0.5,43,no_attack,cosine,A_condition_specific_oracle,-0.5062761484545466
2,0.08175487816333771,2.29309344291687,2.8067702959524468,1,0,0,4,1,dirichlet_a0.5,43,no_attack,cosine,A_condition_specific_oracle,-0.5062761484545466
3,0.07200556993484497,2.304503917694092,2.8477168179815635,1,0,0,4,1,dirichlet_a0.5,43,no_attack,cosine,A_condition_specific_oracle,-0.5062761484545466
4,0.0821727067232132,2.3178131580352783,2.84542859706562,1,0,0,4,1,dirichlet_a0.5,43,no_attack,cosine,A_condition_specific_oracle,-0.5062761484545466
5,0.08245125412940979,2.3041703701019287,2.8796315470244735,1,0,0,4,1,dirichlet_a0.5,43,no_attack,cosine,A_condition_specific_oracle,-0.5062761484545466
0,0.08245125412940979,2.1877028942108154,2.7932237189961597,0,0,5,0,0,dirichlet_a0.5,43,no_attack,cosine,B_iid_transfer_frozen,0.8690693731871779
1,0.08245125412940979,2.1877028942108154,2.810436374042183,0,0,5,0,0,dirichlet_a0.5,43,no_attack,cosine,B_iid_transfer_frozen,0.8690693731871779
2,0.08245125412940979,2.1877028942108154,2.8220636249752715,1,1,4,0,0,dirichlet_a0.5,43,no_attack,cosine,B_iid_transfer_frozen,0.8690693731871779
3,0.08245125412940979,2.1877028942108154,2.8231217180145904,1,1,4,0,0,dirichlet_a0.5,43,no_attack,cosine,B_iid_transfer_frozen,0.8690693731871779
4,0.08245125412940979,2.1877028942108154,2.826967310043983,1,1,4,0,0,dirichlet_a0.5,43,no_attack,cosine,B_iid_transfer_frozen,0.8690693731871779
5,0.08245125412940979,2.1877028942108154,2.5883840480819345,1,1,4,0,0,dirichlet_a0.5,43,no_attack,cosine,B_iid_transfer_frozen,0.8690693731871779
0,0.08245125412940979,2.207880973815918,2.554559555952437,0,0,0,5,0,dirichlet_a0.5,43,no_attack,sign_consensus,A_condition_specific_oracle,0.4046198996497207
1,0.08245125412940979,2.261759042739868,2.6129394130548462,0,0,0,5,0,dirichlet_a0.5,43,no_attack,sign_consensus,A_condition_specific_oracle,0.4046198996497207
2,0.08245125412940979,2.295254945755005,2.511276211007498,1,0,0,4,1,dirichlet_a0.5,43,no_attack,sign_consensus,A_condition_specific_oracle,0.4046198996497207
3,0.08245125412940979,2.2917838096618652,2.51627228804864,1,0,0,4,1,dirichlet_a0.5,43,no_attack,sign_consensus,A_condition_specific_oracle,0.4046198996497207
4,0.08245125412940979,2.315760374069214,2.4800351549638435,1,0,0,4,1,dirichlet_a0.5,43,no_attack,sign_consensus,A_condition_specific_oracle,0.4046198996497207
5,0.08245125412940979,2.3157663345336914,2.4406150919385254,1,0,0,4,1,dirichlet_a0.5,43,no_attack,sign_consensus,A_condition_specific_oracle,0.4046198996497207
0,0.08245125412940979,2.215204954147339,2.5015656650066376,0,0,1,4,0,dirichlet_a0.5,43,no_attack,sign_consensus,B_iid_transfer_frozen,0.5656118467693558
1,0.08245125412940979,2.259437084197998,2.4693633338902146,0,0,0,5,0,dirichlet_a0.5,43,no_attack,sign_consensus,B_iid_transfer_frozen,0.5656118467693558
2,0.08245125412940979,2.295104742050171,2.468647502013482,1,0,0,4,1,dirichlet_a0.5,43,no_attack,sign_consensus,B_iid_transfer_frozen,0.5656118467693558
3,0.08245125412940979,2.2915401458740234,2.4446683700662106,1,0,0,4,1,dirichlet_a0.5,43,no_attack,sign_consensus,B_iid_transfer_frozen,0.5656118467693558
4,0.08245125412940979,2.3150129318237305,2.4650428369641304,1,0,0,4,1,dirichlet_a0.5,43,no_attack,sign_consensus,B_iid_transfer_frozen,0.5656118467693558
5,0.08245125412940979,2.313854932785034,2.464646812994033,1,0,0,4,1,dirichlet_a0.5,43,no_attack,sign_consensus,B_iid_transfer_frozen,0.5656118467693558
0,0.08245125412940979,2.1937146186828613,2.4614207290578634,0,,,,,dirichlet_a0.5,43,no_attack,median,not_applicable,
1,0.08245125412940979,2.221247911453247,2.4620608480181545,0,,,,,dirichlet_a0.5,43,no_attack,median,not_applicable,
2,0.08245125412940979,2.2694082260131836,2.423492250032723,1,,,,,dirichlet_a0.5,43,no_attack,median,not_applicable,
3,0.08245125412940979,2.3214848041534424,2.4525417028926313,1,,,,,dirichlet_a0.5,43,no_attack,median,not_applicable,
4,0.08245125412940979,2.37347674369812,2.4989589100005105,1,,,,,dirichlet_a0.5,43,no_attack,median,not_applicable,
5,0.08245125412940979,2.386587619781494,2.521600355976261,1,,,,,dirichlet_a0.5,43,no_attack,median,not_applicable,
0,0.08245125412940979,2.210474729537964,2.3997582379961386,0,,,,,dirichlet_a0.5,43,no_attack,multi_krum,not_applicable,
1,0.08245125412940979,2.2867538928985596,2.4320887009380385,0,,,,,dirichlet_a0.5,43,no_attack,multi_krum,not_applicable,
2,0.08245125412940979,2.3295133113861084,2.4585856969933957,1,,,,,dirichlet_a0.5,43,no_attack,multi_krum,not_applicable,
3,0.08245125412940979,2.340820789337158,2.488323209923692,1,,,,,dirichlet_a0.5,43,no_attack,multi_krum,not_applicable,
4,0.08245125412940979,2.353073835372925,2.4522726309951395,1,,,,,dirichlet_a0.5,43,no_attack,multi_krum,not_applicable,
5,0.08245125412940979,2.3692564964294434,2.52107151504606,1,,,,,dirichlet_a0.5,43,no_attack,multi_krum,not_applicable,
0,0.08245125412940979,2.2078804969787598,2.42544732009992,0,,,,,dirichlet_a0.5,43,large_norm,fedavg,not_applicable,
1,0.08245125412940979,2.2617642879486084,2.3095883310306817,0,,,,,dirichlet_a0.5,43,large_norm,fedavg,not_applicable,
2,0.08036211878061295,57040488.0,2.2892844529123977,1,,,,,dirichlet_a0.5,43,large_norm,fedavg,not_applicable,
3,0.1863509863615036,nan,2.28495285497047,1,,,,,dirichlet_a0.5,43,large_norm,fedavg,not_applicable,
4,0.1863509863615036,nan,2.2407431539613754,1,,,,,dirichlet_a0.5,43,large_norm,fedavg,not_applicable,
5,0.1863509863615036,nan,2.352610770962201,1,,,,,dirichlet_a0.5,43,large_norm,fedavg,not_applicable,
0,0.08245125412940979,2.1877028942108154,2.3353333598934114,0,0,5,0,0,dirichlet_a0.5,43,large_norm,norm,A_condition_specific_oracle,0.14939126669739136
1,0.08245125412940979,2.1877028942108154,2.48719004902523,0,0,5,0,0,dirichlet_a0.5,43,large_norm,norm,A_condition_specific_oracle,0.14939126669739136
2,0.08245125412940979,2.1877028942108154,2.5007711520884186,1,1,4,0,0,dirichlet_a0.5,43,large_norm,norm,A_condition_specific_oracle,0.14939126669739136
3,0.08245125412940979,2.1877028942108154,2.580335285048932,1,1,4,0,0,dirichlet_a0.5,43,large_norm,norm,A_condition_specific_oracle,0.14939126669739136
4,0.08245125412940979,2.1877028942108154,2.5356494100997224,1,1,4,0,0,dirichlet_a0.5,43,large_norm,norm,A_condition_specific_oracle,0.14939126669739136
5,0.08245125412940979,2.1877028942108154,2.239834325038828,1,1,4,0,0,dirichlet_a0.5,43,large_norm,norm,A_condition_specific_oracle,0.14939126669739136
0,0.08245125412940979,2.1877028942108154,2.5261973780579865,0,0,5,0,0,dirichlet_a0.5,43,large_norm,norm,B_iid_transfer_frozen,0.012898845250272921
1,0.08245125412940979,2.1877028942108154,2.511280835024081,0,0,5,0,0,dirichlet_a0.5,43,large_norm,norm,B_iid_transfer_frozen,0.012898845250272921
2,0.08245125412940979,2.1877028942108154,2.576093237963505,1,1,4,0,0,dirichlet_a0.5,43,large_norm,norm,B_iid_transfer_frozen,0.012898845250272921
3,0.08245125412940979,2.1877028942108154,2.591472082072869,1,1,4,0,0,dirichlet_a0.5,43,large_norm,norm,B_iid_transfer_frozen,0.012898845250272921
4,0.08245125412940979,2.1877028942108154,2.675541964941658,1,1,4,0,0,dirichlet_a0.5,43,large_norm,norm,B_iid_transfer_frozen,0.012898845250272921
5,0.08245125412940979,2.1877028942108154,2.481097250012681,1,1,4,0,0,dirichlet_a0.5,43,large_norm,norm,B_iid_transfer_frozen,0.012898845250272921
0,0.08245125412940979,2.2078804969787598,2.7545062110293657,0,0,0,5,0,dirichlet_a0.5,43,large_norm,cosine,A_condition_specific_oracle,-0.5062761484545466
1,0.08245125412940979,2.2557640075683594,2.736668645986356,0,0,0,5,0,dirichlet_a0.5,43,large_norm,cosine,A_condition_specific_oracle,-0.5062761484545466
2,0.10320334881544113,244679680.0,2.7568768319906667,1,0,0,4,1,dirichlet_a0.5,43,large_norm,cosine,A_condition_specific_oracle,-0.5062761484545466
3,0.08245125412940979,98284470272.0,2.8089554209727794,1,0,1,3,1,dirichlet_a0.5,43,large_norm,cosine,A_condition_specific_oracle,-0.5062761484545466
4,0.047214485704898834,311129152.0,2.7541260280413553,1,0,0,4,1,dirichlet_a0.5,43,large_norm,cosine,A_condition_specific_oracle,-0.5062761484545466
5,0.11796657741069794,121770.6640625,2.872374629951082,1,0,0,4,1,dirichlet_a0.5,43,large_norm,cosine,A_condition_specific_oracle,-0.5062761484545466
0,0.08245125412940979,2.1877028942108154,2.9053274949546903,0,0,5,0,0,dirichlet_a0.5,43,large_norm,cosine,B_iid_transfer_frozen,0.8690693731871779
1,0.08245125412940979,2.1877028942108154,2.969556911964901,0,0,5,0,0,dirichlet_a0.5,43,large_norm,cosine,B_iid_transfer_frozen,0.8690693731871779
2,0.08245125412940979,2.1877028942108154,3.031748680048622,1,1,4,0,0,dirichlet_a0.5,43,large_norm,cosine,B_iid_transfer_frozen,0.8690693731871779
3,0.08245125412940979,2.1877028942108154,2.860792268998921,1,1,4,0,0,dirichlet_a0.5,43,large_norm,cosine,B_iid_transfer_frozen,0.8690693731871779
4,0.08245125412940979,2.1877028942108154,2.544581739930436,1,1,4,0,0,dirichlet_a0.5,43,large_norm,cosine,B_iid_transfer_frozen,0.8690693731871779
5,0.08245125412940979,2.1877028942108154,2.8975662000011653,1,1,4,0,0,dirichlet_a0.5,43,large_norm,cosine,B_iid_transfer_frozen,0.8690693731871779
0,0.08245125412940979,2.207880973815918,2.5229719299823046,0,0,0,5,0,dirichlet_a0.5,43,large_norm,sign_consensus,A_condition_specific_oracle,0.4046198996497207
1,0.08245125412940979,2.2617862224578857,2.578115693992004,0,0,0,5,0,dirichlet_a0.5,43,large_norm,sign_consensus,A_condition_specific_oracle,0.4046198996497207
2,0.08036211878061295,139359600.0,2.506256425054744,1,0,1,3,1,dirichlet_a0.5,43,large_norm,sign_consensus,A_condition_specific_oracle,0.4046198996497207
3,0.08036211878061295,139359600.0,2.501204967033118,1,1,4,0,0,dirichlet_a0.5,43,large_norm,sign_consensus,A_condition_specific_oracle,0.4046198996497207
4,0.08036211878061295,139359600.0,2.4538699390832335,1,1,4,0,0,dirichlet_a0.5,43,large_norm,sign_consensus,A_condition_specific_oracle,0.4046198996497207
5,0.08036211878061295,139359600.0,2.4799393460853025,1,1,4,0,0,dirichlet_a0.5,43,large_norm,sign_consensus,A_condition_specific_oracle,0.4046198996497207
0,0.08245125412940979,2.2152011394500732,2.3953918740153313,0,0,1,4,0,dirichlet_a0.5,43,large_norm,sign_consensus,B_iid_transfer_frozen,0.5656118467693558
1,0.08245125412940979,2.259439706802368,2.3902929389150813,0,0,0,5,0,dirichlet_a0.5,43,large_norm,sign_consensus,B_iid_transfer_frozen,0.5656118467693558
2,0.08119777590036392,35759325184.0,2.4895551059162244,1,0,4,0,1,dirichlet_a0.5,43,large_norm,sign_consensus,B_iid_transfer_frozen,0.5656118467693558
3,0.08119777590036392,35759325184.0,2.52078797807917,1,1,4,0,0,dirichlet_a0.5,43,large_norm,sign_consensus,B_iid_transfer_frozen,0.5656118467693558
4,0.08119777590036392,35759325184.0,2.4434519220376387,1,1,4,0,0,dirichlet_a0.5,43,large_norm,sign_consensus,B_iid_transfer_frozen,0.5656118467693558
5,0.08119777590036392,35759325184.0,2.4232735289260745,1,1,4,0,0,dirichlet_a0.5,43,large_norm,sign_consensus,B_iid_transfer_frozen,0.5656118467693558
0,0.08245125412940979,2.193714141845703,2.4608494620770216,0,,,,,dirichlet_a0.5,43,large_norm,median,not_applicable,
1,0.08245125412940979,2.221022129058838,2.408851737040095,0,,,,,dirichlet_a0.5,43,large_norm,median,not_applicable,
2,0.08245125412940979,2.3056178092956543,2.4150672100950032,1,,,,,dirichlet_a0.5,43,large_norm,median,not_applicable,
3,0.08245125412940979,2.3466742038726807,2.4444425500696525,1,,,,,dirichlet_a0.5,43,large_norm,median,not_applicable,
4,0.08245125412940979,2.354837656021118,2.422969380975701,1,,,,,dirichlet_a0.5,43,large_norm,median,not_applicable,
5,0.09456824511289597,2.346419095993042,2.4266191800124943,1,,,,,dirichlet_a0.5,43,large_norm,median,not_applicable,
0,0.08245125412940979,2.210474729537964,2.4204583601094782,0,,,,,dirichlet_a0.5,43,large_norm,multi_krum,not_applicable,
1,0.08245125412940979,2.2867207527160645,2.4987553929677233,0,,,,,dirichlet_a0.5,43,large_norm,multi_krum,not_applicable,
2,0.08245125412940979,2.3423914909362793,2.5247734549921006,1,,,,,dirichlet_a0.5,43,large_norm,multi_krum,not_applicable,
3,0.08245125412940979,2.342341661453247,2.4353239779593423,1,,,,,dirichlet_a0.5,43,large_norm,multi_krum,not_applicable,
4,0.08245125412940979,2.3526690006256104,2.505057443981059,1,,,,,dirichlet_a0.5,43,large_norm,multi_krum,not_applicable,
5,0.08245125412940979,2.315941572189331,2.452994090039283,1,,,,,dirichlet_a0.5,43,large_norm,multi_krum,not_applicable,
0,0.08245125412940979,2.2078781127929688,2.4506975929252803,0,,,,,dirichlet_a0.5,43,low_norm,fedavg,not_applicable,
1,0.08245125412940979,2.2617571353912354,2.397515828954056,0,,,,,dirichlet_a0.5,43,low_norm,fedavg,not_applicable,
2,0.08245125412940979,2.303377628326416,2.46952412603423,1,,,,,dirichlet_a0.5,43,low_norm,fedavg,not_applicable,
3,0.08245125412940979,2.3348419666290283,2.483013984048739,1,,,,,dirichlet_a0.5,43,low_norm,fedavg,not_applicable,
4,0.08245125412940979,2.353320360183716,2.431900547002442,1,,,,,dirichlet_a0.5,43,low_norm,fedavg,not_applicable,
5,0.08245125412940979,2.379472494125366,2.4332692889729515,1,,,,,dirichlet_a0.5,43,low_norm,fedavg,not_applicable,
0,0.08245125412940979,2.1877028942108154,2.4589334970805794,0,0,5,0,0,dirichlet_a0.5,43,low_norm,norm,A_condition_specific_oracle,0.14939126669739136
1,0.08245125412940979,2.1877028942108154,2.4627428330713883,0,0,5,0,0,dirichlet_a0.5,43,low_norm,norm,A_condition_specific_oracle,0.14939126669739136
2,0.08231198042631149,2.1878159046173096,2.568242607987486,1,0,4,0,1,dirichlet_a0.5,43,low_norm,norm,A_condition_specific_oracle,0.14939126669739136
3,0.08231198042631149,2.1879501342773438,2.6408301340416074,1,0,4,0,1,dirichlet_a0.5,43,low_norm,norm,A_condition_specific_oracle,0.14939126669739136
4,0.0821727067232132,2.1881275177001953,2.590354994055815,1,0,4,0,1,dirichlet_a0.5,43,low_norm,norm,A_condition_specific_oracle,0.14939126669739136
5,0.0820334255695343,2.1883480548858643,2.482105900067836,1,0,4,0,1,dirichlet_a0.5,43,low_norm,norm,A_condition_specific_oracle,0.14939126669739136
0,0.08245125412940979,2.1877028942108154,2.446511756046675,0,0,5,0,0,dirichlet_a0.5,43,low_norm,norm,B_iid_transfer_frozen,0.012898845250272921
1,0.08245125412940979,2.1877028942108154,2.484001478063874,0,0,5,0,0,dirichlet_a0.5,43,low_norm,norm,B_iid_transfer_frozen,0.012898845250272921
2,0.08231198042631149,2.1878159046173096,2.451511912047863,1,0,4,0,1,dirichlet_a0.5,43,low_norm,norm,B_iid_transfer_frozen,0.012898845250272921
3,0.08231198042631149,2.1879501342773438,2.5765892979688942,1,0,4,0,1,dirichlet_a0.5,43,low_norm,norm,B_iid_transfer_frozen,0.012898845250272921
4,0.0821727067232132,2.1881275177001953,2.416378405992873,1,0,4,0,1,dirichlet_a0.5,43,low_norm,norm,B_iid_transfer_frozen,0.012898845250272921
5,0.0820334255695343,2.1883480548858643,2.474122200976126,1,0,4,0,1,dirichlet_a0.5,43,low_norm,norm,B_iid_transfer_frozen,0.012898845250272921
0,0.08245125412940979,2.207883596420288,2.7294990009395406,0,0,0,5,0,dirichlet_a0.5,43,low_norm,cosine,A_condition_specific_oracle,-0.5062761484545466
1,0.08245125412940979,2.255748748779297,2.74510354292579,0,0,0,5,0,dirichlet_a0.5,43,low_norm,cosine,A_condition_specific_oracle,-0.5062761484545466
2,0.08245125412940979,2.2977237701416016,2.7962298810016364,1,0,0,4,1,dirichlet_a0.5,43,low_norm,cosine,A_condition_specific_oracle,-0.5062761484545466
3,0.08245125412940979,2.331770181655884,2.816738963010721,1,0,0,4,1,dirichlet_a0.5,43,low_norm,cosine,A_condition_specific_oracle,-0.5062761484545466
4,0.08245125412940979,2.3596556186676025,2.905706912977621,1,0,0,4,1,dirichlet_a0.5,43,low_norm,cosine,A_condition_specific_oracle,-0.5062761484545466
5,0.08245125412940979,2.3504135608673096,2.8324537499574944,1,0,0,4,1,dirichlet_a0.5,43,low_norm,cosine,A_condition_specific_oracle,-0.5062761484545466
0,0.08245125412940979,2.1877028942108154,2.902531886007637,0,0,5,0,0,dirichlet_a0.5,43,low_norm,cosine,B_iid_transfer_frozen,0.8690693731871779
1,0.08245125412940979,2.1877028942108154,2.8568239980377257,0,0,5,0,0,dirichlet_a0.5,43,low_norm,cosine,B_iid_transfer_frozen,0.8690693731871779
2,0.08245125412940979,2.1877028942108154,2.9118526040110737,1,1,4,0,0,dirichlet_a0.5,43,low_norm,cosine,B_iid_transfer_frozen,0.8690693731871779
3,0.08245125412940979,2.1877028942108154,2.8814193529542536,1,1,4,0,0,dirichlet_a0.5,43,low_norm,cosine,B_iid_transfer_frozen,0.8690693731871779
4,0.08245125412940979,2.1877028942108154,2.8539630180457607,1,1,4,0,0,dirichlet_a0.5,43,low_norm,cosine,B_iid_transfer_frozen,0.8690693731871779
5,0.08245125412940979,2.1877028942108154,2.8531889050500467,1,1,4,0,0,dirichlet_a0.5,43,low_norm,cosine,B_iid_transfer_frozen,0.8690693731871779
0,0.08245125412940979,2.2078781127929688,2.549736935994588,0,0,0,5,0,dirichlet_a0.5,43,low_norm,sign_consensus,A_condition_specific_oracle,0.4046198996497207
1,0.08245125412940979,2.261655330657959,2.4893841249868274,0,0,0,5,0,dirichlet_a0.5,43,low_norm,sign_consensus,A_condition_specific_oracle,0.4046198996497207
2,0.08245125412940979,2.3032963275909424,2.5803057379089296,1,0,0,4,1,dirichlet_a0.5,43,low_norm,sign_consensus,A_condition_specific_oracle,0.4046198996497207
3,0.08245125412940979,2.334782123565674,2.564676849055104,1,0,0,4,1,dirichlet_a0.5,43,low_norm,sign_consensus,A_condition_specific_oracle,0.4046198996497207
4,0.08245125412940979,2.353646755218506,2.5984723049914464,1,0,0,4,1,dirichlet_a0.5,43,low_norm,sign_consensus,A_condition_specific_oracle,0.4046198996497207
5,0.08245125412940979,2.3791866302490234,2.5623866070527583,1,0,0,4,1,dirichlet_a0.5,43,low_norm,sign_consensus,A_condition_specific_oracle,0.4046198996497207
0,0.08245125412940979,2.215209484100342,2.5550408450653777,0,0,1,4,0,dirichlet_a0.5,43,low_norm,sign_consensus,B_iid_transfer_frozen,0.5656118467693558
1,0.08245125412940979,2.2594916820526123,2.623038808000274,0,0,0,5,0,dirichlet_a0.5,43,low_norm,sign_consensus,B_iid_transfer_frozen,0.5656118467693558
2,0.08245125412940979,2.3019161224365234,2.493549664039165,1,0,0,4,1,dirichlet_a0.5,43,low_norm,sign_consensus,B_iid_transfer_frozen,0.5656118467693558
3,0.08245125412940979,2.2813971042633057,2.53763357992284,1,0,1,3,1,dirichlet_a0.5,43,low_norm,sign_consensus,B_iid_transfer_frozen,0.5656118467693558
4,0.08245125412940979,2.3322010040283203,2.473675946937874,1,0,0,4,1,dirichlet_a0.5,43,low_norm,sign_consensus,B_iid_transfer_frozen,0.5656118467693558
5,0.08245125412940979,2.3111236095428467,2.5331400940194726,1,0,1,3,1,dirichlet_a0.5,43,low_norm,sign_consensus,B_iid_transfer_frozen,0.5656118467693558
0,0.08245125412940979,2.1937150955200195,2.6597893399884924,0,,,,,dirichlet_a0.5,43,low_norm,median,not_applicable,
1,0.08245125412940979,2.2215893268585205,2.623743362026289,0,,,,,dirichlet_a0.5,43,low_norm,median,not_applicable,
2,0.08245125412940979,2.2388744354248047,2.5752126110019162,1,,,,,dirichlet_a0.5,43,low_norm,median,not_applicable,
3,0.08245125412940979,2.256967544555664,2.485002883011475,1,,,,,dirichlet_a0.5,43,low_norm,median,not_applicable,
4,0.08245125412940979,2.274282455444336,2.591317847953178,1,,,,,dirichlet_a0.5,43,low_norm,median,not_applicable,
5,0.08245125412940979,2.292872905731201,2.6535028989892453,1,,,,,dirichlet_a0.5,43,low_norm,median,not_applicable,
0,0.08245125412940979,2.2104744911193848,2.696195038035512,0,,,,,dirichlet_a0.5,43,low_norm,multi_krum,not_applicable,
1,0.08245125412940979,2.2868456840515137,2.665844867937267,0,,,,,dirichlet_a0.5,43,low_norm,multi_krum,not_applicable,
2,0.08816156536340714,2.3484811782836914,2.4912406189832836,1,,,,,dirichlet_a0.5,43,low_norm,multi_krum,not_applicable,
3,0.13272981345653534,2.4073119163513184,2.5766413980163634,1,,,,,dirichlet_a0.5,43,low_norm,multi_krum,not_applicable,
4,0.13245125114917755,2.4454691410064697,2.6416720879497007,1,,,,,dirichlet_a0.5,43,low_norm,multi_krum,not_applicable,
5,0.22883008420467377,2.4546356201171875,2.7417016869876534,1,,,,,dirichlet_a0.5,43,low_norm,multi_krum,not_applicable,
0,0.08245125412940979,2.2078845500946045,2.6407691249623895,0,,,,,dirichlet_a0.5,43,full_sign_flip,fedavg,not_applicable,
1,0.08245125412940979,2.261746883392334,2.376035792985931,0,,,,,dirichlet_a0.5,43,full_sign_flip,fedavg,not_applicable,
2,0.08245125412940979,2.3600313663482666,2.3349027750082314,1,,,,,dirichlet_a0.5,43,full_sign_flip,fedavg,not_applicable,
3,0.08245125412940979,2.4922072887420654,2.379768162034452,1,,,,,dirichlet_a0.5,43,full_sign_flip,fedavg,not_applicable,
4,0.08245125412940979,2.5517399311065674,2.5399556229822338,1,,,,,dirichlet_a0.5,43,full_sign_flip,fedavg,not_applicable,
5,0.08245125412940979,2.5831856727600098,2.589134428068064,1,,,,,dirichlet_a0.5,43,full_sign_flip,fedavg,not_applicable,
0,0.08245125412940979,2.1877028942108154,2.488631688989699,0,0,5,0,0,dirichlet_a0.5,43,full_sign_flip,norm,A_condition_specific_oracle,0.14939126669739136
1,0.08245125412940979,2.1877028942108154,2.5852719829417765,0,0,5,0,0,dirichlet_a0.5,43,full_sign_flip,norm,A_condition_specific_oracle,0.14939126669739136
2,0.08245125412940979,2.1877028942108154,2.505558819975704,1,1,4,0,0,dirichlet_a0.5,43,full_sign_flip,norm,A_condition_specific_oracle,0.14939126669739136
3,0.08245125412940979,2.1877028942108154,2.448379540001042,1,1,4,0,0,dirichlet_a0.5,43,full_sign_flip,norm,A_condition_specific_oracle,0.14939126669739136
4,0.08245125412940979,2.1877028942108154,2.5546362100867555,1,1,4,0,0,dirichlet_a0.5,43,full_sign_flip,norm,A_condition_specific_oracle,0.14939126669739136
5,0.08245125412940979,2.1877028942108154,2.5040925620123744,1,1,4,0,0,dirichlet_a0.5,43,full_sign_flip,norm,A_condition_specific_oracle,0.14939126669739136
0,0.08245125412940979,2.1877028942108154,2.5082700540078804,0,0,5,0,0,dirichlet_a0.5,43,full_sign_flip,norm,B_iid_transfer_frozen,0.012898845250272921
1,0.08245125412940979,2.1877028942108154,2.468163235927932,0,0,5,0,0,dirichlet_a0.5,43,full_sign_flip,norm,B_iid_transfer_frozen,0.012898845250272921
2,0.08245125412940979,2.1877028942108154,2.6038633619900793,1,1,4,0,0,dirichlet_a0.5,43,full_sign_flip,norm,B_iid_transfer_frozen,0.012898845250272921
3,0.08245125412940979,2.1877028942108154,2.6799491160782054,1,1,4,0,0,dirichlet_a0.5,43,full_sign_flip,norm,B_iid_transfer_frozen,0.012898845250272921
4,0.08245125412940979,2.1877028942108154,2.659699068055488,1,1,4,0,0,dirichlet_a0.5,43,full_sign_flip,norm,B_iid_transfer_frozen,0.012898845250272921
5,0.08245125412940979,2.1877028942108154,2.542426500003785,1,1,4,0,0,dirichlet_a0.5,43,full_sign_flip,norm,B_iid_transfer_frozen,0.012898845250272921
0,0.08245125412940979,2.207883834838867,2.9821815480245277,0,0,0,5,0,dirichlet_a0.5,43,full_sign_flip,cosine,A_condition_specific_oracle,-0.5062761484545466
1,0.08245125412940979,2.255753755569458,2.9772949680918828,0,0,0,5,0,dirichlet_a0.5,43,full_sign_flip,cosine,A_condition_specific_oracle,-0.5062761484545466
2,0.08245125412940979,2.354149341583252,2.9855514080263674,1,0,0,4,1,dirichlet_a0.5,43,full_sign_flip,cosine,A_condition_specific_oracle,-0.5062761484545466
3,0.08245125412940979,2.3403942584991455,3.0070575170684606,1,1,0,4,0,dirichlet_a0.5,43,full_sign_flip,cosine,A_condition_specific_oracle,-0.5062761484545466
4,0.08245125412940979,2.364158868789673,2.962556294980459,1,1,0,4,0,dirichlet_a0.5,43,full_sign_flip,cosine,A_condition_specific_oracle,-0.5062761484545466
5,0.08245125412940979,2.343156337738037,3.0390186600852758,1,1,0,4,0,dirichlet_a0.5,43,full_sign_flip,cosine,A_condition_specific_oracle,-0.5062761484545466
0,0.08245125412940979,2.1877028942108154,2.906486645922996,0,0,5,0,0,dirichlet_a0.5,43,full_sign_flip,cosine,B_iid_transfer_frozen,0.8690693731871779
1,0.08245125412940979,2.1877028942108154,2.7258776660310104,0,0,5,0,0,dirichlet_a0.5,43,full_sign_flip,cosine,B_iid_transfer_frozen,0.8690693731871779
2,0.08245125412940979,2.1877028942108154,2.807333622011356,1,1,4,0,0,dirichlet_a0.5,43,full_sign_flip,cosine,B_iid_transfer_frozen,0.8690693731871779
3,0.08245125412940979,2.1877028942108154,2.7146694120019674,1,1,4,0,0,dirichlet_a0.5,43,full_sign_flip,cosine,B_iid_transfer_frozen,0.8690693731871779
4,0.08245125412940979,2.1877028942108154,2.7400133890332654,1,1,4,0,0,dirichlet_a0.5,43,full_sign_flip,cosine,B_iid_transfer_frozen,0.8690693731871779
5,0.08245125412940979,2.1877028942108154,2.7802355049643666,1,1,4,0,0,dirichlet_a0.5,43,full_sign_flip,cosine,B_iid_transfer_frozen,0.8690693731871779
0,0.08245125412940979,2.2078840732574463,2.503897008020431,0,0,0,5,0,dirichlet_a0.5,43,full_sign_flip,sign_consensus,A_condition_specific_oracle,0.4046198996497207
1,0.08245125412940979,2.2617263793945312,2.4579908709274605,0,0,0,5,0,dirichlet_a0.5,43,full_sign_flip,sign_consensus,A_condition_specific_oracle,0.4046198996497207
2,0.08245125412940979,2.3595821857452393,2.4901266529923305,1,0,0,4,1,dirichlet_a0.5,43,full_sign_flip,sign_consensus,A_condition_specific_oracle,0.4046198996497207
3,0.08245125412940979,2.4910850524902344,2.4885286459466442,1,0,0,4,1,dirichlet_a0.5,43,full_sign_flip,sign_consensus,A_condition_specific_oracle,0.4046198996497207
4,0.08245125412940979,2.550980806350708,2.458909929031506,1,0,0,4,1,dirichlet_a0.5,43,full_sign_flip,sign_consensus,A_condition_specific_oracle,0.4046198996497207
5,0.08245125412940979,2.582566499710083,2.473649798077531,1,0,0,4,1,dirichlet_a0.5,43,full_sign_flip,sign_consensus,A_condition_specific_oracle,0.4046198996497207
0,0.08245125412940979,2.215207576751709,2.444835762027651,0,0,1,4,0,dirichlet_a0.5,43,full_sign_flip,sign_consensus,B_iid_transfer_frozen,0.5656118467693558
1,0.08245125412940979,2.2595012187957764,2.563594344072044,0,0,0,5,0,dirichlet_a0.5,43,full_sign_flip,sign_consensus,B_iid_transfer_frozen,0.5656118467693558
2,0.09415041655302048,2.3930611610412598,2.59684032399673,1,0,1,3,1,dirichlet_a0.5,43,full_sign_flip,sign_consensus,B_iid_transfer_frozen,0.5656118467693558
3,0.08245125412940979,2.3462979793548584,2.5332668769406155,1,1,0,4,0,dirichlet_a0.5,43,full_sign_flip,sign_consensus,B_iid_transfer_frozen,0.5656118467693558
4,0.15919220447540283,2.569488763809204,2.645032081985846,1,0,1,3,1,dirichlet_a0.5,43,full_sign_flip,sign_consensus,B_iid_transfer_frozen,0.5656118467693558
5,0.08245125412940979,2.369570255279541,2.500310351024382,1,1,0,4,0,dirichlet_a0.5,43,full_sign_flip,sign_consensus,B_iid_transfer_frozen,0.5656118467693558
0,0.08245125412940979,2.193714141845703,2.5053040210623294,0,,,,,dirichlet_a0.5,43,full_sign_flip,median,not_applicable,
1,0.08245125412940979,2.2211945056915283,2.4593895389698446,0,,,,,dirichlet_a0.5,43,full_sign_flip,median,not_applicable,
2,0.08245125412940979,2.3524677753448486,2.5269725669641048,1,,,,,dirichlet_a0.5,43,full_sign_flip,median,not_applicable,
3,0.08245125412940979,2.4852960109710693,2.5555729639017954,1,,,,,dirichlet_a0.5,43,full_sign_flip,median,not_applicable,
4,0.08272980898618698,2.5533676147460938,2.5838558259420097,1,,,,,dirichlet_a0.5,43,full_sign_flip,median,not_applicable,
5,0.16295264661312103,2.6157610416412354,2.598490603035316,1,,,,,dirichlet_a0.5,43,full_sign_flip,median,not_applicable,
0,0.08245125412940979,2.2104735374450684,2.532472589984536,0,,,,,dirichlet_a0.5,43,full_sign_flip,multi_krum,not_applicable,
1,0.08245125412940979,2.2868025302886963,2.4937550940085202,0,,,,,dirichlet_a0.5,43,full_sign_flip,multi_krum,not_applicable,
2,0.08245125412940979,2.329141855239868,2.558232153998688,1,,,,,dirichlet_a0.5,43,full_sign_flip,multi_krum,not_applicable,
3,0.08245125412940979,2.3407583236694336,2.6910181789426133,1,,,,,dirichlet_a0.5,43,full_sign_flip,multi_krum,not_applicable,
4,0.08245125412940979,2.352971076965332,2.4895157089922577,1,,,,,dirichlet_a0.5,43,full_sign_flip,multi_krum,not_applicable,
5,0.08245125412940979,2.3692452907562256,2.632845685002394,1,,,,,dirichlet_a0.5,43,full_sign_flip,multi_krum,not_applicable,
0,0.08245125412940979,2.2078804969787598,2.4927080309716985,0,,,,,dirichlet_a0.5,43,directional_poisoning,fedavg,not_applicable,
1,0.08245125412940979,2.2617576122283936,2.3934444159967825,0,,,,,dirichlet_a0.5,43,directional_poisoning,fedavg,not_applicable,
2,0.08245125412940979,2.359485626220703,2.3999909380218014,1,,,,,dirichlet_a0.5,43,directional_poisoning,fedavg,not_applicable,
3,0.08245125412940979,2.4916276931762695,2.446212889975868,1,,,,,dirichlet_a0.5,43,directional_poisoning,fedavg,not_applicable,
4,0.08245125412940979,2.5510663986206055,2.502014794969,1,,,,,dirichlet_a0.5,43,directional_poisoning,fedavg,not_applicable,
5,0.08245125412940979,2.5825371742248535,2.5145851289853454,1,,,,,dirichlet_a0.5,43,directional_poisoning,fedavg,not_applicable,
0,0.08245125412940979,2.1877028942108154,2.5989923999877647,0,0,5,0,0,dirichlet_a0.5,43,directional_poisoning,norm,A_condition_specific_oracle,0.14939126669739136
1,0.08245125412940979,2.1877028942108154,2.4794102309970185,0,0,5,0,0,dirichlet_a0.5,43,directional_poisoning,norm,A_condition_specific_oracle,0.14939126669739136
2,0.08245125412940979,2.1877028942108154,2.5178073269780725,1,1,4,0,0,dirichlet_a0.5,43,directional_poisoning,norm,A_condition_specific_oracle,0.14939126669739136
3,0.08245125412940979,2.1877028942108154,2.517015723977238,1,1,4,0,0,dirichlet_a0.5,43,directional_poisoning,norm,A_condition_specific_oracle,0.14939126669739136
4,0.08245125412940979,2.1877028942108154,2.5004592241020873,1,1,4,0,0,dirichlet_a0.5,43,directional_poisoning,norm,A_condition_specific_oracle,0.14939126669739136
5,0.08245125412940979,2.1877028942108154,2.6585524410475045,1,1,4,0,0,dirichlet_a0.5,43,directional_poisoning,norm,A_condition_specific_oracle,0.14939126669739136
0,0.08245125412940979,2.1877028942108154,2.6012140159728006,0,0,5,0,0,dirichlet_a0.5,43,directional_poisoning,norm,B_iid_transfer_frozen,0.012898845250272921
1,0.08245125412940979,2.1877028942108154,2.4506982970051467,0,0,5,0,0,dirichlet_a0.5,43,directional_poisoning,norm,B_iid_transfer_frozen,0.012898845250272921
2,0.08245125412940979,2.1877028942108154,2.508554055937566,1,1,4,0,0,dirichlet_a0.5,43,directional_poisoning,norm,B_iid_transfer_frozen,0.012898845250272921
3,0.08245125412940979,2.1877028942108154,2.5180177489528432,1,1,4,0,0,dirichlet_a0.5,43,directional_poisoning,norm,B_iid_transfer_frozen,0.012898845250272921
4,0.08245125412940979,2.1877028942108154,2.5681035770103335,1,1,4,0,0,dirichlet_a0.5,43,directional_poisoning,norm,B_iid_transfer_frozen,0.012898845250272921
5,0.08245125412940979,2.1877028942108154,2.5279874689877033,1,1,4,0,0,dirichlet_a0.5,43,directional_poisoning,norm,B_iid_transfer_frozen,0.012898845250272921
0,0.08245125412940979,2.2078840732574463,2.7641299590468407,0,0,0,5,0,dirichlet_a0.5,43,directional_poisoning,cosine,A_condition_specific_oracle,-0.5062761484545466
1,0.08245125412940979,2.2557785511016846,2.8249976099468768,0,0,0,5,0,dirichlet_a0.5,43,directional_poisoning,cosine,A_condition_specific_oracle,-0.5062761484545466
2,0.08245125412940979,2.353980779647827,2.5553703430341557,1,0,0,4,1,dirichlet_a0.5,43,directional_poisoning,cosine,A_condition_specific_oracle,-0.5062761484545466
3,0.08245125412940979,2.340519666671753,2.8112922869622707,1,1,0,4,0,dirichlet_a0.5,43,directional_poisoning,cosine,A_condition_specific_oracle,-0.5062761484545466
4,0.08245125412940979,2.3644659519195557,2.8464019680395722,1,1,0,4,0,dirichlet_a0.5,43,directional_poisoning,cosine,A_condition_specific_oracle,-0.5062761484545466
5,0.08245125412940979,2.34303617477417,2.7823387479875237,1,1,0,4,0,dirichlet_a0.5,43,directional_poisoning,cosine,A_condition_specific_oracle,-0.5062761484545466
0,0.08245125412940979,2.1877028942108154,2.750805151066743,0,0,5,0,0,dirichlet_a0.5,43,directional_poisoning,cosine,B_iid_transfer_frozen,0.8690693731871779
1,0.08245125412940979,2.1877028942108154,2.7059177700430155,0,0,5,0,0,dirichlet_a0.5,43,directional_poisoning,cosine,B_iid_transfer_frozen,0.8690693731871779
2,0.08245125412940979,2.1877028942108154,2.8851982390042394,1,1,4,0,0,dirichlet_a0.5,43,directional_poisoning,cosine,B_iid_transfer_frozen,0.8690693731871779
3,0.08245125412940979,2.1877028942108154,2.7376244469778612,1,1,4,0,0,dirichlet_a0.5,43,directional_poisoning,cosine,B_iid_transfer_frozen,0.8690693731871779
4,0.08245125412940979,2.1877028942108154,2.795903114019893,1,1,4,0,0,dirichlet_a0.5,43,directional_poisoning,cosine,B_iid_transfer_frozen,0.8690693731871779
5,0.08245125412940979,2.1877028942108154,2.7489256019471213,1,1,4,0,0,dirichlet_a0.5,43,directional_poisoning,cosine,B_iid_transfer_frozen,0.8690693731871779
0,0.08245125412940979,2.207878351211548,2.603859915980138,0,0,0,5,0,dirichlet_a0.5,43,directional_poisoning,sign_consensus,A_condition_specific_oracle,0.4046198996497207
1,0.08245125412940979,2.261857271194458,2.5271249680081382,0,0,0,5,0,dirichlet_a0.5,43,directional_poisoning,sign_consensus,A_condition_specific_oracle,0.4046198996497207
2,0.08245125412940979,2.3597466945648193,2.5319179750513285,1,0,0,4,1,dirichlet_a0.5,43,directional_poisoning,sign_consensus,A_condition_specific_oracle,0.4046198996497207
3,0.08245125412940979,2.491978883743286,2.46032568695955,1,0,0,4,1,dirichlet_a0.5,43,directional_poisoning,sign_consensus,A_condition_specific_oracle,0.4046198996497207
4,0.08245125412940979,2.5512990951538086,2.5416668659308925,1,0,0,4,1,dirichlet_a0.5,43,directional_poisoning,sign_consensus,A_condition_specific_oracle,0.4046198996497207
5,0.08245125412940979,2.583263874053955,2.5579190589487553,1,0,0,4,1,dirichlet_a0.5,43,directional_poisoning,sign_consensus,A_condition_specific_oracle,0.4046198996497207
0,0.08245125412940979,2.2152047157287598,2.592384437099099,0,0,1,4,0,dirichlet_a0.5,43,directional_poisoning,sign_consensus,B_iid_transfer_frozen,0.5656118467693558
1,0.08245125412940979,2.2594046592712402,2.5490211950382218,0,0,0,5,0,dirichlet_a0.5,43,directional_poisoning,sign_consensus,B_iid_transfer_frozen,0.5656118467693558
2,0.0931754931807518,2.3931684494018555,2.59120367502328,1,0,1,3,1,dirichlet_a0.5,43,directional_poisoning,sign_consensus,B_iid_transfer_frozen,0.5656118467693558
3,0.08245125412940979,2.346062421798706,2.512922273017466,1,1,0,4,0,dirichlet_a0.5,43,directional_poisoning,sign_consensus,B_iid_transfer_frozen,0.5656118467693558
4,0.1562674194574356,2.569164991378784,2.3266205409308895,1,0,1,3,1,dirichlet_a0.5,43,directional_poisoning,sign_consensus,B_iid_transfer_frozen,0.5656118467693558
5,0.08245125412940979,2.369931697845459,2.4542607190087438,1,1,0,4,0,dirichlet_a0.5,43,directional_poisoning,sign_consensus,B_iid_transfer_frozen,0.5656118467693558
0,0.08245125412940979,2.193716049194336,2.472295065992512,0,,,,,dirichlet_a0.5,43,directional_poisoning,median,not_applicable,
1,0.08245125412940979,2.2212119102478027,2.4497349279699847,0,,,,,dirichlet_a0.5,43,directional_poisoning,median,not_applicable,
2,0.08245125412940979,2.352919340133667,2.424805758986622,1,,,,,dirichlet_a0.5,43,directional_poisoning,median,not_applicable,
3,0.08245125412940979,2.4849109649658203,2.4429392659803852,1,,,,,dirichlet_a0.5,43,directional_poisoning,median,not_applicable,
4,0.08272980898618698,2.556499481201172,2.4307251250138506,1,,,,,dirichlet_a0.5,43,directional_poisoning,median,not_applicable,
5,0.15000000596046448,2.620918035507202,2.27462830406148,1,,,,,dirichlet_a0.5,43,directional_poisoning,median,not_applicable,
0,0.08245125412940979,2.2104740142822266,2.163163075922057,0,,,,,dirichlet_a0.5,43,directional_poisoning,multi_krum,not_applicable,
1,0.08245125412940979,2.2866997718811035,2.4358111759647727,0,,,,,dirichlet_a0.5,43,directional_poisoning,multi_krum,not_applicable,
2,0.08245125412940979,2.328906297683716,2.4078861200250685,1,,,,,dirichlet_a0.5,43,directional_poisoning,multi_krum,not_applicable,
3,0.08245125412940979,2.3407974243164062,2.386099862982519,1,,,,,dirichlet_a0.5,43,directional_poisoning,multi_krum,not_applicable,
4,0.08245125412940979,2.353071689605713,2.4124439799925312,1,,,,,dirichlet_a0.5,43,directional_poisoning,multi_krum,not_applicable,
5,0.08245125412940979,2.3691372871398926,2.415254577063024,1,,,,,dirichlet_a0.5,43,directional_poisoning,multi_krum,not_applicable,
0,0.08245125412940979,2.207880735397339,2.395358460023999,0,,,,,dirichlet_a0.5,43,sparse_coordinate_attack,fedavg,not_applicable,
1,0.08245125412940979,2.261686086654663,2.4386674750130624,0,,,,,dirichlet_a0.5,43,sparse_coordinate_attack,fedavg,not_applicable,
2,0.05863510072231293,2.4307117462158203,2.4281231090426445,1,,,,,dirichlet_a0.5,43,sparse_coordinate_attack,fedavg,not_applicable,
3,0.08245125412940979,2.7648568153381348,2.458992537925951,1,,,,,dirichlet_a0.5,43,sparse_coordinate_attack,fedavg,not_applicable,
4,0.08830083906650543,2.695082902908325,2.489048497984186,1,,,,,dirichlet_a0.5,43,sparse_coordinate_attack,fedavg,not_applicable,
5,0.14415042102336884,2.8983635902404785,2.4905022360617295,1,,,,,dirichlet_a0.5,43,sparse_coordinate_attack,fedavg,not_applicable,
0,0.08245125412940979,2.1877028942108154,2.4513203230453655,0,0,5,0,0,dirichlet_a0.5,43,sparse_coordinate_attack,norm,A_condition_specific_oracle,0.14939126669739136
1,0.08245125412940979,2.1877028942108154,2.4865879140561447,0,0,5,0,0,dirichlet_a0.5,43,sparse_coordinate_attack,norm,A_condition_specific_oracle,0.14939126669739136
2,0.08245125412940979,2.1877028942108154,2.4721849760971963,1,1,4,0,0,dirichlet_a0.5,43,sparse_coordinate_attack,norm,A_condition_specific_oracle,0.14939126669739136
3,0.08245125412940979,2.1877028942108154,2.2584971940377727,1,1,4,0,0,dirichlet_a0.5,43,sparse_coordinate_attack,norm,A_condition_specific_oracle,0.14939126669739136
4,0.08245125412940979,2.1877028942108154,2.460826405091211,1,1,4,0,0,dirichlet_a0.5,43,sparse_coordinate_attack,norm,A_condition_specific_oracle,0.14939126669739136
5,0.08245125412940979,2.1877028942108154,2.445777332992293,1,1,4,0,0,dirichlet_a0.5,43,sparse_coordinate_attack,norm,A_condition_specific_oracle,0.14939126669739136
0,0.08245125412940979,2.1877028942108154,2.4542485550045967,0,0,5,0,0,dirichlet_a0.5,43,sparse_coordinate_attack,norm,B_iid_transfer_frozen,0.012898845250272921
1,0.08245125412940979,2.1877028942108154,2.4336899750633165,0,0,5,0,0,dirichlet_a0.5,43,sparse_coordinate_attack,norm,B_iid_transfer_frozen,0.012898845250272921
2,0.08245125412940979,2.1877028942108154,2.4498962439829484,1,1,4,0,0,dirichlet_a0.5,43,sparse_coordinate_attack,norm,B_iid_transfer_frozen,0.012898845250272921
3,0.08245125412940979,2.1877028942108154,2.4182742739794776,1,1,4,0,0,dirichlet_a0.5,43,sparse_coordinate_attack,norm,B_iid_transfer_frozen,0.012898845250272921
4,0.08245125412940979,2.1877028942108154,2.3913089419947937,1,1,4,0,0,dirichlet_a0.5,43,sparse_coordinate_attack,norm,B_iid_transfer_frozen,0.012898845250272921
5,0.08245125412940979,2.1877028942108154,2.4221602709731087,1,1,4,0,0,dirichlet_a0.5,43,sparse_coordinate_attack,norm,B_iid_transfer_frozen,0.012898845250272921
0,0.08245125412940979,2.207881212234497,2.7045960560208187,0,0,0,5,0,dirichlet_a0.5,43,sparse_coordinate_attack,cosine,A_condition_specific_oracle,-0.5062761484545466
1,0.08245125412940979,2.255793809890747,2.708709586993791,0,0,0,5,0,dirichlet_a0.5,43,sparse_coordinate_attack,cosine,A_condition_specific_oracle,-0.5062761484545466
2,0.05863510072231293,2.2056884765625,2.7056774119846523,1,0,0,4,1,dirichlet_a0.5,43,sparse_coordinate_attack,cosine,A_condition_specific_oracle,-0.5062761484545466
3,0.08245125412940979,2.687204599380493,2.7475046339677647,1,0,0,4,1,dirichlet_a0.5,43,sparse_coordinate_attack,cosine,A_condition_specific_oracle,-0.5062761484545466
4,0.08245125412940979,2.7711105346679688,2.7318495200015604,1,0,0,4,1,dirichlet_a0.5,43,sparse_coordinate_attack,cosine,A_condition_specific_oracle,-0.5062761484545466
5,0.08245125412940979,2.7164878845214844,2.8125965209910646,1,0,0,4,1,dirichlet_a0.5,43,sparse_coordinate_attack,cosine,A_condition_specific_oracle,-0.5062761484545466
0,0.08245125412940979,2.1877028942108154,2.839097562013194,0,0,5,0,0,dirichlet_a0.5,43,sparse_coordinate_attack,cosine,B_iid_transfer_frozen,0.8690693731871779
1,0.08245125412940979,2.1877028942108154,2.8773037580540404,0,0,5,0,0,dirichlet_a0.5,43,sparse_coordinate_attack,cosine,B_iid_transfer_frozen,0.8690693731871779
2,0.08245125412940979,2.1877028942108154,2.8762351219775155,1,1,4,0,0,dirichlet_a0.5,43,sparse_coordinate_attack,cosine,B_iid_transfer_frozen,0.8690693731871779
3,0.08245125412940979,2.1877028942108154,2.847447713953443,1,1,4,0,0,dirichlet_a0.5,43,sparse_coordinate_attack,cosine,B_iid_transfer_frozen,0.8690693731871779
4,0.08245125412940979,2.1877028942108154,2.8084860449889675,1,1,4,0,0,dirichlet_a0.5,43,sparse_coordinate_attack,cosine,B_iid_transfer_frozen,0.8690693731871779
5,0.08245125412940979,2.1877028942108154,2.8579396379645914,1,1,4,0,0,dirichlet_a0.5,43,sparse_coordinate_attack,cosine,B_iid_transfer_frozen,0.8690693731871779
0,0.08245125412940979,2.2078802585601807,2.5792129860492423,0,0,0,5,0,dirichlet_a0.5,43,sparse_coordinate_attack,sign_consensus,A_condition_specific_oracle,0.4046198996497207
1,0.08245125412940979,2.261728048324585,2.52581681299489,0,0,0,5,0,dirichlet_a0.5,43,sparse_coordinate_attack,sign_consensus,A_condition_specific_oracle,0.4046198996497207
2,0.08245125412940979,2.3100674152374268,2.4768624189309776,1,1,0,4,0,dirichlet_a0.5,43,sparse_coordinate_attack,sign_consensus,A_condition_specific_oracle,0.4046198996497207
3,0.08245125412940979,2.361823797225952,2.487375737982802,1,1,0,4,0,dirichlet_a0.5,43,sparse_coordinate_attack,sign_consensus,A_condition_specific_oracle,0.4046198996497207
4,0.08245125412940979,2.3461432456970215,2.4991795039968565,1,1,0,4,0,dirichlet_a0.5,43,sparse_coordinate_attack,sign_consensus,A_condition_specific_oracle,0.4046198996497207
5,0.08245125412940979,2.332920789718628,2.560943100019358,1,1,0,4,0,dirichlet_a0.5,43,sparse_coordinate_attack,sign_consensus,A_condition_specific_oracle,0.4046198996497207
0,0.08245125412940979,2.2152020931243896,2.5091495679225773,0,0,1,4,0,dirichlet_a0.5,43,sparse_coordinate_attack,sign_consensus,B_iid_transfer_frozen,0.5656118467693558
1,0.08245125412940979,2.259460926055908,2.512589951045811,0,0,0,5,0,dirichlet_a0.5,43,sparse_coordinate_attack,sign_consensus,B_iid_transfer_frozen,0.5656118467693558
2,0.08231198042631149,2.308948516845703,2.4598740231012926,1,1,0,4,0,dirichlet_a0.5,43,sparse_coordinate_attack,sign_consensus,B_iid_transfer_frozen,0.5656118467693558
3,0.08245125412940979,2.359992027282715,2.45680959103629,1,1,0,4,0,dirichlet_a0.5,43,sparse_coordinate_attack,sign_consensus,B_iid_transfer_frozen,0.5656118467693558
4,0.08245125412940979,2.3434066772460938,2.4790745159843937,1,1,0,4,0,dirichlet_a0.5,43,sparse_coordinate_attack,sign_consensus,B_iid_transfer_frozen,0.5656118467693558
5,0.08245125412940979,2.3289899826049805,2.435107672936283,1,1,0,4,0,dirichlet_a0.5,43,sparse_coordinate_attack,sign_consensus,B_iid_transfer_frozen,0.5656118467693558
0,0.08245125412940979,2.193711280822754,2.4869766749907285,0,,,,,dirichlet_a0.5,43,sparse_coordinate_attack,median,not_applicable,
1,0.08245125412940979,2.2212486267089844,2.4381127500673756,0,,,,,dirichlet_a0.5,43,sparse_coordinate_attack,median,not_applicable,
2,0.08245125412940979,2.265918254852295,2.5678654100047424,1,,,,,dirichlet_a0.5,43,sparse_coordinate_attack,median,not_applicable,
3,0.08245125412940979,2.33178973197937,2.569117214065045,1,,,,,dirichlet_a0.5,43,sparse_coordinate_attack,median,not_applicable,
4,0.08245125412940979,2.371117115020752,2.553196622058749,1,,,,,dirichlet_a0.5,43,sparse_coordinate_attack,median,not_applicable,
5,0.08245125412940979,2.344815254211426,2.5333684829529375,1,,,,,dirichlet_a0.5,43,sparse_coordinate_attack,median,not_applicable,
0,0.08245125412940979,2.2104737758636475,2.500047361943871,0,,,,,dirichlet_a0.5,43,sparse_coordinate_attack,multi_krum,not_applicable,
1,0.08245125412940979,2.286768913269043,2.6073524359380826,0,,,,,dirichlet_a0.5,43,sparse_coordinate_attack,multi_krum,not_applicable,
2,0.08245125412940979,2.3120014667510986,2.627474510925822,1,,,,,dirichlet_a0.5,43,sparse_coordinate_attack,multi_krum,not_applicable,
3,0.08245125412940979,2.3545422554016113,2.5743185630999506,1,,,,,dirichlet_a0.5,43,sparse_coordinate_attack,multi_krum,not_applicable,
4,0.08245125412940979,2.3379569053649902,2.6403124410426244,1,,,,,dirichlet_a0.5,43,sparse_coordinate_attack,multi_krum,not_applicable,
5,0.08245125412940979,2.3244757652282715,2.594561065081507,1,,,,,dirichlet_a0.5,43,sparse_coordinate_attack,multi_krum,not_applicable,
0,0.08342618495225906,2.1813087463378906,2.598309535998851,0,,,,,dirichlet_a0.5,44,no_attack,fedavg,not_applicable,
1,0.16504178941249847,2.1511898040771484,2.5237766980426386,0,,,,,dirichlet_a0.5,44,no_attack,fedavg,not_applicable,
2,0.16908077895641327,2.1313774585723877,2.5301948440028355,1,,,,,dirichlet_a0.5,44,no_attack,fedavg,not_applicable,
3,0.1715877503156662,2.123375177383423,2.573131259996444,1,,,,,dirichlet_a0.5,44,no_attack,fedavg,not_applicable,
4,0.08885794132947922,2.1331417560577393,2.498468776931986,1,,,,,dirichlet_a0.5,44,no_attack,fedavg,not_applicable,
5,0.1863509863615036,2.0887036323547363,2.4854321780148894,1,,,,,dirichlet_a0.5,44,no_attack,fedavg,not_applicable,
0,0.08147632330656052,2.1977293491363525,2.4999640199821442,0,0,5,0,0,dirichlet_a0.5,44,no_attack,norm,A_condition_specific_oracle,0.14939126669739136
1,0.08147632330656052,2.1977293491363525,2.529664278961718,0,0,5,0,0,dirichlet_a0.5,44,no_attack,norm,A_condition_specific_oracle,0.14939126669739136
2,0.08147632330656052,2.1977293491363525,2.541045705904253,1,1,4,0,0,dirichlet_a0.5,44,no_attack,norm,A_condition_specific_oracle,0.14939126669739136
3,0.08147632330656052,2.1977293491363525,2.4836712069809437,1,1,4,0,0,dirichlet_a0.5,44,no_attack,norm,A_condition_specific_oracle,0.14939126669739136
4,0.08147632330656052,2.1977293491363525,2.556368574965745,1,1,4,0,0,dirichlet_a0.5,44,no_attack,norm,A_condition_specific_oracle,0.14939126669739136
5,0.08147632330656052,2.1977293491363525,2.567255957983434,1,1,4,0,0,dirichlet_a0.5,44,no_attack,norm,A_condition_specific_oracle,0.14939126669739136
0,0.08147632330656052,2.1977293491363525,2.4588244579499587,0,0,5,0,0,dirichlet_a0.5,44,no_attack,norm,B_iid_transfer_frozen,0.012898845250272921
1,0.08147632330656052,2.1977293491363525,2.4706145849777386,0,0,5,0,0,dirichlet_a0.5,44,no_attack,norm,B_iid_transfer_frozen,0.012898845250272921
2,0.08147632330656052,2.1977293491363525,2.4530397769995034,1,1,4,0,0,dirichlet_a0.5,44,no_attack,norm,B_iid_transfer_frozen,0.012898845250272921
3,0.08147632330656052,2.1977293491363525,2.5335692529333755,1,1,4,0,0,dirichlet_a0.5,44,no_attack,norm,B_iid_transfer_frozen,0.012898845250272921
4,0.08147632330656052,2.1977293491363525,2.6171534049790353,1,1,4,0,0,dirichlet_a0.5,44,no_attack,norm,B_iid_transfer_frozen,0.012898845250272921
5,0.08147632330656052,2.1977293491363525,2.6098322509787977,1,1,4,0,0,dirichlet_a0.5,44,no_attack,norm,B_iid_transfer_frozen,0.012898845250272921
0,0.08342618495225906,2.1813082695007324,2.8273868180112913,0,0,0,5,0,dirichlet_a0.5,44,no_attack,cosine,A_condition_specific_oracle,-0.5062761484545466
1,0.28621169924736023,2.1517350673675537,2.8023060320410877,0,0,0,5,0,dirichlet_a0.5,44,no_attack,cosine,A_condition_specific_oracle,-0.5062761484545466
2,0.1711699217557907,2.131082534790039,2.8185234799748287,1,0,0,4,1,dirichlet_a0.5,44,no_attack,cosine,A_condition_specific_oracle,-0.5062761484545466
3,0.1717270165681839,2.118563652038574,2.8990697528934106,1,0,0,4,1,dirichlet_a0.5,44,no_attack,cosine,A_condition_specific_oracle,-0.5062761484545466
4,0.242200568318367,2.127779722213745,2.9334482910344377,1,0,0,4,1,dirichlet_a0.5,44,no_attack,cosine,A_condition_specific_oracle,-0.5062761484545466
5,0.19289694726467133,2.1021997928619385,2.696611433988437,1,0,0,4,1,dirichlet_a0.5,44,no_attack,cosine,A_condition_specific_oracle,-0.5062761484545466
0,0.08147632330656052,2.1977293491363525,2.973090204061009,0,0,5,0,0,dirichlet_a0.5,44,no_attack,cosine,B_iid_transfer_frozen,0.8690693731871779
1,0.08147632330656052,2.1977293491363525,3.0083851229865104,0,0,5,0,0,dirichlet_a0.5,44,no_attack,cosine,B_iid_transfer_frozen,0.8690693731871779
2,0.08147632330656052,2.1977293491363525,2.9712822190485895,1,1,4,0,0,dirichlet_a0.5,44,no_attack,cosine,B_iid_transfer_frozen,0.8690693731871779
3,0.08147632330656052,2.1977293491363525,2.917955332901329,1,1,4,0,0,dirichlet_a0.5,44,no_attack,cosine,B_iid_transfer_frozen,0.8690693731871779
4,0.08147632330656052,2.1977293491363525,2.922292585950345,1,1,4,0,0,dirichlet_a0.5,44,no_attack,cosine,B_iid_transfer_frozen,0.8690693731871779
5,0.08147632330656052,2.1977293491363525,2.9084320679539815,1,1,4,0,0,dirichlet_a0.5,44,no_attack,cosine,B_iid_transfer_frozen,0.8690693731871779
0,0.08342618495225906,2.1813125610351562,2.590740287094377,0,0,0,5,0,dirichlet_a0.5,44,no_attack,sign_consensus,A_condition_specific_oracle,0.4046198996497207
1,0.16504178941249847,2.1512558460235596,2.573964567971416,0,0,0,5,0,dirichlet_a0.5,44,no_attack,sign_consensus,A_condition_specific_oracle,0.4046198996497207
2,0.1683844029903412,2.1313064098358154,2.538379315054044,1,0,0,4,1,dirichlet_a0.5,44,no_attack,sign_consensus,A_condition_specific_oracle,0.4046198996497207
3,0.1717270165681839,2.1234028339385986,2.5381888690171763,1,0,0,4,1,dirichlet_a0.5,44,no_attack,sign_consensus,A_condition_specific_oracle,0.4046198996497207
4,0.07757660001516342,2.133495330810547,2.5468507079640403,1,0,0,4,1,dirichlet_a0.5,44,no_attack,sign_consensus,A_condition_specific_oracle,0.4046198996497207
5,0.1863509863615036,2.088353395462036,2.573554440983571,1,0,0,4,1,dirichlet_a0.5,44,no_attack,sign_consensus,A_condition_specific_oracle,0.4046198996497207
0,0.1644846796989441,2.167577028274536,2.5539027680642903,0,0,2,3,0,dirichlet_a0.5,44,no_attack,sign_consensus,B_iid_transfer_frozen,0.5656118467693558
1,0.1717270165681839,2.1685667037963867,2.549898962955922,0,0,1,4,0,dirichlet_a0.5,44,no_attack,sign_consensus,B_iid_transfer_frozen,0.5656118467693558
2,0.08272980898618698,2.16961932182312,2.577756051905453,1,0,1,3,1,dirichlet_a0.5,44,no_attack,sign_consensus,B_iid_transfer_frozen,0.5656118467693558
3,0.29373258352279663,2.2439451217651367,2.5354739219183102,1,1,1,3,0,dirichlet_a0.5,44,no_attack,sign_consensus,B_iid_transfer_frozen,0.5656118467693558
4,0.10041783004999161,2.152132034301758,2.6060689790174365,1,0,1,3,1,dirichlet_a0.5,44,no_attack,sign_consensus,B_iid_transfer_frozen,0.5656118467693558
5,0.1863509863615036,2.220198154449463,2.5760778679978102,1,1,1,3,0,dirichlet_a0.5,44,no_attack,sign_consensus,B_iid_transfer_frozen,0.5656118467693558
0,0.1715877503156662,2.1621570587158203,2.617457029991783,0,,,,,dirichlet_a0.5,44,no_attack,median,not_applicable,
1,0.1717270165681839,2.129140615463257,2.5606882839929312,0,,,,,dirichlet_a0.5,44,no_attack,median,not_applicable,
2,0.1717270165681839,2.1220955848693848,2.551812666002661,1,,,,,dirichlet_a0.5,44,no_attack,median,not_applicable,
3,0.1717270165681839,2.1192116737365723,2.579400893067941,1,,,,,dirichlet_a0.5,44,no_attack,median,not_applicable,
4,0.2825905382633209,2.131164312362671,2.57308678899426,1,,,,,dirichlet_a0.5,44,no_attack,median,not_applicable,
5,0.1867688000202179,2.0824151039123535,2.6896014199592173,1,,,,,dirichlet_a0.5,44,no_attack,median,not_applicable,
0,0.08245125412940979,2.2016818523406982,2.637207757914439,0,,,,,dirichlet_a0.5,44,no_attack,multi_krum,not_applicable,
1,0.08245125412940979,2.1960105895996094,2.7265661460114643,0,,,,,dirichlet_a0.5,44,no_attack,multi_krum,not_applicable,
2,0.08286908268928528,2.1837410926818848,2.5596495480276644,1,,,,,dirichlet_a0.5,44,no_attack,multi_krum,not_applicable,
3,0.14415042102336884,2.174250602722168,2.480358768021688,1,,,,,dirichlet_a0.5,44,no_attack,multi_krum,not_applicable,
4,0.12409470975399017,2.1682369709014893,2.5272461370332167,1,,,,,dirichlet_a0.5,44,no_attack,multi_krum,not_applicable,
5,0.10194986313581467,2.144953966140747,2.515210242010653,1,,,,,dirichlet_a0.5,44,no_attack,multi_krum,not_applicable,
0,0.08342618495225906,2.1813161373138428,2.4780306379543617,0,,,,,dirichlet_a0.5,44,large_norm,fedavg,not_applicable,
1,0.16490250825881958,2.151198148727417,2.5144775769440457,0,,,,,dirichlet_a0.5,44,large_norm,fedavg,not_applicable,
2,0.18008357286453247,40863960.0,2.486271693953313,1,,,,,dirichlet_a0.5,44,large_norm,fedavg,not_applicable,
3,0.1863509863615036,nan,2.5407991890097037,1,,,,,dirichlet_a0.5,44,large_norm,fedavg,not_applicable,
4,0.1863509863615036,nan,2.530036067008041,1,,,,,dirichlet_a0.5,44,large_norm,fedavg,not_applicable,
5,0.1863509863615036,nan,2.534881565021351,1,,,,,dirichlet_a0.5,44,large_norm,fedavg,not_applicable,
0,0.08147632330656052,2.1977293491363525,2.484734721016139,0,0,5,0,0,dirichlet_a0.5,44,large_norm,norm,A_condition_specific_oracle,0.14939126669739136
1,0.08147632330656052,2.1977293491363525,2.508894389960915,0,0,5,0,0,dirichlet_a0.5,44,large_norm,norm,A_condition_specific_oracle,0.14939126669739136
2,0.08147632330656052,2.1977293491363525,2.5406503960257396,1,1,4,0,0,dirichlet_a0.5,44,large_norm,norm,A_condition_specific_oracle,0.14939126669739136
3,0.08147632330656052,2.1977293491363525,2.4506543870083988,1,1,4,0,0,dirichlet_a0.5,44,large_norm,norm,A_condition_specific_oracle,0.14939126669739136
4,0.08147632330656052,2.1977293491363525,2.4898906430462375,1,1,4,0,0,dirichlet_a0.5,44,large_norm,norm,A_condition_specific_oracle,0.14939126669739136
5,0.08147632330656052,2.1977293491363525,2.4477952719898894,1,1,4,0,0,dirichlet_a0.5,44,large_norm,norm,A_condition_specific_oracle,0.14939126669739136
0,0.08147632330656052,2.1977293491363525,2.4421246639685705,0,0,5,0,0,dirichlet_a0.5,44,large_norm,norm,B_iid_transfer_frozen,0.012898845250272921
1,0.08147632330656052,2.1977293491363525,2.5765022250125185,0,0,5,0,0,dirichlet_a0.5,44,large_norm,norm,B_iid_transfer_frozen,0.012898845250272921
2,0.08147632330656052,2.1977293491363525,2.3918241689680144,1,1,4,0,0,dirichlet_a0.5,44,large_norm,norm,B_iid_transfer_frozen,0.012898845250272921
3,0.08147632330656052,2.1977293491363525,2.4517570600146428,1,1,4,0,0,dirichlet_a0.5,44,large_norm,norm,B_iid_transfer_frozen,0.012898845250272921
4,0.08147632330656052,2.1977293491363525,2.5276735379593447,1,1,4,0,0,dirichlet_a0.5,44,large_norm,norm,B_iid_transfer_frozen,0.012898845250272921
5,0.08147632330656052,2.1977293491363525,2.475286614964716,1,1,4,0,0,dirichlet_a0.5,44,large_norm,norm,B_iid_transfer_frozen,0.012898845250272921
0,0.08342618495225906,2.1813127994537354,2.7629887129878625,0,0,0,5,0,dirichlet_a0.5,44,large_norm,cosine,A_condition_specific_oracle,-0.5062761484545466
1,0.2842618525028229,2.151625871658325,2.83628748904448,0,0,0,5,0,dirichlet_a0.5,44,large_norm,cosine,A_condition_specific_oracle,-0.5062761484545466
2,0.18579387664794922,67163336.0,2.8391235679155216,1,0,0,4,1,dirichlet_a0.5,44,large_norm,cosine,A_condition_specific_oracle,-0.5062761484545466
3,0.047214485704898834,232864384.0,2.8467710870318115,1,0,1,3,1,dirichlet_a0.5,44,large_norm,cosine,A_condition_specific_oracle,-0.5062761484545466
4,0.1863509863615036,585787506688.0,2.8037993090692908,1,0,0,4,1,dirichlet_a0.5,44,large_norm,cosine,A_condition_specific_oracle,-0.5062761484545466
5,0.047214485704898834,1245266176.0,2.72513669799082,1,0,0,4,1,dirichlet_a0.5,44,large_norm,cosine,A_condition_specific_oracle,-0.5062761484545466
0,0.08147632330656052,2.1977293491363525,2.779259048984386,0,0,5,0,0,dirichlet_a0.5,44,large_norm,cosine,B_iid_transfer_frozen,0.8690693731871779
1,0.08147632330656052,2.1977293491363525,2.7093019080348313,0,0,5,0,0,dirichlet_a0.5,44,large_norm,cosine,B_iid_transfer_frozen,0.8690693731871779
2,0.08147632330656052,2.1977293491363525,2.7644657619530335,1,1,4,0,0,dirichlet_a0.5,44,large_norm,cosine,B_iid_transfer_frozen,0.8690693731871779
3,0.08147632330656052,2.1977293491363525,2.744209752068855,1,1,4,0,0,dirichlet_a0.5,44,large_norm,cosine,B_iid_transfer_frozen,0.8690693731871779
4,0.08147632330656052,2.1977293491363525,2.8737558510620147,1,1,4,0,0,dirichlet_a0.5,44,large_norm,cosine,B_iid_transfer_frozen,0.8690693731871779
5,0.08147632330656052,2.1977293491363525,2.8555480459472165,1,1,4,0,0,dirichlet_a0.5,44,large_norm,cosine,B_iid_transfer_frozen,0.8690693731871779
0,0.08342618495225906,2.1813101768493652,2.4835700480034575,0,0,0,5,0,dirichlet_a0.5,44,large_norm,sign_consensus,A_condition_specific_oracle,0.4046198996497207
1,0.16504178941249847,2.151221990585327,2.493321772897616,0,0,0,5,0,dirichlet_a0.5,44,large_norm,sign_consensus,A_condition_specific_oracle,0.4046198996497207
2,0.18718662858009338,314788896.0,2.451099665951915,1,0,2,2,1,dirichlet_a0.5,44,large_norm,sign_consensus,A_condition_specific_oracle,0.4046198996497207
3,0.18718662858009338,314788896.0,2.466111941030249,1,1,4,0,0,dirichlet_a0.5,44,large_norm,sign_consensus,A_condition_specific_oracle,0.4046198996497207
4,0.18718662858009338,314788896.0,2.450055869994685,1,1,4,0,0,dirichlet_a0.5,44,large_norm,sign_consensus,A_condition_specific_oracle,0.4046198996497207
5,0.18718662858009338,314788896.0,2.447699343902059,1,1,4,0,0,dirichlet_a0.5,44,large_norm,sign_consensus,A_condition_specific_oracle,0.4046198996497207
0,0.1644846796989441,2.1675784587860107,2.4422625970328227,0,0,2,3,0,dirichlet_a0.5,44,large_norm,sign_consensus,B_iid_transfer_frozen,0.5656118467693558
1,0.1717270165681839,2.1687374114990234,2.383783494005911,0,0,1,4,0,dirichlet_a0.5,44,large_norm,sign_consensus,B_iid_transfer_frozen,0.5656118467693558
2,0.19136491417884827,25478557696.0,2.3974011910613626,1,0,4,0,1,dirichlet_a0.5,44,large_norm,sign_consensus,B_iid_transfer_frozen,0.5656118467693558
3,0.19136491417884827,25478557696.0,2.376212582923472,1,1,4,0,0,dirichlet_a0.5,44,large_norm,sign_consensus,B_iid_transfer_frozen,0.5656118467693558
4,0.19136491417884827,25478557696.0,2.435486376984045,1,1,4,0,0,dirichlet_a0.5,44,large_norm,sign_consensus,B_iid_transfer_frozen,0.5656118467693558
5,0.19136491417884827,25478557696.0,2.4282916210358962,1,1,4,0,0,dirichlet_a0.5,44,large_norm,sign_consensus,B_iid_transfer_frozen,0.5656118467693558
0,0.1715877503156662,2.1621549129486084,2.435983212082647,0,,,,,dirichlet_a0.5,44,large_norm,median,not_applicable,
1,0.1717270165681839,2.129185438156128,2.4314837539568543,0,,,,,dirichlet_a0.5,44,large_norm,median,not_applicable,
2,0.16866295039653778,2.1701951026916504,2.4247596280183643,1,,,,,dirichlet_a0.5,44,large_norm,median,not_applicable,
3,0.1717270165681839,2.1842565536499023,2.403725476935506,1,,,,,dirichlet_a0.5,44,large_norm,median,not_applicable,
4,0.1717270165681839,2.1881959438323975,2.3984651420032606,1,,,,,dirichlet_a0.5,44,large_norm,median,not_applicable,
5,0.1754874736070633,2.185662269592285,2.416709020966664,1,,,,,dirichlet_a0.5,44,large_norm,median,not_applicable,
0,0.08245125412940979,2.2016851902008057,2.3958350259345025,0,,,,,dirichlet_a0.5,44,large_norm,multi_krum,not_applicable,
1,0.08245125412940979,2.195855140686035,2.4319839210947976,0,,,,,dirichlet_a0.5,44,large_norm,multi_krum,not_applicable,
2,0.2678273022174835,2.1629912853240967,2.510080427979119,1,,,,,dirichlet_a0.5,44,large_norm,multi_krum,not_applicable,
3,0.1642061322927475,2.1754708290100098,2.434324783971533,1,,,,,dirichlet_a0.5,44,large_norm,multi_krum,not_applicable,
4,0.15097492933273315,2.169517993927002,2.4603280950104818,1,,,,,dirichlet_a0.5,44,large_norm,multi_krum,not_applicable,
5,0.2761838436126709,2.1625494956970215,2.5508026650641114,1,,,,,dirichlet_a0.5,44,large_norm,multi_krum,not_applicable,
0,0.08342618495225906,2.1813111305236816,2.497109748888761,0,,,,,dirichlet_a0.5,44,low_norm,fedavg,not_applicable,
1,0.16476324200630188,2.1512999534606934,2.495380759006366,0,,,,,dirichlet_a0.5,44,low_norm,fedavg,not_applicable,
2,0.1717270165681839,2.1678707599639893,2.548076926963404,1,,,,,dirichlet_a0.5,44,low_norm,fedavg,not_applicable,
3,0.1717270165681839,2.193122625350952,2.483189859893173,1,,,,,dirichlet_a0.5,44,low_norm,fedavg,not_applicable,
4,0.0596100278198719,2.2127861976623535,2.624526236089878,1,,,,,dirichlet_a0.5,44,low_norm,fedavg,not_applicable,
5,0.23036211729049683,2.1640353202819824,2.5105997269274667,1,,,,,dirichlet_a0.5,44,low_norm,fedavg,not_applicable,
0,0.08147632330656052,2.1977293491363525,2.46026681503281,0,0,5,0,0,dirichlet_a0.5,44,low_norm,norm,A_condition_specific_oracle,0.14939126669739136
1,0.08147632330656052,2.1977293491363525,2.486063239048235,0,0,5,0,0,dirichlet_a0.5,44,low_norm,norm,A_condition_specific_oracle,0.14939126669739136
2,0.08245125412940979,2.1981041431427,2.5226097599370405,1,0,4,0,1,dirichlet_a0.5,44,low_norm,norm,A_condition_specific_oracle,0.14939126669739136
3,0.09261838346719742,2.198540687561035,2.531789999920875,1,0,4,0,1,dirichlet_a0.5,44,low_norm,norm,A_condition_specific_oracle,0.14939126669739136
4,0.104456827044487,2.1990573406219482,2.6448512478964403,1,0,4,0,1,dirichlet_a0.5,44,low_norm,norm,A_condition_specific_oracle,0.14939126669739136
5,0.09665738046169281,2.1996397972106934,2.726870966027491,1,0,4,0,1,dirichlet_a0.5,44,low_norm,norm,A_condition_specific_oracle,0.14939126669739136
0,0.08147632330656052,2.1977293491363525,2.836462010978721,0,0,5,0,0,dirichlet_a0.5,44,low_norm,norm,B_iid_transfer_frozen,0.012898845250272921
1,0.08147632330656052,2.1977293491363525,2.7440531719475985,0,0,5,0,0,dirichlet_a0.5,44,low_norm,norm,B_iid_transfer_frozen,0.012898845250272921
2,0.08245125412940979,2.1981041431427,2.666263838065788,1,0,4,0,1,dirichlet_a0.5,44,low_norm,norm,B_iid_transfer_frozen,0.012898845250272921
3,0.09261838346719742,2.198540449142456,2.6637216970557347,1,0,4,0,1,dirichlet_a0.5,44,low_norm,norm,B_iid_transfer_frozen,0.012898845250272921
4,0.104456827044487,2.1990573406219482,2.639642621972598,1,0,4,0,1,dirichlet_a0.5,44,low_norm,norm,B_iid_transfer_frozen,0.012898845250272921
5,0.09665738046169281,2.1996395587921143,2.607334580970928,1,0,4,0,1,dirichlet_a0.5,44,low_norm,norm,B_iid_transfer_frozen,0.012898845250272921
0,0.08342618495225906,2.181309223175049,3.0212693579960614,0,0,0,5,0,dirichlet_a0.5,44,low_norm,cosine,A_condition_specific_oracle,-0.5062761484545466
1,0.28481894731521606,2.1517457962036133,3.015538737992756,0,0,0,5,0,dirichlet_a0.5,44,low_norm,cosine,A_condition_specific_oracle,-0.5062761484545466
2,0.1717270165681839,2.15983510017395,3.060003384947777,1,0,0,4,1,dirichlet_a0.5,44,low_norm,cosine,A_condition_specific_oracle,-0.5062761484545466
3,0.1717270165681839,2.1815097332000732,2.9675291660241783,1,0,0,4,1,dirichlet_a0.5,44,low_norm,cosine,A_condition_specific_oracle,-0.5062761484545466
4,0.1683844029903412,2.188744306564331,2.9799736470449716,1,0,0,4,1,dirichlet_a0.5,44,low_norm,cosine,A_condition_specific_oracle,-0.5062761484545466
5,0.28871867060661316,2.1635680198669434,2.925168268964626,1,0,0,4,1,dirichlet_a0.5,44,low_norm,cosine,A_condition_specific_oracle,-0.5062761484545466
0,0.08147632330656052,2.1977293491363525,3.0130700890440494,0,0,5,0,0,dirichlet_a0.5,44,low_norm,cosine,B_iid_transfer_frozen,0.8690693731871779
1,0.08147632330656052,2.1977293491363525,3.005452845012769,0,0,5,0,0,dirichlet_a0.5,44,low_norm,cosine,B_iid_transfer_frozen,0.8690693731871779
2,0.08147632330656052,2.1977293491363525,2.952332264976576,1,1,4,0,0,dirichlet_a0.5,44,low_norm,cosine,B_iid_transfer_frozen,0.8690693731871779
3,0.08147632330656052,2.1977293491363525,3.0507641959702596,1,1,4,0,0,dirichlet_a0.5,44,low_norm,cosine,B_iid_transfer_frozen,0.8690693731871779
4,0.08147632330656052,2.1977293491363525,2.886836324003525,1,1,4,0,0,dirichlet_a0.5,44,low_norm,cosine,B_iid_transfer_frozen,0.8690693731871779
5,0.08147632330656052,2.1977293491363525,2.9305812399834394,1,1,4,0,0,dirichlet_a0.5,44,low_norm,cosine,B_iid_transfer_frozen,0.8690693731871779
0,0.08342618495225906,2.181309938430786,2.6356085130246356,0,0,0,5,0,dirichlet_a0.5,44,low_norm,sign_consensus,A_condition_specific_oracle,0.4046198996497207
1,0.16490250825881958,2.151282548904419,2.642336364951916,0,0,0,5,0,dirichlet_a0.5,44,low_norm,sign_consensus,A_condition_specific_oracle,0.4046198996497207
2,0.1717270165681839,2.1681010723114014,2.6401152489706874,1,0,0,4,1,dirichlet_a0.5,44,low_norm,sign_consensus,A_condition_specific_oracle,0.4046198996497207
3,0.1717270165681839,2.1931471824645996,2.6672691670246422,1,0,0,4,1,dirichlet_a0.5,44,low_norm,sign_consensus,A_condition_specific_oracle,0.4046198996497207
4,0.0596100278198719,2.2127017974853516,2.6580680719343945,1,0,0,4,1,dirichlet_a0.5,44,low_norm,sign_consensus,A_condition_specific_oracle,0.4046198996497207
5,0.22966574132442474,2.1638410091400146,2.6728184539824724,1,0,0,4,1,dirichlet_a0.5,44,low_norm,sign_consensus,A_condition_specific_oracle,0.4046198996497207
0,0.1644846796989441,2.1675801277160645,2.5093112339964136,0,0,2,3,0,dirichlet_a0.5,44,low_norm,sign_consensus,B_iid_transfer_frozen,0.5656118467693558
1,0.1717270165681839,2.1688966751098633,2.4748235150473192,0,0,1,4,0,dirichlet_a0.5,44,low_norm,sign_consensus,B_iid_transfer_frozen,0.5656118467693558
2,0.1717270165681839,2.1542396545410156,2.5044797199079767,1,0,1,3,1,dirichlet_a0.5,44,low_norm,sign_consensus,B_iid_transfer_frozen,0.5656118467693558
3,0.047214485704898834,2.2301273345947266,2.573298391071148,1,1,2,2,0,dirichlet_a0.5,44,low_norm,sign_consensus,B_iid_transfer_frozen,0.5656118467693558
4,0.058774374425411224,2.1811563968658447,2.5147853400558233,1,1,0,4,0,dirichlet_a0.5,44,low_norm,sign_consensus,B_iid_transfer_frozen,0.5656118467693558
5,0.35306409001350403,2.1003642082214355,2.4964050160488114,1,1,1,3,0,dirichlet_a0.5,44,low_norm,sign_consensus,B_iid_transfer_frozen,0.5656118467693558
0,0.1715877503156662,2.1621551513671875,2.4793550419854,0,,,,,dirichlet_a0.5,44,low_norm,median,not_applicable,
1,0.1717270165681839,2.1295347213745117,2.4514083900721744,0,,,,,dirichlet_a0.5,44,low_norm,median,not_applicable,
2,0.1717270165681839,2.139173746109009,2.5308488700538874,1,,,,,dirichlet_a0.5,44,low_norm,median,not_applicable,
3,0.1717270165681839,2.1540255546569824,2.540495353983715,1,,,,,dirichlet_a0.5,44,low_norm,median,not_applicable,
4,0.1717270165681839,2.15755295753479,2.491302691050805,1,,,,,dirichlet_a0.5,44,low_norm,median,not_applicable,
5,0.33370473980903625,2.1408133506774902,2.525724221020937,1,,,,,dirichlet_a0.5,44,low_norm,median,not_applicable,
0,0.08245125412940979,2.2016797065734863,2.502534548053518,0,,,,,dirichlet_a0.5,44,low_norm,multi_krum,not_applicable,
1,0.08245125412940979,2.1961936950683594,2.2232536850497127,0,,,,,dirichlet_a0.5,44,low_norm,multi_krum,not_applicable,
2,0.1721448451280594,2.155989646911621,2.4929297011112794,1,,,,,dirichlet_a0.5,44,low_norm,multi_krum,not_applicable,
3,0.1717270165681839,2.156327247619629,2.524002898018807,1,,,,,dirichlet_a0.5,44,low_norm,multi_krum,not_applicable,
4,0.1717270165681839,2.153038740158081,2.5779893699800596,1,,,,,dirichlet_a0.5,44,low_norm,multi_krum,not_applicable,
5,0.2768802344799042,2.1361894607543945,2.5318702820222825,1,,,,,dirichlet_a0.5,44,low_norm,multi_krum,not_applicable,
0,0.08342618495225906,2.1813113689422607,2.479461373994127,0,,,,,dirichlet_a0.5,44,full_sign_flip,fedavg,not_applicable,
1,0.16490250825881958,2.1512303352355957,2.43545178999193,0,,,,,dirichlet_a0.5,44,full_sign_flip,fedavg,not_applicable,
2,0.1717270165681839,2.256659984588623,2.4374702819623053,1,,,,,dirichlet_a0.5,44,full_sign_flip,fedavg,not_applicable,
3,0.1717270165681839,2.40132212638855,2.412047949968837,1,,,,,dirichlet_a0.5,44,full_sign_flip,fedavg,not_applicable,
4,0.07200556993484497,2.4749011993408203,2.402638719067909,1,,,,,dirichlet_a0.5,44,full_sign_flip,fedavg,not_applicable,
5,0.13175487518310547,2.4395573139190674,2.441159773967229,1,,,,,dirichlet_a0.5,44,full_sign_flip,fedavg,not_applicable,
0,0.08147632330656052,2.1977293491363525,2.432558336062357,0,0,5,0,0,dirichlet_a0.5,44,full_sign_flip,norm,A_condition_specific_oracle,0.14939126669739136
1,0.08147632330656052,2.1977293491363525,2.5057598269777372,0,0,5,0,0,dirichlet_a0.5,44,full_sign_flip,norm,A_condition_specific_oracle,0.14939126669739136
2,0.08147632330656052,2.1977293491363525,2.462615789962001,1,1,4,0,0,dirichlet_a0.5,44,full_sign_flip,norm,A_condition_specific_oracle,0.14939126669739136
3,0.08147632330656052,2.1977293491363525,2.458156732027419,1,1,4,0,0,dirichlet_a0.5,44,full_sign_flip,norm,A_condition_specific_oracle,0.14939126669739136
4,0.08147632330656052,2.1977293491363525,2.419817387009971,1,1,4,0,0,dirichlet_a0.5,44,full_sign_flip,norm,A_condition_specific_oracle,0.14939126669739136
5,0.08147632330656052,2.1977293491363525,2.4594558629905805,1,1,4,0,0,dirichlet_a0.5,44,full_sign_flip,norm,A_condition_specific_oracle,0.14939126669739136
0,0.08147632330656052,2.1977293491363525,2.493828634964302,0,0,5,0,0,dirichlet_a0.5,44,full_sign_flip,norm,B_iid_transfer_frozen,0.012898845250272921
1,0.08147632330656052,2.1977293491363525,2.563777528004721,0,0,5,0,0,dirichlet_a0.5,44,full_sign_flip,norm,B_iid_transfer_frozen,0.012898845250272921
2,0.08147632330656052,2.1977293491363525,2.6057713890913874,1,1,4,0,0,dirichlet_a0.5,44,full_sign_flip,norm,B_iid_transfer_frozen,0.012898845250272921
3,0.08147632330656052,2.1977293491363525,2.5085848988965154,1,1,4,0,0,dirichlet_a0.5,44,full_sign_flip,norm,B_iid_transfer_frozen,0.012898845250272921
4,0.08147632330656052,2.1977293491363525,2.514428699039854,1,1,4,0,0,dirichlet_a0.5,44,full_sign_flip,norm,B_iid_transfer_frozen,0.012898845250272921
5,0.08147632330656052,2.1977293491363525,2.5734388469718397,1,1,4,0,0,dirichlet_a0.5,44,full_sign_flip,norm,B_iid_transfer_frozen,0.012898845250272921
0,0.08342618495225906,2.1813154220581055,2.8329910080647096,0,0,0,5,0,dirichlet_a0.5,44,full_sign_flip,cosine,A_condition_specific_oracle,-0.5062761484545466
1,0.28189414739608765,2.15169358253479,2.7928650500252843,0,0,0,5,0,dirichlet_a0.5,44,full_sign_flip,cosine,A_condition_specific_oracle,-0.5062761484545466
2,0.1717270165681839,2.2429659366607666,2.8760874969884753,1,0,0,4,1,dirichlet_a0.5,44,full_sign_flip,cosine,A_condition_specific_oracle,-0.5062761484545466
3,0.1717270165681839,2.189502716064453,2.7827823950210586,1,1,0,4,0,dirichlet_a0.5,44,full_sign_flip,cosine,A_condition_specific_oracle,-0.5062761484545466
4,0.13662953674793243,2.1902015209198,2.8294436909491196,1,1,0,4,0,dirichlet_a0.5,44,full_sign_flip,cosine,A_condition_specific_oracle,-0.5062761484545466
5,0.26337048411369324,2.152888298034668,2.7802908449666575,1,1,0,4,0,dirichlet_a0.5,44,full_sign_flip,cosine,A_condition_specific_oracle,-0.5062761484545466
0,0.08147632330656052,2.1977293491363525,2.8597160109784454,0,0,5,0,0,dirichlet_a0.5,44,full_sign_flip,cosine,B_iid_transfer_frozen,0.8690693731871779
1,0.08147632330656052,2.1977293491363525,2.868311270023696,0,0,5,0,0,dirichlet_a0.5,44,full_sign_flip,cosine,B_iid_transfer_frozen,0.8690693731871779
2,0.08147632330656052,2.1977293491363525,2.838630203041248,1,1,4,0,0,dirichlet_a0.5,44,full_sign_flip,cosine,B_iid_transfer_frozen,0.8690693731871779
3,0.08147632330656052,2.1977293491363525,2.8831146369921044,1,1,4,0,0,dirichlet_a0.5,44,full_sign_flip,cosine,B_iid_transfer_frozen,0.8690693731871779
4,0.08147632330656052,2.1977293491363525,2.815904056071304,1,1,4,0,0,dirichlet_a0.5,44,full_sign_flip,cosine,B_iid_transfer_frozen,0.8690693731871779
5,0.08147632330656052,2.1977293491363525,2.8125694829504937,1,1,4,0,0,dirichlet_a0.5,44,full_sign_flip,cosine,B_iid_transfer_frozen,0.8690693731871779
0,0.08342618495225906,2.181309461593628,2.5345756409224123,0,0,0,5,0,dirichlet_a0.5,44,full_sign_flip,sign_consensus,A_condition_specific_oracle,0.4046198996497207
1,0.16490250825881958,2.1512203216552734,2.5794522929936647,0,0,0,5,0,dirichlet_a0.5,44,full_sign_flip,sign_consensus,A_condition_specific_oracle,0.4046198996497207
2,0.1717270165681839,2.256833553314209,2.589462638949044,1,0,0,4,1,dirichlet_a0.5,44,full_sign_flip,sign_consensus,A_condition_specific_oracle,0.4046198996497207
3,0.1717270165681839,2.4010138511657715,2.628045783028938,1,0,0,4,1,dirichlet_a0.5,44,full_sign_flip,sign_consensus,A_condition_specific_oracle,0.4046198996497207
4,0.07548746466636658,2.4744577407836914,2.6046094270423055,1,0,0,4,1,dirichlet_a0.5,44,full_sign_flip,sign_consensus,A_condition_specific_oracle,0.4046198996497207
5,0.13565459847450256,2.4387176036834717,2.6573242859449238,1,0,0,4,1,dirichlet_a0.5,44,full_sign_flip,sign_consensus,A_condition_specific_oracle,0.4046198996497207
0,0.1644846796989441,2.1675801277160645,2.6283733480377123,0,0,2,3,0,dirichlet_a0.5,44,full_sign_flip,sign_consensus,B_iid_transfer_frozen,0.5656118467693558
1,0.1717270165681839,2.1686227321624756,2.6102773679886013,0,0,1,4,0,dirichlet_a0.5,44,full_sign_flip,sign_consensus,B_iid_transfer_frozen,0.5656118467693558
2,0.1863509863615036,2.2384495735168457,2.601447358960286,1,1,1,3,0,dirichlet_a0.5,44,full_sign_flip,sign_consensus,B_iid_transfer_frozen,0.5656118467693558
3,0.047214485704898834,2.233426570892334,2.658792683039792,1,1,2,2,0,dirichlet_a0.5,44,full_sign_flip,sign_consensus,B_iid_transfer_frozen,0.5656118467693558
4,0.18732590973377228,2.2431085109710693,2.6318831900134683,1,1,1,3,0,dirichlet_a0.5,44,full_sign_flip,sign_consensus,B_iid_transfer_frozen,0.5656118467693558
5,0.1864902526140213,2.1946911811828613,2.6103429620852694,1,1,1,3,0,dirichlet_a0.5,44,full_sign_flip,sign_consensus,B_iid_transfer_frozen,0.5656118467693558
0,0.1715877503156662,2.162154197692871,2.690353587968275,0,,,,,dirichlet_a0.5,44,full_sign_flip,median,not_applicable,
1,0.1717270165681839,2.129544973373413,2.6310333990259096,0,,,,,dirichlet_a0.5,44,full_sign_flip,median,not_applicable,
2,0.1717270165681839,2.2787232398986816,2.661982388002798,1,,,,,dirichlet_a0.5,44,full_sign_flip,median,not_applicable,
3,0.1717270165681839,2.3709566593170166,2.6896694330498576,1,,,,,dirichlet_a0.5,44,full_sign_flip,median,not_applicable,
4,0.1717270165681839,2.3689327239990234,2.6441188120516017,1,,,,,dirichlet_a0.5,44,full_sign_flip,median,not_applicable,
5,0.33384400606155396,2.342697858810425,2.605878973961808,1,,,,,dirichlet_a0.5,44,full_sign_flip,median,not_applicable,
0,0.08245125412940979,2.2016818523406982,2.7091318300226703,0,,,,,dirichlet_a0.5,44,full_sign_flip,multi_krum,not_applicable,
1,0.08245125412940979,2.19596266746521,2.6552122950088233,0,,,,,dirichlet_a0.5,44,full_sign_flip,multi_krum,not_applicable,
2,0.1717270165681839,2.1846120357513428,2.716652025002986,1,,,,,dirichlet_a0.5,44,full_sign_flip,multi_krum,not_applicable,
3,0.1717270165681839,2.1854729652404785,2.6158889019861817,1,,,,,dirichlet_a0.5,44,full_sign_flip,multi_krum,not_applicable,
4,0.058774374425411224,2.1975557804107666,2.7520645909244195,1,,,,,dirichlet_a0.5,44,full_sign_flip,multi_krum,not_applicable,
5,0.20752090215682983,2.142775774002075,2.7399563379585743,1,,,,,dirichlet_a0.5,44,full_sign_flip,multi_krum,not_applicable,
0,0.08342618495225906,2.181309700012207,2.610081981983967,0,,,,,dirichlet_a0.5,44,directional_poisoning,fedavg,not_applicable,
1,0.16476324200630188,2.151209592819214,2.6479192710248753,0,,,,,dirichlet_a0.5,44,directional_poisoning,fedavg,not_applicable,
2,0.1717270165681839,2.2568013668060303,2.738850919995457,1,,,,,dirichlet_a0.5,44,directional_poisoning,fedavg,not_applicable,
3,0.1717270165681839,2.4010276794433594,2.6630638390779495,1,,,,,dirichlet_a0.5,44,directional_poisoning,fedavg,not_applicable,
4,0.07353760302066803,2.4739391803741455,2.617515451973304,1,,,,,dirichlet_a0.5,44,directional_poisoning,fedavg,not_applicable,
5,0.134540393948555,2.431638240814209,2.5398247910197824,1,,,,,dirichlet_a0.5,44,directional_poisoning,fedavg,not_applicable,
0,0.08147632330656052,2.1977293491363525,2.5649107879726216,0,0,5,0,0,dirichlet_a0.5,44,directional_poisoning,norm,A_condition_specific_oracle,0.14939126669739136
1,0.08147632330656052,2.1977293491363525,2.5479227009927854,0,0,5,0,0,dirichlet_a0.5,44,directional_poisoning,norm,A_condition_specific_oracle,0.14939126669739136
2,0.08147632330656052,2.1977293491363525,2.5152588119963184,1,1,4,0,0,dirichlet_a0.5,44,directional_poisoning,norm,A_condition_specific_oracle,0.14939126669739136
3,0.08147632330656052,2.1977293491363525,2.5479557000799105,1,1,4,0,0,dirichlet_a0.5,44,directional_poisoning,norm,A_condition_specific_oracle,0.14939126669739136
4,0.08147632330656052,2.1977293491363525,2.5694951199693605,1,1,4,0,0,dirichlet_a0.5,44,directional_poisoning,norm,A_condition_specific_oracle,0.14939126669739136
5,0.08147632330656052,2.1977293491363525,2.5993134590098634,1,1,4,0,0,dirichlet_a0.5,44,directional_poisoning,norm,A_condition_specific_oracle,0.14939126669739136
0,0.08147632330656052,2.1977293491363525,2.491329258074984,0,0,5,0,0,dirichlet_a0.5,44,directional_poisoning,norm,B_iid_transfer_frozen,0.012898845250272921
1,0.08147632330656052,2.1977293491363525,2.4977817200124264,0,0,5,0,0,dirichlet_a0.5,44,directional_poisoning,norm,B_iid_transfer_frozen,0.012898845250272921
2,0.08147632330656052,2.1977293491363525,2.522763387998566,1,1,4,0,0,dirichlet_a0.5,44,directional_poisoning,norm,B_iid_transfer_frozen,0.012898845250272921
3,0.08147632330656052,2.1977293491363525,2.4726354780141264,1,1,4,0,0,dirichlet_a0.5,44,directional_poisoning,norm,B_iid_transfer_frozen,0.012898845250272921
4,0.08147632330656052,2.1977293491363525,2.495581547031179,1,1,4,0,0,dirichlet_a0.5,44,directional_poisoning,norm,B_iid_transfer_frozen,0.012898845250272921
5,0.08147632330656052,2.1977293491363525,2.492511626915075,1,1,4,0,0,dirichlet_a0.5,44,directional_poisoning,norm,B_iid_transfer_frozen,0.012898845250272921
0,0.08342618495225906,2.1813161373138428,2.8283320410409942,0,0,0,5,0,dirichlet_a0.5,44,directional_poisoning,cosine,A_condition_specific_oracle,-0.5062761484545466
1,0.287325918674469,2.151801824569702,2.8425512430258095,0,0,0,5,0,dirichlet_a0.5,44,directional_poisoning,cosine,A_condition_specific_oracle,-0.5062761484545466
2,0.1717270165681839,2.2428886890411377,2.564111096900888,1,0,0,4,1,dirichlet_a0.5,44,directional_poisoning,cosine,A_condition_specific_oracle,-0.5062761484545466
3,0.1717270165681839,2.189495801925659,2.7836330679710954,1,1,0,4,0,dirichlet_a0.5,44,directional_poisoning,cosine,A_condition_specific_oracle,-0.5062761484545466
4,0.1344011127948761,2.1907975673675537,2.732585556921549,1,1,0,4,0,dirichlet_a0.5,44,directional_poisoning,cosine,A_condition_specific_oracle,-0.5062761484545466
5,0.2615599036216736,2.1529221534729004,2.7866253489628434,1,1,0,4,0,dirichlet_a0.5,44,directional_poisoning,cosine,A_condition_specific_oracle,-0.5062761484545466
0,0.08147632330656052,2.1977293491363525,2.720967464032583,0,0,5,0,0,dirichlet_a0.5,44,directional_poisoning,cosine,B_iid_transfer_frozen,0.8690693731871779
1,0.08147632330656052,2.1977293491363525,2.7727126920362934,0,0,5,0,0,dirichlet_a0.5,44,directional_poisoning,cosine,B_iid_transfer_frozen,0.8690693731871779
2,0.08147632330656052,2.1977293491363525,2.7962715959874913,1,1,4,0,0,dirichlet_a0.5,44,directional_poisoning,cosine,B_iid_transfer_frozen,0.8690693731871779
3,0.08147632330656052,2.1977293491363525,2.7897891349857673,1,1,4,0,0,dirichlet_a0.5,44,directional_poisoning,cosine,B_iid_transfer_frozen,0.8690693731871779
4,0.08147632330656052,2.1977293491363525,2.7551063239807263,1,1,4,0,0,dirichlet_a0.5,44,directional_poisoning,cosine,B_iid_transfer_frozen,0.8690693731871779
5,0.08147632330656052,2.1977293491363525,2.7403353449190035,1,1,4,0,0,dirichlet_a0.5,44,directional_poisoning,cosine,B_iid_transfer_frozen,0.8690693731871779
0,0.08342618495225906,2.1813204288482666,2.5440716199809685,0,0,0,5,0,dirichlet_a0.5,44,directional_poisoning,sign_consensus,A_condition_specific_oracle,0.4046198996497207
1,0.16504178941249847,2.151299238204956,2.4994274060009047,0,0,0,5,0,dirichlet_a0.5,44,directional_poisoning,sign_consensus,A_condition_specific_oracle,0.4046198996497207
2,0.1717270165681839,2.2568166255950928,2.580722189042717,1,0,0,4,1,dirichlet_a0.5,44,directional_poisoning,sign_consensus,A_condition_specific_oracle,0.4046198996497207
3,0.1717270165681839,2.4007866382598877,2.582195853930898,1,0,0,4,1,dirichlet_a0.5,44,directional_poisoning,sign_consensus,A_condition_specific_oracle,0.4046198996497207
4,0.07520891726016998,2.4738852977752686,2.57858725998085,1,0,0,4,1,dirichlet_a0.5,44,directional_poisoning,sign_consensus,A_condition_specific_oracle,0.4046198996497207
5,0.13537605106830597,2.432227611541748,2.5798632849473506,1,0,0,4,1,dirichlet_a0.5,44,directional_poisoning,sign_consensus,A_condition_specific_oracle,0.4046198996497207
0,0.1644846796989441,2.167576789855957,2.541455842088908,0,0,2,3,0,dirichlet_a0.5,44,directional_poisoning,sign_consensus,B_iid_transfer_frozen,0.5656118467693558
1,0.1717270165681839,2.168992757797241,2.630942146992311,0,0,1,4,0,dirichlet_a0.5,44,directional_poisoning,sign_consensus,B_iid_transfer_frozen,0.5656118467693558
2,0.1863509863615036,2.2386562824249268,2.491662143031135,1,1,1,3,0,dirichlet_a0.5,44,directional_poisoning,sign_consensus,B_iid_transfer_frozen,0.5656118467693558
3,0.047214485704898834,2.2344629764556885,2.243618003092706,1,1,2,2,0,dirichlet_a0.5,44,directional_poisoning,sign_consensus,B_iid_transfer_frozen,0.5656118467693558
4,0.18732590973377228,2.242445468902588,2.5708609470166266,1,1,1,3,0,dirichlet_a0.5,44,directional_poisoning,sign_consensus,B_iid_transfer_frozen,0.5656118467693558
5,0.1864902526140213,2.1941397190093994,2.6248996630311012,1,1,1,3,0,dirichlet_a0.5,44,directional_poisoning,sign_consensus,B_iid_transfer_frozen,0.5656118467693558
0,0.1715877503156662,2.162156105041504,2.5902896689949557,0,,,,,dirichlet_a0.5,44,directional_poisoning,median,not_applicable,
1,0.1717270165681839,2.128917694091797,2.45272748102434,0,,,,,dirichlet_a0.5,44,directional_poisoning,median,not_applicable,
2,0.1717270165681839,2.2772774696350098,2.4343418860808015,1,,,,,dirichlet_a0.5,44,directional_poisoning,median,not_applicable,
3,0.1717270165681839,2.3716728687286377,2.327239561942406,1,,,,,dirichlet_a0.5,44,directional_poisoning,median,not_applicable,
4,0.1717270165681839,2.3684232234954834,2.5623239199630916,1,,,,,dirichlet_a0.5,44,directional_poisoning,median,not_applicable,
5,0.3214484751224518,2.3440351486206055,2.627458831993863,1,,,,,dirichlet_a0.5,44,directional_poisoning,median,not_applicable,
0,0.08245125412940979,2.2016797065734863,2.636772981029935,0,,,,,dirichlet_a0.5,44,directional_poisoning,multi_krum,not_applicable,
1,0.08245125412940979,2.195976972579956,2.5191494050668553,0,,,,,dirichlet_a0.5,44,directional_poisoning,multi_krum,not_applicable,
2,0.1717270165681839,2.1845154762268066,2.692588514997624,1,,,,,dirichlet_a0.5,44,directional_poisoning,multi_krum,not_applicable,
3,0.1717270165681839,2.1850802898406982,2.715784856933169,1,,,,,dirichlet_a0.5,44,directional_poisoning,multi_krum,not_applicable,
4,0.058774374425411224,2.197697877883911,2.6791059429524466,1,,,,,dirichlet_a0.5,44,directional_poisoning,multi_krum,not_applicable,
5,0.20821727812290192,2.1431174278259277,2.653249701950699,1,,,,,dirichlet_a0.5,44,directional_poisoning,multi_krum,not_applicable,
0,0.08342618495225906,2.1813111305236816,2.6155403880402446,0,,,,,dirichlet_a0.5,44,sparse_coordinate_attack,fedavg,not_applicable,
1,0.16490250825881958,2.1512794494628906,2.565656853024848,0,,,,,dirichlet_a0.5,44,sparse_coordinate_attack,fedavg,not_applicable,
2,0.05863510072231293,2.168935537338257,2.587032823008485,1,,,,,dirichlet_a0.5,44,sparse_coordinate_attack,fedavg,not_applicable,
3,0.058774374425411224,2.5978808403015137,2.5937989100348204,1,,,,,dirichlet_a0.5,44,sparse_coordinate_attack,fedavg,not_applicable,
4,0.1717270165681839,2.4416418075561523,2.6057218910427764,1,,,,,dirichlet_a0.5,44,sparse_coordinate_attack,fedavg,not_applicable,
5,0.08245125412940979,2.4128334522247314,2.578198033035733,1,,,,,dirichlet_a0.5,44,sparse_coordinate_attack,fedavg,not_applicable,
0,0.08147632330656052,2.1977293491363525,2.629657580051571,0,0,5,0,0,dirichlet_a0.5,44,sparse_coordinate_attack,norm,A_condition_specific_oracle,0.14939126669739136
1,0.08147632330656052,2.1977293491363525,2.563107790076174,0,0,5,0,0,dirichlet_a0.5,44,sparse_coordinate_attack,norm,A_condition_specific_oracle,0.14939126669739136
2,0.08147632330656052,2.1977293491363525,2.672131960047409,1,1,4,0,0,dirichlet_a0.5,44,sparse_coordinate_attack,norm,A_condition_specific_oracle,0.14939126669739136
3,0.08147632330656052,2.1977293491363525,2.64625116600655,1,1,4,0,0,dirichlet_a0.5,44,sparse_coordinate_attack,norm,A_condition_specific_oracle,0.14939126669739136
4,0.08147632330656052,2.1977293491363525,2.692323646042496,1,1,4,0,0,dirichlet_a0.5,44,sparse_coordinate_attack,norm,A_condition_specific_oracle,0.14939126669739136
5,0.08147632330656052,2.1977293491363525,2.697981306933798,1,1,4,0,0,dirichlet_a0.5,44,sparse_coordinate_attack,norm,A_condition_specific_oracle,0.14939126669739136
0,0.08147632330656052,2.1977293491363525,2.5564987279940397,0,0,5,0,0,dirichlet_a0.5,44,sparse_coordinate_attack,norm,B_iid_transfer_frozen,0.012898845250272921
1,0.08147632330656052,2.1977293491363525,2.4598467929754406,0,0,5,0,0,dirichlet_a0.5,44,sparse_coordinate_attack,norm,B_iid_transfer_frozen,0.012898845250272921
2,0.08147632330656052,2.1977293491363525,2.3999858809402213,1,1,4,0,0,dirichlet_a0.5,44,sparse_coordinate_attack,norm,B_iid_transfer_frozen,0.012898845250272921
3,0.08147632330656052,2.1977293491363525,2.4598482470028102,1,1,4,0,0,dirichlet_a0.5,44,sparse_coordinate_attack,norm,B_iid_transfer_frozen,0.012898845250272921
4,0.08147632330656052,2.1977293491363525,2.4378764000721276,1,1,4,0,0,dirichlet_a0.5,44,sparse_coordinate_attack,norm,B_iid_transfer_frozen,0.012898845250272921
5,0.08147632330656052,2.1977293491363525,2.213218894088641,1,1,4,0,0,dirichlet_a0.5,44,sparse_coordinate_attack,norm,B_iid_transfer_frozen,0.012898845250272921
0,0.08342618495225906,2.1813127994537354,2.683171055978164,0,0,0,5,0,dirichlet_a0.5,44,sparse_coordinate_attack,cosine,A_condition_specific_oracle,-0.5062761484545466
1,0.287325918674469,2.1518588066101074,2.726979703991674,0,0,0,5,0,dirichlet_a0.5,44,sparse_coordinate_attack,cosine,A_condition_specific_oracle,-0.5062761484545466
2,0.058774374425411224,2.234724760055542,2.6081076350528747,1,0,0,4,1,dirichlet_a0.5,44,sparse_coordinate_attack,cosine,A_condition_specific_oracle,-0.5062761484545466
3,0.1863509863615036,2.2043540477752686,2.7625042790314183,1,0,0,4,1,dirichlet_a0.5,44,sparse_coordinate_attack,cosine,A_condition_specific_oracle,-0.5062761484545466
4,0.31838440895080566,2.2299418449401855,2.7186884799739346,1,0,0,4,1,dirichlet_a0.5,44,sparse_coordinate_attack,cosine,A_condition_specific_oracle,-0.5062761484545466
5,0.1863509863615036,2.200014591217041,2.8881106949411333,1,0,0,4,1,dirichlet_a0.5,44,sparse_coordinate_attack,cosine,A_condition_specific_oracle,-0.5062761484545466
0,0.08147632330656052,2.1977293491363525,2.8405783340567723,0,0,5,0,0,dirichlet_a0.5,44,sparse_coordinate_attack,cosine,B_iid_transfer_frozen,0.8690693731871779
1,0.08147632330656052,2.1977293491363525,2.8010669589275494,0,0,5,0,0,dirichlet_a0.5,44,sparse_coordinate_attack,cosine,B_iid_transfer_frozen,0.8690693731871779
2,0.08147632330656052,2.1977293491363525,2.845001482986845,1,1,4,0,0,dirichlet_a0.5,44,sparse_coordinate_attack,cosine,B_iid_transfer_frozen,0.8690693731871779
3,0.08147632330656052,2.1977293491363525,2.795951351057738,1,1,4,0,0,dirichlet_a0.5,44,sparse_coordinate_attack,cosine,B_iid_transfer_frozen,0.8690693731871779
4,0.08147632330656052,2.1977293491363525,2.7481775330379605,1,1,4,0,0,dirichlet_a0.5,44,sparse_coordinate_attack,cosine,B_iid_transfer_frozen,0.8690693731871779
5,0.08147632330656052,2.1977293491363525,2.6724394890479743,1,1,4,0,0,dirichlet_a0.5,44,sparse_coordinate_attack,cosine,B_iid_transfer_frozen,0.8690693731871779
0,0.08342618495225906,2.181312084197998,2.507917325012386,0,0,0,5,0,dirichlet_a0.5,44,sparse_coordinate_attack,sign_consensus,A_condition_specific_oracle,0.4046198996497207
1,0.16490250825881958,2.1512296199798584,2.497418591985479,0,0,0,5,0,dirichlet_a0.5,44,sparse_coordinate_attack,sign_consensus,A_condition_specific_oracle,0.4046198996497207
2,0.10389972478151321,2.1814262866973877,2.545928271021694,1,1,0,4,0,dirichlet_a0.5,44,sparse_coordinate_attack,sign_consensus,A_condition_specific_oracle,0.4046198996497207
3,0.1717270165681839,2.2284610271453857,2.5050170639296994,1,1,0,4,0,dirichlet_a0.5,44,sparse_coordinate_attack,sign_consensus,A_condition_specific_oracle,0.4046198996497207
4,0.1717270165681839,2.1820597648620605,2.546544258017093,1,1,0,4,0,dirichlet_a0.5,44,sparse_coordinate_attack,sign_consensus,A_condition_specific_oracle,0.4046198996497207
5,0.2657381594181061,2.1581308841705322,2.501957144937478,1,1,0,4,0,dirichlet_a0.5,44,sparse_coordinate_attack,sign_consensus,A_condition_specific_oracle,0.4046198996497207
0,0.1644846796989441,2.1675844192504883,2.5788747309707105,0,0,2,3,0,dirichlet_a0.5,44,sparse_coordinate_attack,sign_consensus,B_iid_transfer_frozen,0.5656118467693558
1,0.1717270165681839,2.168834924697876,2.5011560099665076,0,0,1,4,0,dirichlet_a0.5,44,sparse_coordinate_attack,sign_consensus,B_iid_transfer_frozen,0.5656118467693558
2,0.3435933291912079,2.2119319438934326,2.523639593971893,1,1,2,2,0,dirichlet_a0.5,44,sparse_coordinate_attack,sign_consensus,B_iid_transfer_frozen,0.5656118467693558
3,0.1717270165681839,2.1937785148620605,2.472093350952491,1,1,0,4,0,dirichlet_a0.5,44,sparse_coordinate_attack,sign_consensus,B_iid_transfer_frozen,0.5656118467693558
4,0.1866295337677002,2.216315507888794,2.455923494999297,1,1,1,3,0,dirichlet_a0.5,44,sparse_coordinate_attack,sign_consensus,B_iid_transfer_frozen,0.5656118467693558
5,0.3164345622062683,2.1216230392456055,2.4857987579889596,1,1,0,4,0,dirichlet_a0.5,44,sparse_coordinate_attack,sign_consensus,B_iid_transfer_frozen,0.5656118467693558
0,0.1715877503156662,2.162153720855713,2.484546147985384,0,,,,,dirichlet_a0.5,44,sparse_coordinate_attack,median,not_applicable,
1,0.1717270165681839,2.128659725189209,2.4287569149164483,0,,,,,dirichlet_a0.5,44,sparse_coordinate_attack,median,not_applicable,
2,0.1717270165681839,2.15285062789917,2.492549131042324,1,,,,,dirichlet_a0.5,44,sparse_coordinate_attack,median,not_applicable,
3,0.1717270165681839,2.19457745552063,2.523512964020483,1,,,,,dirichlet_a0.5,44,sparse_coordinate_attack,median,not_applicable,
4,0.1717270165681839,2.202117919921875,2.4624533699825406,1,,,,,dirichlet_a0.5,44,sparse_coordinate_attack,median,not_applicable,
5,0.19707521796226501,2.191960573196411,2.4903575069038197,1,,,,,dirichlet_a0.5,44,sparse_coordinate_attack,median,not_applicable,
0,0.08245125412940979,2.2016780376434326,2.4956999249989167,0,,,,,dirichlet_a0.5,44,sparse_coordinate_attack,multi_krum,not_applicable,
1,0.08245125412940979,2.1960039138793945,2.4376707669580355,0,,,,,dirichlet_a0.5,44,sparse_coordinate_attack,multi_krum,not_applicable,
2,0.13245125114917755,2.168721914291382,2.4842005870305,1,,,,,dirichlet_a0.5,44,sparse_coordinate_attack,multi_krum,not_applicable,
3,0.1717270165681839,2.2163186073303223,2.5026095389621332,1,,,,,dirichlet_a0.5,44,sparse_coordinate_attack,multi_krum,not_applicable,
4,0.1717270165681839,2.1762819290161133,2.4674813599558547,1,,,,,dirichlet_a0.5,44,sparse_coordinate_attack,multi_krum,not_applicable,
5,0.27855154871940613,2.1543569564819336,2.393312399974093,1,,,,,dirichlet_a0.5,44,sparse_coordinate_attack,multi_krum,not_applicable,
0,0.04818941652774811,2.2304577827453613,2.2823919910006225,0,,,,,dirichlet_a0.1,42,no_attack,fedavg,not_applicable,
1,0.1863509863615036,2.2647547721862793,2.2015072560170665,0,,,,,dirichlet_a0.1,42,no_attack,fedavg,not_applicable,
2,0.1863509863615036,2.30057692527771,2.1951296370243654,1,,,,,dirichlet_a0.1,42,no_attack,fedavg,not_applicable,
3,0.1863509863615036,2.309649705886841,2.3923092409968376,1,,,,,dirichlet_a0.1,42,no_attack,fedavg,not_applicable,
4,0.1863509863615036,2.3122692108154297,2.393871175008826,1,,,,,dirichlet_a0.1,42,no_attack,fedavg,not_applicable,
5,0.1864902526140213,2.3117008209228516,2.4134066170081496,1,,,,,dirichlet_a0.1,42,no_attack,fedavg,not_applicable,
0,0.05863510072231293,2.1997618675231934,2.4462805149378255,0,0,5,0,0,dirichlet_a0.1,42,no_attack,norm,A_condition_specific_oracle,0.16627703033926675
1,0.05863510072231293,2.1997618675231934,2.426178958034143,0,0,5,0,0,dirichlet_a0.1,42,no_attack,norm,A_condition_specific_oracle,0.16627703033926675
2,0.05863510072231293,2.1997618675231934,2.4290276339743286,1,1,4,0,0,dirichlet_a0.1,42,no_attack,norm,A_condition_specific_oracle,0.16627703033926675
3,0.05863510072231293,2.1997618675231934,2.418427282012999,1,1,4,0,0,dirichlet_a0.1,42,no_attack,norm,A_condition_specific_oracle,0.16627703033926675
4,0.05863510072231293,2.1997618675231934,2.531570038991049,1,1,4,0,0,dirichlet_a0.1,42,no_attack,norm,A_condition_specific_oracle,0.16627703033926675
5,0.05863510072231293,2.1997618675231934,2.5405866239452735,1,1,4,0,0,dirichlet_a0.1,42,no_attack,norm,A_condition_specific_oracle,0.16627703033926675
0,0.05863510072231293,2.1997618675231934,2.4887747829779983,0,0,5,0,0,dirichlet_a0.1,42,no_attack,norm,B_iid_transfer_frozen,0.012898845250272921
1,0.05863510072231293,2.1997618675231934,2.472165459068492,0,0,5,0,0,dirichlet_a0.1,42,no_attack,norm,B_iid_transfer_frozen,0.012898845250272921
2,0.05863510072231293,2.1997618675231934,2.524653176078573,1,1,4,0,0,dirichlet_a0.1,42,no_attack,norm,B_iid_transfer_frozen,0.012898845250272921
3,0.05863510072231293,2.1997618675231934,2.531590675935149,1,1,4,0,0,dirichlet_a0.1,42,no_attack,norm,B_iid_transfer_frozen,0.012898845250272921
4,0.05863510072231293,2.1997618675231934,2.5049237749772146,1,1,4,0,0,dirichlet_a0.1,42,no_attack,norm,B_iid_transfer_frozen,0.012898845250272921
5,0.05863510072231293,2.1997618675231934,2.4424682330572978,1,1,4,0,0,dirichlet_a0.1,42,no_attack,norm,B_iid_transfer_frozen,0.012898845250272921
0,0.04818941652774811,2.2304751873016357,2.7032293090596795,0,0,0,5,0,dirichlet_a0.1,42,no_attack,cosine,A_condition_specific_oracle,-0.5522555342690941
1,0.1863509863615036,2.25129771232605,2.7602548969443887,0,0,0,5,0,dirichlet_a0.1,42,no_attack,cosine,A_condition_specific_oracle,-0.5522555342690941
2,0.1863509863615036,2.303967237472534,2.6931857180316,1,0,0,4,1,dirichlet_a0.1,42,no_attack,cosine,A_condition_specific_oracle,-0.5522555342690941
3,0.1863509863615036,2.2997474670410156,2.7096080519258976,1,0,0,4,1,dirichlet_a0.1,42,no_attack,cosine,A_condition_specific_oracle,-0.5522555342690941
4,0.1863509863615036,2.284933090209961,2.7015945250168443,1,0,0,4,1,dirichlet_a0.1,42,no_attack,cosine,A_condition_specific_oracle,-0.5522555342690941
5,0.1863509863615036,2.2770187854766846,2.5245873460080475,1,0,0,4,1,dirichlet_a0.1,42,no_attack,cosine,A_condition_specific_oracle,-0.5522555342690941
0,0.05863510072231293,2.1997618675231934,2.652006507036276,0,0,5,0,0,dirichlet_a0.1,42,no_attack,cosine,B_iid_transfer_frozen,0.8690693731871779
1,0.05863510072231293,2.1997618675231934,2.6489367390749976,0,0,5,0,0,dirichlet_a0.1,42,no_attack,cosine,B_iid_transfer_frozen,0.8690693731871779
2,0.05863510072231293,2.1997618675231934,2.746615594951436,1,1,4,0,0,dirichlet_a0.1,42,no_attack,cosine,B_iid_transfer_frozen,0.8690693731871779
3,0.05863510072231293,2.1997618675231934,2.4913592729717493,1,1,4,0,0,dirichlet_a0.1,42,no_attack,cosine,B_iid_transfer_frozen,0.8690693731871779
4,0.05863510072231293,2.1997618675231934,2.7375626059947535,1,1,4,0,0,dirichlet_a0.1,42,no_attack,cosine,B_iid_transfer_frozen,0.8690693731871779
5,0.05863510072231293,2.1997618675231934,2.584327020915225,1,1,4,0,0,dirichlet_a0.1,42,no_attack,cosine,B_iid_transfer_frozen,0.8690693731871779
0,0.04818941652774811,2.230461835861206,2.4552940879948437,0,0,0,5,0,dirichlet_a0.1,42,no_attack,sign_consensus,A_condition_specific_oracle,0.3693225415212495
1,0.1863509863615036,2.264997720718384,2.4365687989629805,0,0,0,5,0,dirichlet_a0.1,42,no_attack,sign_consensus,A_condition_specific_oracle,0.3693225415212495
2,0.1863509863615036,2.3007164001464844,2.404134597047232,1,0,0,4,1,dirichlet_a0.1,42,no_attack,sign_consensus,A_condition_specific_oracle,0.3693225415212495
3,0.1863509863615036,2.309880495071411,2.414749844931066,1,0,0,4,1,dirichlet_a0.1,42,no_attack,sign_consensus,A_condition_specific_oracle,0.3693225415212495
4,0.1863509863615036,2.3133749961853027,2.409362522070296,1,0,0,4,1,dirichlet_a0.1,42,no_attack,sign_consensus,A_condition_specific_oracle,0.3693225415212495
5,0.1864902526140213,2.310070753097534,2.432064554071985,1,0,0,4,1,dirichlet_a0.1,42,no_attack,sign_consensus,A_condition_specific_oracle,0.3693225415212495
0,0.047214485704898834,2.2865097522735596,2.432108573964797,0,0,2,3,0,dirichlet_a0.1,42,no_attack,sign_consensus,B_iid_transfer_frozen,0.5656118467693558
1,0.1863509863615036,2.3622231483459473,2.4249163570348173,0,0,1,4,0,dirichlet_a0.1,42,no_attack,sign_consensus,B_iid_transfer_frozen,0.5656118467693558
2,0.047214485704898834,2.405310869216919,2.4199830249417573,1,0,1,3,1,dirichlet_a0.1,42,no_attack,sign_consensus,B_iid_transfer_frozen,0.5656118467693558
3,0.1863509863615036,2.448404312133789,2.4104303049389273,1,0,1,3,1,dirichlet_a0.1,42,no_attack,sign_consensus,B_iid_transfer_frozen,0.5656118467693558
4,0.047214485704898834,2.4411399364471436,2.415440890006721,1,0,1,3,1,dirichlet_a0.1,42,no_attack,sign_consensus,B_iid_transfer_frozen,0.5656118467693558
5,0.1863509863615036,2.4404373168945312,2.4152311920188367,1,0,1,3,1,dirichlet_a0.1,42,no_attack,sign_consensus,B_iid_transfer_frozen,0.5656118467693558
0,0.047214485704898834,2.2379610538482666,2.427015851950273,0,,,,,dirichlet_a0.1,42,no_attack,median,not_applicable,
1,0.1864902526140213,2.3606178760528564,2.4362774119945243,0,,,,,dirichlet_a0.1,42,no_attack,median,not_applicable,
2,0.1863509863615036,2.3694355487823486,2.4356333760078996,1,,,,,dirichlet_a0.1,42,no_attack,median,not_applicable,
3,0.1863509863615036,2.299535036087036,2.4369294330244884,1,,,,,dirichlet_a0.1,42,no_attack,median,not_applicable,
4,0.1863509863615036,2.248563289642334,2.4114844650030136,1,,,,,dirichlet_a0.1,42,no_attack,median,not_applicable,
5,0.1863509863615036,2.22866153717041,2.4182130560511723,1,,,,,dirichlet_a0.1,42,no_attack,median,not_applicable,
0,0.047214485704898834,2.2435660362243652,2.4256210329476744,0,,,,,dirichlet_a0.1,42,no_attack,multi_krum,not_applicable,
1,0.1863509863615036,2.487757444381714,2.443860832019709,0,,,,,dirichlet_a0.1,42,no_attack,multi_krum,not_applicable,
2,0.1863509863615036,2.582000255584717,2.469197020982392,1,,,,,dirichlet_a0.1,42,no_attack,multi_krum,not_applicable,
3,0.1863509863615036,2.5816569328308105,2.4218667809618637,1,,,,,dirichlet_a0.1,42,no_attack,multi_krum,not_applicable,
4,0.1863509863615036,2.567662477493286,2.4033566130092368,1,,,,,dirichlet_a0.1,42,no_attack,multi_krum,not_applicable,
5,0.1863509863615036,2.531606912612915,2.4231462340103462,1,,,,,dirichlet_a0.1,42,no_attack,multi_krum,not_applicable,
0,0.04805013909935951,2.2304720878601074,2.4039965179981664,0,,,,,dirichlet_a0.1,42,large_norm,fedavg,not_applicable,
1,0.1863509863615036,2.2649881839752197,2.4005674349609762,0,,,,,dirichlet_a0.1,42,large_norm,fedavg,not_applicable,
2,0.10320334881544113,212325616.0,2.4104904879350215,1,,,,,dirichlet_a0.1,42,large_norm,fedavg,not_applicable,
3,0.1863509863615036,nan,2.4041622050572187,1,,,,,dirichlet_a0.1,42,large_norm,fedavg,not_applicable,
4,0.1863509863615036,nan,2.4019984159385785,1,,,,,dirichlet_a0.1,42,large_norm,fedavg,not_applicable,
5,0.1863509863615036,nan,2.3956385769415647,1,,,,,dirichlet_a0.1,42,large_norm,fedavg,not_applicable,
0,0.05863510072231293,2.1997618675231934,2.4074276939500123,0,0,5,0,0,dirichlet_a0.1,42,large_norm,norm,A_condition_specific_oracle,0.16627703033926675
1,0.05863510072231293,2.1997618675231934,2.389485260937363,0,0,5,0,0,dirichlet_a0.1,42,large_norm,norm,A_condition_specific_oracle,0.16627703033926675
2,0.05863510072231293,2.1997618675231934,2.416827501030639,1,1,4,0,0,dirichlet_a0.1,42,large_norm,norm,A_condition_specific_oracle,0.16627703033926675
3,0.05863510072231293,2.1997618675231934,2.4650929999770597,1,1,4,0,0,dirichlet_a0.1,42,large_norm,norm,A_condition_specific_oracle,0.16627703033926675
4,0.05863510072231293,2.1997618675231934,2.367579741985537,1,1,4,0,0,dirichlet_a0.1,42,large_norm,norm,A_condition_specific_oracle,0.16627703033926675
5,0.05863510072231293,2.1997618675231934,2.377776450011879,1,1,4,0,0,dirichlet_a0.1,42,large_norm,norm,A_condition_specific_oracle,0.16627703033926675
0,0.05863510072231293,2.1997618675231934,2.385002266964875,0,0,5,0,0,dirichlet_a0.1,42,large_norm,norm,B_iid_transfer_frozen,0.012898845250272921
1,0.05863510072231293,2.1997618675231934,2.3803231589263305,0,0,5,0,0,dirichlet_a0.1,42,large_norm,norm,B_iid_transfer_frozen,0.012898845250272921
2,0.05863510072231293,2.1997618675231934,2.3634571420261636,1,1,4,0,0,dirichlet_a0.1,42,large_norm,norm,B_iid_transfer_frozen,0.012898845250272921
3,0.05863510072231293,2.1997618675231934,2.456949595012702,1,1,4,0,0,dirichlet_a0.1,42,large_norm,norm,B_iid_transfer_frozen,0.012898845250272921
4,0.05863510072231293,2.1997618675231934,2.4714314410230145,1,1,4,0,0,dirichlet_a0.1,42,large_norm,norm,B_iid_transfer_frozen,0.012898845250272921
5,0.05863510072231293,2.1997618675231934,2.376774062984623,1,1,4,0,0,dirichlet_a0.1,42,large_norm,norm,B_iid_transfer_frozen,0.012898845250272921
0,0.04818941652774811,2.230452060699463,2.6846514510689303,0,0,0,5,0,dirichlet_a0.1,42,large_norm,cosine,A_condition_specific_oracle,-0.5522555342690941
1,0.1863509863615036,2.251530647277832,2.79555056092795,0,0,0,5,0,dirichlet_a0.1,42,large_norm,cosine,A_condition_specific_oracle,-0.5522555342690941
2,0.020055711269378662,139011792.0,2.825348067912273,1,0,0,4,1,dirichlet_a0.1,42,large_norm,cosine,A_condition_specific_oracle,-0.5522555342690941
3,0.10181058943271637,1.0007499199563694e+18,2.7404972489457577,1,0,3,1,1,dirichlet_a0.1,42,large_norm,cosine,A_condition_specific_oracle,-0.5522555342690941
4,0.08830083906650543,32946.3984375,2.785898588015698,1,0,0,4,1,dirichlet_a0.1,42,large_norm,cosine,A_condition_specific_oracle,-0.5522555342690941
5,0.08830083906650543,20267.685546875,2.8644525839481503,1,0,0,4,1,dirichlet_a0.1,42,large_norm,cosine,A_condition_specific_oracle,-0.5522555342690941
0,0.05863510072231293,2.1997618675231934,2.729316905955784,0,0,5,0,0,dirichlet_a0.1,42,large_norm,cosine,B_iid_transfer_frozen,0.8690693731871779
1,0.05863510072231293,2.1997618675231934,2.4277580770431086,0,0,5,0,0,dirichlet_a0.1,42,large_norm,cosine,B_iid_transfer_frozen,0.8690693731871779
2,0.05863510072231293,2.1997618675231934,2.6846235330449417,1,1,4,0,0,dirichlet_a0.1,42,large_norm,cosine,B_iid_transfer_frozen,0.8690693731871779
3,0.05863510072231293,2.1997618675231934,2.7553965860279277,1,1,4,0,0,dirichlet_a0.1,42,large_norm,cosine,B_iid_transfer_frozen,0.8690693731871779
4,0.05863510072231293,2.1997618675231934,2.7690044949995354,1,1,4,0,0,dirichlet_a0.1,42,large_norm,cosine,B_iid_transfer_frozen,0.8690693731871779
5,0.05863510072231293,2.1997618675231934,2.459806167986244,1,1,4,0,0,dirichlet_a0.1,42,large_norm,cosine,B_iid_transfer_frozen,0.8690693731871779
0,0.04818941652774811,2.230462074279785,2.4280086650978774,0,0,0,5,0,dirichlet_a0.1,42,large_norm,sign_consensus,A_condition_specific_oracle,0.3693225415212495
1,0.1863509863615036,2.264940023422241,2.4334344199160114,0,0,0,5,0,dirichlet_a0.1,42,large_norm,sign_consensus,A_condition_specific_oracle,0.3693225415212495
2,0.10320334881544113,212326720.0,2.421559323905967,1,0,0,4,1,dirichlet_a0.1,42,large_norm,sign_consensus,A_condition_specific_oracle,0.3693225415212495
3,0.10320334881544113,212326720.0,2.454329395899549,1,1,4,0,0,dirichlet_a0.1,42,large_norm,sign_consensus,A_condition_specific_oracle,0.3693225415212495
4,0.10320334881544113,212326720.0,2.447376193013042,1,1,4,0,0,dirichlet_a0.1,42,large_norm,sign_consensus,A_condition_specific_oracle,0.3693225415212495
5,0.10320334881544113,212326720.0,2.4199087989982218,1,1,4,0,0,dirichlet_a0.1,42,large_norm,sign_consensus,A_condition_specific_oracle,0.3693225415212495
0,0.047214485704898834,2.286487102508545,2.457220734911971,0,0,2,3,0,dirichlet_a0.1,42,large_norm,sign_consensus,B_iid_transfer_frozen,0.5656118467693558
1,0.1863509863615036,2.361948251724243,2.419821411021985,0,0,1,4,0,dirichlet_a0.1,42,large_norm,sign_consensus,B_iid_transfer_frozen,0.5656118467693558
2,0.10320334881544113,130983354368.0,2.4189524659886956,1,0,4,0,1,dirichlet_a0.1,42,large_norm,sign_consensus,B_iid_transfer_frozen,0.5656118467693558
3,0.10320334881544113,130983354368.0,2.4079087489517406,1,1,4,0,0,dirichlet_a0.1,42,large_norm,sign_consensus,B_iid_transfer_frozen,0.5656118467693558
4,0.10320334881544113,130983354368.0,2.4069059459725395,1,1,4,0,0,dirichlet_a0.1,42,large_norm,sign_consensus,B_iid_transfer_frozen,0.5656118467693558
5,0.10320334881544113,130983354368.0,2.3991842929972336,1,1,4,0,0,dirichlet_a0.1,42,large_norm,sign_consensus,B_iid_transfer_frozen,0.5656118467693558
0,0.047214485704898834,2.237966775894165,2.4454037089599296,0,,,,,dirichlet_a0.1,42,large_norm,median,not_applicable,
1,0.1864902526140213,2.3609402179718018,2.4106515949824825,0,,,,,dirichlet_a0.1,42,large_norm,median,not_applicable,
2,0.10320334881544113,2.47038197517395,2.4373766949865967,1,,,,,dirichlet_a0.1,42,large_norm,median,not_applicable,
3,0.10320334881544113,2.4863100051879883,2.489346779999323,1,,,,,dirichlet_a0.1,42,large_norm,median,not_applicable,
4,0.09387186914682388,2.4692537784576416,2.437910857028328,1,,,,,dirichlet_a0.1,42,large_norm,median,not_applicable,
5,0.09275766462087631,2.4116265773773193,2.458451385027729,1,,,,,dirichlet_a0.1,42,large_norm,median,not_applicable,
0,0.047214485704898834,2.243560314178467,2.463127166032791,0,,,,,dirichlet_a0.1,42,large_norm,multi_krum,not_applicable,
1,0.1863509863615036,2.4878103733062744,2.4070071059977636,0,,,,,dirichlet_a0.1,42,large_norm,multi_krum,not_applicable,
2,0.10292479395866394,2.2467188835144043,2.494136601104401,1,,,,,dirichlet_a0.1,42,large_norm,multi_krum,not_applicable,
3,0.10320334881544113,2.28743052482605,2.4252101799938828,1,,,,,dirichlet_a0.1,42,large_norm,multi_krum,not_applicable,
4,0.10320334881544113,2.269599199295044,2.4453952310141176,1,,,,,dirichlet_a0.1,42,large_norm,multi_krum,not_applicable,
5,0.10320334881544113,2.2832705974578857,2.5174369940068573,1,,,,,dirichlet_a0.1,42,large_norm,multi_krum,not_applicable,
0,0.04818941652774811,2.2304646968841553,2.4216233649058267,0,,,,,dirichlet_a0.1,42,low_norm,fedavg,not_applicable,
1,0.1863509863615036,2.2650561332702637,2.4322254109429196,0,,,,,dirichlet_a0.1,42,low_norm,fedavg,not_applicable,
2,0.10320334881544113,2.260053873062134,2.427704914007336,1,,,,,dirichlet_a0.1,42,low_norm,fedavg,not_applicable,
3,0.10320334881544113,2.278550148010254,2.529070342076011,1,,,,,dirichlet_a0.1,42,low_norm,fedavg,not_applicable,
4,0.10320334881544113,2.2938215732574463,2.481352581991814,1,,,,,dirichlet_a0.1,42,low_norm,fedavg,not_applicable,
5,0.10320334881544113,2.272841453552246,2.4346231520175934,1,,,,,dirichlet_a0.1,42,low_norm,fedavg,not_applicable,
0,0.05863510072231293,2.1997618675231934,2.429259554017335,0,0,5,0,0,dirichlet_a0.1,42,low_norm,norm,A_condition_specific_oracle,0.16627703033926675
1,0.05863510072231293,2.1997618675231934,2.435519741033204,0,0,5,0,0,dirichlet_a0.1,42,low_norm,norm,A_condition_specific_oracle,0.16627703033926675
2,0.05863510072231293,2.2001380920410156,2.4367065840633586,1,0,4,0,1,dirichlet_a0.1,42,low_norm,norm,A_condition_specific_oracle,0.16627703033926675
3,0.05863510072231293,2.2005319595336914,2.439139090012759,1,0,4,0,1,dirichlet_a0.1,42,low_norm,norm,A_condition_specific_oracle,0.16627703033926675
4,0.05863510072231293,2.200923442840576,2.2094465509289876,1,0,4,0,1,dirichlet_a0.1,42,low_norm,norm,A_condition_specific_oracle,0.16627703033926675
5,0.05863510072231293,2.2013349533081055,2.436719603021629,1,0,4,0,1,dirichlet_a0.1,42,low_norm,norm,A_condition_specific_oracle,0.16627703033926675
0,0.05863510072231293,2.1997618675231934,2.422024694038555,0,0,5,0,0,dirichlet_a0.1,42,low_norm,norm,B_iid_transfer_frozen,0.012898845250272921
1,0.05863510072231293,2.1997618675231934,2.4153240100713447,0,0,5,0,0,dirichlet_a0.1,42,low_norm,norm,B_iid_transfer_frozen,0.012898845250272921
2,0.05863510072231293,2.2001380920410156,2.498308608075604,1,0,4,0,1,dirichlet_a0.1,42,low_norm,norm,B_iid_transfer_frozen,0.012898845250272921
3,0.05863510072231293,2.2005319595336914,2.4468522740062326,1,0,4,0,1,dirichlet_a0.1,42,low_norm,norm,B_iid_transfer_frozen,0.012898845250272921
4,0.05863510072231293,2.200923442840576,2.362284396891482,1,0,4,0,1,dirichlet_a0.1,42,low_norm,norm,B_iid_transfer_frozen,0.012898845250272921
5,0.05863510072231293,2.2013347148895264,2.154529841034673,1,0,4,0,1,dirichlet_a0.1,42,low_norm,norm,B_iid_transfer_frozen,0.012898845250272921
0,0.04805013909935951,2.2304694652557373,2.7014869999838993,0,0,0,5,0,dirichlet_a0.1,42,low_norm,cosine,A_condition_specific_oracle,-0.5522555342690941
1,0.1863509863615036,2.2513608932495117,2.5117802660679445,0,0,0,5,0,dirichlet_a0.1,42,low_norm,cosine,A_condition_specific_oracle,-0.5522555342690941
2,0.10264623910188675,2.258490800857544,2.7545601680176333,1,0,0,4,1,dirichlet_a0.1,42,low_norm,cosine,A_condition_specific_oracle,-0.5522555342690941
3,0.10320334881544113,2.2803938388824463,2.6728701889514923,1,0,0,4,1,dirichlet_a0.1,42,low_norm,cosine,A_condition_specific_oracle,-0.5522555342690941
4,0.10320334881544113,2.292987585067749,2.695813652011566,1,0,0,4,1,dirichlet_a0.1,42,low_norm,cosine,A_condition_specific_oracle,-0.5522555342690941
5,0.10320334881544113,2.2758448123931885,2.7406198360258713,1,0,0,4,1,dirichlet_a0.1,42,low_norm,cosine,A_condition_specific_oracle,-0.5522555342690941
0,0.05863510072231293,2.1997618675231934,2.652463442995213,0,0,5,0,0,dirichlet_a0.1,42,low_norm,cosine,B_iid_transfer_frozen,0.8690693731871779
1,0.05863510072231293,2.1997618675231934,2.678368457010947,0,0,5,0,0,dirichlet_a0.1,42,low_norm,cosine,B_iid_transfer_frozen,0.8690693731871779
2,0.05863510072231293,2.1997618675231934,2.74665860098321,1,1,4,0,0,dirichlet_a0.1,42,low_norm,cosine,B_iid_transfer_frozen,0.8690693731871779
3,0.05863510072231293,2.1997618675231934,2.5154662090353668,1,1,4,0,0,dirichlet_a0.1,42,low_norm,cosine,B_iid_transfer_frozen,0.8690693731871779
4,0.05863510072231293,2.1997618675231934,2.430856339051388,1,1,4,0,0,dirichlet_a0.1,42,low_norm,cosine,B_iid_transfer_frozen,0.8690693731871779
5,0.05863510072231293,2.1997618675231934,2.7410098779946566,1,1,4,0,0,dirichlet_a0.1,42,low_norm,cosine,B_iid_transfer_frozen,0.8690693731871779
0,0.04818941652774811,2.230463981628418,2.4402485609753057,0,0,0,5,0,dirichlet_a0.1,42,low_norm,sign_consensus,A_condition_specific_oracle,0.3693225415212495
1,0.1863509863615036,2.2649850845336914,2.426386929000728,0,0,0,5,0,dirichlet_a0.1,42,low_norm,sign_consensus,A_condition_specific_oracle,0.3693225415212495
2,0.10320334881544113,2.2602977752685547,2.4324642709689215,1,0,0,4,1,dirichlet_a0.1,42,low_norm,sign_consensus,A_condition_specific_oracle,0.3693225415212495
3,0.10320334881544113,2.2807962894439697,2.432493111002259,1,0,0,4,1,dirichlet_a0.1,42,low_norm,sign_consensus,A_condition_specific_oracle,0.3693225415212495
4,0.10306406766176224,2.2940633296966553,2.4134613609639928,1,0,0,4,1,dirichlet_a0.1,42,low_norm,sign_consensus,A_condition_specific_oracle,0.3693225415212495
5,0.10320334881544113,2.27254581451416,2.412225560983643,1,0,0,4,1,dirichlet_a0.1,42,low_norm,sign_consensus,A_condition_specific_oracle,0.3693225415212495
0,0.047214485704898834,2.286489248275757,2.4407125650905073,0,0,2,3,0,dirichlet_a0.1,42,low_norm,sign_consensus,B_iid_transfer_frozen,0.5656118467693558
1,0.1863509863615036,2.3617868423461914,2.4301977769937366,0,0,1,4,0,dirichlet_a0.1,42,low_norm,sign_consensus,B_iid_transfer_frozen,0.5656118467693558
2,0.10320334881544113,2.3524537086486816,2.615074337925762,1,0,1,3,1,dirichlet_a0.1,42,low_norm,sign_consensus,B_iid_transfer_frozen,0.5656118467693558
3,0.08370473980903625,2.32426381111145,2.495702136075124,1,0,1,3,1,dirichlet_a0.1,42,low_norm,sign_consensus,B_iid_transfer_frozen,0.5656118467693558
4,0.11796657741069794,2.5520997047424316,2.4465915649197996,1,0,2,2,1,dirichlet_a0.1,42,low_norm,sign_consensus,B_iid_transfer_frozen,0.5656118467693558
5,0.15543176233768463,2.3853847980499268,2.423234123038128,1,0,1,3,1,dirichlet_a0.1,42,low_norm,sign_consensus,B_iid_transfer_frozen,0.5656118467693558
0,0.047214485704898834,2.237978458404541,2.435637402930297,0,,,,,dirichlet_a0.1,42,low_norm,median,not_applicable,
1,0.1864902526140213,2.3606529235839844,2.442414774093777,0,,,,,dirichlet_a0.1,42,low_norm,median,not_applicable,
2,0.08245125412940979,2.320964813232422,2.436600785003975,1,,,,,dirichlet_a0.1,42,low_norm,median,not_applicable,
3,0.08245125412940979,2.3768107891082764,2.439241057028994,1,,,,,dirichlet_a0.1,42,low_norm,median,not_applicable,
4,0.08245125412940979,2.426790952682495,2.418982155038975,1,,,,,dirichlet_a0.1,42,low_norm,median,not_applicable,
5,0.08245125412940979,2.4462554454803467,2.4391650130273774,1,,,,,dirichlet_a0.1,42,low_norm,median,not_applicable,
0,0.047214485704898834,2.2435789108276367,2.441239036968909,0,,,,,dirichlet_a0.1,42,low_norm,multi_krum,not_applicable,
1,0.1863509863615036,2.487830877304077,2.4400026809889823,0,,,,,dirichlet_a0.1,42,low_norm,multi_krum,not_applicable,
2,0.1863509863615036,2.4202466011047363,2.524798432015814,1,,,,,dirichlet_a0.1,42,low_norm,multi_krum,not_applicable,
3,0.08245125412940979,2.416750192642212,2.4844697680091485,1,,,,,dirichlet_a0.1,42,low_norm,multi_krum,not_applicable,
4,0.08245125412940979,2.4044318199157715,2.449340846040286,1,,,,,dirichlet_a0.1,42,low_norm,multi_krum,not_applicable,
5,0.21782730519771576,2.3537604808807373,2.4501348430057988,1,,,,,dirichlet_a0.1,42,low_norm,multi_krum,not_applicable,
0,0.04818941652774811,2.23046875,2.4673895789310336,0,,,,,dirichlet_a0.1,42,full_sign_flip,fedavg,not_applicable,
1,0.1863509863615036,2.265040397644043,2.5477231310214847,0,,,,,dirichlet_a0.1,42,full_sign_flip,fedavg,not_applicable,
2,0.10320334881544113,2.3286936283111572,2.520027055987157,1,,,,,dirichlet_a0.1,42,full_sign_flip,fedavg,not_applicable,
3,0.10320334881544113,2.493345022201538,2.4386365730315447,1,,,,,dirichlet_a0.1,42,full_sign_flip,fedavg,not_applicable,
4,0.10320334881544113,2.622589111328125,2.404307159013115,1,,,,,dirichlet_a0.1,42,full_sign_flip,fedavg,not_applicable,
5,0.10320334881544113,2.6775777339935303,2.3865128270117566,1,,,,,dirichlet_a0.1,42,full_sign_flip,fedavg,not_applicable,
0,0.05863510072231293,2.1997618675231934,2.3896093460498378,0,0,5,0,0,dirichlet_a0.1,42,full_sign_flip,norm,A_condition_specific_oracle,0.16627703033926675
1,0.05863510072231293,2.1997618675231934,2.3860620809718966,0,0,5,0,0,dirichlet_a0.1,42,full_sign_flip,norm,A_condition_specific_oracle,0.16627703033926675
2,0.05863510072231293,2.1997618675231934,2.4094434609869495,1,1,4,0,0,dirichlet_a0.1,42,full_sign_flip,norm,A_condition_specific_oracle,0.16627703033926675
3,0.05863510072231293,2.1997618675231934,2.401295677991584,1,1,4,0,0,dirichlet_a0.1,42,full_sign_flip,norm,A_condition_specific_oracle,0.16627703033926675
4,0.05863510072231293,2.1997618675231934,2.433805182110518,1,1,4,0,0,dirichlet_a0.1,42,full_sign_flip,norm,A_condition_specific_oracle,0.16627703033926675
5,0.05863510072231293,2.1997618675231934,2.411625094944611,1,1,4,0,0,dirichlet_a0.1,42,full_sign_flip,norm,A_condition_specific_oracle,0.16627703033926675
0,0.05863510072231293,2.1997618675231934,2.4381879980210215,0,0,5,0,0,dirichlet_a0.1,42,full_sign_flip,norm,B_iid_transfer_frozen,0.012898845250272921
1,0.05863510072231293,2.1997618675231934,2.434837557026185,0,0,5,0,0,dirichlet_a0.1,42,full_sign_flip,norm,B_iid_transfer_frozen,0.012898845250272921
2,0.05863510072231293,2.1997618675231934,2.4549128590151668,1,1,4,0,0,dirichlet_a0.1,42,full_sign_flip,norm,B_iid_transfer_frozen,0.012898845250272921
3,0.05863510072231293,2.1997618675231934,2.4277584470110014,1,1,4,0,0,dirichlet_a0.1,42,full_sign_flip,norm,B_iid_transfer_frozen,0.012898845250272921
4,0.05863510072231293,2.1997618675231934,2.4564795879414305,1,1,4,0,0,dirichlet_a0.1,42,full_sign_flip,norm,B_iid_transfer_frozen,0.012898845250272921
5,0.05863510072231293,2.1997618675231934,2.4874424489680678,1,1,4,0,0,dirichlet_a0.1,42,full_sign_flip,norm,B_iid_transfer_frozen,0.012898845250272921
0,0.04818941652774811,2.2304575443267822,2.7518616609741002,0,0,0,5,0,dirichlet_a0.1,42,full_sign_flip,cosine,A_condition_specific_oracle,-0.5522555342690941
1,0.1863509863615036,2.2513961791992188,2.6772104559931904,0,0,0,5,0,dirichlet_a0.1,42,full_sign_flip,cosine,A_condition_specific_oracle,-0.5522555342690941
2,0.10320334881544113,2.3280303478240967,2.7028161379275844,1,0,0,4,1,dirichlet_a0.1,42,full_sign_flip,cosine,A_condition_specific_oracle,-0.5522555342690941
3,0.10320334881544113,2.5073680877685547,2.722373859025538,1,0,0,4,1,dirichlet_a0.1,42,full_sign_flip,cosine,A_condition_specific_oracle,-0.5522555342690941
4,0.10320334881544113,2.315189838409424,2.6990085379220545,1,1,0,4,0,dirichlet_a0.1,42,full_sign_flip,cosine,A_condition_specific_oracle,-0.5522555342690941
5,0.10320334881544113,2.2754132747650146,2.7951619239756837,1,1,0,4,0,dirichlet_a0.1,42,full_sign_flip,cosine,A_condition_specific_oracle,-0.5522555342690941
0,0.05863510072231293,2.1997618675231934,2.465358021087013,0,0,5,0,0,dirichlet_a0.1,42,full_sign_flip,cosine,B_iid_transfer_frozen,0.8690693731871779
1,0.05863510072231293,2.1997618675231934,2.7549135150620714,0,0,5,0,0,dirichlet_a0.1,42,full_sign_flip,cosine,B_iid_transfer_frozen,0.8690693731871779
2,0.05863510072231293,2.1997618675231934,2.6790083019295707,1,1,4,0,0,dirichlet_a0.1,42,full_sign_flip,cosine,B_iid_transfer_frozen,0.8690693731871779
3,0.05863510072231293,2.1997618675231934,2.72938140691258,1,1,4,0,0,dirichlet_a0.1,42,full_sign_flip,cosine,B_iid_transfer_frozen,0.8690693731871779
4,0.05863510072231293,2.1997618675231934,2.7865121809300035,1,1,4,0,0,dirichlet_a0.1,42,full_sign_flip,cosine,B_iid_transfer_frozen,0.8690693731871779
5,0.05863510072231293,2.1997618675231934,2.8077668809564784,1,1,4,0,0,dirichlet_a0.1,42,full_sign_flip,cosine,B_iid_transfer_frozen,0.8690693731871779
0,0.04818941652774811,2.2304527759552,2.4257353720022365,0,0,0,5,0,dirichlet_a0.1,42,full_sign_flip,sign_consensus,A_condition_specific_oracle,0.3693225415212495
1,0.1863509863615036,2.2652268409729004,2.412781993043609,0,0,0,5,0,dirichlet_a0.1,42,full_sign_flip,sign_consensus,A_condition_specific_oracle,0.3693225415212495
2,0.10320334881544113,2.329233169555664,2.4376485099783167,1,0,0,4,1,dirichlet_a0.1,42,full_sign_flip,sign_consensus,A_condition_specific_oracle,0.3693225415212495
3,0.10320334881544113,2.4928932189941406,2.4230740580242127,1,0,0,4,1,dirichlet_a0.1,42,full_sign_flip,sign_consensus,A_condition_specific_oracle,0.3693225415212495
4,0.10320334881544113,2.6211862564086914,2.4282072000205517,1,0,0,4,1,dirichlet_a0.1,42,full_sign_flip,sign_consensus,A_condition_specific_oracle,0.3693225415212495
5,0.10320334881544113,2.6729001998901367,2.42226683604531,1,0,0,4,1,dirichlet_a0.1,42,full_sign_flip,sign_consensus,A_condition_specific_oracle,0.3693225415212495
0,0.047214485704898834,2.286517381668091,2.4369865120388567,0,0,2,3,0,dirichlet_a0.1,42,full_sign_flip,sign_consensus,B_iid_transfer_frozen,0.5656118467693558
1,0.1863509863615036,2.361665725708008,2.4264995170524344,0,0,1,4,0,dirichlet_a0.1,42,full_sign_flip,sign_consensus,B_iid_transfer_frozen,0.5656118467693558
2,0.10320334881544113,2.4260478019714355,2.4463789879810065,1,0,1,3,1,dirichlet_a0.1,42,full_sign_flip,sign_consensus,B_iid_transfer_frozen,0.5656118467693558
3,0.11796657741069794,3.0559115409851074,2.443075214046985,1,0,2,2,1,dirichlet_a0.1,42,full_sign_flip,sign_consensus,B_iid_transfer_frozen,0.5656118467693558
4,0.11796657741069794,2.7386436462402344,2.4397006740327924,1,1,2,2,0,dirichlet_a0.1,42,full_sign_flip,sign_consensus,B_iid_transfer_frozen,0.5656118467693558
5,0.11796657741069794,3.066744327545166,2.4118302729912102,1,0,1,3,1,dirichlet_a0.1,42,full_sign_flip,sign_consensus,B_iid_transfer_frozen,0.5656118467693558
0,0.047214485704898834,2.2379684448242188,2.4502771040424705,0,,,,,dirichlet_a0.1,42,full_sign_flip,median,not_applicable,
1,0.1864902526140213,2.3610904216766357,2.4289478179998696,0,,,,,dirichlet_a0.1,42,full_sign_flip,median,not_applicable,
2,0.08245125412940979,2.4364943504333496,2.4188771300250664,1,,,,,dirichlet_a0.1,42,full_sign_flip,median,not_applicable,
3,0.08245125412940979,2.6937785148620605,2.4112242880510166,1,,,,,dirichlet_a0.1,42,full_sign_flip,median,not_applicable,
4,0.10320334881544113,2.9278836250305176,2.476348944939673,1,,,,,dirichlet_a0.1,42,full_sign_flip,median,not_applicable,
5,0.10320334881544113,3.095647096633911,2.4455860109301284,1,,,,,dirichlet_a0.1,42,full_sign_flip,median,not_applicable,
0,0.047214485704898834,2.243588924407959,2.4428214610088617,0,,,,,dirichlet_a0.1,42,full_sign_flip,multi_krum,not_applicable,
1,0.1863509863615036,2.487632989883423,2.4320376120740548,0,,,,,dirichlet_a0.1,42,full_sign_flip,multi_krum,not_applicable,
2,0.08245125412940979,2.3998780250549316,2.4089452450862154,1,,,,,dirichlet_a0.1,42,full_sign_flip,multi_krum,not_applicable,
3,0.08245125412940979,2.52081298828125,2.3990923679666594,1,,,,,dirichlet_a0.1,42,full_sign_flip,multi_krum,not_applicable,
4,0.08245125412940979,2.625054359436035,2.380747774033807,1,,,,,dirichlet_a0.1,42,full_sign_flip,multi_krum,not_applicable,
5,0.0970752090215683,2.2614035606384277,2.386201534071006,1,,,,,dirichlet_a0.1,42,full_sign_flip,multi_krum,not_applicable,
0,0.04818941652774811,2.230449676513672,2.4428345669293776,0,,,,,dirichlet_a0.1,42,directional_poisoning,fedavg,not_applicable,
1,0.1863509863615036,2.2648959159851074,2.392383679980412,0,,,,,dirichlet_a0.1,42,directional_poisoning,fedavg,not_applicable,
2,0.10320334881544113,2.32855486869812,2.4303266629576683,1,,,,,dirichlet_a0.1,42,directional_poisoning,fedavg,not_applicable,
3,0.10320334881544113,2.4941749572753906,2.384660516981967,1,,,,,dirichlet_a0.1,42,directional_poisoning,fedavg,not_applicable,
4,0.10320334881544113,2.622405529022217,2.2727805350441486,1,,,,,dirichlet_a0.1,42,directional_poisoning,fedavg,not_applicable,
5,0.10320334881544113,2.67480731010437,2.353971803910099,1,,,,,dirichlet_a0.1,42,directional_poisoning,fedavg,not_applicable,
0,0.05863510072231293,2.1997618675231934,2.4822758799418807,0,0,5,0,0,dirichlet_a0.1,42,directional_poisoning,norm,A_condition_specific_oracle,0.16627703033926675
1,0.05863510072231293,2.1997618675231934,2.43484325602185,0,0,5,0,0,dirichlet_a0.1,42,directional_poisoning,norm,A_condition_specific_oracle,0.16627703033926675
2,0.05863510072231293,2.1997618675231934,2.431662274990231,1,1,4,0,0,dirichlet_a0.1,42,directional_poisoning,norm,A_condition_specific_oracle,0.16627703033926675
3,0.05863510072231293,2.1997618675231934,2.4027565990108997,1,1,4,0,0,dirichlet_a0.1,42,directional_poisoning,norm,A_condition_specific_oracle,0.16627703033926675
4,0.05863510072231293,2.1997618675231934,2.401805075001903,1,1,4,0,0,dirichlet_a0.1,42,directional_poisoning,norm,A_condition_specific_oracle,0.16627703033926675
5,0.05863510072231293,2.1997618675231934,2.393764397013001,1,1,4,0,0,dirichlet_a0.1,42,directional_poisoning,norm,A_condition_specific_oracle,0.16627703033926675
0,0.05863510072231293,2.1997618675231934,2.402652323944494,0,0,5,0,0,dirichlet_a0.1,42,directional_poisoning,norm,B_iid_transfer_frozen,0.012898845250272921
1,0.05863510072231293,2.1997618675231934,2.367736137006432,0,0,5,0,0,dirichlet_a0.1,42,directional_poisoning,norm,B_iid_transfer_frozen,0.012898845250272921
2,0.05863510072231293,2.1997618675231934,2.453959860955365,1,1,4,0,0,dirichlet_a0.1,42,directional_poisoning,norm,B_iid_transfer_frozen,0.012898845250272921
3,0.05863510072231293,2.1997618675231934,2.4349415480392054,1,1,4,0,0,dirichlet_a0.1,42,directional_poisoning,norm,B_iid_transfer_frozen,0.012898845250272921
4,0.05863510072231293,2.1997618675231934,2.56278470705729,1,1,4,0,0,dirichlet_a0.1,42,directional_poisoning,norm,B_iid_transfer_frozen,0.012898845250272921
5,0.05863510072231293,2.1997618675231934,2.530144691001624,1,1,4,0,0,dirichlet_a0.1,42,directional_poisoning,norm,B_iid_transfer_frozen,0.012898845250272921
0,0.04818941652774811,2.230435609817505,2.7194681039545685,0,0,0,5,0,dirichlet_a0.1,42,directional_poisoning,cosine,A_condition_specific_oracle,-0.5522555342690941
1,0.1863509863615036,2.251401662826538,2.683941968018189,0,0,0,5,0,dirichlet_a0.1,42,directional_poisoning,cosine,A_condition_specific_oracle,-0.5522555342690941
2,0.10320334881544113,2.328745126724243,2.727293760050088,1,0,0,4,1,dirichlet_a0.1,42,directional_poisoning,cosine,A_condition_specific_oracle,-0.5522555342690941
3,0.10320334881544113,2.505445957183838,2.7983245078939945,1,0,0,4,1,dirichlet_a0.1,42,directional_poisoning,cosine,A_condition_specific_oracle,-0.5522555342690941
4,0.10320334881544113,2.315237522125244,2.693495540996082,1,1,0,4,0,dirichlet_a0.1,42,directional_poisoning,cosine,A_condition_specific_oracle,-0.5522555342690941
5,0.10320334881544113,2.2745726108551025,2.7565128509886563,1,1,0,4,0,dirichlet_a0.1,42,directional_poisoning,cosine,A_condition_specific_oracle,-0.5522555342690941
0,0.05863510072231293,2.1997618675231934,2.7269381770165637,0,0,5,0,0,dirichlet_a0.1,42,directional_poisoning,cosine,B_iid_transfer_frozen,0.8690693731871779
1,0.05863510072231293,2.1997618675231934,2.7256625531008467,0,0,5,0,0,dirichlet_a0.1,42,directional_poisoning,cosine,B_iid_transfer_frozen,0.8690693731871779
2,0.05863510072231293,2.1997618675231934,2.666927943006158,1,1,4,0,0,dirichlet_a0.1,42,directional_poisoning,cosine,B_iid_transfer_frozen,0.8690693731871779
3,0.05863510072231293,2.1997618675231934,2.7198012279113755,1,1,4,0,0,dirichlet_a0.1,42,directional_poisoning,cosine,B_iid_transfer_frozen,0.8690693731871779
4,0.05863510072231293,2.1997618675231934,2.5028994960011914,1,1,4,0,0,dirichlet_a0.1,42,directional_poisoning,cosine,B_iid_transfer_frozen,0.8690693731871779
5,0.05863510072231293,2.1997618675231934,2.50793037598487,1,1,4,0,0,dirichlet_a0.1,42,directional_poisoning,cosine,B_iid_transfer_frozen,0.8690693731871779
0,0.04818941652774811,2.230466842651367,2.4433461960870773,0,0,0,5,0,dirichlet_a0.1,42,directional_poisoning,sign_consensus,A_condition_specific_oracle,0.3693225415212495
1,0.1863509863615036,2.2647905349731445,2.4454149178927764,0,0,0,5,0,dirichlet_a0.1,42,directional_poisoning,sign_consensus,A_condition_specific_oracle,0.3693225415212495
2,0.10320334881544113,2.3291115760803223,2.5787881980650127,1,0,0,4,1,dirichlet_a0.1,42,directional_poisoning,sign_consensus,A_condition_specific_oracle,0.3693225415212495
3,0.10320334881544113,2.492588758468628,2.5734286210499704,1,0,0,4,1,dirichlet_a0.1,42,directional_poisoning,sign_consensus,A_condition_specific_oracle,0.3693225415212495
4,0.10320334881544113,2.6213314533233643,2.4486230929614976,1,0,0,4,1,dirichlet_a0.1,42,directional_poisoning,sign_consensus,A_condition_specific_oracle,0.3693225415212495
5,0.10320334881544113,2.672571897506714,2.424339944962412,1,0,0,4,1,dirichlet_a0.1,42,directional_poisoning,sign_consensus,A_condition_specific_oracle,0.3693225415212495
0,0.047214485704898834,2.2864816188812256,2.44997114490252,0,0,2,3,0,dirichlet_a0.1,42,directional_poisoning,sign_consensus,B_iid_transfer_frozen,0.5656118467693558
1,0.1863509863615036,2.36137318611145,2.399514468968846,0,0,1,4,0,dirichlet_a0.1,42,directional_poisoning,sign_consensus,B_iid_transfer_frozen,0.5656118467693558
2,0.10320334881544113,2.426117181777954,2.4431822249898687,1,0,1,3,1,dirichlet_a0.1,42,directional_poisoning,sign_consensus,B_iid_transfer_frozen,0.5656118467693558
3,0.11796657741069794,3.054767370223999,2.4540567529620603,1,0,2,2,1,dirichlet_a0.1,42,directional_poisoning,sign_consensus,B_iid_transfer_frozen,0.5656118467693558
4,0.11796657741069794,2.738684892654419,2.4239194709807634,1,1,2,2,0,dirichlet_a0.1,42,directional_poisoning,sign_consensus,B_iid_transfer_frozen,0.5656118467693558
5,0.11796657741069794,3.0682809352874756,2.371343513019383,1,0,1,3,1,dirichlet_a0.1,42,directional_poisoning,sign_consensus,B_iid_transfer_frozen,0.5656118467693558
0,0.047214485704898834,2.237962007522583,2.4330013669095933,0,,,,,dirichlet_a0.1,42,directional_poisoning,median,not_applicable,
1,0.1864902526140213,2.3607840538024902,2.2583288460737094,0,,,,,dirichlet_a0.1,42,directional_poisoning,median,not_applicable,
2,0.08245125412940979,2.4384822845458984,2.258690378977917,1,,,,,dirichlet_a0.1,42,directional_poisoning,median,not_applicable,
3,0.08245125412940979,2.687901496887207,2.367079393006861,1,,,,,dirichlet_a0.1,42,directional_poisoning,median,not_applicable,
4,0.10320334881544113,2.9220240116119385,2.4296416440047324,1,,,,,dirichlet_a0.1,42,directional_poisoning,median,not_applicable,
5,0.10320334881544113,3.097318649291992,2.4443479320034385,1,,,,,dirichlet_a0.1,42,directional_poisoning,median,not_applicable,
0,0.047214485704898834,2.2435739040374756,2.4573360020294785,0,,,,,dirichlet_a0.1,42,directional_poisoning,multi_krum,not_applicable,
1,0.1863509863615036,2.487792730331421,2.469126470037736,0,,,,,dirichlet_a0.1,42,directional_poisoning,multi_krum,not_applicable,
2,0.08245125412940979,2.4001355171203613,2.471360474009998,1,,,,,dirichlet_a0.1,42,directional_poisoning,multi_krum,not_applicable,
3,0.08245125412940979,2.5216987133026123,2.503850994980894,1,,,,,dirichlet_a0.1,42,directional_poisoning,multi_krum,not_applicable,
4,0.08245125412940979,2.62825608253479,2.4723852300085127,1,,,,,dirichlet_a0.1,42,directional_poisoning,multi_krum,not_applicable,
5,0.09791086614131927,2.260218620300293,2.4605766920140013,1,,,,,dirichlet_a0.1,42,directional_poisoning,multi_krum,not_applicable,
0,0.04818941652774811,2.230457067489624,2.430238490924239,0,,,,,dirichlet_a0.1,42,sparse_coordinate_attack,fedavg,not_applicable,
1,0.1863509863615036,2.265106439590454,2.416425538016483,0,,,,,dirichlet_a0.1,42,sparse_coordinate_attack,fedavg,not_applicable,
2,0.10320334881544113,2.706474781036377,2.423118922044523,1,,,,,dirichlet_a0.1,42,sparse_coordinate_attack,fedavg,not_applicable,
3,0.13871866464614868,2.4552130699157715,2.4311955659650266,1,,,,,dirichlet_a0.1,42,sparse_coordinate_attack,fedavg,not_applicable,
4,0.1717270165681839,2.4237236976623535,2.4282992930384353,1,,,,,dirichlet_a0.1,42,sparse_coordinate_attack,fedavg,not_applicable,
5,0.1717270165681839,2.379267454147339,2.447057695942931,1,,,,,dirichlet_a0.1,42,sparse_coordinate_attack,fedavg,not_applicable,
0,0.05863510072231293,2.1997618675231934,2.460914534982294,0,0,5,0,0,dirichlet_a0.1,42,sparse_coordinate_attack,norm,A_condition_specific_oracle,0.16627703033926675
1,0.05863510072231293,2.1997618675231934,2.2147445420268923,0,0,5,0,0,dirichlet_a0.1,42,sparse_coordinate_attack,norm,A_condition_specific_oracle,0.16627703033926675
2,0.05863510072231293,2.1997618675231934,2.4050424019806087,1,1,4,0,0,dirichlet_a0.1,42,sparse_coordinate_attack,norm,A_condition_specific_oracle,0.16627703033926675
3,0.05863510072231293,2.1997618675231934,2.437495297053829,1,1,4,0,0,dirichlet_a0.1,42,sparse_coordinate_attack,norm,A_condition_specific_oracle,0.16627703033926675
4,0.05863510072231293,2.1997618675231934,2.478796823997982,1,1,4,0,0,dirichlet_a0.1,42,sparse_coordinate_attack,norm,A_condition_specific_oracle,0.16627703033926675
5,0.05863510072231293,2.1997618675231934,2.433005732949823,1,1,4,0,0,dirichlet_a0.1,42,sparse_coordinate_attack,norm,A_condition_specific_oracle,0.16627703033926675
0,0.05863510072231293,2.1997618675231934,2.4127310779877007,0,0,5,0,0,dirichlet_a0.1,42,sparse_coordinate_attack,norm,B_iid_transfer_frozen,0.012898845250272921
1,0.05863510072231293,2.1997618675231934,2.4657305859727785,0,0,5,0,0,dirichlet_a0.1,42,sparse_coordinate_attack,norm,B_iid_transfer_frozen,0.012898845250272921
2,0.05863510072231293,2.1997618675231934,2.4398394990712404,1,1,4,0,0,dirichlet_a0.1,42,sparse_coordinate_attack,norm,B_iid_transfer_frozen,0.012898845250272921
3,0.05863510072231293,2.1997618675231934,2.208184440038167,1,1,4,0,0,dirichlet_a0.1,42,sparse_coordinate_attack,norm,B_iid_transfer_frozen,0.012898845250272921
4,0.05863510072231293,2.1997618675231934,2.433308670995757,1,1,4,0,0,dirichlet_a0.1,42,sparse_coordinate_attack,norm,B_iid_transfer_frozen,0.012898845250272921
5,0.05863510072231293,2.1997618675231934,2.4768394419224933,1,1,4,0,0,dirichlet_a0.1,42,sparse_coordinate_attack,norm,B_iid_transfer_frozen,0.012898845250272921
0,0.04818941652774811,2.230459451675415,2.753477892954834,0,0,0,5,0,dirichlet_a0.1,42,sparse_coordinate_attack,cosine,A_condition_specific_oracle,-0.5522555342690941
1,0.1863509863615036,2.2514963150024414,2.7668765489943326,0,0,0,5,0,dirichlet_a0.1,42,sparse_coordinate_attack,cosine,A_condition_specific_oracle,-0.5522555342690941
2,0.10320334881544113,2.7794322967529297,2.8701535200234503,1,0,0,4,1,dirichlet_a0.1,42,sparse_coordinate_attack,cosine,A_condition_specific_oracle,-0.5522555342690941
3,0.07757660001516342,2.7600691318511963,2.9006293260026723,1,0,0,4,1,dirichlet_a0.1,42,sparse_coordinate_attack,cosine,A_condition_specific_oracle,-0.5522555342690941
4,0.1863509863615036,2.389785051345825,2.7702311649918556,1,0,0,4,1,dirichlet_a0.1,42,sparse_coordinate_attack,cosine,A_condition_specific_oracle,-0.5522555342690941
5,0.11504178494215012,2.726512908935547,2.761319148936309,1,0,0,4,1,dirichlet_a0.1,42,sparse_coordinate_attack,cosine,A_condition_specific_oracle,-0.5522555342690941
0,0.05863510072231293,2.1997618675231934,2.746063668979332,0,0,5,0,0,dirichlet_a0.1,42,sparse_coordinate_attack,cosine,B_iid_transfer_frozen,0.8690693731871779
1,0.05863510072231293,2.1997618675231934,2.769818276981823,0,0,5,0,0,dirichlet_a0.1,42,sparse_coordinate_attack,cosine,B_iid_transfer_frozen,0.8690693731871779
2,0.05863510072231293,2.1997618675231934,2.8308992389356717,1,1,4,0,0,dirichlet_a0.1,42,sparse_coordinate_attack,cosine,B_iid_transfer_frozen,0.8690693731871779
3,0.05863510072231293,2.1997618675231934,3.003276480943896,1,1,4,0,0,dirichlet_a0.1,42,sparse_coordinate_attack,cosine,B_iid_transfer_frozen,0.8690693731871779
4,0.05863510072231293,2.1997618675231934,3.049235140089877,1,1,4,0,0,dirichlet_a0.1,42,sparse_coordinate_attack,cosine,B_iid_transfer_frozen,0.8690693731871779
5,0.05863510072231293,2.1997618675231934,2.9280828679911792,1,1,4,0,0,dirichlet_a0.1,42,sparse_coordinate_attack,cosine,B_iid_transfer_frozen,0.8690693731871779
0,0.04805013909935951,2.2304630279541016,2.5708584409439936,0,0,0,5,0,dirichlet_a0.1,42,sparse_coordinate_attack,sign_consensus,A_condition_specific_oracle,0.3693225415212495
1,0.1863509863615036,2.265169620513916,2.5891448280308396,0,0,0,5,0,dirichlet_a0.1,42,sparse_coordinate_attack,sign_consensus,A_condition_specific_oracle,0.3693225415212495
2,0.10320334881544113,2.298100471496582,2.6792422159342095,1,1,0,4,0,dirichlet_a0.1,42,sparse_coordinate_attack,sign_consensus,A_condition_specific_oracle,0.3693225415212495
3,0.10320334881544113,2.3098151683807373,2.535982161993161,1,1,0,4,0,dirichlet_a0.1,42,sparse_coordinate_attack,sign_consensus,A_condition_specific_oracle,0.3693225415212495
4,0.10320334881544113,2.2651755809783936,2.4889631260884926,1,1,0,4,0,dirichlet_a0.1,42,sparse_coordinate_attack,sign_consensus,A_condition_specific_oracle,0.3693225415212495
5,0.10320334881544113,2.2871811389923096,2.4786576059414074,1,1,0,4,0,dirichlet_a0.1,42,sparse_coordinate_attack,sign_consensus,A_condition_specific_oracle,0.3693225415212495
0,0.047214485704898834,2.2865164279937744,2.4778079870156944,0,0,2,3,0,dirichlet_a0.1,42,sparse_coordinate_attack,sign_consensus,B_iid_transfer_frozen,0.5656118467693558
1,0.1863509863615036,2.3613336086273193,2.4776084839832038,0,0,1,4,0,dirichlet_a0.1,42,sparse_coordinate_attack,sign_consensus,B_iid_transfer_frozen,0.5656118467693558
2,0.10320334881544113,2.306817054748535,2.4784146629972383,1,1,0,4,0,dirichlet_a0.1,42,sparse_coordinate_attack,sign_consensus,B_iid_transfer_frozen,0.5656118467693558
3,0.10320334881544113,2.641383409500122,2.5052284270059317,1,1,1,3,0,dirichlet_a0.1,42,sparse_coordinate_attack,sign_consensus,B_iid_transfer_frozen,0.5656118467693558
4,0.2130919247865677,2.3397738933563232,2.489000980043784,1,1,1,3,0,dirichlet_a0.1,42,sparse_coordinate_attack,sign_consensus,B_iid_transfer_frozen,0.5656118467693558
5,0.10320334881544113,2.6082379817962646,2.5101539379684255,1,1,1,3,0,dirichlet_a0.1,42,sparse_coordinate_attack,sign_consensus,B_iid_transfer_frozen,0.5656118467693558
0,0.047214485704898834,2.237957239151001,2.5289030900457874,0,,,,,dirichlet_a0.1,42,sparse_coordinate_attack,median,not_applicable,
1,0.1864902526140213,2.3605785369873047,2.4886236001038924,0,,,,,dirichlet_a0.1,42,sparse_coordinate_attack,median,not_applicable,
2,0.08245125412940979,2.413123846054077,2.5406075980281457,1,,,,,dirichlet_a0.1,42,sparse_coordinate_attack,median,not_applicable,
3,0.08245125412940979,2.4477949142456055,2.518985015922226,1,,,,,dirichlet_a0.1,42,sparse_coordinate_attack,median,not_applicable,
4,0.08245125412940979,2.4526267051696777,2.5130235999822617,1,,,,,dirichlet_a0.1,42,sparse_coordinate_attack,median,not_applicable,
5,0.08245125412940979,2.4373421669006348,2.536744370008819,1,,,,,dirichlet_a0.1,42,sparse_coordinate_attack,median,not_applicable,
0,0.047214485704898834,2.243561029434204,2.521870014956221,0,,,,,dirichlet_a0.1,42,sparse_coordinate_attack,multi_krum,not_applicable,
1,0.1863509863615036,2.4874320030212402,2.4891296189744025,0,,,,,dirichlet_a0.1,42,sparse_coordinate_attack,multi_krum,not_applicable,
2,0.10292479395866394,2.25768780708313,2.4395718629239127,1,,,,,dirichlet_a0.1,42,sparse_coordinate_attack,multi_krum,not_applicable,
3,0.10320334881544113,2.304332733154297,2.486166900023818,1,,,,,dirichlet_a0.1,42,sparse_coordinate_attack,multi_krum,not_applicable,
4,0.10320334881544113,2.271545886993408,2.3820766479475424,1,,,,,dirichlet_a0.1,42,sparse_coordinate_attack,multi_krum,not_applicable,
5,0.10320334881544113,2.2811007499694824,2.402770525077358,1,,,,,dirichlet_a0.1,42,sparse_coordinate_attack,multi_krum,not_applicable,
0,0.05863510072231293,2.192833662033081,2.4024455869803205,0,,,,,dirichlet_a0.1,43,no_attack,fedavg,not_applicable,
1,0.05863510072231293,2.308833122253418,2.3967378820525482,0,,,,,dirichlet_a0.1,43,no_attack,fedavg,not_applicable,
2,0.05863510072231293,2.3718771934509277,2.3983399159042165,1,,,,,dirichlet_a0.1,43,no_attack,fedavg,not_applicable,
3,0.05863510072231293,2.368896245956421,2.3832690849667415,1,,,,,dirichlet_a0.1,43,no_attack,fedavg,not_applicable,
4,0.05863510072231293,2.3800923824310303,2.3733460920630023,1,,,,,dirichlet_a0.1,43,no_attack,fedavg,not_applicable,
5,0.05863510072231293,2.3512370586395264,2.41534285095986,1,,,,,dirichlet_a0.1,43,no_attack,fedavg,not_applicable,
0,0.05863510072231293,2.197767496109009,2.409638589946553,0,0,4,1,0,dirichlet_a0.1,43,no_attack,norm,A_condition_specific_oracle,0.16627703033926675
1,0.05863510072231293,2.2201478481292725,2.1819504409795627,0,0,4,1,0,dirichlet_a0.1,43,no_attack,norm,A_condition_specific_oracle,0.16627703033926675
2,0.05863510072231293,2.3041110038757324,2.376797522068955,1,1,3,1,0,dirichlet_a0.1,43,no_attack,norm,A_condition_specific_oracle,0.16627703033926675
3,0.05863510072231293,2.3041110038757324,2.451488993014209,1,1,4,0,0,dirichlet_a0.1,43,no_attack,norm,A_condition_specific_oracle,0.16627703033926675
4,0.05863510072231293,2.3041110038757324,2.41069663700182,1,1,4,0,0,dirichlet_a0.1,43,no_attack,norm,A_condition_specific_oracle,0.16627703033926675
5,0.05863510072231293,2.3041110038757324,2.4454062189906836,1,1,4,0,0,dirichlet_a0.1,43,no_attack,norm,A_condition_specific_oracle,0.16627703033926675
0,0.08245125412940979,2.1877028942108154,2.431925046024844,0,0,5,0,0,dirichlet_a0.1,43,no_attack,norm,B_iid_transfer_frozen,0.012898845250272921
1,0.08245125412940979,2.1877028942108154,2.4502869190182537,0,0,5,0,0,dirichlet_a0.1,43,no_attack,norm,B_iid_transfer_frozen,0.012898845250272921
2,0.08245125412940979,2.1877028942108154,2.410089574055746,1,1,4,0,0,dirichlet_a0.1,43,no_attack,norm,B_iid_transfer_frozen,0.012898845250272921
3,0.08245125412940979,2.1877028942108154,2.4621071469737217,1,1,4,0,0,dirichlet_a0.1,43,no_attack,norm,B_iid_transfer_frozen,0.012898845250272921
4,0.08245125412940979,2.1877028942108154,2.4846865559229627,1,1,4,0,0,dirichlet_a0.1,43,no_attack,norm,B_iid_transfer_frozen,0.012898845250272921
5,0.08245125412940979,2.1877028942108154,2.483447341946885,1,1,4,0,0,dirichlet_a0.1,43,no_attack,norm,B_iid_transfer_frozen,0.012898845250272921
0,0.05863510072231293,2.1928718090057373,2.7050177400233224,0,0,0,5,0,dirichlet_a0.1,43,no_attack,cosine,A_condition_specific_oracle,-0.5522555342690941
1,0.05863510072231293,2.3009743690490723,2.6814756100066006,0,0,0,5,0,dirichlet_a0.1,43,no_attack,cosine,A_condition_specific_oracle,-0.5522555342690941
2,0.05863510072231293,2.233546257019043,2.72590163606219,1,0,1,3,1,dirichlet_a0.1,43,no_attack,cosine,A_condition_specific_oracle,-0.5522555342690941
3,0.05863510072231293,2.3938000202178955,2.6907310760580003,1,0,0,4,1,dirichlet_a0.1,43,no_attack,cosine,A_condition_specific_oracle,-0.5522555342690941
4,0.22590529918670654,2.2113022804260254,2.7065604119561613,1,0,1,3,1,dirichlet_a0.1,43,no_attack,cosine,A_condition_specific_oracle,-0.5522555342690941
5,0.05863510072231293,2.342184066772461,2.81134098500479,1,0,0,4,1,dirichlet_a0.1,43,no_attack,cosine,A_condition_specific_oracle,-0.5522555342690941
0,0.08245125412940979,2.1877028942108154,2.6946352949598804,0,0,5,0,0,dirichlet_a0.1,43,no_attack,cosine,B_iid_transfer_frozen,0.8690693731871779
1,0.08245125412940979,2.1877028942108154,2.6650630680378526,0,0,5,0,0,dirichlet_a0.1,43,no_attack,cosine,B_iid_transfer_frozen,0.8690693731871779
2,0.08245125412940979,2.1877028942108154,2.63571886299178,1,1,4,0,0,dirichlet_a0.1,43,no_attack,cosine,B_iid_transfer_frozen,0.8690693731871779
3,0.08245125412940979,2.1877028942108154,2.66999769594986,1,1,4,0,0,dirichlet_a0.1,43,no_attack,cosine,B_iid_transfer_frozen,0.8690693731871779
4,0.08245125412940979,2.1877028942108154,2.678570350049995,1,1,4,0,0,dirichlet_a0.1,43,no_attack,cosine,B_iid_transfer_frozen,0.8690693731871779
5,0.08245125412940979,2.1877028942108154,2.6724272060673684,1,1,4,0,0,dirichlet_a0.1,43,no_attack,cosine,B_iid_transfer_frozen,0.8690693731871779
0,0.05863510072231293,2.192862033843994,2.398194942972623,0,0,0,5,0,dirichlet_a0.1,43,no_attack,sign_consensus,A_condition_specific_oracle,0.3693225415212495
1,0.05863510072231293,2.309591054916382,2.402792285080068,0,0,0,5,0,dirichlet_a0.1,43,no_attack,sign_consensus,A_condition_specific_oracle,0.3693225415212495
2,0.05863510072231293,2.372462511062622,2.4225964070064947,1,0,0,4,1,dirichlet_a0.1,43,no_attack,sign_consensus,A_condition_specific_oracle,0.3693225415212495
3,0.05863510072231293,2.368377685546875,2.3621779159875587,1,0,0,4,1,dirichlet_a0.1,43,no_attack,sign_consensus,A_condition_specific_oracle,0.3693225415212495
4,0.05863510072231293,2.3801052570343018,2.408566343015991,1,0,0,4,1,dirichlet_a0.1,43,no_attack,sign_consensus,A_condition_specific_oracle,0.3693225415212495
5,0.05863510072231293,2.35206937789917,2.4104397110641003,1,0,0,4,1,dirichlet_a0.1,43,no_attack,sign_consensus,A_condition_specific_oracle,0.3693225415212495
0,0.05863510072231293,2.192863702774048,2.405181744019501,0,0,0,5,0,dirichlet_a0.1,43,no_attack,sign_consensus,B_iid_transfer_frozen,0.5656118467693558
1,0.05863510072231293,2.6242730617523193,2.3713548210216686,0,0,1,4,0,dirichlet_a0.1,43,no_attack,sign_consensus,B_iid_transfer_frozen,0.5656118467693558
2,0.05863510072231293,2.238801956176758,2.3928172059822828,1,0,1,3,1,dirichlet_a0.1,43,no_attack,sign_consensus,B_iid_transfer_frozen,0.5656118467693558
3,0.05863510072231293,2.8047218322753906,2.4935654579894617,1,1,0,4,0,dirichlet_a0.1,43,no_attack,sign_consensus,B_iid_transfer_frozen,0.5656118467693558
4,0.05863510072231293,2.231738805770874,2.3998703580582514,1,0,1,3,1,dirichlet_a0.1,43,no_attack,sign_consensus,B_iid_transfer_frozen,0.5656118467693558
5,0.05863510072231293,2.351209878921509,2.6169548890320584,1,0,0,4,1,dirichlet_a0.1,43,no_attack,sign_consensus,B_iid_transfer_frozen,0.5656118467693558
0,0.05863510072231293,2.190455913543701,2.4440044099465013,0,,,,,dirichlet_a0.1,43,no_attack,median,not_applicable,
1,0.05863510072231293,2.431912422180176,2.453489425010048,0,,,,,dirichlet_a0.1,43,no_attack,median,not_applicable,
2,0.05863510072231293,2.718362808227539,2.5231707900529727,1,,,,,dirichlet_a0.1,43,no_attack,median,not_applicable,
3,0.05863510072231293,2.6226420402526855,2.4109312020009384,1,,,,,dirichlet_a0.1,43,no_attack,median,not_applicable,
4,0.05863510072231293,2.655097723007202,2.4086020160466433,1,,,,,dirichlet_a0.1,43,no_attack,median,not_applicable,
5,0.05863510072231293,2.5779178142547607,2.399625797988847,1,,,,,dirichlet_a0.1,43,no_attack,median,not_applicable,
0,0.1863509863615036,2.1461336612701416,2.423831627005711,0,,,,,dirichlet_a0.1,43,no_attack,multi_krum,not_applicable,
1,0.1863509863615036,2.2870616912841797,2.411055125994608,0,,,,,dirichlet_a0.1,43,no_attack,multi_krum,not_applicable,
2,0.1863509863615036,2.410583972930908,2.392766619916074,1,,,,,dirichlet_a0.1,43,no_attack,multi_krum,not_applicable,
3,0.1863509863615036,2.4302587509155273,2.4673840450122952,1,,,,,dirichlet_a0.1,43,no_attack,multi_krum,not_applicable,
4,0.21462395787239075,2.429600954055786,2.4543362490367144,1,,,,,dirichlet_a0.1,43,no_attack,multi_krum,not_applicable,
5,0.1863509863615036,2.4085562229156494,2.5345502020791173,1,,,,,dirichlet_a0.1,43,no_attack,multi_krum,not_applicable,
0,0.05863510072231293,2.1928768157958984,2.4418405869510025,0,,,,,dirichlet_a0.1,43,large_norm,fedavg,not_applicable,
1,0.05863510072231293,2.3095932006835938,2.395454735029489,0,,,,,dirichlet_a0.1,43,large_norm,fedavg,not_applicable,
2,0.09470752626657486,53114364.0,2.3858157739741728,1,,,,,dirichlet_a0.1,43,large_norm,fedavg,not_applicable,
3,0.1863509863615036,nan,2.399390063015744,1,,,,,dirichlet_a0.1,43,large_norm,fedavg,not_applicable,
4,0.1863509863615036,nan,2.4004191869171336,1,,,,,dirichlet_a0.1,43,large_norm,fedavg,not_applicable,
5,0.1863509863615036,nan,2.420307926950045,1,,,,,dirichlet_a0.1,43,large_norm,fedavg,not_applicable,
0,0.05863510072231293,2.197767496109009,2.2819597030756995,0,0,4,1,0,dirichlet_a0.1,43,large_norm,norm,A_condition_specific_oracle,0.16627703033926675
1,0.05863510072231293,2.2201478481292725,2.425444734049961,0,0,4,1,0,dirichlet_a0.1,43,large_norm,norm,A_condition_specific_oracle,0.16627703033926675
2,0.05863510072231293,2.304126024246216,2.4312000209465623,1,1,3,1,0,dirichlet_a0.1,43,large_norm,norm,A_condition_specific_oracle,0.16627703033926675
3,0.05863510072231293,2.304126024246216,2.4138762659858912,1,1,4,0,0,dirichlet_a0.1,43,large_norm,norm,A_condition_specific_oracle,0.16627703033926675
4,0.05863510072231293,2.304126024246216,2.4606460749637336,1,1,4,0,0,dirichlet_a0.1,43,large_norm,norm,A_condition_specific_oracle,0.16627703033926675
5,0.05863510072231293,2.304126024246216,2.415758372982964,1,1,4,0,0,dirichlet_a0.1,43,large_norm,norm,A_condition_specific_oracle,0.16627703033926675
0,0.08245125412940979,2.1877028942108154,2.4172567109344527,0,0,5,0,0,dirichlet_a0.1,43,large_norm,norm,B_iid_transfer_frozen,0.012898845250272921
1,0.08245125412940979,2.1877028942108154,2.4014730899361894,0,0,5,0,0,dirichlet_a0.1,43,large_norm,norm,B_iid_transfer_frozen,0.012898845250272921
2,0.08245125412940979,2.1877028942108154,2.4101424110122025,1,1,4,0,0,dirichlet_a0.1,43,large_norm,norm,B_iid_transfer_frozen,0.012898845250272921
3,0.08245125412940979,2.1877028942108154,2.4534448109334335,1,1,4,0,0,dirichlet_a0.1,43,large_norm,norm,B_iid_transfer_frozen,0.012898845250272921
4,0.08245125412940979,2.1877028942108154,2.429071761085652,1,1,4,0,0,dirichlet_a0.1,43,large_norm,norm,B_iid_transfer_frozen,0.012898845250272921
5,0.08245125412940979,2.1877028942108154,2.4016774599440396,1,1,4,0,0,dirichlet_a0.1,43,large_norm,norm,B_iid_transfer_frozen,0.012898845250272921
0,0.05863510072231293,2.192864179611206,2.636122882948257,0,0,0,5,0,dirichlet_a0.1,43,large_norm,cosine,A_condition_specific_oracle,-0.5522555342690941
1,0.05863510072231293,2.30102276802063,2.7357370679965243,0,0,0,5,0,dirichlet_a0.1,43,large_norm,cosine,A_condition_specific_oracle,-0.5522555342690941
2,0.1863509863615036,237161888.0,2.7105931299738586,1,0,1,3,1,dirichlet_a0.1,43,large_norm,cosine,A_condition_specific_oracle,-0.5522555342690941
3,0.11796657741069794,4.127839123396362e+17,2.8154456270858645,1,0,1,3,1,dirichlet_a0.1,43,large_norm,cosine,A_condition_specific_oracle,-0.5522555342690941
4,0.05863510072231293,5145.16162109375,2.783421342028305,1,0,0,4,1,dirichlet_a0.1,43,large_norm,cosine,A_condition_specific_oracle,-0.5522555342690941
5,0.05863510072231293,66861.6171875,2.45159659802448,1,0,0,4,1,dirichlet_a0.1,43,large_norm,cosine,A_condition_specific_oracle,-0.5522555342690941
0,0.08245125412940979,2.1877028942108154,2.7850399640155956,0,0,5,0,0,dirichlet_a0.1,43,large_norm,cosine,B_iid_transfer_frozen,0.8690693731871779
1,0.08245125412940979,2.1877028942108154,2.681850847089663,0,0,5,0,0,dirichlet_a0.1,43,large_norm,cosine,B_iid_transfer_frozen,0.8690693731871779
2,0.08245125412940979,2.1877028942108154,2.749404981965199,1,1,4,0,0,dirichlet_a0.1,43,large_norm,cosine,B_iid_transfer_frozen,0.8690693731871779
3,0.08245125412940979,2.1877028942108154,2.7910664540249854,1,1,4,0,0,dirichlet_a0.1,43,large_norm,cosine,B_iid_transfer_frozen,0.8690693731871779
4,0.08245125412940979,2.1877028942108154,2.745780515950173,1,1,4,0,0,dirichlet_a0.1,43,large_norm,cosine,B_iid_transfer_frozen,0.8690693731871779
5,0.08245125412940979,2.1877028942108154,2.7125482329865918,1,1,4,0,0,dirichlet_a0.1,43,large_norm,cosine,B_iid_transfer_frozen,0.8690693731871779
0,0.05863510072231293,2.1928632259368896,2.4258281339425594,0,0,0,5,0,dirichlet_a0.1,43,large_norm,sign_consensus,A_condition_specific_oracle,0.3693225415212495
1,0.05863510072231293,2.3092803955078125,2.3995400280691683,0,0,0,5,0,dirichlet_a0.1,43,large_norm,sign_consensus,A_condition_specific_oracle,0.3693225415212495
2,0.09470752626657486,53114500.0,2.396359000937082,1,0,0,4,1,dirichlet_a0.1,43,large_norm,sign_consensus,A_condition_specific_oracle,0.3693225415212495
3,0.09470752626657486,53114500.0,2.377355298027396,1,1,4,0,0,dirichlet_a0.1,43,large_norm,sign_consensus,A_condition_specific_oracle,0.3693225415212495
4,0.09470752626657486,53114500.0,2.3824818149441853,1,1,4,0,0,dirichlet_a0.1,43,large_norm,sign_consensus,A_condition_specific_oracle,0.3693225415212495
5,0.09470752626657486,53114500.0,2.3901384350610897,1,1,4,0,0,dirichlet_a0.1,43,large_norm,sign_consensus,A_condition_specific_oracle,0.3693225415212495
0,0.05863510072231293,2.1928720474243164,2.3717218269594014,0,0,0,5,0,dirichlet_a0.1,43,large_norm,sign_consensus,B_iid_transfer_frozen,0.5656118467693558
1,0.05863510072231293,2.3091862201690674,2.416467519942671,0,0,0,5,0,dirichlet_a0.1,43,large_norm,sign_consensus,B_iid_transfer_frozen,0.5656118467693558
2,0.09582173079252243,33138395136.0,2.4083525490714237,1,0,4,0,1,dirichlet_a0.1,43,large_norm,sign_consensus,B_iid_transfer_frozen,0.5656118467693558
3,0.09582173079252243,33138395136.0,2.3833327159518376,1,1,4,0,0,dirichlet_a0.1,43,large_norm,sign_consensus,B_iid_transfer_frozen,0.5656118467693558
4,0.09582173079252243,33138395136.0,2.4335082810139284,1,1,4,0,0,dirichlet_a0.1,43,large_norm,sign_consensus,B_iid_transfer_frozen,0.5656118467693558
5,0.09582173079252243,33138395136.0,2.424955722060986,1,1,4,0,0,dirichlet_a0.1,43,large_norm,sign_consensus,B_iid_transfer_frozen,0.5656118467693558
0,0.05863510072231293,2.1904613971710205,2.426923870923929,0,,,,,dirichlet_a0.1,43,large_norm,median,not_applicable,
1,0.05863510072231293,2.432366371154785,2.401344017009251,0,,,,,dirichlet_a0.1,43,large_norm,median,not_applicable,
2,0.05863510072231293,3.0534181594848633,2.413478719070554,1,,,,,dirichlet_a0.1,43,large_norm,median,not_applicable,
3,0.05863510072231293,3.1042964458465576,2.3989099400350824,1,,,,,dirichlet_a0.1,43,large_norm,median,not_applicable,
4,0.05863510072231293,3.103442430496216,2.4097613249905407,1,,,,,dirichlet_a0.1,43,large_norm,median,not_applicable,
5,0.05863510072231293,3.183211326599121,2.423956664977595,1,,,,,dirichlet_a0.1,43,large_norm,median,not_applicable,
0,0.1863509863615036,2.1461310386657715,2.4094812790863216,0,,,,,dirichlet_a0.1,43,large_norm,multi_krum,not_applicable,
1,0.1863509863615036,2.2869184017181396,2.4245752058923244,0,,,,,dirichlet_a0.1,43,large_norm,multi_krum,not_applicable,
2,0.05863510072231293,2.7770962715148926,2.4450066189747304,1,,,,,dirichlet_a0.1,43,large_norm,multi_krum,not_applicable,
3,0.05863510072231293,2.8701136112213135,2.3795201500179246,1,,,,,dirichlet_a0.1,43,large_norm,multi_krum,not_applicable,
4,0.05863510072231293,2.942172050476074,2.3702290180372074,1,,,,,dirichlet_a0.1,43,large_norm,multi_krum,not_applicable,
5,0.05863510072231293,2.9105441570281982,2.427804503007792,1,,,,,dirichlet_a0.1,43,large_norm,multi_krum,not_applicable,
0,0.05863510072231293,2.1928696632385254,2.371821669046767,0,,,,,dirichlet_a0.1,43,low_norm,fedavg,not_applicable,
1,0.05863510072231293,2.309185743331909,2.3903314599301666,0,,,,,dirichlet_a0.1,43,low_norm,fedavg,not_applicable,
2,0.05863510072231293,2.652498960494995,2.380339849041775,1,,,,,dirichlet_a0.1,43,low_norm,fedavg,not_applicable,
3,0.05863510072231293,2.792072057723999,2.3842373379739,1,,,,,dirichlet_a0.1,43,low_norm,fedavg,not_applicable,
4,0.05863510072231293,2.873936653137207,2.3947474469896406,1,,,,,dirichlet_a0.1,43,low_norm,fedavg,not_applicable,
5,0.05863510072231293,2.86600661277771,2.4068740720395,1,,,,,dirichlet_a0.1,43,low_norm,fedavg,not_applicable,
0,0.05863510072231293,2.197767496109009,2.3979956379625946,0,0,4,1,0,dirichlet_a0.1,43,low_norm,norm,A_condition_specific_oracle,0.16627703033926675
1,0.05863510072231293,2.2201478481292725,2.376085881027393,0,0,4,1,0,dirichlet_a0.1,43,low_norm,norm,A_condition_specific_oracle,0.16627703033926675
2,0.05863510072231293,2.250149965286255,2.3947947879787534,1,0,3,1,1,dirichlet_a0.1,43,low_norm,norm,A_condition_specific_oracle,0.16627703033926675
3,0.05863510072231293,2.2496161460876465,2.442351766047068,1,0,4,0,1,dirichlet_a0.1,43,low_norm,norm,A_condition_specific_oracle,0.16627703033926675
4,0.05863510072231293,2.249056100845337,2.444476292002946,1,0,4,0,1,dirichlet_a0.1,43,low_norm,norm,A_condition_specific_oracle,0.16627703033926675
5,0.05863510072231293,2.248396635055542,2.468034352059476,1,0,4,0,1,dirichlet_a0.1,43,low_norm,norm,A_condition_specific_oracle,0.16627703033926675
0,0.08245125412940979,2.1877028942108154,2.42019402096048,0,0,5,0,0,dirichlet_a0.1,43,low_norm,norm,B_iid_transfer_frozen,0.012898845250272921
1,0.08245125412940979,2.1877028942108154,2.4235791920218617,0,0,5,0,0,dirichlet_a0.1,43,low_norm,norm,B_iid_transfer_frozen,0.012898845250272921
2,0.08231198042631149,2.187156915664673,2.427867774036713,1,0,4,0,1,dirichlet_a0.1,43,low_norm,norm,B_iid_transfer_frozen,0.012898845250272921
3,0.08231198042631149,2.18660306930542,2.438247650046833,1,0,4,0,1,dirichlet_a0.1,43,low_norm,norm,B_iid_transfer_frozen,0.012898845250272921
4,0.08231198042631149,2.186030626296997,2.4759905949467793,1,0,4,0,1,dirichlet_a0.1,43,low_norm,norm,B_iid_transfer_frozen,0.012898845250272921
5,0.0820334255695343,2.185465097427368,2.424543892033398,1,0,4,0,1,dirichlet_a0.1,43,low_norm,norm,B_iid_transfer_frozen,0.012898845250272921
0,0.05863510072231293,2.1928696632385254,2.668573476956226,0,0,0,5,0,dirichlet_a0.1,43,low_norm,cosine,A_condition_specific_oracle,-0.5522555342690941
1,0.05863510072231293,2.301030158996582,2.7274649690371007,0,0,0,5,0,dirichlet_a0.1,43,low_norm,cosine,A_condition_specific_oracle,-0.5522555342690941
2,0.05863510072231293,2.4953155517578125,2.711801083991304,1,0,1,3,1,dirichlet_a0.1,43,low_norm,cosine,A_condition_specific_oracle,-0.5522555342690941
3,0.05863510072231293,2.6178576946258545,2.7175490719964728,1,0,1,3,1,dirichlet_a0.1,43,low_norm,cosine,A_condition_specific_oracle,-0.5522555342690941
4,0.05863510072231293,2.6138763427734375,2.7200967009412125,1,0,1,3,1,dirichlet_a0.1,43,low_norm,cosine,A_condition_specific_oracle,-0.5522555342690941
5,0.05863510072231293,2.7769622802734375,2.671657535014674,1,0,0,4,1,dirichlet_a0.1,43,low_norm,cosine,A_condition_specific_oracle,-0.5522555342690941
0,0.08245125412940979,2.1877028942108154,2.6622065829578787,0,0,5,0,0,dirichlet_a0.1,43,low_norm,cosine,B_iid_transfer_frozen,0.8690693731871779
1,0.08245125412940979,2.1877028942108154,2.68010855501052,0,0,5,0,0,dirichlet_a0.1,43,low_norm,cosine,B_iid_transfer_frozen,0.8690693731871779
2,0.08245125412940979,2.1877028942108154,2.6164388679899275,1,1,4,0,0,dirichlet_a0.1,43,low_norm,cosine,B_iid_transfer_frozen,0.8690693731871779
3,0.08245125412940979,2.1877028942108154,2.460327234934084,1,1,4,0,0,dirichlet_a0.1,43,low_norm,cosine,B_iid_transfer_frozen,0.8690693731871779
4,0.08245125412940979,2.1877028942108154,2.7211988950148225,1,1,4,0,0,dirichlet_a0.1,43,low_norm,cosine,B_iid_transfer_frozen,0.8690693731871779
5,0.08245125412940979,2.1877028942108154,2.7252765860175714,1,1,4,0,0,dirichlet_a0.1,43,low_norm,cosine,B_iid_transfer_frozen,0.8690693731871779
0,0.05863510072231293,2.1928677558898926,2.379546652082354,0,0,0,5,0,dirichlet_a0.1,43,low_norm,sign_consensus,A_condition_specific_oracle,0.3693225415212495
1,0.05863510072231293,2.309687376022339,2.432117091026157,0,0,0,5,0,dirichlet_a0.1,43,low_norm,sign_consensus,A_condition_specific_oracle,0.3693225415212495
2,0.05863510072231293,2.6530885696411133,2.41413004999049,1,0,0,4,1,dirichlet_a0.1,43,low_norm,sign_consensus,A_condition_specific_oracle,0.3693225415212495
3,0.05863510072231293,2.791490316390991,2.395721661974676,1,0,0,4,1,dirichlet_a0.1,43,low_norm,sign_consensus,A_condition_specific_oracle,0.3693225415212495
4,0.05863510072231293,2.8750178813934326,2.3988281420897692,1,0,0,4,1,dirichlet_a0.1,43,low_norm,sign_consensus,A_condition_specific_oracle,0.3693225415212495
5,0.05863510072231293,2.8666141033172607,2.3709913740167394,1,0,0,4,1,dirichlet_a0.1,43,low_norm,sign_consensus,A_condition_specific_oracle,0.3693225415212495
0,0.05863510072231293,2.192863702774048,2.3749504500301555,0,0,0,5,0,dirichlet_a0.1,43,low_norm,sign_consensus,B_iid_transfer_frozen,0.5656118467693558
1,0.05863510072231293,2.623974084854126,2.4034740700153634,0,0,1,4,0,dirichlet_a0.1,43,low_norm,sign_consensus,B_iid_transfer_frozen,0.5656118467693558
2,0.05863510072231293,2.608170986175537,2.4020431969547644,1,0,1,3,1,dirichlet_a0.1,43,low_norm,sign_consensus,B_iid_transfer_frozen,0.5656118467693558
3,0.05863510072231293,2.6180012226104736,2.4114079530118033,1,0,1,3,1,dirichlet_a0.1,43,low_norm,sign_consensus,B_iid_transfer_frozen,0.5656118467693558
4,0.05863510072231293,2.6544275283813477,2.3892390429973602,1,0,1,3,1,dirichlet_a0.1,43,low_norm,sign_consensus,B_iid_transfer_frozen,0.5656118467693558
5,0.05863510072231293,2.6230125427246094,2.397691010031849,1,0,1,3,1,dirichlet_a0.1,43,low_norm,sign_consensus,B_iid_transfer_frozen,0.5656118467693558
0,0.05863510072231293,2.1904518604278564,2.405150964972563,0,,,,,dirichlet_a0.1,43,low_norm,median,not_applicable,
1,0.05863510072231293,2.432396411895752,2.535253149922937,0,,,,,dirichlet_a0.1,43,low_norm,median,not_applicable,
2,0.05863510072231293,2.8475987911224365,2.5508812819607556,1,,,,,dirichlet_a0.1,43,low_norm,median,not_applicable,
3,0.05863510072231293,3.0681543350219727,2.495412950986065,1,,,,,dirichlet_a0.1,43,low_norm,median,not_applicable,
4,0.05863510072231293,3.212984561920166,2.4671609840588644,1,,,,,dirichlet_a0.1,43,low_norm,median,not_applicable,
5,0.05863510072231293,3.2936346530914307,2.259012622060254,1,,,,,dirichlet_a0.1,43,low_norm,median,not_applicable,
0,0.1863509863615036,2.146129608154297,2.2040745510021225,0,,,,,dirichlet_a0.1,43,low_norm,multi_krum,not_applicable,
1,0.1863509863615036,2.2865676879882812,2.400399857899174,0,,,,,dirichlet_a0.1,43,low_norm,multi_krum,not_applicable,
2,0.05863510072231293,2.6363303661346436,2.4339789859950542,1,,,,,dirichlet_a0.1,43,low_norm,multi_krum,not_applicable,
3,0.05863510072231293,2.8638827800750732,2.3991904159775004,1,,,,,dirichlet_a0.1,43,low_norm,multi_krum,not_applicable,
4,0.05863510072231293,2.9777448177337646,2.5996182300150394,1,,,,,dirichlet_a0.1,43,low_norm,multi_krum,not_applicable,
5,0.05863510072231293,3.003356695175171,2.4802692210068926,1,,,,,dirichlet_a0.1,43,low_norm,multi_krum,not_applicable,
0,0.05863510072231293,2.1928632259368896,2.4720219429582357,0,,,,,dirichlet_a0.1,43,full_sign_flip,fedavg,not_applicable,
1,0.05863510072231293,2.3095016479492188,2.3800846780650318,0,,,,,dirichlet_a0.1,43,full_sign_flip,fedavg,not_applicable,
2,0.05863510072231293,3.0143721103668213,2.3765667870175093,1,,,,,dirichlet_a0.1,43,full_sign_flip,fedavg,not_applicable,
3,0.05863510072231293,3.5900440216064453,2.39155905705411,1,,,,,dirichlet_a0.1,43,full_sign_flip,fedavg,not_applicable,
4,0.05863510072231293,3.9965133666992188,2.3892701460281387,1,,,,,dirichlet_a0.1,43,full_sign_flip,fedavg,not_applicable,
5,0.05863510072231293,4.238800048828125,2.377525578951463,1,,,,,dirichlet_a0.1,43,full_sign_flip,fedavg,not_applicable,
0,0.05863510072231293,2.197767496109009,2.3682777680223808,0,0,4,1,0,dirichlet_a0.1,43,full_sign_flip,norm,A_condition_specific_oracle,0.16627703033926675
1,0.05863510072231293,2.2201478481292725,2.400073556927964,0,0,4,1,0,dirichlet_a0.1,43,full_sign_flip,norm,A_condition_specific_oracle,0.16627703033926675
2,0.05863510072231293,2.3041107654571533,2.381106407032348,1,1,3,1,0,dirichlet_a0.1,43,full_sign_flip,norm,A_condition_specific_oracle,0.16627703033926675
3,0.05863510072231293,2.3041107654571533,2.502965535968542,1,1,4,0,0,dirichlet_a0.1,43,full_sign_flip,norm,A_condition_specific_oracle,0.16627703033926675
4,0.05863510072231293,2.3041107654571533,2.4272728589130566,1,1,4,0,0,dirichlet_a0.1,43,full_sign_flip,norm,A_condition_specific_oracle,0.16627703033926675
5,0.05863510072231293,2.3041107654571533,2.4666464650072157,1,1,4,0,0,dirichlet_a0.1,43,full_sign_flip,norm,A_condition_specific_oracle,0.16627703033926675
0,0.08245125412940979,2.1877028942108154,2.503590594045818,0,0,5,0,0,dirichlet_a0.1,43,full_sign_flip,norm,B_iid_transfer_frozen,0.012898845250272921
1,0.08245125412940979,2.1877028942108154,2.5067512210225686,0,0,5,0,0,dirichlet_a0.1,43,full_sign_flip,norm,B_iid_transfer_frozen,0.012898845250272921
2,0.08245125412940979,2.1877028942108154,2.4796379319159314,1,1,4,0,0,dirichlet_a0.1,43,full_sign_flip,norm,B_iid_transfer_frozen,0.012898845250272921
3,0.08245125412940979,2.1877028942108154,2.475469680968672,1,1,4,0,0,dirichlet_a0.1,43,full_sign_flip,norm,B_iid_transfer_frozen,0.012898845250272921
4,0.08245125412940979,2.1877028942108154,2.2132761519169435,1,1,4,0,0,dirichlet_a0.1,43,full_sign_flip,norm,B_iid_transfer_frozen,0.012898845250272921
5,0.08245125412940979,2.1877028942108154,2.448191266041249,1,1,4,0,0,dirichlet_a0.1,43,full_sign_flip,norm,B_iid_transfer_frozen,0.012898845250272921
0,0.05863510072231293,2.192863702774048,2.7434698939323425,0,0,0,5,0,dirichlet_a0.1,43,full_sign_flip,cosine,A_condition_specific_oracle,-0.5522555342690941
1,0.05863510072231293,2.300962448120117,2.7664890880696476,0,0,0,5,0,dirichlet_a0.1,43,full_sign_flip,cosine,A_condition_specific_oracle,-0.5522555342690941
2,0.05863510072231293,2.9035215377807617,2.755730508011766,1,0,1,3,1,dirichlet_a0.1,43,full_sign_flip,cosine,A_condition_specific_oracle,-0.5522555342690941
3,0.05863510072231293,2.7260806560516357,2.877494805958122,1,1,1,3,0,dirichlet_a0.1,43,full_sign_flip,cosine,A_condition_specific_oracle,-0.5522555342690941
4,0.05863510072231293,2.9067130088806152,2.87185256392695,1,1,0,4,0,dirichlet_a0.1,43,full_sign_flip,cosine,A_condition_specific_oracle,-0.5522555342690941
5,0.05863510072231293,2.855074405670166,2.9083376079797745,1,1,0,4,0,dirichlet_a0.1,43,full_sign_flip,cosine,A_condition_specific_oracle,-0.5522555342690941
0,0.08245125412940979,2.1877028942108154,2.8146058910060674,0,0,5,0,0,dirichlet_a0.1,43,full_sign_flip,cosine,B_iid_transfer_frozen,0.8690693731871779
1,0.08245125412940979,2.1877028942108154,3.113763732020743,0,0,5,0,0,dirichlet_a0.1,43,full_sign_flip,cosine,B_iid_transfer_frozen,0.8690693731871779
2,0.08245125412940979,2.1877028942108154,3.0179717070423067,1,1,4,0,0,dirichlet_a0.1,43,full_sign_flip,cosine,B_iid_transfer_frozen,0.8690693731871779
3,0.08245125412940979,2.1877028942108154,2.544745213002898,1,1,4,0,0,dirichlet_a0.1,43,full_sign_flip,cosine,B_iid_transfer_frozen,0.8690693731871779
4,0.08245125412940979,2.1877028942108154,2.4924963540397584,1,1,4,0,0,dirichlet_a0.1,43,full_sign_flip,cosine,B_iid_transfer_frozen,0.8690693731871779
5,0.08245125412940979,2.1877028942108154,2.7884730249643326,1,1,4,0,0,dirichlet_a0.1,43,full_sign_flip,cosine,B_iid_transfer_frozen,0.8690693731871779
0,0.05863510072231293,2.192862033843994,2.4967242010170594,0,0,0,5,0,dirichlet_a0.1,43,full_sign_flip,sign_consensus,A_condition_specific_oracle,0.3693225415212495
1,0.05863510072231293,2.309448003768921,2.611435485072434,0,0,0,5,0,dirichlet_a0.1,43,full_sign_flip,sign_consensus,A_condition_specific_oracle,0.3693225415212495
2,0.05863510072231293,3.0144264698028564,2.502409985056147,1,0,0,4,1,dirichlet_a0.1,43,full_sign_flip,sign_consensus,A_condition_specific_oracle,0.3693225415212495
3,0.05863510072231293,3.5877556800842285,2.5958979469724,1,0,0,4,1,dirichlet_a0.1,43,full_sign_flip,sign_consensus,A_condition_specific_oracle,0.3693225415212495
4,0.05863510072231293,3.9963722229003906,2.603304198011756,1,0,0,4,1,dirichlet_a0.1,43,full_sign_flip,sign_consensus,A_condition_specific_oracle,0.3693225415212495
5,0.05863510072231293,4.242602825164795,2.550674581900239,1,0,0,4,1,dirichlet_a0.1,43,full_sign_flip,sign_consensus,A_condition_specific_oracle,0.3693225415212495
0,0.05863510072231293,2.19286847114563,2.6488176019629464,0,0,0,5,0,dirichlet_a0.1,43,full_sign_flip,sign_consensus,B_iid_transfer_frozen,0.5656118467693558
1,0.05863510072231293,2.3095765113830566,2.6583699099719524,0,0,0,5,0,dirichlet_a0.1,43,full_sign_flip,sign_consensus,B_iid_transfer_frozen,0.5656118467693558
2,0.05863510072231293,3.506870746612549,2.57715120294597,1,0,1,3,1,dirichlet_a0.1,43,full_sign_flip,sign_consensus,B_iid_transfer_frozen,0.5656118467693558
3,0.05863510072231293,5.391136169433594,2.544847661978565,1,0,2,2,1,dirichlet_a0.1,43,full_sign_flip,sign_consensus,B_iid_transfer_frozen,0.5656118467693558
4,0.05863510072231293,3.100252151489258,2.53441946208477,1,1,1,3,0,dirichlet_a0.1,43,full_sign_flip,sign_consensus,B_iid_transfer_frozen,0.5656118467693558
5,0.05863510072231293,4.760213375091553,2.464801169000566,1,0,2,2,1,dirichlet_a0.1,43,full_sign_flip,sign_consensus,B_iid_transfer_frozen,0.5656118467693558
0,0.05863510072231293,2.190455436706543,2.636624715058133,0,,,,,dirichlet_a0.1,43,full_sign_flip,median,not_applicable,
1,0.05863510072231293,2.432368755340576,2.5419342269888148,0,,,,,dirichlet_a0.1,43,full_sign_flip,median,not_applicable,
2,0.05863510072231293,3.356663942337036,2.631084533990361,1,,,,,dirichlet_a0.1,43,full_sign_flip,median,not_applicable,
3,0.05863510072231293,3.5580949783325195,2.5391573979286477,1,,,,,dirichlet_a0.1,43,full_sign_flip,median,not_applicable,
4,0.05863510072231293,3.7202646732330322,2.496585848974064,1,,,,,dirichlet_a0.1,43,full_sign_flip,median,not_applicable,
5,0.05863510072231293,3.8015356063842773,2.612072388990782,1,,,,,dirichlet_a0.1,43,full_sign_flip,median,not_applicable,
0,0.1863509863615036,2.1461291313171387,2.4447101820260286,0,,,,,dirichlet_a0.1,43,full_sign_flip,multi_krum,not_applicable,
1,0.1863509863615036,2.2869927883148193,2.5842688599368557,0,,,,,dirichlet_a0.1,43,full_sign_flip,multi_krum,not_applicable,
2,0.05863510072231293,2.948350429534912,2.455622546025552,1,,,,,dirichlet_a0.1,43,full_sign_flip,multi_krum,not_applicable,
3,0.05863510072231293,3.7698402404785156,2.24822430300992,1,,,,,dirichlet_a0.1,43,full_sign_flip,multi_krum,not_applicable,
4,0.05863510072231293,3.0483028888702393,2.4310142840258777,1,,,,,dirichlet_a0.1,43,full_sign_flip,multi_krum,not_applicable,
5,0.05863510072231293,2.9902985095977783,2.4791648590471596,1,,,,,dirichlet_a0.1,43,full_sign_flip,multi_krum,not_applicable,
0,0.05863510072231293,2.192859649658203,2.4425095099722967,0,,,,,dirichlet_a0.1,43,directional_poisoning,fedavg,not_applicable,
1,0.05863510072231293,2.3095409870147705,2.4467514149146155,0,,,,,dirichlet_a0.1,43,directional_poisoning,fedavg,not_applicable,
2,0.05863510072231293,3.0161454677581787,2.3295179919805378,1,,,,,dirichlet_a0.1,43,directional_poisoning,fedavg,not_applicable,
3,0.05863510072231293,3.589082956314087,2.4403114799642935,1,,,,,dirichlet_a0.1,43,directional_poisoning,fedavg,not_applicable,
4,0.05863510072231293,3.9939980506896973,2.4590846580686048,1,,,,,dirichlet_a0.1,43,directional_poisoning,fedavg,not_applicable,
5,0.05863510072231293,4.2385993003845215,2.454557762015611,1,,,,,dirichlet_a0.1,43,directional_poisoning,fedavg,not_applicable,
0,0.05863510072231293,2.197767496109009,2.455045019974932,0,0,4,1,0,dirichlet_a0.1,43,directional_poisoning,norm,A_condition_specific_oracle,0.16627703033926675
1,0.05863510072231293,2.2201478481292725,2.4085703620221466,0,0,4,1,0,dirichlet_a0.1,43,directional_poisoning,norm,A_condition_specific_oracle,0.16627703033926675
2,0.05863510072231293,2.3041110038757324,2.5540731479413807,1,1,3,1,0,dirichlet_a0.1,43,directional_poisoning,norm,A_condition_specific_oracle,0.16627703033926675
3,0.05863510072231293,2.3041110038757324,2.5709848369006068,1,1,4,0,0,dirichlet_a0.1,43,directional_poisoning,norm,A_condition_specific_oracle,0.16627703033926675
4,0.05863510072231293,2.3041110038757324,2.71982507489156,1,1,4,0,0,dirichlet_a0.1,43,directional_poisoning,norm,A_condition_specific_oracle,0.16627703033926675
5,0.05863510072231293,2.3041110038757324,2.422365684993565,1,1,4,0,0,dirichlet_a0.1,43,directional_poisoning,norm,A_condition_specific_oracle,0.16627703033926675
0,0.08245125412940979,2.1877028942108154,2.4593008399242535,0,0,5,0,0,dirichlet_a0.1,43,directional_poisoning,norm,B_iid_transfer_frozen,0.012898845250272921
1,0.08245125412940979,2.1877028942108154,2.416499112965539,0,0,5,0,0,dirichlet_a0.1,43,directional_poisoning,norm,B_iid_transfer_frozen,0.012898845250272921
2,0.08245125412940979,2.1877028942108154,2.3758260580943897,1,1,4,0,0,dirichlet_a0.1,43,directional_poisoning,norm,B_iid_transfer_frozen,0.012898845250272921
3,0.08245125412940979,2.1877028942108154,2.4223457009065896,1,1,4,0,0,dirichlet_a0.1,43,directional_poisoning,norm,B_iid_transfer_frozen,0.012898845250272921
4,0.08245125412940979,2.1877028942108154,2.4083388200961053,1,1,4,0,0,dirichlet_a0.1,43,directional_poisoning,norm,B_iid_transfer_frozen,0.012898845250272921
5,0.08245125412940979,2.1877028942108154,2.4325055310036987,1,1,4,0,0,dirichlet_a0.1,43,directional_poisoning,norm,B_iid_transfer_frozen,0.012898845250272921
0,0.05863510072231293,2.192869186401367,2.7526128940517083,0,0,0,5,0,dirichlet_a0.1,43,directional_poisoning,cosine,A_condition_specific_oracle,-0.5522555342690941
1,0.05863510072231293,2.3013041019439697,2.77685616503004,0,0,0,5,0,dirichlet_a0.1,43,directional_poisoning,cosine,A_condition_specific_oracle,-0.5522555342690941
2,0.05863510072231293,2.904231548309326,2.727117827977054,1,0,1,3,1,dirichlet_a0.1,43,directional_poisoning,cosine,A_condition_specific_oracle,-0.5522555342690941
3,0.05863510072231293,2.7282211780548096,2.7678928959649056,1,1,1,3,0,dirichlet_a0.1,43,directional_poisoning,cosine,A_condition_specific_oracle,-0.5522555342690941
4,0.05863510072231293,2.906559467315674,2.6938020610250533,1,1,0,4,0,dirichlet_a0.1,43,directional_poisoning,cosine,A_condition_specific_oracle,-0.5522555342690941
5,0.05863510072231293,2.856072187423706,2.7963078669272363,1,1,0,4,0,dirichlet_a0.1,43,directional_poisoning,cosine,A_condition_specific_oracle,-0.5522555342690941
0,0.08245125412940979,2.1877028942108154,2.6638686219230294,0,0,5,0,0,dirichlet_a0.1,43,directional_poisoning,cosine,B_iid_transfer_frozen,0.8690693731871779
1,0.08245125412940979,2.1877028942108154,2.6949422489851713,0,0,5,0,0,dirichlet_a0.1,43,directional_poisoning,cosine,B_iid_transfer_frozen,0.8690693731871779
2,0.08245125412940979,2.1877028942108154,2.768081171088852,1,1,4,0,0,dirichlet_a0.1,43,directional_poisoning,cosine,B_iid_transfer_frozen,0.8690693731871779
3,0.08245125412940979,2.1877028942108154,2.8498678259784356,1,1,4,0,0,dirichlet_a0.1,43,directional_poisoning,cosine,B_iid_transfer_frozen,0.8690693731871779
4,0.08245125412940979,2.1877028942108154,2.6996156859677285,1,1,4,0,0,dirichlet_a0.1,43,directional_poisoning,cosine,B_iid_transfer_frozen,0.8690693731871779
5,0.08245125412940979,2.1877028942108154,2.802809594082646,1,1,4,0,0,dirichlet_a0.1,43,directional_poisoning,cosine,B_iid_transfer_frozen,0.8690693731871779
0,0.05863510072231293,2.1928622722625732,2.4734115259489045,0,0,0,5,0,dirichlet_a0.1,43,directional_poisoning,sign_consensus,A_condition_specific_oracle,0.3693225415212495
1,0.05863510072231293,2.3096232414245605,2.473829715978354,0,0,0,5,0,dirichlet_a0.1,43,directional_poisoning,sign_consensus,A_condition_specific_oracle,0.3693225415212495
2,0.05863510072231293,3.016479969024658,2.465305677964352,1,0,0,4,1,dirichlet_a0.1,43,directional_poisoning,sign_consensus,A_condition_specific_oracle,0.3693225415212495
3,0.05863510072231293,3.588700771331787,2.488389236968942,1,0,0,4,1,dirichlet_a0.1,43,directional_poisoning,sign_consensus,A_condition_specific_oracle,0.3693225415212495
4,0.05863510072231293,3.994720458984375,2.4138231390388682,1,0,0,4,1,dirichlet_a0.1,43,directional_poisoning,sign_consensus,A_condition_specific_oracle,0.3693225415212495
5,0.05863510072231293,4.236487865447998,2.5122831319458783,1,0,0,4,1,dirichlet_a0.1,43,directional_poisoning,sign_consensus,A_condition_specific_oracle,0.3693225415212495
0,0.05863510072231293,2.1928610801696777,2.515623882994987,0,0,0,5,0,dirichlet_a0.1,43,directional_poisoning,sign_consensus,B_iid_transfer_frozen,0.5656118467693558
1,0.05863510072231293,2.624288320541382,2.4884225309360772,0,0,1,4,0,dirichlet_a0.1,43,directional_poisoning,sign_consensus,B_iid_transfer_frozen,0.5656118467693558
2,0.05863510072231293,3.917114496231079,2.5102043019142,1,0,1,3,1,dirichlet_a0.1,43,directional_poisoning,sign_consensus,B_iid_transfer_frozen,0.5656118467693558
3,0.05863510072231293,4.293511867523193,2.509964194963686,1,0,1,3,1,dirichlet_a0.1,43,directional_poisoning,sign_consensus,B_iid_transfer_frozen,0.5656118467693558
4,0.05863510072231293,3.1682000160217285,2.3053784570656717,1,1,0,4,0,dirichlet_a0.1,43,directional_poisoning,sign_consensus,B_iid_transfer_frozen,0.5656118467693558
5,0.05863510072231293,5.2221150398254395,2.430951445014216,1,0,2,2,1,dirichlet_a0.1,43,directional_poisoning,sign_consensus,B_iid_transfer_frozen,0.5656118467693558
0,0.05863510072231293,2.190459966659546,2.423153799958527,0,,,,,dirichlet_a0.1,43,directional_poisoning,median,not_applicable,
1,0.05863510072231293,2.4325122833251953,2.4560758899897337,0,,,,,dirichlet_a0.1,43,directional_poisoning,median,not_applicable,
2,0.05863510072231293,3.3558783531188965,2.508464298094623,1,,,,,dirichlet_a0.1,43,directional_poisoning,median,not_applicable,
3,0.05863510072231293,3.5515005588531494,2.5630943400319666,1,,,,,dirichlet_a0.1,43,directional_poisoning,median,not_applicable,
4,0.05863510072231293,3.71364164352417,2.490865402040072,1,,,,,dirichlet_a0.1,43,directional_poisoning,median,not_applicable,
5,0.05863510072231293,3.827387809753418,2.479825380956754,1,,,,,dirichlet_a0.1,43,directional_poisoning,median,not_applicable,
0,0.1863509863615036,2.1461269855499268,2.5236796179087833,0,,,,,dirichlet_a0.1,43,directional_poisoning,multi_krum,not_applicable,
1,0.1863509863615036,2.2869937419891357,2.583782421075739,0,,,,,dirichlet_a0.1,43,directional_poisoning,multi_krum,not_applicable,
2,0.05863510072231293,2.9482057094573975,2.582060467102565,1,,,,,dirichlet_a0.1,43,directional_poisoning,multi_krum,not_applicable,
3,0.05863510072231293,3.7700459957122803,2.543414482031949,1,,,,,dirichlet_a0.1,43,directional_poisoning,multi_krum,not_applicable,
4,0.05863510072231293,3.0494706630706787,2.4966016430407763,1,,,,,dirichlet_a0.1,43,directional_poisoning,multi_krum,not_applicable,
5,0.05863510072231293,2.9907822608947754,2.5079540490405634,1,,,,,dirichlet_a0.1,43,directional_poisoning,multi_krum,not_applicable,
0,0.05863510072231293,2.192876100540161,2.4585865460103378,0,,,,,dirichlet_a0.1,43,sparse_coordinate_attack,fedavg,not_applicable,
1,0.05863510072231293,2.3093080520629883,2.44102516095154,0,,,,,dirichlet_a0.1,43,sparse_coordinate_attack,fedavg,not_applicable,
2,0.05863510072231293,2.923787832260132,2.4262539240298793,1,,,,,dirichlet_a0.1,43,sparse_coordinate_attack,fedavg,not_applicable,
3,0.05849582329392433,3.548912763595581,2.4450589509215206,1,,,,,dirichlet_a0.1,43,sparse_coordinate_attack,fedavg,not_applicable,
4,0.05863510072231293,3.4442832469940186,2.6107403290225193,1,,,,,dirichlet_a0.1,43,sparse_coordinate_attack,fedavg,not_applicable,
5,0.05863510072231293,3.363614797592163,2.657589477021247,1,,,,,dirichlet_a0.1,43,sparse_coordinate_attack,fedavg,not_applicable,
0,0.05863510072231293,2.197767496109009,2.6826823230367154,0,0,4,1,0,dirichlet_a0.1,43,sparse_coordinate_attack,norm,A_condition_specific_oracle,0.16627703033926675
1,0.05863510072231293,2.2201478481292725,2.429858083021827,0,0,4,1,0,dirichlet_a0.1,43,sparse_coordinate_attack,norm,A_condition_specific_oracle,0.16627703033926675
2,0.05863510072231293,2.3040201663970947,2.64057809591759,1,1,3,1,0,dirichlet_a0.1,43,sparse_coordinate_attack,norm,A_condition_specific_oracle,0.16627703033926675
3,0.05863510072231293,2.3040201663970947,2.378935243934393,1,1,4,0,0,dirichlet_a0.1,43,sparse_coordinate_attack,norm,A_condition_specific_oracle,0.16627703033926675
4,0.05863510072231293,2.3040201663970947,2.4819884980097413,1,1,4,0,0,dirichlet_a0.1,43,sparse_coordinate_attack,norm,A_condition_specific_oracle,0.16627703033926675
5,0.05863510072231293,2.3040201663970947,2.5329593690112233,1,1,4,0,0,dirichlet_a0.1,43,sparse_coordinate_attack,norm,A_condition_specific_oracle,0.16627703033926675
0,0.08245125412940979,2.1877028942108154,2.5396626819856465,0,0,5,0,0,dirichlet_a0.1,43,sparse_coordinate_attack,norm,B_iid_transfer_frozen,0.012898845250272921
1,0.08245125412940979,2.1877028942108154,2.370822840020992,0,0,5,0,0,dirichlet_a0.1,43,sparse_coordinate_attack,norm,B_iid_transfer_frozen,0.012898845250272921
2,0.08245125412940979,2.1877028942108154,2.506359219085425,1,1,4,0,0,dirichlet_a0.1,43,sparse_coordinate_attack,norm,B_iid_transfer_frozen,0.012898845250272921
3,0.08245125412940979,2.1877028942108154,2.570030817994848,1,1,4,0,0,dirichlet_a0.1,43,sparse_coordinate_attack,norm,B_iid_transfer_frozen,0.012898845250272921
4,0.08245125412940979,2.1877028942108154,2.575060448027216,1,1,4,0,0,dirichlet_a0.1,43,sparse_coordinate_attack,norm,B_iid_transfer_frozen,0.012898845250272921
5,0.08245125412940979,2.1877028942108154,2.6160214490955696,1,1,4,0,0,dirichlet_a0.1,43,sparse_coordinate_attack,norm,B_iid_transfer_frozen,0.012898845250272921
0,0.05863510072231293,2.192843437194824,3.0083599779754877,0,0,0,5,0,dirichlet_a0.1,43,sparse_coordinate_attack,cosine,A_condition_specific_oracle,-0.5522555342690941
1,0.05863510072231293,2.3011927604675293,2.9494113149121404,0,0,0,5,0,dirichlet_a0.1,43,sparse_coordinate_attack,cosine,A_condition_specific_oracle,-0.5522555342690941
2,0.05863510072231293,2.9820101261138916,3.0055151568958536,1,0,1,3,1,dirichlet_a0.1,43,sparse_coordinate_attack,cosine,A_condition_specific_oracle,-0.5522555342690941
3,0.05863510072231293,5.094198226928711,3.0670710579724982,1,0,0,4,1,dirichlet_a0.1,43,sparse_coordinate_attack,cosine,A_condition_specific_oracle,-0.5522555342690941
4,0.05863510072231293,3.485062837600708,3.1369270670693368,1,0,0,4,1,dirichlet_a0.1,43,sparse_coordinate_attack,cosine,A_condition_specific_oracle,-0.5522555342690941
5,0.08356545865535736,5.581277370452881,3.1132168220356107,1,0,0,4,1,dirichlet_a0.1,43,sparse_coordinate_attack,cosine,A_condition_specific_oracle,-0.5522555342690941
0,0.08245125412940979,2.1877028942108154,3.0599731570109725,0,0,5,0,0,dirichlet_a0.1,43,sparse_coordinate_attack,cosine,B_iid_transfer_frozen,0.8690693731871779
1,0.08245125412940979,2.1877028942108154,2.989120361977257,0,0,5,0,0,dirichlet_a0.1,43,sparse_coordinate_attack,cosine,B_iid_transfer_frozen,0.8690693731871779
2,0.08245125412940979,2.1877028942108154,2.8862882250687107,1,1,4,0,0,dirichlet_a0.1,43,sparse_coordinate_attack,cosine,B_iid_transfer_frozen,0.8690693731871779
3,0.08245125412940979,2.1877028942108154,3.0175597890047356,1,1,4,0,0,dirichlet_a0.1,43,sparse_coordinate_attack,cosine,B_iid_transfer_frozen,0.8690693731871779
4,0.08245125412940979,2.1877028942108154,3.0391793210292235,1,1,4,0,0,dirichlet_a0.1,43,sparse_coordinate_attack,cosine,B_iid_transfer_frozen,0.8690693731871779
5,0.08245125412940979,2.1877028942108154,2.6097237879876047,1,1,4,0,0,dirichlet_a0.1,43,sparse_coordinate_attack,cosine,B_iid_transfer_frozen,0.8690693731871779
0,0.05863510072231293,2.1928634643554688,2.51781759201549,0,0,0,5,0,dirichlet_a0.1,43,sparse_coordinate_attack,sign_consensus,A_condition_specific_oracle,0.3693225415212495
1,0.05863510072231293,2.3093228340148926,2.4990220699692145,0,0,0,5,0,dirichlet_a0.1,43,sparse_coordinate_attack,sign_consensus,A_condition_specific_oracle,0.3693225415212495
2,0.05863510072231293,2.8508026599884033,2.499741396983154,1,1,0,4,0,dirichlet_a0.1,43,sparse_coordinate_attack,sign_consensus,A_condition_specific_oracle,0.3693225415212495
3,0.05863510072231293,2.9496889114379883,2.467655495973304,1,1,0,4,0,dirichlet_a0.1,43,sparse_coordinate_attack,sign_consensus,A_condition_specific_oracle,0.3693225415212495
4,0.05863510072231293,2.8918464183807373,2.4505914429901168,1,1,0,4,0,dirichlet_a0.1,43,sparse_coordinate_attack,sign_consensus,A_condition_specific_oracle,0.3693225415212495
5,0.05863510072231293,2.926281213760376,2.451913676923141,1,1,0,4,0,dirichlet_a0.1,43,sparse_coordinate_attack,sign_consensus,A_condition_specific_oracle,0.3693225415212495
0,0.05863510072231293,2.192859172821045,2.422696895082481,0,0,0,5,0,dirichlet_a0.1,43,sparse_coordinate_attack,sign_consensus,B_iid_transfer_frozen,0.5656118467693558
1,0.05863510072231293,2.6239237785339355,2.4089978539850563,0,0,1,4,0,dirichlet_a0.1,43,sparse_coordinate_attack,sign_consensus,B_iid_transfer_frozen,0.5656118467693558
2,0.05863510072231293,2.8972878456115723,2.413707540021278,1,1,0,4,0,dirichlet_a0.1,43,sparse_coordinate_attack,sign_consensus,B_iid_transfer_frozen,0.5656118467693558
3,0.05863510072231293,2.959822416305542,2.41931270994246,1,1,0,4,0,dirichlet_a0.1,43,sparse_coordinate_attack,sign_consensus,B_iid_transfer_frozen,0.5656118467693558
4,0.05863510072231293,2.905961751937866,2.434792658081278,1,1,0,4,0,dirichlet_a0.1,43,sparse_coordinate_attack,sign_consensus,B_iid_transfer_frozen,0.5656118467693558
5,0.05863510072231293,2.9294371604919434,2.483129477011971,1,1,0,4,0,dirichlet_a0.1,43,sparse_coordinate_attack,sign_consensus,B_iid_transfer_frozen,0.5656118467693558
0,0.05863510072231293,2.19047474861145,2.435956150991842,0,,,,,dirichlet_a0.1,43,sparse_coordinate_attack,median,not_applicable,
1,0.05863510072231293,2.432281494140625,2.4469881949480623,0,,,,,dirichlet_a0.1,43,sparse_coordinate_attack,median,not_applicable,
2,0.05863510072231293,2.9470133781433105,2.4277499470626935,1,,,,,dirichlet_a0.1,43,sparse_coordinate_attack,median,not_applicable,
3,0.05863510072231293,3.124469041824341,2.4105814089998603,1,,,,,dirichlet_a0.1,43,sparse_coordinate_attack,median,not_applicable,
4,0.05863510072231293,3.3051655292510986,2.4573435889324173,1,,,,,dirichlet_a0.1,43,sparse_coordinate_attack,median,not_applicable,
5,0.05863510072231293,3.3469040393829346,2.433334432076663,1,,,,,dirichlet_a0.1,43,sparse_coordinate_attack,median,not_applicable,
0,0.1863509863615036,2.146129608154297,2.4311911979457363,0,,,,,dirichlet_a0.1,43,sparse_coordinate_attack,multi_krum,not_applicable,
1,0.1863509863615036,2.286853075027466,2.419591388083063,0,,,,,dirichlet_a0.1,43,sparse_coordinate_attack,multi_krum,not_applicable,
2,0.05863510072231293,2.7983853816986084,2.4698677639244124,1,,,,,dirichlet_a0.1,43,sparse_coordinate_attack,multi_krum,not_applicable,
3,0.05863510072231293,2.914363384246826,2.6557990768924356,1,,,,,dirichlet_a0.1,43,sparse_coordinate_attack,multi_krum,not_applicable,
4,0.05863510072231293,2.883763551712036,2.553742634016089,1,,,,,dirichlet_a0.1,43,sparse_coordinate_attack,multi_krum,not_applicable,
5,0.05863510072231293,2.915541648864746,2.5170539300888777,1,,,,,dirichlet_a0.1,43,sparse_coordinate_attack,multi_krum,not_applicable,
0,0.09763231128454208,2.231545925140381,2.515511080971919,0,,,,,dirichlet_a0.1,44,no_attack,fedavg,not_applicable,
1,0.10320334881544113,2.3073511123657227,2.5353929749689996,0,,,,,dirichlet_a0.1,44,no_attack,fedavg,not_applicable,
2,0.10320334881544113,2.301017999649048,2.559710536035709,1,,,,,dirichlet_a0.1,44,no_attack,fedavg,not_applicable,
3,0.10320334881544113,2.3111703395843506,2.5642187040066347,1,,,,,dirichlet_a0.1,44,no_attack,fedavg,not_applicable,
4,0.10320334881544113,2.276233434677124,2.563012901926413,1,,,,,dirichlet_a0.1,44,no_attack,fedavg,not_applicable,
5,0.10320334881544113,2.2932448387145996,2.6396683970233425,1,,,,,dirichlet_a0.1,44,no_attack,fedavg,not_applicable,
0,0.08147632330656052,2.1977293491363525,2.533181778038852,0,0,5,0,0,dirichlet_a0.1,44,no_attack,norm,A_condition_specific_oracle,0.16627703033926675
1,0.08147632330656052,2.1977293491363525,2.512203466030769,0,0,5,0,0,dirichlet_a0.1,44,no_attack,norm,A_condition_specific_oracle,0.16627703033926675
2,0.08147632330656052,2.1977293491363525,2.495242321980186,1,1,4,0,0,dirichlet_a0.1,44,no_attack,norm,A_condition_specific_oracle,0.16627703033926675
3,0.08147632330656052,2.1977293491363525,2.4496649960055947,1,1,4,0,0,dirichlet_a0.1,44,no_attack,norm,A_condition_specific_oracle,0.16627703033926675
4,0.08147632330656052,2.1977293491363525,2.4680063979467377,1,1,4,0,0,dirichlet_a0.1,44,no_attack,norm,A_condition_specific_oracle,0.16627703033926675
5,0.08147632330656052,2.1977293491363525,2.5893440500367433,1,1,4,0,0,dirichlet_a0.1,44,no_attack,norm,A_condition_specific_oracle,0.16627703033926675
0,0.08147632330656052,2.1977293491363525,2.4799942680401728,0,0,5,0,0,dirichlet_a0.1,44,no_attack,norm,B_iid_transfer_frozen,0.012898845250272921
1,0.08147632330656052,2.1977293491363525,2.411399261909537,0,0,5,0,0,dirichlet_a0.1,44,no_attack,norm,B_iid_transfer_frozen,0.012898845250272921
2,0.08147632330656052,2.1977293491363525,2.386728698038496,1,1,4,0,0,dirichlet_a0.1,44,no_attack,norm,B_iid_transfer_frozen,0.012898845250272921
3,0.08147632330656052,2.1977293491363525,2.412668570992537,1,1,4,0,0,dirichlet_a0.1,44,no_attack,norm,B_iid_transfer_frozen,0.012898845250272921
4,0.08147632330656052,2.1977293491363525,2.4063971309224144,1,1,4,0,0,dirichlet_a0.1,44,no_attack,norm,B_iid_transfer_frozen,0.012898845250272921
5,0.08147632330656052,2.1977293491363525,2.400690648937598,1,1,4,0,0,dirichlet_a0.1,44,no_attack,norm,B_iid_transfer_frozen,0.012898845250272921
0,0.09832869470119476,2.231579065322876,2.745511866058223,0,0,0,5,0,dirichlet_a0.1,44,no_attack,cosine,A_condition_specific_oracle,-0.5522555342690941
1,0.10320334881544113,2.2980055809020996,2.7352707519894466,0,0,0,5,0,dirichlet_a0.1,44,no_attack,cosine,A_condition_specific_oracle,-0.5522555342690941
2,0.10320334881544113,2.299639940261841,2.7539913840591908,1,0,0,4,1,dirichlet_a0.1,44,no_attack,cosine,A_condition_specific_oracle,-0.5522555342690941
3,0.1717270165681839,2.330660343170166,2.7401222600601614,1,1,0,4,0,dirichlet_a0.1,44,no_attack,cosine,A_condition_specific_oracle,-0.5522555342690941
4,0.10320334881544113,2.2768449783325195,2.6766892849700525,1,0,0,4,1,dirichlet_a0.1,44,no_attack,cosine,A_condition_specific_oracle,-0.5522555342690941
5,0.10320334881544113,2.300189971923828,2.6992180440574884,1,0,0,4,1,dirichlet_a0.1,44,no_attack,cosine,A_condition_specific_oracle,-0.5522555342690941
0,0.08147632330656052,2.1977293491363525,2.691162999952212,0,0,5,0,0,dirichlet_a0.1,44,no_attack,cosine,B_iid_transfer_frozen,0.8690693731871779
1,0.08147632330656052,2.1977293491363525,2.710072575020604,0,0,5,0,0,dirichlet_a0.1,44,no_attack,cosine,B_iid_transfer_frozen,0.8690693731871779
2,0.08147632330656052,2.1977293491363525,2.704064090969041,1,1,4,0,0,dirichlet_a0.1,44,no_attack,cosine,B_iid_transfer_frozen,0.8690693731871779
3,0.08147632330656052,2.1977293491363525,2.7075205660657957,1,1,4,0,0,dirichlet_a0.1,44,no_attack,cosine,B_iid_transfer_frozen,0.8690693731871779
4,0.08147632330656052,2.1977293491363525,2.492556850076653,1,1,4,0,0,dirichlet_a0.1,44,no_attack,cosine,B_iid_transfer_frozen,0.8690693731871779
5,0.08147632330656052,2.1977293491363525,2.8009993659798056,1,1,4,0,0,dirichlet_a0.1,44,no_attack,cosine,B_iid_transfer_frozen,0.8690693731871779
0,0.09818942099809647,2.231595277786255,2.474299469962716,0,0,0,5,0,dirichlet_a0.1,44,no_attack,sign_consensus,A_condition_specific_oracle,0.3693225415212495
1,0.10320334881544113,2.30765700340271,2.488986511947587,0,0,0,5,0,dirichlet_a0.1,44,no_attack,sign_consensus,A_condition_specific_oracle,0.3693225415212495
2,0.10320334881544113,2.3015825748443604,2.526124913012609,1,0,0,4,1,dirichlet_a0.1,44,no_attack,sign_consensus,A_condition_specific_oracle,0.3693225415212495
3,0.10320334881544113,2.3100156784057617,2.513734361040406,1,0,0,4,1,dirichlet_a0.1,44,no_attack,sign_consensus,A_condition_specific_oracle,0.3693225415212495
4,0.10320334881544113,2.2772083282470703,2.5315261419164017,1,0,0,4,1,dirichlet_a0.1,44,no_attack,sign_consensus,A_condition_specific_oracle,0.3693225415212495
5,0.10320334881544113,2.2945449352264404,2.537852552952245,1,0,0,4,1,dirichlet_a0.1,44,no_attack,sign_consensus,A_condition_specific_oracle,0.3693225415212495
0,0.10320334881544113,2.2350285053253174,2.5303621999919415,0,0,1,4,0,dirichlet_a0.1,44,no_attack,sign_consensus,B_iid_transfer_frozen,0.5656118467693558
1,0.10320334881544113,2.439899206161499,2.5004776880377904,0,0,1,4,0,dirichlet_a0.1,44,no_attack,sign_consensus,B_iid_transfer_frozen,0.5656118467693558
2,0.182869091629982,2.270963430404663,2.516436003963463,1,1,1,3,0,dirichlet_a0.1,44,no_attack,sign_consensus,B_iid_transfer_frozen,0.5656118467693558
3,0.10320334881544113,2.3865137100219727,2.6075235590105876,1,0,1,3,1,dirichlet_a0.1,44,no_attack,sign_consensus,B_iid_transfer_frozen,0.5656118467693558
4,0.1715877503156662,2.2445473670959473,2.4845640909625217,1,1,1,3,0,dirichlet_a0.1,44,no_attack,sign_consensus,B_iid_transfer_frozen,0.5656118467693558
5,0.10320334881544113,2.3663463592529297,2.5232381359674037,1,0,1,3,1,dirichlet_a0.1,44,no_attack,sign_consensus,B_iid_transfer_frozen,0.5656118467693558
0,0.10320334881544113,2.230008840560913,2.4900763500481844,0,,,,,dirichlet_a0.1,44,no_attack,median,not_applicable,
1,0.10320334881544113,2.3545334339141846,2.677263414952904,0,,,,,dirichlet_a0.1,44,no_attack,median,not_applicable,
2,0.10320334881544113,2.4128644466400146,2.5226580530870706,1,,,,,dirichlet_a0.1,44,no_attack,median,not_applicable,
3,0.16323120892047882,2.4858667850494385,2.5484358369139954,1,,,,,dirichlet_a0.1,44,no_attack,median,not_applicable,
4,0.16601671278476715,2.4763612747192383,2.50072147406172,1,,,,,dirichlet_a0.1,44,no_attack,median,not_applicable,
5,0.1717270165681839,2.5299437046051025,2.5167827820405364,1,,,,,dirichlet_a0.1,44,no_attack,median,not_applicable,
0,0.10320334881544113,2.2721304893493652,2.536866359063424,0,,,,,dirichlet_a0.1,44,no_attack,multi_krum,not_applicable,
1,0.10320334881544113,2.5223183631896973,2.5146701079793274,0,,,,,dirichlet_a0.1,44,no_attack,multi_krum,not_applicable,
2,0.10320334881544113,2.5936405658721924,2.4718132469570264,1,,,,,dirichlet_a0.1,44,no_attack,multi_krum,not_applicable,
3,0.10334262251853943,2.649740695953369,2.544732474954799,1,,,,,dirichlet_a0.1,44,no_attack,multi_krum,not_applicable,
4,0.10320334881544113,2.613922119140625,2.5297003840096295,1,,,,,dirichlet_a0.1,44,no_attack,multi_krum,not_applicable,
5,0.10362116992473602,2.6111621856689453,2.5228955280035734,1,,,,,dirichlet_a0.1,44,no_attack,multi_krum,not_applicable,
0,0.09832869470119476,2.231553077697754,2.555994641967118,0,,,,,dirichlet_a0.1,44,large_norm,fedavg,not_applicable,
1,0.10320334881544113,2.3075366020202637,2.495318616973236,0,,,,,dirichlet_a0.1,44,large_norm,fedavg,not_applicable,
2,0.0632311999797821,54763656.0,2.5282928571105003,1,,,,,dirichlet_a0.1,44,large_norm,fedavg,not_applicable,
3,0.1863509863615036,nan,2.456746240030043,1,,,,,dirichlet_a0.1,44,large_norm,fedavg,not_applicable,
4,0.1863509863615036,nan,2.4182099930476397,1,,,,,dirichlet_a0.1,44,large_norm,fedavg,not_applicable,
5,0.1863509863615036,nan,2.4482527520740405,1,,,,,dirichlet_a0.1,44,large_norm,fedavg,not_applicable,
0,0.08147632330656052,2.1977293491363525,2.4244418368907645,0,0,5,0,0,dirichlet_a0.1,44,large_norm,norm,A_condition_specific_oracle,0.16627703033926675
1,0.08147632330656052,2.1977293491363525,2.423750270041637,0,0,5,0,0,dirichlet_a0.1,44,large_norm,norm,A_condition_specific_oracle,0.16627703033926675
2,0.08147632330656052,2.1977293491363525,2.439083078992553,1,1,4,0,0,dirichlet_a0.1,44,large_norm,norm,A_condition_specific_oracle,0.16627703033926675
3,0.08147632330656052,2.1977293491363525,2.4794448770117015,1,1,4,0,0,dirichlet_a0.1,44,large_norm,norm,A_condition_specific_oracle,0.16627703033926675
4,0.08147632330656052,2.1977293491363525,2.4638119409792125,1,1,4,0,0,dirichlet_a0.1,44,large_norm,norm,A_condition_specific_oracle,0.16627703033926675
5,0.08147632330656052,2.1977293491363525,2.5260053500533104,1,1,4,0,0,dirichlet_a0.1,44,large_norm,norm,A_condition_specific_oracle,0.16627703033926675
0,0.08147632330656052,2.1977293491363525,2.543997908011079,0,0,5,0,0,dirichlet_a0.1,44,large_norm,norm,B_iid_transfer_frozen,0.012898845250272921
1,0.08147632330656052,2.1977293491363525,2.527117790072225,0,0,5,0,0,dirichlet_a0.1,44,large_norm,norm,B_iid_transfer_frozen,0.012898845250272921
2,0.08147632330656052,2.1977293491363525,2.480021267896518,1,1,4,0,0,dirichlet_a0.1,44,large_norm,norm,B_iid_transfer_frozen,0.012898845250272921
3,0.08147632330656052,2.1977293491363525,2.493319476954639,1,1,4,0,0,dirichlet_a0.1,44,large_norm,norm,B_iid_transfer_frozen,0.012898845250272921
4,0.08147632330656052,2.1977293491363525,2.2908125929534435,1,1,4,0,0,dirichlet_a0.1,44,large_norm,norm,B_iid_transfer_frozen,0.012898845250272921
5,0.08147632330656052,2.1977293491363525,2.5148771660169587,1,1,4,0,0,dirichlet_a0.1,44,large_norm,norm,B_iid_transfer_frozen,0.012898845250272921
0,0.09916434437036514,2.23157000541687,2.8346343060256913,0,0,0,5,0,dirichlet_a0.1,44,large_norm,cosine,A_condition_specific_oracle,-0.5522555342690941
1,0.10320334881544113,2.297678232192993,2.940794690977782,0,0,0,5,0,dirichlet_a0.1,44,large_norm,cosine,A_condition_specific_oracle,-0.5522555342690941
2,0.10320334881544113,115765216.0,2.985868089948781,1,0,0,4,1,dirichlet_a0.1,44,large_norm,cosine,A_condition_specific_oracle,-0.5522555342690941
3,0.10320334881544113,115765216.0,3.0579295289935544,1,1,4,0,0,dirichlet_a0.1,44,large_norm,cosine,A_condition_specific_oracle,-0.5522555342690941
4,0.10320334881544113,115765216.0,3.014490062952973,1,1,4,0,0,dirichlet_a0.1,44,large_norm,cosine,A_condition_specific_oracle,-0.5522555342690941
5,0.10320334881544113,115765216.0,2.9602116910973564,1,1,4,0,0,dirichlet_a0.1,44,large_norm,cosine,A_condition_specific_oracle,-0.5522555342690941
0,0.08147632330656052,2.1977293491363525,2.990915676113218,0,0,5,0,0,dirichlet_a0.1,44,large_norm,cosine,B_iid_transfer_frozen,0.8690693731871779
1,0.08147632330656052,2.1977293491363525,3.0455635900143534,0,0,5,0,0,dirichlet_a0.1,44,large_norm,cosine,B_iid_transfer_frozen,0.8690693731871779
2,0.08147632330656052,2.1977293491363525,3.0688079649116844,1,1,4,0,0,dirichlet_a0.1,44,large_norm,cosine,B_iid_transfer_frozen,0.8690693731871779
3,0.08147632330656052,2.1977293491363525,3.029693554970436,1,1,4,0,0,dirichlet_a0.1,44,large_norm,cosine,B_iid_transfer_frozen,0.8690693731871779
4,0.08147632330656052,2.1977293491363525,2.909925326006487,1,1,4,0,0,dirichlet_a0.1,44,large_norm,cosine,B_iid_transfer_frozen,0.8690693731871779
5,0.08147632330656052,2.1977293491363525,3.063765640021302,1,1,4,0,0,dirichlet_a0.1,44,large_norm,cosine,B_iid_transfer_frozen,0.8690693731871779
0,0.09805013984441757,2.2317559719085693,2.6990283159539104,0,0,0,5,0,dirichlet_a0.1,44,large_norm,sign_consensus,A_condition_specific_oracle,0.3693225415212495
1,0.10320334881544113,2.30789852142334,2.646682930062525,0,0,0,5,0,dirichlet_a0.1,44,large_norm,sign_consensus,A_condition_specific_oracle,0.3693225415212495
2,0.0632311999797821,419468160.0,2.6657173699932173,1,0,2,2,1,dirichlet_a0.1,44,large_norm,sign_consensus,A_condition_specific_oracle,0.3693225415212495
3,0.0632311999797821,419468160.0,2.547695112065412,1,1,4,0,0,dirichlet_a0.1,44,large_norm,sign_consensus,A_condition_specific_oracle,0.3693225415212495
4,0.0632311999797821,419468160.0,2.584643319947645,1,1,4,0,0,dirichlet_a0.1,44,large_norm,sign_consensus,A_condition_specific_oracle,0.3693225415212495
5,0.0632311999797821,419468160.0,2.6235279720276594,1,1,4,0,0,dirichlet_a0.1,44,large_norm,sign_consensus,A_condition_specific_oracle,0.3693225415212495
0,0.10320334881544113,2.2350759506225586,2.5498674360569566,0,0,1,4,0,dirichlet_a0.1,44,large_norm,sign_consensus,B_iid_transfer_frozen,0.5656118467693558
1,0.10320334881544113,2.442849636077881,2.5668367450125515,0,0,1,4,0,dirichlet_a0.1,44,large_norm,sign_consensus,B_iid_transfer_frozen,0.5656118467693558
2,0.0633704736828804,33764599808.0,2.4082479879725724,1,0,4,0,1,dirichlet_a0.1,44,large_norm,sign_consensus,B_iid_transfer_frozen,0.5656118467693558
3,0.0633704736828804,33764599808.0,2.4376245059538633,1,1,4,0,0,dirichlet_a0.1,44,large_norm,sign_consensus,B_iid_transfer_frozen,0.5656118467693558
4,0.0633704736828804,33764599808.0,2.4262744979932904,1,1,4,0,0,dirichlet_a0.1,44,large_norm,sign_consensus,B_iid_transfer_frozen,0.5656118467693558
5,0.0633704736828804,33764599808.0,2.413496498018503,1,1,4,0,0,dirichlet_a0.1,44,large_norm,sign_consensus,B_iid_transfer_frozen,0.5656118467693558
0,0.10320334881544113,2.2300608158111572,2.413456833921373,0,,,,,dirichlet_a0.1,44,large_norm,median,not_applicable,
1,0.10320334881544113,2.354088068008423,2.473818856989965,0,,,,,dirichlet_a0.1,44,large_norm,median,not_applicable,
2,0.1717270165681839,2.4534084796905518,2.468407499953173,1,,,,,dirichlet_a0.1,44,large_norm,median,not_applicable,
3,0.1717270165681839,2.607093334197998,2.4301367729203776,1,,,,,dirichlet_a0.1,44,large_norm,median,not_applicable,
4,0.1717270165681839,2.572517156600952,2.4614136550808325,1,,,,,dirichlet_a0.1,44,large_norm,median,not_applicable,
5,0.1717270165681839,2.505401849746704,2.436431273003109,1,,,,,dirichlet_a0.1,44,large_norm,median,not_applicable,
0,0.10320334881544113,2.272199869155884,2.4088491320144385,0,,,,,dirichlet_a0.1,44,large_norm,multi_krum,not_applicable,
1,0.10320334881544113,2.5217742919921875,2.431137665058486,0,,,,,dirichlet_a0.1,44,large_norm,multi_krum,not_applicable,
2,0.1717270165681839,2.3492836952209473,2.5002610801020637,1,,,,,dirichlet_a0.1,44,large_norm,multi_krum,not_applicable,
3,0.1717270165681839,2.340456247329712,2.48509320395533,1,,,,,dirichlet_a0.1,44,large_norm,multi_krum,not_applicable,
4,0.1717270165681839,2.3272833824157715,2.4631464489502832,1,,,,,dirichlet_a0.1,44,large_norm,multi_krum,not_applicable,
5,0.1717270165681839,2.2676820755004883,2.451184489997104,1,,,,,dirichlet_a0.1,44,large_norm,multi_krum,not_applicable,
0,0.09791086614131927,2.231688976287842,2.4432914740173146,0,,,,,dirichlet_a0.1,44,low_norm,fedavg,not_applicable,
1,0.10320334881544113,2.307727575302124,2.4354301779530942,0,,,,,dirichlet_a0.1,44,low_norm,fedavg,not_applicable,
2,0.16949860751628876,2.253101110458374,2.449273747042753,1,,,,,dirichlet_a0.1,44,low_norm,fedavg,not_applicable,
3,0.1717270165681839,2.318215847015381,2.4558724160306156,1,,,,,dirichlet_a0.1,44,low_norm,fedavg,not_applicable,
4,0.1717270165681839,2.2733685970306396,2.427940459921956,1,,,,,dirichlet_a0.1,44,low_norm,fedavg,not_applicable,
5,0.1717270165681839,2.3234059810638428,2.4207015020074323,1,,,,,dirichlet_a0.1,44,low_norm,fedavg,not_applicable,
0,0.08147632330656052,2.1977293491363525,2.423541703959927,0,0,5,0,0,dirichlet_a0.1,44,low_norm,norm,A_condition_specific_oracle,0.16627703033926675
1,0.08147632330656052,2.1977293491363525,2.411268856958486,0,0,5,0,0,dirichlet_a0.1,44,low_norm,norm,A_condition_specific_oracle,0.16627703033926675
2,0.0860724225640297,2.198136568069458,2.424546313006431,1,0,4,0,1,dirichlet_a0.1,44,low_norm,norm,A_condition_specific_oracle,0.16627703033926675
3,0.08802228420972824,2.1985785961151123,2.176825760048814,1,0,4,0,1,dirichlet_a0.1,44,low_norm,norm,A_condition_specific_oracle,0.16627703033926675
4,0.08830083906650543,2.1990504264831543,2.4353210689732805,1,0,4,0,1,dirichlet_a0.1,44,low_norm,norm,A_condition_specific_oracle,0.16627703033926675
5,0.08830083906650543,2.1995599269866943,2.4285067330347374,1,0,4,0,1,dirichlet_a0.1,44,low_norm,norm,A_condition_specific_oracle,0.16627703033926675
0,0.08147632330656052,2.1977293491363525,2.4575524399988353,0,0,5,0,0,dirichlet_a0.1,44,low_norm,norm,B_iid_transfer_frozen,0.012898845250272921
1,0.08147632330656052,2.1977293491363525,2.494488978991285,0,0,5,0,0,dirichlet_a0.1,44,low_norm,norm,B_iid_transfer_frozen,0.012898845250272921
2,0.0860724225640297,2.198136568069458,2.4509744909591973,1,0,4,0,1,dirichlet_a0.1,44,low_norm,norm,B_iid_transfer_frozen,0.012898845250272921
3,0.08802228420972824,2.1985785961151123,2.5836998170707375,1,0,4,0,1,dirichlet_a0.1,44,low_norm,norm,B_iid_transfer_frozen,0.012898845250272921
4,0.08830083906650543,2.1990504264831543,2.4402909770142287,1,0,4,0,1,dirichlet_a0.1,44,low_norm,norm,B_iid_transfer_frozen,0.012898845250272921
5,0.08830083906650543,2.1995599269866943,2.4326329570030794,1,0,4,0,1,dirichlet_a0.1,44,low_norm,norm,B_iid_transfer_frozen,0.012898845250272921
0,0.09818942099809647,2.2315962314605713,2.721291827969253,0,0,0,5,0,dirichlet_a0.1,44,low_norm,cosine,A_condition_specific_oracle,-0.5522555342690941
1,0.10320334881544113,2.298110008239746,2.8028147419681773,0,0,0,5,0,dirichlet_a0.1,44,low_norm,cosine,A_condition_specific_oracle,-0.5522555342690941
2,0.1717270165681839,2.2647879123687744,2.817824583966285,1,0,0,4,1,dirichlet_a0.1,44,low_norm,cosine,A_condition_specific_oracle,-0.5522555342690941
3,0.1717270165681839,2.3138833045959473,2.7908783319871873,1,0,0,4,1,dirichlet_a0.1,44,low_norm,cosine,A_condition_specific_oracle,-0.5522555342690941
4,0.1717270165681839,2.2823326587677,2.7076736059971154,1,0,0,4,1,dirichlet_a0.1,44,low_norm,cosine,A_condition_specific_oracle,-0.5522555342690941
5,0.1717270165681839,2.3085649013519287,2.6504898599814624,1,0,0,4,1,dirichlet_a0.1,44,low_norm,cosine,A_condition_specific_oracle,-0.5522555342690941
0,0.08147632330656052,2.1977293491363525,2.7602282209554687,0,0,5,0,0,dirichlet_a0.1,44,low_norm,cosine,B_iid_transfer_frozen,0.8690693731871779
1,0.08147632330656052,2.1977293491363525,2.786070288042538,0,0,5,0,0,dirichlet_a0.1,44,low_norm,cosine,B_iid_transfer_frozen,0.8690693731871779
2,0.08147632330656052,2.1977293491363525,2.762808900908567,1,1,4,0,0,dirichlet_a0.1,44,low_norm,cosine,B_iid_transfer_frozen,0.8690693731871779
3,0.08147632330656052,2.1977293491363525,2.785271020955406,1,1,4,0,0,dirichlet_a0.1,44,low_norm,cosine,B_iid_transfer_frozen,0.8690693731871779
4,0.08147632330656052,2.1977293491363525,2.513465193915181,1,1,4,0,0,dirichlet_a0.1,44,low_norm,cosine,B_iid_transfer_frozen,0.8690693731871779
5,0.08147632330656052,2.1977293491363525,2.4978495419491082,1,1,4,0,0,dirichlet_a0.1,44,low_norm,cosine,B_iid_transfer_frozen,0.8690693731871779
0,0.09860724210739136,2.2315940856933594,2.4831640319898725,0,0,0,5,0,dirichlet_a0.1,44,low_norm,sign_consensus,A_condition_specific_oracle,0.3693225415212495
1,0.10320334881544113,2.307328224182129,2.5457377459388226,0,0,0,5,0,dirichlet_a0.1,44,low_norm,sign_consensus,A_condition_specific_oracle,0.3693225415212495
2,0.16949860751628876,2.253493070602417,2.429540696903132,1,0,0,4,1,dirichlet_a0.1,44,low_norm,sign_consensus,A_condition_specific_oracle,0.3693225415212495
3,0.1717270165681839,2.318071126937866,2.4909014989389107,1,0,0,4,1,dirichlet_a0.1,44,low_norm,sign_consensus,A_condition_specific_oracle,0.3693225415212495
4,0.1717270165681839,2.2735190391540527,2.454789485083893,1,0,0,4,1,dirichlet_a0.1,44,low_norm,sign_consensus,A_condition_specific_oracle,0.3693225415212495
5,0.1717270165681839,2.324070692062378,2.4724146630614996,1,0,0,4,1,dirichlet_a0.1,44,low_norm,sign_consensus,A_condition_specific_oracle,0.3693225415212495
0,0.10320334881544113,2.2350614070892334,2.5478962489869446,0,0,1,4,0,dirichlet_a0.1,44,low_norm,sign_consensus,B_iid_transfer_frozen,0.5656118467693558
1,0.10320334881544113,2.4427738189697266,2.544865931966342,0,0,1,4,0,dirichlet_a0.1,44,low_norm,sign_consensus,B_iid_transfer_frozen,0.5656118467693558
2,0.19164346158504486,2.269667625427246,2.596811188966967,1,1,1,3,0,dirichlet_a0.1,44,low_norm,sign_consensus,B_iid_transfer_frozen,0.5656118467693558
3,0.2569637894630432,2.2726237773895264,2.651376179070212,1,0,1,3,1,dirichlet_a0.1,44,low_norm,sign_consensus,B_iid_transfer_frozen,0.5656118467693558
4,0.11824512481689453,2.4302217960357666,2.7105523279169574,1,0,2,2,1,dirichlet_a0.1,44,low_norm,sign_consensus,B_iid_transfer_frozen,0.5656118467693558
5,0.1717270165681839,2.5431113243103027,2.6696608959464356,1,0,1,3,1,dirichlet_a0.1,44,low_norm,sign_consensus,B_iid_transfer_frozen,0.5656118467693558
0,0.10320334881544113,2.2300057411193848,2.759629818960093,0,,,,,dirichlet_a0.1,44,low_norm,median,not_applicable,
1,0.10320334881544113,2.3541598320007324,2.6158076119609177,0,,,,,dirichlet_a0.1,44,low_norm,median,not_applicable,
2,0.11100278794765472,2.348989725112915,2.609492365969345,1,,,,,dirichlet_a0.1,44,low_norm,median,not_applicable,
3,0.1717270165681839,2.4726736545562744,2.6523659740341827,1,,,,,dirichlet_a0.1,44,low_norm,median,not_applicable,
4,0.1717270165681839,2.5092391967773438,2.6328108849702403,1,,,,,dirichlet_a0.1,44,low_norm,median,not_applicable,
5,0.1717270165681839,2.5730888843536377,2.665308100054972,1,,,,,dirichlet_a0.1,44,low_norm,median,not_applicable,
0,0.10320334881544113,2.272190570831299,2.746612259070389,0,,,,,dirichlet_a0.1,44,low_norm,multi_krum,not_applicable,
1,0.10320334881544113,2.521676540374756,2.731139385025017,0,,,,,dirichlet_a0.1,44,low_norm,multi_krum,not_applicable,
2,0.1717270165681839,2.6144983768463135,2.60002406896092,1,,,,,dirichlet_a0.1,44,low_norm,multi_krum,not_applicable,
3,0.1717270165681839,2.8023359775543213,2.542303566937335,1,,,,,dirichlet_a0.1,44,low_norm,multi_krum,not_applicable,
4,0.1717270165681839,2.7826547622680664,2.8432689419714734,1,,,,,dirichlet_a0.1,44,low_norm,multi_krum,not_applicable,
5,0.1717270165681839,2.8451361656188965,2.663296894985251,1,,,,,dirichlet_a0.1,44,low_norm,multi_krum,not_applicable,
0,0.09902507066726685,2.231658458709717,2.590628555044532,0,,,,,dirichlet_a0.1,44,full_sign_flip,fedavg,not_applicable,
1,0.10320334881544113,2.3073129653930664,2.472609670017846,0,,,,,dirichlet_a0.1,44,full_sign_flip,fedavg,not_applicable,
2,0.1717270165681839,2.3090131282806396,2.5638859220780432,1,,,,,dirichlet_a0.1,44,full_sign_flip,fedavg,not_applicable,
3,0.1717270165681839,2.548717737197876,2.5618672319687903,1,,,,,dirichlet_a0.1,44,full_sign_flip,fedavg,not_applicable,
4,0.1717270165681839,2.6213085651397705,2.6359642880270258,1,,,,,dirichlet_a0.1,44,full_sign_flip,fedavg,not_applicable,
5,0.1717270165681839,2.7669432163238525,2.563964814064093,1,,,,,dirichlet_a0.1,44,full_sign_flip,fedavg,not_applicable,
0,0.08147632330656052,2.1977293491363525,2.513593237963505,0,0,5,0,0,dirichlet_a0.1,44,full_sign_flip,norm,A_condition_specific_oracle,0.16627703033926675
1,0.08147632330656052,2.1977293491363525,2.5306285599945113,0,0,5,0,0,dirichlet_a0.1,44,full_sign_flip,norm,A_condition_specific_oracle,0.16627703033926675
2,0.08147632330656052,2.1977293491363525,2.4824164781020954,1,1,4,0,0,dirichlet_a0.1,44,full_sign_flip,norm,A_condition_specific_oracle,0.16627703033926675
3,0.08147632330656052,2.1977293491363525,2.5582964710192755,1,1,4,0,0,dirichlet_a0.1,44,full_sign_flip,norm,A_condition_specific_oracle,0.16627703033926675
4,0.08147632330656052,2.1977293491363525,2.6322242930764332,1,1,4,0,0,dirichlet_a0.1,44,full_sign_flip,norm,A_condition_specific_oracle,0.16627703033926675
5,0.08147632330656052,2.1977293491363525,2.6462990739382803,1,1,4,0,0,dirichlet_a0.1,44,full_sign_flip,norm,A_condition_specific_oracle,0.16627703033926675
0,0.08147632330656052,2.1977293491363525,2.6415531809907407,0,0,5,0,0,dirichlet_a0.1,44,full_sign_flip,norm,B_iid_transfer_frozen,0.012898845250272921
1,0.08147632330656052,2.1977293491363525,2.501313786022365,0,0,5,0,0,dirichlet_a0.1,44,full_sign_flip,norm,B_iid_transfer_frozen,0.012898845250272921
2,0.08147632330656052,2.1977293491363525,2.5535685860086232,1,1,4,0,0,dirichlet_a0.1,44,full_sign_flip,norm,B_iid_transfer_frozen,0.012898845250272921
3,0.08147632330656052,2.1977293491363525,2.5849670791067183,1,1,4,0,0,dirichlet_a0.1,44,full_sign_flip,norm,B_iid_transfer_frozen,0.012898845250272921
4,0.08147632330656052,2.1977293491363525,2.526768294046633,1,1,4,0,0,dirichlet_a0.1,44,full_sign_flip,norm,B_iid_transfer_frozen,0.012898845250272921
5,0.08147632330656052,2.1977293491363525,2.5322148570558056,1,1,4,0,0,dirichlet_a0.1,44,full_sign_flip,norm,B_iid_transfer_frozen,0.012898845250272921
0,0.09818942099809647,2.231619358062744,2.743411996983923,0,0,0,5,0,dirichlet_a0.1,44,full_sign_flip,cosine,A_condition_specific_oracle,-0.5522555342690941
1,0.10320334881544113,2.2977209091186523,2.7320973260793835,0,0,0,5,0,dirichlet_a0.1,44,full_sign_flip,cosine,A_condition_specific_oracle,-0.5522555342690941
2,0.1717270165681839,2.3278768062591553,2.8399878430645913,1,0,0,4,1,dirichlet_a0.1,44,full_sign_flip,cosine,A_condition_specific_oracle,-0.5522555342690941
3,0.1717270165681839,2.5395586490631104,2.822930716909468,1,0,0,4,1,dirichlet_a0.1,44,full_sign_flip,cosine,A_condition_specific_oracle,-0.5522555342690941
4,0.1717270165681839,2.300588369369507,2.7775372229516506,1,1,0,4,0,dirichlet_a0.1,44,full_sign_flip,cosine,A_condition_specific_oracle,-0.5522555342690941
5,0.1717270165681839,2.5139706134796143,2.773941225023009,1,0,0,4,1,dirichlet_a0.1,44,full_sign_flip,cosine,A_condition_specific_oracle,-0.5522555342690941
0,0.08147632330656052,2.1977293491363525,2.741817506030202,0,0,5,0,0,dirichlet_a0.1,44,full_sign_flip,cosine,B_iid_transfer_frozen,0.8690693731871779
1,0.08147632330656052,2.1977293491363525,2.737368113012053,0,0,5,0,0,dirichlet_a0.1,44,full_sign_flip,cosine,B_iid_transfer_frozen,0.8690693731871779
2,0.08147632330656052,2.1977293491363525,2.8868470860179514,1,1,4,0,0,dirichlet_a0.1,44,full_sign_flip,cosine,B_iid_transfer_frozen,0.8690693731871779
3,0.08147632330656052,2.1977293491363525,2.82783011905849,1,1,4,0,0,dirichlet_a0.1,44,full_sign_flip,cosine,B_iid_transfer_frozen,0.8690693731871779
4,0.08147632330656052,2.1977293491363525,2.782733717933297,1,1,4,0,0,dirichlet_a0.1,44,full_sign_flip,cosine,B_iid_transfer_frozen,0.8690693731871779
5,0.08147632330656052,2.1977293491363525,2.719018750009127,1,1,4,0,0,dirichlet_a0.1,44,full_sign_flip,cosine,B_iid_transfer_frozen,0.8690693731871779
0,0.09832869470119476,2.231553316116333,2.458006832981482,0,0,0,5,0,dirichlet_a0.1,44,full_sign_flip,sign_consensus,A_condition_specific_oracle,0.3693225415212495
1,0.10320334881544113,2.3082945346832275,2.516892632935196,0,0,0,5,0,dirichlet_a0.1,44,full_sign_flip,sign_consensus,A_condition_specific_oracle,0.3693225415212495
2,0.1717270165681839,2.3079166412353516,2.5055231070145965,1,0,0,4,1,dirichlet_a0.1,44,full_sign_flip,sign_consensus,A_condition_specific_oracle,0.3693225415212495
3,0.1717270165681839,2.548368453979492,2.4478926740121096,1,0,0,4,1,dirichlet_a0.1,44,full_sign_flip,sign_consensus,A_condition_specific_oracle,0.3693225415212495
4,0.1717270165681839,2.6199605464935303,2.4225993590662256,1,0,0,4,1,dirichlet_a0.1,44,full_sign_flip,sign_consensus,A_condition_specific_oracle,0.3693225415212495
5,0.1717270165681839,2.7652859687805176,2.6744545890251175,1,0,0,4,1,dirichlet_a0.1,44,full_sign_flip,sign_consensus,A_condition_specific_oracle,0.3693225415212495
0,0.10320334881544113,2.2351019382476807,2.5957872780272737,0,0,1,4,0,dirichlet_a0.1,44,full_sign_flip,sign_consensus,B_iid_transfer_frozen,0.5656118467693558
1,0.10320334881544113,2.439849376678467,2.555632986011915,0,0,1,4,0,dirichlet_a0.1,44,full_sign_flip,sign_consensus,B_iid_transfer_frozen,0.5656118467693558
2,0.1717270165681839,2.4165682792663574,2.32678242190741,1,0,2,2,1,dirichlet_a0.1,44,full_sign_flip,sign_consensus,B_iid_transfer_frozen,0.5656118467693558
3,0.11796657741069794,2.6685056686401367,2.27407743409276,1,1,2,2,0,dirichlet_a0.1,44,full_sign_flip,sign_consensus,B_iid_transfer_frozen,0.5656118467693558
4,0.1717270165681839,2.7596230506896973,2.36822918697726,1,1,2,2,0,dirichlet_a0.1,44,full_sign_flip,sign_consensus,B_iid_transfer_frozen,0.5656118467693558
5,0.11796657741069794,2.5049476623535156,2.3436344569781795,1,1,2,2,0,dirichlet_a0.1,44,full_sign_flip,sign_consensus,B_iid_transfer_frozen,0.5656118467693558
0,0.10320334881544113,2.230064630508423,2.5007330449298024,0,,,,,dirichlet_a0.1,44,full_sign_flip,median,not_applicable,
1,0.10320334881544113,2.3546102046966553,2.4897814739961177,0,,,,,dirichlet_a0.1,44,full_sign_flip,median,not_applicable,
2,0.1717270165681839,2.4999771118164062,2.449954614043236,1,,,,,dirichlet_a0.1,44,full_sign_flip,median,not_applicable,
3,0.1717270165681839,3.005113124847412,2.4514382479246706,1,,,,,dirichlet_a0.1,44,full_sign_flip,median,not_applicable,
4,0.1717270165681839,2.9887189865112305,2.446900981012732,1,,,,,dirichlet_a0.1,44,full_sign_flip,median,not_applicable,
5,0.1717270165681839,3.2030627727508545,2.3348294739844278,1,,,,,dirichlet_a0.1,44,full_sign_flip,median,not_applicable,
0,0.10320334881544113,2.272259473800659,2.371792495949194,0,,,,,dirichlet_a0.1,44,full_sign_flip,multi_krum,not_applicable,
1,0.10320334881544113,2.521955728530884,2.4545006459811702,0,,,,,dirichlet_a0.1,44,full_sign_flip,multi_krum,not_applicable,
2,0.1717270165681839,2.7690589427948,2.457987330039032,1,,,,,dirichlet_a0.1,44,full_sign_flip,multi_krum,not_applicable,
3,0.1717270165681839,3.3051764965057373,2.515161160961725,1,,,,,dirichlet_a0.1,44,full_sign_flip,multi_krum,not_applicable,
4,0.1717270165681839,3.5858540534973145,2.4660405329195783,1,,,,,dirichlet_a0.1,44,full_sign_flip,multi_krum,not_applicable,
5,0.1717270165681839,3.9556162357330322,2.456280322978273,1,,,,,dirichlet_a0.1,44,full_sign_flip,multi_krum,not_applicable,
0,0.09818942099809647,2.2315802574157715,2.4594491160241887,0,,,,,dirichlet_a0.1,44,directional_poisoning,fedavg,not_applicable,
1,0.10320334881544113,2.307555675506592,2.4421831370564178,0,,,,,dirichlet_a0.1,44,directional_poisoning,fedavg,not_applicable,
2,0.1717270165681839,2.308529853820801,2.4209200309123844,1,,,,,dirichlet_a0.1,44,directional_poisoning,fedavg,not_applicable,
3,0.1717270165681839,2.549534797668457,2.1980834460118786,1,,,,,dirichlet_a0.1,44,directional_poisoning,fedavg,not_applicable,
4,0.1717270165681839,2.6202337741851807,2.3384466520510614,1,,,,,dirichlet_a0.1,44,directional_poisoning,fedavg,not_applicable,
5,0.1717270165681839,2.7659292221069336,2.410480189952068,1,,,,,dirichlet_a0.1,44,directional_poisoning,fedavg,not_applicable,
0,0.08147632330656052,2.1977293491363525,2.408710104995407,0,0,5,0,0,dirichlet_a0.1,44,directional_poisoning,norm,A_condition_specific_oracle,0.16627703033926675
1,0.08147632330656052,2.1977293491363525,2.370164796942845,0,0,5,0,0,dirichlet_a0.1,44,directional_poisoning,norm,A_condition_specific_oracle,0.16627703033926675
2,0.08147632330656052,2.1977293491363525,2.49171486904379,1,1,4,0,0,dirichlet_a0.1,44,directional_poisoning,norm,A_condition_specific_oracle,0.16627703033926675
3,0.08147632330656052,2.1977293491363525,2.5150957779260352,1,1,4,0,0,dirichlet_a0.1,44,directional_poisoning,norm,A_condition_specific_oracle,0.16627703033926675
4,0.08147632330656052,2.1977293491363525,2.443474860978313,1,1,4,0,0,dirichlet_a0.1,44,directional_poisoning,norm,A_condition_specific_oracle,0.16627703033926675
5,0.08147632330656052,2.1977293491363525,2.4531376629602164,1,1,4,0,0,dirichlet_a0.1,44,directional_poisoning,norm,A_condition_specific_oracle,0.16627703033926675
0,0.08147632330656052,2.1977293491363525,2.538668873021379,0,0,5,0,0,dirichlet_a0.1,44,directional_poisoning,norm,B_iid_transfer_frozen,0.012898845250272921
1,0.08147632330656052,2.1977293491363525,2.443329802947119,0,0,5,0,0,dirichlet_a0.1,44,directional_poisoning,norm,B_iid_transfer_frozen,0.012898845250272921
2,0.08147632330656052,2.1977293491363525,2.47435425396543,1,1,4,0,0,dirichlet_a0.1,44,directional_poisoning,norm,B_iid_transfer_frozen,0.012898845250272921
3,0.08147632330656052,2.1977293491363525,2.4519755999790505,1,1,4,0,0,dirichlet_a0.1,44,directional_poisoning,norm,B_iid_transfer_frozen,0.012898845250272921
4,0.08147632330656052,2.1977293491363525,2.5248963870108128,1,1,4,0,0,dirichlet_a0.1,44,directional_poisoning,norm,B_iid_transfer_frozen,0.012898845250272921
5,0.08147632330656052,2.1977293491363525,2.4656530710635707,1,1,4,0,0,dirichlet_a0.1,44,directional_poisoning,norm,B_iid_transfer_frozen,0.012898845250272921
0,0.09749303758144379,2.231692314147949,2.6912876539863646,0,0,0,5,0,dirichlet_a0.1,44,directional_poisoning,cosine,A_condition_specific_oracle,-0.5522555342690941
1,0.10320334881544113,2.29774808883667,2.575406368006952,0,0,0,5,0,dirichlet_a0.1,44,directional_poisoning,cosine,A_condition_specific_oracle,-0.5522555342690941
2,0.1717270165681839,2.3279340267181396,2.7045860949438065,1,0,0,4,1,dirichlet_a0.1,44,directional_poisoning,cosine,A_condition_specific_oracle,-0.5522555342690941
3,0.1717270165681839,2.539614200592041,2.522997368942015,1,0,0,4,1,dirichlet_a0.1,44,directional_poisoning,cosine,A_condition_specific_oracle,-0.5522555342690941
4,0.1717270165681839,2.3003437519073486,2.690078853047453,1,1,0,4,0,dirichlet_a0.1,44,directional_poisoning,cosine,A_condition_specific_oracle,-0.5522555342690941
5,0.1717270165681839,2.5131192207336426,2.708686316967942,1,0,0,4,1,dirichlet_a0.1,44,directional_poisoning,cosine,A_condition_specific_oracle,-0.5522555342690941
0,0.08147632330656052,2.1977293491363525,2.7574026639340445,0,0,5,0,0,dirichlet_a0.1,44,directional_poisoning,cosine,B_iid_transfer_frozen,0.8690693731871779
1,0.08147632330656052,2.1977293491363525,2.7029593179468066,0,0,5,0,0,dirichlet_a0.1,44,directional_poisoning,cosine,B_iid_transfer_frozen,0.8690693731871779
2,0.08147632330656052,2.1977293491363525,2.7518804429564625,1,1,4,0,0,dirichlet_a0.1,44,directional_poisoning,cosine,B_iid_transfer_frozen,0.8690693731871779
3,0.08147632330656052,2.1977293491363525,2.765594730968587,1,1,4,0,0,dirichlet_a0.1,44,directional_poisoning,cosine,B_iid_transfer_frozen,0.8690693731871779
4,0.08147632330656052,2.1977293491363525,2.7322043989552185,1,1,4,0,0,dirichlet_a0.1,44,directional_poisoning,cosine,B_iid_transfer_frozen,0.8690693731871779
5,0.08147632330656052,2.1977293491363525,2.7884494429454207,1,1,4,0,0,dirichlet_a0.1,44,directional_poisoning,cosine,B_iid_transfer_frozen,0.8690693731871779
0,0.09874652326107025,2.2315948009490967,2.437612937996164,0,0,0,5,0,dirichlet_a0.1,44,directional_poisoning,sign_consensus,A_condition_specific_oracle,0.3693225415212495
1,0.10320334881544113,2.308065176010132,2.469018129981123,0,0,0,5,0,dirichlet_a0.1,44,directional_poisoning,sign_consensus,A_condition_specific_oracle,0.3693225415212495
2,0.1717270165681839,2.3091585636138916,2.4612585769500583,1,0,0,4,1,dirichlet_a0.1,44,directional_poisoning,sign_consensus,A_condition_specific_oracle,0.3693225415212495
3,0.1717270165681839,2.5489814281463623,2.458219827967696,1,0,0,4,1,dirichlet_a0.1,44,directional_poisoning,sign_consensus,A_condition_specific_oracle,0.3693225415212495
4,0.1717270165681839,2.6209545135498047,2.454396332032047,1,0,0,4,1,dirichlet_a0.1,44,directional_poisoning,sign_consensus,A_condition_specific_oracle,0.3693225415212495
5,0.1717270165681839,2.7677440643310547,2.4441778499167413,1,0,0,4,1,dirichlet_a0.1,44,directional_poisoning,sign_consensus,A_condition_specific_oracle,0.3693225415212495
0,0.10320334881544113,2.2350351810455322,2.4433314569760114,0,0,1,4,0,dirichlet_a0.1,44,directional_poisoning,sign_consensus,B_iid_transfer_frozen,0.5656118467693558
1,0.10320334881544113,2.4397125244140625,2.431087715900503,0,0,1,4,0,dirichlet_a0.1,44,directional_poisoning,sign_consensus,B_iid_transfer_frozen,0.5656118467693558
2,0.1717270165681839,2.4168508052825928,2.4524670150130987,1,0,2,2,1,dirichlet_a0.1,44,directional_poisoning,sign_consensus,B_iid_transfer_frozen,0.5656118467693558
3,0.11796657741069794,2.670715570449829,2.483020043000579,1,1,2,2,0,dirichlet_a0.1,44,directional_poisoning,sign_consensus,B_iid_transfer_frozen,0.5656118467693558
4,0.1717270165681839,2.762216091156006,2.5030919610289857,1,1,2,2,0,dirichlet_a0.1,44,directional_poisoning,sign_consensus,B_iid_transfer_frozen,0.5656118467693558
5,0.11796657741069794,2.5051488876342773,2.438958229031414,1,1,2,2,0,dirichlet_a0.1,44,directional_poisoning,sign_consensus,B_iid_transfer_frozen,0.5656118467693558
0,0.10320334881544113,2.2301175594329834,2.466683817910962,0,,,,,dirichlet_a0.1,44,directional_poisoning,median,not_applicable,
1,0.10320334881544113,2.3545000553131104,2.429733957978897,0,,,,,dirichlet_a0.1,44,directional_poisoning,median,not_applicable,
2,0.1717270165681839,2.5022974014282227,2.480499713914469,1,,,,,dirichlet_a0.1,44,directional_poisoning,median,not_applicable,
3,0.1717270165681839,3.008847236633301,2.3960192459635437,1,,,,,dirichlet_a0.1,44,directional_poisoning,median,not_applicable,
4,0.1717270165681839,2.9965178966522217,2.4495457279263064,1,,,,,dirichlet_a0.1,44,directional_poisoning,median,not_applicable,
5,0.1717270165681839,3.226309061050415,2.415848536998965,1,,,,,dirichlet_a0.1,44,directional_poisoning,median,not_applicable,
0,0.10320334881544113,2.272338390350342,2.398775882087648,0,,,,,dirichlet_a0.1,44,directional_poisoning,multi_krum,not_applicable,
1,0.10320334881544113,2.5218844413757324,2.537311458028853,0,,,,,dirichlet_a0.1,44,directional_poisoning,multi_krum,not_applicable,
2,0.1717270165681839,2.769473075866699,2.553742818068713,1,,,,,dirichlet_a0.1,44,directional_poisoning,multi_krum,not_applicable,
3,0.1717270165681839,3.3030524253845215,2.542956246063113,1,,,,,dirichlet_a0.1,44,directional_poisoning,multi_krum,not_applicable,
4,0.1717270165681839,3.5837674140930176,2.5026466050185263,1,,,,,dirichlet_a0.1,44,directional_poisoning,multi_krum,not_applicable,
5,0.1717270165681839,3.955122470855713,2.265525634982623,1,,,,,dirichlet_a0.1,44,directional_poisoning,multi_krum,not_applicable,
0,0.09763231128454208,2.2315831184387207,2.507464076974429,0,,,,,dirichlet_a0.1,44,sparse_coordinate_attack,fedavg,not_applicable,
1,0.10320334881544113,2.3080031871795654,2.460625381907448,0,,,,,dirichlet_a0.1,44,sparse_coordinate_attack,fedavg,not_applicable,
2,0.1717270165681839,2.433302402496338,2.4877791269682348,1,,,,,dirichlet_a0.1,44,sparse_coordinate_attack,fedavg,not_applicable,
3,0.10320334881544113,2.3908419609069824,2.429062181035988,1,,,,,dirichlet_a0.1,44,sparse_coordinate_attack,fedavg,not_applicable,
4,0.2615599036216736,2.1024911403656006,2.447633030009456,1,,,,,dirichlet_a0.1,44,sparse_coordinate_attack,fedavg,not_applicable,
5,0.10320334881544113,2.4561727046966553,2.518084060982801,1,,,,,dirichlet_a0.1,44,sparse_coordinate_attack,fedavg,not_applicable,
0,0.08147632330656052,2.1977293491363525,2.4846274049486965,0,0,5,0,0,dirichlet_a0.1,44,sparse_coordinate_attack,norm,A_condition_specific_oracle,0.16627703033926675
1,0.08147632330656052,2.1977293491363525,2.5332127140136436,0,0,5,0,0,dirichlet_a0.1,44,sparse_coordinate_attack,norm,A_condition_specific_oracle,0.16627703033926675
2,0.08147632330656052,2.1977293491363525,2.4815725289518014,1,1,4,0,0,dirichlet_a0.1,44,sparse_coordinate_attack,norm,A_condition_specific_oracle,0.16627703033926675
3,0.08147632330656052,2.1977293491363525,2.464358341996558,1,1,4,0,0,dirichlet_a0.1,44,sparse_coordinate_attack,norm,A_condition_specific_oracle,0.16627703033926675
4,0.08147632330656052,2.1977293491363525,2.436573944054544,1,1,4,0,0,dirichlet_a0.1,44,sparse_coordinate_attack,norm,A_condition_specific_oracle,0.16627703033926675
5,0.08147632330656052,2.1977293491363525,2.426538406056352,1,1,4,0,0,dirichlet_a0.1,44,sparse_coordinate_attack,norm,A_condition_specific_oracle,0.16627703033926675
0,0.08147632330656052,2.1977293491363525,2.422564681037329,0,0,5,0,0,dirichlet_a0.1,44,sparse_coordinate_attack,norm,B_iid_transfer_frozen,0.012898845250272921
1,0.08147632330656052,2.1977293491363525,2.4459548770682886,0,0,5,0,0,dirichlet_a0.1,44,sparse_coordinate_attack,norm,B_iid_transfer_frozen,0.012898845250272921
2,0.08147632330656052,2.1977293491363525,2.488803672022186,1,1,4,0,0,dirichlet_a0.1,44,sparse_coordinate_attack,norm,B_iid_transfer_frozen,0.012898845250272921
3,0.08147632330656052,2.1977293491363525,2.2764317939290777,1,1,4,0,0,dirichlet_a0.1,44,sparse_coordinate_attack,norm,B_iid_transfer_frozen,0.012898845250272921
4,0.08147632330656052,2.1977293491363525,2.5414109110133722,1,1,4,0,0,dirichlet_a0.1,44,sparse_coordinate_attack,norm,B_iid_transfer_frozen,0.012898845250272921
5,0.08147632330656052,2.1977293491363525,2.5031844910699874,1,1,4,0,0,dirichlet_a0.1,44,sparse_coordinate_attack,norm,B_iid_transfer_frozen,0.012898845250272921
0,0.09902507066726685,2.231637954711914,2.7085304689826444,0,0,0,5,0,dirichlet_a0.1,44,sparse_coordinate_attack,cosine,A_condition_specific_oracle,-0.5522555342690941
1,0.10320334881544113,2.297863721847534,2.734912989893928,0,0,0,5,0,dirichlet_a0.1,44,sparse_coordinate_attack,cosine,A_condition_specific_oracle,-0.5522555342690941
2,0.14415042102336884,2.5737290382385254,2.65162853396032,1,0,0,4,1,dirichlet_a0.1,44,sparse_coordinate_attack,cosine,A_condition_specific_oracle,-0.5522555342690941
3,0.05863510072231293,3.0873711109161377,2.6823017420247197,1,0,0,4,1,dirichlet_a0.1,44,sparse_coordinate_attack,cosine,A_condition_specific_oracle,-0.5522555342690941
4,0.11267409473657608,2.6120095252990723,2.7230228340486065,1,0,0,4,1,dirichlet_a0.1,44,sparse_coordinate_attack,cosine,A_condition_specific_oracle,-0.5522555342690941
5,0.17089137434959412,2.5107860565185547,2.723896826035343,1,0,0,4,1,dirichlet_a0.1,44,sparse_coordinate_attack,cosine,A_condition_specific_oracle,-0.5522555342690941
0,0.08147632330656052,2.1977293491363525,2.7903915339848027,0,0,5,0,0,dirichlet_a0.1,44,sparse_coordinate_attack,cosine,B_iid_transfer_frozen,0.8690693731871779
1,0.08147632330656052,2.1977293491363525,2.770477287005633,0,0,5,0,0,dirichlet_a0.1,44,sparse_coordinate_attack,cosine,B_iid_transfer_frozen,0.8690693731871779
2,0.08147632330656052,2.1977293491363525,2.798393029021099,1,1,4,0,0,dirichlet_a0.1,44,sparse_coordinate_attack,cosine,B_iid_transfer_frozen,0.8690693731871779
3,0.08147632330656052,2.1977293491363525,2.758796450914815,1,1,4,0,0,dirichlet_a0.1,44,sparse_coordinate_attack,cosine,B_iid_transfer_frozen,0.8690693731871779
4,0.08147632330656052,2.1977293491363525,2.751329463091679,1,1,4,0,0,dirichlet_a0.1,44,sparse_coordinate_attack,cosine,B_iid_transfer_frozen,0.8690693731871779
5,0.08147632330656052,2.1977293491363525,2.6967901659663767,1,1,4,0,0,dirichlet_a0.1,44,sparse_coordinate_attack,cosine,B_iid_transfer_frozen,0.8690693731871779
0,0.09832869470119476,2.231552839279175,2.452960774069652,0,0,0,5,0,dirichlet_a0.1,44,sparse_coordinate_attack,sign_consensus,A_condition_specific_oracle,0.3693225415212495
1,0.10320334881544113,2.306952953338623,2.4371466930024326,0,0,0,5,0,dirichlet_a0.1,44,sparse_coordinate_attack,sign_consensus,A_condition_specific_oracle,0.3693225415212495
2,0.1717270165681839,2.3254659175872803,2.4617381499847397,1,1,0,4,0,dirichlet_a0.1,44,sparse_coordinate_attack,sign_consensus,A_condition_specific_oracle,0.3693225415212495
3,0.1717270165681839,2.299722194671631,2.4478613620158285,1,1,0,4,0,dirichlet_a0.1,44,sparse_coordinate_attack,sign_consensus,A_condition_specific_oracle,0.3693225415212495
4,0.1717270165681839,2.246565341949463,2.4457872150233015,1,1,0,4,0,dirichlet_a0.1,44,sparse_coordinate_attack,sign_consensus,A_condition_specific_oracle,0.3693225415212495
5,0.1717270165681839,2.279536724090576,2.445013402029872,1,1,0,4,0,dirichlet_a0.1,44,sparse_coordinate_attack,sign_consensus,A_condition_specific_oracle,0.3693225415212495
0,0.10320334881544113,2.2350759506225586,2.4307154410053045,0,0,1,4,0,dirichlet_a0.1,44,sparse_coordinate_attack,sign_consensus,B_iid_transfer_frozen,0.5656118467693558
1,0.10320334881544113,2.442186117172241,2.449529842939228,0,0,1,4,0,dirichlet_a0.1,44,sparse_coordinate_attack,sign_consensus,B_iid_transfer_frozen,0.5656118467693558
2,0.053481895476579666,2.3467767238616943,2.4405283050145954,1,1,1,3,0,dirichlet_a0.1,44,sparse_coordinate_attack,sign_consensus,B_iid_transfer_frozen,0.5656118467693558
3,0.11796657741069794,2.8282837867736816,2.450725008966401,1,1,2,2,0,dirichlet_a0.1,44,sparse_coordinate_attack,sign_consensus,B_iid_transfer_frozen,0.5656118467693558
4,0.1717270165681839,2.6104252338409424,2.458258046070114,1,1,1,3,0,dirichlet_a0.1,44,sparse_coordinate_attack,sign_consensus,B_iid_transfer_frozen,0.5656118467693558
5,0.12841226160526276,2.4851882457733154,2.43809682992287,1,1,2,2,0,dirichlet_a0.1,44,sparse_coordinate_attack,sign_consensus,B_iid_transfer_frozen,0.5656118467693558
0,0.10320334881544113,2.2299797534942627,2.4392193029634655,0,,,,,dirichlet_a0.1,44,sparse_coordinate_attack,median,not_applicable,
1,0.10320334881544113,2.353501558303833,2.431270633940585,0,,,,,dirichlet_a0.1,44,sparse_coordinate_attack,median,not_applicable,
2,0.1717270165681839,2.387763261795044,2.455770104075782,1,,,,,dirichlet_a0.1,44,sparse_coordinate_attack,median,not_applicable,
3,0.1717270165681839,2.525864601135254,2.44672469899524,1,,,,,dirichlet_a0.1,44,sparse_coordinate_attack,median,not_applicable,
4,0.1717270165681839,2.585406541824341,2.462943426100537,1,,,,,dirichlet_a0.1,44,sparse_coordinate_attack,median,not_applicable,
5,0.1717270165681839,2.601149082183838,2.448449033079669,1,,,,,dirichlet_a0.1,44,sparse_coordinate_attack,median,not_applicable,
0,0.10320334881544113,2.2721307277679443,2.441812864970416,0,,,,,dirichlet_a0.1,44,sparse_coordinate_attack,multi_krum,not_applicable,
1,0.10320334881544113,2.5220580101013184,2.444169407011941,0,,,,,dirichlet_a0.1,44,sparse_coordinate_attack,multi_krum,not_applicable,
2,0.1717270165681839,2.3485467433929443,2.4721528999507427,1,,,,,dirichlet_a0.1,44,sparse_coordinate_attack,multi_krum,not_applicable,
3,0.1717270165681839,2.3032636642456055,2.477261704974808,1,,,,,dirichlet_a0.1,44,sparse_coordinate_attack,multi_krum,not_applicable,
4,0.1717270165681839,2.2570204734802246,2.5506634949706495,1,,,,,dirichlet_a0.1,44,sparse_coordinate_attack,multi_krum,not_applicable,
5,0.1717270165681839,2.2942352294921875,2.4335974170826375,1,,,,,dirichlet_a0.1,44,sparse_coordinate_attack,multi_krum,not_applicable,
